# Original field candidate; centimeters +X forward +Z up
mtllib FieldPalette.mtl
o SM_ElectricalFieldCandidate
usemtl M_ElectricalFieldCandidate
v 0.000000000 100.000000000 0.000000000
v -0.400000000 99.600000000 0.000000000
v -0.000000000 99.200000000 0.000000000
v 0.400000000 99.600000000 0.000000000
v 0.000000000 99.518472667 9.801714033
v -0.400000000 99.120398777 9.762507177
v -0.000000000 98.722324886 9.723300321
v 0.400000000 99.120398777 9.762507177
v 0.000000000 98.078528040 19.509032202
v -0.400000000 97.686213928 19.430996073
v -0.000000000 97.293899816 19.352959944
v 0.400000000 97.686213928 19.430996073
v 0.000000000 95.694033573 29.028467725
v -0.400000000 95.311257439 28.912353855
v -0.000000000 94.928481305 28.796239984
v 0.400000000 95.311257439 28.912353855
v 0.000000000 92.387953251 38.268343237
v -0.400000000 92.018401438 38.115269864
v -0.000000000 91.648849625 37.962196491
v 0.400000000 92.018401438 38.115269864
v 0.000000000 88.192126435 47.139673683
v -0.400000000 87.839357929 46.951114988
v -0.000000000 87.486589423 46.762556293
v 0.400000000 87.839357929 46.951114988
v 0.000000000 83.146961230 55.557023302
v -0.400000000 82.814373385 55.334795209
v -0.000000000 82.481785540 55.112567116
v 0.400000000 82.814373385 55.334795209
v 0.000000000 77.301045336 63.439328416
v -0.400000000 76.991841155 63.185571103
v -0.000000000 76.682636974 62.931813789
v 0.400000000 76.991841155 63.185571103
v 0.000000000 70.710678119 70.710678119
v -0.400000000 70.427835406 70.427835406
v -0.000000000 70.144992694 70.144992694
v 0.400000000 70.427835406 70.427835406
v 0.000000000 63.439328416 77.301045336
v -0.400000000 63.185571103 76.991841155
v -0.000000000 62.931813789 76.682636974
v 0.400000000 63.185571103 76.991841155
v 0.000000000 55.557023302 83.146961230
v -0.400000000 55.334795209 82.814373385
v -0.000000000 55.112567116 82.481785540
v 0.400000000 55.334795209 82.814373385
v 0.000000000 47.139673683 88.192126435
v -0.400000000 46.951114988 87.839357929
v -0.000000000 46.762556293 87.486589423
v 0.400000000 46.951114988 87.839357929
v 0.000000000 38.268343237 92.387953251
v -0.400000000 38.115269864 92.018401438
v -0.000000000 37.962196491 91.648849625
v 0.400000000 38.115269864 92.018401438
v 0.000000000 29.028467725 95.694033573
v -0.400000000 28.912353855 95.311257439
v -0.000000000 28.796239984 94.928481305
v 0.400000000 28.912353855 95.311257439
v 0.000000000 19.509032202 98.078528040
v -0.400000000 19.430996073 97.686213928
v -0.000000000 19.352959944 97.293899816
v 0.400000000 19.430996073 97.686213928
v 0.000000000 9.801714033 99.518472667
v -0.400000000 9.762507177 99.120398777
v -0.000000000 9.723300321 98.722324886
v 0.400000000 9.762507177 99.120398777
v 0.000000000 0.000000000 100.000000000
v -0.400000000 0.000000000 99.600000000
v -0.000000000 0.000000000 99.200000000
v 0.400000000 0.000000000 99.600000000
v 0.000000000 -9.801714033 99.518472667
v -0.400000000 -9.762507177 99.120398777
v -0.000000000 -9.723300321 98.722324886
v 0.400000000 -9.762507177 99.120398777
v 0.000000000 -19.509032202 98.078528040
v -0.400000000 -19.430996073 97.686213928
v -0.000000000 -19.352959944 97.293899816
v 0.400000000 -19.430996073 97.686213928
v 0.000000000 -29.028467725 95.694033573
v -0.400000000 -28.912353855 95.311257439
v -0.000000000 -28.796239984 94.928481305
v 0.400000000 -28.912353855 95.311257439
v 0.000000000 -38.268343237 92.387953251
v -0.400000000 -38.115269864 92.018401438
v -0.000000000 -37.962196491 91.648849625
v 0.400000000 -38.115269864 92.018401438
v 0.000000000 -47.139673683 88.192126435
v -0.400000000 -46.951114988 87.839357929
v -0.000000000 -46.762556293 87.486589423
v 0.400000000 -46.951114988 87.839357929
v 0.000000000 -55.557023302 83.146961230
v -0.400000000 -55.334795209 82.814373385
v -0.000000000 -55.112567116 82.481785540
v 0.400000000 -55.334795209 82.814373385
v 0.000000000 -63.439328416 77.301045336
v -0.400000000 -63.185571103 76.991841155
v -0.000000000 -62.931813789 76.682636974
v 0.400000000 -63.185571103 76.991841155
v 0.000000000 -70.710678119 70.710678119
v -0.400000000 -70.427835406 70.427835406
v -0.000000000 -70.144992694 70.144992694
v 0.400000000 -70.427835406 70.427835406
v 0.000000000 -77.301045336 63.439328416
v -0.400000000 -76.991841155 63.185571103
v -0.000000000 -76.682636974 62.931813789
v 0.400000000 -76.991841155 63.185571103
v 0.000000000 -83.146961230 55.557023302
v -0.400000000 -82.814373385 55.334795209
v -0.000000000 -82.481785540 55.112567116
v 0.400000000 -82.814373385 55.334795209
v 0.000000000 -88.192126435 47.139673683
v -0.400000000 -87.839357929 46.951114988
v -0.000000000 -87.486589423 46.762556293
v 0.400000000 -87.839357929 46.951114988
v 0.000000000 -92.387953251 38.268343237
v -0.400000000 -92.018401438 38.115269864
v -0.000000000 -91.648849625 37.962196491
v 0.400000000 -92.018401438 38.115269864
v 0.000000000 -95.694033573 29.028467725
v -0.400000000 -95.311257439 28.912353855
v -0.000000000 -94.928481305 28.796239984
v 0.400000000 -95.311257439 28.912353855
v 0.000000000 -98.078528040 19.509032202
v -0.400000000 -97.686213928 19.430996073
v -0.000000000 -97.293899816 19.352959944
v 0.400000000 -97.686213928 19.430996073
v 0.000000000 -99.518472667 9.801714033
v -0.400000000 -99.120398777 9.762507177
v -0.000000000 -98.722324886 9.723300321
v 0.400000000 -99.120398777 9.762507177
v 0.000000000 -100.000000000 0.000000000
v -0.400000000 -99.600000000 0.000000000
v -0.000000000 -99.200000000 0.000000000
v 0.400000000 -99.600000000 0.000000000
v 0.000000000 -99.518472667 -9.801714033
v -0.400000000 -99.120398777 -9.762507177
v -0.000000000 -98.722324886 -9.723300321
v 0.400000000 -99.120398777 -9.762507177
v 0.000000000 -98.078528040 -19.509032202
v -0.400000000 -97.686213928 -19.430996073
v -0.000000000 -97.293899816 -19.352959944
v 0.400000000 -97.686213928 -19.430996073
v 0.000000000 -95.694033573 -29.028467725
v -0.400000000 -95.311257439 -28.912353855
v -0.000000000 -94.928481305 -28.796239984
v 0.400000000 -95.311257439 -28.912353855
v 0.000000000 -92.387953251 -38.268343237
v -0.400000000 -92.018401438 -38.115269864
v -0.000000000 -91.648849625 -37.962196491
v 0.400000000 -92.018401438 -38.115269864
v 0.000000000 -88.192126435 -47.139673683
v -0.400000000 -87.839357929 -46.951114988
v -0.000000000 -87.486589423 -46.762556293
v 0.400000000 -87.839357929 -46.951114988
v 0.000000000 -83.146961230 -55.557023302
v -0.400000000 -82.814373385 -55.334795209
v -0.000000000 -82.481785540 -55.112567116
v 0.400000000 -82.814373385 -55.334795209
v 0.000000000 -77.301045336 -63.439328416
v -0.400000000 -76.991841155 -63.185571103
v -0.000000000 -76.682636974 -62.931813789
v 0.400000000 -76.991841155 -63.185571103
v 0.000000000 -70.710678119 -70.710678119
v -0.400000000 -70.427835406 -70.427835406
v -0.000000000 -70.144992694 -70.144992694
v 0.400000000 -70.427835406 -70.427835406
v 0.000000000 -63.439328416 -77.301045336
v -0.400000000 -63.185571103 -76.991841155
v -0.000000000 -62.931813789 -76.682636974
v 0.400000000 -63.185571103 -76.991841155
v 0.000000000 -55.557023302 -83.146961230
v -0.400000000 -55.334795209 -82.814373385
v -0.000000000 -55.112567116 -82.481785540
v 0.400000000 -55.334795209 -82.814373385
v 0.000000000 -47.139673683 -88.192126435
v -0.400000000 -46.951114988 -87.839357929
v -0.000000000 -46.762556293 -87.486589423
v 0.400000000 -46.951114988 -87.839357929
v 0.000000000 -38.268343237 -92.387953251
v -0.400000000 -38.115269864 -92.018401438
v -0.000000000 -37.962196491 -91.648849625
v 0.400000000 -38.115269864 -92.018401438
v 0.000000000 -29.028467725 -95.694033573
v -0.400000000 -28.912353855 -95.311257439
v -0.000000000 -28.796239984 -94.928481305
v 0.400000000 -28.912353855 -95.311257439
v 0.000000000 -19.509032202 -98.078528040
v -0.400000000 -19.430996073 -97.686213928
v -0.000000000 -19.352959944 -97.293899816
v 0.400000000 -19.430996073 -97.686213928
v 0.000000000 -9.801714033 -99.518472667
v -0.400000000 -9.762507177 -99.120398777
v -0.000000000 -9.723300321 -98.722324886
v 0.400000000 -9.762507177 -99.120398777
v 0.000000000 -0.000000000 -100.000000000
v -0.400000000 -0.000000000 -99.600000000
v -0.000000000 -0.000000000 -99.200000000
v 0.400000000 -0.000000000 -99.600000000
v 0.000000000 9.801714033 -99.518472667
v -0.400000000 9.762507177 -99.120398777
v -0.000000000 9.723300321 -98.722324886
v 0.400000000 9.762507177 -99.120398777
v 0.000000000 19.509032202 -98.078528040
v -0.400000000 19.430996073 -97.686213928
v -0.000000000 19.352959944 -97.293899816
v 0.400000000 19.430996073 -97.686213928
v 0.000000000 29.028467725 -95.694033573
v -0.400000000 28.912353855 -95.311257439
v -0.000000000 28.796239984 -94.928481305
v 0.400000000 28.912353855 -95.311257439
v 0.000000000 38.268343237 -92.387953251
v -0.400000000 38.115269864 -92.018401438
v -0.000000000 37.962196491 -91.648849625
v 0.400000000 38.115269864 -92.018401438
v 0.000000000 47.139673683 -88.192126435
v -0.400000000 46.951114988 -87.839357929
v -0.000000000 46.762556293 -87.486589423
v 0.400000000 46.951114988 -87.839357929
v 0.000000000 55.557023302 -83.146961230
v -0.400000000 55.334795209 -82.814373385
v -0.000000000 55.112567116 -82.481785540
v 0.400000000 55.334795209 -82.814373385
v 0.000000000 63.439328416 -77.301045336
v -0.400000000 63.185571103 -76.991841155
v -0.000000000 62.931813789 -76.682636974
v 0.400000000 63.185571103 -76.991841155
v 0.000000000 70.710678119 -70.710678119
v -0.400000000 70.427835406 -70.427835406
v -0.000000000 70.144992694 -70.144992694
v 0.400000000 70.427835406 -70.427835406
v 0.000000000 77.301045336 -63.439328416
v -0.400000000 76.991841155 -63.185571103
v -0.000000000 76.682636974 -62.931813789
v 0.400000000 76.991841155 -63.185571103
v 0.000000000 83.146961230 -55.557023302
v -0.400000000 82.814373385 -55.334795209
v -0.000000000 82.481785540 -55.112567116
v 0.400000000 82.814373385 -55.334795209
v 0.000000000 88.192126435 -47.139673683
v -0.400000000 87.839357929 -46.951114988
v -0.000000000 87.486589423 -46.762556293
v 0.400000000 87.839357929 -46.951114988
v 0.000000000 92.387953251 -38.268343237
v -0.400000000 92.018401438 -38.115269864
v -0.000000000 91.648849625 -37.962196491
v 0.400000000 92.018401438 -38.115269864
v 0.000000000 95.694033573 -29.028467725
v -0.400000000 95.311257439 -28.912353855
v -0.000000000 94.928481305 -28.796239984
v 0.400000000 95.311257439 -28.912353855
v 0.000000000 98.078528040 -19.509032202
v -0.400000000 97.686213928 -19.430996073
v -0.000000000 97.293899816 -19.352959944
v 0.400000000 97.686213928 -19.430996073
v 0.000000000 99.518472667 -9.801714033
v -0.400000000 99.120398777 -9.762507177
v -0.000000000 98.722324886 -9.723300321
v 0.400000000 99.120398777 -9.762507177
v 0.000000000 100.000000000 -0.000000000
v -0.400000000 99.600000000 -0.000000000
v -0.000000000 99.200000000 -0.000000000
v 0.400000000 99.600000000 -0.000000000
v 0.000000000 0.000000000 100.000000000
v 0.000000000 -0.400000000 99.600000000
v 0.000000000 -0.000000000 99.200000000
v 0.000000000 0.400000000 99.600000000
v 9.801714033 0.000000000 99.518472667
v 9.762507177 -0.400000000 99.120398777
v 9.723300321 -0.000000000 98.722324886
v 9.762507177 0.400000000 99.120398777
v 19.509032202 0.000000000 98.078528040
v 19.430996073 -0.400000000 97.686213928
v 19.352959944 -0.000000000 97.293899816
v 19.430996073 0.400000000 97.686213928
v 29.028467725 0.000000000 95.694033573
v 28.912353855 -0.400000000 95.311257439
v 28.796239984 -0.000000000 94.928481305
v 28.912353855 0.400000000 95.311257439
v 38.268343237 0.000000000 92.387953251
v 38.115269864 -0.400000000 92.018401438
v 37.962196491 -0.000000000 91.648849625
v 38.115269864 0.400000000 92.018401438
v 47.139673683 0.000000000 88.192126435
v 46.951114988 -0.400000000 87.839357929
v 46.762556293 -0.000000000 87.486589423
v 46.951114988 0.400000000 87.839357929
v 55.557023302 0.000000000 83.146961230
v 55.334795209 -0.400000000 82.814373385
v 55.112567116 -0.000000000 82.481785540
v 55.334795209 0.400000000 82.814373385
v 63.439328416 0.000000000 77.301045336
v 63.185571103 -0.400000000 76.991841155
v 62.931813789 -0.000000000 76.682636974
v 63.185571103 0.400000000 76.991841155
v 70.710678119 0.000000000 70.710678119
v 70.427835406 -0.400000000 70.427835406
v 70.144992694 -0.000000000 70.144992694
v 70.427835406 0.400000000 70.427835406
v 77.301045336 0.000000000 63.439328416
v 76.991841155 -0.400000000 63.185571103
v 76.682636974 -0.000000000 62.931813789
v 76.991841155 0.400000000 63.185571103
v 83.146961230 0.000000000 55.557023302
v 82.814373385 -0.400000000 55.334795209
v 82.481785540 -0.000000000 55.112567116
v 82.814373385 0.400000000 55.334795209
v 88.192126435 0.000000000 47.139673683
v 87.839357929 -0.400000000 46.951114988
v 87.486589423 -0.000000000 46.762556293
v 87.839357929 0.400000000 46.951114988
v 92.387953251 0.000000000 38.268343237
v 92.018401438 -0.400000000 38.115269864
v 91.648849625 -0.000000000 37.962196491
v 92.018401438 0.400000000 38.115269864
v 95.694033573 0.000000000 29.028467725
v 95.311257439 -0.400000000 28.912353855
v 94.928481305 -0.000000000 28.796239984
v 95.311257439 0.400000000 28.912353855
v 98.078528040 0.000000000 19.509032202
v 97.686213928 -0.400000000 19.430996073
v 97.293899816 -0.000000000 19.352959944
v 97.686213928 0.400000000 19.430996073
v 99.518472667 0.000000000 9.801714033
v 99.120398777 -0.400000000 9.762507177
v 98.722324886 -0.000000000 9.723300321
v 99.120398777 0.400000000 9.762507177
v 100.000000000 0.000000000 0.000000000
v 99.600000000 -0.400000000 0.000000000
v 99.200000000 -0.000000000 0.000000000
v 99.600000000 0.400000000 0.000000000
v 99.518472667 0.000000000 -9.801714033
v 99.120398777 -0.400000000 -9.762507177
v 98.722324886 -0.000000000 -9.723300321
v 99.120398777 0.400000000 -9.762507177
v 98.078528040 0.000000000 -19.509032202
v 97.686213928 -0.400000000 -19.430996073
v 97.293899816 -0.000000000 -19.352959944
v 97.686213928 0.400000000 -19.430996073
v 95.694033573 0.000000000 -29.028467725
v 95.311257439 -0.400000000 -28.912353855
v 94.928481305 -0.000000000 -28.796239984
v 95.311257439 0.400000000 -28.912353855
v 92.387953251 0.000000000 -38.268343237
v 92.018401438 -0.400000000 -38.115269864
v 91.648849625 -0.000000000 -37.962196491
v 92.018401438 0.400000000 -38.115269864
v 88.192126435 0.000000000 -47.139673683
v 87.839357929 -0.400000000 -46.951114988
v 87.486589423 -0.000000000 -46.762556293
v 87.839357929 0.400000000 -46.951114988
v 83.146961230 0.000000000 -55.557023302
v 82.814373385 -0.400000000 -55.334795209
v 82.481785540 -0.000000000 -55.112567116
v 82.814373385 0.400000000 -55.334795209
v 77.301045336 0.000000000 -63.439328416
v 76.991841155 -0.400000000 -63.185571103
v 76.682636974 -0.000000000 -62.931813789
v 76.991841155 0.400000000 -63.185571103
v 70.710678119 0.000000000 -70.710678119
v 70.427835406 -0.400000000 -70.427835406
v 70.144992694 -0.000000000 -70.144992694
v 70.427835406 0.400000000 -70.427835406
v 63.439328416 0.000000000 -77.301045336
v 63.185571103 -0.400000000 -76.991841155
v 62.931813789 -0.000000000 -76.682636974
v 63.185571103 0.400000000 -76.991841155
v 55.557023302 0.000000000 -83.146961230
v 55.334795209 -0.400000000 -82.814373385
v 55.112567116 -0.000000000 -82.481785540
v 55.334795209 0.400000000 -82.814373385
v 47.139673683 0.000000000 -88.192126435
v 46.951114988 -0.400000000 -87.839357929
v 46.762556293 -0.000000000 -87.486589423
v 46.951114988 0.400000000 -87.839357929
v 38.268343237 0.000000000 -92.387953251
v 38.115269864 -0.400000000 -92.018401438
v 37.962196491 -0.000000000 -91.648849625
v 38.115269864 0.400000000 -92.018401438
v 29.028467725 0.000000000 -95.694033573
v 28.912353855 -0.400000000 -95.311257439
v 28.796239984 -0.000000000 -94.928481305
v 28.912353855 0.400000000 -95.311257439
v 19.509032202 0.000000000 -98.078528040
v 19.430996073 -0.400000000 -97.686213928
v 19.352959944 -0.000000000 -97.293899816
v 19.430996073 0.400000000 -97.686213928
v 9.801714033 0.000000000 -99.518472667
v 9.762507177 -0.400000000 -99.120398777
v 9.723300321 -0.000000000 -98.722324886
v 9.762507177 0.400000000 -99.120398777
v 0.000000000 0.000000000 -100.000000000
v 0.000000000 -0.400000000 -99.600000000
v 0.000000000 -0.000000000 -99.200000000
v 0.000000000 0.400000000 -99.600000000
v -9.801714033 0.000000000 -99.518472667
v -9.762507177 -0.400000000 -99.120398777
v -9.723300321 -0.000000000 -98.722324886
v -9.762507177 0.400000000 -99.120398777
v -19.509032202 0.000000000 -98.078528040
v -19.430996073 -0.400000000 -97.686213928
v -19.352959944 -0.000000000 -97.293899816
v -19.430996073 0.400000000 -97.686213928
v -29.028467725 0.000000000 -95.694033573
v -28.912353855 -0.400000000 -95.311257439
v -28.796239984 -0.000000000 -94.928481305
v -28.912353855 0.400000000 -95.311257439
v -38.268343237 0.000000000 -92.387953251
v -38.115269864 -0.400000000 -92.018401438
v -37.962196491 -0.000000000 -91.648849625
v -38.115269864 0.400000000 -92.018401438
v -47.139673683 0.000000000 -88.192126435
v -46.951114988 -0.400000000 -87.839357929
v -46.762556293 -0.000000000 -87.486589423
v -46.951114988 0.400000000 -87.839357929
v -55.557023302 0.000000000 -83.146961230
v -55.334795209 -0.400000000 -82.814373385
v -55.112567116 -0.000000000 -82.481785540
v -55.334795209 0.400000000 -82.814373385
v -63.439328416 0.000000000 -77.301045336
v -63.185571103 -0.400000000 -76.991841155
v -62.931813789 -0.000000000 -76.682636974
v -63.185571103 0.400000000 -76.991841155
v -70.710678119 0.000000000 -70.710678119
v -70.427835406 -0.400000000 -70.427835406
v -70.144992694 -0.000000000 -70.144992694
v -70.427835406 0.400000000 -70.427835406
v -77.301045336 0.000000000 -63.439328416
v -76.991841155 -0.400000000 -63.185571103
v -76.682636974 -0.000000000 -62.931813789
v -76.991841155 0.400000000 -63.185571103
v -83.146961230 0.000000000 -55.557023302
v -82.814373385 -0.400000000 -55.334795209
v -82.481785540 -0.000000000 -55.112567116
v -82.814373385 0.400000000 -55.334795209
v -88.192126435 0.000000000 -47.139673683
v -87.839357929 -0.400000000 -46.951114988
v -87.486589423 -0.000000000 -46.762556293
v -87.839357929 0.400000000 -46.951114988
v -92.387953251 0.000000000 -38.268343237
v -92.018401438 -0.400000000 -38.115269864
v -91.648849625 -0.000000000 -37.962196491
v -92.018401438 0.400000000 -38.115269864
v -95.694033573 0.000000000 -29.028467725
v -95.311257439 -0.400000000 -28.912353855
v -94.928481305 -0.000000000 -28.796239984
v -95.311257439 0.400000000 -28.912353855
v -98.078528040 0.000000000 -19.509032202
v -97.686213928 -0.400000000 -19.430996073
v -97.293899816 -0.000000000 -19.352959944
v -97.686213928 0.400000000 -19.430996073
v -99.518472667 0.000000000 -9.801714033
v -99.120398777 -0.400000000 -9.762507177
v -98.722324886 -0.000000000 -9.723300321
v -99.120398777 0.400000000 -9.762507177
v -100.000000000 0.000000000 -0.000000000
v -99.600000000 -0.400000000 -0.000000000
v -99.200000000 -0.000000000 -0.000000000
v -99.600000000 0.400000000 -0.000000000
v -99.518472667 0.000000000 9.801714033
v -99.120398777 -0.400000000 9.762507177
v -98.722324886 -0.000000000 9.723300321
v -99.120398777 0.400000000 9.762507177
v -98.078528040 0.000000000 19.509032202
v -97.686213928 -0.400000000 19.430996073
v -97.293899816 -0.000000000 19.352959944
v -97.686213928 0.400000000 19.430996073
v -95.694033573 0.000000000 29.028467725
v -95.311257439 -0.400000000 28.912353855
v -94.928481305 -0.000000000 28.796239984
v -95.311257439 0.400000000 28.912353855
v -92.387953251 0.000000000 38.268343237
v -92.018401438 -0.400000000 38.115269864
v -91.648849625 -0.000000000 37.962196491
v -92.018401438 0.400000000 38.115269864
v -88.192126435 0.000000000 47.139673683
v -87.839357929 -0.400000000 46.951114988
v -87.486589423 -0.000000000 46.762556293
v -87.839357929 0.400000000 46.951114988
v -83.146961230 0.000000000 55.557023302
v -82.814373385 -0.400000000 55.334795209
v -82.481785540 -0.000000000 55.112567116
v -82.814373385 0.400000000 55.334795209
v -77.301045336 0.000000000 63.439328416
v -76.991841155 -0.400000000 63.185571103
v -76.682636974 -0.000000000 62.931813789
v -76.991841155 0.400000000 63.185571103
v -70.710678119 0.000000000 70.710678119
v -70.427835406 -0.400000000 70.427835406
v -70.144992694 -0.000000000 70.144992694
v -70.427835406 0.400000000 70.427835406
v -63.439328416 0.000000000 77.301045336
v -63.185571103 -0.400000000 76.991841155
v -62.931813789 -0.000000000 76.682636974
v -63.185571103 0.400000000 76.991841155
v -55.557023302 0.000000000 83.146961230
v -55.334795209 -0.400000000 82.814373385
v -55.112567116 -0.000000000 82.481785540
v -55.334795209 0.400000000 82.814373385
v -47.139673683 0.000000000 88.192126435
v -46.951114988 -0.400000000 87.839357929
v -46.762556293 -0.000000000 87.486589423
v -46.951114988 0.400000000 87.839357929
v -38.268343237 0.000000000 92.387953251
v -38.115269864 -0.400000000 92.018401438
v -37.962196491 -0.000000000 91.648849625
v -38.115269864 0.400000000 92.018401438
v -29.028467725 0.000000000 95.694033573
v -28.912353855 -0.400000000 95.311257439
v -28.796239984 -0.000000000 94.928481305
v -28.912353855 0.400000000 95.311257439
v -19.509032202 0.000000000 98.078528040
v -19.430996073 -0.400000000 97.686213928
v -19.352959944 -0.000000000 97.293899816
v -19.430996073 0.400000000 97.686213928
v -9.801714033 0.000000000 99.518472667
v -9.762507177 -0.400000000 99.120398777
v -9.723300321 -0.000000000 98.722324886
v -9.762507177 0.400000000 99.120398777
v -0.000000000 0.000000000 100.000000000
v -0.000000000 -0.400000000 99.600000000
v -0.000000000 -0.000000000 99.200000000
v -0.000000000 0.400000000 99.600000000
v 100.000000000 0.000000000 0.000000000
v 99.600000000 0.000000000 -0.400000000
v 99.200000000 0.000000000 -0.000000000
v 99.600000000 0.000000000 0.400000000
v 99.518472667 9.801714033 0.000000000
v 99.120398777 9.762507177 -0.400000000
v 98.722324886 9.723300321 -0.000000000
v 99.120398777 9.762507177 0.400000000
v 98.078528040 19.509032202 0.000000000
v 97.686213928 19.430996073 -0.400000000
v 97.293899816 19.352959944 -0.000000000
v 97.686213928 19.430996073 0.400000000
v 95.694033573 29.028467725 0.000000000
v 95.311257439 28.912353855 -0.400000000
v 94.928481305 28.796239984 -0.000000000
v 95.311257439 28.912353855 0.400000000
v 92.387953251 38.268343237 0.000000000
v 92.018401438 38.115269864 -0.400000000
v 91.648849625 37.962196491 -0.000000000
v 92.018401438 38.115269864 0.400000000
v 88.192126435 47.139673683 0.000000000
v 87.839357929 46.951114988 -0.400000000
v 87.486589423 46.762556293 -0.000000000
v 87.839357929 46.951114988 0.400000000
v 83.146961230 55.557023302 0.000000000
v 82.814373385 55.334795209 -0.400000000
v 82.481785540 55.112567116 -0.000000000
v 82.814373385 55.334795209 0.400000000
v 77.301045336 63.439328416 0.000000000
v 76.991841155 63.185571103 -0.400000000
v 76.682636974 62.931813789 -0.000000000
v 76.991841155 63.185571103 0.400000000
v 70.710678119 70.710678119 0.000000000
v 70.427835406 70.427835406 -0.400000000
v 70.144992694 70.144992694 -0.000000000
v 70.427835406 70.427835406 0.400000000
v 63.439328416 77.301045336 0.000000000
v 63.185571103 76.991841155 -0.400000000
v 62.931813789 76.682636974 -0.000000000
v 63.185571103 76.991841155 0.400000000
v 55.557023302 83.146961230 0.000000000
v 55.334795209 82.814373385 -0.400000000
v 55.112567116 82.481785540 -0.000000000
v 55.334795209 82.814373385 0.400000000
v 47.139673683 88.192126435 0.000000000
v 46.951114988 87.839357929 -0.400000000
v 46.762556293 87.486589423 -0.000000000
v 46.951114988 87.839357929 0.400000000
v 38.268343237 92.387953251 0.000000000
v 38.115269864 92.018401438 -0.400000000
v 37.962196491 91.648849625 -0.000000000
v 38.115269864 92.018401438 0.400000000
v 29.028467725 95.694033573 0.000000000
v 28.912353855 95.311257439 -0.400000000
v 28.796239984 94.928481305 -0.000000000
v 28.912353855 95.311257439 0.400000000
v 19.509032202 98.078528040 0.000000000
v 19.430996073 97.686213928 -0.400000000
v 19.352959944 97.293899816 -0.000000000
v 19.430996073 97.686213928 0.400000000
v 9.801714033 99.518472667 0.000000000
v 9.762507177 99.120398777 -0.400000000
v 9.723300321 98.722324886 -0.000000000
v 9.762507177 99.120398777 0.400000000
v 0.000000000 100.000000000 0.000000000
v 0.000000000 99.600000000 -0.400000000
v 0.000000000 99.200000000 -0.000000000
v 0.000000000 99.600000000 0.400000000
v -9.801714033 99.518472667 0.000000000
v -9.762507177 99.120398777 -0.400000000
v -9.723300321 98.722324886 -0.000000000
v -9.762507177 99.120398777 0.400000000
v -19.509032202 98.078528040 0.000000000
v -19.430996073 97.686213928 -0.400000000
v -19.352959944 97.293899816 -0.000000000
v -19.430996073 97.686213928 0.400000000
v -29.028467725 95.694033573 0.000000000
v -28.912353855 95.311257439 -0.400000000
v -28.796239984 94.928481305 -0.000000000
v -28.912353855 95.311257439 0.400000000
v -38.268343237 92.387953251 0.000000000
v -38.115269864 92.018401438 -0.400000000
v -37.962196491 91.648849625 -0.000000000
v -38.115269864 92.018401438 0.400000000
v -47.139673683 88.192126435 0.000000000
v -46.951114988 87.839357929 -0.400000000
v -46.762556293 87.486589423 -0.000000000
v -46.951114988 87.839357929 0.400000000
v -55.557023302 83.146961230 0.000000000
v -55.334795209 82.814373385 -0.400000000
v -55.112567116 82.481785540 -0.000000000
v -55.334795209 82.814373385 0.400000000
v -63.439328416 77.301045336 0.000000000
v -63.185571103 76.991841155 -0.400000000
v -62.931813789 76.682636974 -0.000000000
v -63.185571103 76.991841155 0.400000000
v -70.710678119 70.710678119 0.000000000
v -70.427835406 70.427835406 -0.400000000
v -70.144992694 70.144992694 -0.000000000
v -70.427835406 70.427835406 0.400000000
v -77.301045336 63.439328416 0.000000000
v -76.991841155 63.185571103 -0.400000000
v -76.682636974 62.931813789 -0.000000000
v -76.991841155 63.185571103 0.400000000
v -83.146961230 55.557023302 0.000000000
v -82.814373385 55.334795209 -0.400000000
v -82.481785540 55.112567116 -0.000000000
v -82.814373385 55.334795209 0.400000000
v -88.192126435 47.139673683 0.000000000
v -87.839357929 46.951114988 -0.400000000
v -87.486589423 46.762556293 -0.000000000
v -87.839357929 46.951114988 0.400000000
v -92.387953251 38.268343237 0.000000000
v -92.018401438 38.115269864 -0.400000000
v -91.648849625 37.962196491 -0.000000000
v -92.018401438 38.115269864 0.400000000
v -95.694033573 29.028467725 0.000000000
v -95.311257439 28.912353855 -0.400000000
v -94.928481305 28.796239984 -0.000000000
v -95.311257439 28.912353855 0.400000000
v -98.078528040 19.509032202 0.000000000
v -97.686213928 19.430996073 -0.400000000
v -97.293899816 19.352959944 -0.000000000
v -97.686213928 19.430996073 0.400000000
v -99.518472667 9.801714033 0.000000000
v -99.120398777 9.762507177 -0.400000000
v -98.722324886 9.723300321 -0.000000000
v -99.120398777 9.762507177 0.400000000
v -100.000000000 0.000000000 0.000000000
v -99.600000000 0.000000000 -0.400000000
v -99.200000000 0.000000000 -0.000000000
v -99.600000000 0.000000000 0.400000000
v -99.518472667 -9.801714033 0.000000000
v -99.120398777 -9.762507177 -0.400000000
v -98.722324886 -9.723300321 -0.000000000
v -99.120398777 -9.762507177 0.400000000
v -98.078528040 -19.509032202 0.000000000
v -97.686213928 -19.430996073 -0.400000000
v -97.293899816 -19.352959944 -0.000000000
v -97.686213928 -19.430996073 0.400000000
v -95.694033573 -29.028467725 0.000000000
v -95.311257439 -28.912353855 -0.400000000
v -94.928481305 -28.796239984 -0.000000000
v -95.311257439 -28.912353855 0.400000000
v -92.387953251 -38.268343237 0.000000000
v -92.018401438 -38.115269864 -0.400000000
v -91.648849625 -37.962196491 -0.000000000
v -92.018401438 -38.115269864 0.400000000
v -88.192126435 -47.139673683 0.000000000
v -87.839357929 -46.951114988 -0.400000000
v -87.486589423 -46.762556293 -0.000000000
v -87.839357929 -46.951114988 0.400000000
v -83.146961230 -55.557023302 0.000000000
v -82.814373385 -55.334795209 -0.400000000
v -82.481785540 -55.112567116 -0.000000000
v -82.814373385 -55.334795209 0.400000000
v -77.301045336 -63.439328416 0.000000000
v -76.991841155 -63.185571103 -0.400000000
v -76.682636974 -62.931813789 -0.000000000
v -76.991841155 -63.185571103 0.400000000
v -70.710678119 -70.710678119 0.000000000
v -70.427835406 -70.427835406 -0.400000000
v -70.144992694 -70.144992694 -0.000000000
v -70.427835406 -70.427835406 0.400000000
v -63.439328416 -77.301045336 0.000000000
v -63.185571103 -76.991841155 -0.400000000
v -62.931813789 -76.682636974 -0.000000000
v -63.185571103 -76.991841155 0.400000000
v -55.557023302 -83.146961230 0.000000000
v -55.334795209 -82.814373385 -0.400000000
v -55.112567116 -82.481785540 -0.000000000
v -55.334795209 -82.814373385 0.400000000
v -47.139673683 -88.192126435 0.000000000
v -46.951114988 -87.839357929 -0.400000000
v -46.762556293 -87.486589423 -0.000000000
v -46.951114988 -87.839357929 0.400000000
v -38.268343237 -92.387953251 0.000000000
v -38.115269864 -92.018401438 -0.400000000
v -37.962196491 -91.648849625 -0.000000000
v -38.115269864 -92.018401438 0.400000000
v -29.028467725 -95.694033573 0.000000000
v -28.912353855 -95.311257439 -0.400000000
v -28.796239984 -94.928481305 -0.000000000
v -28.912353855 -95.311257439 0.400000000
v -19.509032202 -98.078528040 0.000000000
v -19.430996073 -97.686213928 -0.400000000
v -19.352959944 -97.293899816 -0.000000000
v -19.430996073 -97.686213928 0.400000000
v -9.801714033 -99.518472667 0.000000000
v -9.762507177 -99.120398777 -0.400000000
v -9.723300321 -98.722324886 -0.000000000
v -9.762507177 -99.120398777 0.400000000
v -0.000000000 -100.000000000 0.000000000
v -0.000000000 -99.600000000 -0.400000000
v -0.000000000 -99.200000000 -0.000000000
v -0.000000000 -99.600000000 0.400000000
v 9.801714033 -99.518472667 0.000000000
v 9.762507177 -99.120398777 -0.400000000
v 9.723300321 -98.722324886 -0.000000000
v 9.762507177 -99.120398777 0.400000000
v 19.509032202 -98.078528040 0.000000000
v 19.430996073 -97.686213928 -0.400000000
v 19.352959944 -97.293899816 -0.000000000
v 19.430996073 -97.686213928 0.400000000
v 29.028467725 -95.694033573 0.000000000
v 28.912353855 -95.311257439 -0.400000000
v 28.796239984 -94.928481305 -0.000000000
v 28.912353855 -95.311257439 0.400000000
v 38.268343237 -92.387953251 0.000000000
v 38.115269864 -92.018401438 -0.400000000
v 37.962196491 -91.648849625 -0.000000000
v 38.115269864 -92.018401438 0.400000000
v 47.139673683 -88.192126435 0.000000000
v 46.951114988 -87.839357929 -0.400000000
v 46.762556293 -87.486589423 -0.000000000
v 46.951114988 -87.839357929 0.400000000
v 55.557023302 -83.146961230 0.000000000
v 55.334795209 -82.814373385 -0.400000000
v 55.112567116 -82.481785540 -0.000000000
v 55.334795209 -82.814373385 0.400000000
v 63.439328416 -77.301045336 0.000000000
v 63.185571103 -76.991841155 -0.400000000
v 62.931813789 -76.682636974 -0.000000000
v 63.185571103 -76.991841155 0.400000000
v 70.710678119 -70.710678119 0.000000000
v 70.427835406 -70.427835406 -0.400000000
v 70.144992694 -70.144992694 -0.000000000
v 70.427835406 -70.427835406 0.400000000
v 77.301045336 -63.439328416 0.000000000
v 76.991841155 -63.185571103 -0.400000000
v 76.682636974 -62.931813789 -0.000000000
v 76.991841155 -63.185571103 0.400000000
v 83.146961230 -55.557023302 0.000000000
v 82.814373385 -55.334795209 -0.400000000
v 82.481785540 -55.112567116 -0.000000000
v 82.814373385 -55.334795209 0.400000000
v 88.192126435 -47.139673683 0.000000000
v 87.839357929 -46.951114988 -0.400000000
v 87.486589423 -46.762556293 -0.000000000
v 87.839357929 -46.951114988 0.400000000
v 92.387953251 -38.268343237 0.000000000
v 92.018401438 -38.115269864 -0.400000000
v 91.648849625 -37.962196491 -0.000000000
v 92.018401438 -38.115269864 0.400000000
v 95.694033573 -29.028467725 0.000000000
v 95.311257439 -28.912353855 -0.400000000
v 94.928481305 -28.796239984 -0.000000000
v 95.311257439 -28.912353855 0.400000000
v 98.078528040 -19.509032202 0.000000000
v 97.686213928 -19.430996073 -0.400000000
v 97.293899816 -19.352959944 -0.000000000
v 97.686213928 -19.430996073 0.400000000
v 99.518472667 -9.801714033 0.000000000
v 99.120398777 -9.762507177 -0.400000000
v 98.722324886 -9.723300321 -0.000000000
v 99.120398777 -9.762507177 0.400000000
v 100.000000000 -0.000000000 0.000000000
v 99.600000000 -0.000000000 -0.400000000
v 99.200000000 -0.000000000 -0.000000000
v 99.600000000 -0.000000000 0.400000000
v 96.033802350 0.192047914 0.000000000
v 95.982863134 0.003016259 -0.194222115
v 95.966197650 -0.192047914 -0.000000000
v 96.017136866 -0.003016259 0.194222115
v 81.387774315 3.021230328 1.336649536
v 81.264950517 2.593515826 0.896338011
v 81.255454085 2.145854575 1.333840974
v 81.378277883 2.573569078 1.774152499
v 68.511169865 4.676798919 3.649155901
v 68.504198284 4.146194140 3.123660066
v 68.408159030 3.625676309 3.650512565
v 68.415130610 4.156281088 4.176008401
v 56.844217287 5.509844778 -0.843918938
v 56.414033644 5.021035536 -1.352653224
v 56.256134906 4.507008566 -0.725240060
v 56.686318549 4.995817808 -0.216505774
v 44.999484194 19.337722822 9.606654318
v 44.435190977 18.885482740 9.107123993
v 44.353479011 18.284659592 9.743373291
v 44.917772227 18.736899674 10.242903616
v 37.708234613 18.561190257 8.900758873
v 37.577168924 17.835808271 8.368377849
v 37.321780085 17.349925368 9.093278629
v 37.452845773 18.075307354 9.625659653
v 27.634040079 24.477041470 6.874500412
v 27.217207602 23.852229720 6.344537240
v 26.986301394 23.371314430 7.093137806
v 27.403133871 23.996126180 7.623100978
v 17.765143926 30.564682649 10.489546024
v 17.255019666 30.016960183 9.973251404
v 17.301659521 29.371463839 10.611957900
v 17.811783781 29.919186305 11.128252521
v 0.562082569 36.413577965 20.930805317
v -0.011098367 35.921378195 20.481715716
v 0.062403065 35.285887285 21.084399143
v 0.635584002 35.778087055 21.533488744
v -8.746350327 44.728513670 28.720194181
v -9.322930310 44.288847651 28.323895895
v -9.297166229 43.717490352 28.920293469
v -8.720586246 44.157156371 29.316591754
v -19.402478463 49.920943976 34.842923286
v -19.842688420 49.485882365 34.424984898
v -19.707821729 48.910632239 34.881749801
v -19.267611772 49.345693850 35.299688188
v -33.158815585 52.641328407 46.035845986
v -33.574472757 52.293068544 45.723046044
v -33.454978352 51.809673215 46.102453033
v -33.039321180 52.157933078 46.415252975
v -43.223807961 59.674519602 55.163608970
v -43.431359145 59.535017383 55.047369298
v -43.403556499 59.336151040 55.236391030
v -43.196005315 59.475653260 55.352630702
v 44.790337238 18.805455858 9.675013804
v 44.672943848 18.740961266 9.585285104
v 44.562625967 18.816926556 9.675013804
v 44.680019356 18.881421148 9.764742505
v 45.313754756 25.335990797 4.550273824
v 44.993443452 25.103378520 4.366120439
v 44.699117426 25.386614583 4.520295002
v 45.019428731 25.619226860 4.704448386
v 46.084510376 25.653087528 -0.868832064
v 45.755730658 25.465079878 -1.216065364
v 45.456678409 25.878692986 -1.156854782
v 45.785458126 26.066700636 -0.809621482
v 52.521131620 31.942007853 -5.736632851
v 52.213519044 31.780499692 -6.146620188
v 51.830630413 32.125950434 -5.995424680
v 52.138242990 32.287458595 -5.585437343
v 55.306714700 41.665017700 -14.104575885
v 54.977590242 41.446646310 -14.433216982
v 54.605168772 41.759953829 -14.268430483
v 54.934293230 41.978325220 -13.939789386
v 56.326693163 42.153292553 -16.405669164
v 56.044582509 41.961378773 -16.678071352
v 55.729347731 42.230755511 -16.541383826
v 56.011458385 42.422669291 -16.268981638
v 57.614276421 48.424500167 -21.538258152
v 57.512848528 48.360617899 -21.646070243
v 57.390943530 48.443060290 -21.580233840
v 57.492371423 48.506942558 -21.472421750
v 0.425952516 35.849732625 20.999471765
v 0.309426156 35.742792105 20.968209446
v 0.198533119 35.849732625 21.015732695
v 0.315059478 35.956673146 21.046995014
v -0.272928141 40.474321288 8.494903518
v -0.589793438 40.192117919 8.392054531
v -0.888845207 40.474587681 8.538338997
v -0.571979910 40.756791050 8.641187984
v -1.136781720 47.267625112 -4.770227032
v -1.506982814 46.922032557 -4.857007670
v -1.859108167 47.257709633 -4.691651753
v -1.488907073 47.603302189 -4.604871114
v -3.108139820 49.995733248 -17.028596584
v -3.494272837 49.630955797 -17.110074831
v -3.863528312 49.985108817 -16.945678868
v -3.477395295 50.349886267 -16.864200620
v -3.469967890 54.284322808 -25.126711463
v -3.839431819 53.936379233 -25.206996065
v -4.192061382 54.273696983 -25.046113902
v -3.822597453 54.621640557 -24.965829300
v -5.726363125 57.728334281 -38.819503136
v -6.036659629 57.423952962 -38.860592848
v -6.335177220 57.709080975 -38.718432598
v -6.024880716 58.013462294 -38.677342886
v -7.914082985 61.778504817 -48.949147169
v -8.029734533 61.668220373 -48.970456070
v -8.138269199 61.770063350 -48.908486379
v -8.022617651 61.880347794 -48.887177478
v 49.651981623 49.909030719 65.343258651
v 49.860684417 49.787863068 65.209798753
v 49.809151982 49.552102885 65.343258651
v 49.600449187 49.673270536 65.476718548
v 40.945308923 46.345707493 55.324728988
v 41.410902060 46.067067988 55.012506826
v 41.297122516 45.533306289 55.319186275
v 40.831529379 45.811945794 55.631408437
v 30.718006840 42.214084031 44.454750593
v 31.229007739 41.863752109 44.037759546
v 31.184059836 41.266773286 44.484225534
v 30.673058937 41.617105208 44.901216581
v 19.922036722 35.645166076 38.734339882
v 20.439593078 35.233150980 38.239181327
v 20.460397247 34.608988905 38.780283819
v 19.942840891 35.021004001 39.275442373
v 10.458079826 31.237249331 32.463887922
v 10.774409446 30.697672865 31.846416239
v 10.737706101 30.027196472 32.413507713
v 10.421376481 30.566772937 33.030979397
v -1.387135304 31.087218030 31.879713825
v -1.037348164 30.534082045 31.248464005
v -1.068960297 29.842008769 31.837380000
v -1.418747437 30.395144754 32.468629820
v -11.149230644 25.980325370 25.161108721
v -10.693969425 25.459748173 24.555520903
v -11.031314990 24.702549095 24.952821200
v -11.486576209 25.223126292 25.558409018
v -19.255583583 31.668712048 18.001477329
v -18.787548259 31.205170351 17.374692815
v -18.700220288 30.509875702 17.954111465
v -19.168255612 30.973417399 18.580895979
v -30.762802792 16.917426215 17.186688133
v -30.646086702 16.316947754 16.555592703
v -30.394629333 15.730541242 17.160055328
v -30.511345423 16.331019703 17.791150758
v -49.575147024 22.116652114 21.410007338
v -49.623480057 21.518726316 20.841718967
v -49.490036306 20.951293854 21.427394801
v -49.441703272 21.549219653 21.995683173
v -57.812599221 14.918571179 21.490764860
v -57.705105984 14.399405310 20.964791560
v -57.530114585 13.900892045 21.492615814
v -57.637607822 14.420057914 22.018589113
v -72.463994733 15.618468320 22.983819343
v -72.553399541 15.146036567 22.582927039
v -72.424842201 14.735662738 23.037862146
v -72.335437393 15.208094492 23.438754449
v -86.323025417 13.783463263 28.836595193
v -86.372680132 13.575775940 28.662094735
v -86.274235802 13.396673688 28.847246352
v -86.224581086 13.604361010 29.021746810
v 10.710148652 30.652088960 32.438697818
v 10.610630028 30.560250503 32.351212156
v 10.485637274 30.612356842 32.438697818
v 10.585155899 30.704195300 32.526183480
v 9.152375860 40.569696726 24.051726445
v 8.887591363 40.296499102 23.837547779
v 8.549023222 40.440225317 24.072780986
v 8.813807719 40.713422941 24.286959652
v 6.408966295 48.994936338 14.723961792
v 6.102599238 48.660760339 14.482136293
v 5.690864776 48.890200643 14.686698810
v 5.997231833 49.224376642 14.928524309
v 7.818875137 58.292592004 1.359546275
v 7.497799491 57.952011122 1.095510117
v 7.067195303 58.192542810 1.308874922
v 7.388270949 58.533123692 1.572911080
v 5.596723948 65.098687831 -5.066242363
v 5.290743926 64.808661451 -5.359968202
v 4.880599293 65.063548027 -5.184388713
v 5.186579315 65.353574407 -4.890662874
v 9.775483531 73.013218015 -15.298291616
v 9.515246668 72.764517200 -15.545364383
v 9.166016112 72.975272466 -15.389670744
v 9.426252976 73.223973281 -15.142597977
v 7.128994089 82.013099752 -24.017939381
v 7.035688353 81.909534116 -24.098934486
v 6.907932852 81.957490853 -24.013081754
v 7.001238588 82.061056489 -23.932086649
v -30.500143284 16.406581056 17.173371730
v -30.550081608 16.296744485 17.066441418
v -30.657288841 16.241386402 17.173371730
v -30.607350517 16.351222972 17.280302042
v -36.253719279 22.147326877 14.171485967
v -36.393863052 21.855788135 13.878253709
v -36.709453192 21.731147151 14.153004070
v -36.569309419 22.022685893 14.446236328
v -42.182510050 29.905980030 9.598028226
v -42.342710696 29.557641498 9.255961033
v -42.711142813 29.407690544 9.581209292
v -42.550942168 29.756029075 9.923276484
v -47.928166648 34.886012864 6.742468888
v -48.085925040 34.512570292 6.389690012
v -48.444982336 34.328791085 6.744799940
v -48.287223944 34.702233657 7.097578816
v -58.059481862 44.596725102 1.148314060
v -58.208001440 44.238390071 0.811339455
v -58.522760970 44.037125718 1.164090134
v -58.374241393 44.395460748 1.501064739
v -63.955414776 47.870639436 -0.077466262
v -64.067283024 47.554485510 -0.357023881
v -64.348796531 47.394921190 -0.063920408
v -64.236928283 47.711075116 0.215637211
v -71.707740660 55.359608983 -5.836628534
v -71.747429394 55.242185751 -5.939723624
v -71.867081398 55.196611154 -5.841752391
v -71.827392665 55.314034386 -5.738657302
v -0.192036156 91.057229142 30.508161582
v 0.020199637 91.137891094 30.351638047
v 0.192036156 90.989490981 30.508161582
v -0.020199637 90.908829029 30.664685118
v -2.278842261 80.614934281 22.569847324
v -1.836427890 80.610896805 22.126955867
v -1.443731170 80.324962493 22.521836197
v -1.886145541 80.328999968 22.964727655
v -10.977433747 62.705534197 20.325140377
v -10.420722248 62.779483224 19.832860216
v -9.967971511 62.397252968 20.287450921
v -10.524683009 62.323303941 20.779731082
v -10.419374287 55.994109044 9.817568049
v -9.797465970 56.104306153 9.284755082
v -9.274758201 55.758681349 9.823385846
v -9.896666519 55.648484241 10.356198812
v -16.654307543 35.281192587 8.133891285
v -16.016254682 35.283692518 7.529440487
v -15.434427562 35.042920373 8.142616193
v -16.072480423 35.040420441 8.747066991
v -16.929870965 22.531263776 2.890044408
v -16.307583537 22.522497515 2.227120350
v -15.806953636 21.932650590 2.704862019
v -16.429241063 21.941416851 3.367786077
v -31.549050062 11.669280063 -5.459766094
v -30.966119591 11.596159552 -6.166763588
v -30.343655885 11.207275350 -5.613312585
v -30.926586357 11.280395861 -4.906315091
v -25.862045628 0.908015222 -2.237438458
v -25.329276012 0.766253309 -2.960519983
v -24.791119327 0.231614263 -2.459186492
v -25.323888943 0.373376176 -1.736104967
v -40.546653182 -1.295393596 -9.551821073
v -40.058339206 -1.437093114 -10.268723561
v -39.694780914 -2.137937843 -9.882562320
v -40.183094890 -1.996238326 -9.165659831
v -51.531282940 -19.901828952 -15.656266647
v -50.998585141 -19.914441752 -16.287833736
v -50.469792246 -20.357480391 -15.832973479
v -51.002490045 -20.344867592 -15.201406390
v -55.557375001 -31.699419192 -21.652816707
v -55.102290949 -31.760730481 -22.241777945
v -54.636972927 -32.183094071 -21.838263330
v -55.092056979 -32.121782781 -21.249302092
v -64.745091198 -42.291460087 -23.676534303
v -64.436877633 -42.458038696 -24.195336370
v -64.059438999 -42.822661896 -23.854030613
v -64.367652564 -42.656083287 -23.335228545
v -71.724292520 -51.983262681 -25.021913158
v -71.587437573 -52.055086800 -25.250303272
v -71.413666145 -52.206252817 -25.098638013
v -71.550521092 -52.134428698 -24.870247900
v -15.931603161 35.162056480 8.121514800
v -16.044833733 35.048100699 8.135113241
v -16.157131943 35.162056480 8.154992678
v -16.043901371 35.276012260 8.141394237
v -17.543473027 35.499103222 -4.002563808
v -17.828228076 35.192077464 -3.878991893
v -18.114980979 35.502348565 -3.768878820
v -17.830225929 35.809374324 -3.892450735
v -25.713235200 34.598958049 -16.459599418
v -26.083609937 34.247611238 -16.401359257
v -26.374306369 34.594399000 -16.157950596
v -26.003931632 34.945745810 -16.216190757
v -28.334666987 43.023654668 -27.690855707
v -28.727629706 42.658238768 -27.661674866
v -29.075464904 43.043429338 -27.522251411
v -28.682502185 43.408845238 -27.551432252
v -30.411383115 37.980946340 -37.521259428
v -30.783275276 37.627926388 -37.488288572
v -31.134001729 38.001211385 -37.447506099
v -30.762109568 38.354231337 -37.480476954
v -30.636939521 43.334088723 -49.634079531
v -30.952397942 43.032384440 -49.625091608
v -31.238550670 43.335453505 -49.495145349
v -30.923092249 43.637157788 -49.504133272
v -36.045183087 42.916104496 -60.859487871
v -36.147982008 42.803236514 -60.807668869
v -36.252078981 42.918229380 -60.763709007
v -36.149280060 43.031097362 -60.815528009
v -40.115403185 -1.602789634 -9.717191696
v -40.167012890 -1.714505391 -9.821345563
v -40.126030912 -1.830541805 -9.717191696
v -40.074421206 -1.718826049 -9.613037829
v -46.381689095 -1.119032103 -6.907297069
v -46.560280900 -1.416172742 -7.172688630
v -46.338840105 -1.731980326 -6.968116353
v -46.160248299 -1.434839687 -6.702724793
v -50.089524945 -2.897542151 -1.307527934
v -50.145795342 -3.211991443 -1.709981942
v -49.857359169 -3.565696785 -1.473950061
v -49.801088772 -3.251247493 -1.071496053
v -62.030189039 -8.465760568 1.067611334
v -62.221159022 -8.850130927 0.744207727
v -61.939721144 -9.218585138 1.015932248
v -61.748751161 -8.834214779 1.339335855
v -64.714528437 -5.448440126 10.337709700
v -65.018861309 -5.834506407 10.188216313
v -64.700821189 -6.171305845 10.410546166
v -64.396488316 -5.785239564 10.560039553
v -70.996667946 -7.227598622 15.823479861
v -71.063395041 -7.553408375 15.540609269
v -70.824599614 -7.819694246 15.790986686
v -70.757872518 -7.493884493 16.073857279
v -78.125411444 -10.038158266 18.532668084
v -78.127595728 -10.151244862 18.417782667
v -78.052564175 -10.253650092 18.517157932
v -78.050379891 -10.140563496 18.632043349
v -57.627811501 57.356804124 -51.099280888
v -57.402296166 57.372367986 -51.257238477
v -57.305764905 57.576772281 -51.099280888
v -57.531280240 57.561208419 -50.941323299
v -51.784280664 48.362717333 -43.337972712
v -51.289333305 48.422623157 -43.716572797
v -51.064983365 48.878699858 -43.351113130
v -51.559930724 48.818794034 -42.972513045
v -44.687038741 39.118366507 -36.693331187
v -44.033787075 39.098394841 -37.054716441
v -43.780127048 39.655563893 -36.626983877
v -44.433378714 39.675535559 -36.265598623
v -43.452810593 32.101002703 -27.159134455
v -42.724850230 31.980428470 -27.531073402
v -42.337380828 32.308205431 -26.878974681
v -43.065341191 32.428779663 -26.507035734
v -42.839144963 11.607806157 -24.143532520
v -42.176494034 11.982855547 -24.582520187
v -41.781391427 12.175589591 -23.821451209
v -42.444042356 11.800540201 -23.382463542
v -29.164581531 5.914887396 -27.981255021
v -28.712982926 6.575100743 -28.413648167
v -28.476603796 6.937256179 -27.613801217
v -28.928202401 6.277042832 -27.181408072
v -20.844068944 -3.336629730 -23.964021102
v -20.131215696 -2.901676081 -24.348280872
v -19.870388349 -2.598074917 -23.520757200
v -20.583241597 -3.033028566 -23.136497430
v -17.683486585 -10.570469136 -25.599375603
v -16.799603010 -10.616078857 -25.807837527
v -16.586216584 -10.420135099 -24.945944800
v -17.470100160 -10.374525378 -24.737482876
v -20.851481841 -29.407735246 -18.023053891
v -20.007649692 -29.345027827 -18.260737620
v -19.761997753 -29.529048555 -17.437166150
v -20.605829902 -29.591755975 -17.199482420
v -17.320758145 -42.403276942 -32.770980608
v -16.573533435 -42.059967808 -32.852203061
v -16.277571740 -42.566454217 -32.270239825
v -17.024796450 -42.909763351 -32.189017372
v -14.342920673 -48.028167322 -37.425300530
v -13.655647761 -47.762913489 -37.547906638
v -13.424485633 -48.064734104 -36.905096950
v -14.111758544 -48.329987936 -36.782490842
v -12.141527295 -60.206262795 -42.871755416
v -11.553914983 -60.045297425 -43.015635714
v -11.343728355 -60.376498565 -42.527755598
v -11.931340668 -60.537463935 -42.383875300
v -11.646432778 -72.775026254 -55.089462437
v -11.388131113 -72.704492284 -55.155456632
v -11.291633078 -72.884554179 -54.970211207
v -11.549934742 -72.955088150 -54.904217012
v -42.325526326 12.004672160 -23.982491865
v -42.400986677 11.879445577 -24.050433297
v -42.295010064 11.778723587 -23.982491865
v -42.219549713 11.903950171 -23.914550432
v -48.446617743 11.369426697 -15.697492429
v -48.612276986 11.040558370 -15.932062059
v -48.297483901 10.776579187 -15.784276481
v -48.131824659 11.105447514 -15.549706851
v -53.254647997 7.377935095 -9.440406008
v -53.470333009 6.994425491 -9.705762943
v -53.202996966 6.653194144 -9.429888785
v -52.987311953 7.036703747 -9.164531850
v -63.275284781 10.583352606 -2.401164960
v -63.525407980 10.182906675 -2.657838763
v -63.282016206 9.825996119 -2.338190050
v -63.031893007 10.226442050 -2.081516247
v -69.571656890 8.663333956 4.473298278
v -69.807556147 8.296795887 4.201240695
v -69.446975085 7.959380260 4.343177072
v -69.211075827 8.325918328 4.615234655
v -72.151002511 6.535305642 10.681522245
v -72.363196933 6.224009683 10.460867253
v -72.109605660 5.920304473 10.645461087
v -71.897411238 6.231600432 10.866116079
v -80.212108870 6.980967997 16.740268941
v -80.286764301 6.867933219 16.652852042
v -80.224487731 6.753426548 16.747730172
v -80.149832300 6.866461326 16.835147070
v -20.420556955 -29.468391901 -17.736564049
v -20.305455811 -29.580113154 -17.752753184
v -20.192922639 -29.468391901 -17.723655991
v -20.308023783 -29.356670647 -17.707466857
v -21.420683754 -32.357670793 -3.533203784
v -21.108987211 -32.659402586 -3.582432459
v -20.806375512 -32.364904383 -3.471449393
v -21.118072055 -32.063172590 -3.422220719
v -23.471252059 -36.788378275 9.297711313
v -23.119735819 -37.159251537 9.351593599
v -22.766620819 -36.806738472 9.474305780
v -23.118137059 -36.435865211 9.420423493
v -28.623778308 -35.022265678 24.640190969
v -28.246930266 -35.405370365 24.644234646
v -27.867826315 -35.031679553 24.717959616
v -28.244674357 -34.648574866 24.713915939
v -27.002585162 -39.898713309 43.218956373
v -26.641849403 -40.264525601 43.210892767
v -26.286383639 -39.916848048 43.340424052
v -26.647119399 -39.551035755 43.348487658
v -33.951772062 -41.030741784 55.587908592
v -33.653193299 -41.347802716 55.618622763
v -33.355856113 -41.055297555 55.747663847
v -33.654434876 -40.738236623 55.716949676
v -34.236186388 -44.314349771 70.492129497
v -34.120280131 -44.424495896 70.471499932
v -34.008329096 -44.311999385 70.499846173
v -34.124235354 -44.201853260 70.520475737
v -79.171653069 -0.188661098 -54.365942022
v -78.973177391 -0.038989913 -54.485340271
v -79.073022646 0.188661098 -54.365942022
v -79.271498324 0.038989913 -54.246543773
v -70.101276790 -2.813375515 -42.189146111
v -69.729652074 -2.455208242 -42.543421279
v -69.940368046 -1.944819581 -42.248460580
v -70.311992763 -2.302986855 -41.894185412
v -61.531328159 -2.668497347 -37.949733095
v -61.059483732 -2.252756589 -38.352546161
v -61.201729965 -1.665745687 -37.913319433
v -61.673574392 -2.081486445 -37.510506367
v -48.323023348 -10.762591839 -24.682985979
v -47.737364196 -10.326283843 -25.069562888
v -47.991894686 -9.641895724 -24.682742324
v -48.577553838 -10.078203720 -24.296165415
v -42.686112167 -8.327121527 -15.571638508
v -42.210660721 -7.831789574 -16.120337560
v -42.121523675 -7.222570142 -15.493133653
v -42.596975120 -7.717902095 -14.944434601
v -26.549214849 -22.557744587 -16.406722487
v -26.377696758 -21.881668833 -16.990066224
v -26.032373106 -21.384096511 -16.311862601
v -26.203891197 -22.060172265 -15.728518864
v -13.612255016 -20.688910278 -21.370085746
v -13.040955678 -20.191505590 -21.890859827
v -12.961912508 -19.574088302 -21.214436831
v -13.533211845 -20.071492990 -20.693662750
v -6.944914426 -35.286261231 -7.075977530
v -6.264955382 -34.886188762 -7.528066586
v -6.113171025 -34.340424358 -6.816807476
v -6.793130068 -34.740496827 -6.364718421
v 5.077617091 -40.064043888 -10.536255733
v 5.259863232 -39.287379627 -10.905115380
v 5.741423688 -39.067215702 -10.203612819
v 5.559177547 -39.843879964 -9.834753172
v 14.807510351 -45.845786691 -18.646115703
v 15.030207920 -45.141952485 -19.017365241
v 15.402261307 -44.893268506 -18.322717437
v 15.179563738 -45.597102712 -17.951467899
v 25.276828130 -50.138581882 -17.672016215
v 25.554160761 -49.543732589 -18.028354312
v 25.859906534 -49.304174322 -17.390492833
v 25.582573903 -49.899023615 -17.034154736
v 39.325923438 -60.763085635 -24.662857304
v 39.543932702 -60.260559334 -24.965906636
v 39.926722067 -60.137297878 -24.486137383
v 39.708712803 -60.639824179 -24.183088051
v 50.526491100 -69.736686826 -32.481532005
v 50.618752232 -69.512450442 -32.612893916
v 50.800164766 -69.468209267 -32.409959849
v 50.707903633 -69.692445651 -32.278597937
v -42.505800731 -7.723899722 -15.532386081
v -42.432764761 -7.832790984 -15.626196742
v -42.301835110 -7.825791947 -15.532386081
v -42.374871081 -7.716900685 -15.438575420
v -46.515369738 -15.318651115 -9.609771744
v -46.345470000 -15.665158515 -9.813945623
v -45.988757596 -15.637708419 -9.563699692
v -46.158657334 -15.291201019 -9.359525813
v -51.031085743 -19.444331261 -2.359830355
v -50.825429681 -19.814777409 -2.650500580
v -50.356890643 -19.685312221 -2.483995692
v -50.562546704 -19.314866073 -2.193325467
v -48.560960304 -29.224514435 6.773792827
v -48.348141950 -29.620300928 6.479070245
v -47.863100863 -29.511577642 6.683311256
v -48.075919217 -29.115791149 6.978033837
v -55.070109282 -34.914182627 15.502555634
v -54.881874106 -35.311735941 15.236975469
v -54.453282032 -35.297909030 15.520050713
v -54.641517208 -34.900355716 15.785630879
v -57.778722241 -43.503035383 21.520773251
v -57.600909977 -43.798162922 21.252626263
v -57.211326642 -43.732182661 21.438345682
v -57.389138905 -43.437055123 21.706492670
v -58.717149567 -49.327167334 28.671995809
v -58.654381186 -49.447662179 28.585202197
v -58.507159833 -49.409506381 28.638700016
v -58.569928214 -49.289011536 28.725493629
v 5.295553757 -39.562871766 -10.369934276
v 5.411939446 -39.465670119 -10.424690201
v 5.523487022 -39.568387824 -10.369934276
v 5.407101333 -39.665589471 -10.315178351
v 5.012916110 -43.197898990 -17.022150507
v 5.326904658 -42.979457864 -17.232661643
v 5.629693438 -43.223810978 -17.034594020
v 5.315704890 -43.442252104 -16.824082884
v 4.436050258 -49.656373932 -21.719968130
v 4.763522588 -49.363614019 -21.986552920
v 5.091745080 -49.370831589 -21.591291177
v 4.764272750 -49.663591502 -21.324706387
v 10.183419895 -53.278328788 -21.588067567
v 10.520856803 -52.969007601 -21.869593296
v 10.908095767 -53.063359979 -21.509116371
v 10.570658859 -53.372681166 -21.227590642
v 8.515391418 -60.705572203 -28.943039298
v 8.818529476 -60.401841322 -29.225650008
v 9.232696335 -60.643832110 -29.041475594
v 8.929558277 -60.947562991 -28.758864884
v 9.547092713 -62.840484723 -32.615588429
v 9.804817264 -62.572798355 -32.844809581
v 10.157197082 -62.764366444 -32.672326526
v 9.899472530 -63.032052811 -32.443105374
v 8.921616034 -69.535013165 -39.134487863
v 9.016509412 -69.450524574 -39.233729655
v 9.146086290 -69.524903199 -39.173151926
v 9.051192912 -69.609391790 -39.073910134
v -65.296552401 -65.565792295 25.716326655
v -65.484782831 -65.454509041 25.548292901
v -65.506127567 -65.236887673 25.716326655
v -65.317897137 -65.348170927 25.884360409
v -55.698897704 -59.740446478 19.097421305
v -56.029651246 -59.429781386 18.666156983
v -56.091539194 -58.947797475 19.060822679
v -55.760785652 -59.258462567 19.492087001
v -44.976934066 -56.264034633 17.180449352
v -45.366171013 -55.894964054 16.660817353
v -45.548921177 -55.376286530 17.166101344
v -45.159684229 -55.745357109 17.685733343
v -32.027110736 -44.754971880 12.121293952
v -32.268624666 -44.243403413 11.518988597
v -32.420836537 -43.655505135 12.079354706
v -32.179322607 -44.167073602 12.681660061
v -13.124102379 -45.090277785 13.990627287
v -13.530795351 -44.601228429 13.384071416
v -13.644029278 -43.961377555 13.975888455
v -13.237336307 -44.450426911 14.582444326
v -11.752768783 -35.529997006 5.957486988
v -12.425031010 -35.173324213 5.459857796
v -12.591518807 -34.568619539 6.118189678
v -11.919256579 -34.925292332 6.615818869
v 6.664844193 -25.609315006 0.965206803
v 6.543685677 -24.873915541 0.427147104
v 6.428410755 -24.347851273 1.172108900
v 6.549569271 -25.083250738 1.710168600
v 20.951854882 -29.622109761 6.762509133
v 21.139103154 -28.851694261 6.317329577
v 20.751729970 -28.371556335 6.985308906
v 20.564481698 -29.141971836 7.430488462
v 30.664771364 -24.002839789 13.744820013
v 30.616449342 -23.293140611 13.228612177
v 30.233133058 -22.845144029 13.880414417
v 30.281455080 -23.554843207 14.396622253
v 44.093437555 -21.925440068 15.142255834
v 43.866411884 -21.323665842 14.623478290
v 43.768134970 -20.809538043 15.262866490
v 43.995160642 -21.411312270 15.781644035
v 59.545452396 -15.207269959 11.194473491
v 59.446945235 -14.636675474 10.722823006
v 59.385549843 -14.168803715 11.301668867
v 59.484057005 -14.739398200 11.773319352
v 73.080020286 -17.261382953 14.560763542
v 73.188720942 -16.759200540 14.203137183
v 73.017953442 -16.385741140 14.675647667
v 72.909252786 -16.887923552 15.033274025
v 88.493536737 -14.119178089 21.110228142
v 88.522439861 -13.900614997 20.944563394
v 88.410387146 -13.739160127 21.138022792
v 88.381484022 -13.957723219 21.303687539
v -13.481786446 -44.584536110 13.983257871
v -13.436592470 -44.438396701 13.932338546
v -13.286345211 -44.467119230 13.983257871
v -13.331539188 -44.613258639 14.034177196
v -11.177322853 -48.787994395 4.416626312
v -11.064542524 -48.386690786 4.286794566
v -10.643084144 -48.499183996 4.305189787
v -10.755864474 -48.900487606 4.435021533
v -14.499488710 -50.987858424 -6.113438255
v -14.368675100 -50.547754013 -6.344110859
v -13.873777971 -50.684505447 -6.324366987
v -14.004591581 -51.124609858 -6.093694383
v -13.431721690 -60.099679312 -18.314757524
v -13.306422913 -59.637287863 -18.558261866
v -12.795005358 -59.694281768 -18.403330337
v -12.920304135 -60.156673216 -18.159825995
v -9.295114023 -63.973185565 -28.122053449
v -9.196922995 -63.473584999 -28.191131226
v -8.703255669 -63.554379873 -28.073748503
v -8.801446698 -64.053980439 -28.004670726
v -8.872254440 -63.935493122 -39.926572393
v -8.782598011 -63.518757718 -40.020984261
v -8.358468961 -63.593826664 -39.949573654
v -8.448125390 -64.010562067 -39.855161787
v -6.082985965 -69.995290110 -52.466481874
v -6.044410951 -69.851785500 -52.529015092
v -5.890736718 -69.874240326 -52.485748255
v -5.929311732 -70.017744936 -52.423215037
v 30.376503710 -23.512010172 13.812617215
v 30.503436792 -23.468838581 13.723083945
v 30.521400712 -23.335973646 13.812617215
v 30.394467630 -23.379145237 13.902150485
v 35.651125530 -28.101845961 19.328910072
v 35.993695539 -27.987912270 19.083379676
v 35.993236993 -27.591629170 19.266627505
v 35.650666984 -27.705562861 19.512157901
v 40.470496731 -29.129525259 25.580781195
v 40.935342238 -29.043364574 25.379512879
v 40.977345931 -28.614876513 25.659954700
v 40.512500424 -28.701037197 25.861223015
v 41.558437324 -35.657167172 29.887217970
v 42.030974163 -35.554450413 29.652786311
v 42.045882342 -35.074105975 29.893300275
v 41.573345502 -35.176822734 30.127731934
v 47.569009701 -35.178252215 37.233612998
v 47.984452124 -35.060318872 36.955200960
v 47.952078755 -34.572562697 37.113503904
v 47.536636332 -34.690496040 37.391915942
v 54.064513113 -40.174492107 46.553330340
v 54.440127943 -40.095483511 46.345264452
v 54.483891564 -39.721508005 46.566278792
v 54.108276734 -39.800516601 46.774344680
v 57.332693230 -44.288140424 51.049203394
v 57.473596373 -44.262392007 50.975207909
v 57.502318270 -44.137703527 51.073288712
v 57.361415127 -44.163451944 51.147284197
v 0.189729623 -69.404026701 66.372656488
v -0.032956236 -69.497856064 66.239776622
v -0.189729623 -69.313967384 66.372656488
v 0.032956236 -69.220138021 66.505536354
v 2.244254752 -61.811043812 57.919185221
v 1.759605850 -61.945008897 57.546266438
v 1.402214817 -61.542780991 57.866241407
v 1.886863718 -61.408815906 58.239160190
v 8.052960315 -49.191175060 49.292597670
v 7.483236072 -49.332180722 48.830788621
v 7.029409524 -48.931883623 49.268441000
v 7.599133768 -48.790877960 49.730250049
v 8.593719857 -38.689434934 43.177288402
v 7.997279365 -38.729025110 42.606767260
v 7.494219510 -38.300617131 43.102953114
v 8.090660002 -38.261026955 43.673474256
v 15.810132845 -29.001311653 39.637010052
v 15.486259148 -28.570866498 38.942530918
v 15.140890546 -27.965959843 39.478522464
v 15.464764243 -28.396404998 40.173001598
v 25.119004415 -28.160342526 41.814965651
v 24.338453704 -28.235720321 41.354698802
v 23.882888899 -27.920220580 42.075606159
v 24.663439610 -27.844842785 42.535873008
v 18.677785852 -6.691380291 31.471080620
v 17.892313139 -6.750180919 30.997187064
v 17.418101567 -6.546812906 31.757953017
v 18.203574280 -6.488012279 32.231846574
v 26.410172064 -4.964353488 36.314497476
v 25.881312256 -4.280372004 36.032959863
v 25.538110290 -4.200704117 36.871203405
v 26.066970099 -4.884685601 37.152741017
v 35.818839747 8.763593076 36.931225802
v 35.097716864 9.180113134 36.650207476
v 34.872300804 9.351247213 37.482300738
v 35.593423687 8.934727155 37.763319064
v 38.992219672 16.261010218 35.413757064
v 38.414510855 16.796015229 35.163107553
v 38.038121159 16.732950036 35.896017230
v 38.615829976 16.197945025 36.146666740
v 48.699026703 26.622023461 45.161378316
v 48.194238182 27.127327739 44.943222309
v 47.788774456 26.986089334 45.554276142
v 48.293562977 26.480785056 45.772432150
v 51.622038298 34.514945600 48.135609080
v 51.187918214 34.922135763 47.941610253
v 50.876062770 34.845692049 48.479013417
v 51.310182853 34.438501886 48.673012244
v 60.065171736 43.523385981 54.434484422
v 59.897366619 43.732060167 54.368556042
v 59.761811353 43.698168860 54.606308379
v 59.929616470 43.489494674 54.672236759
v 15.403352121 -28.571891036 39.557766258
v 15.453601176 -28.465721199 39.447335293
v 15.547671270 -28.395380460 39.557766258
v 15.497422215 -28.501550298 39.668197223
v 22.693798603 -34.780241100 37.105045649
v 22.855820487 -34.517947709 36.795899473
v 23.145874953 -34.360336732 37.081639668
v 22.983853069 -34.622630123 37.390785844
v 27.314077371 -42.037217418 34.630790134
v 27.556527157 -41.785913558 34.253857230
v 27.816289408 -41.512773742 34.603045084
v 27.573839622 -41.764077603 34.979977989
v 36.625332105 -48.216565778 37.176218018
v 36.854496628 -47.930658929 36.783101121
v 37.129887000 -47.648886542 37.148565846
v 36.900722477 -47.934793391 37.541682743
v 42.053322548 -55.185028086 33.661692003
v 42.201898298 -54.848136149 33.303302532
v 42.539501258 -54.645708162 33.633546525
v 42.390925508 -54.982600099 33.991935996
v 49.117328513 -59.677165408 31.510754498
v 49.271043024 -59.416347513 31.196165644
v 49.517973694 -59.207824610 31.489702211
v 49.364259183 -59.468642505 31.804291064
v 56.744534794 -67.545972445 30.346033437
v 56.815329529 -67.462613254 30.227579398
v 56.910089101 -67.389551458 30.335628488
v 56.839294366 -67.472910649 30.454082526
v 35.364596920 8.945019136 37.206763270
v 35.324833000 9.053909849 37.094720228
v 35.326543631 9.169821153 37.206763270
v 35.366307551 9.060930440 37.318806312
v 44.119335385 10.237870734 35.547608348
v 44.074453008 10.534998925 35.230873943
v 44.155974868 10.853524151 35.518130168
v 44.200857244 10.556395961 35.834864573
v 52.509843559 7.518571793 33.625215458
v 52.233322696 7.868683297 33.370319223
v 52.361201010 8.223634042 33.719132997
v 52.637721873 7.873522538 33.974029232
v 52.811866817 12.781975561 29.640632535
v 52.815296503 13.204276468 29.308292076
v 52.861158084 13.535181210 29.729241915
v 52.857728398 13.112880303 30.061582375
v 65.375839839 6.761072941 32.802779349
v 65.480521438 7.156301916 32.491572402
v 65.479271420 7.474379042 32.895105948
v 65.374589821 7.079150067 33.206312895
v 69.133885308 10.232193023 31.736849918
v 68.980197597 10.579897037 31.522135506
v 69.030936444 10.823754382 31.880715256
v 69.184624154 10.476050369 32.095429668
v 76.957863282 9.888679150 29.237891545
v 76.937562054 10.020884439 29.147882490
v 76.983911868 10.112585351 29.272118739
v 77.004213096 9.980380062 29.362127795
v 67.941421944 -67.670699879 5.272451233
v 67.785282707 -67.787925081 5.077698080
v 67.618168333 -67.888890398 5.272451233
v 67.774307570 -67.771665196 5.467204386
v 61.794659962 -58.138587107 4.717870843
v 61.442682391 -58.391236079 4.266008135
v 60.976998339 -58.475426631 4.675825089
v 61.328975911 -58.222777659 5.127687796
v 57.891343615 -41.636695104 -1.118676332
v 57.503961993 -41.969958861 -1.663292394
v 57.050917917 -42.275363495 -1.154160797
v 57.438299539 -41.942099737 -0.609544736
v 42.459802983 -32.350194862 2.793562270
v 41.857090390 -32.472671910 2.241710914
v 41.409397383 -32.861764834 2.817020120
v 42.012109975 -32.739287786 3.368871477
v 47.957905797 -20.798849678 5.274557974
v 47.378870774 -20.968938297 4.635600405
v 46.722566024 -20.924342052 5.218484373
v 47.301601047 -20.754253434 5.857441941
v 39.611477598 -1.406708728 -2.698013910
v 39.055327936 -1.483980350 -3.413215592
v 38.488028344 -1.992739989 -2.917109154
v 39.044178006 -1.915468368 -2.201907472
v 36.834168366 -1.798559875 11.893719838
v 36.099707453 -1.604594526 11.376086173
v 35.619809586 -2.255539959 11.813085123
v 36.354270499 -2.449505307 12.330718788
v 31.453668004 17.034432916 15.760154025
v 30.902112828 16.795548716 15.077872542
v 30.285600265 16.502866936 15.678735613
v 30.837155441 16.741751137 16.361017097
v 20.750593667 33.376673866 12.551516876
v 20.172836250 33.242913858 11.902838915
v 19.605759934 32.898074472 12.479023539
v 20.183517351 33.031834480 13.127701500
v 19.827108902 43.912243880 20.465855584
v 19.206310072 44.029636133 19.933285507
v 18.666142865 43.786238149 20.509288828
v 19.286941695 43.668845896 21.041858905
v 18.161330060 59.640640459 21.287139627
v 17.604868530 59.699933813 20.792598657
v 17.113061016 59.517191506 21.324074457
v 17.669522546 59.457898151 21.818615426
v 16.680973914 71.408714461 27.160371922
v 16.205955774 71.551296898 26.778367163
v 15.810124257 71.249297411 27.157858059
v 16.285142397 71.106714973 27.539862817
v 13.370406472 83.739329618 35.855532752
v 13.160915349 83.804745760 35.688547057
v 12.990153693 83.653516742 35.843531784
v 13.199644816 83.588100600 36.010517479
v 47.226302670 -20.861595865 5.242620304
v 47.339779717 -20.974813620 5.259845282
v 47.454169151 -20.861595865 5.250422042
v 47.340692104 -20.748378110 5.233197065
v 46.596437129 -19.363720128 17.948917814
v 46.903593856 -19.669837013 17.999588020
v 47.213306686 -19.363042461 17.975601795
v 46.906149958 -19.056925576 17.924931589
v 45.900248880 -17.821715391 30.203921703
v 46.250845088 -18.162426930 30.362073178
v 46.607181095 -17.792313839 30.369482202
v 46.256584887 -17.451602300 30.211330727
v 40.943067771 -14.444244980 40.885969569
v 41.295062423 -14.787381095 41.103127048
v 41.695781634 -14.447335172 40.990909029
v 41.343786982 -14.104199057 40.773751549
v 42.892450305 -7.060155764 52.081795573
v 43.237584273 -7.412013788 52.227027866
v 43.613065295 -7.065116262 52.175162148
v 43.267931326 -6.713258239 52.029929855
v 37.891497014 -7.400712600 65.374981478
v 38.185662360 -7.704586861 65.483367156
v 38.495551646 -7.397651197 65.502845364
v 38.201386300 -7.093776936 65.394459686
v 37.765709215 -3.236735280 77.416595163
v 37.872128979 -3.350263340 77.458764131
v 37.993169932 -3.248707309 77.426709980
v 37.886750168 -3.135179249 77.384541013
v 20.065402959 33.137374169 12.531945358
v 20.179148959 33.023568069 12.521844900
v 20.290950642 33.137374169 12.498595057
v 20.177204643 33.251180269 12.508695515
v 21.532296043 33.802483355 23.779317510
v 21.836268507 33.493159015 23.728924392
v 22.147651651 33.799199429 23.728649606
v 21.843679186 34.108523768 23.779042724
v 21.335737663 31.610072374 31.100240560
v 21.701038254 31.250176183 31.132553930
v 22.059742662 31.605811834 31.038381884
v 21.694442072 31.965708025 31.006068514
v 23.340982545 37.661024055 45.518715038
v 23.718597742 37.279012121 45.502172811
v 24.096394882 37.655346918 45.435528679
v 23.718779686 38.037358853 45.452070906
v 23.983132975 33.185203760 55.023251170
v 24.333387946 32.823551067 54.920573378
v 24.696409858 33.185386128 54.884456564
v 24.346154887 33.547038820 54.987134356
v 27.516311241 35.648318976 66.606961383
v 27.829989879 35.344665973 66.602396492
v 28.120895089 35.646991992 66.481593306
v 27.807216451 35.950644995 66.486158197
v 28.890088758 37.663764089 77.409173905
v 29.007353108 37.553394319 77.416893663
v 29.116646535 37.667200444 77.383801048
v 28.999382185 37.777570213 77.376081289
vt 0.000000000 0.000000000
vt 0.000000000 0.250000000
vt 0.000000000 0.500000000
vt 0.000000000 0.750000000
vt 0.015625000 0.000000000
vt 0.015625000 0.250000000
vt 0.015625000 0.500000000
vt 0.015625000 0.750000000
vt 0.031250000 0.000000000
vt 0.031250000 0.250000000
vt 0.031250000 0.500000000
vt 0.031250000 0.750000000
vt 0.046875000 0.000000000
vt 0.046875000 0.250000000
vt 0.046875000 0.500000000
vt 0.046875000 0.750000000
vt 0.062500000 0.000000000
vt 0.062500000 0.250000000
vt 0.062500000 0.500000000
vt 0.062500000 0.750000000
vt 0.078125000 0.000000000
vt 0.078125000 0.250000000
vt 0.078125000 0.500000000
vt 0.078125000 0.750000000
vt 0.093750000 0.000000000
vt 0.093750000 0.250000000
vt 0.093750000 0.500000000
vt 0.093750000 0.750000000
vt 0.109375000 0.000000000
vt 0.109375000 0.250000000
vt 0.109375000 0.500000000
vt 0.109375000 0.750000000
vt 0.125000000 0.000000000
vt 0.125000000 0.250000000
vt 0.125000000 0.500000000
vt 0.125000000 0.750000000
vt 0.140625000 0.000000000
vt 0.140625000 0.250000000
vt 0.140625000 0.500000000
vt 0.140625000 0.750000000
vt 0.156250000 0.000000000
vt 0.156250000 0.250000000
vt 0.156250000 0.500000000
vt 0.156250000 0.750000000
vt 0.171875000 0.000000000
vt 0.171875000 0.250000000
vt 0.171875000 0.500000000
vt 0.171875000 0.750000000
vt 0.187500000 0.000000000
vt 0.187500000 0.250000000
vt 0.187500000 0.500000000
vt 0.187500000 0.750000000
vt 0.203125000 0.000000000
vt 0.203125000 0.250000000
vt 0.203125000 0.500000000
vt 0.203125000 0.750000000
vt 0.218750000 0.000000000
vt 0.218750000 0.250000000
vt 0.218750000 0.500000000
vt 0.218750000 0.750000000
vt 0.234375000 0.000000000
vt 0.234375000 0.250000000
vt 0.234375000 0.500000000
vt 0.234375000 0.750000000
vt 0.250000000 0.000000000
vt 0.250000000 0.250000000
vt 0.250000000 0.500000000
vt 0.250000000 0.750000000
vt 0.265625000 0.000000000
vt 0.265625000 0.250000000
vt 0.265625000 0.500000000
vt 0.265625000 0.750000000
vt 0.281250000 0.000000000
vt 0.281250000 0.250000000
vt 0.281250000 0.500000000
vt 0.281250000 0.750000000
vt 0.296875000 0.000000000
vt 0.296875000 0.250000000
vt 0.296875000 0.500000000
vt 0.296875000 0.750000000
vt 0.312500000 0.000000000
vt 0.312500000 0.250000000
vt 0.312500000 0.500000000
vt 0.312500000 0.750000000
vt 0.328125000 0.000000000
vt 0.328125000 0.250000000
vt 0.328125000 0.500000000
vt 0.328125000 0.750000000
vt 0.343750000 0.000000000
vt 0.343750000 0.250000000
vt 0.343750000 0.500000000
vt 0.343750000 0.750000000
vt 0.359375000 0.000000000
vt 0.359375000 0.250000000
vt 0.359375000 0.500000000
vt 0.359375000 0.750000000
vt 0.375000000 0.000000000
vt 0.375000000 0.250000000
vt 0.375000000 0.500000000
vt 0.375000000 0.750000000
vt 0.390625000 0.000000000
vt 0.390625000 0.250000000
vt 0.390625000 0.500000000
vt 0.390625000 0.750000000
vt 0.406250000 0.000000000
vt 0.406250000 0.250000000
vt 0.406250000 0.500000000
vt 0.406250000 0.750000000
vt 0.421875000 0.000000000
vt 0.421875000 0.250000000
vt 0.421875000 0.500000000
vt 0.421875000 0.750000000
vt 0.437500000 0.000000000
vt 0.437500000 0.250000000
vt 0.437500000 0.500000000
vt 0.437500000 0.750000000
vt 0.453125000 0.000000000
vt 0.453125000 0.250000000
vt 0.453125000 0.500000000
vt 0.453125000 0.750000000
vt 0.468750000 0.000000000
vt 0.468750000 0.250000000
vt 0.468750000 0.500000000
vt 0.468750000 0.750000000
vt 0.484375000 0.000000000
vt 0.484375000 0.250000000
vt 0.484375000 0.500000000
vt 0.484375000 0.750000000
vt 0.500000000 0.000000000
vt 0.500000000 0.250000000
vt 0.500000000 0.500000000
vt 0.500000000 0.750000000
vt 0.515625000 0.000000000
vt 0.515625000 0.250000000
vt 0.515625000 0.500000000
vt 0.515625000 0.750000000
vt 0.531250000 0.000000000
vt 0.531250000 0.250000000
vt 0.531250000 0.500000000
vt 0.531250000 0.750000000
vt 0.546875000 0.000000000
vt 0.546875000 0.250000000
vt 0.546875000 0.500000000
vt 0.546875000 0.750000000
vt 0.562500000 0.000000000
vt 0.562500000 0.250000000
vt 0.562500000 0.500000000
vt 0.562500000 0.750000000
vt 0.578125000 0.000000000
vt 0.578125000 0.250000000
vt 0.578125000 0.500000000
vt 0.578125000 0.750000000
vt 0.593750000 0.000000000
vt 0.593750000 0.250000000
vt 0.593750000 0.500000000
vt 0.593750000 0.750000000
vt 0.609375000 0.000000000
vt 0.609375000 0.250000000
vt 0.609375000 0.500000000
vt 0.609375000 0.750000000
vt 0.625000000 0.000000000
vt 0.625000000 0.250000000
vt 0.625000000 0.500000000
vt 0.625000000 0.750000000
vt 0.640625000 0.000000000
vt 0.640625000 0.250000000
vt 0.640625000 0.500000000
vt 0.640625000 0.750000000
vt 0.656250000 0.000000000
vt 0.656250000 0.250000000
vt 0.656250000 0.500000000
vt 0.656250000 0.750000000
vt 0.671875000 0.000000000
vt 0.671875000 0.250000000
vt 0.671875000 0.500000000
vt 0.671875000 0.750000000
vt 0.687500000 0.000000000
vt 0.687500000 0.250000000
vt 0.687500000 0.500000000
vt 0.687500000 0.750000000
vt 0.703125000 0.000000000
vt 0.703125000 0.250000000
vt 0.703125000 0.500000000
vt 0.703125000 0.750000000
vt 0.718750000 0.000000000
vt 0.718750000 0.250000000
vt 0.718750000 0.500000000
vt 0.718750000 0.750000000
vt 0.734375000 0.000000000
vt 0.734375000 0.250000000
vt 0.734375000 0.500000000
vt 0.734375000 0.750000000
vt 0.750000000 0.000000000
vt 0.750000000 0.250000000
vt 0.750000000 0.500000000
vt 0.750000000 0.750000000
vt 0.765625000 0.000000000
vt 0.765625000 0.250000000
vt 0.765625000 0.500000000
vt 0.765625000 0.750000000
vt 0.781250000 0.000000000
vt 0.781250000 0.250000000
vt 0.781250000 0.500000000
vt 0.781250000 0.750000000
vt 0.796875000 0.000000000
vt 0.796875000 0.250000000
vt 0.796875000 0.500000000
vt 0.796875000 0.750000000
vt 0.812500000 0.000000000
vt 0.812500000 0.250000000
vt 0.812500000 0.500000000
vt 0.812500000 0.750000000
vt 0.828125000 0.000000000
vt 0.828125000 0.250000000
vt 0.828125000 0.500000000
vt 0.828125000 0.750000000
vt 0.843750000 0.000000000
vt 0.843750000 0.250000000
vt 0.843750000 0.500000000
vt 0.843750000 0.750000000
vt 0.859375000 0.000000000
vt 0.859375000 0.250000000
vt 0.859375000 0.500000000
vt 0.859375000 0.750000000
vt 0.875000000 0.000000000
vt 0.875000000 0.250000000
vt 0.875000000 0.500000000
vt 0.875000000 0.750000000
vt 0.890625000 0.000000000
vt 0.890625000 0.250000000
vt 0.890625000 0.500000000
vt 0.890625000 0.750000000
vt 0.906250000 0.000000000
vt 0.906250000 0.250000000
vt 0.906250000 0.500000000
vt 0.906250000 0.750000000
vt 0.921875000 0.000000000
vt 0.921875000 0.250000000
vt 0.921875000 0.500000000
vt 0.921875000 0.750000000
vt 0.937500000 0.000000000
vt 0.937500000 0.250000000
vt 0.937500000 0.500000000
vt 0.937500000 0.750000000
vt 0.953125000 0.000000000
vt 0.953125000 0.250000000
vt 0.953125000 0.500000000
vt 0.953125000 0.750000000
vt 0.968750000 0.000000000
vt 0.968750000 0.250000000
vt 0.968750000 0.500000000
vt 0.968750000 0.750000000
vt 0.984375000 0.000000000
vt 0.984375000 0.250000000
vt 0.984375000 0.500000000
vt 0.984375000 0.750000000
vt 1.000000000 0.000000000
vt 1.000000000 0.250000000
vt 1.000000000 0.500000000
vt 1.000000000 0.750000000
vt 0.000000000 2.000000000
vt 0.000000000 2.250000000
vt 0.000000000 2.500000000
vt 0.000000000 2.750000000
vt 0.015625000 2.000000000
vt 0.015625000 2.250000000
vt 0.015625000 2.500000000
vt 0.015625000 2.750000000
vt 0.031250000 2.000000000
vt 0.031250000 2.250000000
vt 0.031250000 2.500000000
vt 0.031250000 2.750000000
vt 0.046875000 2.000000000
vt 0.046875000 2.250000000
vt 0.046875000 2.500000000
vt 0.046875000 2.750000000
vt 0.062500000 2.000000000
vt 0.062500000 2.250000000
vt 0.062500000 2.500000000
vt 0.062500000 2.750000000
vt 0.078125000 2.000000000
vt 0.078125000 2.250000000
vt 0.078125000 2.500000000
vt 0.078125000 2.750000000
vt 0.093750000 2.000000000
vt 0.093750000 2.250000000
vt 0.093750000 2.500000000
vt 0.093750000 2.750000000
vt 0.109375000 2.000000000
vt 0.109375000 2.250000000
vt 0.109375000 2.500000000
vt 0.109375000 2.750000000
vt 0.125000000 2.000000000
vt 0.125000000 2.250000000
vt 0.125000000 2.500000000
vt 0.125000000 2.750000000
vt 0.140625000 2.000000000
vt 0.140625000 2.250000000
vt 0.140625000 2.500000000
vt 0.140625000 2.750000000
vt 0.156250000 2.000000000
vt 0.156250000 2.250000000
vt 0.156250000 2.500000000
vt 0.156250000 2.750000000
vt 0.171875000 2.000000000
vt 0.171875000 2.250000000
vt 0.171875000 2.500000000
vt 0.171875000 2.750000000
vt 0.187500000 2.000000000
vt 0.187500000 2.250000000
vt 0.187500000 2.500000000
vt 0.187500000 2.750000000
vt 0.203125000 2.000000000
vt 0.203125000 2.250000000
vt 0.203125000 2.500000000
vt 0.203125000 2.750000000
vt 0.218750000 2.000000000
vt 0.218750000 2.250000000
vt 0.218750000 2.500000000
vt 0.218750000 2.750000000
vt 0.234375000 2.000000000
vt 0.234375000 2.250000000
vt 0.234375000 2.500000000
vt 0.234375000 2.750000000
vt 0.250000000 2.000000000
vt 0.250000000 2.250000000
vt 0.250000000 2.500000000
vt 0.250000000 2.750000000
vt 0.265625000 2.000000000
vt 0.265625000 2.250000000
vt 0.265625000 2.500000000
vt 0.265625000 2.750000000
vt 0.281250000 2.000000000
vt 0.281250000 2.250000000
vt 0.281250000 2.500000000
vt 0.281250000 2.750000000
vt 0.296875000 2.000000000
vt 0.296875000 2.250000000
vt 0.296875000 2.500000000
vt 0.296875000 2.750000000
vt 0.312500000 2.000000000
vt 0.312500000 2.250000000
vt 0.312500000 2.500000000
vt 0.312500000 2.750000000
vt 0.328125000 2.000000000
vt 0.328125000 2.250000000
vt 0.328125000 2.500000000
vt 0.328125000 2.750000000
vt 0.343750000 2.000000000
vt 0.343750000 2.250000000
vt 0.343750000 2.500000000
vt 0.343750000 2.750000000
vt 0.359375000 2.000000000
vt 0.359375000 2.250000000
vt 0.359375000 2.500000000
vt 0.359375000 2.750000000
vt 0.375000000 2.000000000
vt 0.375000000 2.250000000
vt 0.375000000 2.500000000
vt 0.375000000 2.750000000
vt 0.390625000 2.000000000
vt 0.390625000 2.250000000
vt 0.390625000 2.500000000
vt 0.390625000 2.750000000
vt 0.406250000 2.000000000
vt 0.406250000 2.250000000
vt 0.406250000 2.500000000
vt 0.406250000 2.750000000
vt 0.421875000 2.000000000
vt 0.421875000 2.250000000
vt 0.421875000 2.500000000
vt 0.421875000 2.750000000
vt 0.437500000 2.000000000
vt 0.437500000 2.250000000
vt 0.437500000 2.500000000
vt 0.437500000 2.750000000
vt 0.453125000 2.000000000
vt 0.453125000 2.250000000
vt 0.453125000 2.500000000
vt 0.453125000 2.750000000
vt 0.468750000 2.000000000
vt 0.468750000 2.250000000
vt 0.468750000 2.500000000
vt 0.468750000 2.750000000
vt 0.484375000 2.000000000
vt 0.484375000 2.250000000
vt 0.484375000 2.500000000
vt 0.484375000 2.750000000
vt 0.500000000 2.000000000
vt 0.500000000 2.250000000
vt 0.500000000 2.500000000
vt 0.500000000 2.750000000
vt 0.515625000 2.000000000
vt 0.515625000 2.250000000
vt 0.515625000 2.500000000
vt 0.515625000 2.750000000
vt 0.531250000 2.000000000
vt 0.531250000 2.250000000
vt 0.531250000 2.500000000
vt 0.531250000 2.750000000
vt 0.546875000 2.000000000
vt 0.546875000 2.250000000
vt 0.546875000 2.500000000
vt 0.546875000 2.750000000
vt 0.562500000 2.000000000
vt 0.562500000 2.250000000
vt 0.562500000 2.500000000
vt 0.562500000 2.750000000
vt 0.578125000 2.000000000
vt 0.578125000 2.250000000
vt 0.578125000 2.500000000
vt 0.578125000 2.750000000
vt 0.593750000 2.000000000
vt 0.593750000 2.250000000
vt 0.593750000 2.500000000
vt 0.593750000 2.750000000
vt 0.609375000 2.000000000
vt 0.609375000 2.250000000
vt 0.609375000 2.500000000
vt 0.609375000 2.750000000
vt 0.625000000 2.000000000
vt 0.625000000 2.250000000
vt 0.625000000 2.500000000
vt 0.625000000 2.750000000
vt 0.640625000 2.000000000
vt 0.640625000 2.250000000
vt 0.640625000 2.500000000
vt 0.640625000 2.750000000
vt 0.656250000 2.000000000
vt 0.656250000 2.250000000
vt 0.656250000 2.500000000
vt 0.656250000 2.750000000
vt 0.671875000 2.000000000
vt 0.671875000 2.250000000
vt 0.671875000 2.500000000
vt 0.671875000 2.750000000
vt 0.687500000 2.000000000
vt 0.687500000 2.250000000
vt 0.687500000 2.500000000
vt 0.687500000 2.750000000
vt 0.703125000 2.000000000
vt 0.703125000 2.250000000
vt 0.703125000 2.500000000
vt 0.703125000 2.750000000
vt 0.718750000 2.000000000
vt 0.718750000 2.250000000
vt 0.718750000 2.500000000
vt 0.718750000 2.750000000
vt 0.734375000 2.000000000
vt 0.734375000 2.250000000
vt 0.734375000 2.500000000
vt 0.734375000 2.750000000
vt 0.750000000 2.000000000
vt 0.750000000 2.250000000
vt 0.750000000 2.500000000
vt 0.750000000 2.750000000
vt 0.765625000 2.000000000
vt 0.765625000 2.250000000
vt 0.765625000 2.500000000
vt 0.765625000 2.750000000
vt 0.781250000 2.000000000
vt 0.781250000 2.250000000
vt 0.781250000 2.500000000
vt 0.781250000 2.750000000
vt 0.796875000 2.000000000
vt 0.796875000 2.250000000
vt 0.796875000 2.500000000
vt 0.796875000 2.750000000
vt 0.812500000 2.000000000
vt 0.812500000 2.250000000
vt 0.812500000 2.500000000
vt 0.812500000 2.750000000
vt 0.828125000 2.000000000
vt 0.828125000 2.250000000
vt 0.828125000 2.500000000
vt 0.828125000 2.750000000
vt 0.843750000 2.000000000
vt 0.843750000 2.250000000
vt 0.843750000 2.500000000
vt 0.843750000 2.750000000
vt 0.859375000 2.000000000
vt 0.859375000 2.250000000
vt 0.859375000 2.500000000
vt 0.859375000 2.750000000
vt 0.875000000 2.000000000
vt 0.875000000 2.250000000
vt 0.875000000 2.500000000
vt 0.875000000 2.750000000
vt 0.890625000 2.000000000
vt 0.890625000 2.250000000
vt 0.890625000 2.500000000
vt 0.890625000 2.750000000
vt 0.906250000 2.000000000
vt 0.906250000 2.250000000
vt 0.906250000 2.500000000
vt 0.906250000 2.750000000
vt 0.921875000 2.000000000
vt 0.921875000 2.250000000
vt 0.921875000 2.500000000
vt 0.921875000 2.750000000
vt 0.937500000 2.000000000
vt 0.937500000 2.250000000
vt 0.937500000 2.500000000
vt 0.937500000 2.750000000
vt 0.953125000 2.000000000
vt 0.953125000 2.250000000
vt 0.953125000 2.500000000
vt 0.953125000 2.750000000
vt 0.968750000 2.000000000
vt 0.968750000 2.250000000
vt 0.968750000 2.500000000
vt 0.968750000 2.750000000
vt 0.984375000 2.000000000
vt 0.984375000 2.250000000
vt 0.984375000 2.500000000
vt 0.984375000 2.750000000
vt 1.000000000 2.000000000
vt 1.000000000 2.250000000
vt 1.000000000 2.500000000
vt 1.000000000 2.750000000
vt 0.000000000 4.000000000
vt 0.000000000 4.250000000
vt 0.000000000 4.500000000
vt 0.000000000 4.750000000
vt 0.015625000 4.000000000
vt 0.015625000 4.250000000
vt 0.015625000 4.500000000
vt 0.015625000 4.750000000
vt 0.031250000 4.000000000
vt 0.031250000 4.250000000
vt 0.031250000 4.500000000
vt 0.031250000 4.750000000
vt 0.046875000 4.000000000
vt 0.046875000 4.250000000
vt 0.046875000 4.500000000
vt 0.046875000 4.750000000
vt 0.062500000 4.000000000
vt 0.062500000 4.250000000
vt 0.062500000 4.500000000
vt 0.062500000 4.750000000
vt 0.078125000 4.000000000
vt 0.078125000 4.250000000
vt 0.078125000 4.500000000
vt 0.078125000 4.750000000
vt 0.093750000 4.000000000
vt 0.093750000 4.250000000
vt 0.093750000 4.500000000
vt 0.093750000 4.750000000
vt 0.109375000 4.000000000
vt 0.109375000 4.250000000
vt 0.109375000 4.500000000
vt 0.109375000 4.750000000
vt 0.125000000 4.000000000
vt 0.125000000 4.250000000
vt 0.125000000 4.500000000
vt 0.125000000 4.750000000
vt 0.140625000 4.000000000
vt 0.140625000 4.250000000
vt 0.140625000 4.500000000
vt 0.140625000 4.750000000
vt 0.156250000 4.000000000
vt 0.156250000 4.250000000
vt 0.156250000 4.500000000
vt 0.156250000 4.750000000
vt 0.171875000 4.000000000
vt 0.171875000 4.250000000
vt 0.171875000 4.500000000
vt 0.171875000 4.750000000
vt 0.187500000 4.000000000
vt 0.187500000 4.250000000
vt 0.187500000 4.500000000
vt 0.187500000 4.750000000
vt 0.203125000 4.000000000
vt 0.203125000 4.250000000
vt 0.203125000 4.500000000
vt 0.203125000 4.750000000
vt 0.218750000 4.000000000
vt 0.218750000 4.250000000
vt 0.218750000 4.500000000
vt 0.218750000 4.750000000
vt 0.234375000 4.000000000
vt 0.234375000 4.250000000
vt 0.234375000 4.500000000
vt 0.234375000 4.750000000
vt 0.250000000 4.000000000
vt 0.250000000 4.250000000
vt 0.250000000 4.500000000
vt 0.250000000 4.750000000
vt 0.265625000 4.000000000
vt 0.265625000 4.250000000
vt 0.265625000 4.500000000
vt 0.265625000 4.750000000
vt 0.281250000 4.000000000
vt 0.281250000 4.250000000
vt 0.281250000 4.500000000
vt 0.281250000 4.750000000
vt 0.296875000 4.000000000
vt 0.296875000 4.250000000
vt 0.296875000 4.500000000
vt 0.296875000 4.750000000
vt 0.312500000 4.000000000
vt 0.312500000 4.250000000
vt 0.312500000 4.500000000
vt 0.312500000 4.750000000
vt 0.328125000 4.000000000
vt 0.328125000 4.250000000
vt 0.328125000 4.500000000
vt 0.328125000 4.750000000
vt 0.343750000 4.000000000
vt 0.343750000 4.250000000
vt 0.343750000 4.500000000
vt 0.343750000 4.750000000
vt 0.359375000 4.000000000
vt 0.359375000 4.250000000
vt 0.359375000 4.500000000
vt 0.359375000 4.750000000
vt 0.375000000 4.000000000
vt 0.375000000 4.250000000
vt 0.375000000 4.500000000
vt 0.375000000 4.750000000
vt 0.390625000 4.000000000
vt 0.390625000 4.250000000
vt 0.390625000 4.500000000
vt 0.390625000 4.750000000
vt 0.406250000 4.000000000
vt 0.406250000 4.250000000
vt 0.406250000 4.500000000
vt 0.406250000 4.750000000
vt 0.421875000 4.000000000
vt 0.421875000 4.250000000
vt 0.421875000 4.500000000
vt 0.421875000 4.750000000
vt 0.437500000 4.000000000
vt 0.437500000 4.250000000
vt 0.437500000 4.500000000
vt 0.437500000 4.750000000
vt 0.453125000 4.000000000
vt 0.453125000 4.250000000
vt 0.453125000 4.500000000
vt 0.453125000 4.750000000
vt 0.468750000 4.000000000
vt 0.468750000 4.250000000
vt 0.468750000 4.500000000
vt 0.468750000 4.750000000
vt 0.484375000 4.000000000
vt 0.484375000 4.250000000
vt 0.484375000 4.500000000
vt 0.484375000 4.750000000
vt 0.500000000 4.000000000
vt 0.500000000 4.250000000
vt 0.500000000 4.500000000
vt 0.500000000 4.750000000
vt 0.515625000 4.000000000
vt 0.515625000 4.250000000
vt 0.515625000 4.500000000
vt 0.515625000 4.750000000
vt 0.531250000 4.000000000
vt 0.531250000 4.250000000
vt 0.531250000 4.500000000
vt 0.531250000 4.750000000
vt 0.546875000 4.000000000
vt 0.546875000 4.250000000
vt 0.546875000 4.500000000
vt 0.546875000 4.750000000
vt 0.562500000 4.000000000
vt 0.562500000 4.250000000
vt 0.562500000 4.500000000
vt 0.562500000 4.750000000
vt 0.578125000 4.000000000
vt 0.578125000 4.250000000
vt 0.578125000 4.500000000
vt 0.578125000 4.750000000
vt 0.593750000 4.000000000
vt 0.593750000 4.250000000
vt 0.593750000 4.500000000
vt 0.593750000 4.750000000
vt 0.609375000 4.000000000
vt 0.609375000 4.250000000
vt 0.609375000 4.500000000
vt 0.609375000 4.750000000
vt 0.625000000 4.000000000
vt 0.625000000 4.250000000
vt 0.625000000 4.500000000
vt 0.625000000 4.750000000
vt 0.640625000 4.000000000
vt 0.640625000 4.250000000
vt 0.640625000 4.500000000
vt 0.640625000 4.750000000
vt 0.656250000 4.000000000
vt 0.656250000 4.250000000
vt 0.656250000 4.500000000
vt 0.656250000 4.750000000
vt 0.671875000 4.000000000
vt 0.671875000 4.250000000
vt 0.671875000 4.500000000
vt 0.671875000 4.750000000
vt 0.687500000 4.000000000
vt 0.687500000 4.250000000
vt 0.687500000 4.500000000
vt 0.687500000 4.750000000
vt 0.703125000 4.000000000
vt 0.703125000 4.250000000
vt 0.703125000 4.500000000
vt 0.703125000 4.750000000
vt 0.718750000 4.000000000
vt 0.718750000 4.250000000
vt 0.718750000 4.500000000
vt 0.718750000 4.750000000
vt 0.734375000 4.000000000
vt 0.734375000 4.250000000
vt 0.734375000 4.500000000
vt 0.734375000 4.750000000
vt 0.750000000 4.000000000
vt 0.750000000 4.250000000
vt 0.750000000 4.500000000
vt 0.750000000 4.750000000
vt 0.765625000 4.000000000
vt 0.765625000 4.250000000
vt 0.765625000 4.500000000
vt 0.765625000 4.750000000
vt 0.781250000 4.000000000
vt 0.781250000 4.250000000
vt 0.781250000 4.500000000
vt 0.781250000 4.750000000
vt 0.796875000 4.000000000
vt 0.796875000 4.250000000
vt 0.796875000 4.500000000
vt 0.796875000 4.750000000
vt 0.812500000 4.000000000
vt 0.812500000 4.250000000
vt 0.812500000 4.500000000
vt 0.812500000 4.750000000
vt 0.828125000 4.000000000
vt 0.828125000 4.250000000
vt 0.828125000 4.500000000
vt 0.828125000 4.750000000
vt 0.843750000 4.000000000
vt 0.843750000 4.250000000
vt 0.843750000 4.500000000
vt 0.843750000 4.750000000
vt 0.859375000 4.000000000
vt 0.859375000 4.250000000
vt 0.859375000 4.500000000
vt 0.859375000 4.750000000
vt 0.875000000 4.000000000
vt 0.875000000 4.250000000
vt 0.875000000 4.500000000
vt 0.875000000 4.750000000
vt 0.890625000 4.000000000
vt 0.890625000 4.250000000
vt 0.890625000 4.500000000
vt 0.890625000 4.750000000
vt 0.906250000 4.000000000
vt 0.906250000 4.250000000
vt 0.906250000 4.500000000
vt 0.906250000 4.750000000
vt 0.921875000 4.000000000
vt 0.921875000 4.250000000
vt 0.921875000 4.500000000
vt 0.921875000 4.750000000
vt 0.937500000 4.000000000
vt 0.937500000 4.250000000
vt 0.937500000 4.500000000
vt 0.937500000 4.750000000
vt 0.953125000 4.000000000
vt 0.953125000 4.250000000
vt 0.953125000 4.500000000
vt 0.953125000 4.750000000
vt 0.968750000 4.000000000
vt 0.968750000 4.250000000
vt 0.968750000 4.500000000
vt 0.968750000 4.750000000
vt 0.984375000 4.000000000
vt 0.984375000 4.250000000
vt 0.984375000 4.500000000
vt 0.984375000 4.750000000
vt 1.000000000 4.000000000
vt 1.000000000 4.250000000
vt 1.000000000 4.500000000
vt 1.000000000 4.750000000
vt 4.000000000 6.000000000
vt 4.000000000 6.250000000
vt 4.000000000 6.500000000
vt 4.000000000 6.750000000
vt 4.083333333 6.000000000
vt 4.083333333 6.250000000
vt 4.083333333 6.500000000
vt 4.083333333 6.750000000
vt 4.166666667 6.000000000
vt 4.166666667 6.250000000
vt 4.166666667 6.500000000
vt 4.166666667 6.750000000
vt 4.250000000 6.000000000
vt 4.250000000 6.250000000
vt 4.250000000 6.500000000
vt 4.250000000 6.750000000
vt 4.333333333 6.000000000
vt 4.333333333 6.250000000
vt 4.333333333 6.500000000
vt 4.333333333 6.750000000
vt 4.416666667 6.000000000
vt 4.416666667 6.250000000
vt 4.416666667 6.500000000
vt 4.416666667 6.750000000
vt 4.500000000 6.000000000
vt 4.500000000 6.250000000
vt 4.500000000 6.500000000
vt 4.500000000 6.750000000
vt 4.583333333 6.000000000
vt 4.583333333 6.250000000
vt 4.583333333 6.500000000
vt 4.583333333 6.750000000
vt 4.666666667 6.000000000
vt 4.666666667 6.250000000
vt 4.666666667 6.500000000
vt 4.666666667 6.750000000
vt 4.750000000 6.000000000
vt 4.750000000 6.250000000
vt 4.750000000 6.500000000
vt 4.750000000 6.750000000
vt 4.833333333 6.000000000
vt 4.833333333 6.250000000
vt 4.833333333 6.500000000
vt 4.833333333 6.750000000
vt 4.916666667 6.000000000
vt 4.916666667 6.250000000
vt 4.916666667 6.500000000
vt 4.916666667 6.750000000
vt 5.000000000 6.000000000
vt 5.000000000 6.250000000
vt 5.000000000 6.500000000
vt 5.000000000 6.750000000
vt 8.000000000 8.000000000
vt 8.000000000 8.250000000
vt 8.000000000 8.500000000
vt 8.000000000 8.750000000
vt 8.166666667 8.000000000
vt 8.166666667 8.250000000
vt 8.166666667 8.500000000
vt 8.166666667 8.750000000
vt 8.333333333 8.000000000
vt 8.333333333 8.250000000
vt 8.333333333 8.500000000
vt 8.333333333 8.750000000
vt 8.500000000 8.000000000
vt 8.500000000 8.250000000
vt 8.500000000 8.500000000
vt 8.500000000 8.750000000
vt 8.666666667 8.000000000
vt 8.666666667 8.250000000
vt 8.666666667 8.500000000
vt 8.666666667 8.750000000
vt 8.833333333 8.000000000
vt 8.833333333 8.250000000
vt 8.833333333 8.500000000
vt 8.833333333 8.750000000
vt 9.000000000 8.000000000
vt 9.000000000 8.250000000
vt 9.000000000 8.500000000
vt 9.000000000 8.750000000
vt 8.000000000 10.000000000
vt 8.000000000 10.250000000
vt 8.000000000 10.500000000
vt 8.000000000 10.750000000
vt 8.166666667 10.000000000
vt 8.166666667 10.250000000
vt 8.166666667 10.500000000
vt 8.166666667 10.750000000
vt 8.333333333 10.000000000
vt 8.333333333 10.250000000
vt 8.333333333 10.500000000
vt 8.333333333 10.750000000
vt 8.500000000 10.000000000
vt 8.500000000 10.250000000
vt 8.500000000 10.500000000
vt 8.500000000 10.750000000
vt 8.666666667 10.000000000
vt 8.666666667 10.250000000
vt 8.666666667 10.500000000
vt 8.666666667 10.750000000
vt 8.833333333 10.000000000
vt 8.833333333 10.250000000
vt 8.833333333 10.500000000
vt 8.833333333 10.750000000
vt 9.000000000 10.000000000
vt 9.000000000 10.250000000
vt 9.000000000 10.500000000
vt 9.000000000 10.750000000
vt 4.000000000 12.000000000
vt 4.000000000 12.250000000
vt 4.000000000 12.500000000
vt 4.000000000 12.750000000
vt 4.083333333 12.000000000
vt 4.083333333 12.250000000
vt 4.083333333 12.500000000
vt 4.083333333 12.750000000
vt 4.166666667 12.000000000
vt 4.166666667 12.250000000
vt 4.166666667 12.500000000
vt 4.166666667 12.750000000
vt 4.250000000 12.000000000
vt 4.250000000 12.250000000
vt 4.250000000 12.500000000
vt 4.250000000 12.750000000
vt 4.333333333 12.000000000
vt 4.333333333 12.250000000
vt 4.333333333 12.500000000
vt 4.333333333 12.750000000
vt 4.416666667 12.000000000
vt 4.416666667 12.250000000
vt 4.416666667 12.500000000
vt 4.416666667 12.750000000
vt 4.500000000 12.000000000
vt 4.500000000 12.250000000
vt 4.500000000 12.500000000
vt 4.500000000 12.750000000
vt 4.583333333 12.000000000
vt 4.583333333 12.250000000
vt 4.583333333 12.500000000
vt 4.583333333 12.750000000
vt 4.666666667 12.000000000
vt 4.666666667 12.250000000
vt 4.666666667 12.500000000
vt 4.666666667 12.750000000
vt 4.750000000 12.000000000
vt 4.750000000 12.250000000
vt 4.750000000 12.500000000
vt 4.750000000 12.750000000
vt 4.833333333 12.000000000
vt 4.833333333 12.250000000
vt 4.833333333 12.500000000
vt 4.833333333 12.750000000
vt 4.916666667 12.000000000
vt 4.916666667 12.250000000
vt 4.916666667 12.500000000
vt 4.916666667 12.750000000
vt 5.000000000 12.000000000
vt 5.000000000 12.250000000
vt 5.000000000 12.500000000
vt 5.000000000 12.750000000
vt 8.000000000 14.000000000
vt 8.000000000 14.250000000
vt 8.000000000 14.500000000
vt 8.000000000 14.750000000
vt 8.166666667 14.000000000
vt 8.166666667 14.250000000
vt 8.166666667 14.500000000
vt 8.166666667 14.750000000
vt 8.333333333 14.000000000
vt 8.333333333 14.250000000
vt 8.333333333 14.500000000
vt 8.333333333 14.750000000
vt 8.500000000 14.000000000
vt 8.500000000 14.250000000
vt 8.500000000 14.500000000
vt 8.500000000 14.750000000
vt 8.666666667 14.000000000
vt 8.666666667 14.250000000
vt 8.666666667 14.500000000
vt 8.666666667 14.750000000
vt 8.833333333 14.000000000
vt 8.833333333 14.250000000
vt 8.833333333 14.500000000
vt 8.833333333 14.750000000
vt 9.000000000 14.000000000
vt 9.000000000 14.250000000
vt 9.000000000 14.500000000
vt 9.000000000 14.750000000
vt 8.000000000 16.000000000
vt 8.000000000 16.250000000
vt 8.000000000 16.500000000
vt 8.000000000 16.750000000
vt 8.166666667 16.000000000
vt 8.166666667 16.250000000
vt 8.166666667 16.500000000
vt 8.166666667 16.750000000
vt 8.333333333 16.000000000
vt 8.333333333 16.250000000
vt 8.333333333 16.500000000
vt 8.333333333 16.750000000
vt 8.500000000 16.000000000
vt 8.500000000 16.250000000
vt 8.500000000 16.500000000
vt 8.500000000 16.750000000
vt 8.666666667 16.000000000
vt 8.666666667 16.250000000
vt 8.666666667 16.500000000
vt 8.666666667 16.750000000
vt 8.833333333 16.000000000
vt 8.833333333 16.250000000
vt 8.833333333 16.500000000
vt 8.833333333 16.750000000
vt 9.000000000 16.000000000
vt 9.000000000 16.250000000
vt 9.000000000 16.500000000
vt 9.000000000 16.750000000
vt 4.000000000 18.000000000
vt 4.000000000 18.250000000
vt 4.000000000 18.500000000
vt 4.000000000 18.750000000
vt 4.083333333 18.000000000
vt 4.083333333 18.250000000
vt 4.083333333 18.500000000
vt 4.083333333 18.750000000
vt 4.166666667 18.000000000
vt 4.166666667 18.250000000
vt 4.166666667 18.500000000
vt 4.166666667 18.750000000
vt 4.250000000 18.000000000
vt 4.250000000 18.250000000
vt 4.250000000 18.500000000
vt 4.250000000 18.750000000
vt 4.333333333 18.000000000
vt 4.333333333 18.250000000
vt 4.333333333 18.500000000
vt 4.333333333 18.750000000
vt 4.416666667 18.000000000
vt 4.416666667 18.250000000
vt 4.416666667 18.500000000
vt 4.416666667 18.750000000
vt 4.500000000 18.000000000
vt 4.500000000 18.250000000
vt 4.500000000 18.500000000
vt 4.500000000 18.750000000
vt 4.583333333 18.000000000
vt 4.583333333 18.250000000
vt 4.583333333 18.500000000
vt 4.583333333 18.750000000
vt 4.666666667 18.000000000
vt 4.666666667 18.250000000
vt 4.666666667 18.500000000
vt 4.666666667 18.750000000
vt 4.750000000 18.000000000
vt 4.750000000 18.250000000
vt 4.750000000 18.500000000
vt 4.750000000 18.750000000
vt 4.833333333 18.000000000
vt 4.833333333 18.250000000
vt 4.833333333 18.500000000
vt 4.833333333 18.750000000
vt 4.916666667 18.000000000
vt 4.916666667 18.250000000
vt 4.916666667 18.500000000
vt 4.916666667 18.750000000
vt 5.000000000 18.000000000
vt 5.000000000 18.250000000
vt 5.000000000 18.500000000
vt 5.000000000 18.750000000
vt 8.000000000 20.000000000
vt 8.000000000 20.250000000
vt 8.000000000 20.500000000
vt 8.000000000 20.750000000
vt 8.166666667 20.000000000
vt 8.166666667 20.250000000
vt 8.166666667 20.500000000
vt 8.166666667 20.750000000
vt 8.333333333 20.000000000
vt 8.333333333 20.250000000
vt 8.333333333 20.500000000
vt 8.333333333 20.750000000
vt 8.500000000 20.000000000
vt 8.500000000 20.250000000
vt 8.500000000 20.500000000
vt 8.500000000 20.750000000
vt 8.666666667 20.000000000
vt 8.666666667 20.250000000
vt 8.666666667 20.500000000
vt 8.666666667 20.750000000
vt 8.833333333 20.000000000
vt 8.833333333 20.250000000
vt 8.833333333 20.500000000
vt 8.833333333 20.750000000
vt 9.000000000 20.000000000
vt 9.000000000 20.250000000
vt 9.000000000 20.500000000
vt 9.000000000 20.750000000
vt 8.000000000 22.000000000
vt 8.000000000 22.250000000
vt 8.000000000 22.500000000
vt 8.000000000 22.750000000
vt 8.166666667 22.000000000
vt 8.166666667 22.250000000
vt 8.166666667 22.500000000
vt 8.166666667 22.750000000
vt 8.333333333 22.000000000
vt 8.333333333 22.250000000
vt 8.333333333 22.500000000
vt 8.333333333 22.750000000
vt 8.500000000 22.000000000
vt 8.500000000 22.250000000
vt 8.500000000 22.500000000
vt 8.500000000 22.750000000
vt 8.666666667 22.000000000
vt 8.666666667 22.250000000
vt 8.666666667 22.500000000
vt 8.666666667 22.750000000
vt 8.833333333 22.000000000
vt 8.833333333 22.250000000
vt 8.833333333 22.500000000
vt 8.833333333 22.750000000
vt 9.000000000 22.000000000
vt 9.000000000 22.250000000
vt 9.000000000 22.500000000
vt 9.000000000 22.750000000
vt 4.000000000 24.000000000
vt 4.000000000 24.250000000
vt 4.000000000 24.500000000
vt 4.000000000 24.750000000
vt 4.083333333 24.000000000
vt 4.083333333 24.250000000
vt 4.083333333 24.500000000
vt 4.083333333 24.750000000
vt 4.166666667 24.000000000
vt 4.166666667 24.250000000
vt 4.166666667 24.500000000
vt 4.166666667 24.750000000
vt 4.250000000 24.000000000
vt 4.250000000 24.250000000
vt 4.250000000 24.500000000
vt 4.250000000 24.750000000
vt 4.333333333 24.000000000
vt 4.333333333 24.250000000
vt 4.333333333 24.500000000
vt 4.333333333 24.750000000
vt 4.416666667 24.000000000
vt 4.416666667 24.250000000
vt 4.416666667 24.500000000
vt 4.416666667 24.750000000
vt 4.500000000 24.000000000
vt 4.500000000 24.250000000
vt 4.500000000 24.500000000
vt 4.500000000 24.750000000
vt 4.583333333 24.000000000
vt 4.583333333 24.250000000
vt 4.583333333 24.500000000
vt 4.583333333 24.750000000
vt 4.666666667 24.000000000
vt 4.666666667 24.250000000
vt 4.666666667 24.500000000
vt 4.666666667 24.750000000
vt 4.750000000 24.000000000
vt 4.750000000 24.250000000
vt 4.750000000 24.500000000
vt 4.750000000 24.750000000
vt 4.833333333 24.000000000
vt 4.833333333 24.250000000
vt 4.833333333 24.500000000
vt 4.833333333 24.750000000
vt 4.916666667 24.000000000
vt 4.916666667 24.250000000
vt 4.916666667 24.500000000
vt 4.916666667 24.750000000
vt 5.000000000 24.000000000
vt 5.000000000 24.250000000
vt 5.000000000 24.500000000
vt 5.000000000 24.750000000
vt 8.000000000 26.000000000
vt 8.000000000 26.250000000
vt 8.000000000 26.500000000
vt 8.000000000 26.750000000
vt 8.166666667 26.000000000
vt 8.166666667 26.250000000
vt 8.166666667 26.500000000
vt 8.166666667 26.750000000
vt 8.333333333 26.000000000
vt 8.333333333 26.250000000
vt 8.333333333 26.500000000
vt 8.333333333 26.750000000
vt 8.500000000 26.000000000
vt 8.500000000 26.250000000
vt 8.500000000 26.500000000
vt 8.500000000 26.750000000
vt 8.666666667 26.000000000
vt 8.666666667 26.250000000
vt 8.666666667 26.500000000
vt 8.666666667 26.750000000
vt 8.833333333 26.000000000
vt 8.833333333 26.250000000
vt 8.833333333 26.500000000
vt 8.833333333 26.750000000
vt 9.000000000 26.000000000
vt 9.000000000 26.250000000
vt 9.000000000 26.500000000
vt 9.000000000 26.750000000
vt 8.000000000 28.000000000
vt 8.000000000 28.250000000
vt 8.000000000 28.500000000
vt 8.000000000 28.750000000
vt 8.166666667 28.000000000
vt 8.166666667 28.250000000
vt 8.166666667 28.500000000
vt 8.166666667 28.750000000
vt 8.333333333 28.000000000
vt 8.333333333 28.250000000
vt 8.333333333 28.500000000
vt 8.333333333 28.750000000
vt 8.500000000 28.000000000
vt 8.500000000 28.250000000
vt 8.500000000 28.500000000
vt 8.500000000 28.750000000
vt 8.666666667 28.000000000
vt 8.666666667 28.250000000
vt 8.666666667 28.500000000
vt 8.666666667 28.750000000
vt 8.833333333 28.000000000
vt 8.833333333 28.250000000
vt 8.833333333 28.500000000
vt 8.833333333 28.750000000
vt 9.000000000 28.000000000
vt 9.000000000 28.250000000
vt 9.000000000 28.500000000
vt 9.000000000 28.750000000
vt 4.000000000 30.000000000
vt 4.000000000 30.250000000
vt 4.000000000 30.500000000
vt 4.000000000 30.750000000
vt 4.083333333 30.000000000
vt 4.083333333 30.250000000
vt 4.083333333 30.500000000
vt 4.083333333 30.750000000
vt 4.166666667 30.000000000
vt 4.166666667 30.250000000
vt 4.166666667 30.500000000
vt 4.166666667 30.750000000
vt 4.250000000 30.000000000
vt 4.250000000 30.250000000
vt 4.250000000 30.500000000
vt 4.250000000 30.750000000
vt 4.333333333 30.000000000
vt 4.333333333 30.250000000
vt 4.333333333 30.500000000
vt 4.333333333 30.750000000
vt 4.416666667 30.000000000
vt 4.416666667 30.250000000
vt 4.416666667 30.500000000
vt 4.416666667 30.750000000
vt 4.500000000 30.000000000
vt 4.500000000 30.250000000
vt 4.500000000 30.500000000
vt 4.500000000 30.750000000
vt 4.583333333 30.000000000
vt 4.583333333 30.250000000
vt 4.583333333 30.500000000
vt 4.583333333 30.750000000
vt 4.666666667 30.000000000
vt 4.666666667 30.250000000
vt 4.666666667 30.500000000
vt 4.666666667 30.750000000
vt 4.750000000 30.000000000
vt 4.750000000 30.250000000
vt 4.750000000 30.500000000
vt 4.750000000 30.750000000
vt 4.833333333 30.000000000
vt 4.833333333 30.250000000
vt 4.833333333 30.500000000
vt 4.833333333 30.750000000
vt 4.916666667 30.000000000
vt 4.916666667 30.250000000
vt 4.916666667 30.500000000
vt 4.916666667 30.750000000
vt 5.000000000 30.000000000
vt 5.000000000 30.250000000
vt 5.000000000 30.500000000
vt 5.000000000 30.750000000
vt 8.000000000 32.000000000
vt 8.000000000 32.250000000
vt 8.000000000 32.500000000
vt 8.000000000 32.750000000
vt 8.166666667 32.000000000
vt 8.166666667 32.250000000
vt 8.166666667 32.500000000
vt 8.166666667 32.750000000
vt 8.333333333 32.000000000
vt 8.333333333 32.250000000
vt 8.333333333 32.500000000
vt 8.333333333 32.750000000
vt 8.500000000 32.000000000
vt 8.500000000 32.250000000
vt 8.500000000 32.500000000
vt 8.500000000 32.750000000
vt 8.666666667 32.000000000
vt 8.666666667 32.250000000
vt 8.666666667 32.500000000
vt 8.666666667 32.750000000
vt 8.833333333 32.000000000
vt 8.833333333 32.250000000
vt 8.833333333 32.500000000
vt 8.833333333 32.750000000
vt 9.000000000 32.000000000
vt 9.000000000 32.250000000
vt 9.000000000 32.500000000
vt 9.000000000 32.750000000
vt 8.000000000 34.000000000
vt 8.000000000 34.250000000
vt 8.000000000 34.500000000
vt 8.000000000 34.750000000
vt 8.166666667 34.000000000
vt 8.166666667 34.250000000
vt 8.166666667 34.500000000
vt 8.166666667 34.750000000
vt 8.333333333 34.000000000
vt 8.333333333 34.250000000
vt 8.333333333 34.500000000
vt 8.333333333 34.750000000
vt 8.500000000 34.000000000
vt 8.500000000 34.250000000
vt 8.500000000 34.500000000
vt 8.500000000 34.750000000
vt 8.666666667 34.000000000
vt 8.666666667 34.250000000
vt 8.666666667 34.500000000
vt 8.666666667 34.750000000
vt 8.833333333 34.000000000
vt 8.833333333 34.250000000
vt 8.833333333 34.500000000
vt 8.833333333 34.750000000
vt 9.000000000 34.000000000
vt 9.000000000 34.250000000
vt 9.000000000 34.500000000
vt 9.000000000 34.750000000
vt 4.000000000 36.000000000
vt 4.000000000 36.250000000
vt 4.000000000 36.500000000
vt 4.000000000 36.750000000
vt 4.083333333 36.000000000
vt 4.083333333 36.250000000
vt 4.083333333 36.500000000
vt 4.083333333 36.750000000
vt 4.166666667 36.000000000
vt 4.166666667 36.250000000
vt 4.166666667 36.500000000
vt 4.166666667 36.750000000
vt 4.250000000 36.000000000
vt 4.250000000 36.250000000
vt 4.250000000 36.500000000
vt 4.250000000 36.750000000
vt 4.333333333 36.000000000
vt 4.333333333 36.250000000
vt 4.333333333 36.500000000
vt 4.333333333 36.750000000
vt 4.416666667 36.000000000
vt 4.416666667 36.250000000
vt 4.416666667 36.500000000
vt 4.416666667 36.750000000
vt 4.500000000 36.000000000
vt 4.500000000 36.250000000
vt 4.500000000 36.500000000
vt 4.500000000 36.750000000
vt 4.583333333 36.000000000
vt 4.583333333 36.250000000
vt 4.583333333 36.500000000
vt 4.583333333 36.750000000
vt 4.666666667 36.000000000
vt 4.666666667 36.250000000
vt 4.666666667 36.500000000
vt 4.666666667 36.750000000
vt 4.750000000 36.000000000
vt 4.750000000 36.250000000
vt 4.750000000 36.500000000
vt 4.750000000 36.750000000
vt 4.833333333 36.000000000
vt 4.833333333 36.250000000
vt 4.833333333 36.500000000
vt 4.833333333 36.750000000
vt 4.916666667 36.000000000
vt 4.916666667 36.250000000
vt 4.916666667 36.500000000
vt 4.916666667 36.750000000
vt 5.000000000 36.000000000
vt 5.000000000 36.250000000
vt 5.000000000 36.500000000
vt 5.000000000 36.750000000
vt 8.000000000 38.000000000
vt 8.000000000 38.250000000
vt 8.000000000 38.500000000
vt 8.000000000 38.750000000
vt 8.166666667 38.000000000
vt 8.166666667 38.250000000
vt 8.166666667 38.500000000
vt 8.166666667 38.750000000
vt 8.333333333 38.000000000
vt 8.333333333 38.250000000
vt 8.333333333 38.500000000
vt 8.333333333 38.750000000
vt 8.500000000 38.000000000
vt 8.500000000 38.250000000
vt 8.500000000 38.500000000
vt 8.500000000 38.750000000
vt 8.666666667 38.000000000
vt 8.666666667 38.250000000
vt 8.666666667 38.500000000
vt 8.666666667 38.750000000
vt 8.833333333 38.000000000
vt 8.833333333 38.250000000
vt 8.833333333 38.500000000
vt 8.833333333 38.750000000
vt 9.000000000 38.000000000
vt 9.000000000 38.250000000
vt 9.000000000 38.500000000
vt 9.000000000 38.750000000
vt 8.000000000 40.000000000
vt 8.000000000 40.250000000
vt 8.000000000 40.500000000
vt 8.000000000 40.750000000
vt 8.166666667 40.000000000
vt 8.166666667 40.250000000
vt 8.166666667 40.500000000
vt 8.166666667 40.750000000
vt 8.333333333 40.000000000
vt 8.333333333 40.250000000
vt 8.333333333 40.500000000
vt 8.333333333 40.750000000
vt 8.500000000 40.000000000
vt 8.500000000 40.250000000
vt 8.500000000 40.500000000
vt 8.500000000 40.750000000
vt 8.666666667 40.000000000
vt 8.666666667 40.250000000
vt 8.666666667 40.500000000
vt 8.666666667 40.750000000
vt 8.833333333 40.000000000
vt 8.833333333 40.250000000
vt 8.833333333 40.500000000
vt 8.833333333 40.750000000
vt 9.000000000 40.000000000
vt 9.000000000 40.250000000
vt 9.000000000 40.500000000
vt 9.000000000 40.750000000
vt 4.000000000 42.000000000
vt 4.000000000 42.250000000
vt 4.000000000 42.500000000
vt 4.000000000 42.750000000
vt 4.083333333 42.000000000
vt 4.083333333 42.250000000
vt 4.083333333 42.500000000
vt 4.083333333 42.750000000
vt 4.166666667 42.000000000
vt 4.166666667 42.250000000
vt 4.166666667 42.500000000
vt 4.166666667 42.750000000
vt 4.250000000 42.000000000
vt 4.250000000 42.250000000
vt 4.250000000 42.500000000
vt 4.250000000 42.750000000
vt 4.333333333 42.000000000
vt 4.333333333 42.250000000
vt 4.333333333 42.500000000
vt 4.333333333 42.750000000
vt 4.416666667 42.000000000
vt 4.416666667 42.250000000
vt 4.416666667 42.500000000
vt 4.416666667 42.750000000
vt 4.500000000 42.000000000
vt 4.500000000 42.250000000
vt 4.500000000 42.500000000
vt 4.500000000 42.750000000
vt 4.583333333 42.000000000
vt 4.583333333 42.250000000
vt 4.583333333 42.500000000
vt 4.583333333 42.750000000
vt 4.666666667 42.000000000
vt 4.666666667 42.250000000
vt 4.666666667 42.500000000
vt 4.666666667 42.750000000
vt 4.750000000 42.000000000
vt 4.750000000 42.250000000
vt 4.750000000 42.500000000
vt 4.750000000 42.750000000
vt 4.833333333 42.000000000
vt 4.833333333 42.250000000
vt 4.833333333 42.500000000
vt 4.833333333 42.750000000
vt 4.916666667 42.000000000
vt 4.916666667 42.250000000
vt 4.916666667 42.500000000
vt 4.916666667 42.750000000
vt 5.000000000 42.000000000
vt 5.000000000 42.250000000
vt 5.000000000 42.500000000
vt 5.000000000 42.750000000
vt 8.000000000 44.000000000
vt 8.000000000 44.250000000
vt 8.000000000 44.500000000
vt 8.000000000 44.750000000
vt 8.166666667 44.000000000
vt 8.166666667 44.250000000
vt 8.166666667 44.500000000
vt 8.166666667 44.750000000
vt 8.333333333 44.000000000
vt 8.333333333 44.250000000
vt 8.333333333 44.500000000
vt 8.333333333 44.750000000
vt 8.500000000 44.000000000
vt 8.500000000 44.250000000
vt 8.500000000 44.500000000
vt 8.500000000 44.750000000
vt 8.666666667 44.000000000
vt 8.666666667 44.250000000
vt 8.666666667 44.500000000
vt 8.666666667 44.750000000
vt 8.833333333 44.000000000
vt 8.833333333 44.250000000
vt 8.833333333 44.500000000
vt 8.833333333 44.750000000
vt 9.000000000 44.000000000
vt 9.000000000 44.250000000
vt 9.000000000 44.500000000
vt 9.000000000 44.750000000
vt 8.000000000 46.000000000
vt 8.000000000 46.250000000
vt 8.000000000 46.500000000
vt 8.000000000 46.750000000
vt 8.166666667 46.000000000
vt 8.166666667 46.250000000
vt 8.166666667 46.500000000
vt 8.166666667 46.750000000
vt 8.333333333 46.000000000
vt 8.333333333 46.250000000
vt 8.333333333 46.500000000
vt 8.333333333 46.750000000
vt 8.500000000 46.000000000
vt 8.500000000 46.250000000
vt 8.500000000 46.500000000
vt 8.500000000 46.750000000
vt 8.666666667 46.000000000
vt 8.666666667 46.250000000
vt 8.666666667 46.500000000
vt 8.666666667 46.750000000
vt 8.833333333 46.000000000
vt 8.833333333 46.250000000
vt 8.833333333 46.500000000
vt 8.833333333 46.750000000
vt 9.000000000 46.000000000
vt 9.000000000 46.250000000
vt 9.000000000 46.500000000
vt 9.000000000 46.750000000
vt 4.000000000 48.000000000
vt 4.000000000 48.250000000
vt 4.000000000 48.500000000
vt 4.000000000 48.750000000
vt 4.083333333 48.000000000
vt 4.083333333 48.250000000
vt 4.083333333 48.500000000
vt 4.083333333 48.750000000
vt 4.166666667 48.000000000
vt 4.166666667 48.250000000
vt 4.166666667 48.500000000
vt 4.166666667 48.750000000
vt 4.250000000 48.000000000
vt 4.250000000 48.250000000
vt 4.250000000 48.500000000
vt 4.250000000 48.750000000
vt 4.333333333 48.000000000
vt 4.333333333 48.250000000
vt 4.333333333 48.500000000
vt 4.333333333 48.750000000
vt 4.416666667 48.000000000
vt 4.416666667 48.250000000
vt 4.416666667 48.500000000
vt 4.416666667 48.750000000
vt 4.500000000 48.000000000
vt 4.500000000 48.250000000
vt 4.500000000 48.500000000
vt 4.500000000 48.750000000
vt 4.583333333 48.000000000
vt 4.583333333 48.250000000
vt 4.583333333 48.500000000
vt 4.583333333 48.750000000
vt 4.666666667 48.000000000
vt 4.666666667 48.250000000
vt 4.666666667 48.500000000
vt 4.666666667 48.750000000
vt 4.750000000 48.000000000
vt 4.750000000 48.250000000
vt 4.750000000 48.500000000
vt 4.750000000 48.750000000
vt 4.833333333 48.000000000
vt 4.833333333 48.250000000
vt 4.833333333 48.500000000
vt 4.833333333 48.750000000
vt 4.916666667 48.000000000
vt 4.916666667 48.250000000
vt 4.916666667 48.500000000
vt 4.916666667 48.750000000
vt 5.000000000 48.000000000
vt 5.000000000 48.250000000
vt 5.000000000 48.500000000
vt 5.000000000 48.750000000
vt 8.000000000 50.000000000
vt 8.000000000 50.250000000
vt 8.000000000 50.500000000
vt 8.000000000 50.750000000
vt 8.166666667 50.000000000
vt 8.166666667 50.250000000
vt 8.166666667 50.500000000
vt 8.166666667 50.750000000
vt 8.333333333 50.000000000
vt 8.333333333 50.250000000
vt 8.333333333 50.500000000
vt 8.333333333 50.750000000
vt 8.500000000 50.000000000
vt 8.500000000 50.250000000
vt 8.500000000 50.500000000
vt 8.500000000 50.750000000
vt 8.666666667 50.000000000
vt 8.666666667 50.250000000
vt 8.666666667 50.500000000
vt 8.666666667 50.750000000
vt 8.833333333 50.000000000
vt 8.833333333 50.250000000
vt 8.833333333 50.500000000
vt 8.833333333 50.750000000
vt 9.000000000 50.000000000
vt 9.000000000 50.250000000
vt 9.000000000 50.500000000
vt 9.000000000 50.750000000
vt 8.000000000 52.000000000
vt 8.000000000 52.250000000
vt 8.000000000 52.500000000
vt 8.000000000 52.750000000
vt 8.166666667 52.000000000
vt 8.166666667 52.250000000
vt 8.166666667 52.500000000
vt 8.166666667 52.750000000
vt 8.333333333 52.000000000
vt 8.333333333 52.250000000
vt 8.333333333 52.500000000
vt 8.333333333 52.750000000
vt 8.500000000 52.000000000
vt 8.500000000 52.250000000
vt 8.500000000 52.500000000
vt 8.500000000 52.750000000
vt 8.666666667 52.000000000
vt 8.666666667 52.250000000
vt 8.666666667 52.500000000
vt 8.666666667 52.750000000
vt 8.833333333 52.000000000
vt 8.833333333 52.250000000
vt 8.833333333 52.500000000
vt 8.833333333 52.750000000
vt 9.000000000 52.000000000
vt 9.000000000 52.250000000
vt 9.000000000 52.500000000
vt 9.000000000 52.750000000
vn -0.706680526 0.706680526 0.034716988
vn -0.706680526 0.706680526 0.034716988
vn -0.706680526 -0.706680526 -0.034716988
vn -0.706680526 -0.706680526 -0.034716988
vn 0.706680526 -0.706680526 -0.034716988
vn 0.706680526 -0.706680526 -0.034716988
vn 0.706680526 0.706680526 0.034716988
vn 0.706680526 0.706680526 0.034716988
vn -0.706680526 0.699874806 0.103816620
vn -0.706680526 0.699874806 0.103816620
vn -0.706680526 -0.699874806 -0.103816620
vn -0.706680526 -0.699874806 -0.103816620
vn 0.706680526 -0.699874806 -0.103816620
vn 0.706680526 -0.699874806 -0.103816620
vn 0.706680526 0.699874806 0.103816620
vn 0.706680526 0.699874806 0.103816620
vn -0.706680526 0.686328909 0.171916442
vn -0.706680526 0.686328909 0.171916442
vn -0.706680526 -0.686328909 -0.171916442
vn -0.706680526 -0.686328909 -0.171916442
vn 0.706680526 -0.686328909 -0.171916442
vn 0.706680526 -0.686328909 -0.171916442
vn 0.706680526 0.686328909 0.171916442
vn 0.706680526 0.686328909 0.171916442
vn -0.706680526 0.666173290 0.238360614
vn -0.706680526 0.666173290 0.238360614
vn -0.706680526 -0.666173290 -0.238360614
vn -0.706680526 -0.666173290 -0.238360614
vn 0.706680526 -0.666173290 -0.238360614
vn 0.706680526 -0.666173290 -0.238360614
vn 0.706680526 0.666173290 0.238360614
vn 0.706680526 0.666173290 0.238360614
vn -0.706680526 0.639602058 0.302509244
vn -0.706680526 0.639602058 0.302509244
vn -0.706680526 -0.639602058 -0.302509244
vn -0.706680526 -0.639602058 -0.302509244
vn 0.706680526 -0.639602058 -0.302509244
vn 0.706680526 -0.639602058 -0.302509244
vn 0.706680526 0.639602058 0.302509244
vn 0.706680526 0.639602058 0.302509244
vn -0.706680526 0.606871108 0.363744544
vn -0.706680526 0.606871108 0.363744544
vn -0.706680526 -0.606871108 -0.363744544
vn -0.706680526 -0.606871108 -0.363744544
vn 0.706680526 -0.606871108 -0.363744544
vn 0.706680526 -0.606871108 -0.363744544
vn 0.706680526 0.606871108 0.363744544
vn 0.706680526 0.606871108 0.363744544
vn -0.706680526 0.568295658 0.421476785
vn -0.706680526 0.568295658 0.421476785
vn -0.706680526 -0.568295658 -0.421476785
vn -0.706680526 -0.568295658 -0.421476785
vn 0.706680526 -0.568295658 -0.421476785
vn 0.706680526 -0.568295658 -0.421476785
vn 0.706680526 0.568295658 0.421476785
vn 0.706680526 0.568295658 0.421476785
vn -0.706680526 0.524247209 0.475149974
vn -0.706680526 0.524247209 0.475149974
vn -0.706680526 -0.524247209 -0.475149974
vn -0.706680526 -0.524247209 -0.475149974
vn 0.706680526 -0.524247209 -0.475149974
vn 0.706680526 -0.524247209 -0.475149974
vn 0.706680526 0.524247209 0.475149974
vn 0.706680526 0.524247209 0.475149974
vn -0.706680526 0.475149974 0.524247209
vn -0.706680526 0.475149974 0.524247209
vn -0.706680526 -0.475149974 -0.524247209
vn -0.706680526 -0.475149974 -0.524247209
vn 0.706680526 -0.475149974 -0.524247209
vn 0.706680526 -0.475149974 -0.524247209
vn 0.706680526 0.475149974 0.524247209
vn 0.706680526 0.475149974 0.524247209
vn -0.706680526 0.421476785 0.568295658
vn -0.706680526 0.421476785 0.568295658
vn -0.706680526 -0.421476785 -0.568295658
vn -0.706680526 -0.421476785 -0.568295658
vn 0.706680526 -0.421476785 -0.568295658
vn 0.706680526 -0.421476785 -0.568295658
vn 0.706680526 0.421476785 0.568295658
vn 0.706680526 0.421476785 0.568295658
vn -0.706680526 0.363744544 0.606871108
vn -0.706680526 0.363744544 0.606871108
vn -0.706680526 -0.363744544 -0.606871108
vn -0.706680526 -0.363744544 -0.606871108
vn 0.706680526 -0.363744544 -0.606871108
vn 0.706680526 -0.363744544 -0.606871108
vn 0.706680526 0.363744544 0.606871108
vn 0.706680526 0.363744544 0.606871108
vn -0.706680526 0.302509244 0.639602058
vn -0.706680526 0.302509244 0.639602058
vn -0.706680526 -0.302509244 -0.639602058
vn -0.706680526 -0.302509244 -0.639602058
vn 0.706680526 -0.302509244 -0.639602058
vn 0.706680526 -0.302509244 -0.639602058
vn 0.706680526 0.302509244 0.639602058
vn 0.706680526 0.302509244 0.639602058
vn -0.706680526 0.238360614 0.666173290
vn -0.706680526 0.238360614 0.666173290
vn -0.706680526 -0.238360614 -0.666173290
vn -0.706680526 -0.238360614 -0.666173290
vn 0.706680526 -0.238360614 -0.666173290
vn 0.706680526 -0.238360614 -0.666173290
vn 0.706680526 0.238360614 0.666173290
vn 0.706680526 0.238360614 0.666173290
vn -0.706680526 0.171916442 0.686328909
vn -0.706680526 0.171916442 0.686328909
vn -0.706680526 -0.171916442 -0.686328909
vn -0.706680526 -0.171916442 -0.686328909
vn 0.706680526 -0.171916442 -0.686328909
vn 0.706680526 -0.171916442 -0.686328909
vn 0.706680526 0.171916442 0.686328909
vn 0.706680526 0.171916442 0.686328909
vn -0.706680526 0.103816620 0.699874806
vn -0.706680526 0.103816620 0.699874806
vn -0.706680526 -0.103816620 -0.699874806
vn -0.706680526 -0.103816620 -0.699874806
vn 0.706680526 -0.103816620 -0.699874806
vn 0.706680526 -0.103816620 -0.699874806
vn 0.706680526 0.103816620 0.699874806
vn 0.706680526 0.103816620 0.699874806
vn -0.706680526 0.034716988 0.706680526
vn -0.706680526 0.034716988 0.706680526
vn -0.706680526 -0.034716988 -0.706680526
vn -0.706680526 -0.034716988 -0.706680526
vn 0.706680526 -0.034716988 -0.706680526
vn 0.706680526 -0.034716988 -0.706680526
vn 0.706680526 0.034716988 0.706680526
vn 0.706680526 0.034716988 0.706680526
vn -0.706680526 -0.034716988 0.706680526
vn -0.706680526 -0.034716988 0.706680526
vn -0.706680526 0.034716988 -0.706680526
vn -0.706680526 0.034716988 -0.706680526
vn 0.706680526 0.034716988 -0.706680526
vn 0.706680526 0.034716988 -0.706680526
vn 0.706680526 -0.034716988 0.706680526
vn 0.706680526 -0.034716988 0.706680526
vn -0.706680526 -0.103816620 0.699874806
vn -0.706680526 -0.103816620 0.699874806
vn -0.706680526 0.103816620 -0.699874806
vn -0.706680526 0.103816620 -0.699874806
vn 0.706680526 0.103816620 -0.699874806
vn 0.706680526 0.103816620 -0.699874806
vn 0.706680526 -0.103816620 0.699874806
vn 0.706680526 -0.103816620 0.699874806
vn -0.706680526 -0.171916442 0.686328909
vn -0.706680526 -0.171916442 0.686328909
vn -0.706680526 0.171916442 -0.686328909
vn -0.706680526 0.171916442 -0.686328909
vn 0.706680526 0.171916442 -0.686328909
vn 0.706680526 0.171916442 -0.686328909
vn 0.706680526 -0.171916442 0.686328909
vn 0.706680526 -0.171916442 0.686328909
vn -0.706680526 -0.238360614 0.666173290
vn -0.706680526 -0.238360614 0.666173290
vn -0.706680526 0.238360614 -0.666173290
vn -0.706680526 0.238360614 -0.666173290
vn 0.706680526 0.238360614 -0.666173290
vn 0.706680526 0.238360614 -0.666173290
vn 0.706680526 -0.238360614 0.666173290
vn 0.706680526 -0.238360614 0.666173290
vn -0.706680526 -0.302509244 0.639602058
vn -0.706680526 -0.302509244 0.639602058
vn -0.706680526 0.302509244 -0.639602058
vn -0.706680526 0.302509244 -0.639602058
vn 0.706680526 0.302509244 -0.639602058
vn 0.706680526 0.302509244 -0.639602058
vn 0.706680526 -0.302509244 0.639602058
vn 0.706680526 -0.302509244 0.639602058
vn -0.706680526 -0.363744544 0.606871108
vn -0.706680526 -0.363744544 0.606871108
vn -0.706680526 0.363744544 -0.606871108
vn -0.706680526 0.363744544 -0.606871108
vn 0.706680526 0.363744544 -0.606871108
vn 0.706680526 0.363744544 -0.606871108
vn 0.706680526 -0.363744544 0.606871108
vn 0.706680526 -0.363744544 0.606871108
vn -0.706680526 -0.421476785 0.568295658
vn -0.706680526 -0.421476785 0.568295658
vn -0.706680526 0.421476785 -0.568295658
vn -0.706680526 0.421476785 -0.568295658
vn 0.706680526 0.421476785 -0.568295658
vn 0.706680526 0.421476785 -0.568295658
vn 0.706680526 -0.421476785 0.568295658
vn 0.706680526 -0.421476785 0.568295658
vn -0.706680526 -0.475149974 0.524247209
vn -0.706680526 -0.475149974 0.524247209
vn -0.706680526 0.475149974 -0.524247209
vn -0.706680526 0.475149974 -0.524247209
vn 0.706680526 0.475149974 -0.524247209
vn 0.706680526 0.475149974 -0.524247209
vn 0.706680526 -0.475149974 0.524247209
vn 0.706680526 -0.475149974 0.524247209
vn -0.706680526 -0.524247209 0.475149974
vn -0.706680526 -0.524247209 0.475149974
vn -0.706680526 0.524247209 -0.475149974
vn -0.706680526 0.524247209 -0.475149974
vn 0.706680526 0.524247209 -0.475149974
vn 0.706680526 0.524247209 -0.475149974
vn 0.706680526 -0.524247209 0.475149974
vn 0.706680526 -0.524247209 0.475149974
vn -0.706680526 -0.568295658 0.421476785
vn -0.706680526 -0.568295658 0.421476785
vn -0.706680526 0.568295658 -0.421476785
vn -0.706680526 0.568295658 -0.421476785
vn 0.706680526 0.568295658 -0.421476785
vn 0.706680526 0.568295658 -0.421476785
vn 0.706680526 -0.568295658 0.421476785
vn 0.706680526 -0.568295658 0.421476785
vn -0.706680526 -0.606871108 0.363744544
vn -0.706680526 -0.606871108 0.363744544
vn -0.706680526 0.606871108 -0.363744544
vn -0.706680526 0.606871108 -0.363744544
vn 0.706680526 0.606871108 -0.363744544
vn 0.706680526 0.606871108 -0.363744544
vn 0.706680526 -0.606871108 0.363744544
vn 0.706680526 -0.606871108 0.363744544
vn -0.706680526 -0.639602058 0.302509244
vn -0.706680526 -0.639602058 0.302509244
vn -0.706680526 0.639602058 -0.302509244
vn -0.706680526 0.639602058 -0.302509244
vn 0.706680526 0.639602058 -0.302509244
vn 0.706680526 0.639602058 -0.302509244
vn 0.706680526 -0.639602058 0.302509244
vn 0.706680526 -0.639602058 0.302509244
vn -0.706680526 -0.666173290 0.238360614
vn -0.706680526 -0.666173290 0.238360614
vn -0.706680526 0.666173290 -0.238360614
vn -0.706680526 0.666173290 -0.238360614
vn 0.706680526 0.666173290 -0.238360614
vn 0.706680526 0.666173290 -0.238360614
vn 0.706680526 -0.666173290 0.238360614
vn 0.706680526 -0.666173290 0.238360614
vn -0.706680526 -0.686328909 0.171916442
vn -0.706680526 -0.686328909 0.171916442
vn -0.706680526 0.686328909 -0.171916442
vn -0.706680526 0.686328909 -0.171916442
vn 0.706680526 0.686328909 -0.171916442
vn 0.706680526 0.686328909 -0.171916442
vn 0.706680526 -0.686328909 0.171916442
vn 0.706680526 -0.686328909 0.171916442
vn -0.706680526 -0.699874806 0.103816620
vn -0.706680526 -0.699874806 0.103816620
vn -0.706680526 0.699874806 -0.103816620
vn -0.706680526 0.699874806 -0.103816620
vn 0.706680526 0.699874806 -0.103816620
vn 0.706680526 0.699874806 -0.103816620
vn 0.706680526 -0.699874806 0.103816620
vn 0.706680526 -0.699874806 0.103816620
vn -0.706680526 -0.706680526 0.034716988
vn -0.706680526 -0.706680526 0.034716988
vn -0.706680526 0.706680526 -0.034716988
vn -0.706680526 0.706680526 -0.034716988
vn 0.706680526 0.706680526 -0.034716988
vn 0.706680526 0.706680526 -0.034716988
vn 0.706680526 -0.706680526 0.034716988
vn 0.706680526 -0.706680526 0.034716988
vn -0.706680526 -0.706680526 -0.034716988
vn -0.706680526 -0.706680526 -0.034716988
vn -0.706680526 0.706680526 0.034716988
vn -0.706680526 0.706680526 0.034716988
vn 0.706680526 0.706680526 0.034716988
vn 0.706680526 0.706680526 0.034716988
vn 0.706680526 -0.706680526 -0.034716988
vn 0.706680526 -0.706680526 -0.034716988
vn -0.706680526 -0.699874806 -0.103816620
vn -0.706680526 -0.699874806 -0.103816620
vn -0.706680526 0.699874806 0.103816620
vn -0.706680526 0.699874806 0.103816620
vn 0.706680526 0.699874806 0.103816620
vn 0.706680526 0.699874806 0.103816620
vn 0.706680526 -0.699874806 -0.103816620
vn 0.706680526 -0.699874806 -0.103816620
vn -0.706680526 -0.686328909 -0.171916442
vn -0.706680526 -0.686328909 -0.171916442
vn -0.706680526 0.686328909 0.171916442
vn -0.706680526 0.686328909 0.171916442
vn 0.706680526 0.686328909 0.171916442
vn 0.706680526 0.686328909 0.171916442
vn 0.706680526 -0.686328909 -0.171916442
vn 0.706680526 -0.686328909 -0.171916442
vn -0.706680526 -0.666173290 -0.238360614
vn -0.706680526 -0.666173290 -0.238360614
vn -0.706680526 0.666173290 0.238360614
vn -0.706680526 0.666173290 0.238360614
vn 0.706680526 0.666173290 0.238360614
vn 0.706680526 0.666173290 0.238360614
vn 0.706680526 -0.666173290 -0.238360614
vn 0.706680526 -0.666173290 -0.238360614
vn -0.706680526 -0.639602058 -0.302509244
vn -0.706680526 -0.639602058 -0.302509244
vn -0.706680526 0.639602058 0.302509244
vn -0.706680526 0.639602058 0.302509244
vn 0.706680526 0.639602058 0.302509244
vn 0.706680526 0.639602058 0.302509244
vn 0.706680526 -0.639602058 -0.302509244
vn 0.706680526 -0.639602058 -0.302509244
vn -0.706680526 -0.606871108 -0.363744544
vn -0.706680526 -0.606871108 -0.363744544
vn -0.706680526 0.606871108 0.363744544
vn -0.706680526 0.606871108 0.363744544
vn 0.706680526 0.606871108 0.363744544
vn 0.706680526 0.606871108 0.363744544
vn 0.706680526 -0.606871108 -0.363744544
vn 0.706680526 -0.606871108 -0.363744544
vn -0.706680526 -0.568295658 -0.421476785
vn -0.706680526 -0.568295658 -0.421476785
vn -0.706680526 0.568295658 0.421476785
vn -0.706680526 0.568295658 0.421476785
vn 0.706680526 0.568295658 0.421476785
vn 0.706680526 0.568295658 0.421476785
vn 0.706680526 -0.568295658 -0.421476785
vn 0.706680526 -0.568295658 -0.421476785
vn -0.706680526 -0.524247209 -0.475149974
vn -0.706680526 -0.524247209 -0.475149974
vn -0.706680526 0.524247209 0.475149974
vn -0.706680526 0.524247209 0.475149974
vn 0.706680526 0.524247209 0.475149974
vn 0.706680526 0.524247209 0.475149974
vn 0.706680526 -0.524247209 -0.475149974
vn 0.706680526 -0.524247209 -0.475149974
vn -0.706680526 -0.475149974 -0.524247209
vn -0.706680526 -0.475149974 -0.524247209
vn -0.706680526 0.475149974 0.524247209
vn -0.706680526 0.475149974 0.524247209
vn 0.706680526 0.475149974 0.524247209
vn 0.706680526 0.475149974 0.524247209
vn 0.706680526 -0.475149974 -0.524247209
vn 0.706680526 -0.475149974 -0.524247209
vn -0.706680526 -0.421476785 -0.568295658
vn -0.706680526 -0.421476785 -0.568295658
vn -0.706680526 0.421476785 0.568295658
vn -0.706680526 0.421476785 0.568295658
vn 0.706680526 0.421476785 0.568295658
vn 0.706680526 0.421476785 0.568295658
vn 0.706680526 -0.421476785 -0.568295658
vn 0.706680526 -0.421476785 -0.568295658
vn -0.706680526 -0.363744544 -0.606871108
vn -0.706680526 -0.363744544 -0.606871108
vn -0.706680526 0.363744544 0.606871108
vn -0.706680526 0.363744544 0.606871108
vn 0.706680526 0.363744544 0.606871108
vn 0.706680526 0.363744544 0.606871108
vn 0.706680526 -0.363744544 -0.606871108
vn 0.706680526 -0.363744544 -0.606871108
vn -0.706680526 -0.302509244 -0.639602058
vn -0.706680526 -0.302509244 -0.639602058
vn -0.706680526 0.302509244 0.639602058
vn -0.706680526 0.302509244 0.639602058
vn 0.706680526 0.302509244 0.639602058
vn 0.706680526 0.302509244 0.639602058
vn 0.706680526 -0.302509244 -0.639602058
vn 0.706680526 -0.302509244 -0.639602058
vn -0.706680526 -0.238360614 -0.666173290
vn -0.706680526 -0.238360614 -0.666173290
vn -0.706680526 0.238360614 0.666173290
vn -0.706680526 0.238360614 0.666173290
vn 0.706680526 0.238360614 0.666173290
vn 0.706680526 0.238360614 0.666173290
vn 0.706680526 -0.238360614 -0.666173290
vn 0.706680526 -0.238360614 -0.666173290
vn -0.706680526 -0.171916442 -0.686328909
vn -0.706680526 -0.171916442 -0.686328909
vn -0.706680526 0.171916442 0.686328909
vn -0.706680526 0.171916442 0.686328909
vn 0.706680526 0.171916442 0.686328909
vn 0.706680526 0.171916442 0.686328909
vn 0.706680526 -0.171916442 -0.686328909
vn 0.706680526 -0.171916442 -0.686328909
vn -0.706680526 -0.103816620 -0.699874806
vn -0.706680526 -0.103816620 -0.699874806
vn -0.706680526 0.103816620 0.699874806
vn -0.706680526 0.103816620 0.699874806
vn 0.706680526 0.103816620 0.699874806
vn 0.706680526 0.103816620 0.699874806
vn 0.706680526 -0.103816620 -0.699874806
vn 0.706680526 -0.103816620 -0.699874806
vn -0.706680526 -0.034716988 -0.706680526
vn -0.706680526 -0.034716988 -0.706680526
vn -0.706680526 0.034716988 0.706680526
vn -0.706680526 0.034716988 0.706680526
vn 0.706680526 0.034716988 0.706680526
vn 0.706680526 0.034716988 0.706680526
vn 0.706680526 -0.034716988 -0.706680526
vn 0.706680526 -0.034716988 -0.706680526
vn -0.706680526 0.034716988 -0.706680526
vn -0.706680526 0.034716988 -0.706680526
vn -0.706680526 -0.034716988 0.706680526
vn -0.706680526 -0.034716988 0.706680526
vn 0.706680526 -0.034716988 0.706680526
vn 0.706680526 -0.034716988 0.706680526
vn 0.706680526 0.034716988 -0.706680526
vn 0.706680526 0.034716988 -0.706680526
vn -0.706680526 0.103816620 -0.699874806
vn -0.706680526 0.103816620 -0.699874806
vn -0.706680526 -0.103816620 0.699874806
vn -0.706680526 -0.103816620 0.699874806
vn 0.706680526 -0.103816620 0.699874806
vn 0.706680526 -0.103816620 0.699874806
vn 0.706680526 0.103816620 -0.699874806
vn 0.706680526 0.103816620 -0.699874806
vn -0.706680526 0.171916442 -0.686328909
vn -0.706680526 0.171916442 -0.686328909
vn -0.706680526 -0.171916442 0.686328909
vn -0.706680526 -0.171916442 0.686328909
vn 0.706680526 -0.171916442 0.686328909
vn 0.706680526 -0.171916442 0.686328909
vn 0.706680526 0.171916442 -0.686328909
vn 0.706680526 0.171916442 -0.686328909
vn -0.706680526 0.238360614 -0.666173290
vn -0.706680526 0.238360614 -0.666173290
vn -0.706680526 -0.238360614 0.666173290
vn -0.706680526 -0.238360614 0.666173290
vn 0.706680526 -0.238360614 0.666173290
vn 0.706680526 -0.238360614 0.666173290
vn 0.706680526 0.238360614 -0.666173290
vn 0.706680526 0.238360614 -0.666173290
vn -0.706680526 0.302509244 -0.639602058
vn -0.706680526 0.302509244 -0.639602058
vn -0.706680526 -0.302509244 0.639602058
vn -0.706680526 -0.302509244 0.639602058
vn 0.706680526 -0.302509244 0.639602058
vn 0.706680526 -0.302509244 0.639602058
vn 0.706680526 0.302509244 -0.639602058
vn 0.706680526 0.302509244 -0.639602058
vn -0.706680526 0.363744544 -0.606871108
vn -0.706680526 0.363744544 -0.606871108
vn -0.706680526 -0.363744544 0.606871108
vn -0.706680526 -0.363744544 0.606871108
vn 0.706680526 -0.363744544 0.606871108
vn 0.706680526 -0.363744544 0.606871108
vn 0.706680526 0.363744544 -0.606871108
vn 0.706680526 0.363744544 -0.606871108
vn -0.706680526 0.421476785 -0.568295658
vn -0.706680526 0.421476785 -0.568295658
vn -0.706680526 -0.421476785 0.568295658
vn -0.706680526 -0.421476785 0.568295658
vn 0.706680526 -0.421476785 0.568295658
vn 0.706680526 -0.421476785 0.568295658
vn 0.706680526 0.421476785 -0.568295658
vn 0.706680526 0.421476785 -0.568295658
vn -0.706680526 0.475149974 -0.524247209
vn -0.706680526 0.475149974 -0.524247209
vn -0.706680526 -0.475149974 0.524247209
vn -0.706680526 -0.475149974 0.524247209
vn 0.706680526 -0.475149974 0.524247209
vn 0.706680526 -0.475149974 0.524247209
vn 0.706680526 0.475149974 -0.524247209
vn 0.706680526 0.475149974 -0.524247209
vn -0.706680526 0.524247209 -0.475149974
vn -0.706680526 0.524247209 -0.475149974
vn -0.706680526 -0.524247209 0.475149974
vn -0.706680526 -0.524247209 0.475149974
vn 0.706680526 -0.524247209 0.475149974
vn 0.706680526 -0.524247209 0.475149974
vn 0.706680526 0.524247209 -0.475149974
vn 0.706680526 0.524247209 -0.475149974
vn -0.706680526 0.568295658 -0.421476785
vn -0.706680526 0.568295658 -0.421476785
vn -0.706680526 -0.568295658 0.421476785
vn -0.706680526 -0.568295658 0.421476785
vn 0.706680526 -0.568295658 0.421476785
vn 0.706680526 -0.568295658 0.421476785
vn 0.706680526 0.568295658 -0.421476785
vn 0.706680526 0.568295658 -0.421476785
vn -0.706680526 0.606871108 -0.363744544
vn -0.706680526 0.606871108 -0.363744544
vn -0.706680526 -0.606871108 0.363744544
vn -0.706680526 -0.606871108 0.363744544
vn 0.706680526 -0.606871108 0.363744544
vn 0.706680526 -0.606871108 0.363744544
vn 0.706680526 0.606871108 -0.363744544
vn 0.706680526 0.606871108 -0.363744544
vn -0.706680526 0.639602058 -0.302509244
vn -0.706680526 0.639602058 -0.302509244
vn -0.706680526 -0.639602058 0.302509244
vn -0.706680526 -0.639602058 0.302509244
vn 0.706680526 -0.639602058 0.302509244
vn 0.706680526 -0.639602058 0.302509244
vn 0.706680526 0.639602058 -0.302509244
vn 0.706680526 0.639602058 -0.302509244
vn -0.706680526 0.666173290 -0.238360614
vn -0.706680526 0.666173290 -0.238360614
vn -0.706680526 -0.666173290 0.238360614
vn -0.706680526 -0.666173290 0.238360614
vn 0.706680526 -0.666173290 0.238360614
vn 0.706680526 -0.666173290 0.238360614
vn 0.706680526 0.666173290 -0.238360614
vn 0.706680526 0.666173290 -0.238360614
vn -0.706680526 0.686328909 -0.171916442
vn -0.706680526 0.686328909 -0.171916442
vn -0.706680526 -0.686328909 0.171916442
vn -0.706680526 -0.686328909 0.171916442
vn 0.706680526 -0.686328909 0.171916442
vn 0.706680526 -0.686328909 0.171916442
vn 0.706680526 0.686328909 -0.171916442
vn 0.706680526 0.686328909 -0.171916442
vn -0.706680526 0.699874806 -0.103816620
vn -0.706680526 0.699874806 -0.103816620
vn -0.706680526 -0.699874806 0.103816620
vn -0.706680526 -0.699874806 0.103816620
vn 0.706680526 -0.699874806 0.103816620
vn 0.706680526 -0.699874806 0.103816620
vn 0.706680526 0.699874806 -0.103816620
vn 0.706680526 0.699874806 -0.103816620
vn -0.706680526 0.706680526 -0.034716988
vn -0.706680526 0.706680526 -0.034716988
vn -0.706680526 -0.706680526 0.034716988
vn -0.706680526 -0.706680526 0.034716988
vn 0.706680526 -0.706680526 0.034716988
vn 0.706680526 -0.706680526 0.034716988
vn 0.706680526 0.706680526 -0.034716988
vn 0.706680526 0.706680526 -0.034716988
vn 0.034716988 -0.706680526 0.706680526
vn 0.034716988 -0.706680526 0.706680526
vn -0.034716988 -0.706680526 -0.706680526
vn -0.034716988 -0.706680526 -0.706680526
vn -0.034716988 0.706680526 -0.706680526
vn -0.034716988 0.706680526 -0.706680526
vn 0.034716988 0.706680526 0.706680526
vn 0.034716988 0.706680526 0.706680526
vn 0.103816620 -0.706680526 0.699874806
vn 0.103816620 -0.706680526 0.699874806
vn -0.103816620 -0.706680526 -0.699874806
vn -0.103816620 -0.706680526 -0.699874806
vn -0.103816620 0.706680526 -0.699874806
vn -0.103816620 0.706680526 -0.699874806
vn 0.103816620 0.706680526 0.699874806
vn 0.103816620 0.706680526 0.699874806
vn 0.171916442 -0.706680526 0.686328909
vn 0.171916442 -0.706680526 0.686328909
vn -0.171916442 -0.706680526 -0.686328909
vn -0.171916442 -0.706680526 -0.686328909
vn -0.171916442 0.706680526 -0.686328909
vn -0.171916442 0.706680526 -0.686328909
vn 0.171916442 0.706680526 0.686328909
vn 0.171916442 0.706680526 0.686328909
vn 0.238360614 -0.706680526 0.666173290
vn 0.238360614 -0.706680526 0.666173290
vn -0.238360614 -0.706680526 -0.666173290
vn -0.238360614 -0.706680526 -0.666173290
vn -0.238360614 0.706680526 -0.666173290
vn -0.238360614 0.706680526 -0.666173290
vn 0.238360614 0.706680526 0.666173290
vn 0.238360614 0.706680526 0.666173290
vn 0.302509244 -0.706680526 0.639602058
vn 0.302509244 -0.706680526 0.639602058
vn -0.302509244 -0.706680526 -0.639602058
vn -0.302509244 -0.706680526 -0.639602058
vn -0.302509244 0.706680526 -0.639602058
vn -0.302509244 0.706680526 -0.639602058
vn 0.302509244 0.706680526 0.639602058
vn 0.302509244 0.706680526 0.639602058
vn 0.363744544 -0.706680526 0.606871108
vn 0.363744544 -0.706680526 0.606871108
vn -0.363744544 -0.706680526 -0.606871108
vn -0.363744544 -0.706680526 -0.606871108
vn -0.363744544 0.706680526 -0.606871108
vn -0.363744544 0.706680526 -0.606871108
vn 0.363744544 0.706680526 0.606871108
vn 0.363744544 0.706680526 0.606871108
vn 0.421476785 -0.706680526 0.568295658
vn 0.421476785 -0.706680526 0.568295658
vn -0.421476785 -0.706680526 -0.568295658
vn -0.421476785 -0.706680526 -0.568295658
vn -0.421476785 0.706680526 -0.568295658
vn -0.421476785 0.706680526 -0.568295658
vn 0.421476785 0.706680526 0.568295658
vn 0.421476785 0.706680526 0.568295658
vn 0.475149974 -0.706680526 0.524247209
vn 0.475149974 -0.706680526 0.524247209
vn -0.475149974 -0.706680526 -0.524247209
vn -0.475149974 -0.706680526 -0.524247209
vn -0.475149974 0.706680526 -0.524247209
vn -0.475149974 0.706680526 -0.524247209
vn 0.475149974 0.706680526 0.524247209
vn 0.475149974 0.706680526 0.524247209
vn 0.524247209 -0.706680526 0.475149974
vn 0.524247209 -0.706680526 0.475149974
vn -0.524247209 -0.706680526 -0.475149974
vn -0.524247209 -0.706680526 -0.475149974
vn -0.524247209 0.706680526 -0.475149974
vn -0.524247209 0.706680526 -0.475149974
vn 0.524247209 0.706680526 0.475149974
vn 0.524247209 0.706680526 0.475149974
vn 0.568295658 -0.706680526 0.421476785
vn 0.568295658 -0.706680526 0.421476785
vn -0.568295658 -0.706680526 -0.421476785
vn -0.568295658 -0.706680526 -0.421476785
vn -0.568295658 0.706680526 -0.421476785
vn -0.568295658 0.706680526 -0.421476785
vn 0.568295658 0.706680526 0.421476785
vn 0.568295658 0.706680526 0.421476785
vn 0.606871108 -0.706680526 0.363744544
vn 0.606871108 -0.706680526 0.363744544
vn -0.606871108 -0.706680526 -0.363744544
vn -0.606871108 -0.706680526 -0.363744544
vn -0.606871108 0.706680526 -0.363744544
vn -0.606871108 0.706680526 -0.363744544
vn 0.606871108 0.706680526 0.363744544
vn 0.606871108 0.706680526 0.363744544
vn 0.639602058 -0.706680526 0.302509244
vn 0.639602058 -0.706680526 0.302509244
vn -0.639602058 -0.706680526 -0.302509244
vn -0.639602058 -0.706680526 -0.302509244
vn -0.639602058 0.706680526 -0.302509244
vn -0.639602058 0.706680526 -0.302509244
vn 0.639602058 0.706680526 0.302509244
vn 0.639602058 0.706680526 0.302509244
vn 0.666173290 -0.706680526 0.238360614
vn 0.666173290 -0.706680526 0.238360614
vn -0.666173290 -0.706680526 -0.238360614
vn -0.666173290 -0.706680526 -0.238360614
vn -0.666173290 0.706680526 -0.238360614
vn -0.666173290 0.706680526 -0.238360614
vn 0.666173290 0.706680526 0.238360614
vn 0.666173290 0.706680526 0.238360614
vn 0.686328909 -0.706680526 0.171916442
vn 0.686328909 -0.706680526 0.171916442
vn -0.686328909 -0.706680526 -0.171916442
vn -0.686328909 -0.706680526 -0.171916442
vn -0.686328909 0.706680526 -0.171916442
vn -0.686328909 0.706680526 -0.171916442
vn 0.686328909 0.706680526 0.171916442
vn 0.686328909 0.706680526 0.171916442
vn 0.699874806 -0.706680526 0.103816620
vn 0.699874806 -0.706680526 0.103816620
vn -0.699874806 -0.706680526 -0.103816620
vn -0.699874806 -0.706680526 -0.103816620
vn -0.699874806 0.706680526 -0.103816620
vn -0.699874806 0.706680526 -0.103816620
vn 0.699874806 0.706680526 0.103816620
vn 0.699874806 0.706680526 0.103816620
vn 0.706680526 -0.706680526 0.034716988
vn 0.706680526 -0.706680526 0.034716988
vn -0.706680526 -0.706680526 -0.034716988
vn -0.706680526 -0.706680526 -0.034716988
vn -0.706680526 0.706680526 -0.034716988
vn -0.706680526 0.706680526 -0.034716988
vn 0.706680526 0.706680526 0.034716988
vn 0.706680526 0.706680526 0.034716988
vn 0.706680526 -0.706680526 -0.034716988
vn 0.706680526 -0.706680526 -0.034716988
vn -0.706680526 -0.706680526 0.034716988
vn -0.706680526 -0.706680526 0.034716988
vn -0.706680526 0.706680526 0.034716988
vn -0.706680526 0.706680526 0.034716988
vn 0.706680526 0.706680526 -0.034716988
vn 0.706680526 0.706680526 -0.034716988
vn 0.699874806 -0.706680526 -0.103816620
vn 0.699874806 -0.706680526 -0.103816620
vn -0.699874806 -0.706680526 0.103816620
vn -0.699874806 -0.706680526 0.103816620
vn -0.699874806 0.706680526 0.103816620
vn -0.699874806 0.706680526 0.103816620
vn 0.699874806 0.706680526 -0.103816620
vn 0.699874806 0.706680526 -0.103816620
vn 0.686328909 -0.706680526 -0.171916442
vn 0.686328909 -0.706680526 -0.171916442
vn -0.686328909 -0.706680526 0.171916442
vn -0.686328909 -0.706680526 0.171916442
vn -0.686328909 0.706680526 0.171916442
vn -0.686328909 0.706680526 0.171916442
vn 0.686328909 0.706680526 -0.171916442
vn 0.686328909 0.706680526 -0.171916442
vn 0.666173290 -0.706680526 -0.238360614
vn 0.666173290 -0.706680526 -0.238360614
vn -0.666173290 -0.706680526 0.238360614
vn -0.666173290 -0.706680526 0.238360614
vn -0.666173290 0.706680526 0.238360614
vn -0.666173290 0.706680526 0.238360614
vn 0.666173290 0.706680526 -0.238360614
vn 0.666173290 0.706680526 -0.238360614
vn 0.639602058 -0.706680526 -0.302509244
vn 0.639602058 -0.706680526 -0.302509244
vn -0.639602058 -0.706680526 0.302509244
vn -0.639602058 -0.706680526 0.302509244
vn -0.639602058 0.706680526 0.302509244
vn -0.639602058 0.706680526 0.302509244
vn 0.639602058 0.706680526 -0.302509244
vn 0.639602058 0.706680526 -0.302509244
vn 0.606871108 -0.706680526 -0.363744544
vn 0.606871108 -0.706680526 -0.363744544
vn -0.606871108 -0.706680526 0.363744544
vn -0.606871108 -0.706680526 0.363744544
vn -0.606871108 0.706680526 0.363744544
vn -0.606871108 0.706680526 0.363744544
vn 0.606871108 0.706680526 -0.363744544
vn 0.606871108 0.706680526 -0.363744544
vn 0.568295658 -0.706680526 -0.421476785
vn 0.568295658 -0.706680526 -0.421476785
vn -0.568295658 -0.706680526 0.421476785
vn -0.568295658 -0.706680526 0.421476785
vn -0.568295658 0.706680526 0.421476785
vn -0.568295658 0.706680526 0.421476785
vn 0.568295658 0.706680526 -0.421476785
vn 0.568295658 0.706680526 -0.421476785
vn 0.524247209 -0.706680526 -0.475149974
vn 0.524247209 -0.706680526 -0.475149974
vn -0.524247209 -0.706680526 0.475149974
vn -0.524247209 -0.706680526 0.475149974
vn -0.524247209 0.706680526 0.475149974
vn -0.524247209 0.706680526 0.475149974
vn 0.524247209 0.706680526 -0.475149974
vn 0.524247209 0.706680526 -0.475149974
vn 0.475149974 -0.706680526 -0.524247209
vn 0.475149974 -0.706680526 -0.524247209
vn -0.475149974 -0.706680526 0.524247209
vn -0.475149974 -0.706680526 0.524247209
vn -0.475149974 0.706680526 0.524247209
vn -0.475149974 0.706680526 0.524247209
vn 0.475149974 0.706680526 -0.524247209
vn 0.475149974 0.706680526 -0.524247209
vn 0.421476785 -0.706680526 -0.568295658
vn 0.421476785 -0.706680526 -0.568295658
vn -0.421476785 -0.706680526 0.568295658
vn -0.421476785 -0.706680526 0.568295658
vn -0.421476785 0.706680526 0.568295658
vn -0.421476785 0.706680526 0.568295658
vn 0.421476785 0.706680526 -0.568295658
vn 0.421476785 0.706680526 -0.568295658
vn 0.363744544 -0.706680526 -0.606871108
vn 0.363744544 -0.706680526 -0.606871108
vn -0.363744544 -0.706680526 0.606871108
vn -0.363744544 -0.706680526 0.606871108
vn -0.363744544 0.706680526 0.606871108
vn -0.363744544 0.706680526 0.606871108
vn 0.363744544 0.706680526 -0.606871108
vn 0.363744544 0.706680526 -0.606871108
vn 0.302509244 -0.706680526 -0.639602058
vn 0.302509244 -0.706680526 -0.639602058
vn -0.302509244 -0.706680526 0.639602058
vn -0.302509244 -0.706680526 0.639602058
vn -0.302509244 0.706680526 0.639602058
vn -0.302509244 0.706680526 0.639602058
vn 0.302509244 0.706680526 -0.639602058
vn 0.302509244 0.706680526 -0.639602058
vn 0.238360614 -0.706680526 -0.666173290
vn 0.238360614 -0.706680526 -0.666173290
vn -0.238360614 -0.706680526 0.666173290
vn -0.238360614 -0.706680526 0.666173290
vn -0.238360614 0.706680526 0.666173290
vn -0.238360614 0.706680526 0.666173290
vn 0.238360614 0.706680526 -0.666173290
vn 0.238360614 0.706680526 -0.666173290
vn 0.171916442 -0.706680526 -0.686328909
vn 0.171916442 -0.706680526 -0.686328909
vn -0.171916442 -0.706680526 0.686328909
vn -0.171916442 -0.706680526 0.686328909
vn -0.171916442 0.706680526 0.686328909
vn -0.171916442 0.706680526 0.686328909
vn 0.171916442 0.706680526 -0.686328909
vn 0.171916442 0.706680526 -0.686328909
vn 0.103816620 -0.706680526 -0.699874806
vn 0.103816620 -0.706680526 -0.699874806
vn -0.103816620 -0.706680526 0.699874806
vn -0.103816620 -0.706680526 0.699874806
vn -0.103816620 0.706680526 0.699874806
vn -0.103816620 0.706680526 0.699874806
vn 0.103816620 0.706680526 -0.699874806
vn 0.103816620 0.706680526 -0.699874806
vn 0.034716988 -0.706680526 -0.706680526
vn 0.034716988 -0.706680526 -0.706680526
vn -0.034716988 -0.706680526 0.706680526
vn -0.034716988 -0.706680526 0.706680526
vn -0.034716988 0.706680526 0.706680526
vn -0.034716988 0.706680526 0.706680526
vn 0.034716988 0.706680526 -0.706680526
vn 0.034716988 0.706680526 -0.706680526
vn -0.034716988 -0.706680526 -0.706680526
vn -0.034716988 -0.706680526 -0.706680526
vn 0.034716988 -0.706680526 0.706680526
vn 0.034716988 -0.706680526 0.706680526
vn 0.034716988 0.706680526 0.706680526
vn 0.034716988 0.706680526 0.706680526
vn -0.034716988 0.706680526 -0.706680526
vn -0.034716988 0.706680526 -0.706680526
vn -0.103816620 -0.706680526 -0.699874806
vn -0.103816620 -0.706680526 -0.699874806
vn 0.103816620 -0.706680526 0.699874806
vn 0.103816620 -0.706680526 0.699874806
vn 0.103816620 0.706680526 0.699874806
vn 0.103816620 0.706680526 0.699874806
vn -0.103816620 0.706680526 -0.699874806
vn -0.103816620 0.706680526 -0.699874806
vn -0.171916442 -0.706680526 -0.686328909
vn -0.171916442 -0.706680526 -0.686328909
vn 0.171916442 -0.706680526 0.686328909
vn 0.171916442 -0.706680526 0.686328909
vn 0.171916442 0.706680526 0.686328909
vn 0.171916442 0.706680526 0.686328909
vn -0.171916442 0.706680526 -0.686328909
vn -0.171916442 0.706680526 -0.686328909
vn -0.238360614 -0.706680526 -0.666173290
vn -0.238360614 -0.706680526 -0.666173290
vn 0.238360614 -0.706680526 0.666173290
vn 0.238360614 -0.706680526 0.666173290
vn 0.238360614 0.706680526 0.666173290
vn 0.238360614 0.706680526 0.666173290
vn -0.238360614 0.706680526 -0.666173290
vn -0.238360614 0.706680526 -0.666173290
vn -0.302509244 -0.706680526 -0.639602058
vn -0.302509244 -0.706680526 -0.639602058
vn 0.302509244 -0.706680526 0.639602058
vn 0.302509244 -0.706680526 0.639602058
vn 0.302509244 0.706680526 0.639602058
vn 0.302509244 0.706680526 0.639602058
vn -0.302509244 0.706680526 -0.639602058
vn -0.302509244 0.706680526 -0.639602058
vn -0.363744544 -0.706680526 -0.606871108
vn -0.363744544 -0.706680526 -0.606871108
vn 0.363744544 -0.706680526 0.606871108
vn 0.363744544 -0.706680526 0.606871108
vn 0.363744544 0.706680526 0.606871108
vn 0.363744544 0.706680526 0.606871108
vn -0.363744544 0.706680526 -0.606871108
vn -0.363744544 0.706680526 -0.606871108
vn -0.421476785 -0.706680526 -0.568295658
vn -0.421476785 -0.706680526 -0.568295658
vn 0.421476785 -0.706680526 0.568295658
vn 0.421476785 -0.706680526 0.568295658
vn 0.421476785 0.706680526 0.568295658
vn 0.421476785 0.706680526 0.568295658
vn -0.421476785 0.706680526 -0.568295658
vn -0.421476785 0.706680526 -0.568295658
vn -0.475149974 -0.706680526 -0.524247209
vn -0.475149974 -0.706680526 -0.524247209
vn 0.475149974 -0.706680526 0.524247209
vn 0.475149974 -0.706680526 0.524247209
vn 0.475149974 0.706680526 0.524247209
vn 0.475149974 0.706680526 0.524247209
vn -0.475149974 0.706680526 -0.524247209
vn -0.475149974 0.706680526 -0.524247209
vn -0.524247209 -0.706680526 -0.475149974
vn -0.524247209 -0.706680526 -0.475149974
vn 0.524247209 -0.706680526 0.475149974
vn 0.524247209 -0.706680526 0.475149974
vn 0.524247209 0.706680526 0.475149974
vn 0.524247209 0.706680526 0.475149974
vn -0.524247209 0.706680526 -0.475149974
vn -0.524247209 0.706680526 -0.475149974
vn -0.568295658 -0.706680526 -0.421476785
vn -0.568295658 -0.706680526 -0.421476785
vn 0.568295658 -0.706680526 0.421476785
vn 0.568295658 -0.706680526 0.421476785
vn 0.568295658 0.706680526 0.421476785
vn 0.568295658 0.706680526 0.421476785
vn -0.568295658 0.706680526 -0.421476785
vn -0.568295658 0.706680526 -0.421476785
vn -0.606871108 -0.706680526 -0.363744544
vn -0.606871108 -0.706680526 -0.363744544
vn 0.606871108 -0.706680526 0.363744544
vn 0.606871108 -0.706680526 0.363744544
vn 0.606871108 0.706680526 0.363744544
vn 0.606871108 0.706680526 0.363744544
vn -0.606871108 0.706680526 -0.363744544
vn -0.606871108 0.706680526 -0.363744544
vn -0.639602058 -0.706680526 -0.302509244
vn -0.639602058 -0.706680526 -0.302509244
vn 0.639602058 -0.706680526 0.302509244
vn 0.639602058 -0.706680526 0.302509244
vn 0.639602058 0.706680526 0.302509244
vn 0.639602058 0.706680526 0.302509244
vn -0.639602058 0.706680526 -0.302509244
vn -0.639602058 0.706680526 -0.302509244
vn -0.666173290 -0.706680526 -0.238360614
vn -0.666173290 -0.706680526 -0.238360614
vn 0.666173290 -0.706680526 0.238360614
vn 0.666173290 -0.706680526 0.238360614
vn 0.666173290 0.706680526 0.238360614
vn 0.666173290 0.706680526 0.238360614
vn -0.666173290 0.706680526 -0.238360614
vn -0.666173290 0.706680526 -0.238360614
vn -0.686328909 -0.706680526 -0.171916442
vn -0.686328909 -0.706680526 -0.171916442
vn 0.686328909 -0.706680526 0.171916442
vn 0.686328909 -0.706680526 0.171916442
vn 0.686328909 0.706680526 0.171916442
vn 0.686328909 0.706680526 0.171916442
vn -0.686328909 0.706680526 -0.171916442
vn -0.686328909 0.706680526 -0.171916442
vn -0.699874806 -0.706680526 -0.103816620
vn -0.699874806 -0.706680526 -0.103816620
vn 0.699874806 -0.706680526 0.103816620
vn 0.699874806 -0.706680526 0.103816620
vn 0.699874806 0.706680526 0.103816620
vn 0.699874806 0.706680526 0.103816620
vn -0.699874806 0.706680526 -0.103816620
vn -0.699874806 0.706680526 -0.103816620
vn -0.706680526 -0.706680526 -0.034716988
vn -0.706680526 -0.706680526 -0.034716988
vn 0.706680526 -0.706680526 0.034716988
vn 0.706680526 -0.706680526 0.034716988
vn 0.706680526 0.706680526 0.034716988
vn 0.706680526 0.706680526 0.034716988
vn -0.706680526 0.706680526 -0.034716988
vn -0.706680526 0.706680526 -0.034716988
vn -0.706680526 -0.706680526 0.034716988
vn -0.706680526 -0.706680526 0.034716988
vn 0.706680526 -0.706680526 -0.034716988
vn 0.706680526 -0.706680526 -0.034716988
vn 0.706680526 0.706680526 -0.034716988
vn 0.706680526 0.706680526 -0.034716988
vn -0.706680526 0.706680526 0.034716988
vn -0.706680526 0.706680526 0.034716988
vn -0.699874806 -0.706680526 0.103816620
vn -0.699874806 -0.706680526 0.103816620
vn 0.699874806 -0.706680526 -0.103816620
vn 0.699874806 -0.706680526 -0.103816620
vn 0.699874806 0.706680526 -0.103816620
vn 0.699874806 0.706680526 -0.103816620
vn -0.699874806 0.706680526 0.103816620
vn -0.699874806 0.706680526 0.103816620
vn -0.686328909 -0.706680526 0.171916442
vn -0.686328909 -0.706680526 0.171916442
vn 0.686328909 -0.706680526 -0.171916442
vn 0.686328909 -0.706680526 -0.171916442
vn 0.686328909 0.706680526 -0.171916442
vn 0.686328909 0.706680526 -0.171916442
vn -0.686328909 0.706680526 0.171916442
vn -0.686328909 0.706680526 0.171916442
vn -0.666173290 -0.706680526 0.238360614
vn -0.666173290 -0.706680526 0.238360614
vn 0.666173290 -0.706680526 -0.238360614
vn 0.666173290 -0.706680526 -0.238360614
vn 0.666173290 0.706680526 -0.238360614
vn 0.666173290 0.706680526 -0.238360614
vn -0.666173290 0.706680526 0.238360614
vn -0.666173290 0.706680526 0.238360614
vn -0.639602058 -0.706680526 0.302509244
vn -0.639602058 -0.706680526 0.302509244
vn 0.639602058 -0.706680526 -0.302509244
vn 0.639602058 -0.706680526 -0.302509244
vn 0.639602058 0.706680526 -0.302509244
vn 0.639602058 0.706680526 -0.302509244
vn -0.639602058 0.706680526 0.302509244
vn -0.639602058 0.706680526 0.302509244
vn -0.606871108 -0.706680526 0.363744544
vn -0.606871108 -0.706680526 0.363744544
vn 0.606871108 -0.706680526 -0.363744544
vn 0.606871108 -0.706680526 -0.363744544
vn 0.606871108 0.706680526 -0.363744544
vn 0.606871108 0.706680526 -0.363744544
vn -0.606871108 0.706680526 0.363744544
vn -0.606871108 0.706680526 0.363744544
vn -0.568295658 -0.706680526 0.421476785
vn -0.568295658 -0.706680526 0.421476785
vn 0.568295658 -0.706680526 -0.421476785
vn 0.568295658 -0.706680526 -0.421476785
vn 0.568295658 0.706680526 -0.421476785
vn 0.568295658 0.706680526 -0.421476785
vn -0.568295658 0.706680526 0.421476785
vn -0.568295658 0.706680526 0.421476785
vn -0.524247209 -0.706680526 0.475149974
vn -0.524247209 -0.706680526 0.475149974
vn 0.524247209 -0.706680526 -0.475149974
vn 0.524247209 -0.706680526 -0.475149974
vn 0.524247209 0.706680526 -0.475149974
vn 0.524247209 0.706680526 -0.475149974
vn -0.524247209 0.706680526 0.475149974
vn -0.524247209 0.706680526 0.475149974
vn -0.475149974 -0.706680526 0.524247209
vn -0.475149974 -0.706680526 0.524247209
vn 0.475149974 -0.706680526 -0.524247209
vn 0.475149974 -0.706680526 -0.524247209
vn 0.475149974 0.706680526 -0.524247209
vn 0.475149974 0.706680526 -0.524247209
vn -0.475149974 0.706680526 0.524247209
vn -0.475149974 0.706680526 0.524247209
vn -0.421476785 -0.706680526 0.568295658
vn -0.421476785 -0.706680526 0.568295658
vn 0.421476785 -0.706680526 -0.568295658
vn 0.421476785 -0.706680526 -0.568295658
vn 0.421476785 0.706680526 -0.568295658
vn 0.421476785 0.706680526 -0.568295658
vn -0.421476785 0.706680526 0.568295658
vn -0.421476785 0.706680526 0.568295658
vn -0.363744544 -0.706680526 0.606871108
vn -0.363744544 -0.706680526 0.606871108
vn 0.363744544 -0.706680526 -0.606871108
vn 0.363744544 -0.706680526 -0.606871108
vn 0.363744544 0.706680526 -0.606871108
vn 0.363744544 0.706680526 -0.606871108
vn -0.363744544 0.706680526 0.606871108
vn -0.363744544 0.706680526 0.606871108
vn -0.302509244 -0.706680526 0.639602058
vn -0.302509244 -0.706680526 0.639602058
vn 0.302509244 -0.706680526 -0.639602058
vn 0.302509244 -0.706680526 -0.639602058
vn 0.302509244 0.706680526 -0.639602058
vn 0.302509244 0.706680526 -0.639602058
vn -0.302509244 0.706680526 0.639602058
vn -0.302509244 0.706680526 0.639602058
vn -0.238360614 -0.706680526 0.666173290
vn -0.238360614 -0.706680526 0.666173290
vn 0.238360614 -0.706680526 -0.666173290
vn 0.238360614 -0.706680526 -0.666173290
vn 0.238360614 0.706680526 -0.666173290
vn 0.238360614 0.706680526 -0.666173290
vn -0.238360614 0.706680526 0.666173290
vn -0.238360614 0.706680526 0.666173290
vn -0.171916442 -0.706680526 0.686328909
vn -0.171916442 -0.706680526 0.686328909
vn 0.171916442 -0.706680526 -0.686328909
vn 0.171916442 -0.706680526 -0.686328909
vn 0.171916442 0.706680526 -0.686328909
vn 0.171916442 0.706680526 -0.686328909
vn -0.171916442 0.706680526 0.686328909
vn -0.171916442 0.706680526 0.686328909
vn -0.103816620 -0.706680526 0.699874806
vn -0.103816620 -0.706680526 0.699874806
vn 0.103816620 -0.706680526 -0.699874806
vn 0.103816620 -0.706680526 -0.699874806
vn 0.103816620 0.706680526 -0.699874806
vn 0.103816620 0.706680526 -0.699874806
vn -0.103816620 0.706680526 0.699874806
vn -0.103816620 0.706680526 0.699874806
vn -0.034716988 -0.706680526 0.706680526
vn -0.034716988 -0.706680526 0.706680526
vn 0.034716988 -0.706680526 -0.706680526
vn 0.034716988 -0.706680526 -0.706680526
vn 0.034716988 0.706680526 -0.706680526
vn 0.034716988 0.706680526 -0.706680526
vn -0.034716988 0.706680526 0.706680526
vn -0.034716988 0.706680526 0.706680526
vn 0.706680526 0.034716988 -0.706680526
vn 0.706680526 0.034716988 -0.706680526
vn -0.706680526 -0.034716988 -0.706680526
vn -0.706680526 -0.034716988 -0.706680526
vn -0.706680526 -0.034716988 0.706680526
vn -0.706680526 -0.034716988 0.706680526
vn 0.706680526 0.034716988 0.706680526
vn 0.706680526 0.034716988 0.706680526
vn 0.699874806 0.103816620 -0.706680526
vn 0.699874806 0.103816620 -0.706680526
vn -0.699874806 -0.103816620 -0.706680526
vn -0.699874806 -0.103816620 -0.706680526
vn -0.699874806 -0.103816620 0.706680526
vn -0.699874806 -0.103816620 0.706680526
vn 0.699874806 0.103816620 0.706680526
vn 0.699874806 0.103816620 0.706680526
vn 0.686328909 0.171916442 -0.706680526
vn 0.686328909 0.171916442 -0.706680526
vn -0.686328909 -0.171916442 -0.706680526
vn -0.686328909 -0.171916442 -0.706680526
vn -0.686328909 -0.171916442 0.706680526
vn -0.686328909 -0.171916442 0.706680526
vn 0.686328909 0.171916442 0.706680526
vn 0.686328909 0.171916442 0.706680526
vn 0.666173290 0.238360614 -0.706680526
vn 0.666173290 0.238360614 -0.706680526
vn -0.666173290 -0.238360614 -0.706680526
vn -0.666173290 -0.238360614 -0.706680526
vn -0.666173290 -0.238360614 0.706680526
vn -0.666173290 -0.238360614 0.706680526
vn 0.666173290 0.238360614 0.706680526
vn 0.666173290 0.238360614 0.706680526
vn 0.639602058 0.302509244 -0.706680526
vn 0.639602058 0.302509244 -0.706680526
vn -0.639602058 -0.302509244 -0.706680526
vn -0.639602058 -0.302509244 -0.706680526
vn -0.639602058 -0.302509244 0.706680526
vn -0.639602058 -0.302509244 0.706680526
vn 0.639602058 0.302509244 0.706680526
vn 0.639602058 0.302509244 0.706680526
vn 0.606871108 0.363744544 -0.706680526
vn 0.606871108 0.363744544 -0.706680526
vn -0.606871108 -0.363744544 -0.706680526
vn -0.606871108 -0.363744544 -0.706680526
vn -0.606871108 -0.363744544 0.706680526
vn -0.606871108 -0.363744544 0.706680526
vn 0.606871108 0.363744544 0.706680526
vn 0.606871108 0.363744544 0.706680526
vn 0.568295658 0.421476785 -0.706680526
vn 0.568295658 0.421476785 -0.706680526
vn -0.568295658 -0.421476785 -0.706680526
vn -0.568295658 -0.421476785 -0.706680526
vn -0.568295658 -0.421476785 0.706680526
vn -0.568295658 -0.421476785 0.706680526
vn 0.568295658 0.421476785 0.706680526
vn 0.568295658 0.421476785 0.706680526
vn 0.524247209 0.475149974 -0.706680526
vn 0.524247209 0.475149974 -0.706680526
vn -0.524247209 -0.475149974 -0.706680526
vn -0.524247209 -0.475149974 -0.706680526
vn -0.524247209 -0.475149974 0.706680526
vn -0.524247209 -0.475149974 0.706680526
vn 0.524247209 0.475149974 0.706680526
vn 0.524247209 0.475149974 0.706680526
vn 0.475149974 0.524247209 -0.706680526
vn 0.475149974 0.524247209 -0.706680526
vn -0.475149974 -0.524247209 -0.706680526
vn -0.475149974 -0.524247209 -0.706680526
vn -0.475149974 -0.524247209 0.706680526
vn -0.475149974 -0.524247209 0.706680526
vn 0.475149974 0.524247209 0.706680526
vn 0.475149974 0.524247209 0.706680526
vn 0.421476785 0.568295658 -0.706680526
vn 0.421476785 0.568295658 -0.706680526
vn -0.421476785 -0.568295658 -0.706680526
vn -0.421476785 -0.568295658 -0.706680526
vn -0.421476785 -0.568295658 0.706680526
vn -0.421476785 -0.568295658 0.706680526
vn 0.421476785 0.568295658 0.706680526
vn 0.421476785 0.568295658 0.706680526
vn 0.363744544 0.606871108 -0.706680526
vn 0.363744544 0.606871108 -0.706680526
vn -0.363744544 -0.606871108 -0.706680526
vn -0.363744544 -0.606871108 -0.706680526
vn -0.363744544 -0.606871108 0.706680526
vn -0.363744544 -0.606871108 0.706680526
vn 0.363744544 0.606871108 0.706680526
vn 0.363744544 0.606871108 0.706680526
vn 0.302509244 0.639602058 -0.706680526
vn 0.302509244 0.639602058 -0.706680526
vn -0.302509244 -0.639602058 -0.706680526
vn -0.302509244 -0.639602058 -0.706680526
vn -0.302509244 -0.639602058 0.706680526
vn -0.302509244 -0.639602058 0.706680526
vn 0.302509244 0.639602058 0.706680526
vn 0.302509244 0.639602058 0.706680526
vn 0.238360614 0.666173290 -0.706680526
vn 0.238360614 0.666173290 -0.706680526
vn -0.238360614 -0.666173290 -0.706680526
vn -0.238360614 -0.666173290 -0.706680526
vn -0.238360614 -0.666173290 0.706680526
vn -0.238360614 -0.666173290 0.706680526
vn 0.238360614 0.666173290 0.706680526
vn 0.238360614 0.666173290 0.706680526
vn 0.171916442 0.686328909 -0.706680526
vn 0.171916442 0.686328909 -0.706680526
vn -0.171916442 -0.686328909 -0.706680526
vn -0.171916442 -0.686328909 -0.706680526
vn -0.171916442 -0.686328909 0.706680526
vn -0.171916442 -0.686328909 0.706680526
vn 0.171916442 0.686328909 0.706680526
vn 0.171916442 0.686328909 0.706680526
vn 0.103816620 0.699874806 -0.706680526
vn 0.103816620 0.699874806 -0.706680526
vn -0.103816620 -0.699874806 -0.706680526
vn -0.103816620 -0.699874806 -0.706680526
vn -0.103816620 -0.699874806 0.706680526
vn -0.103816620 -0.699874806 0.706680526
vn 0.103816620 0.699874806 0.706680526
vn 0.103816620 0.699874806 0.706680526
vn 0.034716988 0.706680526 -0.706680526
vn 0.034716988 0.706680526 -0.706680526
vn -0.034716988 -0.706680526 -0.706680526
vn -0.034716988 -0.706680526 -0.706680526
vn -0.034716988 -0.706680526 0.706680526
vn -0.034716988 -0.706680526 0.706680526
vn 0.034716988 0.706680526 0.706680526
vn 0.034716988 0.706680526 0.706680526
vn -0.034716988 0.706680526 -0.706680526
vn -0.034716988 0.706680526 -0.706680526
vn 0.034716988 -0.706680526 -0.706680526
vn 0.034716988 -0.706680526 -0.706680526
vn 0.034716988 -0.706680526 0.706680526
vn 0.034716988 -0.706680526 0.706680526
vn -0.034716988 0.706680526 0.706680526
vn -0.034716988 0.706680526 0.706680526
vn -0.103816620 0.699874806 -0.706680526
vn -0.103816620 0.699874806 -0.706680526
vn 0.103816620 -0.699874806 -0.706680526
vn 0.103816620 -0.699874806 -0.706680526
vn 0.103816620 -0.699874806 0.706680526
vn 0.103816620 -0.699874806 0.706680526
vn -0.103816620 0.699874806 0.706680526
vn -0.103816620 0.699874806 0.706680526
vn -0.171916442 0.686328909 -0.706680526
vn -0.171916442 0.686328909 -0.706680526
vn 0.171916442 -0.686328909 -0.706680526
vn 0.171916442 -0.686328909 -0.706680526
vn 0.171916442 -0.686328909 0.706680526
vn 0.171916442 -0.686328909 0.706680526
vn -0.171916442 0.686328909 0.706680526
vn -0.171916442 0.686328909 0.706680526
vn -0.238360614 0.666173290 -0.706680526
vn -0.238360614 0.666173290 -0.706680526
vn 0.238360614 -0.666173290 -0.706680526
vn 0.238360614 -0.666173290 -0.706680526
vn 0.238360614 -0.666173290 0.706680526
vn 0.238360614 -0.666173290 0.706680526
vn -0.238360614 0.666173290 0.706680526
vn -0.238360614 0.666173290 0.706680526
vn -0.302509244 0.639602058 -0.706680526
vn -0.302509244 0.639602058 -0.706680526
vn 0.302509244 -0.639602058 -0.706680526
vn 0.302509244 -0.639602058 -0.706680526
vn 0.302509244 -0.639602058 0.706680526
vn 0.302509244 -0.639602058 0.706680526
vn -0.302509244 0.639602058 0.706680526
vn -0.302509244 0.639602058 0.706680526
vn -0.363744544 0.606871108 -0.706680526
vn -0.363744544 0.606871108 -0.706680526
vn 0.363744544 -0.606871108 -0.706680526
vn 0.363744544 -0.606871108 -0.706680526
vn 0.363744544 -0.606871108 0.706680526
vn 0.363744544 -0.606871108 0.706680526
vn -0.363744544 0.606871108 0.706680526
vn -0.363744544 0.606871108 0.706680526
vn -0.421476785 0.568295658 -0.706680526
vn -0.421476785 0.568295658 -0.706680526
vn 0.421476785 -0.568295658 -0.706680526
vn 0.421476785 -0.568295658 -0.706680526
vn 0.421476785 -0.568295658 0.706680526
vn 0.421476785 -0.568295658 0.706680526
vn -0.421476785 0.568295658 0.706680526
vn -0.421476785 0.568295658 0.706680526
vn -0.475149974 0.524247209 -0.706680526
vn -0.475149974 0.524247209 -0.706680526
vn 0.475149974 -0.524247209 -0.706680526
vn 0.475149974 -0.524247209 -0.706680526
vn 0.475149974 -0.524247209 0.706680526
vn 0.475149974 -0.524247209 0.706680526
vn -0.475149974 0.524247209 0.706680526
vn -0.475149974 0.524247209 0.706680526
vn -0.524247209 0.475149974 -0.706680526
vn -0.524247209 0.475149974 -0.706680526
vn 0.524247209 -0.475149974 -0.706680526
vn 0.524247209 -0.475149974 -0.706680526
vn 0.524247209 -0.475149974 0.706680526
vn 0.524247209 -0.475149974 0.706680526
vn -0.524247209 0.475149974 0.706680526
vn -0.524247209 0.475149974 0.706680526
vn -0.568295658 0.421476785 -0.706680526
vn -0.568295658 0.421476785 -0.706680526
vn 0.568295658 -0.421476785 -0.706680526
vn 0.568295658 -0.421476785 -0.706680526
vn 0.568295658 -0.421476785 0.706680526
vn 0.568295658 -0.421476785 0.706680526
vn -0.568295658 0.421476785 0.706680526
vn -0.568295658 0.421476785 0.706680526
vn -0.606871108 0.363744544 -0.706680526
vn -0.606871108 0.363744544 -0.706680526
vn 0.606871108 -0.363744544 -0.706680526
vn 0.606871108 -0.363744544 -0.706680526
vn 0.606871108 -0.363744544 0.706680526
vn 0.606871108 -0.363744544 0.706680526
vn -0.606871108 0.363744544 0.706680526
vn -0.606871108 0.363744544 0.706680526
vn -0.639602058 0.302509244 -0.706680526
vn -0.639602058 0.302509244 -0.706680526
vn 0.639602058 -0.302509244 -0.706680526
vn 0.639602058 -0.302509244 -0.706680526
vn 0.639602058 -0.302509244 0.706680526
vn 0.639602058 -0.302509244 0.706680526
vn -0.639602058 0.302509244 0.706680526
vn -0.639602058 0.302509244 0.706680526
vn -0.666173290 0.238360614 -0.706680526
vn -0.666173290 0.238360614 -0.706680526
vn 0.666173290 -0.238360614 -0.706680526
vn 0.666173290 -0.238360614 -0.706680526
vn 0.666173290 -0.238360614 0.706680526
vn 0.666173290 -0.238360614 0.706680526
vn -0.666173290 0.238360614 0.706680526
vn -0.666173290 0.238360614 0.706680526
vn -0.686328909 0.171916442 -0.706680526
vn -0.686328909 0.171916442 -0.706680526
vn 0.686328909 -0.171916442 -0.706680526
vn 0.686328909 -0.171916442 -0.706680526
vn 0.686328909 -0.171916442 0.706680526
vn 0.686328909 -0.171916442 0.706680526
vn -0.686328909 0.171916442 0.706680526
vn -0.686328909 0.171916442 0.706680526
vn -0.699874806 0.103816620 -0.706680526
vn -0.699874806 0.103816620 -0.706680526
vn 0.699874806 -0.103816620 -0.706680526
vn 0.699874806 -0.103816620 -0.706680526
vn 0.699874806 -0.103816620 0.706680526
vn 0.699874806 -0.103816620 0.706680526
vn -0.699874806 0.103816620 0.706680526
vn -0.699874806 0.103816620 0.706680526
vn -0.706680526 0.034716988 -0.706680526
vn -0.706680526 0.034716988 -0.706680526
vn 0.706680526 -0.034716988 -0.706680526
vn 0.706680526 -0.034716988 -0.706680526
vn 0.706680526 -0.034716988 0.706680526
vn 0.706680526 -0.034716988 0.706680526
vn -0.706680526 0.034716988 0.706680526
vn -0.706680526 0.034716988 0.706680526
vn -0.706680526 -0.034716988 -0.706680526
vn -0.706680526 -0.034716988 -0.706680526
vn 0.706680526 0.034716988 -0.706680526
vn 0.706680526 0.034716988 -0.706680526
vn 0.706680526 0.034716988 0.706680526
vn 0.706680526 0.034716988 0.706680526
vn -0.706680526 -0.034716988 0.706680526
vn -0.706680526 -0.034716988 0.706680526
vn -0.699874806 -0.103816620 -0.706680526
vn -0.699874806 -0.103816620 -0.706680526
vn 0.699874806 0.103816620 -0.706680526
vn 0.699874806 0.103816620 -0.706680526
vn 0.699874806 0.103816620 0.706680526
vn 0.699874806 0.103816620 0.706680526
vn -0.699874806 -0.103816620 0.706680526
vn -0.699874806 -0.103816620 0.706680526
vn -0.686328909 -0.171916442 -0.706680526
vn -0.686328909 -0.171916442 -0.706680526
vn 0.686328909 0.171916442 -0.706680526
vn 0.686328909 0.171916442 -0.706680526
vn 0.686328909 0.171916442 0.706680526
vn 0.686328909 0.171916442 0.706680526
vn -0.686328909 -0.171916442 0.706680526
vn -0.686328909 -0.171916442 0.706680526
vn -0.666173290 -0.238360614 -0.706680526
vn -0.666173290 -0.238360614 -0.706680526
vn 0.666173290 0.238360614 -0.706680526
vn 0.666173290 0.238360614 -0.706680526
vn 0.666173290 0.238360614 0.706680526
vn 0.666173290 0.238360614 0.706680526
vn -0.666173290 -0.238360614 0.706680526
vn -0.666173290 -0.238360614 0.706680526
vn -0.639602058 -0.302509244 -0.706680526
vn -0.639602058 -0.302509244 -0.706680526
vn 0.639602058 0.302509244 -0.706680526
vn 0.639602058 0.302509244 -0.706680526
vn 0.639602058 0.302509244 0.706680526
vn 0.639602058 0.302509244 0.706680526
vn -0.639602058 -0.302509244 0.706680526
vn -0.639602058 -0.302509244 0.706680526
vn -0.606871108 -0.363744544 -0.706680526
vn -0.606871108 -0.363744544 -0.706680526
vn 0.606871108 0.363744544 -0.706680526
vn 0.606871108 0.363744544 -0.706680526
vn 0.606871108 0.363744544 0.706680526
vn 0.606871108 0.363744544 0.706680526
vn -0.606871108 -0.363744544 0.706680526
vn -0.606871108 -0.363744544 0.706680526
vn -0.568295658 -0.421476785 -0.706680526
vn -0.568295658 -0.421476785 -0.706680526
vn 0.568295658 0.421476785 -0.706680526
vn 0.568295658 0.421476785 -0.706680526
vn 0.568295658 0.421476785 0.706680526
vn 0.568295658 0.421476785 0.706680526
vn -0.568295658 -0.421476785 0.706680526
vn -0.568295658 -0.421476785 0.706680526
vn -0.524247209 -0.475149974 -0.706680526
vn -0.524247209 -0.475149974 -0.706680526
vn 0.524247209 0.475149974 -0.706680526
vn 0.524247209 0.475149974 -0.706680526
vn 0.524247209 0.475149974 0.706680526
vn 0.524247209 0.475149974 0.706680526
vn -0.524247209 -0.475149974 0.706680526
vn -0.524247209 -0.475149974 0.706680526
vn -0.475149974 -0.524247209 -0.706680526
vn -0.475149974 -0.524247209 -0.706680526
vn 0.475149974 0.524247209 -0.706680526
vn 0.475149974 0.524247209 -0.706680526
vn 0.475149974 0.524247209 0.706680526
vn 0.475149974 0.524247209 0.706680526
vn -0.475149974 -0.524247209 0.706680526
vn -0.475149974 -0.524247209 0.706680526
vn -0.421476785 -0.568295658 -0.706680526
vn -0.421476785 -0.568295658 -0.706680526
vn 0.421476785 0.568295658 -0.706680526
vn 0.421476785 0.568295658 -0.706680526
vn 0.421476785 0.568295658 0.706680526
vn 0.421476785 0.568295658 0.706680526
vn -0.421476785 -0.568295658 0.706680526
vn -0.421476785 -0.568295658 0.706680526
vn -0.363744544 -0.606871108 -0.706680526
vn -0.363744544 -0.606871108 -0.706680526
vn 0.363744544 0.606871108 -0.706680526
vn 0.363744544 0.606871108 -0.706680526
vn 0.363744544 0.606871108 0.706680526
vn 0.363744544 0.606871108 0.706680526
vn -0.363744544 -0.606871108 0.706680526
vn -0.363744544 -0.606871108 0.706680526
vn -0.302509244 -0.639602058 -0.706680526
vn -0.302509244 -0.639602058 -0.706680526
vn 0.302509244 0.639602058 -0.706680526
vn 0.302509244 0.639602058 -0.706680526
vn 0.302509244 0.639602058 0.706680526
vn 0.302509244 0.639602058 0.706680526
vn -0.302509244 -0.639602058 0.706680526
vn -0.302509244 -0.639602058 0.706680526
vn -0.238360614 -0.666173290 -0.706680526
vn -0.238360614 -0.666173290 -0.706680526
vn 0.238360614 0.666173290 -0.706680526
vn 0.238360614 0.666173290 -0.706680526
vn 0.238360614 0.666173290 0.706680526
vn 0.238360614 0.666173290 0.706680526
vn -0.238360614 -0.666173290 0.706680526
vn -0.238360614 -0.666173290 0.706680526
vn -0.171916442 -0.686328909 -0.706680526
vn -0.171916442 -0.686328909 -0.706680526
vn 0.171916442 0.686328909 -0.706680526
vn 0.171916442 0.686328909 -0.706680526
vn 0.171916442 0.686328909 0.706680526
vn 0.171916442 0.686328909 0.706680526
vn -0.171916442 -0.686328909 0.706680526
vn -0.171916442 -0.686328909 0.706680526
vn -0.103816620 -0.699874806 -0.706680526
vn -0.103816620 -0.699874806 -0.706680526
vn 0.103816620 0.699874806 -0.706680526
vn 0.103816620 0.699874806 -0.706680526
vn 0.103816620 0.699874806 0.706680526
vn 0.103816620 0.699874806 0.706680526
vn -0.103816620 -0.699874806 0.706680526
vn -0.103816620 -0.699874806 0.706680526
vn -0.034716988 -0.706680526 -0.706680526
vn -0.034716988 -0.706680526 -0.706680526
vn 0.034716988 0.706680526 -0.706680526
vn 0.034716988 0.706680526 -0.706680526
vn 0.034716988 0.706680526 0.706680526
vn 0.034716988 0.706680526 0.706680526
vn -0.034716988 -0.706680526 0.706680526
vn -0.034716988 -0.706680526 0.706680526
vn 0.034716988 -0.706680526 -0.706680526
vn 0.034716988 -0.706680526 -0.706680526
vn -0.034716988 0.706680526 -0.706680526
vn -0.034716988 0.706680526 -0.706680526
vn -0.034716988 0.706680526 0.706680526
vn -0.034716988 0.706680526 0.706680526
vn 0.034716988 -0.706680526 0.706680526
vn 0.034716988 -0.706680526 0.706680526
vn 0.103816620 -0.699874806 -0.706680526
vn 0.103816620 -0.699874806 -0.706680526
vn -0.103816620 0.699874806 -0.706680526
vn -0.103816620 0.699874806 -0.706680526
vn -0.103816620 0.699874806 0.706680526
vn -0.103816620 0.699874806 0.706680526
vn 0.103816620 -0.699874806 0.706680526
vn 0.103816620 -0.699874806 0.706680526
vn 0.171916442 -0.686328909 -0.706680526
vn 0.171916442 -0.686328909 -0.706680526
vn -0.171916442 0.686328909 -0.706680526
vn -0.171916442 0.686328909 -0.706680526
vn -0.171916442 0.686328909 0.706680526
vn -0.171916442 0.686328909 0.706680526
vn 0.171916442 -0.686328909 0.706680526
vn 0.171916442 -0.686328909 0.706680526
vn 0.238360614 -0.666173290 -0.706680526
vn 0.238360614 -0.666173290 -0.706680526
vn -0.238360614 0.666173290 -0.706680526
vn -0.238360614 0.666173290 -0.706680526
vn -0.238360614 0.666173290 0.706680526
vn -0.238360614 0.666173290 0.706680526
vn 0.238360614 -0.666173290 0.706680526
vn 0.238360614 -0.666173290 0.706680526
vn 0.302509244 -0.639602058 -0.706680526
vn 0.302509244 -0.639602058 -0.706680526
vn -0.302509244 0.639602058 -0.706680526
vn -0.302509244 0.639602058 -0.706680526
vn -0.302509244 0.639602058 0.706680526
vn -0.302509244 0.639602058 0.706680526
vn 0.302509244 -0.639602058 0.706680526
vn 0.302509244 -0.639602058 0.706680526
vn 0.363744544 -0.606871108 -0.706680526
vn 0.363744544 -0.606871108 -0.706680526
vn -0.363744544 0.606871108 -0.706680526
vn -0.363744544 0.606871108 -0.706680526
vn -0.363744544 0.606871108 0.706680526
vn -0.363744544 0.606871108 0.706680526
vn 0.363744544 -0.606871108 0.706680526
vn 0.363744544 -0.606871108 0.706680526
vn 0.421476785 -0.568295658 -0.706680526
vn 0.421476785 -0.568295658 -0.706680526
vn -0.421476785 0.568295658 -0.706680526
vn -0.421476785 0.568295658 -0.706680526
vn -0.421476785 0.568295658 0.706680526
vn -0.421476785 0.568295658 0.706680526
vn 0.421476785 -0.568295658 0.706680526
vn 0.421476785 -0.568295658 0.706680526
vn 0.475149974 -0.524247209 -0.706680526
vn 0.475149974 -0.524247209 -0.706680526
vn -0.475149974 0.524247209 -0.706680526
vn -0.475149974 0.524247209 -0.706680526
vn -0.475149974 0.524247209 0.706680526
vn -0.475149974 0.524247209 0.706680526
vn 0.475149974 -0.524247209 0.706680526
vn 0.475149974 -0.524247209 0.706680526
vn 0.524247209 -0.475149974 -0.706680526
vn 0.524247209 -0.475149974 -0.706680526
vn -0.524247209 0.475149974 -0.706680526
vn -0.524247209 0.475149974 -0.706680526
vn -0.524247209 0.475149974 0.706680526
vn -0.524247209 0.475149974 0.706680526
vn 0.524247209 -0.475149974 0.706680526
vn 0.524247209 -0.475149974 0.706680526
vn 0.568295658 -0.421476785 -0.706680526
vn 0.568295658 -0.421476785 -0.706680526
vn -0.568295658 0.421476785 -0.706680526
vn -0.568295658 0.421476785 -0.706680526
vn -0.568295658 0.421476785 0.706680526
vn -0.568295658 0.421476785 0.706680526
vn 0.568295658 -0.421476785 0.706680526
vn 0.568295658 -0.421476785 0.706680526
vn 0.606871108 -0.363744544 -0.706680526
vn 0.606871108 -0.363744544 -0.706680526
vn -0.606871108 0.363744544 -0.706680526
vn -0.606871108 0.363744544 -0.706680526
vn -0.606871108 0.363744544 0.706680526
vn -0.606871108 0.363744544 0.706680526
vn 0.606871108 -0.363744544 0.706680526
vn 0.606871108 -0.363744544 0.706680526
vn 0.639602058 -0.302509244 -0.706680526
vn 0.639602058 -0.302509244 -0.706680526
vn -0.639602058 0.302509244 -0.706680526
vn -0.639602058 0.302509244 -0.706680526
vn -0.639602058 0.302509244 0.706680526
vn -0.639602058 0.302509244 0.706680526
vn 0.639602058 -0.302509244 0.706680526
vn 0.639602058 -0.302509244 0.706680526
vn 0.666173290 -0.238360614 -0.706680526
vn 0.666173290 -0.238360614 -0.706680526
vn -0.666173290 0.238360614 -0.706680526
vn -0.666173290 0.238360614 -0.706680526
vn -0.666173290 0.238360614 0.706680526
vn -0.666173290 0.238360614 0.706680526
vn 0.666173290 -0.238360614 0.706680526
vn 0.666173290 -0.238360614 0.706680526
vn 0.686328909 -0.171916442 -0.706680526
vn 0.686328909 -0.171916442 -0.706680526
vn -0.686328909 0.171916442 -0.706680526
vn -0.686328909 0.171916442 -0.706680526
vn -0.686328909 0.171916442 0.706680526
vn -0.686328909 0.171916442 0.706680526
vn 0.686328909 -0.171916442 0.706680526
vn 0.686328909 -0.171916442 0.706680526
vn 0.699874806 -0.103816620 -0.706680526
vn 0.699874806 -0.103816620 -0.706680526
vn -0.699874806 0.103816620 -0.706680526
vn -0.699874806 0.103816620 -0.706680526
vn -0.699874806 0.103816620 0.706680526
vn -0.699874806 0.103816620 0.706680526
vn 0.699874806 -0.103816620 0.706680526
vn 0.699874806 -0.103816620 0.706680526
vn 0.706680526 -0.034716988 -0.706680526
vn 0.706680526 -0.034716988 -0.706680526
vn -0.706680526 0.034716988 -0.706680526
vn -0.706680526 0.034716988 -0.706680526
vn -0.706680526 0.034716988 0.706680526
vn -0.706680526 0.034716988 0.706680526
vn 0.706680526 -0.034716988 0.706680526
vn 0.706680526 -0.034716988 0.706680526
vn 0.071876248 0.705276319 -0.705279462
vn 0.071890550 0.705339970 -0.705214347
vn -0.173200518 -0.687441775 -0.705283905
vn -0.173159914 -0.686506157 -0.706204602
vn -0.048952095 -0.709310961 0.703193895
vn -0.049030571 -0.709560111 0.702937019
vn 0.196187949 0.683395900 0.703192956
vn 0.196167227 0.683234088 0.703355956
vn -0.032937217 0.721480142 -0.691651317
vn -0.037028085 0.703440882 -0.709788593
vn -0.205150794 -0.681850197 -0.702134930
vn -0.205709937 -0.677149792 -0.706506604
vn 0.039755605 -0.722245721 0.690493020
vn 0.046926660 -0.703213863 0.709428046
vn 0.213382505 0.680529299 0.700962039
vn 0.213266895 0.675289517 0.706046244
vn 0.300096272 0.669251166 -0.679738998
vn 0.339312482 0.518351195 -0.784970750
vn 0.190168047 -0.715500185 -0.672231805
vn 0.165413266 -0.782885749 -0.599773587
vn -0.302258986 -0.668756109 0.679267820
vn -0.320631142 -0.532855202 0.783109829
vn -0.206380793 0.714604570 0.668391559
vn -0.168300183 0.782849470 0.599017325
vn 0.121352559 0.662499364 -0.739167200
vn 0.122415311 0.663012467 -0.738531625
vn -0.810688380 -0.336109044 -0.479390301
vn -0.815201253 -0.365182003 -0.449543126
vn -0.118879133 -0.663841125 0.738364891
vn -0.120411935 -0.664449144 0.737569184
vn 0.812144700 0.334243405 0.478228327
vn 0.818641205 0.361356327 0.446372247
vn -0.048503753 0.767102075 -0.639688825
vn 0.015352528 0.589803381 -0.807400936
vn 0.158439704 -0.727951227 -0.667071114
vn 0.183437110 -0.845239874 -0.501916708
vn 0.011354428 -0.747626364 0.664022512
vn 0.004219542 -0.592167571 0.805803799
vn -0.142459100 0.728710562 0.669840520
vn -0.118079063 0.843593346 0.523839290
vn 0.429406026 0.482642256 -0.763326220
vn 0.408089937 0.416725000 -0.812282511
vn -0.311580125 -0.734902301 -0.602359057
vn -0.321395153 -0.748531264 -0.580005260
vn -0.434820501 -0.480434981 0.761651732
vn -0.402543059 -0.420932727 0.812880511
vn 0.310657842 0.735326113 0.602318199
vn 0.324572875 0.747107824 0.580070985
vn 0.089616470 0.608800772 -0.788245208
vn 0.105315641 0.628410318 -0.770719850
vn -0.573674917 -0.597186182 -0.560594107
vn -0.573641353 -0.596695777 -0.561150380
vn -0.088364077 -0.609377902 0.787940583
vn -0.107972506 -0.626814052 0.771651529
vn 0.573706935 0.597161212 0.560587941
vn 0.573584018 0.596722016 0.561181085
vn -0.141400500 0.745574501 -0.651248464
vn -0.137478874 0.750205476 -0.646754438
vn -0.554575899 -0.605191888 -0.571129015
vn -0.554499742 -0.605519206 -0.570855960
vn 0.140598140 -0.745293728 0.651743371
vn 0.136264756 -0.749632073 0.647675592
vn 0.553084033 0.605837632 0.571890563
vn 0.553045531 0.606101903 0.571647727
vn -0.007996398 0.679059545 -0.734039639
vn -0.010723799 0.677207719 -0.735713739
vn -0.775625468 -0.479257015 -0.410752781
vn -0.776192909 -0.471697219 -0.418361448
vn 0.005308378 -0.677372315 0.735621212
vn 0.008519963 -0.675640800 0.737181742
vn 0.774112520 0.480456941 0.412202540
vn 0.773899759 0.473682199 0.420362150
vn -0.057445686 0.708932045 -0.702933389
vn -0.049547992 0.717541434 -0.694751241
vn -0.602308627 -0.589266676 -0.538506363
vn -0.603895087 -0.577661152 -0.549197886
vn 0.053158892 -0.706140585 0.706073372
vn 0.043353601 -0.714587798 0.698201077
vn 0.598627422 0.591185824 0.540503960
vn 0.598734476 0.579439778 0.552961637
vn -0.278345566 0.796818861 -0.536286722
vn -0.273035260 0.802445687 -0.530596520
vn -0.583477495 -0.584499600 -0.563838834
vn -0.582933560 -0.585925178 -0.562921088
vn 0.273557183 -0.795791721 0.540261052
vn 0.268118032 -0.800902972 0.535413065
vn 0.577882341 0.586282636 0.567736445
vn 0.577464831 0.587609189 0.566789034
vn -0.102997322 0.729887090 -0.675763559
vn -0.108036572 0.726338528 -0.678793372
vn -0.758745005 -0.507786328 -0.407993950
vn -0.759983606 -0.500435698 -0.414715603
vn 0.086115066 -0.720657929 0.687921758
vn 0.093661809 -0.715881864 0.691910849
vn 0.744559893 0.516240622 0.423233015
vn 0.745158543 0.511220791 0.428242978
vn 0.980932334 -0.172653885 -0.089232240
vn 0.980932334 -0.172653885 -0.089232240
vn -0.650691565 0.473371496 0.593733875
vn -0.650691565 0.473371496 0.593733875
vn 0.683580611 -0.483179574 -0.547042090
vn 0.673668514 -0.488900720 -0.554208281
vn -0.728720996 -0.413291895 -0.546036189
vn -0.706588967 -0.427176036 -0.564138871
vn -0.684783675 0.459373391 0.565727325
vn -0.670475539 0.466558785 0.576875595
vn 0.727376533 0.386618688 0.566965051
vn 0.699219094 0.406467880 0.588112677
vn 0.577577540 -0.815921546 0.026004157
vn 0.482440294 -0.875756562 0.017372612
vn -0.725966670 -0.670046721 -0.154950913
vn -0.811415380 -0.565564655 -0.147450676
vn -0.581935134 0.813099430 -0.014859940
vn -0.502630565 0.864465596 0.007858089
vn 0.724061899 0.674860062 0.142471971
vn 0.810770007 0.563535462 0.158365966
vn 0.619007322 -0.766525871 -0.171078998
vn 0.622315808 -0.765062286 -0.165537713
vn -0.455847662 -0.205619736 -0.865981197
vn -0.489324997 -0.167788264 -0.855808475
vn -0.619903127 0.765484824 0.172490865
vn -0.622955111 0.764379327 0.166286421
vn 0.455067194 0.204974815 0.866544387
vn 0.486010093 0.162873894 0.858642116
vn 0.764790693 -0.531220351 -0.364554707
vn 0.745348057 -0.544546421 -0.384610802
vn -0.624285208 -0.397638415 -0.672422241
vn -0.628588618 -0.394733833 -0.670120549
vn -0.763965980 0.533419603 0.363069565
vn -0.745295045 0.544753663 0.384420007
vn 0.624815961 0.398724303 0.671285293
vn 0.628924322 0.395552779 0.669322192
vn 0.517126004 -0.854455122 0.049871234
vn 0.526112890 -0.848755062 0.053104350
vn -0.682411888 -0.571399571 -0.455868999
vn -0.684172088 -0.569387439 -0.455748284
vn -0.503251996 0.861428452 -0.068399201
vn -0.510376601 0.856675813 -0.074981840
vn 0.685128613 0.588940852 0.428657737
vn 0.687049669 0.586054701 0.429537705
vn 0.752602972 -0.502783266 -0.425203190
vn 0.759048371 -0.498529245 -0.418705341
vn -0.623834821 -0.384876348 -0.680220782
vn -0.626037204 -0.383482923 -0.678983260
vn -0.748016205 0.527036864 0.403365717
vn -0.753003480 0.524111959 0.397859790
vn 0.633616966 0.407920723 0.657366127
vn 0.632071534 0.409032620 0.658162511
vn -0.039598757 -0.786097125 0.616833242
vn -0.039598757 -0.786097125 0.616833242
vn 0.180151830 0.762560550 -0.621326585
vn 0.180151830 0.762560550 -0.621326585
vn 0.688485878 -0.666840772 -0.285150102
vn 0.687416882 -0.667833446 -0.285405883
vn -0.722048646 -0.666856269 -0.184251102
vn -0.721089091 -0.667771911 -0.184692172
vn -0.687109922 0.659716810 0.304390680
vn -0.686710415 0.660078057 0.304509055
vn 0.723428535 0.659711033 0.203549767
vn 0.723083678 0.660046743 0.203686748
vn 0.682155604 -0.631774948 -0.368136044
vn 0.678956152 -0.634593462 -0.369201410
vn -0.727664062 -0.630584826 -0.269940347
vn -0.727770601 -0.630488547 -0.269878017
vn -0.681701685 0.629628769 0.372626389
vn -0.678195942 0.632560044 0.374056219
vn 0.727837636 0.628440025 0.274436717
vn 0.727894362 0.628386674 0.274408428
vn 0.690718813 -0.674336478 -0.261108857
vn 0.691440108 -0.673598257 -0.261105274
vn -0.700101301 -0.712680084 -0.044105168
vn -0.701552460 -0.711290717 -0.043470238
vn -0.690597146 0.673740961 0.262961403
vn -0.691299069 0.673052584 0.262879853
vn 0.700470959 0.712206315 0.045854119
vn 0.701932805 0.710795270 0.045391867
vn 0.678514168 -0.636213054 -0.367221289
vn 0.678745321 -0.636010778 -0.367144494
vn -0.726514679 -0.619040263 -0.298270974
vn -0.727329119 -0.618320628 -0.297778362
vn -0.678902143 0.637147434 0.364876729
vn -0.679129198 0.636966116 0.364770748
vn 0.726530754 0.620135069 0.295948576
vn 0.727331555 0.619369427 0.295584712
vn 0.689579474 -0.667294976 -0.281420617
vn 0.690708393 -0.666148015 -0.281369397
vn -0.705432225 -0.705629611 -0.066725017
vn -0.705584005 -0.705484327 -0.066656414
vn -0.690034875 0.668957619 0.276310651
vn -0.691430530 0.667592320 0.276123734
vn 0.704490467 0.707022924 0.061739501
vn 0.704596444 0.706920587 0.061701989
vn 0.669233606 -0.628793521 -0.395910456
vn 0.670935020 -0.627139322 -0.395654483
vn -0.718510489 -0.680438839 -0.144033551
vn -0.719508056 -0.679512778 -0.143424343
vn -0.674380295 0.637099214 0.373250330
vn -0.675377580 0.636168733 0.373034136
vn 0.715129396 0.688470158 0.120825447
vn 0.715074858 0.688521726 0.120854379
vn 0.066903368 -0.346432933 0.935685931
vn 0.066903368 -0.346432933 0.935685931
vn -0.179444811 0.364713837 -0.913664806
vn -0.179444811 0.364713837 -0.913664806
vn 0.194823049 0.858351995 -0.474632312
vn 0.195160755 0.858164772 -0.474832080
vn 0.764709033 -0.435829559 -0.474629003
vn 0.764725508 -0.435745930 -0.474679241
vn -0.178868875 -0.851326536 0.493202853
vn -0.178803314 -0.851366500 0.493157639
vn -0.748755120 0.442854668 0.493199262
vn -0.748732467 0.442948843 0.493149081
vn 0.179348516 0.851601195 -0.492554072
vn 0.180684961 0.850829698 -0.493398186
vn 0.734544654 -0.448932025 -0.508826285
vn 0.736062289 -0.440079704 -0.514336621
vn -0.174771485 -0.849613711 0.497605738
vn -0.175562322 -0.849092656 0.498216351
vn -0.729172931 0.451103789 0.514599076
vn -0.731049946 0.443096563 0.518875142
vn -0.070708386 0.719367926 -0.691021064
vn -0.078147535 0.724659142 -0.684662027
vn 0.627314438 -0.496151025 -0.600258908
vn 0.627627551 -0.497911054 -0.598471586
vn 0.075920690 -0.715669102 0.694300932
vn 0.082700065 -0.721853935 0.687086309
vn -0.622777356 0.498118274 0.603346128
vn -0.622896207 0.500486267 0.601260187
vn 0.037746457 0.787188792 -0.615555855
vn 0.064888496 0.767654140 -0.637570863
vn 0.626967086 -0.498272396 -0.598863000
vn 0.627196473 -0.522708377 -0.577408466
vn -0.036351313 -0.786537270 0.616471983
vn -0.057940128 -0.766260335 0.639912526
vn -0.628114556 0.497644225 0.598182523
vn -0.624778418 0.523887595 0.578959166
vn 0.022465924 0.758490745 -0.651296455
vn 0.022542104 0.758075715 -0.651776851
vn 0.047294680 -0.646571852 -0.761385614
vn 0.047439331 -0.648592255 -0.759656236
vn -0.019983419 -0.757906184 0.652057420
vn -0.019966016 -0.757416514 0.652626679
vn -0.045743710 0.646569082 0.761482721
vn -0.045487192 0.648599452 0.759769482
vn 0.045158177 0.763611137 -0.644095311
vn 0.034782692 0.770644563 -0.636315269
vn 0.651429498 -0.508732788 -0.562877038
vn 0.650241076 -0.559412747 -0.514046615
vn -0.048575409 -0.764408154 0.642900150
vn -0.039725357 -0.772296192 0.634019312
vn -0.652631332 0.508093707 0.562061500
vn -0.644752200 0.560153152 0.520118301
vn 0.655049969 0.741541786 -0.145001095
vn 0.629254237 0.770724554 -0.100113764
vn 0.301473850 -0.544864177 -0.782455459
vn 0.246535296 -0.601967556 -0.759509980
vn -0.666899897 -0.733816550 0.129451914
vn -0.646414278 -0.758929668 0.078576973
vn -0.306078362 0.545678123 0.780097060
vn -0.238836747 0.603782990 0.760528178
vn -0.519790221 0.453835062 -0.723776114
vn -0.613894193 0.512071341 -0.600763565
vn 0.619030282 -0.455442557 -0.639823091
vn 0.596248227 -0.437896209 -0.672855825
vn 0.526343220 -0.446763680 0.723439721
vn 0.609734609 -0.514841022 0.602629595
vn -0.624667046 0.452124115 0.636690558
vn -0.603908512 0.431694244 0.670025812
vn 0.044973281 0.727869054 -0.684239757
vn 0.027098393 0.687509658 -0.725669448
vn -0.332903204 -0.742247609 -0.581587435
vn -0.334610489 -0.713761526 -0.615288798
vn -0.048838777 -0.728092194 0.683737179
vn -0.025826015 -0.687586979 0.725642586
vn 0.335383610 0.742071992 0.580385211
vn 0.333540830 0.713919783 0.615685843
vn -0.539696217 0.602481079 -0.588000462
vn -0.498962644 0.563624947 -0.658303273
vn 0.491632253 -0.566759303 -0.661121487
vn 0.477739948 -0.554100059 -0.681716706
vn 0.529296171 -0.606589257 0.593207415
vn 0.499390034 -0.563401710 0.658170272
vn -0.489670716 0.567800650 0.661683469
vn -0.479285538 0.553190697 0.681370256
vn -0.041412711 0.706842497 -0.706157682
vn -0.046061403 0.651382700 -0.757349936
vn -0.110274542 -0.740562261 -0.662877865
vn -0.108574371 -0.753213118 -0.648753886
vn 0.030172138 -0.708283608 0.705282903
vn 0.042134184 -0.651065123 0.757851513
vn 0.103084447 0.739965948 0.664698423
vn 0.103172849 0.752899920 0.649997749
vn -0.368925957 0.640977091 -0.673083953
vn -0.367473111 0.648210732 -0.666923054
vn -0.190172156 -0.755111595 -0.627408185
vn -0.190666528 -0.754279385 -0.628258613
vn 0.348189015 -0.643964858 0.681229529
vn 0.346380767 -0.650626386 0.675800022
vn 0.167667481 0.755123906 0.633778749
vn 0.169336380 0.751835208 0.637235443
vn 0.626371493 0.275817751 0.729097608
vn 0.626371493 0.275817751 0.729097608
vn -0.916594954 -0.104995757 0.385784372
vn -0.916594954 -0.104995757 0.385784372
vn 0.776655855 -0.331134051 -0.535869316
vn 0.776078368 -0.331685167 -0.536364911
vn -0.615847779 -0.577534218 -0.535897136
vn -0.616839819 -0.577140350 -0.535180020
vn -0.773845348 0.315251662 0.549344853
vn -0.772245819 0.316672083 0.550776894
vn 0.618647855 0.561713074 0.549320720
vn 0.619533042 0.561325083 0.548719383
vn 0.777172306 -0.336210159 -0.531945426
vn 0.780452628 -0.332238725 -0.529633010
vn -0.590221684 -0.681038562 -0.433387635
vn -0.593123011 -0.679861843 -0.431269020
vn -0.776221212 0.332269372 0.535796317
vn -0.779469446 0.328701533 0.533275431
vn 0.591538912 0.677154696 0.437656525
vn 0.593599586 0.676212009 0.436321957
vn 0.800210673 -0.528518280 -0.283427781
vn 0.797886376 -0.531036103 -0.285268276
vn -0.597605118 -0.628161645 -0.498278105
vn -0.597719627 -0.628088196 -0.498233344
vn -0.800294272 0.527803848 0.284520958
vn -0.798010134 0.530159854 0.286549045
vn 0.597645055 0.627223470 0.499410759
vn 0.597758004 0.627145336 0.499373705
vn 0.771343095 -0.286670348 -0.568198857
vn 0.787128962 -0.267647571 -0.555691258
vn -0.596914597 -0.643183985 -0.479590790
vn -0.602133336 -0.641417167 -0.475415043
vn -0.771775893 0.288092951 0.566890133
vn -0.787921209 0.271542587 0.552670599
vn 0.596778084 0.645215152 0.477025498
vn 0.602174489 0.642932267 0.473311721
vn 0.760179820 -0.626056736 -0.173722781
vn 0.761241477 -0.625074514 -0.172607260
vn -0.585035546 -0.503354896 -0.635898780
vn -0.586414470 -0.502231461 -0.635516820
vn -0.758699762 0.629086287 0.169189581
vn -0.759751772 0.628150176 0.167942255
vn 0.585868045 0.507502177 0.631822898
vn 0.587142302 0.506367964 0.631549999
vn 0.790109783 -0.290579134 -0.539713163
vn 0.790417466 -0.290226396 -0.539452378
vn -0.599942496 -0.627407902 -0.496415477
vn -0.580859444 -0.634466891 -0.509954970
vn -0.792886806 0.306348770 0.526764600
vn -0.794378084 0.304750898 0.525443003
vn 0.600146435 0.640590505 0.479028247
vn 0.576549891 0.650265585 0.494716981
vn 0.133733099 -0.755675843 0.641147003
vn 0.133733099 -0.755675843 0.641147003
vn -0.192641208 0.706298736 -0.681198547
vn -0.192641208 0.706298736 -0.681198547
vn 0.675660182 0.333080409 -0.657678310
vn 0.676352969 0.334784739 -0.656098955
vn -0.298956259 -0.691429768 -0.657685358
vn -0.299209513 -0.691573831 -0.657418666
vn -0.654157479 -0.353536245 0.668647976
vn -0.655164790 -0.355532276 0.666600254
vn 0.320528140 0.670907644 0.668688751
vn 0.318861919 0.670129339 0.670263937
vn 0.766669049 0.233148540 -0.598214282
vn 0.767021133 0.233943394 -0.597452149
vn -0.328315170 -0.659441403 -0.676273750
vn -0.328475153 -0.659499040 -0.676139845
vn -0.762662879 -0.238210798 0.601332644
vn -0.763034757 -0.238867742 0.600599835
vn 0.332658634 0.654447140 0.678997183
vn 0.332883486 0.654505100 0.678831098
vn 0.647006477 0.361629394 -0.671272523
vn 0.646870138 0.361203540 -0.671633105
vn -0.285097619 -0.705903905 -0.648397274
vn -0.283035138 -0.704527286 -0.650793680
vn -0.644771711 -0.363680014 0.672314129
vn -0.644555031 -0.363243794 0.672757577
vn 0.287129186 0.703837441 0.649745863
vn 0.284926502 0.702814407 0.651819606
vn 0.679325454 0.331494256 -0.654697247
vn 0.679826233 0.332792820 -0.653517584
vn -0.299197909 -0.689653258 -0.659438394
vn -0.298736397 -0.689404787 -0.659907269
vn -0.680436176 -0.330439054 0.654076939
vn -0.681025077 -0.331662278 0.652843762
vn 0.298149268 0.690634670 0.658886004
vn 0.297565760 0.690378356 0.659418186
vn 0.437606487 0.513042503 -0.738436153
vn 0.435354372 0.504977266 -0.745294930
vn -0.272736378 -0.710470634 -0.648726711
vn -0.272735743 -0.710469743 -0.648727955
vn -0.448097147 -0.506817781 0.736440550
vn -0.444730574 -0.499830012 0.743225857
vn 0.264157406 0.717169864 0.644893984
vn 0.264415705 0.717413482 0.644517053
vn 0.733826785 0.285442341 -0.616458368
vn 0.735143461 0.289650946 -0.612916325
vn -0.257617051 -0.722993892 -0.641025185
vn -0.253235253 -0.721209533 -0.644770282
vn -0.747516954 -0.271534021 0.606207620
vn -0.749059672 -0.275717070 0.602403274
vn 0.241250281 0.736088013 0.632433980
vn 0.239125170 0.735338816 0.634110384
vn 0.679605875 -0.646492132 0.346675320
vn 0.679605875 -0.646492132 0.346675320
vn -0.623369137 0.624187557 -0.470957336
vn -0.623369137 0.624187557 -0.470957336
vn -0.621411322 0.547480148 -0.560458255
vn -0.582367936 0.562523559 -0.586868667
vn 0.771162632 0.301586063 -0.560672848
vn 0.775959931 0.297652590 -0.556137682
vn 0.624755991 -0.528504171 0.574772383
vn 0.593572774 -0.538751380 0.597844723
vn -0.767930987 -0.283268573 0.574491875
vn -0.774153504 -0.277520736 0.568918793
vn -0.647946727 0.395666371 -0.650855716
vn -0.637902975 0.392850049 -0.662381034
vn 0.618768900 -0.199513180 -0.759815464
vn 0.608656046 -0.194036073 -0.769342460
vn 0.649457491 -0.390747453 0.652320011
vn 0.639174741 -0.386761655 0.664733836
vn -0.616307978 0.204006720 0.760621939
vn -0.606513953 0.197527996 0.770145126
vn -0.517808095 0.708748376 -0.479114304
vn -0.531747780 0.700642085 -0.475757257
vn 0.773602834 0.557008431 -0.302126235
vn 0.733844575 0.592788156 -0.331774534
vn 0.520287482 -0.704594947 0.482542119
vn 0.533258602 -0.697902400 0.478087339
vn -0.775552508 -0.549900737 0.310044330
vn -0.734626650 -0.590601360 0.333936697
vn -0.654728652 0.255529558 -0.711361397
vn -0.665126956 0.257199131 -0.701038329
vn 0.664971825 -0.138173159 -0.733975919
vn 0.688457623 -0.145732926 -0.710484353
vn 0.654987827 -0.251913401 0.712411809
vn 0.665556413 -0.254814193 0.701501524
vn -0.664073464 0.140200126 0.734404765
vn -0.687003572 0.150369948 0.710925433
vn -0.656186816 0.302265487 -0.691414809
vn -0.696835175 0.285643459 -0.657897068
vn 0.749494713 0.235348322 -0.618763963
vn 0.795504586 0.216925888 -0.565787604
vn 0.656276015 -0.301852244 0.691510676
vn 0.695371813 -0.292100882 0.656608799
vn -0.749506398 -0.237883990 0.617779384
vn -0.793904813 -0.212354873 0.569754821
vn -0.399163796 0.831809866 -0.385694971
vn -0.385710222 0.829552438 -0.403819733
vn 0.576449168 -0.159793563 -0.801356584
vn 0.587340082 -0.182160359 -0.788574177
vn 0.395700229 -0.834940992 0.382485122
vn 0.383380377 -0.831467182 0.402096770
vn -0.576437812 0.159807557 0.801361962
vn -0.586077525 0.184682961 0.788926700
vn -0.688499371 -0.510780295 -0.514851538
vn -0.733561712 -0.519038360 -0.438732715
vn 0.710416293 0.162620651 -0.684735872
vn 0.775766871 0.229788690 -0.587692879
vn 0.690776058 0.505195647 0.517306288
vn 0.740055059 0.502762949 0.446707876
vn -0.712603616 -0.173001333 0.679901923
vn -0.774818457 -0.226451176 0.590234042
vn -0.037355098 0.975079102 -0.218690057
vn -0.037568733 0.975150823 -0.218333373
vn 0.462870505 -0.312074129 -0.829675016
vn 0.459988700 -0.233417936 -0.856695082
vn 0.043727025 -0.973806220 0.223135369
vn 0.044026413 -0.973939788 0.222492617
vn -0.460614713 0.314620237 0.829968790
vn -0.464323877 0.230338954 0.855188461
vn -0.634403278 0.551926487 -0.541211266
vn -0.632086919 0.551690760 -0.544153869
vn 0.616394810 -0.109877971 -0.779733461
vn 0.600898391 -0.097338385 -0.793376558
vn 0.634320942 -0.552051809 0.541179954
vn 0.632143305 -0.551581386 0.544199244
vn -0.617453782 0.108939371 0.779026983
vn -0.602480859 0.094561743 0.792511761
vn -0.653249177 0.508321369 -0.561137147
vn -0.655277204 0.507852722 -0.559193525
vn 0.700085219 0.111468288 -0.705305258
vn 0.705369339 0.107772180 -0.700599210
vn 0.650953602 -0.513267228 0.559299706
vn 0.652524113 -0.513107866 0.557613306
vn -0.702262033 -0.117259357 0.702195329
vn -0.707391576 -0.112693142 0.697780348
vn -0.593108058 0.612897598 -0.522091338
vn -0.581601544 0.607792309 -0.540673795
vn 0.480943391 -0.267753035 -0.834866316
vn 0.486606439 -0.273070037 -0.829847533
vn 0.587983584 -0.620480610 0.518921109
vn 0.576924017 -0.613163473 0.539619527
vn -0.485588313 0.261854123 0.834048205
vn -0.490789152 0.267985738 0.829041406
vn -0.638639212 0.536478780 -0.551661559
vn -0.638753868 0.536529740 -0.551479224
vn 0.487481755 -0.272009189 -0.829682192
vn 0.487493632 -0.272018623 -0.829672120
vn 0.621145147 -0.559574992 0.548684367
vn 0.621344904 -0.559697373 0.548333256
vn -0.505710774 0.249531150 0.825827354
vn -0.504940907 0.248798840 0.826519097
vn 0.139416389 0.790484634 0.596403482
vn 0.139416389 0.790484634 0.596403482
vn -0.597212791 -0.794790237 -0.107913674
vn -0.597212791 -0.794790237 -0.107913674
vn 0.698167152 -0.707102358 -0.112111027
vn 0.705349803 -0.699757896 -0.113227838
vn -0.700730495 -0.707089120 0.094877548
vn -0.713386775 -0.693943386 0.097580153
vn -0.694850315 0.706473189 0.134456957
vn -0.698870982 0.702430649 0.134798121
vn 0.703840435 0.706500162 -0.073933504
vn 0.718668314 0.691182231 -0.076045892
vn 0.612301770 -0.708835366 -0.350198468
vn 0.614463772 -0.706084041 -0.351965338
vn -0.578422250 -0.689359025 0.436132819
vn -0.536904807 -0.737546891 0.409582484
vn -0.609942501 0.708535704 0.354890549
vn -0.612772051 0.705108265 0.356837146
vn 0.581243001 0.690169652 -0.431071254
vn 0.537845659 0.737512027 -0.408409179
vn 0.505244958 -0.630313646 -0.589433830
vn 0.528645603 -0.615202266 -0.584858957
vn -0.816398362 -0.539183976 -0.206819619
vn -0.761458404 -0.592219466 -0.263547344
vn -0.505020273 0.630139547 0.589812407
vn -0.529294654 0.615802797 0.583638659
vn 0.817035626 0.536348215 0.211620835
vn 0.761496910 0.592626025 0.262520192
vn 0.672925670 -0.706033479 0.220653049
vn 0.682393758 -0.698856016 0.214333916
vn -0.567724234 -0.680400780 0.463404761
vn -0.623336386 -0.635451972 0.455689084
vn -0.673155060 0.706440905 -0.218640146
vn -0.682474443 0.699012924 -0.213563965
vn 0.564980811 0.679570123 -0.467954197
vn 0.623905134 0.635841708 -0.454365168
vn 0.636906557 -0.700935277 -0.320998093
vn 0.650792995 -0.689905494 -0.317015595
vn -0.715055821 -0.641490287 -0.277822577
vn -0.755272808 -0.602579148 -0.257801002
vn -0.638056438 0.701762151 0.316881468
vn -0.652099586 0.691112026 0.311657340
vn 0.716121242 0.643243268 0.270939966
vn 0.755268527 0.603713456 0.255146068
vn 0.656929034 -0.695545226 -0.290965776
vn 0.641160706 -0.713583820 -0.282331510
vn -0.624054254 -0.719694218 0.304296764
vn -0.641721280 -0.700381764 0.312504694
vn -0.661835351 0.699999427 0.268281142
vn -0.650173562 0.712860624 0.262876530
vn 0.615045995 0.719251951 -0.323102235
vn 0.633524767 0.699725598 -0.330197601
vn 0.146775847 -0.027850086 0.988777641
vn 0.146775847 -0.027850086 0.988777641
vn -0.420147465 -0.033670922 -0.906830953
vn -0.420147465 -0.033670922 -0.906830953
vn -0.237186865 0.718821851 -0.653481092
vn -0.235753706 0.722342107 -0.650109275
vn -0.300628197 -0.693687586 -0.654538174
vn -0.313258912 -0.661216580 -0.681660831
vn 0.271559386 -0.720419376 0.638162536
vn 0.268425667 -0.726408318 0.632675759
vn 0.339213208 0.691891231 0.637354630
vn 0.345900108 0.668814727 0.658057730
vn -0.712812567 0.654210940 -0.252796936
vn -0.762988584 0.556799259 -0.328364135
vn -0.483817613 -0.688893711 -0.539764738
vn -0.448077463 -0.719487369 -0.530626529
vn 0.714181526 -0.653415182 0.250984756
vn 0.777290691 -0.543871696 0.316263750
vn 0.484186501 0.688917968 0.539402879
vn 0.453229463 0.720150693 0.525324694
vn -0.446721657 0.734231916 -0.511217423
vn -0.437809265 0.696185655 -0.568901205
vn 0.065598932 -0.516313090 -0.853883817
vn 0.086554646 -0.547632626 -0.832230016
vn 0.446340251 -0.734358081 0.511369327
vn 0.442184879 -0.695850582 0.565919164
vn -0.069549711 0.513866886 0.855045999
vn -0.087628748 0.547024302 0.832517637
vn -0.641809970 0.654762550 -0.399206670
vn -0.638619201 0.657951248 -0.399081033
vn -0.783854053 -0.620258786 -0.029186692
vn -0.728108795 -0.685454203 0.003180944
vn 0.640461689 -0.655245662 0.400577018
vn 0.637651572 -0.657850499 0.400790711
vn 0.785109797 0.618813720 0.025926572
vn 0.731932014 0.681210815 -0.015078166
vn -0.598104363 0.651955165 -0.466074708
vn -0.622106719 0.582044929 -0.523647716
vn -0.338654257 -0.719804864 -0.605965554
vn -0.277398221 -0.778344187 -0.563232237
vn 0.589733735 -0.650309399 0.478865124
vn 0.619038969 -0.583328758 0.525850088
vn 0.331657306 0.717518748 0.612511451
vn 0.278413955 0.778535161 0.562466597
vn -0.480285136 0.629051730 -0.611244721
vn -0.480300935 0.629628452 -0.610638210
vn -0.033162371 -0.700256349 -0.713120820
vn -0.028082638 -0.706656508 -0.706999254
vn 0.450590565 -0.636103137 0.626371249
vn 0.450308146 -0.640584034 0.621992499
vn 0.005008162 0.687381252 0.726279514
vn -0.000791915 0.696111149 0.717933591
vn 0.912637323 -0.042586907 -0.406545781
vn 0.912637323 -0.042586907 -0.406545781
vn -0.884998100 -0.323290424 0.335054720
vn -0.884998100 -0.323290424 0.335054720
vn -0.356054595 -0.732293890 -0.580491847
vn -0.355641104 -0.732252779 -0.580797101
vn 0.811654808 0.065268162 -0.580479577
vn 0.811804204 0.065610010 -0.580232076
vn 0.343987215 0.749962047 0.565004180
vn 0.342286870 0.749891086 0.566129894
vn -0.823714008 -0.047613169 0.565002849
vn -0.823696691 -0.047579112 0.565030963
vn -0.369423230 -0.713134817 -0.595789569
vn -0.357262165 -0.710256744 -0.606546868
vn 0.759492386 0.136122340 -0.636114789
vn 0.761120593 0.139727546 -0.633381130
vn 0.365459022 0.718732201 0.591492795
vn 0.353991026 0.717210440 0.600249563
vn -0.763311418 -0.131372855 0.632532096
vn -0.765287310 -0.134788379 0.629418323
vn -0.321519097 -0.779128447 -0.538130405
vn -0.388839752 -0.765305268 -0.512943949
vn 0.935095850 -0.202372032 -0.290931801
vn 0.876371072 -0.320211719 -0.359775206
vn 0.320127881 0.781521414 0.535483351
vn 0.390209309 0.762099232 0.516663775
vn -0.936662359 0.212995486 0.278022568
vn -0.876456408 0.319542059 0.360162515
vn -0.468886698 -0.141410015 -0.871864939
vn -0.489935153 -0.141256300 -0.860238457
vn 0.869550012 -0.050591420 -0.491246664
vn 0.891067817 -0.042197194 -0.451904350
vn 0.469182967 0.146053017 0.870939642
vn 0.488497526 0.144184585 0.860570144
vn -0.868851675 0.046510758 0.492882862
vn -0.891031408 0.041632200 0.452028528
vn -0.380286861 -0.336459761 -0.861496798
vn -0.375511262 -0.314198867 -0.871934839
vn 0.251794549 0.898980618 -0.358375996
vn 0.217298213 0.863475293 -0.455183375
vn 0.379883328 0.337091884 0.861427721
vn 0.373085932 0.316091620 0.872291795
vn -0.268599192 -0.891351157 0.365167892
vn -0.223788899 -0.861318004 0.456124791
vn -0.123196511 -0.483363599 -0.866707708
vn -0.150467990 -0.504502625 -0.850197909
vn 0.751763747 0.488251505 -0.443240044
vn 0.754653138 0.502291578 -0.422139566
vn 0.120849882 0.484697254 0.866293183
vn 0.152094066 0.502585004 0.851043893
vn -0.753758252 -0.485688014 0.442668782
vn -0.758623583 -0.496893686 0.421410637
vn -0.459732190 -0.030624554 -0.887529408
vn -0.221885350 0.121763925 -0.967440147
vn 0.812589537 0.415621954 -0.408603275
vn 0.851020541 0.425703400 -0.307474639
vn 0.470999997 0.007363127 0.882102481
vn 0.224729329 -0.082547463 0.970918454
vn -0.796593366 -0.441417258 0.413025197
vn -0.850033951 -0.427544615 0.307648964
vn -0.232822538 -0.328916883 -0.915208910
vn -0.233327012 -0.328818089 -0.915115932
vn 0.955378117 -0.231079040 -0.183997638
vn 0.898244821 -0.287730026 -0.332216306
vn 0.233034716 0.321921031 0.917639183
vn 0.234514217 0.321515914 0.917404272
vn -0.954777327 0.234227487 0.183133123
vn -0.902068372 0.277013725 0.330962306
vn -0.240743021 0.702975843 -0.669229230
vn -0.371033217 0.650863103 -0.662353058
vn 0.887317827 0.429165475 -0.168772240
vn 0.912433118 0.389714526 -0.124853491
vn 0.242154686 -0.695863852 0.676117303
vn 0.371520565 -0.652330526 0.660634055
vn -0.886363290 -0.431443299 0.167978562
vn -0.912929219 -0.387980564 0.126614865
vn -0.317544837 0.500618746 -0.805323629
vn -0.332911802 0.490259320 -0.805490863
vn 0.877109495 0.479425407 -0.028813436
vn 0.861698631 0.501967956 -0.074186518
vn 0.319805808 -0.506646574 0.800645673
vn 0.335267471 -0.499431733 0.798851467
vn -0.875066887 -0.483390414 0.024323881
vn -0.854714779 -0.514938091 0.065585129
vn -0.292754402 0.346617136 -0.891151738
vn -0.310611447 0.340715586 -0.887374452
vn 0.941324891 0.258297154 -0.217232662
vn 0.938212871 0.261464498 -0.226700077
vn 0.295083466 -0.354431353 0.887301619
vn 0.312216028 -0.350488363 0.882994371
vn -0.940198630 -0.265431111 0.213478014
vn -0.937393217 -0.268956286 0.221261099
vn -0.343890701 0.647581683 -0.679983198
vn -0.349749712 0.645880403 -0.678611556
vn 0.939897111 0.242771116 -0.240115819
vn 0.936759838 0.248545405 -0.246386258
vn 0.344329221 -0.661329803 0.666393487
vn 0.350055615 -0.659890372 0.664835140
vn -0.938460377 -0.259039088 0.228453214
vn -0.936446548 -0.262927425 0.232243477
vn -0.456878892 0.668898143 -0.586376118
vn -0.456878892 0.668898143 -0.586376118
vn 0.015556281 -0.712919057 -0.701073762
vn 0.015556281 -0.712919057 -0.701073762
vn -0.649356740 0.625761391 -0.432155650
vn -0.646067647 0.631370052 -0.428915439
vn -0.460322130 -0.775636550 -0.431846591
vn -0.454144719 -0.781282914 -0.428193394
vn 0.665191563 -0.623622990 0.410627021
vn 0.663579561 -0.626203980 0.409305194
vn 0.475631360 0.777705481 0.411034055
vn 0.467942911 0.785139547 0.405691168
vn -0.785528151 0.569079424 -0.243092850
vn -0.776870725 0.589680255 -0.220791926
vn -0.273129228 -0.696928549 -0.663092016
vn -0.240709759 -0.717252819 -0.653916818
vn 0.788461980 -0.567080172 0.238217936
vn 0.778118178 -0.588856308 0.218587165
vn 0.277043186 0.699288666 0.658970739
vn 0.249474584 0.719472157 0.648168379
vn -0.287765520 0.649080775 -0.704191134
vn -0.294512456 0.639269067 -0.710350247
vn -0.524697934 -0.744628080 -0.412578599
vn -0.528652240 -0.737265048 -0.420674528
vn 0.289608537 -0.649394093 0.703145936
vn 0.297204051 -0.639878657 0.708678387
vn 0.526541843 0.744441591 0.410561086
vn 0.529875229 0.737052745 0.419506250
vn -0.637403007 0.656593734 -0.403239476
vn -0.623373412 0.683320959 -0.380102692
vn -0.371361828 -0.747050583 -0.551367227
vn -0.423543439 -0.696351395 -0.579401148
vn 0.638042843 -0.656471657 0.402425513
vn 0.621458795 -0.683787681 0.382391649
vn 0.372930109 0.747104989 0.550233832
vn 0.419778937 0.694437850 0.584415706
vn -0.790092365 0.600361883 -0.123772631
vn -0.781310041 0.613589961 -0.114289018
vn -0.508177333 -0.733166079 -0.451910720
vn -0.528964751 -0.717315786 -0.453491296
vn 0.784793294 -0.604970080 0.134575957
vn 0.775234078 -0.618704174 0.127347047
vn 0.503442946 0.731465382 0.459895200
vn 0.520679995 0.716722882 0.463897244
vn -0.405972780 0.696294291 -0.591912461
vn -0.396931468 0.711030292 -0.580414794
vn -0.468154285 -0.710353057 -0.525575971
vn -0.474085155 -0.700177484 -0.533849002
vn 0.386158327 -0.693970824 0.607689264
vn 0.375662391 -0.709349989 0.596406204
vn 0.449420494 0.707087090 0.545938702
vn 0.452094705 0.701917697 0.550383433
vn 0.590615177 0.079767567 -0.803001150
vn 0.590615177 0.079767567 -0.803001150
vn -0.797720051 0.063063348 0.599721381
vn -0.797720051 0.063063348 0.599721381
vn -0.697452924 -0.691061134 -0.189720658
vn -0.698207822 -0.690333408 -0.189593311
vn 0.714431049 -0.691053961 -0.109693656
vn 0.713615366 -0.691866560 -0.109880719
vn 0.698500497 0.694816977 0.171249595
vn 0.699085977 0.694244186 0.171183545
vn -0.713377247 0.694832007 0.091111943
vn -0.711556935 0.696627420 0.091634963
vn -0.682534381 -0.650821062 -0.332533854
vn -0.658218753 -0.672906313 -0.337557650
vn 0.715354977 -0.687046459 -0.127414363
vn 0.722332273 -0.680269587 -0.124375950
vn 0.683208512 0.652182621 0.328456936
vn 0.660324073 0.673983535 0.331237548
vn -0.714974993 0.688178329 0.123374818
vn -0.721942519 0.681535403 0.119618113
vn -0.705270709 -0.691295502 -0.157174284
vn -0.703309087 -0.693473512 -0.156367568
vn 0.622634624 -0.725644167 0.292859466
vn 0.640713426 -0.708403563 0.296058606
vn 0.705546804 0.691344720 0.155711867
vn 0.703510577 0.693653613 0.154652947
vn -0.622714866 0.725655424 -0.292660898
vn -0.640283327 0.708231450 -0.297397838
vn -0.707006480 -0.696739602 -0.121226087
vn -0.708145889 -0.695655882 -0.120798566
vn 0.705115031 -0.668897387 -0.235348842
vn 0.722052992 -0.651452144 -0.232915396
vn 0.706872398 0.696622948 0.122669804
vn 0.708029690 0.695507682 0.122323437
vn -0.704992886 0.668453649 0.236969936
vn -0.722055349 0.651327552 0.233256284
vn -0.650010433 -0.631677742 -0.422456705
vn -0.640502461 -0.643732666 -0.418765869
vn 0.615790704 -0.735173158 0.283411780
vn 0.609032014 -0.742326489 0.279340991
vn 0.648298046 0.629872430 0.427750355
vn 0.638867186 0.642601010 0.422980685
vn -0.617358920 0.735337130 -0.279548331
vn -0.610998567 0.742367427 -0.274902446
vn -0.710145206 -0.684651160 -0.164154123
vn -0.694637887 -0.699613267 -0.167390211
vn 0.722015641 -0.681645175 -0.118546487
vn 0.718629398 -0.685081377 -0.119311757
vn 0.706927512 0.683381491 0.182327263
vn 0.694102491 0.695878664 0.184322047
vn -0.724050000 0.676367898 0.135196388
vn -0.719174924 0.681274154 0.136575824
vn 0.055482626 0.198943321 -0.978439182
vn 0.055482626 0.198943321 -0.978439182
vn -0.030835421 -0.215258769 0.976070100
vn -0.030835421 -0.215258769 0.976070100
vn 0.355414434 -0.823723333 -0.441769680
vn 0.362708044 -0.817977262 -0.446493083
vn 0.713149711 0.544406615 -0.441632118
vn 0.711514616 0.547959635 -0.439871787
vn -0.368594140 0.827169304 0.424180742
vn -0.379400565 0.819151341 0.430170073
vn -0.726147753 -0.541009474 0.424285504
vn -0.725024225 -0.543671798 0.422801194
vn 0.273436448 -0.804798505 -0.526812942
vn 0.270667826 -0.810496757 -0.519455421
vn 0.349528714 0.572794089 -0.741442250
vn 0.331325212 0.615417409 -0.715181807
vn -0.283649335 0.806861985 0.518186059
vn -0.279584412 0.812677319 0.511261315
vn -0.355469899 -0.573358356 0.738174334
vn -0.344413446 -0.614522674 0.709747322
vn 0.150382785 -0.770664061 -0.619243025
vn 0.158035170 -0.765147660 -0.624158589
vn 0.743311649 0.506812407 -0.436610784
vn 0.740719609 0.517569068 -0.428318480
vn -0.152311574 0.771448438 0.617793244
vn -0.160317940 0.766367239 0.622076694
vn -0.745721427 -0.505475590 0.434043755
vn -0.743682566 -0.516493275 0.424465473
vn 0.547658589 -0.829844375 -0.106903621
vn 0.609793552 -0.774034297 -0.170360591
vn 0.633649384 0.545634411 -0.548426429
vn 0.685900324 0.470853590 -0.554831184
vn -0.534966217 0.834580562 0.131477877
vn -0.602362219 0.777648520 0.180062591
vn -0.640445159 -0.544381063 0.541737258
vn -0.683350180 -0.472778757 0.556338726
vn -0.437844614 -0.445055571 -0.781164280
vn -0.478870154 -0.500702039 -0.721096973
vn 0.487268805 0.590773323 -0.643083192
vn 0.475044294 0.576487406 -0.664827188
vn 0.431822140 0.450861679 0.781187165
vn 0.477875500 0.501215740 0.721399881
vn -0.487579546 -0.590625326 0.642983601
vn -0.473557788 -0.577622111 0.664902788
vn -0.204337673 -0.609259205 -0.766191449
vn -0.219871116 -0.573607284 -0.789069944
vn -0.290385978 0.836044206 -0.465516991
vn -0.318329727 0.718393378 -0.618528204
vn 0.204625062 0.609176712 0.766180343
vn 0.215527889 0.577146812 0.787686033
vn 0.297773113 -0.835679370 0.461487988
vn 0.350280775 -0.711814002 0.608789131
vn -0.030586589 -0.705835217 -0.707715413
vn -0.049112972 -0.710163807 -0.702321353
vn 0.946617764 0.175237091 -0.270567499
vn 0.942437783 0.136000767 -0.305474739
vn 0.030887396 0.705659493 0.707877566
vn 0.050384818 0.709106657 0.703298741
vn -0.948256737 -0.171406122 0.267262235
vn -0.942709735 -0.135259758 0.304964183
vn -0.379577375 -0.331084265 -0.863889013
vn -0.378137428 -0.323258261 -0.867476906
vn 0.130765591 0.772869630 -0.620945163
vn 0.212662381 0.881059319 -0.422503477
vn 0.379512175 0.331184172 0.863879362
vn 0.376994615 0.323686742 0.867814469
vn -0.128632278 -0.773317284 0.620833404
vn -0.236677166 -0.868711705 0.435113654
vn -0.688459670 -0.172965897 -0.704347984
vn -0.685864940 -0.157717941 -0.710432499
vn 0.191735678 0.891109534 -0.411292145
vn 0.185875789 0.889268602 -0.417913322
vn 0.692908823 0.170168838 0.700656784
vn 0.688833851 0.155517219 0.708041185
vn -0.188822553 -0.892456973 0.409715261
vn -0.181624671 -0.890933750 0.416232546
vn -0.099848648 -0.439313071 -0.892767760
vn -0.112034992 -0.471695468 -0.874615085
vn 0.376313173 0.789829122 -0.484312248
vn 0.376725818 0.793186810 -0.478468749
vn 0.102597709 0.438491806 0.892859813
vn 0.119610612 0.468569107 0.875292119
vn -0.370354402 -0.793733835 0.482518618
vn -0.371433611 -0.796462871 0.477162412
vn -0.561761172 -0.216420764 -0.798490099
vn -0.567575140 -0.230433123 -0.790417001
vn 0.372212277 0.795983452 -0.477355596
vn 0.362177401 0.791488095 -0.492315068
vn 0.565516387 0.213544647 0.796611511
vn 0.572280211 0.226951365 0.788028196
vn -0.367305070 -0.798989862 0.476132529
vn -0.357215886 -0.795541645 0.489397897
vn -0.650119847 -0.165215372 -0.741652253
vn -0.650574811 -0.166407559 -0.740986464
vn 0.342479555 0.807267337 -0.480652891
vn 0.341775673 0.807073925 -0.481478004
vn 0.664358589 0.152971583 0.731592345
vn 0.665008708 0.154438632 0.730692909
vn -0.327103929 -0.819012993 0.471402946
vn -0.327321933 -0.819059861 0.471170135
vn -0.592394605 0.154849438 -0.790626513
vn -0.592394605 0.154849438 -0.790626513
vn 0.674776994 -0.559547802 -0.481229951
vn 0.674776994 -0.559547802 -0.481229951
vn -0.807303943 -0.033911543 -0.589160717
vn -0.801696015 -0.041744184 -0.596272523
vn 0.457642501 -0.666037759 -0.589030598
vn 0.462227482 -0.665665821 -0.585862415
vn 0.816831153 0.052985079 0.574438377
vn 0.813596585 0.058036093 0.578526066
vn -0.448293329 0.684751079 0.574585982
vn -0.453194093 0.684600829 0.570908766
vn -0.825366313 -0.074959226 -0.559599467
vn -0.838206558 -0.038493560 -0.543992658
vn 0.298982490 -0.896160148 -0.327881777
vn 0.350582498 -0.888677927 -0.295539262
vn 0.828643072 0.079832626 0.554055423
vn 0.839634766 0.041172744 0.541588649
vn -0.297422664 0.897544016 0.325506527
vn -0.348506347 0.892332491 0.286855455
vn -0.911043906 -0.379730318 -0.160635883
vn -0.913650653 -0.375703167 -0.155208294
vn 0.410475272 -0.564175435 -0.716391045
vn 0.425256445 -0.556862656 -0.713485066
vn 0.910917296 0.380467026 0.159607402
vn 0.913584591 0.376106726 0.154618647
vn -0.410473104 0.564858469 0.715853854
vn -0.425109845 0.558604513 0.712209673
vn -0.804484374 0.009665007 -0.593895176
vn -0.805876722 0.013855226 -0.591921229
vn 0.335924284 -0.883044948 -0.327698788
vn 0.274183265 -0.886894600 -0.371808427
vn 0.804660455 -0.009395875 0.593660904
vn 0.805874854 -0.013857770 0.591923713
vn -0.335400470 0.883865894 0.326017799
vn -0.276319724 0.884824383 0.375144268
vn -0.863791692 -0.076281926 -0.498041143
vn -0.866327049 -0.073016189 -0.494111406
vn 0.451633369 -0.606710082 -0.654163723
vn 0.422728900 -0.610324288 -0.669928758
vn 0.861260096 0.071718423 0.503078041
vn 0.864099865 0.067429641 0.498783186
vn -0.453116125 0.602970620 0.656591356
vn -0.423934296 0.604326550 0.674588121
vn -0.911003935 -0.252910215 -0.325742619
vn -0.914858706 -0.245862093 -0.320289525
vn 0.380737646 -0.758203901 -0.529306800
vn 0.387540423 -0.756328812 -0.527047577
vn 0.908707722 0.232485408 0.346699887
vn 0.911274577 0.227412891 0.343310388
vn -0.387795203 0.738968381 0.550945200
vn -0.391061536 0.738196490 0.549669736
vn 0.367750729 0.736155344 -0.568185454
vn 0.367750729 0.736155344 -0.568185454
vn -0.120595989 -0.620800221 0.774637782
vn -0.120595989 -0.620800221 0.774637782
vn -0.691591192 0.645325589 -0.324432594
vn -0.678119051 0.656686223 -0.330026904
vn 0.721996766 0.611426674 -0.323848871
vn 0.713889987 0.618589785 -0.328188611
vn 0.691992511 -0.628583302 0.355006192
vn 0.683208539 -0.635598900 0.359499833
vn -0.721579006 -0.594184164 0.355343380
vn -0.716882387 -0.598617745 0.357402349
vn -0.693188349 0.468821067 -0.547445632
vn -0.768462716 0.419876427 -0.482875595
vn 0.702009413 0.383434954 -0.600133668
vn 0.716611871 0.374777050 -0.588225798
vn 0.692712632 -0.462021478 0.553791805
vn 0.768704507 -0.422943879 0.479803976
vn -0.700721412 -0.377676988 0.605268201
vn -0.719862783 -0.363824718 0.591125324
vn -0.272749726 -0.462905155 -0.843401686
vn -0.274440787 -0.466116180 -0.841081424
vn 0.495780268 0.772088772 -0.397593830
vn 0.505078170 0.795697706 -0.334307048
vn 0.278252332 0.457699730 0.844444549
vn 0.280470024 0.460529196 0.842169475
vn -0.495725908 -0.772147470 0.397547618
vn -0.510061134 -0.789538474 0.341272088
vn -0.774869682 0.525362617 -0.351526809
vn -0.803028862 0.500573566 -0.323374012
vn 0.665431525 0.446975787 -0.597840724
vn 0.579106885 0.502618200 -0.641880177
vn 0.775268885 -0.521815736 0.355902365
vn 0.803133460 -0.499782515 0.324336375
vn -0.666103156 -0.443931762 0.599358971
vn -0.579958053 -0.507743912 0.637059477
vn -0.805583298 0.384907816 -0.450423715
vn -0.803868346 0.387624693 -0.451157156
vn 0.576800802 0.760799457 -0.297464318
vn 0.565815979 0.765944092 -0.305257147
vn 0.806450022 -0.397874369 0.437417820
vn 0.805029415 -0.399667838 0.438398518
vn -0.574805583 -0.767230409 0.284527750
vn -0.562738696 -0.774150208 0.289856200
vn -0.807185321 0.448757461 -0.383495239
vn -0.804907950 0.450874324 -0.385792089
vn 0.586072022 0.514358761 -0.626062816
vn 0.587280573 0.513703109 -0.625468340
vn 0.806817167 -0.467814570 0.360826255
vn 0.802382466 -0.471648193 0.365691620
vn -0.587897313 -0.535489002 0.606323576
vn -0.589791125 -0.534347438 0.605490912
vn 0.011620377 0.480174540 0.877095991
vn 0.011620377 0.480174540 0.877095991
vn -0.087078345 -0.715907232 -0.692743962
vn -0.087078345 -0.715907232 -0.692743962
vn 0.067949957 -0.795086841 -0.602677126
vn 0.056845574 -0.788899250 -0.611887697
vn -0.691756211 0.397605754 -0.602812582
vn -0.692310256 0.401867233 -0.599340668
vn -0.086941676 0.782983903 0.615936160
vn -0.080159149 0.778615781 0.622360005
vn 0.673179187 -0.409441822 0.615781760
vn 0.673498252 -0.414615350 0.611959325
vn 0.129321702 -0.754890784 -0.642974184
vn 0.131993563 -0.758798393 -0.637810864
vn -0.328947664 0.572640199 -0.750917197
vn -0.334566954 0.594458285 -0.731221102
vn -0.138433132 0.750186261 0.646573152
vn -0.140397104 0.754528866 0.641073196
vn 0.320983986 -0.575004124 0.752555339
vn 0.323395200 -0.599377941 0.732230584
vn 0.307593918 -0.651716004 -0.693290871
vn 0.316221014 -0.656747022 -0.684607639
vn -0.627796885 0.418287124 -0.656435033
vn -0.638249140 0.438112430 -0.633005161
vn -0.311310052 0.649020649 0.694160103
vn -0.319630065 0.655114843 0.684588317
vn 0.628012070 -0.418116609 0.656337826
vn 0.636391863 -0.439474837 0.633930016
vn 0.051189338 -0.750963124 -0.658357075
vn 0.050506350 -0.760669666 -0.647171359
vn 0.083146849 0.698760457 -0.710507160
vn 0.085128348 0.684626822 -0.723905573
vn -0.054917517 0.750060421 0.659085299
vn -0.053086733 0.759691651 0.648112948
vn -0.082665850 -0.698723788 0.710599342
vn -0.082915909 -0.684544627 0.724240019
vn 0.300208144 -0.634129363 -0.712569310
vn 0.201244122 -0.646908101 -0.735534304
vn -0.986499742 -0.024867566 -0.161863718
vn -0.978556763 -0.052611272 -0.199144961
vn -0.296473364 0.636525073 0.711996752
vn -0.206711413 0.641313032 0.738909999
vn 0.983882986 0.008933663 0.178590199
vn 0.976880424 0.040404294 0.209933633
vn 0.174813515 -0.673095290 -0.718597917
vn 0.091633948 -0.578121852 -0.810788717
vn -0.482592219 0.580822301 -0.655553358
vn -0.506713594 0.665334960 -0.548243308
vn -0.170669744 0.677073579 0.715851386
vn -0.099156611 0.576881359 0.810787188
vn 0.488422628 -0.577607047 0.654074488
vn 0.501915362 -0.668016821 0.549394663
vn 0.172773228 -0.562905176 -0.808261823
vn 0.189083080 -0.525344015 -0.829615124
vn 0.412723902 0.772913225 -0.481937888
vn 0.383360562 0.840859936 -0.382085393
vn -0.166666424 0.564192645 0.808646376
vn -0.189119449 0.525346980 0.829604957
vn -0.412661054 -0.772932313 0.481961092
vn -0.395505588 -0.838999381 0.373704923
vn 0.682930498 -0.482768212 -0.548216006
vn 0.676338752 -0.402605241 -0.616826484
vn -0.033932750 0.802101927 -0.596222331
vn -0.048327330 0.809655219 -0.584912724
vn -0.676327175 0.484824095 0.554551304
vn -0.680037080 0.400424274 0.614174219
vn 0.034981790 -0.801777722 0.596597652
vn 0.046868541 -0.810126447 0.584378713
vn 0.169518282 -0.572130807 -0.802452423
vn 0.174392854 -0.604372788 -0.777380644
vn -0.060935059 0.805491895 -0.589465628
vn -0.048784551 0.774707252 -0.630435359
vn -0.170440272 0.571995917 0.802353279
vn -0.170479050 0.605704310 0.777212444
vn 0.063075628 -0.804768873 0.590227521
vn 0.057215138 -0.773720729 0.630937922
vn 0.079245965 -0.633572576 -0.769614103
vn 0.074890407 -0.627612271 -0.774915650
vn -0.436735911 0.667091329 -0.603532023
vn -0.438380119 0.675705762 -0.592658919
vn -0.074459560 0.634869082 0.769023421
vn -0.070621586 0.628252018 0.774798034
vn 0.442697736 -0.664332517 0.602230041
vn 0.443216917 -0.673593568 0.591464683
vn 0.100040403 -0.623600808 -0.775315387
vn 0.108721463 -0.592151359 -0.798458773
vn 0.269536774 0.762709867 -0.587897598
vn 0.260254767 0.801045535 -0.539067256
vn -0.088122518 0.625553463 0.775188549
vn -0.101740406 0.591590663 0.799793334
vn -0.262563742 -0.763855621 0.589563289
vn -0.259206509 -0.801100910 0.539489868
vn 0.415233651 -0.585633803 -0.696142272
vn 0.415431952 -0.583720805 -0.697629067
vn 0.110895293 0.798807353 -0.591277471
vn 0.114264011 0.794285744 -0.596702516
vn -0.396985325 0.587878770 0.704841261
vn -0.397101025 0.587164849 0.705370978
vn -0.091191318 -0.797040133 0.597001817
vn -0.095317095 -0.790725193 0.604705151
vn -0.726720294 -0.463059854 0.507398449
vn -0.726720294 -0.463059854 0.507398449
vn 0.907698123 0.170566726 0.383394196
vn 0.907698123 0.170566726 0.383394196
vn -0.934715282 0.182886257 -0.304729320
vn -0.939310978 0.167032228 -0.299658342
vn 0.277262454 0.911434319 -0.303995088
vn 0.257742390 0.914771199 -0.311066737
vn 0.929053697 -0.173459895 0.326758156
vn 0.933696974 -0.158531419 0.321057238
vn -0.283368497 -0.901268247 0.327746613
vn -0.256559261 -0.906273790 0.335924341
vn -0.918689561 0.328928362 0.218667839
vn -0.903139308 0.376554240 0.206267533
vn 0.259307911 0.927436261 -0.269483562
vn 0.266410672 0.925024396 -0.270841690
vn 0.919991449 -0.327974599 -0.214588899
vn 0.906137929 -0.373443060 -0.198631150
vn -0.259123891 -0.925817473 0.275166888
vn -0.266164970 -0.923224062 0.277152557
vn -0.961395306 0.174047936 -0.213134656
vn -0.967034171 0.156092986 -0.201196155
vn 0.240406053 0.788231778 -0.566476472
vn 0.257900429 0.785704805 -0.562276914
vn 0.961093383 -0.172660600 0.215610359
vn 0.966901155 -0.155466467 0.202317410
vn -0.240295149 -0.787721148 0.567233315
vn -0.258259292 -0.784390275 0.563945063
vn -0.914126248 0.034999728 -0.403916108
vn -0.897508998 0.117629957 -0.425018579
vn 0.192924653 0.936677482 -0.292259087
vn 0.219310975 0.934974287 -0.278793435
vn 0.916330398 -0.038408862 0.398576668
vn 0.896921019 -0.117331661 0.426340201
vn -0.192154860 -0.937746002 0.289324984
vn -0.219248277 -0.935091631 0.278448980
vn -0.981530951 0.188056741 -0.035094927
vn -0.978626573 0.202746303 -0.034408825
vn 0.161189041 0.986922555 0.001401579
vn 0.173905657 0.984759560 0.002330476
vn 0.981567891 -0.188965760 0.028573016
vn 0.978552039 -0.203935852 0.029087356
vn -0.159454405 -0.987165499 -0.008864021
vn -0.172849279 -0.984909312 -0.008762041
vn -0.949776758 0.141050980 -0.279336232
vn -0.951361050 0.135076682 -0.276887059
vn 0.224683425 0.888210030 -0.400749673
vn 0.240946646 0.886115688 -0.395908704
vn 0.954190917 -0.146136105 0.261082234
vn 0.954933115 -0.143461244 0.259849220
vn -0.223181736 -0.896195777 0.383435837
vn -0.237555552 -0.894074787 0.379733637
vn -0.230024171 0.382876877 0.894703402
vn -0.230024171 0.382876877 0.894703402
vn 0.184857513 -0.433931965 -0.881777041
vn 0.184857513 -0.433931965 -0.881777041
vn -0.120652242 -0.816418504 -0.564715737
vn -0.128211054 -0.819187454 -0.559011486
vn 0.777624511 0.275651120 -0.565081039
vn 0.776441461 0.265239906 -0.571652385
vn 0.102083454 0.831700591 0.545759192
vn 0.109981512 0.834120360 0.540506514
vn -0.796740804 -0.259918556 0.545569827
vn -0.795906210 -0.254862334 0.549161630
vn 0.129998484 -0.956183905 -0.262321814
vn 0.083133553 -0.971102812 -0.223714418
vn 0.780867273 0.262938872 -0.566665203
vn 0.775753530 0.290571876 -0.560155733
vn -0.136130827 0.957478954 0.254366762
vn -0.084301213 0.971573662 0.221219179
vn -0.784837763 -0.260845891 0.562129084
vn -0.781928616 -0.285898499 0.553940149
vn -0.239345913 -0.560571375 -0.792763059
vn -0.266671452 -0.561313593 -0.783462435
vn 0.979835592 0.032931532 -0.197072898
vn 0.984029699 0.054334365 -0.169509079
vn 0.239063583 0.561220510 0.792388883
vn 0.267935421 0.558728700 0.784877602
vn -0.979776721 -0.033109264 0.197335638
vn -0.984823496 -0.052298283 0.165491906
vn 0.175373189 -0.981520585 -0.076560996
vn 0.205837133 -0.972938701 -0.104982660
vn 0.731611639 0.286931741 -0.618396787
vn 0.741850144 0.251045273 -0.621799513
vn -0.174777888 0.981532041 0.077765946
vn -0.207631201 0.972846761 0.102266631
vn -0.732252564 -0.286607215 0.617788384
vn -0.739716658 -0.251648135 0.624093328
vn -0.046155132 -0.893224541 -0.447235533
vn -0.055971250 -0.895681725 -0.441159230
vn 0.854154573 0.210954922 -0.475308307
vn 0.853478682 0.187481893 -0.486235210
vn 0.049199687 0.891205641 0.450923382
vn 0.059030666 0.893211797 0.445744396
vn -0.851415737 -0.212183971 0.479655299
vn -0.849830512 -0.190886783 0.491274197
vn -0.165899359 -0.784580193 -0.597420558
vn -0.169234017 -0.785309546 -0.595523942
vn 0.884605260 0.156168808 -0.439414198
vn 0.882895180 0.147338913 -0.445855745
vn 0.184478461 0.760977084 0.621998050
vn 0.186902538 0.761340854 0.620828112
vn -0.865755687 -0.175642491 0.468632912
vn -0.864780238 -0.171921903 0.471802923
vn -0.606383728 0.499119054 -0.619014494
vn -0.606383728 0.499119054 -0.619014494
vn 0.452131659 -0.613464872 0.647485763
vn 0.452131659 -0.613464872 0.647485763
vn 0.566110460 -0.676508358 -0.471015274
vn 0.555317649 -0.681271718 -0.476960328
vn -0.809704911 -0.349853421 -0.471148109
vn -0.811620533 -0.347707374 -0.469437634
vn -0.570770992 0.656863873 0.492696994
vn -0.564437557 0.659317951 0.496699188
vn 0.805108078 0.330489693 0.492521620
vn 0.807608068 0.327392540 0.490492949
vn 0.577158140 -0.625058520 -0.525538132
vn 0.579182743 -0.624643552 -0.523801282
vn -0.736177783 -0.124986096 -0.665147163
vn -0.741760176 -0.119418090 -0.659947847
vn -0.579049346 0.619534102 0.529980520
vn -0.581199824 0.619270965 0.527930143
vn 0.733589231 0.119637339 0.668979632
vn 0.739481264 0.112771344 0.663664135
vn 0.632749686 -0.414585651 -0.654023373
vn 0.644755212 -0.409172901 -0.645653354
vn -0.783756052 -0.285579562 -0.551516786
vn -0.785071667 -0.284811807 -0.550040647
vn -0.633756594 0.407701477 0.657367542
vn -0.646225273 0.403800782 0.647562989
vn 0.783214488 0.282264788 0.553987053
vn 0.784558260 0.281236984 0.552606637
vn 0.565890122 -0.615197214 -0.548908697
vn 0.510332925 -0.603876812 -0.612285148
vn -0.608998772 0.179661378 -0.772555684
vn -0.669707974 0.240262917 -0.702684112
vn -0.565060231 0.616832430 0.547927631
vn -0.517821611 0.597768477 0.611991525
vn 0.612274959 -0.174249443 0.771204581
vn 0.664284310 -0.246119212 0.705798618
vn 0.187873189 -0.793203526 -0.579251095
vn 0.085911160 -0.996150053 0.017445484
vn 0.196898655 0.710779336 -0.675295235
vn 0.064474822 0.928528475 -0.365619842
vn -0.196631357 0.789681928 0.581152787
vn 0.083242870 0.951255981 -0.296955691
vn -0.104504930 -0.692313423 0.713989387
vn -0.041733736 -0.924730193 0.378328384
vn 0.509928022 -0.244579567 -0.824714646
vn 0.514447669 -0.242016537 -0.822661286
vn -0.838691105 -0.420655057 -0.345899630
vn -0.812586977 -0.432264131 -0.390960517
vn -0.509975408 0.243750414 0.824930797
vn -0.514481235 0.241565304 0.822772910
vn 0.839131631 0.418917408 0.346938482
vn 0.812079119 0.433895547 0.390207841
vn 0.508644554 0.098624019 -0.855309313
vn 0.521604089 0.052795818 -0.851552568
vn -0.082171931 0.948843893 -0.304865611
vn -0.191498859 0.966610138 -0.170273393
vn -0.502706958 -0.148332345 0.851635621
vn -0.521241618 -0.052414514 0.851798036
vn 0.038562627 -0.959101180 0.280424411
vn 0.113090733 -0.983701079 0.139795111
vn 0.295575449 -0.159185814 -0.941963391
vn 0.282121286 -0.150791934 -0.947454153
vn -0.759855247 0.539708003 -0.362402089
vn -0.774278237 0.544906515 -0.321823089
vn -0.293658641 0.160801681 0.942288396
vn -0.281791992 0.151366359 0.947460553
vn 0.761015449 -0.537868515 0.362702283
vn 0.772815725 -0.546963009 0.321849844
vn 0.207772362 -0.273850233 -0.939061604
vn 0.168167874 -0.263438947 -0.949904988
vn -0.896481916 0.318224386 -0.308307338
vn -0.860433805 0.293373238 -0.416636304
vn -0.197133782 0.290448890 0.936364093
vn -0.159505355 0.272319352 0.948894205
vn 0.896868402 -0.317230417 0.308207611
vn 0.866481337 -0.266625743 0.422043606
vn 0.557473932 0.227978157 -0.798278633
vn 0.564205267 0.220072605 -0.795764076
vn -0.585117382 0.776554070 -0.233669478
vn -0.597343122 0.771795687 -0.217973882
vn -0.555998814 -0.225585752 0.799985242
vn -0.562183273 -0.217081517 0.798013523
vn 0.588629552 -0.773262018 0.235756445
vn 0.599315584 -0.769759227 0.219753412
vn 0.503696402 0.134784876 -0.853301220
vn 0.506113438 0.133640998 -0.852050040
vn -0.784431857 0.462077267 -0.413704316
vn -0.795577354 0.458075220 -0.396514522
vn -0.496364328 -0.124968711 0.859072334
vn -0.498936262 -0.123234395 0.857832087
vn 0.788524676 -0.449986472 0.419214754
vn 0.799182130 -0.448730951 0.399935565
vn 0.502027347 0.127702132 -0.855371678
vn 0.499294262 0.130909384 -0.856485828
vn -0.598081166 0.765213093 -0.238218056
vn -0.600871108 0.764445293 -0.233617862
vn -0.488630219 -0.108488808 0.865719751
vn -0.483782482 -0.114920935 0.867610332
vn 0.613442875 -0.749327290 0.249392166
vn 0.616074577 -0.748773675 0.244520139
vn -0.157357922 -0.663017668 0.731878443
vn -0.157357922 -0.663017668 0.731878443
vn 0.622989627 0.642116793 0.446732524
vn 0.622989627 0.642116793 0.446732524
vn -0.593835854 -0.427753094 -0.681458927
vn -0.595334421 -0.431273553 -0.677923336
vn 0.301412914 0.666847682 -0.681516268
vn 0.304274989 0.669159185 -0.677969554
vn 0.573040534 0.444756052 0.688343374
vn 0.575552800 0.449583751 0.683091081
vn -0.321977700 -0.650031924 0.688323222
vn -0.323144086 -0.650835255 0.687016281
vn -0.742839824 -0.265493386 -0.614574860
vn -0.730796328 -0.248516490 -0.635748599
vn 0.428983369 0.532880633 -0.729391184
vn 0.425663093 0.531459086 -0.732367511
vn 0.740804580 0.268239214 0.615837883
vn 0.727454435 0.254147427 0.637353222
vn -0.434509112 -0.525927342 0.731165004
vn -0.432552751 -0.525366151 0.732726774
vn -0.286435531 -0.701866378 -0.652179634
vn -0.277711622 -0.692664130 -0.665652055
vn 0.502555786 0.458820422 -0.732749276
vn 0.502612280 0.458981663 -0.732609534
vn 0.285618852 0.702373150 0.651992200
vn 0.275391669 0.693973530 0.665251959
vn -0.503888032 -0.457466205 0.732681051
vn -0.503952192 -0.457599582 0.732553623
vn -0.739964258 -0.259926057 -0.620396116
vn -0.754925610 -0.291837214 -0.587297509
vn 0.326401310 0.613574501 -0.719019135
vn 0.330715780 0.615518731 -0.715376659
vn 0.738412496 0.262323683 0.621235278
vn 0.756313823 0.290191559 0.586326071
vn -0.324350455 -0.615096191 0.718646963
vn -0.329500133 -0.616742096 0.714883802
vn -0.527408615 -0.498951792 -0.687667988
vn -0.529680953 -0.507531866 -0.679595095
vn 0.245816671 0.694011787 -0.676699197
vn 0.238244592 0.685854520 -0.687635871
vn 0.533454099 0.494638183 0.686119372
vn 0.536548774 0.501968524 0.678338421
vn -0.239580449 -0.699250652 0.673535251
vn -0.230041657 -0.691513494 0.684755375
vn -0.580895821 -0.464163818 -0.668664337
vn -0.579306884 -0.462134854 -0.671442410
vn 0.446899825 0.507668519 -0.736582121
vn 0.447422173 0.508102431 -0.735965569
vn 0.599167536 0.447571401 0.663835902
vn 0.596081719 0.444209264 0.668853283
vn -0.429667971 -0.525200471 0.734540605
vn -0.430718745 -0.525952194 0.733386427
vn -0.749932028 0.613161852 0.248262961
vn -0.749932028 0.613161852 0.248262961
vn 0.679491526 -0.726144761 -0.104904964
vn 0.679491526 -0.726144761 -0.104904964
vn -0.025319173 -0.721369185 -0.692087739
vn -0.021424516 -0.730664914 -0.682400010
vn -0.260713479 0.672957851 -0.692211104
vn -0.260961493 0.682488900 -0.682721027
vn -0.004076985 0.716393424 0.697684628
vn -0.008003354 0.728729730 0.684754648
vn 0.232297908 -0.677765476 0.697618550
vn 0.231954272 -0.683520035 0.692096509
vn -0.368484425 -0.703485350 -0.607723284
vn -0.368112026 -0.719493955 -0.588915940
vn 0.048243077 0.662098836 -0.747862111
vn 0.060202484 0.688524950 -0.722709523
vn 0.359106948 0.705524153 0.610964704
vn 0.360660031 0.718142332 0.595143624
vn -0.043593244 -0.662903449 0.747434711
vn -0.059606907 -0.688660815 0.722629434
vn -0.029489107 -0.603440796 -0.796862346
vn 0.430147419 -0.560451525 -0.707719779
vn -0.967903511 0.202706576 0.148569301
vn -0.992758872 0.119256449 0.014412567
vn 0.018017193 0.597744878 0.801483900
vn -0.310455502 0.589431783 0.745779830
vn 0.968503055 -0.183222584 -0.168615889
vn 0.995860573 -0.077401340 -0.047652401
vn -0.097016084 -0.615030201 -0.782512448
vn -0.088518258 -0.601638508 -0.793848615
vn 0.466657022 0.669910815 -0.577451923
vn 0.468807526 0.694412159 -0.545904073
vn 0.099838391 0.614843405 0.782304214
vn 0.089668770 0.601383971 0.793912357
vn -0.466434508 -0.670015639 0.577510081
vn -0.471210084 -0.693411031 0.545107511
vn 0.432288275 -0.625747651 -0.649281698
vn 0.177236107 -0.459196399 -0.870474600
vn -0.675708864 0.577921961 -0.457628385
vn -0.705521454 0.628448476 -0.327554560
vn -0.366202813 0.633608956 0.681494821
vn -0.182331814 0.457005989 0.870574888
vn 0.669052642 -0.582680632 0.461358692
vn 0.678669030 -0.648408079 0.344927980
vn -0.268733900 -0.589284988 -0.761922105
vn -0.272642732 -0.569713516 -0.775301523
vn -0.105894581 0.829156163 -0.548895613
vn -0.110517052 0.818891996 -0.563206782
vn 0.298828368 0.593539158 0.747270282
vn 0.301959175 0.567756751 0.765815205
vn 0.137291700 -0.827997303 0.543664838
vn 0.141339604 -0.820951842 0.553227973
vn -0.969048242 -0.164035325 0.184493676
vn -0.969048242 -0.164035325 0.184493676
vn 0.949468832 -0.063471604 -0.307376466
vn 0.949468832 -0.063471604 -0.307376466
vn 0.614278281 0.353696026 -0.705380263
vn 0.625601945 0.363249585 -0.690414329
vn -0.557400566 -0.437948947 -0.705340576
vn -0.550115758 -0.432999442 -0.714061717
vn -0.597680242 -0.378290242 0.706876808
vn -0.610187538 -0.386658384 0.691495815
vn 0.574978292 0.411902272 0.706920421
vn 0.561750171 0.404824684 0.721494089
vn 0.795982896 -0.027420552 -0.604697728
vn 0.817755467 -0.010110378 -0.575476999
vn -0.564778471 -0.397195384 -0.723367891
vn -0.554343358 -0.397073762 -0.731461461
vn -0.795037447 0.023593052 0.606101333
vn -0.817481418 0.009128962 0.575882622
vn 0.567353690 0.390604185 0.724940109
vn 0.558375047 0.391230213 0.731543729
vn 0.277372160 0.718997843 -0.637265084
vn 0.331931267 0.776944136 -0.534957422
vn -0.481106739 -0.493835797 -0.724335911
vn -0.483860854 -0.502586801 -0.716439237
vn -0.268670970 -0.724678765 0.634552281
vn -0.331844797 -0.777032576 0.534882610
vn 0.480936434 0.494042260 0.724308216
vn 0.484318031 0.502104275 0.716468661
vn 0.683899740 -0.181206179 -0.706714558
vn 0.751091374 -0.224120921 -0.620992399
vn -0.828495744 0.438754396 -0.347978997
vn -0.584923926 0.424575589 -0.691085791
vn -0.684086980 0.153871647 0.712985638
vn -0.751682749 0.208703631 0.625632351
vn 0.823653091 -0.462513098 0.328142073
vn 0.591375843 -0.405704161 0.696906554
vn 0.735886056 0.035031182 -0.676198587
vn 0.782334927 0.082926947 -0.617312873
vn -0.586159523 -0.521435960 -0.620098019
vn -0.301993518 -0.471305049 -0.828656422
vn -0.736135129 -0.033463069 0.676006875
vn -0.783199866 -0.075439553 0.617176509
vn 0.589969151 0.510954563 0.625189440
vn 0.291286091 0.481349712 0.826713292
vn -0.118031269 0.992889043 -0.015490869
vn 0.210822719 0.975272179 0.066317096
vn -0.722024476 0.679836963 -0.128461511
vn -0.843440963 0.511452343 -0.164389301
vn 0.148719586 -0.988840162 -0.008810193
vn -0.215567557 -0.974682799 -0.059363882
vn 0.718307083 -0.685593385 0.118307418
vn 0.838818959 -0.527178477 0.135888215
vn 0.600872204 0.317330919 -0.733657742
vn 0.674992405 0.328478857 -0.660671548
vn -0.651268207 -0.028930701 -0.758295943
vn -0.685520136 -0.047483032 -0.726503616
vn -0.600621857 -0.325984835 0.730059773
vn -0.675150094 -0.328138146 0.660679732
vn 0.650428050 0.030005938 0.758974964
vn 0.686262101 0.044827957 0.725971613
vn 0.680531845 0.316355762 -0.660905016
vn 0.676558492 0.312150262 -0.666956386
vn -0.494509625 -0.465387857 -0.734080631
vn -0.480990154 -0.458075741 -0.747539355
vn -0.681392333 -0.314443365 0.660931054
vn -0.677027292 -0.310823415 0.667100330
vn 0.493335726 0.467164809 0.733741714
vn 0.478594321 0.461286146 0.747102782
vn 0.582797843 0.518216115 -0.625938282
vn 0.614261566 0.507660244 -0.604122343
vn -0.763978305 0.338986867 -0.549021906
vn -0.752685399 0.348436056 -0.558620627
vn -0.584305849 -0.515551789 0.626732022
vn -0.616049743 -0.501290017 0.607610922
vn 0.763932466 -0.343432093 0.546316378
vn 0.752440791 -0.351172417 0.557234950
vn 0.658996645 0.108163572 -0.744327927
vn 0.666799486 0.109114484 -0.737205856
vn -0.721466448 -0.035410239 -0.691543404
vn -0.727146372 -0.036720653 -0.685499634
vn -0.658843993 -0.104144213 0.745035956
vn -0.666860849 -0.104056288 0.737881357
vn 0.720328616 0.040130773 0.692471087
vn 0.726353500 0.040652941 0.686118016
vn 0.630401990 0.407969650 -0.660419636
vn 0.643723767 0.405024579 -0.649287920
vn -0.752503558 0.224328432 -0.619205256
vn -0.757495398 0.220872405 -0.614342008
vn -0.632088121 -0.400832530 0.663172594
vn -0.644638982 -0.396582681 0.653576897
vn 0.752546213 -0.215843813 0.622162073
vn 0.756134385 -0.213897932 0.618472689
vn 0.615319855 0.557875710 -0.556916662
vn 0.616925856 0.557421336 -0.555593325
vn -0.762020660 0.246153967 -0.598943017
vn -0.761862091 0.246301698 -0.599083991
vn -0.619977664 -0.539745463 0.569475663
vn -0.621428814 -0.539252175 0.568360203
vn 0.758643741 -0.226959792 0.610695446
vn 0.757339664 -0.228056446 0.611904316
vn 0.558754657 -0.827806180 0.050300706
vn 0.558754657 -0.827806180 0.050300706
vn -0.198745231 0.801875853 0.563467346
vn -0.198745231 0.801875853 0.563467346
vn -0.709116169 -0.703470908 0.047780135
vn -0.709044388 -0.703542678 0.047788656
vn 0.704187540 -0.703470636 0.096171582
vn 0.704239324 -0.703419609 0.096165629
vn 0.709846589 0.700957248 -0.069114088
vn 0.709915382 0.700888829 -0.069101371
vn -0.703457149 0.700957234 -0.117503171
vn -0.703454899 0.700959473 -0.117503283
vn -0.709070967 -0.703478319 0.048338591
vn -0.707282547 -0.705261112 0.048560913
vn 0.703193169 -0.700254864 0.123136071
vn 0.713806161 -0.689673362 0.121784306
vn 0.709346020 0.702764227 -0.054320014
vn 0.708430724 0.703670410 -0.054533144
vn -0.702950503 0.699632280 -0.127965865
vn -0.713205138 0.689214293 -0.127757928
vn -0.675490489 -0.732863884 -0.081382597
vn -0.670786091 -0.737527598 -0.078096495
vn 0.626163759 -0.612513029 0.482438324
vn 0.641202718 -0.596160971 0.483167851
vn 0.675355060 0.732937581 0.081841588
vn 0.670843809 0.737491098 0.077945265
vn -0.625599592 0.611997569 -0.483822412
vn -0.640533725 0.594344642 -0.486282833
vn -0.749898365 -0.483505256 0.451525315
vn -0.720372015 -0.514713223 0.464902633
vn 0.662797394 -0.672145120 0.330031139
vn 0.665010746 -0.670683687 0.328548474
vn 0.750341663 0.486413181 -0.447648977
vn 0.720610438 0.515426284 -0.463741675
vn -0.662921722 0.672848346 -0.328344169
vn -0.665265287 0.671191999 -0.326991435
vn -0.634412028 -0.728719801 -0.257854280
vn -0.645333885 -0.717868554 -0.261168367
vn 0.676221338 -0.695714120 0.242294375
vn 0.675097084 -0.696944157 0.241894130
vn 0.633191095 0.728735580 0.260793964
vn 0.643804170 0.717795395 0.265114995
vn -0.676747502 0.697114690 -0.236735986
vn -0.676207865 0.697722506 -0.236487267
vn -0.738874839 -0.639261154 0.213094226
vn -0.750998887 -0.626429724 0.208773735
vn 0.669139129 -0.692662106 0.269206300
vn 0.659774834 -0.700514982 0.271985163
vn 0.738510785 0.645780334 -0.193828740
vn 0.750473689 0.633369975 -0.188763652
vn -0.673870316 0.696076685 -0.247741895
vn -0.660323900 0.707790111 -0.251008977
vn 0.033983352 -0.116946629 -0.992556607
vn 0.033983352 -0.116946629 -0.992556607
vn -0.024756357 0.327614819 0.944486979
vn -0.024756357 0.327614819 0.944486979
vn -0.695167417 -0.706550587 0.132395356
vn -0.696082809 -0.705627107 0.132510786
vn 0.703695647 -0.706563327 -0.074704086
vn 0.699029855 -0.711299280 -0.073556749
vn 0.691690037 0.705162716 -0.155918046
vn 0.691709707 0.705143194 -0.155919072
vn -0.707267596 0.705136723 0.050544521
vn -0.700086281 0.712352394 0.049328141
vn -0.713856133 -0.666485949 -0.214955581
vn -0.672866851 -0.703509092 -0.228746931
vn 0.686509293 -0.698674918 -0.201391037
vn 0.661020538 -0.721400063 -0.206479535
vn 0.714042377 0.667064188 0.212529651
vn 0.674771343 0.704615976 0.219544895
vn -0.687944293 0.700125817 0.191197518
vn -0.662789070 0.721533897 0.200248554
vn -0.669501391 -0.646752073 0.365348661
vn -0.653122245 -0.661560909 0.368467770
vn 0.715987451 -0.673993381 0.181920016
vn 0.709717791 -0.679627128 0.185492922
vn 0.669442060 0.646668875 -0.365604560
vn 0.652618209 0.661134340 -0.370122760
vn -0.715983866 0.673666676 -0.183140146
vn -0.709687498 0.679482672 -0.186136923
vn -0.690214179 -0.670486376 -0.272125718
vn -0.730022397 -0.635987831 -0.250173497
vn 0.623435922 -0.690734631 -0.366351363
vn 0.639615256 -0.677889764 -0.362433155
vn 0.690507517 0.670847294 0.270487110
vn 0.729822596 0.634729459 0.253924185
vn -0.623088055 0.690551230 0.367287727
vn -0.639936036 0.678113217 0.361447554
vn -0.625901594 -0.702403608 0.338934162
vn -0.650864501 -0.677504077 0.342583752
vn 0.701986316 -0.709938082 -0.056596213
vn 0.707280561 -0.704409253 -0.059680916
vn 0.627234662 0.702773118 -0.335688284
vn 0.652372298 0.678974047 -0.336756036
vn -0.701397673 0.709983418 0.062967049
vn -0.705944478 0.705272764 0.065059377
vn -0.677278180 -0.702906347 0.217294578
vn -0.676543974 -0.703606228 0.217316650
vn 0.731035506 -0.679767020 0.059193645
vn 0.728623976 -0.682278827 0.060022533
vn 0.680995124 0.706381629 -0.193056043
vn 0.679172839 0.708083211 -0.193241871
vn -0.727169480 0.685543123 -0.035428432
vn -0.725973384 0.686793330 -0.035743086
vn -0.146024457 -0.058299803 -0.987561639
vn -0.146024457 -0.058299803 -0.987561639
vn 0.106720054 0.181759824 0.977534754
vn 0.106720054 0.181759824 0.977534754
f 1/1/1 2/2/1 6/6/1
f 1/1/2 6/6/2 5/5/2
f 2/2/3 3/3/3 7/7/3
f 2/2/4 7/7/4 6/6/4
f 3/3/5 4/4/5 8/8/5
f 3/3/6 8/8/6 7/7/6
f 4/4/7 1/1/7 5/5/7
f 4/4/8 5/5/8 8/8/8
f 5/5/9 6/6/9 10/10/9
f 5/5/10 10/10/10 9/9/10
f 6/6/11 7/7/11 11/11/11
f 6/6/12 11/11/12 10/10/12
f 7/7/13 8/8/13 12/12/13
f 7/7/14 12/12/14 11/11/14
f 8/8/15 5/5/15 9/9/15
f 8/8/16 9/9/16 12/12/16
f 9/9/17 10/10/17 14/14/17
f 9/9/18 14/14/18 13/13/18
f 10/10/19 11/11/19 15/15/19
f 10/10/20 15/15/20 14/14/20
f 11/11/21 12/12/21 16/16/21
f 11/11/22 16/16/22 15/15/22
f 12/12/23 9/9/23 13/13/23
f 12/12/24 13/13/24 16/16/24
f 13/13/25 14/14/25 18/18/25
f 13/13/26 18/18/26 17/17/26
f 14/14/27 15/15/27 19/19/27
f 14/14/28 19/19/28 18/18/28
f 15/15/29 16/16/29 20/20/29
f 15/15/30 20/20/30 19/19/30
f 16/16/31 13/13/31 17/17/31
f 16/16/32 17/17/32 20/20/32
f 17/17/33 18/18/33 22/22/33
f 17/17/34 22/22/34 21/21/34
f 18/18/35 19/19/35 23/23/35
f 18/18/36 23/23/36 22/22/36
f 19/19/37 20/20/37 24/24/37
f 19/19/38 24/24/38 23/23/38
f 20/20/39 17/17/39 21/21/39
f 20/20/40 21/21/40 24/24/40
f 21/21/41 22/22/41 26/26/41
f 21/21/42 26/26/42 25/25/42
f 22/22/43 23/23/43 27/27/43
f 22/22/44 27/27/44 26/26/44
f 23/23/45 24/24/45 28/28/45
f 23/23/46 28/28/46 27/27/46
f 24/24/47 21/21/47 25/25/47
f 24/24/48 25/25/48 28/28/48
f 25/25/49 26/26/49 30/30/49
f 25/25/50 30/30/50 29/29/50
f 26/26/51 27/27/51 31/31/51
f 26/26/52 31/31/52 30/30/52
f 27/27/53 28/28/53 32/32/53
f 27/27/54 32/32/54 31/31/54
f 28/28/55 25/25/55 29/29/55
f 28/28/56 29/29/56 32/32/56
f 29/29/57 30/30/57 34/34/57
f 29/29/58 34/34/58 33/33/58
f 30/30/59 31/31/59 35/35/59
f 30/30/60 35/35/60 34/34/60
f 31/31/61 32/32/61 36/36/61
f 31/31/62 36/36/62 35/35/62
f 32/32/63 29/29/63 33/33/63
f 32/32/64 33/33/64 36/36/64
f 33/33/65 34/34/65 38/38/65
f 33/33/66 38/38/66 37/37/66
f 34/34/67 35/35/67 39/39/67
f 34/34/68 39/39/68 38/38/68
f 35/35/69 36/36/69 40/40/69
f 35/35/70 40/40/70 39/39/70
f 36/36/71 33/33/71 37/37/71
f 36/36/72 37/37/72 40/40/72
f 37/37/73 38/38/73 42/42/73
f 37/37/74 42/42/74 41/41/74
f 38/38/75 39/39/75 43/43/75
f 38/38/76 43/43/76 42/42/76
f 39/39/77 40/40/77 44/44/77
f 39/39/78 44/44/78 43/43/78
f 40/40/79 37/37/79 41/41/79
f 40/40/80 41/41/80 44/44/80
f 41/41/81 42/42/81 46/46/81
f 41/41/82 46/46/82 45/45/82
f 42/42/83 43/43/83 47/47/83
f 42/42/84 47/47/84 46/46/84
f 43/43/85 44/44/85 48/48/85
f 43/43/86 48/48/86 47/47/86
f 44/44/87 41/41/87 45/45/87
f 44/44/88 45/45/88 48/48/88
f 45/45/89 46/46/89 50/50/89
f 45/45/90 50/50/90 49/49/90
f 46/46/91 47/47/91 51/51/91
f 46/46/92 51/51/92 50/50/92
f 47/47/93 48/48/93 52/52/93
f 47/47/94 52/52/94 51/51/94
f 48/48/95 45/45/95 49/49/95
f 48/48/96 49/49/96 52/52/96
f 49/49/97 50/50/97 54/54/97
f 49/49/98 54/54/98 53/53/98
f 50/50/99 51/51/99 55/55/99
f 50/50/100 55/55/100 54/54/100
f 51/51/101 52/52/101 56/56/101
f 51/51/102 56/56/102 55/55/102
f 52/52/103 49/49/103 53/53/103
f 52/52/104 53/53/104 56/56/104
f 53/53/105 54/54/105 58/58/105
f 53/53/106 58/58/106 57/57/106
f 54/54/107 55/55/107 59/59/107
f 54/54/108 59/59/108 58/58/108
f 55/55/109 56/56/109 60/60/109
f 55/55/110 60/60/110 59/59/110
f 56/56/111 53/53/111 57/57/111
f 56/56/112 57/57/112 60/60/112
f 57/57/113 58/58/113 62/62/113
f 57/57/114 62/62/114 61/61/114
f 58/58/115 59/59/115 63/63/115
f 58/58/116 63/63/116 62/62/116
f 59/59/117 60/60/117 64/64/117
f 59/59/118 64/64/118 63/63/118
f 60/60/119 57/57/119 61/61/119
f 60/60/120 61/61/120 64/64/120
f 61/61/121 62/62/121 66/66/121
f 61/61/122 66/66/122 65/65/122
f 62/62/123 63/63/123 67/67/123
f 62/62/124 67/67/124 66/66/124
f 63/63/125 64/64/125 68/68/125
f 63/63/126 68/68/126 67/67/126
f 64/64/127 61/61/127 65/65/127
f 64/64/128 65/65/128 68/68/128
f 65/65/129 66/66/129 70/70/129
f 65/65/130 70/70/130 69/69/130
f 66/66/131 67/67/131 71/71/131
f 66/66/132 71/71/132 70/70/132
f 67/67/133 68/68/133 72/72/133
f 67/67/134 72/72/134 71/71/134
f 68/68/135 65/65/135 69/69/135
f 68/68/136 69/69/136 72/72/136
f 69/69/137 70/70/137 74/74/137
f 69/69/138 74/74/138 73/73/138
f 70/70/139 71/71/139 75/75/139
f 70/70/140 75/75/140 74/74/140
f 71/71/141 72/72/141 76/76/141
f 71/71/142 76/76/142 75/75/142
f 72/72/143 69/69/143 73/73/143
f 72/72/144 73/73/144 76/76/144
f 73/73/145 74/74/145 78/78/145
f 73/73/146 78/78/146 77/77/146
f 74/74/147 75/75/147 79/79/147
f 74/74/148 79/79/148 78/78/148
f 75/75/149 76/76/149 80/80/149
f 75/75/150 80/80/150 79/79/150
f 76/76/151 73/73/151 77/77/151
f 76/76/152 77/77/152 80/80/152
f 77/77/153 78/78/153 82/82/153
f 77/77/154 82/82/154 81/81/154
f 78/78/155 79/79/155 83/83/155
f 78/78/156 83/83/156 82/82/156
f 79/79/157 80/80/157 84/84/157
f 79/79/158 84/84/158 83/83/158
f 80/80/159 77/77/159 81/81/159
f 80/80/160 81/81/160 84/84/160
f 81/81/161 82/82/161 86/86/161
f 81/81/162 86/86/162 85/85/162
f 82/82/163 83/83/163 87/87/163
f 82/82/164 87/87/164 86/86/164
f 83/83/165 84/84/165 88/88/165
f 83/83/166 88/88/166 87/87/166
f 84/84/167 81/81/167 85/85/167
f 84/84/168 85/85/168 88/88/168
f 85/85/169 86/86/169 90/90/169
f 85/85/170 90/90/170 89/89/170
f 86/86/171 87/87/171 91/91/171
f 86/86/172 91/91/172 90/90/172
f 87/87/173 88/88/173 92/92/173
f 87/87/174 92/92/174 91/91/174
f 88/88/175 85/85/175 89/89/175
f 88/88/176 89/89/176 92/92/176
f 89/89/177 90/90/177 94/94/177
f 89/89/178 94/94/178 93/93/178
f 90/90/179 91/91/179 95/95/179
f 90/90/180 95/95/180 94/94/180
f 91/91/181 92/92/181 96/96/181
f 91/91/182 96/96/182 95/95/182
f 92/92/183 89/89/183 93/93/183
f 92/92/184 93/93/184 96/96/184
f 93/93/185 94/94/185 98/98/185
f 93/93/186 98/98/186 97/97/186
f 94/94/187 95/95/187 99/99/187
f 94/94/188 99/99/188 98/98/188
f 95/95/189 96/96/189 100/100/189
f 95/95/190 100/100/190 99/99/190
f 96/96/191 93/93/191 97/97/191
f 96/96/192 97/97/192 100/100/192
f 97/97/193 98/98/193 102/102/193
f 97/97/194 102/102/194 101/101/194
f 98/98/195 99/99/195 103/103/195
f 98/98/196 103/103/196 102/102/196
f 99/99/197 100/100/197 104/104/197
f 99/99/198 104/104/198 103/103/198
f 100/100/199 97/97/199 101/101/199
f 100/100/200 101/101/200 104/104/200
f 101/101/201 102/102/201 106/106/201
f 101/101/202 106/106/202 105/105/202
f 102/102/203 103/103/203 107/107/203
f 102/102/204 107/107/204 106/106/204
f 103/103/205 104/104/205 108/108/205
f 103/103/206 108/108/206 107/107/206
f 104/104/207 101/101/207 105/105/207
f 104/104/208 105/105/208 108/108/208
f 105/105/209 106/106/209 110/110/209
f 105/105/210 110/110/210 109/109/210
f 106/106/211 107/107/211 111/111/211
f 106/106/212 111/111/212 110/110/212
f 107/107/213 108/108/213 112/112/213
f 107/107/214 112/112/214 111/111/214
f 108/108/215 105/105/215 109/109/215
f 108/108/216 109/109/216 112/112/216
f 109/109/217 110/110/217 114/114/217
f 109/109/218 114/114/218 113/113/218
f 110/110/219 111/111/219 115/115/219
f 110/110/220 115/115/220 114/114/220
f 111/111/221 112/112/221 116/116/221
f 111/111/222 116/116/222 115/115/222
f 112/112/223 109/109/223 113/113/223
f 112/112/224 113/113/224 116/116/224
f 113/113/225 114/114/225 118/118/225
f 113/113/226 118/118/226 117/117/226
f 114/114/227 115/115/227 119/119/227
f 114/114/228 119/119/228 118/118/228
f 115/115/229 116/116/229 120/120/229
f 115/115/230 120/120/230 119/119/230
f 116/116/231 113/113/231 117/117/231
f 116/116/232 117/117/232 120/120/232
f 117/117/233 118/118/233 122/122/233
f 117/117/234 122/122/234 121/121/234
f 118/118/235 119/119/235 123/123/235
f 118/118/236 123/123/236 122/122/236
f 119/119/237 120/120/237 124/124/237
f 119/119/238 124/124/238 123/123/238
f 120/120/239 117/117/239 121/121/239
f 120/120/240 121/121/240 124/124/240
f 121/121/241 122/122/241 126/126/241
f 121/121/242 126/126/242 125/125/242
f 122/122/243 123/123/243 127/127/243
f 122/122/244 127/127/244 126/126/244
f 123/123/245 124/124/245 128/128/245
f 123/123/246 128/128/246 127/127/246
f 124/124/247 121/121/247 125/125/247
f 124/124/248 125/125/248 128/128/248
f 125/125/249 126/126/249 130/130/249
f 125/125/250 130/130/250 129/129/250
f 126/126/251 127/127/251 131/131/251
f 126/126/252 131/131/252 130/130/252
f 127/127/253 128/128/253 132/132/253
f 127/127/254 132/132/254 131/131/254
f 128/128/255 125/125/255 129/129/255
f 128/128/256 129/129/256 132/132/256
f 129/129/257 130/130/257 134/134/257
f 129/129/258 134/134/258 133/133/258
f 130/130/259 131/131/259 135/135/259
f 130/130/260 135/135/260 134/134/260
f 131/131/261 132/132/261 136/136/261
f 131/131/262 136/136/262 135/135/262
f 132/132/263 129/129/263 133/133/263
f 132/132/264 133/133/264 136/136/264
f 133/133/265 134/134/265 138/138/265
f 133/133/266 138/138/266 137/137/266
f 134/134/267 135/135/267 139/139/267
f 134/134/268 139/139/268 138/138/268
f 135/135/269 136/136/269 140/140/269
f 135/135/270 140/140/270 139/139/270
f 136/136/271 133/133/271 137/137/271
f 136/136/272 137/137/272 140/140/272
f 137/137/273 138/138/273 142/142/273
f 137/137/274 142/142/274 141/141/274
f 138/138/275 139/139/275 143/143/275
f 138/138/276 143/143/276 142/142/276
f 139/139/277 140/140/277 144/144/277
f 139/139/278 144/144/278 143/143/278
f 140/140/279 137/137/279 141/141/279
f 140/140/280 141/141/280 144/144/280
f 141/141/281 142/142/281 146/146/281
f 141/141/282 146/146/282 145/145/282
f 142/142/283 143/143/283 147/147/283
f 142/142/284 147/147/284 146/146/284
f 143/143/285 144/144/285 148/148/285
f 143/143/286 148/148/286 147/147/286
f 144/144/287 141/141/287 145/145/287
f 144/144/288 145/145/288 148/148/288
f 145/145/289 146/146/289 150/150/289
f 145/145/290 150/150/290 149/149/290
f 146/146/291 147/147/291 151/151/291
f 146/146/292 151/151/292 150/150/292
f 147/147/293 148/148/293 152/152/293
f 147/147/294 152/152/294 151/151/294
f 148/148/295 145/145/295 149/149/295
f 148/148/296 149/149/296 152/152/296
f 149/149/297 150/150/297 154/154/297
f 149/149/298 154/154/298 153/153/298
f 150/150/299 151/151/299 155/155/299
f 150/150/300 155/155/300 154/154/300
f 151/151/301 152/152/301 156/156/301
f 151/151/302 156/156/302 155/155/302
f 152/152/303 149/149/303 153/153/303
f 152/152/304 153/153/304 156/156/304
f 153/153/305 154/154/305 158/158/305
f 153/153/306 158/158/306 157/157/306
f 154/154/307 155/155/307 159/159/307
f 154/154/308 159/159/308 158/158/308
f 155/155/309 156/156/309 160/160/309
f 155/155/310 160/160/310 159/159/310
f 156/156/311 153/153/311 157/157/311
f 156/156/312 157/157/312 160/160/312
f 157/157/313 158/158/313 162/162/313
f 157/157/314 162/162/314 161/161/314
f 158/158/315 159/159/315 163/163/315
f 158/158/316 163/163/316 162/162/316
f 159/159/317 160/160/317 164/164/317
f 159/159/318 164/164/318 163/163/318
f 160/160/319 157/157/319 161/161/319
f 160/160/320 161/161/320 164/164/320
f 161/161/321 162/162/321 166/166/321
f 161/161/322 166/166/322 165/165/322
f 162/162/323 163/163/323 167/167/323
f 162/162/324 167/167/324 166/166/324
f 163/163/325 164/164/325 168/168/325
f 163/163/326 168/168/326 167/167/326
f 164/164/327 161/161/327 165/165/327
f 164/164/328 165/165/328 168/168/328
f 165/165/329 166/166/329 170/170/329
f 165/165/330 170/170/330 169/169/330
f 166/166/331 167/167/331 171/171/331
f 166/166/332 171/171/332 170/170/332
f 167/167/333 168/168/333 172/172/333
f 167/167/334 172/172/334 171/171/334
f 168/168/335 165/165/335 169/169/335
f 168/168/336 169/169/336 172/172/336
f 169/169/337 170/170/337 174/174/337
f 169/169/338 174/174/338 173/173/338
f 170/170/339 171/171/339 175/175/339
f 170/170/340 175/175/340 174/174/340
f 171/171/341 172/172/341 176/176/341
f 171/171/342 176/176/342 175/175/342
f 172/172/343 169/169/343 173/173/343
f 172/172/344 173/173/344 176/176/344
f 173/173/345 174/174/345 178/178/345
f 173/173/346 178/178/346 177/177/346
f 174/174/347 175/175/347 179/179/347
f 174/174/348 179/179/348 178/178/348
f 175/175/349 176/176/349 180/180/349
f 175/175/350 180/180/350 179/179/350
f 176/176/351 173/173/351 177/177/351
f 176/176/352 177/177/352 180/180/352
f 177/177/353 178/178/353 182/182/353
f 177/177/354 182/182/354 181/181/354
f 178/178/355 179/179/355 183/183/355
f 178/178/356 183/183/356 182/182/356
f 179/179/357 180/180/357 184/184/357
f 179/179/358 184/184/358 183/183/358
f 180/180/359 177/177/359 181/181/359
f 180/180/360 181/181/360 184/184/360
f 181/181/361 182/182/361 186/186/361
f 181/181/362 186/186/362 185/185/362
f 182/182/363 183/183/363 187/187/363
f 182/182/364 187/187/364 186/186/364
f 183/183/365 184/184/365 188/188/365
f 183/183/366 188/188/366 187/187/366
f 184/184/367 181/181/367 185/185/367
f 184/184/368 185/185/368 188/188/368
f 185/185/369 186/186/369 190/190/369
f 185/185/370 190/190/370 189/189/370
f 186/186/371 187/187/371 191/191/371
f 186/186/372 191/191/372 190/190/372
f 187/187/373 188/188/373 192/192/373
f 187/187/374 192/192/374 191/191/374
f 188/188/375 185/185/375 189/189/375
f 188/188/376 189/189/376 192/192/376
f 189/189/377 190/190/377 194/194/377
f 189/189/378 194/194/378 193/193/378
f 190/190/379 191/191/379 195/195/379
f 190/190/380 195/195/380 194/194/380
f 191/191/381 192/192/381 196/196/381
f 191/191/382 196/196/382 195/195/382
f 192/192/383 189/189/383 193/193/383
f 192/192/384 193/193/384 196/196/384
f 193/193/385 194/194/385 198/198/385
f 193/193/386 198/198/386 197/197/386
f 194/194/387 195/195/387 199/199/387
f 194/194/388 199/199/388 198/198/388
f 195/195/389 196/196/389 200/200/389
f 195/195/390 200/200/390 199/199/390
f 196/196/391 193/193/391 197/197/391
f 196/196/392 197/197/392 200/200/392
f 197/197/393 198/198/393 202/202/393
f 197/197/394 202/202/394 201/201/394
f 198/198/395 199/199/395 203/203/395
f 198/198/396 203/203/396 202/202/396
f 199/199/397 200/200/397 204/204/397
f 199/199/398 204/204/398 203/203/398
f 200/200/399 197/197/399 201/201/399
f 200/200/400 201/201/400 204/204/400
f 201/201/401 202/202/401 206/206/401
f 201/201/402 206/206/402 205/205/402
f 202/202/403 203/203/403 207/207/403
f 202/202/404 207/207/404 206/206/404
f 203/203/405 204/204/405 208/208/405
f 203/203/406 208/208/406 207/207/406
f 204/204/407 201/201/407 205/205/407
f 204/204/408 205/205/408 208/208/408
f 205/205/409 206/206/409 210/210/409
f 205/205/410 210/210/410 209/209/410
f 206/206/411 207/207/411 211/211/411
f 206/206/412 211/211/412 210/210/412
f 207/207/413 208/208/413 212/212/413
f 207/207/414 212/212/414 211/211/414
f 208/208/415 205/205/415 209/209/415
f 208/208/416 209/209/416 212/212/416
f 209/209/417 210/210/417 214/214/417
f 209/209/418 214/214/418 213/213/418
f 210/210/419 211/211/419 215/215/419
f 210/210/420 215/215/420 214/214/420
f 211/211/421 212/212/421 216/216/421
f 211/211/422 216/216/422 215/215/422
f 212/212/423 209/209/423 213/213/423
f 212/212/424 213/213/424 216/216/424
f 213/213/425 214/214/425 218/218/425
f 213/213/426 218/218/426 217/217/426
f 214/214/427 215/215/427 219/219/427
f 214/214/428 219/219/428 218/218/428
f 215/215/429 216/216/429 220/220/429
f 215/215/430 220/220/430 219/219/430
f 216/216/431 213/213/431 217/217/431
f 216/216/432 217/217/432 220/220/432
f 217/217/433 218/218/433 222/222/433
f 217/217/434 222/222/434 221/221/434
f 218/218/435 219/219/435 223/223/435
f 218/218/436 223/223/436 222/222/436
f 219/219/437 220/220/437 224/224/437
f 219/219/438 224/224/438 223/223/438
f 220/220/439 217/217/439 221/221/439
f 220/220/440 221/221/440 224/224/440
f 221/221/441 222/222/441 226/226/441
f 221/221/442 226/226/442 225/225/442
f 222/222/443 223/223/443 227/227/443
f 222/222/444 227/227/444 226/226/444
f 223/223/445 224/224/445 228/228/445
f 223/223/446 228/228/446 227/227/446
f 224/224/447 221/221/447 225/225/447
f 224/224/448 225/225/448 228/228/448
f 225/225/449 226/226/449 230/230/449
f 225/225/450 230/230/450 229/229/450
f 226/226/451 227/227/451 231/231/451
f 226/226/452 231/231/452 230/230/452
f 227/227/453 228/228/453 232/232/453
f 227/227/454 232/232/454 231/231/454
f 228/228/455 225/225/455 229/229/455
f 228/228/456 229/229/456 232/232/456
f 229/229/457 230/230/457 234/234/457
f 229/229/458 234/234/458 233/233/458
f 230/230/459 231/231/459 235/235/459
f 230/230/460 235/235/460 234/234/460
f 231/231/461 232/232/461 236/236/461
f 231/231/462 236/236/462 235/235/462
f 232/232/463 229/229/463 233/233/463
f 232/232/464 233/233/464 236/236/464
f 233/233/465 234/234/465 238/238/465
f 233/233/466 238/238/466 237/237/466
f 234/234/467 235/235/467 239/239/467
f 234/234/468 239/239/468 238/238/468
f 235/235/469 236/236/469 240/240/469
f 235/235/470 240/240/470 239/239/470
f 236/236/471 233/233/471 237/237/471
f 236/236/472 237/237/472 240/240/472
f 237/237/473 238/238/473 242/242/473
f 237/237/474 242/242/474 241/241/474
f 238/238/475 239/239/475 243/243/475
f 238/238/476 243/243/476 242/242/476
f 239/239/477 240/240/477 244/244/477
f 239/239/478 244/244/478 243/243/478
f 240/240/479 237/237/479 241/241/479
f 240/240/480 241/241/480 244/244/480
f 241/241/481 242/242/481 246/246/481
f 241/241/482 246/246/482 245/245/482
f 242/242/483 243/243/483 247/247/483
f 242/242/484 247/247/484 246/246/484
f 243/243/485 244/244/485 248/248/485
f 243/243/486 248/248/486 247/247/486
f 244/244/487 241/241/487 245/245/487
f 244/244/488 245/245/488 248/248/488
f 245/245/489 246/246/489 250/250/489
f 245/245/490 250/250/490 249/249/490
f 246/246/491 247/247/491 251/251/491
f 246/246/492 251/251/492 250/250/492
f 247/247/493 248/248/493 252/252/493
f 247/247/494 252/252/494 251/251/494
f 248/248/495 245/245/495 249/249/495
f 248/248/496 249/249/496 252/252/496
f 249/249/497 250/250/497 254/254/497
f 249/249/498 254/254/498 253/253/498
f 250/250/499 251/251/499 255/255/499
f 250/250/500 255/255/500 254/254/500
f 251/251/501 252/252/501 256/256/501
f 251/251/502 256/256/502 255/255/502
f 252/252/503 249/249/503 253/253/503
f 252/252/504 253/253/504 256/256/504
f 253/253/505 254/254/505 258/258/505
f 253/253/506 258/258/506 257/257/506
f 254/254/507 255/255/507 259/259/507
f 254/254/508 259/259/508 258/258/508
f 255/255/509 256/256/509 260/260/509
f 255/255/510 260/260/510 259/259/510
f 256/256/511 253/253/511 257/257/511
f 256/256/512 257/257/512 260/260/512
f 261/261/513 262/262/513 266/266/513
f 261/261/514 266/266/514 265/265/514
f 262/262/515 263/263/515 267/267/515
f 262/262/516 267/267/516 266/266/516
f 263/263/517 264/264/517 268/268/517
f 263/263/518 268/268/518 267/267/518
f 264/264/519 261/261/519 265/265/519
f 264/264/520 265/265/520 268/268/520
f 265/265/521 266/266/521 270/270/521
f 265/265/522 270/270/522 269/269/522
f 266/266/523 267/267/523 271/271/523
f 266/266/524 271/271/524 270/270/524
f 267/267/525 268/268/525 272/272/525
f 267/267/526 272/272/526 271/271/526
f 268/268/527 265/265/527 269/269/527
f 268/268/528 269/269/528 272/272/528
f 269/269/529 270/270/529 274/274/529
f 269/269/530 274/274/530 273/273/530
f 270/270/531 271/271/531 275/275/531
f 270/270/532 275/275/532 274/274/532
f 271/271/533 272/272/533 276/276/533
f 271/271/534 276/276/534 275/275/534
f 272/272/535 269/269/535 273/273/535
f 272/272/536 273/273/536 276/276/536
f 273/273/537 274/274/537 278/278/537
f 273/273/538 278/278/538 277/277/538
f 274/274/539 275/275/539 279/279/539
f 274/274/540 279/279/540 278/278/540
f 275/275/541 276/276/541 280/280/541
f 275/275/542 280/280/542 279/279/542
f 276/276/543 273/273/543 277/277/543
f 276/276/544 277/277/544 280/280/544
f 277/277/545 278/278/545 282/282/545
f 277/277/546 282/282/546 281/281/546
f 278/278/547 279/279/547 283/283/547
f 278/278/548 283/283/548 282/282/548
f 279/279/549 280/280/549 284/284/549
f 279/279/550 284/284/550 283/283/550
f 280/280/551 277/277/551 281/281/551
f 280/280/552 281/281/552 284/284/552
f 281/281/553 282/282/553 286/286/553
f 281/281/554 286/286/554 285/285/554
f 282/282/555 283/283/555 287/287/555
f 282/282/556 287/287/556 286/286/556
f 283/283/557 284/284/557 288/288/557
f 283/283/558 288/288/558 287/287/558
f 284/284/559 281/281/559 285/285/559
f 284/284/560 285/285/560 288/288/560
f 285/285/561 286/286/561 290/290/561
f 285/285/562 290/290/562 289/289/562
f 286/286/563 287/287/563 291/291/563
f 286/286/564 291/291/564 290/290/564
f 287/287/565 288/288/565 292/292/565
f 287/287/566 292/292/566 291/291/566
f 288/288/567 285/285/567 289/289/567
f 288/288/568 289/289/568 292/292/568
f 289/289/569 290/290/569 294/294/569
f 289/289/570 294/294/570 293/293/570
f 290/290/571 291/291/571 295/295/571
f 290/290/572 295/295/572 294/294/572
f 291/291/573 292/292/573 296/296/573
f 291/291/574 296/296/574 295/295/574
f 292/292/575 289/289/575 293/293/575
f 292/292/576 293/293/576 296/296/576
f 293/293/577 294/294/577 298/298/577
f 293/293/578 298/298/578 297/297/578
f 294/294/579 295/295/579 299/299/579
f 294/294/580 299/299/580 298/298/580
f 295/295/581 296/296/581 300/300/581
f 295/295/582 300/300/582 299/299/582
f 296/296/583 293/293/583 297/297/583
f 296/296/584 297/297/584 300/300/584
f 297/297/585 298/298/585 302/302/585
f 297/297/586 302/302/586 301/301/586
f 298/298/587 299/299/587 303/303/587
f 298/298/588 303/303/588 302/302/588
f 299/299/589 300/300/589 304/304/589
f 299/299/590 304/304/590 303/303/590
f 300/300/591 297/297/591 301/301/591
f 300/300/592 301/301/592 304/304/592
f 301/301/593 302/302/593 306/306/593
f 301/301/594 306/306/594 305/305/594
f 302/302/595 303/303/595 307/307/595
f 302/302/596 307/307/596 306/306/596
f 303/303/597 304/304/597 308/308/597
f 303/303/598 308/308/598 307/307/598
f 304/304/599 301/301/599 305/305/599
f 304/304/600 305/305/600 308/308/600
f 305/305/601 306/306/601 310/310/601
f 305/305/602 310/310/602 309/309/602
f 306/306/603 307/307/603 311/311/603
f 306/306/604 311/311/604 310/310/604
f 307/307/605 308/308/605 312/312/605
f 307/307/606 312/312/606 311/311/606
f 308/308/607 305/305/607 309/309/607
f 308/308/608 309/309/608 312/312/608
f 309/309/609 310/310/609 314/314/609
f 309/309/610 314/314/610 313/313/610
f 310/310/611 311/311/611 315/315/611
f 310/310/612 315/315/612 314/314/612
f 311/311/613 312/312/613 316/316/613
f 311/311/614 316/316/614 315/315/614
f 312/312/615 309/309/615 313/313/615
f 312/312/616 313/313/616 316/316/616
f 313/313/617 314/314/617 318/318/617
f 313/313/618 318/318/618 317/317/618
f 314/314/619 315/315/619 319/319/619
f 314/314/620 319/319/620 318/318/620
f 315/315/621 316/316/621 320/320/621
f 315/315/622 320/320/622 319/319/622
f 316/316/623 313/313/623 317/317/623
f 316/316/624 317/317/624 320/320/624
f 317/317/625 318/318/625 322/322/625
f 317/317/626 322/322/626 321/321/626
f 318/318/627 319/319/627 323/323/627
f 318/318/628 323/323/628 322/322/628
f 319/319/629 320/320/629 324/324/629
f 319/319/630 324/324/630 323/323/630
f 320/320/631 317/317/631 321/321/631
f 320/320/632 321/321/632 324/324/632
f 321/321/633 322/322/633 326/326/633
f 321/321/634 326/326/634 325/325/634
f 322/322/635 323/323/635 327/327/635
f 322/322/636 327/327/636 326/326/636
f 323/323/637 324/324/637 328/328/637
f 323/323/638 328/328/638 327/327/638
f 324/324/639 321/321/639 325/325/639
f 324/324/640 325/325/640 328/328/640
f 325/325/641 326/326/641 330/330/641
f 325/325/642 330/330/642 329/329/642
f 326/326/643 327/327/643 331/331/643
f 326/326/644 331/331/644 330/330/644
f 327/327/645 328/328/645 332/332/645
f 327/327/646 332/332/646 331/331/646
f 328/328/647 325/325/647 329/329/647
f 328/328/648 329/329/648 332/332/648
f 329/329/649 330/330/649 334/334/649
f 329/329/650 334/334/650 333/333/650
f 330/330/651 331/331/651 335/335/651
f 330/330/652 335/335/652 334/334/652
f 331/331/653 332/332/653 336/336/653
f 331/331/654 336/336/654 335/335/654
f 332/332/655 329/329/655 333/333/655
f 332/332/656 333/333/656 336/336/656
f 333/333/657 334/334/657 338/338/657
f 333/333/658 338/338/658 337/337/658
f 334/334/659 335/335/659 339/339/659
f 334/334/660 339/339/660 338/338/660
f 335/335/661 336/336/661 340/340/661
f 335/335/662 340/340/662 339/339/662
f 336/336/663 333/333/663 337/337/663
f 336/336/664 337/337/664 340/340/664
f 337/337/665 338/338/665 342/342/665
f 337/337/666 342/342/666 341/341/666
f 338/338/667 339/339/667 343/343/667
f 338/338/668 343/343/668 342/342/668
f 339/339/669 340/340/669 344/344/669
f 339/339/670 344/344/670 343/343/670
f 340/340/671 337/337/671 341/341/671
f 340/340/672 341/341/672 344/344/672
f 341/341/673 342/342/673 346/346/673
f 341/341/674 346/346/674 345/345/674
f 342/342/675 343/343/675 347/347/675
f 342/342/676 347/347/676 346/346/676
f 343/343/677 344/344/677 348/348/677
f 343/343/678 348/348/678 347/347/678
f 344/344/679 341/341/679 345/345/679
f 344/344/680 345/345/680 348/348/680
f 345/345/681 346/346/681 350/350/681
f 345/345/682 350/350/682 349/349/682
f 346/346/683 347/347/683 351/351/683
f 346/346/684 351/351/684 350/350/684
f 347/347/685 348/348/685 352/352/685
f 347/347/686 352/352/686 351/351/686
f 348/348/687 345/345/687 349/349/687
f 348/348/688 349/349/688 352/352/688
f 349/349/689 350/350/689 354/354/689
f 349/349/690 354/354/690 353/353/690
f 350/350/691 351/351/691 355/355/691
f 350/350/692 355/355/692 354/354/692
f 351/351/693 352/352/693 356/356/693
f 351/351/694 356/356/694 355/355/694
f 352/352/695 349/349/695 353/353/695
f 352/352/696 353/353/696 356/356/696
f 353/353/697 354/354/697 358/358/697
f 353/353/698 358/358/698 357/357/698
f 354/354/699 355/355/699 359/359/699
f 354/354/700 359/359/700 358/358/700
f 355/355/701 356/356/701 360/360/701
f 355/355/702 360/360/702 359/359/702
f 356/356/703 353/353/703 357/357/703
f 356/356/704 357/357/704 360/360/704
f 357/357/705 358/358/705 362/362/705
f 357/357/706 362/362/706 361/361/706
f 358/358/707 359/359/707 363/363/707
f 358/358/708 363/363/708 362/362/708
f 359/359/709 360/360/709 364/364/709
f 359/359/710 364/364/710 363/363/710
f 360/360/711 357/357/711 361/361/711
f 360/360/712 361/361/712 364/364/712
f 361/361/713 362/362/713 366/366/713
f 361/361/714 366/366/714 365/365/714
f 362/362/715 363/363/715 367/367/715
f 362/362/716 367/367/716 366/366/716
f 363/363/717 364/364/717 368/368/717
f 363/363/718 368/368/718 367/367/718
f 364/364/719 361/361/719 365/365/719
f 364/364/720 365/365/720 368/368/720
f 365/365/721 366/366/721 370/370/721
f 365/365/722 370/370/722 369/369/722
f 366/366/723 367/367/723 371/371/723
f 366/366/724 371/371/724 370/370/724
f 367/367/725 368/368/725 372/372/725
f 367/367/726 372/372/726 371/371/726
f 368/368/727 365/365/727 369/369/727
f 368/368/728 369/369/728 372/372/728
f 369/369/729 370/370/729 374/374/729
f 369/369/730 374/374/730 373/373/730
f 370/370/731 371/371/731 375/375/731
f 370/370/732 375/375/732 374/374/732
f 371/371/733 372/372/733 376/376/733
f 371/371/734 376/376/734 375/375/734
f 372/372/735 369/369/735 373/373/735
f 372/372/736 373/373/736 376/376/736
f 373/373/737 374/374/737 378/378/737
f 373/373/738 378/378/738 377/377/738
f 374/374/739 375/375/739 379/379/739
f 374/374/740 379/379/740 378/378/740
f 375/375/741 376/376/741 380/380/741
f 375/375/742 380/380/742 379/379/742
f 376/376/743 373/373/743 377/377/743
f 376/376/744 377/377/744 380/380/744
f 377/377/745 378/378/745 382/382/745
f 377/377/746 382/382/746 381/381/746
f 378/378/747 379/379/747 383/383/747
f 378/378/748 383/383/748 382/382/748
f 379/379/749 380/380/749 384/384/749
f 379/379/750 384/384/750 383/383/750
f 380/380/751 377/377/751 381/381/751
f 380/380/752 381/381/752 384/384/752
f 381/381/753 382/382/753 386/386/753
f 381/381/754 386/386/754 385/385/754
f 382/382/755 383/383/755 387/387/755
f 382/382/756 387/387/756 386/386/756
f 383/383/757 384/384/757 388/388/757
f 383/383/758 388/388/758 387/387/758
f 384/384/759 381/381/759 385/385/759
f 384/384/760 385/385/760 388/388/760
f 385/385/761 386/386/761 390/390/761
f 385/385/762 390/390/762 389/389/762
f 386/386/763 387/387/763 391/391/763
f 386/386/764 391/391/764 390/390/764
f 387/387/765 388/388/765 392/392/765
f 387/387/766 392/392/766 391/391/766
f 388/388/767 385/385/767 389/389/767
f 388/388/768 389/389/768 392/392/768
f 389/389/769 390/390/769 394/394/769
f 389/389/770 394/394/770 393/393/770
f 390/390/771 391/391/771 395/395/771
f 390/390/772 395/395/772 394/394/772
f 391/391/773 392/392/773 396/396/773
f 391/391/774 396/396/774 395/395/774
f 392/392/775 389/389/775 393/393/775
f 392/392/776 393/393/776 396/396/776
f 393/393/777 394/394/777 398/398/777
f 393/393/778 398/398/778 397/397/778
f 394/394/779 395/395/779 399/399/779
f 394/394/780 399/399/780 398/398/780
f 395/395/781 396/396/781 400/400/781
f 395/395/782 400/400/782 399/399/782
f 396/396/783 393/393/783 397/397/783
f 396/396/784 397/397/784 400/400/784
f 397/397/785 398/398/785 402/402/785
f 397/397/786 402/402/786 401/401/786
f 398/398/787 399/399/787 403/403/787
f 398/398/788 403/403/788 402/402/788
f 399/399/789 400/400/789 404/404/789
f 399/399/790 404/404/790 403/403/790
f 400/400/791 397/397/791 401/401/791
f 400/400/792 401/401/792 404/404/792
f 401/401/793 402/402/793 406/406/793
f 401/401/794 406/406/794 405/405/794
f 402/402/795 403/403/795 407/407/795
f 402/402/796 407/407/796 406/406/796
f 403/403/797 404/404/797 408/408/797
f 403/403/798 408/408/798 407/407/798
f 404/404/799 401/401/799 405/405/799
f 404/404/800 405/405/800 408/408/800
f 405/405/801 406/406/801 410/410/801
f 405/405/802 410/410/802 409/409/802
f 406/406/803 407/407/803 411/411/803
f 406/406/804 411/411/804 410/410/804
f 407/407/805 408/408/805 412/412/805
f 407/407/806 412/412/806 411/411/806
f 408/408/807 405/405/807 409/409/807
f 408/408/808 409/409/808 412/412/808
f 409/409/809 410/410/809 414/414/809
f 409/409/810 414/414/810 413/413/810
f 410/410/811 411/411/811 415/415/811
f 410/410/812 415/415/812 414/414/812
f 411/411/813 412/412/813 416/416/813
f 411/411/814 416/416/814 415/415/814
f 412/412/815 409/409/815 413/413/815
f 412/412/816 413/413/816 416/416/816
f 413/413/817 414/414/817 418/418/817
f 413/413/818 418/418/818 417/417/818
f 414/414/819 415/415/819 419/419/819
f 414/414/820 419/419/820 418/418/820
f 415/415/821 416/416/821 420/420/821
f 415/415/822 420/420/822 419/419/822
f 416/416/823 413/413/823 417/417/823
f 416/416/824 417/417/824 420/420/824
f 417/417/825 418/418/825 422/422/825
f 417/417/826 422/422/826 421/421/826
f 418/418/827 419/419/827 423/423/827
f 418/418/828 423/423/828 422/422/828
f 419/419/829 420/420/829 424/424/829
f 419/419/830 424/424/830 423/423/830
f 420/420/831 417/417/831 421/421/831
f 420/420/832 421/421/832 424/424/832
f 421/421/833 422/422/833 426/426/833
f 421/421/834 426/426/834 425/425/834
f 422/422/835 423/423/835 427/427/835
f 422/422/836 427/427/836 426/426/836
f 423/423/837 424/424/837 428/428/837
f 423/423/838 428/428/838 427/427/838
f 424/424/839 421/421/839 425/425/839
f 424/424/840 425/425/840 428/428/840
f 425/425/841 426/426/841 430/430/841
f 425/425/842 430/430/842 429/429/842
f 426/426/843 427/427/843 431/431/843
f 426/426/844 431/431/844 430/430/844
f 427/427/845 428/428/845 432/432/845
f 427/427/846 432/432/846 431/431/846
f 428/428/847 425/425/847 429/429/847
f 428/428/848 429/429/848 432/432/848
f 429/429/849 430/430/849 434/434/849
f 429/429/850 434/434/850 433/433/850
f 430/430/851 431/431/851 435/435/851
f 430/430/852 435/435/852 434/434/852
f 431/431/853 432/432/853 436/436/853
f 431/431/854 436/436/854 435/435/854
f 432/432/855 429/429/855 433/433/855
f 432/432/856 433/433/856 436/436/856
f 433/433/857 434/434/857 438/438/857
f 433/433/858 438/438/858 437/437/858
f 434/434/859 435/435/859 439/439/859
f 434/434/860 439/439/860 438/438/860
f 435/435/861 436/436/861 440/440/861
f 435/435/862 440/440/862 439/439/862
f 436/436/863 433/433/863 437/437/863
f 436/436/864 437/437/864 440/440/864
f 437/437/865 438/438/865 442/442/865
f 437/437/866 442/442/866 441/441/866
f 438/438/867 439/439/867 443/443/867
f 438/438/868 443/443/868 442/442/868
f 439/439/869 440/440/869 444/444/869
f 439/439/870 444/444/870 443/443/870
f 440/440/871 437/437/871 441/441/871
f 440/440/872 441/441/872 444/444/872
f 441/441/873 442/442/873 446/446/873
f 441/441/874 446/446/874 445/445/874
f 442/442/875 443/443/875 447/447/875
f 442/442/876 447/447/876 446/446/876
f 443/443/877 444/444/877 448/448/877
f 443/443/878 448/448/878 447/447/878
f 444/444/879 441/441/879 445/445/879
f 444/444/880 445/445/880 448/448/880
f 445/445/881 446/446/881 450/450/881
f 445/445/882 450/450/882 449/449/882
f 446/446/883 447/447/883 451/451/883
f 446/446/884 451/451/884 450/450/884
f 447/447/885 448/448/885 452/452/885
f 447/447/886 452/452/886 451/451/886
f 448/448/887 445/445/887 449/449/887
f 448/448/888 449/449/888 452/452/888
f 449/449/889 450/450/889 454/454/889
f 449/449/890 454/454/890 453/453/890
f 450/450/891 451/451/891 455/455/891
f 450/450/892 455/455/892 454/454/892
f 451/451/893 452/452/893 456/456/893
f 451/451/894 456/456/894 455/455/894
f 452/452/895 449/449/895 453/453/895
f 452/452/896 453/453/896 456/456/896
f 453/453/897 454/454/897 458/458/897
f 453/453/898 458/458/898 457/457/898
f 454/454/899 455/455/899 459/459/899
f 454/454/900 459/459/900 458/458/900
f 455/455/901 456/456/901 460/460/901
f 455/455/902 460/460/902 459/459/902
f 456/456/903 453/453/903 457/457/903
f 456/456/904 457/457/904 460/460/904
f 457/457/905 458/458/905 462/462/905
f 457/457/906 462/462/906 461/461/906
f 458/458/907 459/459/907 463/463/907
f 458/458/908 463/463/908 462/462/908
f 459/459/909 460/460/909 464/464/909
f 459/459/910 464/464/910 463/463/910
f 460/460/911 457/457/911 461/461/911
f 460/460/912 461/461/912 464/464/912
f 461/461/913 462/462/913 466/466/913
f 461/461/914 466/466/914 465/465/914
f 462/462/915 463/463/915 467/467/915
f 462/462/916 467/467/916 466/466/916
f 463/463/917 464/464/917 468/468/917
f 463/463/918 468/468/918 467/467/918
f 464/464/919 461/461/919 465/465/919
f 464/464/920 465/465/920 468/468/920
f 465/465/921 466/466/921 470/470/921
f 465/465/922 470/470/922 469/469/922
f 466/466/923 467/467/923 471/471/923
f 466/466/924 471/471/924 470/470/924
f 467/467/925 468/468/925 472/472/925
f 467/467/926 472/472/926 471/471/926
f 468/468/927 465/465/927 469/469/927
f 468/468/928 469/469/928 472/472/928
f 469/469/929 470/470/929 474/474/929
f 469/469/930 474/474/930 473/473/930
f 470/470/931 471/471/931 475/475/931
f 470/470/932 475/475/932 474/474/932
f 471/471/933 472/472/933 476/476/933
f 471/471/934 476/476/934 475/475/934
f 472/472/935 469/469/935 473/473/935
f 472/472/936 473/473/936 476/476/936
f 473/473/937 474/474/937 478/478/937
f 473/473/938 478/478/938 477/477/938
f 474/474/939 475/475/939 479/479/939
f 474/474/940 479/479/940 478/478/940
f 475/475/941 476/476/941 480/480/941
f 475/475/942 480/480/942 479/479/942
f 476/476/943 473/473/943 477/477/943
f 476/476/944 477/477/944 480/480/944
f 477/477/945 478/478/945 482/482/945
f 477/477/946 482/482/946 481/481/946
f 478/478/947 479/479/947 483/483/947
f 478/478/948 483/483/948 482/482/948
f 479/479/949 480/480/949 484/484/949
f 479/479/950 484/484/950 483/483/950
f 480/480/951 477/477/951 481/481/951
f 480/480/952 481/481/952 484/484/952
f 481/481/953 482/482/953 486/486/953
f 481/481/954 486/486/954 485/485/954
f 482/482/955 483/483/955 487/487/955
f 482/482/956 487/487/956 486/486/956
f 483/483/957 484/484/957 488/488/957
f 483/483/958 488/488/958 487/487/958
f 484/484/959 481/481/959 485/485/959
f 484/484/960 485/485/960 488/488/960
f 485/485/961 486/486/961 490/490/961
f 485/485/962 490/490/962 489/489/962
f 486/486/963 487/487/963 491/491/963
f 486/486/964 491/491/964 490/490/964
f 487/487/965 488/488/965 492/492/965
f 487/487/966 492/492/966 491/491/966
f 488/488/967 485/485/967 489/489/967
f 488/488/968 489/489/968 492/492/968
f 489/489/969 490/490/969 494/494/969
f 489/489/970 494/494/970 493/493/970
f 490/490/971 491/491/971 495/495/971
f 490/490/972 495/495/972 494/494/972
f 491/491/973 492/492/973 496/496/973
f 491/491/974 496/496/974 495/495/974
f 492/492/975 489/489/975 493/493/975
f 492/492/976 493/493/976 496/496/976
f 493/493/977 494/494/977 498/498/977
f 493/493/978 498/498/978 497/497/978
f 494/494/979 495/495/979 499/499/979
f 494/494/980 499/499/980 498/498/980
f 495/495/981 496/496/981 500/500/981
f 495/495/982 500/500/982 499/499/982
f 496/496/983 493/493/983 497/497/983
f 496/496/984 497/497/984 500/500/984
f 497/497/985 498/498/985 502/502/985
f 497/497/986 502/502/986 501/501/986
f 498/498/987 499/499/987 503/503/987
f 498/498/988 503/503/988 502/502/988
f 499/499/989 500/500/989 504/504/989
f 499/499/990 504/504/990 503/503/990
f 500/500/991 497/497/991 501/501/991
f 500/500/992 501/501/992 504/504/992
f 501/501/993 502/502/993 506/506/993
f 501/501/994 506/506/994 505/505/994
f 502/502/995 503/503/995 507/507/995
f 502/502/996 507/507/996 506/506/996
f 503/503/997 504/504/997 508/508/997
f 503/503/998 508/508/998 507/507/998
f 504/504/999 501/501/999 505/505/999
f 504/504/1000 505/505/1000 508/508/1000
f 505/505/1001 506/506/1001 510/510/1001
f 505/505/1002 510/510/1002 509/509/1002
f 506/506/1003 507/507/1003 511/511/1003
f 506/506/1004 511/511/1004 510/510/1004
f 507/507/1005 508/508/1005 512/512/1005
f 507/507/1006 512/512/1006 511/511/1006
f 508/508/1007 505/505/1007 509/509/1007
f 508/508/1008 509/509/1008 512/512/1008
f 509/509/1009 510/510/1009 514/514/1009
f 509/509/1010 514/514/1010 513/513/1010
f 510/510/1011 511/511/1011 515/515/1011
f 510/510/1012 515/515/1012 514/514/1012
f 511/511/1013 512/512/1013 516/516/1013
f 511/511/1014 516/516/1014 515/515/1014
f 512/512/1015 509/509/1015 513/513/1015
f 512/512/1016 513/513/1016 516/516/1016
f 513/513/1017 514/514/1017 518/518/1017
f 513/513/1018 518/518/1018 517/517/1018
f 514/514/1019 515/515/1019 519/519/1019
f 514/514/1020 519/519/1020 518/518/1020
f 515/515/1021 516/516/1021 520/520/1021
f 515/515/1022 520/520/1022 519/519/1022
f 516/516/1023 513/513/1023 517/517/1023
f 516/516/1024 517/517/1024 520/520/1024
f 521/521/1025 522/522/1025 526/526/1025
f 521/521/1026 526/526/1026 525/525/1026
f 522/522/1027 523/523/1027 527/527/1027
f 522/522/1028 527/527/1028 526/526/1028
f 523/523/1029 524/524/1029 528/528/1029
f 523/523/1030 528/528/1030 527/527/1030
f 524/524/1031 521/521/1031 525/525/1031
f 524/524/1032 525/525/1032 528/528/1032
f 525/525/1033 526/526/1033 530/530/1033
f 525/525/1034 530/530/1034 529/529/1034
f 526/526/1035 527/527/1035 531/531/1035
f 526/526/1036 531/531/1036 530/530/1036
f 527/527/1037 528/528/1037 532/532/1037
f 527/527/1038 532/532/1038 531/531/1038
f 528/528/1039 525/525/1039 529/529/1039
f 528/528/1040 529/529/1040 532/532/1040
f 529/529/1041 530/530/1041 534/534/1041
f 529/529/1042 534/534/1042 533/533/1042
f 530/530/1043 531/531/1043 535/535/1043
f 530/530/1044 535/535/1044 534/534/1044
f 531/531/1045 532/532/1045 536/536/1045
f 531/531/1046 536/536/1046 535/535/1046
f 532/532/1047 529/529/1047 533/533/1047
f 532/532/1048 533/533/1048 536/536/1048
f 533/533/1049 534/534/1049 538/538/1049
f 533/533/1050 538/538/1050 537/537/1050
f 534/534/1051 535/535/1051 539/539/1051
f 534/534/1052 539/539/1052 538/538/1052
f 535/535/1053 536/536/1053 540/540/1053
f 535/535/1054 540/540/1054 539/539/1054
f 536/536/1055 533/533/1055 537/537/1055
f 536/536/1056 537/537/1056 540/540/1056
f 537/537/1057 538/538/1057 542/542/1057
f 537/537/1058 542/542/1058 541/541/1058
f 538/538/1059 539/539/1059 543/543/1059
f 538/538/1060 543/543/1060 542/542/1060
f 539/539/1061 540/540/1061 544/544/1061
f 539/539/1062 544/544/1062 543/543/1062
f 540/540/1063 537/537/1063 541/541/1063
f 540/540/1064 541/541/1064 544/544/1064
f 541/541/1065 542/542/1065 546/546/1065
f 541/541/1066 546/546/1066 545/545/1066
f 542/542/1067 543/543/1067 547/547/1067
f 542/542/1068 547/547/1068 546/546/1068
f 543/543/1069 544/544/1069 548/548/1069
f 543/543/1070 548/548/1070 547/547/1070
f 544/544/1071 541/541/1071 545/545/1071
f 544/544/1072 545/545/1072 548/548/1072
f 545/545/1073 546/546/1073 550/550/1073
f 545/545/1074 550/550/1074 549/549/1074
f 546/546/1075 547/547/1075 551/551/1075
f 546/546/1076 551/551/1076 550/550/1076
f 547/547/1077 548/548/1077 552/552/1077
f 547/547/1078 552/552/1078 551/551/1078
f 548/548/1079 545/545/1079 549/549/1079
f 548/548/1080 549/549/1080 552/552/1080
f 549/549/1081 550/550/1081 554/554/1081
f 549/549/1082 554/554/1082 553/553/1082
f 550/550/1083 551/551/1083 555/555/1083
f 550/550/1084 555/555/1084 554/554/1084
f 551/551/1085 552/552/1085 556/556/1085
f 551/551/1086 556/556/1086 555/555/1086
f 552/552/1087 549/549/1087 553/553/1087
f 552/552/1088 553/553/1088 556/556/1088
f 553/553/1089 554/554/1089 558/558/1089
f 553/553/1090 558/558/1090 557/557/1090
f 554/554/1091 555/555/1091 559/559/1091
f 554/554/1092 559/559/1092 558/558/1092
f 555/555/1093 556/556/1093 560/560/1093
f 555/555/1094 560/560/1094 559/559/1094
f 556/556/1095 553/553/1095 557/557/1095
f 556/556/1096 557/557/1096 560/560/1096
f 557/557/1097 558/558/1097 562/562/1097
f 557/557/1098 562/562/1098 561/561/1098
f 558/558/1099 559/559/1099 563/563/1099
f 558/558/1100 563/563/1100 562/562/1100
f 559/559/1101 560/560/1101 564/564/1101
f 559/559/1102 564/564/1102 563/563/1102
f 560/560/1103 557/557/1103 561/561/1103
f 560/560/1104 561/561/1104 564/564/1104
f 561/561/1105 562/562/1105 566/566/1105
f 561/561/1106 566/566/1106 565/565/1106
f 562/562/1107 563/563/1107 567/567/1107
f 562/562/1108 567/567/1108 566/566/1108
f 563/563/1109 564/564/1109 568/568/1109
f 563/563/1110 568/568/1110 567/567/1110
f 564/564/1111 561/561/1111 565/565/1111
f 564/564/1112 565/565/1112 568/568/1112
f 565/565/1113 566/566/1113 570/570/1113
f 565/565/1114 570/570/1114 569/569/1114
f 566/566/1115 567/567/1115 571/571/1115
f 566/566/1116 571/571/1116 570/570/1116
f 567/567/1117 568/568/1117 572/572/1117
f 567/567/1118 572/572/1118 571/571/1118
f 568/568/1119 565/565/1119 569/569/1119
f 568/568/1120 569/569/1120 572/572/1120
f 569/569/1121 570/570/1121 574/574/1121
f 569/569/1122 574/574/1122 573/573/1122
f 570/570/1123 571/571/1123 575/575/1123
f 570/570/1124 575/575/1124 574/574/1124
f 571/571/1125 572/572/1125 576/576/1125
f 571/571/1126 576/576/1126 575/575/1126
f 572/572/1127 569/569/1127 573/573/1127
f 572/572/1128 573/573/1128 576/576/1128
f 573/573/1129 574/574/1129 578/578/1129
f 573/573/1130 578/578/1130 577/577/1130
f 574/574/1131 575/575/1131 579/579/1131
f 574/574/1132 579/579/1132 578/578/1132
f 575/575/1133 576/576/1133 580/580/1133
f 575/575/1134 580/580/1134 579/579/1134
f 576/576/1135 573/573/1135 577/577/1135
f 576/576/1136 577/577/1136 580/580/1136
f 577/577/1137 578/578/1137 582/582/1137
f 577/577/1138 582/582/1138 581/581/1138
f 578/578/1139 579/579/1139 583/583/1139
f 578/578/1140 583/583/1140 582/582/1140
f 579/579/1141 580/580/1141 584/584/1141
f 579/579/1142 584/584/1142 583/583/1142
f 580/580/1143 577/577/1143 581/581/1143
f 580/580/1144 581/581/1144 584/584/1144
f 581/581/1145 582/582/1145 586/586/1145
f 581/581/1146 586/586/1146 585/585/1146
f 582/582/1147 583/583/1147 587/587/1147
f 582/582/1148 587/587/1148 586/586/1148
f 583/583/1149 584/584/1149 588/588/1149
f 583/583/1150 588/588/1150 587/587/1150
f 584/584/1151 581/581/1151 585/585/1151
f 584/584/1152 585/585/1152 588/588/1152
f 585/585/1153 586/586/1153 590/590/1153
f 585/585/1154 590/590/1154 589/589/1154
f 586/586/1155 587/587/1155 591/591/1155
f 586/586/1156 591/591/1156 590/590/1156
f 587/587/1157 588/588/1157 592/592/1157
f 587/587/1158 592/592/1158 591/591/1158
f 588/588/1159 585/585/1159 589/589/1159
f 588/588/1160 589/589/1160 592/592/1160
f 589/589/1161 590/590/1161 594/594/1161
f 589/589/1162 594/594/1162 593/593/1162
f 590/590/1163 591/591/1163 595/595/1163
f 590/590/1164 595/595/1164 594/594/1164
f 591/591/1165 592/592/1165 596/596/1165
f 591/591/1166 596/596/1166 595/595/1166
f 592/592/1167 589/589/1167 593/593/1167
f 592/592/1168 593/593/1168 596/596/1168
f 593/593/1169 594/594/1169 598/598/1169
f 593/593/1170 598/598/1170 597/597/1170
f 594/594/1171 595/595/1171 599/599/1171
f 594/594/1172 599/599/1172 598/598/1172
f 595/595/1173 596/596/1173 600/600/1173
f 595/595/1174 600/600/1174 599/599/1174
f 596/596/1175 593/593/1175 597/597/1175
f 596/596/1176 597/597/1176 600/600/1176
f 597/597/1177 598/598/1177 602/602/1177
f 597/597/1178 602/602/1178 601/601/1178
f 598/598/1179 599/599/1179 603/603/1179
f 598/598/1180 603/603/1180 602/602/1180
f 599/599/1181 600/600/1181 604/604/1181
f 599/599/1182 604/604/1182 603/603/1182
f 600/600/1183 597/597/1183 601/601/1183
f 600/600/1184 601/601/1184 604/604/1184
f 601/601/1185 602/602/1185 606/606/1185
f 601/601/1186 606/606/1186 605/605/1186
f 602/602/1187 603/603/1187 607/607/1187
f 602/602/1188 607/607/1188 606/606/1188
f 603/603/1189 604/604/1189 608/608/1189
f 603/603/1190 608/608/1190 607/607/1190
f 604/604/1191 601/601/1191 605/605/1191
f 604/604/1192 605/605/1192 608/608/1192
f 605/605/1193 606/606/1193 610/610/1193
f 605/605/1194 610/610/1194 609/609/1194
f 606/606/1195 607/607/1195 611/611/1195
f 606/606/1196 611/611/1196 610/610/1196
f 607/607/1197 608/608/1197 612/612/1197
f 607/607/1198 612/612/1198 611/611/1198
f 608/608/1199 605/605/1199 609/609/1199
f 608/608/1200 609/609/1200 612/612/1200
f 609/609/1201 610/610/1201 614/614/1201
f 609/609/1202 614/614/1202 613/613/1202
f 610/610/1203 611/611/1203 615/615/1203
f 610/610/1204 615/615/1204 614/614/1204
f 611/611/1205 612/612/1205 616/616/1205
f 611/611/1206 616/616/1206 615/615/1206
f 612/612/1207 609/609/1207 613/613/1207
f 612/612/1208 613/613/1208 616/616/1208
f 613/613/1209 614/614/1209 618/618/1209
f 613/613/1210 618/618/1210 617/617/1210
f 614/614/1211 615/615/1211 619/619/1211
f 614/614/1212 619/619/1212 618/618/1212
f 615/615/1213 616/616/1213 620/620/1213
f 615/615/1214 620/620/1214 619/619/1214
f 616/616/1215 613/613/1215 617/617/1215
f 616/616/1216 617/617/1216 620/620/1216
f 617/617/1217 618/618/1217 622/622/1217
f 617/617/1218 622/622/1218 621/621/1218
f 618/618/1219 619/619/1219 623/623/1219
f 618/618/1220 623/623/1220 622/622/1220
f 619/619/1221 620/620/1221 624/624/1221
f 619/619/1222 624/624/1222 623/623/1222
f 620/620/1223 617/617/1223 621/621/1223
f 620/620/1224 621/621/1224 624/624/1224
f 621/621/1225 622/622/1225 626/626/1225
f 621/621/1226 626/626/1226 625/625/1226
f 622/622/1227 623/623/1227 627/627/1227
f 622/622/1228 627/627/1228 626/626/1228
f 623/623/1229 624/624/1229 628/628/1229
f 623/623/1230 628/628/1230 627/627/1230
f 624/624/1231 621/621/1231 625/625/1231
f 624/624/1232 625/625/1232 628/628/1232
f 625/625/1233 626/626/1233 630/630/1233
f 625/625/1234 630/630/1234 629/629/1234
f 626/626/1235 627/627/1235 631/631/1235
f 626/626/1236 631/631/1236 630/630/1236
f 627/627/1237 628/628/1237 632/632/1237
f 627/627/1238 632/632/1238 631/631/1238
f 628/628/1239 625/625/1239 629/629/1239
f 628/628/1240 629/629/1240 632/632/1240
f 629/629/1241 630/630/1241 634/634/1241
f 629/629/1242 634/634/1242 633/633/1242
f 630/630/1243 631/631/1243 635/635/1243
f 630/630/1244 635/635/1244 634/634/1244
f 631/631/1245 632/632/1245 636/636/1245
f 631/631/1246 636/636/1246 635/635/1246
f 632/632/1247 629/629/1247 633/633/1247
f 632/632/1248 633/633/1248 636/636/1248
f 633/633/1249 634/634/1249 638/638/1249
f 633/633/1250 638/638/1250 637/637/1250
f 634/634/1251 635/635/1251 639/639/1251
f 634/634/1252 639/639/1252 638/638/1252
f 635/635/1253 636/636/1253 640/640/1253
f 635/635/1254 640/640/1254 639/639/1254
f 636/636/1255 633/633/1255 637/637/1255
f 636/636/1256 637/637/1256 640/640/1256
f 637/637/1257 638/638/1257 642/642/1257
f 637/637/1258 642/642/1258 641/641/1258
f 638/638/1259 639/639/1259 643/643/1259
f 638/638/1260 643/643/1260 642/642/1260
f 639/639/1261 640/640/1261 644/644/1261
f 639/639/1262 644/644/1262 643/643/1262
f 640/640/1263 637/637/1263 641/641/1263
f 640/640/1264 641/641/1264 644/644/1264
f 641/641/1265 642/642/1265 646/646/1265
f 641/641/1266 646/646/1266 645/645/1266
f 642/642/1267 643/643/1267 647/647/1267
f 642/642/1268 647/647/1268 646/646/1268
f 643/643/1269 644/644/1269 648/648/1269
f 643/643/1270 648/648/1270 647/647/1270
f 644/644/1271 641/641/1271 645/645/1271
f 644/644/1272 645/645/1272 648/648/1272
f 645/645/1273 646/646/1273 650/650/1273
f 645/645/1274 650/650/1274 649/649/1274
f 646/646/1275 647/647/1275 651/651/1275
f 646/646/1276 651/651/1276 650/650/1276
f 647/647/1277 648/648/1277 652/652/1277
f 647/647/1278 652/652/1278 651/651/1278
f 648/648/1279 645/645/1279 649/649/1279
f 648/648/1280 649/649/1280 652/652/1280
f 649/649/1281 650/650/1281 654/654/1281
f 649/649/1282 654/654/1282 653/653/1282
f 650/650/1283 651/651/1283 655/655/1283
f 650/650/1284 655/655/1284 654/654/1284
f 651/651/1285 652/652/1285 656/656/1285
f 651/651/1286 656/656/1286 655/655/1286
f 652/652/1287 649/649/1287 653/653/1287
f 652/652/1288 653/653/1288 656/656/1288
f 653/653/1289 654/654/1289 658/658/1289
f 653/653/1290 658/658/1290 657/657/1290
f 654/654/1291 655/655/1291 659/659/1291
f 654/654/1292 659/659/1292 658/658/1292
f 655/655/1293 656/656/1293 660/660/1293
f 655/655/1294 660/660/1294 659/659/1294
f 656/656/1295 653/653/1295 657/657/1295
f 656/656/1296 657/657/1296 660/660/1296
f 657/657/1297 658/658/1297 662/662/1297
f 657/657/1298 662/662/1298 661/661/1298
f 658/658/1299 659/659/1299 663/663/1299
f 658/658/1300 663/663/1300 662/662/1300
f 659/659/1301 660/660/1301 664/664/1301
f 659/659/1302 664/664/1302 663/663/1302
f 660/660/1303 657/657/1303 661/661/1303
f 660/660/1304 661/661/1304 664/664/1304
f 661/661/1305 662/662/1305 666/666/1305
f 661/661/1306 666/666/1306 665/665/1306
f 662/662/1307 663/663/1307 667/667/1307
f 662/662/1308 667/667/1308 666/666/1308
f 663/663/1309 664/664/1309 668/668/1309
f 663/663/1310 668/668/1310 667/667/1310
f 664/664/1311 661/661/1311 665/665/1311
f 664/664/1312 665/665/1312 668/668/1312
f 665/665/1313 666/666/1313 670/670/1313
f 665/665/1314 670/670/1314 669/669/1314
f 666/666/1315 667/667/1315 671/671/1315
f 666/666/1316 671/671/1316 670/670/1316
f 667/667/1317 668/668/1317 672/672/1317
f 667/667/1318 672/672/1318 671/671/1318
f 668/668/1319 665/665/1319 669/669/1319
f 668/668/1320 669/669/1320 672/672/1320
f 669/669/1321 670/670/1321 674/674/1321
f 669/669/1322 674/674/1322 673/673/1322
f 670/670/1323 671/671/1323 675/675/1323
f 670/670/1324 675/675/1324 674/674/1324
f 671/671/1325 672/672/1325 676/676/1325
f 671/671/1326 676/676/1326 675/675/1326
f 672/672/1327 669/669/1327 673/673/1327
f 672/672/1328 673/673/1328 676/676/1328
f 673/673/1329 674/674/1329 678/678/1329
f 673/673/1330 678/678/1330 677/677/1330
f 674/674/1331 675/675/1331 679/679/1331
f 674/674/1332 679/679/1332 678/678/1332
f 675/675/1333 676/676/1333 680/680/1333
f 675/675/1334 680/680/1334 679/679/1334
f 676/676/1335 673/673/1335 677/677/1335
f 676/676/1336 677/677/1336 680/680/1336
f 677/677/1337 678/678/1337 682/682/1337
f 677/677/1338 682/682/1338 681/681/1338
f 678/678/1339 679/679/1339 683/683/1339
f 678/678/1340 683/683/1340 682/682/1340
f 679/679/1341 680/680/1341 684/684/1341
f 679/679/1342 684/684/1342 683/683/1342
f 680/680/1343 677/677/1343 681/681/1343
f 680/680/1344 681/681/1344 684/684/1344
f 681/681/1345 682/682/1345 686/686/1345
f 681/681/1346 686/686/1346 685/685/1346
f 682/682/1347 683/683/1347 687/687/1347
f 682/682/1348 687/687/1348 686/686/1348
f 683/683/1349 684/684/1349 688/688/1349
f 683/683/1350 688/688/1350 687/687/1350
f 684/684/1351 681/681/1351 685/685/1351
f 684/684/1352 685/685/1352 688/688/1352
f 685/685/1353 686/686/1353 690/690/1353
f 685/685/1354 690/690/1354 689/689/1354
f 686/686/1355 687/687/1355 691/691/1355
f 686/686/1356 691/691/1356 690/690/1356
f 687/687/1357 688/688/1357 692/692/1357
f 687/687/1358 692/692/1358 691/691/1358
f 688/688/1359 685/685/1359 689/689/1359
f 688/688/1360 689/689/1360 692/692/1360
f 689/689/1361 690/690/1361 694/694/1361
f 689/689/1362 694/694/1362 693/693/1362
f 690/690/1363 691/691/1363 695/695/1363
f 690/690/1364 695/695/1364 694/694/1364
f 691/691/1365 692/692/1365 696/696/1365
f 691/691/1366 696/696/1366 695/695/1366
f 692/692/1367 689/689/1367 693/693/1367
f 692/692/1368 693/693/1368 696/696/1368
f 693/693/1369 694/694/1369 698/698/1369
f 693/693/1370 698/698/1370 697/697/1370
f 694/694/1371 695/695/1371 699/699/1371
f 694/694/1372 699/699/1372 698/698/1372
f 695/695/1373 696/696/1373 700/700/1373
f 695/695/1374 700/700/1374 699/699/1374
f 696/696/1375 693/693/1375 697/697/1375
f 696/696/1376 697/697/1376 700/700/1376
f 697/697/1377 698/698/1377 702/702/1377
f 697/697/1378 702/702/1378 701/701/1378
f 698/698/1379 699/699/1379 703/703/1379
f 698/698/1380 703/703/1380 702/702/1380
f 699/699/1381 700/700/1381 704/704/1381
f 699/699/1382 704/704/1382 703/703/1382
f 700/700/1383 697/697/1383 701/701/1383
f 700/700/1384 701/701/1384 704/704/1384
f 701/701/1385 702/702/1385 706/706/1385
f 701/701/1386 706/706/1386 705/705/1386
f 702/702/1387 703/703/1387 707/707/1387
f 702/702/1388 707/707/1388 706/706/1388
f 703/703/1389 704/704/1389 708/708/1389
f 703/703/1390 708/708/1390 707/707/1390
f 704/704/1391 701/701/1391 705/705/1391
f 704/704/1392 705/705/1392 708/708/1392
f 705/705/1393 706/706/1393 710/710/1393
f 705/705/1394 710/710/1394 709/709/1394
f 706/706/1395 707/707/1395 711/711/1395
f 706/706/1396 711/711/1396 710/710/1396
f 707/707/1397 708/708/1397 712/712/1397
f 707/707/1398 712/712/1398 711/711/1398
f 708/708/1399 705/705/1399 709/709/1399
f 708/708/1400 709/709/1400 712/712/1400
f 709/709/1401 710/710/1401 714/714/1401
f 709/709/1402 714/714/1402 713/713/1402
f 710/710/1403 711/711/1403 715/715/1403
f 710/710/1404 715/715/1404 714/714/1404
f 711/711/1405 712/712/1405 716/716/1405
f 711/711/1406 716/716/1406 715/715/1406
f 712/712/1407 709/709/1407 713/713/1407
f 712/712/1408 713/713/1408 716/716/1408
f 713/713/1409 714/714/1409 718/718/1409
f 713/713/1410 718/718/1410 717/717/1410
f 714/714/1411 715/715/1411 719/719/1411
f 714/714/1412 719/719/1412 718/718/1412
f 715/715/1413 716/716/1413 720/720/1413
f 715/715/1414 720/720/1414 719/719/1414
f 716/716/1415 713/713/1415 717/717/1415
f 716/716/1416 717/717/1416 720/720/1416
f 717/717/1417 718/718/1417 722/722/1417
f 717/717/1418 722/722/1418 721/721/1418
f 718/718/1419 719/719/1419 723/723/1419
f 718/718/1420 723/723/1420 722/722/1420
f 719/719/1421 720/720/1421 724/724/1421
f 719/719/1422 724/724/1422 723/723/1422
f 720/720/1423 717/717/1423 721/721/1423
f 720/720/1424 721/721/1424 724/724/1424
f 721/721/1425 722/722/1425 726/726/1425
f 721/721/1426 726/726/1426 725/725/1426
f 722/722/1427 723/723/1427 727/727/1427
f 722/722/1428 727/727/1428 726/726/1428
f 723/723/1429 724/724/1429 728/728/1429
f 723/723/1430 728/728/1430 727/727/1430
f 724/724/1431 721/721/1431 725/725/1431
f 724/724/1432 725/725/1432 728/728/1432
f 725/725/1433 726/726/1433 730/730/1433
f 725/725/1434 730/730/1434 729/729/1434
f 726/726/1435 727/727/1435 731/731/1435
f 726/726/1436 731/731/1436 730/730/1436
f 727/727/1437 728/728/1437 732/732/1437
f 727/727/1438 732/732/1438 731/731/1438
f 728/728/1439 725/725/1439 729/729/1439
f 728/728/1440 729/729/1440 732/732/1440
f 729/729/1441 730/730/1441 734/734/1441
f 729/729/1442 734/734/1442 733/733/1442
f 730/730/1443 731/731/1443 735/735/1443
f 730/730/1444 735/735/1444 734/734/1444
f 731/731/1445 732/732/1445 736/736/1445
f 731/731/1446 736/736/1446 735/735/1446
f 732/732/1447 729/729/1447 733/733/1447
f 732/732/1448 733/733/1448 736/736/1448
f 733/733/1449 734/734/1449 738/738/1449
f 733/733/1450 738/738/1450 737/737/1450
f 734/734/1451 735/735/1451 739/739/1451
f 734/734/1452 739/739/1452 738/738/1452
f 735/735/1453 736/736/1453 740/740/1453
f 735/735/1454 740/740/1454 739/739/1454
f 736/736/1455 733/733/1455 737/737/1455
f 736/736/1456 737/737/1456 740/740/1456
f 737/737/1457 738/738/1457 742/742/1457
f 737/737/1458 742/742/1458 741/741/1458
f 738/738/1459 739/739/1459 743/743/1459
f 738/738/1460 743/743/1460 742/742/1460
f 739/739/1461 740/740/1461 744/744/1461
f 739/739/1462 744/744/1462 743/743/1462
f 740/740/1463 737/737/1463 741/741/1463
f 740/740/1464 741/741/1464 744/744/1464
f 741/741/1465 742/742/1465 746/746/1465
f 741/741/1466 746/746/1466 745/745/1466
f 742/742/1467 743/743/1467 747/747/1467
f 742/742/1468 747/747/1468 746/746/1468
f 743/743/1469 744/744/1469 748/748/1469
f 743/743/1470 748/748/1470 747/747/1470
f 744/744/1471 741/741/1471 745/745/1471
f 744/744/1472 745/745/1472 748/748/1472
f 745/745/1473 746/746/1473 750/750/1473
f 745/745/1474 750/750/1474 749/749/1474
f 746/746/1475 747/747/1475 751/751/1475
f 746/746/1476 751/751/1476 750/750/1476
f 747/747/1477 748/748/1477 752/752/1477
f 747/747/1478 752/752/1478 751/751/1478
f 748/748/1479 745/745/1479 749/749/1479
f 748/748/1480 749/749/1480 752/752/1480
f 749/749/1481 750/750/1481 754/754/1481
f 749/749/1482 754/754/1482 753/753/1482
f 750/750/1483 751/751/1483 755/755/1483
f 750/750/1484 755/755/1484 754/754/1484
f 751/751/1485 752/752/1485 756/756/1485
f 751/751/1486 756/756/1486 755/755/1486
f 752/752/1487 749/749/1487 753/753/1487
f 752/752/1488 753/753/1488 756/756/1488
f 753/753/1489 754/754/1489 758/758/1489
f 753/753/1490 758/758/1490 757/757/1490
f 754/754/1491 755/755/1491 759/759/1491
f 754/754/1492 759/759/1492 758/758/1492
f 755/755/1493 756/756/1493 760/760/1493
f 755/755/1494 760/760/1494 759/759/1494
f 756/756/1495 753/753/1495 757/757/1495
f 756/756/1496 757/757/1496 760/760/1496
f 757/757/1497 758/758/1497 762/762/1497
f 757/757/1498 762/762/1498 761/761/1498
f 758/758/1499 759/759/1499 763/763/1499
f 758/758/1500 763/763/1500 762/762/1500
f 759/759/1501 760/760/1501 764/764/1501
f 759/759/1502 764/764/1502 763/763/1502
f 760/760/1503 757/757/1503 761/761/1503
f 760/760/1504 761/761/1504 764/764/1504
f 761/761/1505 762/762/1505 766/766/1505
f 761/761/1506 766/766/1506 765/765/1506
f 762/762/1507 763/763/1507 767/767/1507
f 762/762/1508 767/767/1508 766/766/1508
f 763/763/1509 764/764/1509 768/768/1509
f 763/763/1510 768/768/1510 767/767/1510
f 764/764/1511 761/761/1511 765/765/1511
f 764/764/1512 765/765/1512 768/768/1512
f 765/765/1513 766/766/1513 770/770/1513
f 765/765/1514 770/770/1514 769/769/1514
f 766/766/1515 767/767/1515 771/771/1515
f 766/766/1516 771/771/1516 770/770/1516
f 767/767/1517 768/768/1517 772/772/1517
f 767/767/1518 772/772/1518 771/771/1518
f 768/768/1519 765/765/1519 769/769/1519
f 768/768/1520 769/769/1520 772/772/1520
f 769/769/1521 770/770/1521 774/774/1521
f 769/769/1522 774/774/1522 773/773/1522
f 770/770/1523 771/771/1523 775/775/1523
f 770/770/1524 775/775/1524 774/774/1524
f 771/771/1525 772/772/1525 776/776/1525
f 771/771/1526 776/776/1526 775/775/1526
f 772/772/1527 769/769/1527 773/773/1527
f 772/772/1528 773/773/1528 776/776/1528
f 773/773/1529 774/774/1529 778/778/1529
f 773/773/1530 778/778/1530 777/777/1530
f 774/774/1531 775/775/1531 779/779/1531
f 774/774/1532 779/779/1532 778/778/1532
f 775/775/1533 776/776/1533 780/780/1533
f 775/775/1534 780/780/1534 779/779/1534
f 776/776/1535 773/773/1535 777/777/1535
f 776/776/1536 777/777/1536 780/780/1536
f 781/781/1537 782/782/1537 786/786/1537
f 781/781/1538 786/786/1538 785/785/1538
f 782/782/1539 783/783/1539 787/787/1539
f 782/782/1540 787/787/1540 786/786/1540
f 783/783/1541 784/784/1541 788/788/1541
f 783/783/1542 788/788/1542 787/787/1542
f 784/784/1543 781/781/1543 785/785/1543
f 784/784/1544 785/785/1544 788/788/1544
f 785/785/1545 786/786/1545 790/790/1545
f 785/785/1546 790/790/1546 789/789/1546
f 786/786/1547 787/787/1547 791/791/1547
f 786/786/1548 791/791/1548 790/790/1548
f 787/787/1549 788/788/1549 792/792/1549
f 787/787/1550 792/792/1550 791/791/1550
f 788/788/1551 785/785/1551 789/789/1551
f 788/788/1552 789/789/1552 792/792/1552
f 789/789/1553 790/790/1553 794/794/1553
f 789/789/1554 794/794/1554 793/793/1554
f 790/790/1555 791/791/1555 795/795/1555
f 790/790/1556 795/795/1556 794/794/1556
f 791/791/1557 792/792/1557 796/796/1557
f 791/791/1558 796/796/1558 795/795/1558
f 792/792/1559 789/789/1559 793/793/1559
f 792/792/1560 793/793/1560 796/796/1560
f 793/793/1561 794/794/1561 798/798/1561
f 793/793/1562 798/798/1562 797/797/1562
f 794/794/1563 795/795/1563 799/799/1563
f 794/794/1564 799/799/1564 798/798/1564
f 795/795/1565 796/796/1565 800/800/1565
f 795/795/1566 800/800/1566 799/799/1566
f 796/796/1567 793/793/1567 797/797/1567
f 796/796/1568 797/797/1568 800/800/1568
f 797/797/1569 798/798/1569 802/802/1569
f 797/797/1570 802/802/1570 801/801/1570
f 798/798/1571 799/799/1571 803/803/1571
f 798/798/1572 803/803/1572 802/802/1572
f 799/799/1573 800/800/1573 804/804/1573
f 799/799/1574 804/804/1574 803/803/1574
f 800/800/1575 797/797/1575 801/801/1575
f 800/800/1576 801/801/1576 804/804/1576
f 801/801/1577 802/802/1577 806/806/1577
f 801/801/1578 806/806/1578 805/805/1578
f 802/802/1579 803/803/1579 807/807/1579
f 802/802/1580 807/807/1580 806/806/1580
f 803/803/1581 804/804/1581 808/808/1581
f 803/803/1582 808/808/1582 807/807/1582
f 804/804/1583 801/801/1583 805/805/1583
f 804/804/1584 805/805/1584 808/808/1584
f 805/805/1585 806/806/1585 810/810/1585
f 805/805/1586 810/810/1586 809/809/1586
f 806/806/1587 807/807/1587 811/811/1587
f 806/806/1588 811/811/1588 810/810/1588
f 807/807/1589 808/808/1589 812/812/1589
f 807/807/1590 812/812/1590 811/811/1590
f 808/808/1591 805/805/1591 809/809/1591
f 808/808/1592 809/809/1592 812/812/1592
f 809/809/1593 810/810/1593 814/814/1593
f 809/809/1594 814/814/1594 813/813/1594
f 810/810/1595 811/811/1595 815/815/1595
f 810/810/1596 815/815/1596 814/814/1596
f 811/811/1597 812/812/1597 816/816/1597
f 811/811/1598 816/816/1598 815/815/1598
f 812/812/1599 809/809/1599 813/813/1599
f 812/812/1600 813/813/1600 816/816/1600
f 813/813/1601 814/814/1601 818/818/1601
f 813/813/1602 818/818/1602 817/817/1602
f 814/814/1603 815/815/1603 819/819/1603
f 814/814/1604 819/819/1604 818/818/1604
f 815/815/1605 816/816/1605 820/820/1605
f 815/815/1606 820/820/1606 819/819/1606
f 816/816/1607 813/813/1607 817/817/1607
f 816/816/1608 817/817/1608 820/820/1608
f 817/817/1609 818/818/1609 822/822/1609
f 817/817/1610 822/822/1610 821/821/1610
f 818/818/1611 819/819/1611 823/823/1611
f 818/818/1612 823/823/1612 822/822/1612
f 819/819/1613 820/820/1613 824/824/1613
f 819/819/1614 824/824/1614 823/823/1614
f 820/820/1615 817/817/1615 821/821/1615
f 820/820/1616 821/821/1616 824/824/1616
f 821/821/1617 822/822/1617 826/826/1617
f 821/821/1618 826/826/1618 825/825/1618
f 822/822/1619 823/823/1619 827/827/1619
f 822/822/1620 827/827/1620 826/826/1620
f 823/823/1621 824/824/1621 828/828/1621
f 823/823/1622 828/828/1622 827/827/1622
f 824/824/1623 821/821/1623 825/825/1623
f 824/824/1624 825/825/1624 828/828/1624
f 825/825/1625 826/826/1625 830/830/1625
f 825/825/1626 830/830/1626 829/829/1626
f 826/826/1627 827/827/1627 831/831/1627
f 826/826/1628 831/831/1628 830/830/1628
f 827/827/1629 828/828/1629 832/832/1629
f 827/827/1630 832/832/1630 831/831/1630
f 828/828/1631 825/825/1631 829/829/1631
f 828/828/1632 829/829/1632 832/832/1632
f 781/781/1633 783/783/1633 782/782/1633
f 781/781/1634 784/784/1634 783/783/1634
f 829/829/1635 830/830/1635 831/831/1635
f 829/829/1636 831/831/1636 832/832/1636
f 833/833/1637 834/834/1637 838/838/1637
f 833/833/1638 838/838/1638 837/837/1638
f 834/834/1639 835/835/1639 839/839/1639
f 834/834/1640 839/839/1640 838/838/1640
f 835/835/1641 836/836/1641 840/840/1641
f 835/835/1642 840/840/1642 839/839/1642
f 836/836/1643 833/833/1643 837/837/1643
f 836/836/1644 837/837/1644 840/840/1644
f 837/837/1645 838/838/1645 842/842/1645
f 837/837/1646 842/842/1646 841/841/1646
f 838/838/1647 839/839/1647 843/843/1647
f 838/838/1648 843/843/1648 842/842/1648
f 839/839/1649 840/840/1649 844/844/1649
f 839/839/1650 844/844/1650 843/843/1650
f 840/840/1651 837/837/1651 841/841/1651
f 840/840/1652 841/841/1652 844/844/1652
f 841/841/1653 842/842/1653 846/846/1653
f 841/841/1654 846/846/1654 845/845/1654
f 842/842/1655 843/843/1655 847/847/1655
f 842/842/1656 847/847/1656 846/846/1656
f 843/843/1657 844/844/1657 848/848/1657
f 843/843/1658 848/848/1658 847/847/1658
f 844/844/1659 841/841/1659 845/845/1659
f 844/844/1660 845/845/1660 848/848/1660
f 845/845/1661 846/846/1661 850/850/1661
f 845/845/1662 850/850/1662 849/849/1662
f 846/846/1663 847/847/1663 851/851/1663
f 846/846/1664 851/851/1664 850/850/1664
f 847/847/1665 848/848/1665 852/852/1665
f 847/847/1666 852/852/1666 851/851/1666
f 848/848/1667 845/845/1667 849/849/1667
f 848/848/1668 849/849/1668 852/852/1668
f 849/849/1669 850/850/1669 854/854/1669
f 849/849/1670 854/854/1670 853/853/1670
f 850/850/1671 851/851/1671 855/855/1671
f 850/850/1672 855/855/1672 854/854/1672
f 851/851/1673 852/852/1673 856/856/1673
f 851/851/1674 856/856/1674 855/855/1674
f 852/852/1675 849/849/1675 853/853/1675
f 852/852/1676 853/853/1676 856/856/1676
f 853/853/1677 854/854/1677 858/858/1677
f 853/853/1678 858/858/1678 857/857/1678
f 854/854/1679 855/855/1679 859/859/1679
f 854/854/1680 859/859/1680 858/858/1680
f 855/855/1681 856/856/1681 860/860/1681
f 855/855/1682 860/860/1682 859/859/1682
f 856/856/1683 853/853/1683 857/857/1683
f 856/856/1684 857/857/1684 860/860/1684
f 833/833/1685 835/835/1685 834/834/1685
f 833/833/1686 836/836/1686 835/835/1686
f 857/857/1687 858/858/1687 859/859/1687
f 857/857/1688 859/859/1688 860/860/1688
f 861/861/1689 862/862/1689 866/866/1689
f 861/861/1690 866/866/1690 865/865/1690
f 862/862/1691 863/863/1691 867/867/1691
f 862/862/1692 867/867/1692 866/866/1692
f 863/863/1693 864/864/1693 868/868/1693
f 863/863/1694 868/868/1694 867/867/1694
f 864/864/1695 861/861/1695 865/865/1695
f 864/864/1696 865/865/1696 868/868/1696
f 865/865/1697 866/866/1697 870/870/1697
f 865/865/1698 870/870/1698 869/869/1698
f 866/866/1699 867/867/1699 871/871/1699
f 866/866/1700 871/871/1700 870/870/1700
f 867/867/1701 868/868/1701 872/872/1701
f 867/867/1702 872/872/1702 871/871/1702
f 868/868/1703 865/865/1703 869/869/1703
f 868/868/1704 869/869/1704 872/872/1704
f 869/869/1705 870/870/1705 874/874/1705
f 869/869/1706 874/874/1706 873/873/1706
f 870/870/1707 871/871/1707 875/875/1707
f 870/870/1708 875/875/1708 874/874/1708
f 871/871/1709 872/872/1709 876/876/1709
f 871/871/1710 876/876/1710 875/875/1710
f 872/872/1711 869/869/1711 873/873/1711
f 872/872/1712 873/873/1712 876/876/1712
f 873/873/1713 874/874/1713 878/878/1713
f 873/873/1714 878/878/1714 877/877/1714
f 874/874/1715 875/875/1715 879/879/1715
f 874/874/1716 879/879/1716 878/878/1716
f 875/875/1717 876/876/1717 880/880/1717
f 875/875/1718 880/880/1718 879/879/1718
f 876/876/1719 873/873/1719 877/877/1719
f 876/876/1720 877/877/1720 880/880/1720
f 877/877/1721 878/878/1721 882/882/1721
f 877/877/1722 882/882/1722 881/881/1722
f 878/878/1723 879/879/1723 883/883/1723
f 878/878/1724 883/883/1724 882/882/1724
f 879/879/1725 880/880/1725 884/884/1725
f 879/879/1726 884/884/1726 883/883/1726
f 880/880/1727 877/877/1727 881/881/1727
f 880/880/1728 881/881/1728 884/884/1728
f 881/881/1729 882/882/1729 886/886/1729
f 881/881/1730 886/886/1730 885/885/1730
f 882/882/1731 883/883/1731 887/887/1731
f 882/882/1732 887/887/1732 886/886/1732
f 883/883/1733 884/884/1733 888/888/1733
f 883/883/1734 888/888/1734 887/887/1734
f 884/884/1735 881/881/1735 885/885/1735
f 884/884/1736 885/885/1736 888/888/1736
f 861/861/1737 863/863/1737 862/862/1737
f 861/861/1738 864/864/1738 863/863/1738
f 885/885/1739 886/886/1739 887/887/1739
f 885/885/1740 887/887/1740 888/888/1740
f 889/889/1741 890/890/1741 894/894/1741
f 889/889/1742 894/894/1742 893/893/1742
f 890/890/1743 891/891/1743 895/895/1743
f 890/890/1744 895/895/1744 894/894/1744
f 891/891/1745 892/892/1745 896/896/1745
f 891/891/1746 896/896/1746 895/895/1746
f 892/892/1747 889/889/1747 893/893/1747
f 892/892/1748 893/893/1748 896/896/1748
f 893/893/1749 894/894/1749 898/898/1749
f 893/893/1750 898/898/1750 897/897/1750
f 894/894/1751 895/895/1751 899/899/1751
f 894/894/1752 899/899/1752 898/898/1752
f 895/895/1753 896/896/1753 900/900/1753
f 895/895/1754 900/900/1754 899/899/1754
f 896/896/1755 893/893/1755 897/897/1755
f 896/896/1756 897/897/1756 900/900/1756
f 897/897/1757 898/898/1757 902/902/1757
f 897/897/1758 902/902/1758 901/901/1758
f 898/898/1759 899/899/1759 903/903/1759
f 898/898/1760 903/903/1760 902/902/1760
f 899/899/1761 900/900/1761 904/904/1761
f 899/899/1762 904/904/1762 903/903/1762
f 900/900/1763 897/897/1763 901/901/1763
f 900/900/1764 901/901/1764 904/904/1764
f 901/901/1765 902/902/1765 906/906/1765
f 901/901/1766 906/906/1766 905/905/1766
f 902/902/1767 903/903/1767 907/907/1767
f 902/902/1768 907/907/1768 906/906/1768
f 903/903/1769 904/904/1769 908/908/1769
f 903/903/1770 908/908/1770 907/907/1770
f 904/904/1771 901/901/1771 905/905/1771
f 904/904/1772 905/905/1772 908/908/1772
f 905/905/1773 906/906/1773 910/910/1773
f 905/905/1774 910/910/1774 909/909/1774
f 906/906/1775 907/907/1775 911/911/1775
f 906/906/1776 911/911/1776 910/910/1776
f 907/907/1777 908/908/1777 912/912/1777
f 907/907/1778 912/912/1778 911/911/1778
f 908/908/1779 905/905/1779 909/909/1779
f 908/908/1780 909/909/1780 912/912/1780
f 909/909/1781 910/910/1781 914/914/1781
f 909/909/1782 914/914/1782 913/913/1782
f 910/910/1783 911/911/1783 915/915/1783
f 910/910/1784 915/915/1784 914/914/1784
f 911/911/1785 912/912/1785 916/916/1785
f 911/911/1786 916/916/1786 915/915/1786
f 912/912/1787 909/909/1787 913/913/1787
f 912/912/1788 913/913/1788 916/916/1788
f 913/913/1789 914/914/1789 918/918/1789
f 913/913/1790 918/918/1790 917/917/1790
f 914/914/1791 915/915/1791 919/919/1791
f 914/914/1792 919/919/1792 918/918/1792
f 915/915/1793 916/916/1793 920/920/1793
f 915/915/1794 920/920/1794 919/919/1794
f 916/916/1795 913/913/1795 917/917/1795
f 916/916/1796 917/917/1796 920/920/1796
f 917/917/1797 918/918/1797 922/922/1797
f 917/917/1798 922/922/1798 921/921/1798
f 918/918/1799 919/919/1799 923/923/1799
f 918/918/1800 923/923/1800 922/922/1800
f 919/919/1801 920/920/1801 924/924/1801
f 919/919/1802 924/924/1802 923/923/1802
f 920/920/1803 917/917/1803 921/921/1803
f 920/920/1804 921/921/1804 924/924/1804
f 921/921/1805 922/922/1805 926/926/1805
f 921/921/1806 926/926/1806 925/925/1806
f 922/922/1807 923/923/1807 927/927/1807
f 922/922/1808 927/927/1808 926/926/1808
f 923/923/1809 924/924/1809 928/928/1809
f 923/923/1810 928/928/1810 927/927/1810
f 924/924/1811 921/921/1811 925/925/1811
f 924/924/1812 925/925/1812 928/928/1812
f 925/925/1813 926/926/1813 930/930/1813
f 925/925/1814 930/930/1814 929/929/1814
f 926/926/1815 927/927/1815 931/931/1815
f 926/926/1816 931/931/1816 930/930/1816
f 927/927/1817 928/928/1817 932/932/1817
f 927/927/1818 932/932/1818 931/931/1818
f 928/928/1819 925/925/1819 929/929/1819
f 928/928/1820 929/929/1820 932/932/1820
f 929/929/1821 930/930/1821 934/934/1821
f 929/929/1822 934/934/1822 933/933/1822
f 930/930/1823 931/931/1823 935/935/1823
f 930/930/1824 935/935/1824 934/934/1824
f 931/931/1825 932/932/1825 936/936/1825
f 931/931/1826 936/936/1826 935/935/1826
f 932/932/1827 929/929/1827 933/933/1827
f 932/932/1828 933/933/1828 936/936/1828
f 933/933/1829 934/934/1829 938/938/1829
f 933/933/1830 938/938/1830 937/937/1830
f 934/934/1831 935/935/1831 939/939/1831
f 934/934/1832 939/939/1832 938/938/1832
f 935/935/1833 936/936/1833 940/940/1833
f 935/935/1834 940/940/1834 939/939/1834
f 936/936/1835 933/933/1835 937/937/1835
f 936/936/1836 937/937/1836 940/940/1836
f 889/889/1837 891/891/1837 890/890/1837
f 889/889/1838 892/892/1838 891/891/1838
f 937/937/1839 938/938/1839 939/939/1839
f 937/937/1840 939/939/1840 940/940/1840
f 941/941/1841 942/942/1841 946/946/1841
f 941/941/1842 946/946/1842 945/945/1842
f 942/942/1843 943/943/1843 947/947/1843
f 942/942/1844 947/947/1844 946/946/1844
f 943/943/1845 944/944/1845 948/948/1845
f 943/943/1846 948/948/1846 947/947/1846
f 944/944/1847 941/941/1847 945/945/1847
f 944/944/1848 945/945/1848 948/948/1848
f 945/945/1849 946/946/1849 950/950/1849
f 945/945/1850 950/950/1850 949/949/1850
f 946/946/1851 947/947/1851 951/951/1851
f 946/946/1852 951/951/1852 950/950/1852
f 947/947/1853 948/948/1853 952/952/1853
f 947/947/1854 952/952/1854 951/951/1854
f 948/948/1855 945/945/1855 949/949/1855
f 948/948/1856 949/949/1856 952/952/1856
f 949/949/1857 950/950/1857 954/954/1857
f 949/949/1858 954/954/1858 953/953/1858
f 950/950/1859 951/951/1859 955/955/1859
f 950/950/1860 955/955/1860 954/954/1860
f 951/951/1861 952/952/1861 956/956/1861
f 951/951/1862 956/956/1862 955/955/1862
f 952/952/1863 949/949/1863 953/953/1863
f 952/952/1864 953/953/1864 956/956/1864
f 953/953/1865 954/954/1865 958/958/1865
f 953/953/1866 958/958/1866 957/957/1866
f 954/954/1867 955/955/1867 959/959/1867
f 954/954/1868 959/959/1868 958/958/1868
f 955/955/1869 956/956/1869 960/960/1869
f 955/955/1870 960/960/1870 959/959/1870
f 956/956/1871 953/953/1871 957/957/1871
f 956/956/1872 957/957/1872 960/960/1872
f 957/957/1873 958/958/1873 962/962/1873
f 957/957/1874 962/962/1874 961/961/1874
f 958/958/1875 959/959/1875 963/963/1875
f 958/958/1876 963/963/1876 962/962/1876
f 959/959/1877 960/960/1877 964/964/1877
f 959/959/1878 964/964/1878 963/963/1878
f 960/960/1879 957/957/1879 961/961/1879
f 960/960/1880 961/961/1880 964/964/1880
f 961/961/1881 962/962/1881 966/966/1881
f 961/961/1882 966/966/1882 965/965/1882
f 962/962/1883 963/963/1883 967/967/1883
f 962/962/1884 967/967/1884 966/966/1884
f 963/963/1885 964/964/1885 968/968/1885
f 963/963/1886 968/968/1886 967/967/1886
f 964/964/1887 961/961/1887 965/965/1887
f 964/964/1888 965/965/1888 968/968/1888
f 941/941/1889 943/943/1889 942/942/1889
f 941/941/1890 944/944/1890 943/943/1890
f 965/965/1891 966/966/1891 967/967/1891
f 965/965/1892 967/967/1892 968/968/1892
f 969/969/1893 970/970/1893 974/974/1893
f 969/969/1894 974/974/1894 973/973/1894
f 970/970/1895 971/971/1895 975/975/1895
f 970/970/1896 975/975/1896 974/974/1896
f 971/971/1897 972/972/1897 976/976/1897
f 971/971/1898 976/976/1898 975/975/1898
f 972/972/1899 969/969/1899 973/973/1899
f 972/972/1900 973/973/1900 976/976/1900
f 973/973/1901 974/974/1901 978/978/1901
f 973/973/1902 978/978/1902 977/977/1902
f 974/974/1903 975/975/1903 979/979/1903
f 974/974/1904 979/979/1904 978/978/1904
f 975/975/1905 976/976/1905 980/980/1905
f 975/975/1906 980/980/1906 979/979/1906
f 976/976/1907 973/973/1907 977/977/1907
f 976/976/1908 977/977/1908 980/980/1908
f 977/977/1909 978/978/1909 982/982/1909
f 977/977/1910 982/982/1910 981/981/1910
f 978/978/1911 979/979/1911 983/983/1911
f 978/978/1912 983/983/1912 982/982/1912
f 979/979/1913 980/980/1913 984/984/1913
f 979/979/1914 984/984/1914 983/983/1914
f 980/980/1915 977/977/1915 981/981/1915
f 980/980/1916 981/981/1916 984/984/1916
f 981/981/1917 982/982/1917 986/986/1917
f 981/981/1918 986/986/1918 985/985/1918
f 982/982/1919 983/983/1919 987/987/1919
f 982/982/1920 987/987/1920 986/986/1920
f 983/983/1921 984/984/1921 988/988/1921
f 983/983/1922 988/988/1922 987/987/1922
f 984/984/1923 981/981/1923 985/985/1923
f 984/984/1924 985/985/1924 988/988/1924
f 985/985/1925 986/986/1925 990/990/1925
f 985/985/1926 990/990/1926 989/989/1926
f 986/986/1927 987/987/1927 991/991/1927
f 986/986/1928 991/991/1928 990/990/1928
f 987/987/1929 988/988/1929 992/992/1929
f 987/987/1930 992/992/1930 991/991/1930
f 988/988/1931 985/985/1931 989/989/1931
f 988/988/1932 989/989/1932 992/992/1932
f 989/989/1933 990/990/1933 994/994/1933
f 989/989/1934 994/994/1934 993/993/1934
f 990/990/1935 991/991/1935 995/995/1935
f 990/990/1936 995/995/1936 994/994/1936
f 991/991/1937 992/992/1937 996/996/1937
f 991/991/1938 996/996/1938 995/995/1938
f 992/992/1939 989/989/1939 993/993/1939
f 992/992/1940 993/993/1940 996/996/1940
f 969/969/1941 971/971/1941 970/970/1941
f 969/969/1942 972/972/1942 971/971/1942
f 993/993/1943 994/994/1943 995/995/1943
f 993/993/1944 995/995/1944 996/996/1944
f 997/997/1945 998/998/1945 1002/1002/1945
f 997/997/1946 1002/1002/1946 1001/1001/1946
f 998/998/1947 999/999/1947 1003/1003/1947
f 998/998/1948 1003/1003/1948 1002/1002/1948
f 999/999/1949 1000/1000/1949 1004/1004/1949
f 999/999/1950 1004/1004/1950 1003/1003/1950
f 1000/1000/1951 997/997/1951 1001/1001/1951
f 1000/1000/1952 1001/1001/1952 1004/1004/1952
f 1001/1001/1953 1002/1002/1953 1006/1006/1953
f 1001/1001/1954 1006/1006/1954 1005/1005/1954
f 1002/1002/1955 1003/1003/1955 1007/1007/1955
f 1002/1002/1956 1007/1007/1956 1006/1006/1956
f 1003/1003/1957 1004/1004/1957 1008/1008/1957
f 1003/1003/1958 1008/1008/1958 1007/1007/1958
f 1004/1004/1959 1001/1001/1959 1005/1005/1959
f 1004/1004/1960 1005/1005/1960 1008/1008/1960
f 1005/1005/1961 1006/1006/1961 1010/1010/1961
f 1005/1005/1962 1010/1010/1962 1009/1009/1962
f 1006/1006/1963 1007/1007/1963 1011/1011/1963
f 1006/1006/1964 1011/1011/1964 1010/1010/1964
f 1007/1007/1965 1008/1008/1965 1012/1012/1965
f 1007/1007/1966 1012/1012/1966 1011/1011/1966
f 1008/1008/1967 1005/1005/1967 1009/1009/1967
f 1008/1008/1968 1009/1009/1968 1012/1012/1968
f 1009/1009/1969 1010/1010/1969 1014/1014/1969
f 1009/1009/1970 1014/1014/1970 1013/1013/1970
f 1010/1010/1971 1011/1011/1971 1015/1015/1971
f 1010/1010/1972 1015/1015/1972 1014/1014/1972
f 1011/1011/1973 1012/1012/1973 1016/1016/1973
f 1011/1011/1974 1016/1016/1974 1015/1015/1974
f 1012/1012/1975 1009/1009/1975 1013/1013/1975
f 1012/1012/1976 1013/1013/1976 1016/1016/1976
f 1013/1013/1977 1014/1014/1977 1018/1018/1977
f 1013/1013/1978 1018/1018/1978 1017/1017/1978
f 1014/1014/1979 1015/1015/1979 1019/1019/1979
f 1014/1014/1980 1019/1019/1980 1018/1018/1980
f 1015/1015/1981 1016/1016/1981 1020/1020/1981
f 1015/1015/1982 1020/1020/1982 1019/1019/1982
f 1016/1016/1983 1013/1013/1983 1017/1017/1983
f 1016/1016/1984 1017/1017/1984 1020/1020/1984
f 1017/1017/1985 1018/1018/1985 1022/1022/1985
f 1017/1017/1986 1022/1022/1986 1021/1021/1986
f 1018/1018/1987 1019/1019/1987 1023/1023/1987
f 1018/1018/1988 1023/1023/1988 1022/1022/1988
f 1019/1019/1989 1020/1020/1989 1024/1024/1989
f 1019/1019/1990 1024/1024/1990 1023/1023/1990
f 1020/1020/1991 1017/1017/1991 1021/1021/1991
f 1020/1020/1992 1021/1021/1992 1024/1024/1992
f 1021/1021/1993 1022/1022/1993 1026/1026/1993
f 1021/1021/1994 1026/1026/1994 1025/1025/1994
f 1022/1022/1995 1023/1023/1995 1027/1027/1995
f 1022/1022/1996 1027/1027/1996 1026/1026/1996
f 1023/1023/1997 1024/1024/1997 1028/1028/1997
f 1023/1023/1998 1028/1028/1998 1027/1027/1998
f 1024/1024/1999 1021/1021/1999 1025/1025/1999
f 1024/1024/2000 1025/1025/2000 1028/1028/2000
f 1025/1025/2001 1026/1026/2001 1030/1030/2001
f 1025/1025/2002 1030/1030/2002 1029/1029/2002
f 1026/1026/2003 1027/1027/2003 1031/1031/2003
f 1026/1026/2004 1031/1031/2004 1030/1030/2004
f 1027/1027/2005 1028/1028/2005 1032/1032/2005
f 1027/1027/2006 1032/1032/2006 1031/1031/2006
f 1028/1028/2007 1025/1025/2007 1029/1029/2007
f 1028/1028/2008 1029/1029/2008 1032/1032/2008
f 1029/1029/2009 1030/1030/2009 1034/1034/2009
f 1029/1029/2010 1034/1034/2010 1033/1033/2010
f 1030/1030/2011 1031/1031/2011 1035/1035/2011
f 1030/1030/2012 1035/1035/2012 1034/1034/2012
f 1031/1031/2013 1032/1032/2013 1036/1036/2013
f 1031/1031/2014 1036/1036/2014 1035/1035/2014
f 1032/1032/2015 1029/1029/2015 1033/1033/2015
f 1032/1032/2016 1033/1033/2016 1036/1036/2016
f 1033/1033/2017 1034/1034/2017 1038/1038/2017
f 1033/1033/2018 1038/1038/2018 1037/1037/2018
f 1034/1034/2019 1035/1035/2019 1039/1039/2019
f 1034/1034/2020 1039/1039/2020 1038/1038/2020
f 1035/1035/2021 1036/1036/2021 1040/1040/2021
f 1035/1035/2022 1040/1040/2022 1039/1039/2022
f 1036/1036/2023 1033/1033/2023 1037/1037/2023
f 1036/1036/2024 1037/1037/2024 1040/1040/2024
f 1037/1037/2025 1038/1038/2025 1042/1042/2025
f 1037/1037/2026 1042/1042/2026 1041/1041/2026
f 1038/1038/2027 1039/1039/2027 1043/1043/2027
f 1038/1038/2028 1043/1043/2028 1042/1042/2028
f 1039/1039/2029 1040/1040/2029 1044/1044/2029
f 1039/1039/2030 1044/1044/2030 1043/1043/2030
f 1040/1040/2031 1037/1037/2031 1041/1041/2031
f 1040/1040/2032 1041/1041/2032 1044/1044/2032
f 1041/1041/2033 1042/1042/2033 1046/1046/2033
f 1041/1041/2034 1046/1046/2034 1045/1045/2034
f 1042/1042/2035 1043/1043/2035 1047/1047/2035
f 1042/1042/2036 1047/1047/2036 1046/1046/2036
f 1043/1043/2037 1044/1044/2037 1048/1048/2037
f 1043/1043/2038 1048/1048/2038 1047/1047/2038
f 1044/1044/2039 1041/1041/2039 1045/1045/2039
f 1044/1044/2040 1045/1045/2040 1048/1048/2040
f 997/997/2041 999/999/2041 998/998/2041
f 997/997/2042 1000/1000/2042 999/999/2042
f 1045/1045/2043 1046/1046/2043 1047/1047/2043
f 1045/1045/2044 1047/1047/2044 1048/1048/2044
f 1049/1049/2045 1050/1050/2045 1054/1054/2045
f 1049/1049/2046 1054/1054/2046 1053/1053/2046
f 1050/1050/2047 1051/1051/2047 1055/1055/2047
f 1050/1050/2048 1055/1055/2048 1054/1054/2048
f 1051/1051/2049 1052/1052/2049 1056/1056/2049
f 1051/1051/2050 1056/1056/2050 1055/1055/2050
f 1052/1052/2051 1049/1049/2051 1053/1053/2051
f 1052/1052/2052 1053/1053/2052 1056/1056/2052
f 1053/1053/2053 1054/1054/2053 1058/1058/2053
f 1053/1053/2054 1058/1058/2054 1057/1057/2054
f 1054/1054/2055 1055/1055/2055 1059/1059/2055
f 1054/1054/2056 1059/1059/2056 1058/1058/2056
f 1055/1055/2057 1056/1056/2057 1060/1060/2057
f 1055/1055/2058 1060/1060/2058 1059/1059/2058
f 1056/1056/2059 1053/1053/2059 1057/1057/2059
f 1056/1056/2060 1057/1057/2060 1060/1060/2060
f 1057/1057/2061 1058/1058/2061 1062/1062/2061
f 1057/1057/2062 1062/1062/2062 1061/1061/2062
f 1058/1058/2063 1059/1059/2063 1063/1063/2063
f 1058/1058/2064 1063/1063/2064 1062/1062/2064
f 1059/1059/2065 1060/1060/2065 1064/1064/2065
f 1059/1059/2066 1064/1064/2066 1063/1063/2066
f 1060/1060/2067 1057/1057/2067 1061/1061/2067
f 1060/1060/2068 1061/1061/2068 1064/1064/2068
f 1061/1061/2069 1062/1062/2069 1066/1066/2069
f 1061/1061/2070 1066/1066/2070 1065/1065/2070
f 1062/1062/2071 1063/1063/2071 1067/1067/2071
f 1062/1062/2072 1067/1067/2072 1066/1066/2072
f 1063/1063/2073 1064/1064/2073 1068/1068/2073
f 1063/1063/2074 1068/1068/2074 1067/1067/2074
f 1064/1064/2075 1061/1061/2075 1065/1065/2075
f 1064/1064/2076 1065/1065/2076 1068/1068/2076
f 1065/1065/2077 1066/1066/2077 1070/1070/2077
f 1065/1065/2078 1070/1070/2078 1069/1069/2078
f 1066/1066/2079 1067/1067/2079 1071/1071/2079
f 1066/1066/2080 1071/1071/2080 1070/1070/2080
f 1067/1067/2081 1068/1068/2081 1072/1072/2081
f 1067/1067/2082 1072/1072/2082 1071/1071/2082
f 1068/1068/2083 1065/1065/2083 1069/1069/2083
f 1068/1068/2084 1069/1069/2084 1072/1072/2084
f 1069/1069/2085 1070/1070/2085 1074/1074/2085
f 1069/1069/2086 1074/1074/2086 1073/1073/2086
f 1070/1070/2087 1071/1071/2087 1075/1075/2087
f 1070/1070/2088 1075/1075/2088 1074/1074/2088
f 1071/1071/2089 1072/1072/2089 1076/1076/2089
f 1071/1071/2090 1076/1076/2090 1075/1075/2090
f 1072/1072/2091 1069/1069/2091 1073/1073/2091
f 1072/1072/2092 1073/1073/2092 1076/1076/2092
f 1049/1049/2093 1051/1051/2093 1050/1050/2093
f 1049/1049/2094 1052/1052/2094 1051/1051/2094
f 1073/1073/2095 1074/1074/2095 1075/1075/2095
f 1073/1073/2096 1075/1075/2096 1076/1076/2096
f 1077/1077/2097 1078/1078/2097 1082/1082/2097
f 1077/1077/2098 1082/1082/2098 1081/1081/2098
f 1078/1078/2099 1079/1079/2099 1083/1083/2099
f 1078/1078/2100 1083/1083/2100 1082/1082/2100
f 1079/1079/2101 1080/1080/2101 1084/1084/2101
f 1079/1079/2102 1084/1084/2102 1083/1083/2102
f 1080/1080/2103 1077/1077/2103 1081/1081/2103
f 1080/1080/2104 1081/1081/2104 1084/1084/2104
f 1081/1081/2105 1082/1082/2105 1086/1086/2105
f 1081/1081/2106 1086/1086/2106 1085/1085/2106
f 1082/1082/2107 1083/1083/2107 1087/1087/2107
f 1082/1082/2108 1087/1087/2108 1086/1086/2108
f 1083/1083/2109 1084/1084/2109 1088/1088/2109
f 1083/1083/2110 1088/1088/2110 1087/1087/2110
f 1084/1084/2111 1081/1081/2111 1085/1085/2111
f 1084/1084/2112 1085/1085/2112 1088/1088/2112
f 1085/1085/2113 1086/1086/2113 1090/1090/2113
f 1085/1085/2114 1090/1090/2114 1089/1089/2114
f 1086/1086/2115 1087/1087/2115 1091/1091/2115
f 1086/1086/2116 1091/1091/2116 1090/1090/2116
f 1087/1087/2117 1088/1088/2117 1092/1092/2117
f 1087/1087/2118 1092/1092/2118 1091/1091/2118
f 1088/1088/2119 1085/1085/2119 1089/1089/2119
f 1088/1088/2120 1089/1089/2120 1092/1092/2120
f 1089/1089/2121 1090/1090/2121 1094/1094/2121
f 1089/1089/2122 1094/1094/2122 1093/1093/2122
f 1090/1090/2123 1091/1091/2123 1095/1095/2123
f 1090/1090/2124 1095/1095/2124 1094/1094/2124
f 1091/1091/2125 1092/1092/2125 1096/1096/2125
f 1091/1091/2126 1096/1096/2126 1095/1095/2126
f 1092/1092/2127 1089/1089/2127 1093/1093/2127
f 1092/1092/2128 1093/1093/2128 1096/1096/2128
f 1093/1093/2129 1094/1094/2129 1098/1098/2129
f 1093/1093/2130 1098/1098/2130 1097/1097/2130
f 1094/1094/2131 1095/1095/2131 1099/1099/2131
f 1094/1094/2132 1099/1099/2132 1098/1098/2132
f 1095/1095/2133 1096/1096/2133 1100/1100/2133
f 1095/1095/2134 1100/1100/2134 1099/1099/2134
f 1096/1096/2135 1093/1093/2135 1097/1097/2135
f 1096/1096/2136 1097/1097/2136 1100/1100/2136
f 1097/1097/2137 1098/1098/2137 1102/1102/2137
f 1097/1097/2138 1102/1102/2138 1101/1101/2138
f 1098/1098/2139 1099/1099/2139 1103/1103/2139
f 1098/1098/2140 1103/1103/2140 1102/1102/2140
f 1099/1099/2141 1100/1100/2141 1104/1104/2141
f 1099/1099/2142 1104/1104/2142 1103/1103/2142
f 1100/1100/2143 1097/1097/2143 1101/1101/2143
f 1100/1100/2144 1101/1101/2144 1104/1104/2144
f 1077/1077/2145 1079/1079/2145 1078/1078/2145
f 1077/1077/2146 1080/1080/2146 1079/1079/2146
f 1101/1101/2147 1102/1102/2147 1103/1103/2147
f 1101/1101/2148 1103/1103/2148 1104/1104/2148
f 1105/1105/2149 1106/1106/2149 1110/1110/2149
f 1105/1105/2150 1110/1110/2150 1109/1109/2150
f 1106/1106/2151 1107/1107/2151 1111/1111/2151
f 1106/1106/2152 1111/1111/2152 1110/1110/2152
f 1107/1107/2153 1108/1108/2153 1112/1112/2153
f 1107/1107/2154 1112/1112/2154 1111/1111/2154
f 1108/1108/2155 1105/1105/2155 1109/1109/2155
f 1108/1108/2156 1109/1109/2156 1112/1112/2156
f 1109/1109/2157 1110/1110/2157 1114/1114/2157
f 1109/1109/2158 1114/1114/2158 1113/1113/2158
f 1110/1110/2159 1111/1111/2159 1115/1115/2159
f 1110/1110/2160 1115/1115/2160 1114/1114/2160
f 1111/1111/2161 1112/1112/2161 1116/1116/2161
f 1111/1111/2162 1116/1116/2162 1115/1115/2162
f 1112/1112/2163 1109/1109/2163 1113/1113/2163
f 1112/1112/2164 1113/1113/2164 1116/1116/2164
f 1113/1113/2165 1114/1114/2165 1118/1118/2165
f 1113/1113/2166 1118/1118/2166 1117/1117/2166
f 1114/1114/2167 1115/1115/2167 1119/1119/2167
f 1114/1114/2168 1119/1119/2168 1118/1118/2168
f 1115/1115/2169 1116/1116/2169 1120/1120/2169
f 1115/1115/2170 1120/1120/2170 1119/1119/2170
f 1116/1116/2171 1113/1113/2171 1117/1117/2171
f 1116/1116/2172 1117/1117/2172 1120/1120/2172
f 1117/1117/2173 1118/1118/2173 1122/1122/2173
f 1117/1117/2174 1122/1122/2174 1121/1121/2174
f 1118/1118/2175 1119/1119/2175 1123/1123/2175
f 1118/1118/2176 1123/1123/2176 1122/1122/2176
f 1119/1119/2177 1120/1120/2177 1124/1124/2177
f 1119/1119/2178 1124/1124/2178 1123/1123/2178
f 1120/1120/2179 1117/1117/2179 1121/1121/2179
f 1120/1120/2180 1121/1121/2180 1124/1124/2180
f 1121/1121/2181 1122/1122/2181 1126/1126/2181
f 1121/1121/2182 1126/1126/2182 1125/1125/2182
f 1122/1122/2183 1123/1123/2183 1127/1127/2183
f 1122/1122/2184 1127/1127/2184 1126/1126/2184
f 1123/1123/2185 1124/1124/2185 1128/1128/2185
f 1123/1123/2186 1128/1128/2186 1127/1127/2186
f 1124/1124/2187 1121/1121/2187 1125/1125/2187
f 1124/1124/2188 1125/1125/2188 1128/1128/2188
f 1125/1125/2189 1126/1126/2189 1130/1130/2189
f 1125/1125/2190 1130/1130/2190 1129/1129/2190
f 1126/1126/2191 1127/1127/2191 1131/1131/2191
f 1126/1126/2192 1131/1131/2192 1130/1130/2192
f 1127/1127/2193 1128/1128/2193 1132/1132/2193
f 1127/1127/2194 1132/1132/2194 1131/1131/2194
f 1128/1128/2195 1125/1125/2195 1129/1129/2195
f 1128/1128/2196 1129/1129/2196 1132/1132/2196
f 1129/1129/2197 1130/1130/2197 1134/1134/2197
f 1129/1129/2198 1134/1134/2198 1133/1133/2198
f 1130/1130/2199 1131/1131/2199 1135/1135/2199
f 1130/1130/2200 1135/1135/2200 1134/1134/2200
f 1131/1131/2201 1132/1132/2201 1136/1136/2201
f 1131/1131/2202 1136/1136/2202 1135/1135/2202
f 1132/1132/2203 1129/1129/2203 1133/1133/2203
f 1132/1132/2204 1133/1133/2204 1136/1136/2204
f 1133/1133/2205 1134/1134/2205 1138/1138/2205
f 1133/1133/2206 1138/1138/2206 1137/1137/2206
f 1134/1134/2207 1135/1135/2207 1139/1139/2207
f 1134/1134/2208 1139/1139/2208 1138/1138/2208
f 1135/1135/2209 1136/1136/2209 1140/1140/2209
f 1135/1135/2210 1140/1140/2210 1139/1139/2210
f 1136/1136/2211 1133/1133/2211 1137/1137/2211
f 1136/1136/2212 1137/1137/2212 1140/1140/2212
f 1137/1137/2213 1138/1138/2213 1142/1142/2213
f 1137/1137/2214 1142/1142/2214 1141/1141/2214
f 1138/1138/2215 1139/1139/2215 1143/1143/2215
f 1138/1138/2216 1143/1143/2216 1142/1142/2216
f 1139/1139/2217 1140/1140/2217 1144/1144/2217
f 1139/1139/2218 1144/1144/2218 1143/1143/2218
f 1140/1140/2219 1137/1137/2219 1141/1141/2219
f 1140/1140/2220 1141/1141/2220 1144/1144/2220
f 1141/1141/2221 1142/1142/2221 1146/1146/2221
f 1141/1141/2222 1146/1146/2222 1145/1145/2222
f 1142/1142/2223 1143/1143/2223 1147/1147/2223
f 1142/1142/2224 1147/1147/2224 1146/1146/2224
f 1143/1143/2225 1144/1144/2225 1148/1148/2225
f 1143/1143/2226 1148/1148/2226 1147/1147/2226
f 1144/1144/2227 1141/1141/2227 1145/1145/2227
f 1144/1144/2228 1145/1145/2228 1148/1148/2228
f 1145/1145/2229 1146/1146/2229 1150/1150/2229
f 1145/1145/2230 1150/1150/2230 1149/1149/2230
f 1146/1146/2231 1147/1147/2231 1151/1151/2231
f 1146/1146/2232 1151/1151/2232 1150/1150/2232
f 1147/1147/2233 1148/1148/2233 1152/1152/2233
f 1147/1147/2234 1152/1152/2234 1151/1151/2234
f 1148/1148/2235 1145/1145/2235 1149/1149/2235
f 1148/1148/2236 1149/1149/2236 1152/1152/2236
f 1149/1149/2237 1150/1150/2237 1154/1154/2237
f 1149/1149/2238 1154/1154/2238 1153/1153/2238
f 1150/1150/2239 1151/1151/2239 1155/1155/2239
f 1150/1150/2240 1155/1155/2240 1154/1154/2240
f 1151/1151/2241 1152/1152/2241 1156/1156/2241
f 1151/1151/2242 1156/1156/2242 1155/1155/2242
f 1152/1152/2243 1149/1149/2243 1153/1153/2243
f 1152/1152/2244 1153/1153/2244 1156/1156/2244
f 1105/1105/2245 1107/1107/2245 1106/1106/2245
f 1105/1105/2246 1108/1108/2246 1107/1107/2246
f 1153/1153/2247 1154/1154/2247 1155/1155/2247
f 1153/1153/2248 1155/1155/2248 1156/1156/2248
f 1157/1157/2249 1158/1158/2249 1162/1162/2249
f 1157/1157/2250 1162/1162/2250 1161/1161/2250
f 1158/1158/2251 1159/1159/2251 1163/1163/2251
f 1158/1158/2252 1163/1163/2252 1162/1162/2252
f 1159/1159/2253 1160/1160/2253 1164/1164/2253
f 1159/1159/2254 1164/1164/2254 1163/1163/2254
f 1160/1160/2255 1157/1157/2255 1161/1161/2255
f 1160/1160/2256 1161/1161/2256 1164/1164/2256
f 1161/1161/2257 1162/1162/2257 1166/1166/2257
f 1161/1161/2258 1166/1166/2258 1165/1165/2258
f 1162/1162/2259 1163/1163/2259 1167/1167/2259
f 1162/1162/2260 1167/1167/2260 1166/1166/2260
f 1163/1163/2261 1164/1164/2261 1168/1168/2261
f 1163/1163/2262 1168/1168/2262 1167/1167/2262
f 1164/1164/2263 1161/1161/2263 1165/1165/2263
f 1164/1164/2264 1165/1165/2264 1168/1168/2264
f 1165/1165/2265 1166/1166/2265 1170/1170/2265
f 1165/1165/2266 1170/1170/2266 1169/1169/2266
f 1166/1166/2267 1167/1167/2267 1171/1171/2267
f 1166/1166/2268 1171/1171/2268 1170/1170/2268
f 1167/1167/2269 1168/1168/2269 1172/1172/2269
f 1167/1167/2270 1172/1172/2270 1171/1171/2270
f 1168/1168/2271 1165/1165/2271 1169/1169/2271
f 1168/1168/2272 1169/1169/2272 1172/1172/2272
f 1169/1169/2273 1170/1170/2273 1174/1174/2273
f 1169/1169/2274 1174/1174/2274 1173/1173/2274
f 1170/1170/2275 1171/1171/2275 1175/1175/2275
f 1170/1170/2276 1175/1175/2276 1174/1174/2276
f 1171/1171/2277 1172/1172/2277 1176/1176/2277
f 1171/1171/2278 1176/1176/2278 1175/1175/2278
f 1172/1172/2279 1169/1169/2279 1173/1173/2279
f 1172/1172/2280 1173/1173/2280 1176/1176/2280
f 1173/1173/2281 1174/1174/2281 1178/1178/2281
f 1173/1173/2282 1178/1178/2282 1177/1177/2282
f 1174/1174/2283 1175/1175/2283 1179/1179/2283
f 1174/1174/2284 1179/1179/2284 1178/1178/2284
f 1175/1175/2285 1176/1176/2285 1180/1180/2285
f 1175/1175/2286 1180/1180/2286 1179/1179/2286
f 1176/1176/2287 1173/1173/2287 1177/1177/2287
f 1176/1176/2288 1177/1177/2288 1180/1180/2288
f 1177/1177/2289 1178/1178/2289 1182/1182/2289
f 1177/1177/2290 1182/1182/2290 1181/1181/2290
f 1178/1178/2291 1179/1179/2291 1183/1183/2291
f 1178/1178/2292 1183/1183/2292 1182/1182/2292
f 1179/1179/2293 1180/1180/2293 1184/1184/2293
f 1179/1179/2294 1184/1184/2294 1183/1183/2294
f 1180/1180/2295 1177/1177/2295 1181/1181/2295
f 1180/1180/2296 1181/1181/2296 1184/1184/2296
f 1157/1157/2297 1159/1159/2297 1158/1158/2297
f 1157/1157/2298 1160/1160/2298 1159/1159/2298
f 1181/1181/2299 1182/1182/2299 1183/1183/2299
f 1181/1181/2300 1183/1183/2300 1184/1184/2300
f 1185/1185/2301 1186/1186/2301 1190/1190/2301
f 1185/1185/2302 1190/1190/2302 1189/1189/2302
f 1186/1186/2303 1187/1187/2303 1191/1191/2303
f 1186/1186/2304 1191/1191/2304 1190/1190/2304
f 1187/1187/2305 1188/1188/2305 1192/1192/2305
f 1187/1187/2306 1192/1192/2306 1191/1191/2306
f 1188/1188/2307 1185/1185/2307 1189/1189/2307
f 1188/1188/2308 1189/1189/2308 1192/1192/2308
f 1189/1189/2309 1190/1190/2309 1194/1194/2309
f 1189/1189/2310 1194/1194/2310 1193/1193/2310
f 1190/1190/2311 1191/1191/2311 1195/1195/2311
f 1190/1190/2312 1195/1195/2312 1194/1194/2312
f 1191/1191/2313 1192/1192/2313 1196/1196/2313
f 1191/1191/2314 1196/1196/2314 1195/1195/2314
f 1192/1192/2315 1189/1189/2315 1193/1193/2315
f 1192/1192/2316 1193/1193/2316 1196/1196/2316
f 1193/1193/2317 1194/1194/2317 1198/1198/2317
f 1193/1193/2318 1198/1198/2318 1197/1197/2318
f 1194/1194/2319 1195/1195/2319 1199/1199/2319
f 1194/1194/2320 1199/1199/2320 1198/1198/2320
f 1195/1195/2321 1196/1196/2321 1200/1200/2321
f 1195/1195/2322 1200/1200/2322 1199/1199/2322
f 1196/1196/2323 1193/1193/2323 1197/1197/2323
f 1196/1196/2324 1197/1197/2324 1200/1200/2324
f 1197/1197/2325 1198/1198/2325 1202/1202/2325
f 1197/1197/2326 1202/1202/2326 1201/1201/2326
f 1198/1198/2327 1199/1199/2327 1203/1203/2327
f 1198/1198/2328 1203/1203/2328 1202/1202/2328
f 1199/1199/2329 1200/1200/2329 1204/1204/2329
f 1199/1199/2330 1204/1204/2330 1203/1203/2330
f 1200/1200/2331 1197/1197/2331 1201/1201/2331
f 1200/1200/2332 1201/1201/2332 1204/1204/2332
f 1201/1201/2333 1202/1202/2333 1206/1206/2333
f 1201/1201/2334 1206/1206/2334 1205/1205/2334
f 1202/1202/2335 1203/1203/2335 1207/1207/2335
f 1202/1202/2336 1207/1207/2336 1206/1206/2336
f 1203/1203/2337 1204/1204/2337 1208/1208/2337
f 1203/1203/2338 1208/1208/2338 1207/1207/2338
f 1204/1204/2339 1201/1201/2339 1205/1205/2339
f 1204/1204/2340 1205/1205/2340 1208/1208/2340
f 1205/1205/2341 1206/1206/2341 1210/1210/2341
f 1205/1205/2342 1210/1210/2342 1209/1209/2342
f 1206/1206/2343 1207/1207/2343 1211/1211/2343
f 1206/1206/2344 1211/1211/2344 1210/1210/2344
f 1207/1207/2345 1208/1208/2345 1212/1212/2345
f 1207/1207/2346 1212/1212/2346 1211/1211/2346
f 1208/1208/2347 1205/1205/2347 1209/1209/2347
f 1208/1208/2348 1209/1209/2348 1212/1212/2348
f 1185/1185/2349 1187/1187/2349 1186/1186/2349
f 1185/1185/2350 1188/1188/2350 1187/1187/2350
f 1209/1209/2351 1210/1210/2351 1211/1211/2351
f 1209/1209/2352 1211/1211/2352 1212/1212/2352
f 1213/1213/2353 1214/1214/2353 1218/1218/2353
f 1213/1213/2354 1218/1218/2354 1217/1217/2354
f 1214/1214/2355 1215/1215/2355 1219/1219/2355
f 1214/1214/2356 1219/1219/2356 1218/1218/2356
f 1215/1215/2357 1216/1216/2357 1220/1220/2357
f 1215/1215/2358 1220/1220/2358 1219/1219/2358
f 1216/1216/2359 1213/1213/2359 1217/1217/2359
f 1216/1216/2360 1217/1217/2360 1220/1220/2360
f 1217/1217/2361 1218/1218/2361 1222/1222/2361
f 1217/1217/2362 1222/1222/2362 1221/1221/2362
f 1218/1218/2363 1219/1219/2363 1223/1223/2363
f 1218/1218/2364 1223/1223/2364 1222/1222/2364
f 1219/1219/2365 1220/1220/2365 1224/1224/2365
f 1219/1219/2366 1224/1224/2366 1223/1223/2366
f 1220/1220/2367 1217/1217/2367 1221/1221/2367
f 1220/1220/2368 1221/1221/2368 1224/1224/2368
f 1221/1221/2369 1222/1222/2369 1226/1226/2369
f 1221/1221/2370 1226/1226/2370 1225/1225/2370
f 1222/1222/2371 1223/1223/2371 1227/1227/2371
f 1222/1222/2372 1227/1227/2372 1226/1226/2372
f 1223/1223/2373 1224/1224/2373 1228/1228/2373
f 1223/1223/2374 1228/1228/2374 1227/1227/2374
f 1224/1224/2375 1221/1221/2375 1225/1225/2375
f 1224/1224/2376 1225/1225/2376 1228/1228/2376
f 1225/1225/2377 1226/1226/2377 1230/1230/2377
f 1225/1225/2378 1230/1230/2378 1229/1229/2378
f 1226/1226/2379 1227/1227/2379 1231/1231/2379
f 1226/1226/2380 1231/1231/2380 1230/1230/2380
f 1227/1227/2381 1228/1228/2381 1232/1232/2381
f 1227/1227/2382 1232/1232/2382 1231/1231/2382
f 1228/1228/2383 1225/1225/2383 1229/1229/2383
f 1228/1228/2384 1229/1229/2384 1232/1232/2384
f 1229/1229/2385 1230/1230/2385 1234/1234/2385
f 1229/1229/2386 1234/1234/2386 1233/1233/2386
f 1230/1230/2387 1231/1231/2387 1235/1235/2387
f 1230/1230/2388 1235/1235/2388 1234/1234/2388
f 1231/1231/2389 1232/1232/2389 1236/1236/2389
f 1231/1231/2390 1236/1236/2390 1235/1235/2390
f 1232/1232/2391 1229/1229/2391 1233/1233/2391
f 1232/1232/2392 1233/1233/2392 1236/1236/2392
f 1233/1233/2393 1234/1234/2393 1238/1238/2393
f 1233/1233/2394 1238/1238/2394 1237/1237/2394
f 1234/1234/2395 1235/1235/2395 1239/1239/2395
f 1234/1234/2396 1239/1239/2396 1238/1238/2396
f 1235/1235/2397 1236/1236/2397 1240/1240/2397
f 1235/1235/2398 1240/1240/2398 1239/1239/2398
f 1236/1236/2399 1233/1233/2399 1237/1237/2399
f 1236/1236/2400 1237/1237/2400 1240/1240/2400
f 1237/1237/2401 1238/1238/2401 1242/1242/2401
f 1237/1237/2402 1242/1242/2402 1241/1241/2402
f 1238/1238/2403 1239/1239/2403 1243/1243/2403
f 1238/1238/2404 1243/1243/2404 1242/1242/2404
f 1239/1239/2405 1240/1240/2405 1244/1244/2405
f 1239/1239/2406 1244/1244/2406 1243/1243/2406
f 1240/1240/2407 1237/1237/2407 1241/1241/2407
f 1240/1240/2408 1241/1241/2408 1244/1244/2408
f 1241/1241/2409 1242/1242/2409 1246/1246/2409
f 1241/1241/2410 1246/1246/2410 1245/1245/2410
f 1242/1242/2411 1243/1243/2411 1247/1247/2411
f 1242/1242/2412 1247/1247/2412 1246/1246/2412
f 1243/1243/2413 1244/1244/2413 1248/1248/2413
f 1243/1243/2414 1248/1248/2414 1247/1247/2414
f 1244/1244/2415 1241/1241/2415 1245/1245/2415
f 1244/1244/2416 1245/1245/2416 1248/1248/2416
f 1245/1245/2417 1246/1246/2417 1250/1250/2417
f 1245/1245/2418 1250/1250/2418 1249/1249/2418
f 1246/1246/2419 1247/1247/2419 1251/1251/2419
f 1246/1246/2420 1251/1251/2420 1250/1250/2420
f 1247/1247/2421 1248/1248/2421 1252/1252/2421
f 1247/1247/2422 1252/1252/2422 1251/1251/2422
f 1248/1248/2423 1245/1245/2423 1249/1249/2423
f 1248/1248/2424 1249/1249/2424 1252/1252/2424
f 1249/1249/2425 1250/1250/2425 1254/1254/2425
f 1249/1249/2426 1254/1254/2426 1253/1253/2426
f 1250/1250/2427 1251/1251/2427 1255/1255/2427
f 1250/1250/2428 1255/1255/2428 1254/1254/2428
f 1251/1251/2429 1252/1252/2429 1256/1256/2429
f 1251/1251/2430 1256/1256/2430 1255/1255/2430
f 1252/1252/2431 1249/1249/2431 1253/1253/2431
f 1252/1252/2432 1253/1253/2432 1256/1256/2432
f 1253/1253/2433 1254/1254/2433 1258/1258/2433
f 1253/1253/2434 1258/1258/2434 1257/1257/2434
f 1254/1254/2435 1255/1255/2435 1259/1259/2435
f 1254/1254/2436 1259/1259/2436 1258/1258/2436
f 1255/1255/2437 1256/1256/2437 1260/1260/2437
f 1255/1255/2438 1260/1260/2438 1259/1259/2438
f 1256/1256/2439 1253/1253/2439 1257/1257/2439
f 1256/1256/2440 1257/1257/2440 1260/1260/2440
f 1257/1257/2441 1258/1258/2441 1262/1262/2441
f 1257/1257/2442 1262/1262/2442 1261/1261/2442
f 1258/1258/2443 1259/1259/2443 1263/1263/2443
f 1258/1258/2444 1263/1263/2444 1262/1262/2444
f 1259/1259/2445 1260/1260/2445 1264/1264/2445
f 1259/1259/2446 1264/1264/2446 1263/1263/2446
f 1260/1260/2447 1257/1257/2447 1261/1261/2447
f 1260/1260/2448 1261/1261/2448 1264/1264/2448
f 1213/1213/2449 1215/1215/2449 1214/1214/2449
f 1213/1213/2450 1216/1216/2450 1215/1215/2450
f 1261/1261/2451 1262/1262/2451 1263/1263/2451
f 1261/1261/2452 1263/1263/2452 1264/1264/2452
f 1265/1265/2453 1266/1266/2453 1270/1270/2453
f 1265/1265/2454 1270/1270/2454 1269/1269/2454
f 1266/1266/2455 1267/1267/2455 1271/1271/2455
f 1266/1266/2456 1271/1271/2456 1270/1270/2456
f 1267/1267/2457 1268/1268/2457 1272/1272/2457
f 1267/1267/2458 1272/1272/2458 1271/1271/2458
f 1268/1268/2459 1265/1265/2459 1269/1269/2459
f 1268/1268/2460 1269/1269/2460 1272/1272/2460
f 1269/1269/2461 1270/1270/2461 1274/1274/2461
f 1269/1269/2462 1274/1274/2462 1273/1273/2462
f 1270/1270/2463 1271/1271/2463 1275/1275/2463
f 1270/1270/2464 1275/1275/2464 1274/1274/2464
f 1271/1271/2465 1272/1272/2465 1276/1276/2465
f 1271/1271/2466 1276/1276/2466 1275/1275/2466
f 1272/1272/2467 1269/1269/2467 1273/1273/2467
f 1272/1272/2468 1273/1273/2468 1276/1276/2468
f 1273/1273/2469 1274/1274/2469 1278/1278/2469
f 1273/1273/2470 1278/1278/2470 1277/1277/2470
f 1274/1274/2471 1275/1275/2471 1279/1279/2471
f 1274/1274/2472 1279/1279/2472 1278/1278/2472
f 1275/1275/2473 1276/1276/2473 1280/1280/2473
f 1275/1275/2474 1280/1280/2474 1279/1279/2474
f 1276/1276/2475 1273/1273/2475 1277/1277/2475
f 1276/1276/2476 1277/1277/2476 1280/1280/2476
f 1277/1277/2477 1278/1278/2477 1282/1282/2477
f 1277/1277/2478 1282/1282/2478 1281/1281/2478
f 1278/1278/2479 1279/1279/2479 1283/1283/2479
f 1278/1278/2480 1283/1283/2480 1282/1282/2480
f 1279/1279/2481 1280/1280/2481 1284/1284/2481
f 1279/1279/2482 1284/1284/2482 1283/1283/2482
f 1280/1280/2483 1277/1277/2483 1281/1281/2483
f 1280/1280/2484 1281/1281/2484 1284/1284/2484
f 1281/1281/2485 1282/1282/2485 1286/1286/2485
f 1281/1281/2486 1286/1286/2486 1285/1285/2486
f 1282/1282/2487 1283/1283/2487 1287/1287/2487
f 1282/1282/2488 1287/1287/2488 1286/1286/2488
f 1283/1283/2489 1284/1284/2489 1288/1288/2489
f 1283/1283/2490 1288/1288/2490 1287/1287/2490
f 1284/1284/2491 1281/1281/2491 1285/1285/2491
f 1284/1284/2492 1285/1285/2492 1288/1288/2492
f 1285/1285/2493 1286/1286/2493 1290/1290/2493
f 1285/1285/2494 1290/1290/2494 1289/1289/2494
f 1286/1286/2495 1287/1287/2495 1291/1291/2495
f 1286/1286/2496 1291/1291/2496 1290/1290/2496
f 1287/1287/2497 1288/1288/2497 1292/1292/2497
f 1287/1287/2498 1292/1292/2498 1291/1291/2498
f 1288/1288/2499 1285/1285/2499 1289/1289/2499
f 1288/1288/2500 1289/1289/2500 1292/1292/2500
f 1265/1265/2501 1267/1267/2501 1266/1266/2501
f 1265/1265/2502 1268/1268/2502 1267/1267/2502
f 1289/1289/2503 1290/1290/2503 1291/1291/2503
f 1289/1289/2504 1291/1291/2504 1292/1292/2504
f 1293/1293/2505 1294/1294/2505 1298/1298/2505
f 1293/1293/2506 1298/1298/2506 1297/1297/2506
f 1294/1294/2507 1295/1295/2507 1299/1299/2507
f 1294/1294/2508 1299/1299/2508 1298/1298/2508
f 1295/1295/2509 1296/1296/2509 1300/1300/2509
f 1295/1295/2510 1300/1300/2510 1299/1299/2510
f 1296/1296/2511 1293/1293/2511 1297/1297/2511
f 1296/1296/2512 1297/1297/2512 1300/1300/2512
f 1297/1297/2513 1298/1298/2513 1302/1302/2513
f 1297/1297/2514 1302/1302/2514 1301/1301/2514
f 1298/1298/2515 1299/1299/2515 1303/1303/2515
f 1298/1298/2516 1303/1303/2516 1302/1302/2516
f 1299/1299/2517 1300/1300/2517 1304/1304/2517
f 1299/1299/2518 1304/1304/2518 1303/1303/2518
f 1300/1300/2519 1297/1297/2519 1301/1301/2519
f 1300/1300/2520 1301/1301/2520 1304/1304/2520
f 1301/1301/2521 1302/1302/2521 1306/1306/2521
f 1301/1301/2522 1306/1306/2522 1305/1305/2522
f 1302/1302/2523 1303/1303/2523 1307/1307/2523
f 1302/1302/2524 1307/1307/2524 1306/1306/2524
f 1303/1303/2525 1304/1304/2525 1308/1308/2525
f 1303/1303/2526 1308/1308/2526 1307/1307/2526
f 1304/1304/2527 1301/1301/2527 1305/1305/2527
f 1304/1304/2528 1305/1305/2528 1308/1308/2528
f 1305/1305/2529 1306/1306/2529 1310/1310/2529
f 1305/1305/2530 1310/1310/2530 1309/1309/2530
f 1306/1306/2531 1307/1307/2531 1311/1311/2531
f 1306/1306/2532 1311/1311/2532 1310/1310/2532
f 1307/1307/2533 1308/1308/2533 1312/1312/2533
f 1307/1307/2534 1312/1312/2534 1311/1311/2534
f 1308/1308/2535 1305/1305/2535 1309/1309/2535
f 1308/1308/2536 1309/1309/2536 1312/1312/2536
f 1309/1309/2537 1310/1310/2537 1314/1314/2537
f 1309/1309/2538 1314/1314/2538 1313/1313/2538
f 1310/1310/2539 1311/1311/2539 1315/1315/2539
f 1310/1310/2540 1315/1315/2540 1314/1314/2540
f 1311/1311/2541 1312/1312/2541 1316/1316/2541
f 1311/1311/2542 1316/1316/2542 1315/1315/2542
f 1312/1312/2543 1309/1309/2543 1313/1313/2543
f 1312/1312/2544 1313/1313/2544 1316/1316/2544
f 1313/1313/2545 1314/1314/2545 1318/1318/2545
f 1313/1313/2546 1318/1318/2546 1317/1317/2546
f 1314/1314/2547 1315/1315/2547 1319/1319/2547
f 1314/1314/2548 1319/1319/2548 1318/1318/2548
f 1315/1315/2549 1316/1316/2549 1320/1320/2549
f 1315/1315/2550 1320/1320/2550 1319/1319/2550
f 1316/1316/2551 1313/1313/2551 1317/1317/2551
f 1316/1316/2552 1317/1317/2552 1320/1320/2552
f 1293/1293/2553 1295/1295/2553 1294/1294/2553
f 1293/1293/2554 1296/1296/2554 1295/1295/2554
f 1317/1317/2555 1318/1318/2555 1319/1319/2555
f 1317/1317/2556 1319/1319/2556 1320/1320/2556
f 1321/1321/2557 1322/1322/2557 1326/1326/2557
f 1321/1321/2558 1326/1326/2558 1325/1325/2558
f 1322/1322/2559 1323/1323/2559 1327/1327/2559
f 1322/1322/2560 1327/1327/2560 1326/1326/2560
f 1323/1323/2561 1324/1324/2561 1328/1328/2561
f 1323/1323/2562 1328/1328/2562 1327/1327/2562
f 1324/1324/2563 1321/1321/2563 1325/1325/2563
f 1324/1324/2564 1325/1325/2564 1328/1328/2564
f 1325/1325/2565 1326/1326/2565 1330/1330/2565
f 1325/1325/2566 1330/1330/2566 1329/1329/2566
f 1326/1326/2567 1327/1327/2567 1331/1331/2567
f 1326/1326/2568 1331/1331/2568 1330/1330/2568
f 1327/1327/2569 1328/1328/2569 1332/1332/2569
f 1327/1327/2570 1332/1332/2570 1331/1331/2570
f 1328/1328/2571 1325/1325/2571 1329/1329/2571
f 1328/1328/2572 1329/1329/2572 1332/1332/2572
f 1329/1329/2573 1330/1330/2573 1334/1334/2573
f 1329/1329/2574 1334/1334/2574 1333/1333/2574
f 1330/1330/2575 1331/1331/2575 1335/1335/2575
f 1330/1330/2576 1335/1335/2576 1334/1334/2576
f 1331/1331/2577 1332/1332/2577 1336/1336/2577
f 1331/1331/2578 1336/1336/2578 1335/1335/2578
f 1332/1332/2579 1329/1329/2579 1333/1333/2579
f 1332/1332/2580 1333/1333/2580 1336/1336/2580
f 1333/1333/2581 1334/1334/2581 1338/1338/2581
f 1333/1333/2582 1338/1338/2582 1337/1337/2582
f 1334/1334/2583 1335/1335/2583 1339/1339/2583
f 1334/1334/2584 1339/1339/2584 1338/1338/2584
f 1335/1335/2585 1336/1336/2585 1340/1340/2585
f 1335/1335/2586 1340/1340/2586 1339/1339/2586
f 1336/1336/2587 1333/1333/2587 1337/1337/2587
f 1336/1336/2588 1337/1337/2588 1340/1340/2588
f 1337/1337/2589 1338/1338/2589 1342/1342/2589
f 1337/1337/2590 1342/1342/2590 1341/1341/2590
f 1338/1338/2591 1339/1339/2591 1343/1343/2591
f 1338/1338/2592 1343/1343/2592 1342/1342/2592
f 1339/1339/2593 1340/1340/2593 1344/1344/2593
f 1339/1339/2594 1344/1344/2594 1343/1343/2594
f 1340/1340/2595 1337/1337/2595 1341/1341/2595
f 1340/1340/2596 1341/1341/2596 1344/1344/2596
f 1341/1341/2597 1342/1342/2597 1346/1346/2597
f 1341/1341/2598 1346/1346/2598 1345/1345/2598
f 1342/1342/2599 1343/1343/2599 1347/1347/2599
f 1342/1342/2600 1347/1347/2600 1346/1346/2600
f 1343/1343/2601 1344/1344/2601 1348/1348/2601
f 1343/1343/2602 1348/1348/2602 1347/1347/2602
f 1344/1344/2603 1341/1341/2603 1345/1345/2603
f 1344/1344/2604 1345/1345/2604 1348/1348/2604
f 1345/1345/2605 1346/1346/2605 1350/1350/2605
f 1345/1345/2606 1350/1350/2606 1349/1349/2606
f 1346/1346/2607 1347/1347/2607 1351/1351/2607
f 1346/1346/2608 1351/1351/2608 1350/1350/2608
f 1347/1347/2609 1348/1348/2609 1352/1352/2609
f 1347/1347/2610 1352/1352/2610 1351/1351/2610
f 1348/1348/2611 1345/1345/2611 1349/1349/2611
f 1348/1348/2612 1349/1349/2612 1352/1352/2612
f 1349/1349/2613 1350/1350/2613 1354/1354/2613
f 1349/1349/2614 1354/1354/2614 1353/1353/2614
f 1350/1350/2615 1351/1351/2615 1355/1355/2615
f 1350/1350/2616 1355/1355/2616 1354/1354/2616
f 1351/1351/2617 1352/1352/2617 1356/1356/2617
f 1351/1351/2618 1356/1356/2618 1355/1355/2618
f 1352/1352/2619 1349/1349/2619 1353/1353/2619
f 1352/1352/2620 1353/1353/2620 1356/1356/2620
f 1353/1353/2621 1354/1354/2621 1358/1358/2621
f 1353/1353/2622 1358/1358/2622 1357/1357/2622
f 1354/1354/2623 1355/1355/2623 1359/1359/2623
f 1354/1354/2624 1359/1359/2624 1358/1358/2624
f 1355/1355/2625 1356/1356/2625 1360/1360/2625
f 1355/1355/2626 1360/1360/2626 1359/1359/2626
f 1356/1356/2627 1353/1353/2627 1357/1357/2627
f 1356/1356/2628 1357/1357/2628 1360/1360/2628
f 1357/1357/2629 1358/1358/2629 1362/1362/2629
f 1357/1357/2630 1362/1362/2630 1361/1361/2630
f 1358/1358/2631 1359/1359/2631 1363/1363/2631
f 1358/1358/2632 1363/1363/2632 1362/1362/2632
f 1359/1359/2633 1360/1360/2633 1364/1364/2633
f 1359/1359/2634 1364/1364/2634 1363/1363/2634
f 1360/1360/2635 1357/1357/2635 1361/1361/2635
f 1360/1360/2636 1361/1361/2636 1364/1364/2636
f 1361/1361/2637 1362/1362/2637 1366/1366/2637
f 1361/1361/2638 1366/1366/2638 1365/1365/2638
f 1362/1362/2639 1363/1363/2639 1367/1367/2639
f 1362/1362/2640 1367/1367/2640 1366/1366/2640
f 1363/1363/2641 1364/1364/2641 1368/1368/2641
f 1363/1363/2642 1368/1368/2642 1367/1367/2642
f 1364/1364/2643 1361/1361/2643 1365/1365/2643
f 1364/1364/2644 1365/1365/2644 1368/1368/2644
f 1365/1365/2645 1366/1366/2645 1370/1370/2645
f 1365/1365/2646 1370/1370/2646 1369/1369/2646
f 1366/1366/2647 1367/1367/2647 1371/1371/2647
f 1366/1366/2648 1371/1371/2648 1370/1370/2648
f 1367/1367/2649 1368/1368/2649 1372/1372/2649
f 1367/1367/2650 1372/1372/2650 1371/1371/2650
f 1368/1368/2651 1365/1365/2651 1369/1369/2651
f 1368/1368/2652 1369/1369/2652 1372/1372/2652
f 1321/1321/2653 1323/1323/2653 1322/1322/2653
f 1321/1321/2654 1324/1324/2654 1323/1323/2654
f 1369/1369/2655 1370/1370/2655 1371/1371/2655
f 1369/1369/2656 1371/1371/2656 1372/1372/2656
f 1373/1373/2657 1374/1374/2657 1378/1378/2657
f 1373/1373/2658 1378/1378/2658 1377/1377/2658
f 1374/1374/2659 1375/1375/2659 1379/1379/2659
f 1374/1374/2660 1379/1379/2660 1378/1378/2660
f 1375/1375/2661 1376/1376/2661 1380/1380/2661
f 1375/1375/2662 1380/1380/2662 1379/1379/2662
f 1376/1376/2663 1373/1373/2663 1377/1377/2663
f 1376/1376/2664 1377/1377/2664 1380/1380/2664
f 1377/1377/2665 1378/1378/2665 1382/1382/2665
f 1377/1377/2666 1382/1382/2666 1381/1381/2666
f 1378/1378/2667 1379/1379/2667 1383/1383/2667
f 1378/1378/2668 1383/1383/2668 1382/1382/2668
f 1379/1379/2669 1380/1380/2669 1384/1384/2669
f 1379/1379/2670 1384/1384/2670 1383/1383/2670
f 1380/1380/2671 1377/1377/2671 1381/1381/2671
f 1380/1380/2672 1381/1381/2672 1384/1384/2672
f 1381/1381/2673 1382/1382/2673 1386/1386/2673
f 1381/1381/2674 1386/1386/2674 1385/1385/2674
f 1382/1382/2675 1383/1383/2675 1387/1387/2675
f 1382/1382/2676 1387/1387/2676 1386/1386/2676
f 1383/1383/2677 1384/1384/2677 1388/1388/2677
f 1383/1383/2678 1388/1388/2678 1387/1387/2678
f 1384/1384/2679 1381/1381/2679 1385/1385/2679
f 1384/1384/2680 1385/1385/2680 1388/1388/2680
f 1385/1385/2681 1386/1386/2681 1390/1390/2681
f 1385/1385/2682 1390/1390/2682 1389/1389/2682
f 1386/1386/2683 1387/1387/2683 1391/1391/2683
f 1386/1386/2684 1391/1391/2684 1390/1390/2684
f 1387/1387/2685 1388/1388/2685 1392/1392/2685
f 1387/1387/2686 1392/1392/2686 1391/1391/2686
f 1388/1388/2687 1385/1385/2687 1389/1389/2687
f 1388/1388/2688 1389/1389/2688 1392/1392/2688
f 1389/1389/2689 1390/1390/2689 1394/1394/2689
f 1389/1389/2690 1394/1394/2690 1393/1393/2690
f 1390/1390/2691 1391/1391/2691 1395/1395/2691
f 1390/1390/2692 1395/1395/2692 1394/1394/2692
f 1391/1391/2693 1392/1392/2693 1396/1396/2693
f 1391/1391/2694 1396/1396/2694 1395/1395/2694
f 1392/1392/2695 1389/1389/2695 1393/1393/2695
f 1392/1392/2696 1393/1393/2696 1396/1396/2696
f 1393/1393/2697 1394/1394/2697 1398/1398/2697
f 1393/1393/2698 1398/1398/2698 1397/1397/2698
f 1394/1394/2699 1395/1395/2699 1399/1399/2699
f 1394/1394/2700 1399/1399/2700 1398/1398/2700
f 1395/1395/2701 1396/1396/2701 1400/1400/2701
f 1395/1395/2702 1400/1400/2702 1399/1399/2702
f 1396/1396/2703 1393/1393/2703 1397/1397/2703
f 1396/1396/2704 1397/1397/2704 1400/1400/2704
f 1373/1373/2705 1375/1375/2705 1374/1374/2705
f 1373/1373/2706 1376/1376/2706 1375/1375/2706
f 1397/1397/2707 1398/1398/2707 1399/1399/2707
f 1397/1397/2708 1399/1399/2708 1400/1400/2708
f 1401/1401/2709 1402/1402/2709 1406/1406/2709
f 1401/1401/2710 1406/1406/2710 1405/1405/2710
f 1402/1402/2711 1403/1403/2711 1407/1407/2711
f 1402/1402/2712 1407/1407/2712 1406/1406/2712
f 1403/1403/2713 1404/1404/2713 1408/1408/2713
f 1403/1403/2714 1408/1408/2714 1407/1407/2714
f 1404/1404/2715 1401/1401/2715 1405/1405/2715
f 1404/1404/2716 1405/1405/2716 1408/1408/2716
f 1405/1405/2717 1406/1406/2717 1410/1410/2717
f 1405/1405/2718 1410/1410/2718 1409/1409/2718
f 1406/1406/2719 1407/1407/2719 1411/1411/2719
f 1406/1406/2720 1411/1411/2720 1410/1410/2720
f 1407/1407/2721 1408/1408/2721 1412/1412/2721
f 1407/1407/2722 1412/1412/2722 1411/1411/2722
f 1408/1408/2723 1405/1405/2723 1409/1409/2723
f 1408/1408/2724 1409/1409/2724 1412/1412/2724
f 1409/1409/2725 1410/1410/2725 1414/1414/2725
f 1409/1409/2726 1414/1414/2726 1413/1413/2726
f 1410/1410/2727 1411/1411/2727 1415/1415/2727
f 1410/1410/2728 1415/1415/2728 1414/1414/2728
f 1411/1411/2729 1412/1412/2729 1416/1416/2729
f 1411/1411/2730 1416/1416/2730 1415/1415/2730
f 1412/1412/2731 1409/1409/2731 1413/1413/2731
f 1412/1412/2732 1413/1413/2732 1416/1416/2732
f 1413/1413/2733 1414/1414/2733 1418/1418/2733
f 1413/1413/2734 1418/1418/2734 1417/1417/2734
f 1414/1414/2735 1415/1415/2735 1419/1419/2735
f 1414/1414/2736 1419/1419/2736 1418/1418/2736
f 1415/1415/2737 1416/1416/2737 1420/1420/2737
f 1415/1415/2738 1420/1420/2738 1419/1419/2738
f 1416/1416/2739 1413/1413/2739 1417/1417/2739
f 1416/1416/2740 1417/1417/2740 1420/1420/2740
f 1417/1417/2741 1418/1418/2741 1422/1422/2741
f 1417/1417/2742 1422/1422/2742 1421/1421/2742
f 1418/1418/2743 1419/1419/2743 1423/1423/2743
f 1418/1418/2744 1423/1423/2744 1422/1422/2744
f 1419/1419/2745 1420/1420/2745 1424/1424/2745
f 1419/1419/2746 1424/1424/2746 1423/1423/2746
f 1420/1420/2747 1417/1417/2747 1421/1421/2747
f 1420/1420/2748 1421/1421/2748 1424/1424/2748
f 1421/1421/2749 1422/1422/2749 1426/1426/2749
f 1421/1421/2750 1426/1426/2750 1425/1425/2750
f 1422/1422/2751 1423/1423/2751 1427/1427/2751
f 1422/1422/2752 1427/1427/2752 1426/1426/2752
f 1423/1423/2753 1424/1424/2753 1428/1428/2753
f 1423/1423/2754 1428/1428/2754 1427/1427/2754
f 1424/1424/2755 1421/1421/2755 1425/1425/2755
f 1424/1424/2756 1425/1425/2756 1428/1428/2756
f 1401/1401/2757 1403/1403/2757 1402/1402/2757
f 1401/1401/2758 1404/1404/2758 1403/1403/2758
f 1425/1425/2759 1426/1426/2759 1427/1427/2759
f 1425/1425/2760 1427/1427/2760 1428/1428/2760
f 1429/1429/2761 1430/1430/2761 1434/1434/2761
f 1429/1429/2762 1434/1434/2762 1433/1433/2762
f 1430/1430/2763 1431/1431/2763 1435/1435/2763
f 1430/1430/2764 1435/1435/2764 1434/1434/2764
f 1431/1431/2765 1432/1432/2765 1436/1436/2765
f 1431/1431/2766 1436/1436/2766 1435/1435/2766
f 1432/1432/2767 1429/1429/2767 1433/1433/2767
f 1432/1432/2768 1433/1433/2768 1436/1436/2768
f 1433/1433/2769 1434/1434/2769 1438/1438/2769
f 1433/1433/2770 1438/1438/2770 1437/1437/2770
f 1434/1434/2771 1435/1435/2771 1439/1439/2771
f 1434/1434/2772 1439/1439/2772 1438/1438/2772
f 1435/1435/2773 1436/1436/2773 1440/1440/2773
f 1435/1435/2774 1440/1440/2774 1439/1439/2774
f 1436/1436/2775 1433/1433/2775 1437/1437/2775
f 1436/1436/2776 1437/1437/2776 1440/1440/2776
f 1437/1437/2777 1438/1438/2777 1442/1442/2777
f 1437/1437/2778 1442/1442/2778 1441/1441/2778
f 1438/1438/2779 1439/1439/2779 1443/1443/2779
f 1438/1438/2780 1443/1443/2780 1442/1442/2780
f 1439/1439/2781 1440/1440/2781 1444/1444/2781
f 1439/1439/2782 1444/1444/2782 1443/1443/2782
f 1440/1440/2783 1437/1437/2783 1441/1441/2783
f 1440/1440/2784 1441/1441/2784 1444/1444/2784
f 1441/1441/2785 1442/1442/2785 1446/1446/2785
f 1441/1441/2786 1446/1446/2786 1445/1445/2786
f 1442/1442/2787 1443/1443/2787 1447/1447/2787
f 1442/1442/2788 1447/1447/2788 1446/1446/2788
f 1443/1443/2789 1444/1444/2789 1448/1448/2789
f 1443/1443/2790 1448/1448/2790 1447/1447/2790
f 1444/1444/2791 1441/1441/2791 1445/1445/2791
f 1444/1444/2792 1445/1445/2792 1448/1448/2792
f 1445/1445/2793 1446/1446/2793 1450/1450/2793
f 1445/1445/2794 1450/1450/2794 1449/1449/2794
f 1446/1446/2795 1447/1447/2795 1451/1451/2795
f 1446/1446/2796 1451/1451/2796 1450/1450/2796
f 1447/1447/2797 1448/1448/2797 1452/1452/2797
f 1447/1447/2798 1452/1452/2798 1451/1451/2798
f 1448/1448/2799 1445/1445/2799 1449/1449/2799
f 1448/1448/2800 1449/1449/2800 1452/1452/2800
f 1449/1449/2801 1450/1450/2801 1454/1454/2801
f 1449/1449/2802 1454/1454/2802 1453/1453/2802
f 1450/1450/2803 1451/1451/2803 1455/1455/2803
f 1450/1450/2804 1455/1455/2804 1454/1454/2804
f 1451/1451/2805 1452/1452/2805 1456/1456/2805
f 1451/1451/2806 1456/1456/2806 1455/1455/2806
f 1452/1452/2807 1449/1449/2807 1453/1453/2807
f 1452/1452/2808 1453/1453/2808 1456/1456/2808
f 1453/1453/2809 1454/1454/2809 1458/1458/2809
f 1453/1453/2810 1458/1458/2810 1457/1457/2810
f 1454/1454/2811 1455/1455/2811 1459/1459/2811
f 1454/1454/2812 1459/1459/2812 1458/1458/2812
f 1455/1455/2813 1456/1456/2813 1460/1460/2813
f 1455/1455/2814 1460/1460/2814 1459/1459/2814
f 1456/1456/2815 1453/1453/2815 1457/1457/2815
f 1456/1456/2816 1457/1457/2816 1460/1460/2816
f 1457/1457/2817 1458/1458/2817 1462/1462/2817
f 1457/1457/2818 1462/1462/2818 1461/1461/2818
f 1458/1458/2819 1459/1459/2819 1463/1463/2819
f 1458/1458/2820 1463/1463/2820 1462/1462/2820
f 1459/1459/2821 1460/1460/2821 1464/1464/2821
f 1459/1459/2822 1464/1464/2822 1463/1463/2822
f 1460/1460/2823 1457/1457/2823 1461/1461/2823
f 1460/1460/2824 1461/1461/2824 1464/1464/2824
f 1461/1461/2825 1462/1462/2825 1466/1466/2825
f 1461/1461/2826 1466/1466/2826 1465/1465/2826
f 1462/1462/2827 1463/1463/2827 1467/1467/2827
f 1462/1462/2828 1467/1467/2828 1466/1466/2828
f 1463/1463/2829 1464/1464/2829 1468/1468/2829
f 1463/1463/2830 1468/1468/2830 1467/1467/2830
f 1464/1464/2831 1461/1461/2831 1465/1465/2831
f 1464/1464/2832 1465/1465/2832 1468/1468/2832
f 1465/1465/2833 1466/1466/2833 1470/1470/2833
f 1465/1465/2834 1470/1470/2834 1469/1469/2834
f 1466/1466/2835 1467/1467/2835 1471/1471/2835
f 1466/1466/2836 1471/1471/2836 1470/1470/2836
f 1467/1467/2837 1468/1468/2837 1472/1472/2837
f 1467/1467/2838 1472/1472/2838 1471/1471/2838
f 1468/1468/2839 1465/1465/2839 1469/1469/2839
f 1468/1468/2840 1469/1469/2840 1472/1472/2840
f 1469/1469/2841 1470/1470/2841 1474/1474/2841
f 1469/1469/2842 1474/1474/2842 1473/1473/2842
f 1470/1470/2843 1471/1471/2843 1475/1475/2843
f 1470/1470/2844 1475/1475/2844 1474/1474/2844
f 1471/1471/2845 1472/1472/2845 1476/1476/2845
f 1471/1471/2846 1476/1476/2846 1475/1475/2846
f 1472/1472/2847 1469/1469/2847 1473/1473/2847
f 1472/1472/2848 1473/1473/2848 1476/1476/2848
f 1473/1473/2849 1474/1474/2849 1478/1478/2849
f 1473/1473/2850 1478/1478/2850 1477/1477/2850
f 1474/1474/2851 1475/1475/2851 1479/1479/2851
f 1474/1474/2852 1479/1479/2852 1478/1478/2852
f 1475/1475/2853 1476/1476/2853 1480/1480/2853
f 1475/1475/2854 1480/1480/2854 1479/1479/2854
f 1476/1476/2855 1473/1473/2855 1477/1477/2855
f 1476/1476/2856 1477/1477/2856 1480/1480/2856
f 1429/1429/2857 1431/1431/2857 1430/1430/2857
f 1429/1429/2858 1432/1432/2858 1431/1431/2858
f 1477/1477/2859 1478/1478/2859 1479/1479/2859
f 1477/1477/2860 1479/1479/2860 1480/1480/2860
f 1481/1481/2861 1482/1482/2861 1486/1486/2861
f 1481/1481/2862 1486/1486/2862 1485/1485/2862
f 1482/1482/2863 1483/1483/2863 1487/1487/2863
f 1482/1482/2864 1487/1487/2864 1486/1486/2864
f 1483/1483/2865 1484/1484/2865 1488/1488/2865
f 1483/1483/2866 1488/1488/2866 1487/1487/2866
f 1484/1484/2867 1481/1481/2867 1485/1485/2867
f 1484/1484/2868 1485/1485/2868 1488/1488/2868
f 1485/1485/2869 1486/1486/2869 1490/1490/2869
f 1485/1485/2870 1490/1490/2870 1489/1489/2870
f 1486/1486/2871 1487/1487/2871 1491/1491/2871
f 1486/1486/2872 1491/1491/2872 1490/1490/2872
f 1487/1487/2873 1488/1488/2873 1492/1492/2873
f 1487/1487/2874 1492/1492/2874 1491/1491/2874
f 1488/1488/2875 1485/1485/2875 1489/1489/2875
f 1488/1488/2876 1489/1489/2876 1492/1492/2876
f 1489/1489/2877 1490/1490/2877 1494/1494/2877
f 1489/1489/2878 1494/1494/2878 1493/1493/2878
f 1490/1490/2879 1491/1491/2879 1495/1495/2879
f 1490/1490/2880 1495/1495/2880 1494/1494/2880
f 1491/1491/2881 1492/1492/2881 1496/1496/2881
f 1491/1491/2882 1496/1496/2882 1495/1495/2882
f 1492/1492/2883 1489/1489/2883 1493/1493/2883
f 1492/1492/2884 1493/1493/2884 1496/1496/2884
f 1493/1493/2885 1494/1494/2885 1498/1498/2885
f 1493/1493/2886 1498/1498/2886 1497/1497/2886
f 1494/1494/2887 1495/1495/2887 1499/1499/2887
f 1494/1494/2888 1499/1499/2888 1498/1498/2888
f 1495/1495/2889 1496/1496/2889 1500/1500/2889
f 1495/1495/2890 1500/1500/2890 1499/1499/2890
f 1496/1496/2891 1493/1493/2891 1497/1497/2891
f 1496/1496/2892 1497/1497/2892 1500/1500/2892
f 1497/1497/2893 1498/1498/2893 1502/1502/2893
f 1497/1497/2894 1502/1502/2894 1501/1501/2894
f 1498/1498/2895 1499/1499/2895 1503/1503/2895
f 1498/1498/2896 1503/1503/2896 1502/1502/2896
f 1499/1499/2897 1500/1500/2897 1504/1504/2897
f 1499/1499/2898 1504/1504/2898 1503/1503/2898
f 1500/1500/2899 1497/1497/2899 1501/1501/2899
f 1500/1500/2900 1501/1501/2900 1504/1504/2900
f 1501/1501/2901 1502/1502/2901 1506/1506/2901
f 1501/1501/2902 1506/1506/2902 1505/1505/2902
f 1502/1502/2903 1503/1503/2903 1507/1507/2903
f 1502/1502/2904 1507/1507/2904 1506/1506/2904
f 1503/1503/2905 1504/1504/2905 1508/1508/2905
f 1503/1503/2906 1508/1508/2906 1507/1507/2906
f 1504/1504/2907 1501/1501/2907 1505/1505/2907
f 1504/1504/2908 1505/1505/2908 1508/1508/2908
f 1481/1481/2909 1483/1483/2909 1482/1482/2909
f 1481/1481/2910 1484/1484/2910 1483/1483/2910
f 1505/1505/2911 1506/1506/2911 1507/1507/2911
f 1505/1505/2912 1507/1507/2912 1508/1508/2912
f 1509/1509/2913 1510/1510/2913 1514/1514/2913
f 1509/1509/2914 1514/1514/2914 1513/1513/2914
f 1510/1510/2915 1511/1511/2915 1515/1515/2915
f 1510/1510/2916 1515/1515/2916 1514/1514/2916
f 1511/1511/2917 1512/1512/2917 1516/1516/2917
f 1511/1511/2918 1516/1516/2918 1515/1515/2918
f 1512/1512/2919 1509/1509/2919 1513/1513/2919
f 1512/1512/2920 1513/1513/2920 1516/1516/2920
f 1513/1513/2921 1514/1514/2921 1518/1518/2921
f 1513/1513/2922 1518/1518/2922 1517/1517/2922
f 1514/1514/2923 1515/1515/2923 1519/1519/2923
f 1514/1514/2924 1519/1519/2924 1518/1518/2924
f 1515/1515/2925 1516/1516/2925 1520/1520/2925
f 1515/1515/2926 1520/1520/2926 1519/1519/2926
f 1516/1516/2927 1513/1513/2927 1517/1517/2927
f 1516/1516/2928 1517/1517/2928 1520/1520/2928
f 1517/1517/2929 1518/1518/2929 1522/1522/2929
f 1517/1517/2930 1522/1522/2930 1521/1521/2930
f 1518/1518/2931 1519/1519/2931 1523/1523/2931
f 1518/1518/2932 1523/1523/2932 1522/1522/2932
f 1519/1519/2933 1520/1520/2933 1524/1524/2933
f 1519/1519/2934 1524/1524/2934 1523/1523/2934
f 1520/1520/2935 1517/1517/2935 1521/1521/2935
f 1520/1520/2936 1521/1521/2936 1524/1524/2936
f 1521/1521/2937 1522/1522/2937 1526/1526/2937
f 1521/1521/2938 1526/1526/2938 1525/1525/2938
f 1522/1522/2939 1523/1523/2939 1527/1527/2939
f 1522/1522/2940 1527/1527/2940 1526/1526/2940
f 1523/1523/2941 1524/1524/2941 1528/1528/2941
f 1523/1523/2942 1528/1528/2942 1527/1527/2942
f 1524/1524/2943 1521/1521/2943 1525/1525/2943
f 1524/1524/2944 1525/1525/2944 1528/1528/2944
f 1525/1525/2945 1526/1526/2945 1530/1530/2945
f 1525/1525/2946 1530/1530/2946 1529/1529/2946
f 1526/1526/2947 1527/1527/2947 1531/1531/2947
f 1526/1526/2948 1531/1531/2948 1530/1530/2948
f 1527/1527/2949 1528/1528/2949 1532/1532/2949
f 1527/1527/2950 1532/1532/2950 1531/1531/2950
f 1528/1528/2951 1525/1525/2951 1529/1529/2951
f 1528/1528/2952 1529/1529/2952 1532/1532/2952
f 1529/1529/2953 1530/1530/2953 1534/1534/2953
f 1529/1529/2954 1534/1534/2954 1533/1533/2954
f 1530/1530/2955 1531/1531/2955 1535/1535/2955
f 1530/1530/2956 1535/1535/2956 1534/1534/2956
f 1531/1531/2957 1532/1532/2957 1536/1536/2957
f 1531/1531/2958 1536/1536/2958 1535/1535/2958
f 1532/1532/2959 1529/1529/2959 1533/1533/2959
f 1532/1532/2960 1533/1533/2960 1536/1536/2960
f 1509/1509/2961 1511/1511/2961 1510/1510/2961
f 1509/1509/2962 1512/1512/2962 1511/1511/2962
f 1533/1533/2963 1534/1534/2963 1535/1535/2963
f 1533/1533/2964 1535/1535/2964 1536/1536/2964
f 1537/1537/2965 1538/1538/2965 1542/1542/2965
f 1537/1537/2966 1542/1542/2966 1541/1541/2966
f 1538/1538/2967 1539/1539/2967 1543/1543/2967
f 1538/1538/2968 1543/1543/2968 1542/1542/2968
f 1539/1539/2969 1540/1540/2969 1544/1544/2969
f 1539/1539/2970 1544/1544/2970 1543/1543/2970
f 1540/1540/2971 1537/1537/2971 1541/1541/2971
f 1540/1540/2972 1541/1541/2972 1544/1544/2972
f 1541/1541/2973 1542/1542/2973 1546/1546/2973
f 1541/1541/2974 1546/1546/2974 1545/1545/2974
f 1542/1542/2975 1543/1543/2975 1547/1547/2975
f 1542/1542/2976 1547/1547/2976 1546/1546/2976
f 1543/1543/2977 1544/1544/2977 1548/1548/2977
f 1543/1543/2978 1548/1548/2978 1547/1547/2978
f 1544/1544/2979 1541/1541/2979 1545/1545/2979
f 1544/1544/2980 1545/1545/2980 1548/1548/2980
f 1545/1545/2981 1546/1546/2981 1550/1550/2981
f 1545/1545/2982 1550/1550/2982 1549/1549/2982
f 1546/1546/2983 1547/1547/2983 1551/1551/2983
f 1546/1546/2984 1551/1551/2984 1550/1550/2984
f 1547/1547/2985 1548/1548/2985 1552/1552/2985
f 1547/1547/2986 1552/1552/2986 1551/1551/2986
f 1548/1548/2987 1545/1545/2987 1549/1549/2987
f 1548/1548/2988 1549/1549/2988 1552/1552/2988
f 1549/1549/2989 1550/1550/2989 1554/1554/2989
f 1549/1549/2990 1554/1554/2990 1553/1553/2990
f 1550/1550/2991 1551/1551/2991 1555/1555/2991
f 1550/1550/2992 1555/1555/2992 1554/1554/2992
f 1551/1551/2993 1552/1552/2993 1556/1556/2993
f 1551/1551/2994 1556/1556/2994 1555/1555/2994
f 1552/1552/2995 1549/1549/2995 1553/1553/2995
f 1552/1552/2996 1553/1553/2996 1556/1556/2996
f 1553/1553/2997 1554/1554/2997 1558/1558/2997
f 1553/1553/2998 1558/1558/2998 1557/1557/2998
f 1554/1554/2999 1555/1555/2999 1559/1559/2999
f 1554/1554/3000 1559/1559/3000 1558/1558/3000
f 1555/1555/3001 1556/1556/3001 1560/1560/3001
f 1555/1555/3002 1560/1560/3002 1559/1559/3002
f 1556/1556/3003 1553/1553/3003 1557/1557/3003
f 1556/1556/3004 1557/1557/3004 1560/1560/3004
f 1557/1557/3005 1558/1558/3005 1562/1562/3005
f 1557/1557/3006 1562/1562/3006 1561/1561/3006
f 1558/1558/3007 1559/1559/3007 1563/1563/3007
f 1558/1558/3008 1563/1563/3008 1562/1562/3008
f 1559/1559/3009 1560/1560/3009 1564/1564/3009
f 1559/1559/3010 1564/1564/3010 1563/1563/3010
f 1560/1560/3011 1557/1557/3011 1561/1561/3011
f 1560/1560/3012 1561/1561/3012 1564/1564/3012
f 1561/1561/3013 1562/1562/3013 1566/1566/3013
f 1561/1561/3014 1566/1566/3014 1565/1565/3014
f 1562/1562/3015 1563/1563/3015 1567/1567/3015
f 1562/1562/3016 1567/1567/3016 1566/1566/3016
f 1563/1563/3017 1564/1564/3017 1568/1568/3017
f 1563/1563/3018 1568/1568/3018 1567/1567/3018
f 1564/1564/3019 1561/1561/3019 1565/1565/3019
f 1564/1564/3020 1565/1565/3020 1568/1568/3020
f 1565/1565/3021 1566/1566/3021 1570/1570/3021
f 1565/1565/3022 1570/1570/3022 1569/1569/3022
f 1566/1566/3023 1567/1567/3023 1571/1571/3023
f 1566/1566/3024 1571/1571/3024 1570/1570/3024
f 1567/1567/3025 1568/1568/3025 1572/1572/3025
f 1567/1567/3026 1572/1572/3026 1571/1571/3026
f 1568/1568/3027 1565/1565/3027 1569/1569/3027
f 1568/1568/3028 1569/1569/3028 1572/1572/3028
f 1569/1569/3029 1570/1570/3029 1574/1574/3029
f 1569/1569/3030 1574/1574/3030 1573/1573/3030
f 1570/1570/3031 1571/1571/3031 1575/1575/3031
f 1570/1570/3032 1575/1575/3032 1574/1574/3032
f 1571/1571/3033 1572/1572/3033 1576/1576/3033
f 1571/1571/3034 1576/1576/3034 1575/1575/3034
f 1572/1572/3035 1569/1569/3035 1573/1573/3035
f 1572/1572/3036 1573/1573/3036 1576/1576/3036
f 1573/1573/3037 1574/1574/3037 1578/1578/3037
f 1573/1573/3038 1578/1578/3038 1577/1577/3038
f 1574/1574/3039 1575/1575/3039 1579/1579/3039
f 1574/1574/3040 1579/1579/3040 1578/1578/3040
f 1575/1575/3041 1576/1576/3041 1580/1580/3041
f 1575/1575/3042 1580/1580/3042 1579/1579/3042
f 1576/1576/3043 1573/1573/3043 1577/1577/3043
f 1576/1576/3044 1577/1577/3044 1580/1580/3044
f 1577/1577/3045 1578/1578/3045 1582/1582/3045
f 1577/1577/3046 1582/1582/3046 1581/1581/3046
f 1578/1578/3047 1579/1579/3047 1583/1583/3047
f 1578/1578/3048 1583/1583/3048 1582/1582/3048
f 1579/1579/3049 1580/1580/3049 1584/1584/3049
f 1579/1579/3050 1584/1584/3050 1583/1583/3050
f 1580/1580/3051 1577/1577/3051 1581/1581/3051
f 1580/1580/3052 1581/1581/3052 1584/1584/3052
f 1581/1581/3053 1582/1582/3053 1586/1586/3053
f 1581/1581/3054 1586/1586/3054 1585/1585/3054
f 1582/1582/3055 1583/1583/3055 1587/1587/3055
f 1582/1582/3056 1587/1587/3056 1586/1586/3056
f 1583/1583/3057 1584/1584/3057 1588/1588/3057
f 1583/1583/3058 1588/1588/3058 1587/1587/3058
f 1584/1584/3059 1581/1581/3059 1585/1585/3059
f 1584/1584/3060 1585/1585/3060 1588/1588/3060
f 1537/1537/3061 1539/1539/3061 1538/1538/3061
f 1537/1537/3062 1540/1540/3062 1539/1539/3062
f 1585/1585/3063 1586/1586/3063 1587/1587/3063
f 1585/1585/3064 1587/1587/3064 1588/1588/3064
f 1589/1589/3065 1590/1590/3065 1594/1594/3065
f 1589/1589/3066 1594/1594/3066 1593/1593/3066
f 1590/1590/3067 1591/1591/3067 1595/1595/3067
f 1590/1590/3068 1595/1595/3068 1594/1594/3068
f 1591/1591/3069 1592/1592/3069 1596/1596/3069
f 1591/1591/3070 1596/1596/3070 1595/1595/3070
f 1592/1592/3071 1589/1589/3071 1593/1593/3071
f 1592/1592/3072 1593/1593/3072 1596/1596/3072
f 1593/1593/3073 1594/1594/3073 1598/1598/3073
f 1593/1593/3074 1598/1598/3074 1597/1597/3074
f 1594/1594/3075 1595/1595/3075 1599/1599/3075
f 1594/1594/3076 1599/1599/3076 1598/1598/3076
f 1595/1595/3077 1596/1596/3077 1600/1600/3077
f 1595/1595/3078 1600/1600/3078 1599/1599/3078
f 1596/1596/3079 1593/1593/3079 1597/1597/3079
f 1596/1596/3080 1597/1597/3080 1600/1600/3080
f 1597/1597/3081 1598/1598/3081 1602/1602/3081
f 1597/1597/3082 1602/1602/3082 1601/1601/3082
f 1598/1598/3083 1599/1599/3083 1603/1603/3083
f 1598/1598/3084 1603/1603/3084 1602/1602/3084
f 1599/1599/3085 1600/1600/3085 1604/1604/3085
f 1599/1599/3086 1604/1604/3086 1603/1603/3086
f 1600/1600/3087 1597/1597/3087 1601/1601/3087
f 1600/1600/3088 1601/1601/3088 1604/1604/3088
f 1601/1601/3089 1602/1602/3089 1606/1606/3089
f 1601/1601/3090 1606/1606/3090 1605/1605/3090
f 1602/1602/3091 1603/1603/3091 1607/1607/3091
f 1602/1602/3092 1607/1607/3092 1606/1606/3092
f 1603/1603/3093 1604/1604/3093 1608/1608/3093
f 1603/1603/3094 1608/1608/3094 1607/1607/3094
f 1604/1604/3095 1601/1601/3095 1605/1605/3095
f 1604/1604/3096 1605/1605/3096 1608/1608/3096
f 1605/1605/3097 1606/1606/3097 1610/1610/3097
f 1605/1605/3098 1610/1610/3098 1609/1609/3098
f 1606/1606/3099 1607/1607/3099 1611/1611/3099
f 1606/1606/3100 1611/1611/3100 1610/1610/3100
f 1607/1607/3101 1608/1608/3101 1612/1612/3101
f 1607/1607/3102 1612/1612/3102 1611/1611/3102
f 1608/1608/3103 1605/1605/3103 1609/1609/3103
f 1608/1608/3104 1609/1609/3104 1612/1612/3104
f 1609/1609/3105 1610/1610/3105 1614/1614/3105
f 1609/1609/3106 1614/1614/3106 1613/1613/3106
f 1610/1610/3107 1611/1611/3107 1615/1615/3107
f 1610/1610/3108 1615/1615/3108 1614/1614/3108
f 1611/1611/3109 1612/1612/3109 1616/1616/3109
f 1611/1611/3110 1616/1616/3110 1615/1615/3110
f 1612/1612/3111 1609/1609/3111 1613/1613/3111
f 1612/1612/3112 1613/1613/3112 1616/1616/3112
f 1589/1589/3113 1591/1591/3113 1590/1590/3113
f 1589/1589/3114 1592/1592/3114 1591/1591/3114
f 1613/1613/3115 1614/1614/3115 1615/1615/3115
f 1613/1613/3116 1615/1615/3116 1616/1616/3116
f 1617/1617/3117 1618/1618/3117 1622/1622/3117
f 1617/1617/3118 1622/1622/3118 1621/1621/3118
f 1618/1618/3119 1619/1619/3119 1623/1623/3119
f 1618/1618/3120 1623/1623/3120 1622/1622/3120
f 1619/1619/3121 1620/1620/3121 1624/1624/3121
f 1619/1619/3122 1624/1624/3122 1623/1623/3122
f 1620/1620/3123 1617/1617/3123 1621/1621/3123
f 1620/1620/3124 1621/1621/3124 1624/1624/3124
f 1621/1621/3125 1622/1622/3125 1626/1626/3125
f 1621/1621/3126 1626/1626/3126 1625/1625/3126
f 1622/1622/3127 1623/1623/3127 1627/1627/3127
f 1622/1622/3128 1627/1627/3128 1626/1626/3128
f 1623/1623/3129 1624/1624/3129 1628/1628/3129
f 1623/1623/3130 1628/1628/3130 1627/1627/3130
f 1624/1624/3131 1621/1621/3131 1625/1625/3131
f 1624/1624/3132 1625/1625/3132 1628/1628/3132
f 1625/1625/3133 1626/1626/3133 1630/1630/3133
f 1625/1625/3134 1630/1630/3134 1629/1629/3134
f 1626/1626/3135 1627/1627/3135 1631/1631/3135
f 1626/1626/3136 1631/1631/3136 1630/1630/3136
f 1627/1627/3137 1628/1628/3137 1632/1632/3137
f 1627/1627/3138 1632/1632/3138 1631/1631/3138
f 1628/1628/3139 1625/1625/3139 1629/1629/3139
f 1628/1628/3140 1629/1629/3140 1632/1632/3140
f 1629/1629/3141 1630/1630/3141 1634/1634/3141
f 1629/1629/3142 1634/1634/3142 1633/1633/3142
f 1630/1630/3143 1631/1631/3143 1635/1635/3143
f 1630/1630/3144 1635/1635/3144 1634/1634/3144
f 1631/1631/3145 1632/1632/3145 1636/1636/3145
f 1631/1631/3146 1636/1636/3146 1635/1635/3146
f 1632/1632/3147 1629/1629/3147 1633/1633/3147
f 1632/1632/3148 1633/1633/3148 1636/1636/3148
f 1633/1633/3149 1634/1634/3149 1638/1638/3149
f 1633/1633/3150 1638/1638/3150 1637/1637/3150
f 1634/1634/3151 1635/1635/3151 1639/1639/3151
f 1634/1634/3152 1639/1639/3152 1638/1638/3152
f 1635/1635/3153 1636/1636/3153 1640/1640/3153
f 1635/1635/3154 1640/1640/3154 1639/1639/3154
f 1636/1636/3155 1633/1633/3155 1637/1637/3155
f 1636/1636/3156 1637/1637/3156 1640/1640/3156
f 1637/1637/3157 1638/1638/3157 1642/1642/3157
f 1637/1637/3158 1642/1642/3158 1641/1641/3158
f 1638/1638/3159 1639/1639/3159 1643/1643/3159
f 1638/1638/3160 1643/1643/3160 1642/1642/3160
f 1639/1639/3161 1640/1640/3161 1644/1644/3161
f 1639/1639/3162 1644/1644/3162 1643/1643/3162
f 1640/1640/3163 1637/1637/3163 1641/1641/3163
f 1640/1640/3164 1641/1641/3164 1644/1644/3164
f 1617/1617/3165 1619/1619/3165 1618/1618/3165
f 1617/1617/3166 1620/1620/3166 1619/1619/3166
f 1641/1641/3167 1642/1642/3167 1643/1643/3167
f 1641/1641/3168 1643/1643/3168 1644/1644/3168
