# Original field candidate; centimeters +X forward +Z up
mtllib FieldPalette.mtl
o SM_GravityFieldCandidate
usemtl M_GravityFieldCandidate
v 0.000000000 100.000000000 0.000000000
v -0.400000000 99.600000000 0.000000000
v -0.000000000 99.200000000 0.000000000
v 0.400000000 99.600000000 0.000000000
v 0.000000000 99.518472667 9.801714033
v -0.400000000 99.120398777 9.762507177
v -0.000000000 98.722324886 9.723300321
v 0.400000000 99.120398777 9.762507177
v 0.000000000 98.078528040 19.509032202
v -0.400000000 97.686213928 19.430996073
v -0.000000000 97.293899816 19.352959944
v 0.400000000 97.686213928 19.430996073
v 0.000000000 95.694033573 29.028467725
v -0.400000000 95.311257439 28.912353855
v -0.000000000 94.928481305 28.796239984
v 0.400000000 95.311257439 28.912353855
v 0.000000000 92.387953251 38.268343237
v -0.400000000 92.018401438 38.115269864
v -0.000000000 91.648849625 37.962196491
v 0.400000000 92.018401438 38.115269864
v 0.000000000 88.192126435 47.139673683
v -0.400000000 87.839357929 46.951114988
v -0.000000000 87.486589423 46.762556293
v 0.400000000 87.839357929 46.951114988
v 0.000000000 83.146961230 55.557023302
v -0.400000000 82.814373385 55.334795209
v -0.000000000 82.481785540 55.112567116
v 0.400000000 82.814373385 55.334795209
v 0.000000000 77.301045336 63.439328416
v -0.400000000 76.991841155 63.185571103
v -0.000000000 76.682636974 62.931813789
v 0.400000000 76.991841155 63.185571103
v 0.000000000 70.710678119 70.710678119
v -0.400000000 70.427835406 70.427835406
v -0.000000000 70.144992694 70.144992694
v 0.400000000 70.427835406 70.427835406
v 0.000000000 63.439328416 77.301045336
v -0.400000000 63.185571103 76.991841155
v -0.000000000 62.931813789 76.682636974
v 0.400000000 63.185571103 76.991841155
v 0.000000000 55.557023302 83.146961230
v -0.400000000 55.334795209 82.814373385
v -0.000000000 55.112567116 82.481785540
v 0.400000000 55.334795209 82.814373385
v 0.000000000 47.139673683 88.192126435
v -0.400000000 46.951114988 87.839357929
v -0.000000000 46.762556293 87.486589423
v 0.400000000 46.951114988 87.839357929
v 0.000000000 38.268343237 92.387953251
v -0.400000000 38.115269864 92.018401438
v -0.000000000 37.962196491 91.648849625
v 0.400000000 38.115269864 92.018401438
v 0.000000000 29.028467725 95.694033573
v -0.400000000 28.912353855 95.311257439
v -0.000000000 28.796239984 94.928481305
v 0.400000000 28.912353855 95.311257439
v 0.000000000 19.509032202 98.078528040
v -0.400000000 19.430996073 97.686213928
v -0.000000000 19.352959944 97.293899816
v 0.400000000 19.430996073 97.686213928
v 0.000000000 9.801714033 99.518472667
v -0.400000000 9.762507177 99.120398777
v -0.000000000 9.723300321 98.722324886
v 0.400000000 9.762507177 99.120398777
v 0.000000000 0.000000000 100.000000000
v -0.400000000 0.000000000 99.600000000
v -0.000000000 0.000000000 99.200000000
v 0.400000000 0.000000000 99.600000000
v 0.000000000 -9.801714033 99.518472667
v -0.400000000 -9.762507177 99.120398777
v -0.000000000 -9.723300321 98.722324886
v 0.400000000 -9.762507177 99.120398777
v 0.000000000 -19.509032202 98.078528040
v -0.400000000 -19.430996073 97.686213928
v -0.000000000 -19.352959944 97.293899816
v 0.400000000 -19.430996073 97.686213928
v 0.000000000 -29.028467725 95.694033573
v -0.400000000 -28.912353855 95.311257439
v -0.000000000 -28.796239984 94.928481305
v 0.400000000 -28.912353855 95.311257439
v 0.000000000 -38.268343237 92.387953251
v -0.400000000 -38.115269864 92.018401438
v -0.000000000 -37.962196491 91.648849625
v 0.400000000 -38.115269864 92.018401438
v 0.000000000 -47.139673683 88.192126435
v -0.400000000 -46.951114988 87.839357929
v -0.000000000 -46.762556293 87.486589423
v 0.400000000 -46.951114988 87.839357929
v 0.000000000 -55.557023302 83.146961230
v -0.400000000 -55.334795209 82.814373385
v -0.000000000 -55.112567116 82.481785540
v 0.400000000 -55.334795209 82.814373385
v 0.000000000 -63.439328416 77.301045336
v -0.400000000 -63.185571103 76.991841155
v -0.000000000 -62.931813789 76.682636974
v 0.400000000 -63.185571103 76.991841155
v 0.000000000 -70.710678119 70.710678119
v -0.400000000 -70.427835406 70.427835406
v -0.000000000 -70.144992694 70.144992694
v 0.400000000 -70.427835406 70.427835406
v 0.000000000 -77.301045336 63.439328416
v -0.400000000 -76.991841155 63.185571103
v -0.000000000 -76.682636974 62.931813789
v 0.400000000 -76.991841155 63.185571103
v 0.000000000 -83.146961230 55.557023302
v -0.400000000 -82.814373385 55.334795209
v -0.000000000 -82.481785540 55.112567116
v 0.400000000 -82.814373385 55.334795209
v 0.000000000 -88.192126435 47.139673683
v -0.400000000 -87.839357929 46.951114988
v -0.000000000 -87.486589423 46.762556293
v 0.400000000 -87.839357929 46.951114988
v 0.000000000 -92.387953251 38.268343237
v -0.400000000 -92.018401438 38.115269864
v -0.000000000 -91.648849625 37.962196491
v 0.400000000 -92.018401438 38.115269864
v 0.000000000 -95.694033573 29.028467725
v -0.400000000 -95.311257439 28.912353855
v -0.000000000 -94.928481305 28.796239984
v 0.400000000 -95.311257439 28.912353855
v 0.000000000 -98.078528040 19.509032202
v -0.400000000 -97.686213928 19.430996073
v -0.000000000 -97.293899816 19.352959944
v 0.400000000 -97.686213928 19.430996073
v 0.000000000 -99.518472667 9.801714033
v -0.400000000 -99.120398777 9.762507177
v -0.000000000 -98.722324886 9.723300321
v 0.400000000 -99.120398777 9.762507177
v 0.000000000 -100.000000000 0.000000000
v -0.400000000 -99.600000000 0.000000000
v -0.000000000 -99.200000000 0.000000000
v 0.400000000 -99.600000000 0.000000000
v 0.000000000 -99.518472667 -9.801714033
v -0.400000000 -99.120398777 -9.762507177
v -0.000000000 -98.722324886 -9.723300321
v 0.400000000 -99.120398777 -9.762507177
v 0.000000000 -98.078528040 -19.509032202
v -0.400000000 -97.686213928 -19.430996073
v -0.000000000 -97.293899816 -19.352959944
v 0.400000000 -97.686213928 -19.430996073
v 0.000000000 -95.694033573 -29.028467725
v -0.400000000 -95.311257439 -28.912353855
v -0.000000000 -94.928481305 -28.796239984
v 0.400000000 -95.311257439 -28.912353855
v 0.000000000 -92.387953251 -38.268343237
v -0.400000000 -92.018401438 -38.115269864
v -0.000000000 -91.648849625 -37.962196491
v 0.400000000 -92.018401438 -38.115269864
v 0.000000000 -88.192126435 -47.139673683
v -0.400000000 -87.839357929 -46.951114988
v -0.000000000 -87.486589423 -46.762556293
v 0.400000000 -87.839357929 -46.951114988
v 0.000000000 -83.146961230 -55.557023302
v -0.400000000 -82.814373385 -55.334795209
v -0.000000000 -82.481785540 -55.112567116
v 0.400000000 -82.814373385 -55.334795209
v 0.000000000 -77.301045336 -63.439328416
v -0.400000000 -76.991841155 -63.185571103
v -0.000000000 -76.682636974 -62.931813789
v 0.400000000 -76.991841155 -63.185571103
v 0.000000000 -70.710678119 -70.710678119
v -0.400000000 -70.427835406 -70.427835406
v -0.000000000 -70.144992694 -70.144992694
v 0.400000000 -70.427835406 -70.427835406
v 0.000000000 -63.439328416 -77.301045336
v -0.400000000 -63.185571103 -76.991841155
v -0.000000000 -62.931813789 -76.682636974
v 0.400000000 -63.185571103 -76.991841155
v 0.000000000 -55.557023302 -83.146961230
v -0.400000000 -55.334795209 -82.814373385
v -0.000000000 -55.112567116 -82.481785540
v 0.400000000 -55.334795209 -82.814373385
v 0.000000000 -47.139673683 -88.192126435
v -0.400000000 -46.951114988 -87.839357929
v -0.000000000 -46.762556293 -87.486589423
v 0.400000000 -46.951114988 -87.839357929
v 0.000000000 -38.268343237 -92.387953251
v -0.400000000 -38.115269864 -92.018401438
v -0.000000000 -37.962196491 -91.648849625
v 0.400000000 -38.115269864 -92.018401438
v 0.000000000 -29.028467725 -95.694033573
v -0.400000000 -28.912353855 -95.311257439
v -0.000000000 -28.796239984 -94.928481305
v 0.400000000 -28.912353855 -95.311257439
v 0.000000000 -19.509032202 -98.078528040
v -0.400000000 -19.430996073 -97.686213928
v -0.000000000 -19.352959944 -97.293899816
v 0.400000000 -19.430996073 -97.686213928
v 0.000000000 -9.801714033 -99.518472667
v -0.400000000 -9.762507177 -99.120398777
v -0.000000000 -9.723300321 -98.722324886
v 0.400000000 -9.762507177 -99.120398777
v 0.000000000 -0.000000000 -100.000000000
v -0.400000000 -0.000000000 -99.600000000
v -0.000000000 -0.000000000 -99.200000000
v 0.400000000 -0.000000000 -99.600000000
v 0.000000000 9.801714033 -99.518472667
v -0.400000000 9.762507177 -99.120398777
v -0.000000000 9.723300321 -98.722324886
v 0.400000000 9.762507177 -99.120398777
v 0.000000000 19.509032202 -98.078528040
v -0.400000000 19.430996073 -97.686213928
v -0.000000000 19.352959944 -97.293899816
v 0.400000000 19.430996073 -97.686213928
v 0.000000000 29.028467725 -95.694033573
v -0.400000000 28.912353855 -95.311257439
v -0.000000000 28.796239984 -94.928481305
v 0.400000000 28.912353855 -95.311257439
v 0.000000000 38.268343237 -92.387953251
v -0.400000000 38.115269864 -92.018401438
v -0.000000000 37.962196491 -91.648849625
v 0.400000000 38.115269864 -92.018401438
v 0.000000000 47.139673683 -88.192126435
v -0.400000000 46.951114988 -87.839357929
v -0.000000000 46.762556293 -87.486589423
v 0.400000000 46.951114988 -87.839357929
v 0.000000000 55.557023302 -83.146961230
v -0.400000000 55.334795209 -82.814373385
v -0.000000000 55.112567116 -82.481785540
v 0.400000000 55.334795209 -82.814373385
v 0.000000000 63.439328416 -77.301045336
v -0.400000000 63.185571103 -76.991841155
v -0.000000000 62.931813789 -76.682636974
v 0.400000000 63.185571103 -76.991841155
v 0.000000000 70.710678119 -70.710678119
v -0.400000000 70.427835406 -70.427835406
v -0.000000000 70.144992694 -70.144992694
v 0.400000000 70.427835406 -70.427835406
v 0.000000000 77.301045336 -63.439328416
v -0.400000000 76.991841155 -63.185571103
v -0.000000000 76.682636974 -62.931813789
v 0.400000000 76.991841155 -63.185571103
v 0.000000000 83.146961230 -55.557023302
v -0.400000000 82.814373385 -55.334795209
v -0.000000000 82.481785540 -55.112567116
v 0.400000000 82.814373385 -55.334795209
v 0.000000000 88.192126435 -47.139673683
v -0.400000000 87.839357929 -46.951114988
v -0.000000000 87.486589423 -46.762556293
v 0.400000000 87.839357929 -46.951114988
v 0.000000000 92.387953251 -38.268343237
v -0.400000000 92.018401438 -38.115269864
v -0.000000000 91.648849625 -37.962196491
v 0.400000000 92.018401438 -38.115269864
v 0.000000000 95.694033573 -29.028467725
v -0.400000000 95.311257439 -28.912353855
v -0.000000000 94.928481305 -28.796239984
v 0.400000000 95.311257439 -28.912353855
v 0.000000000 98.078528040 -19.509032202
v -0.400000000 97.686213928 -19.430996073
v -0.000000000 97.293899816 -19.352959944
v 0.400000000 97.686213928 -19.430996073
v 0.000000000 99.518472667 -9.801714033
v -0.400000000 99.120398777 -9.762507177
v -0.000000000 98.722324886 -9.723300321
v 0.400000000 99.120398777 -9.762507177
v 0.000000000 100.000000000 -0.000000000
v -0.400000000 99.600000000 -0.000000000
v -0.000000000 99.200000000 -0.000000000
v 0.400000000 99.600000000 -0.000000000
v 0.000000000 0.000000000 100.000000000
v 0.000000000 -0.400000000 99.600000000
v 0.000000000 -0.000000000 99.200000000
v 0.000000000 0.400000000 99.600000000
v 9.801714033 0.000000000 99.518472667
v 9.762507177 -0.400000000 99.120398777
v 9.723300321 -0.000000000 98.722324886
v 9.762507177 0.400000000 99.120398777
v 19.509032202 0.000000000 98.078528040
v 19.430996073 -0.400000000 97.686213928
v 19.352959944 -0.000000000 97.293899816
v 19.430996073 0.400000000 97.686213928
v 29.028467725 0.000000000 95.694033573
v 28.912353855 -0.400000000 95.311257439
v 28.796239984 -0.000000000 94.928481305
v 28.912353855 0.400000000 95.311257439
v 38.268343237 0.000000000 92.387953251
v 38.115269864 -0.400000000 92.018401438
v 37.962196491 -0.000000000 91.648849625
v 38.115269864 0.400000000 92.018401438
v 47.139673683 0.000000000 88.192126435
v 46.951114988 -0.400000000 87.839357929
v 46.762556293 -0.000000000 87.486589423
v 46.951114988 0.400000000 87.839357929
v 55.557023302 0.000000000 83.146961230
v 55.334795209 -0.400000000 82.814373385
v 55.112567116 -0.000000000 82.481785540
v 55.334795209 0.400000000 82.814373385
v 63.439328416 0.000000000 77.301045336
v 63.185571103 -0.400000000 76.991841155
v 62.931813789 -0.000000000 76.682636974
v 63.185571103 0.400000000 76.991841155
v 70.710678119 0.000000000 70.710678119
v 70.427835406 -0.400000000 70.427835406
v 70.144992694 -0.000000000 70.144992694
v 70.427835406 0.400000000 70.427835406
v 77.301045336 0.000000000 63.439328416
v 76.991841155 -0.400000000 63.185571103
v 76.682636974 -0.000000000 62.931813789
v 76.991841155 0.400000000 63.185571103
v 83.146961230 0.000000000 55.557023302
v 82.814373385 -0.400000000 55.334795209
v 82.481785540 -0.000000000 55.112567116
v 82.814373385 0.400000000 55.334795209
v 88.192126435 0.000000000 47.139673683
v 87.839357929 -0.400000000 46.951114988
v 87.486589423 -0.000000000 46.762556293
v 87.839357929 0.400000000 46.951114988
v 92.387953251 0.000000000 38.268343237
v 92.018401438 -0.400000000 38.115269864
v 91.648849625 -0.000000000 37.962196491
v 92.018401438 0.400000000 38.115269864
v 95.694033573 0.000000000 29.028467725
v 95.311257439 -0.400000000 28.912353855
v 94.928481305 -0.000000000 28.796239984
v 95.311257439 0.400000000 28.912353855
v 98.078528040 0.000000000 19.509032202
v 97.686213928 -0.400000000 19.430996073
v 97.293899816 -0.000000000 19.352959944
v 97.686213928 0.400000000 19.430996073
v 99.518472667 0.000000000 9.801714033
v 99.120398777 -0.400000000 9.762507177
v 98.722324886 -0.000000000 9.723300321
v 99.120398777 0.400000000 9.762507177
v 100.000000000 0.000000000 0.000000000
v 99.600000000 -0.400000000 0.000000000
v 99.200000000 -0.000000000 0.000000000
v 99.600000000 0.400000000 0.000000000
v 99.518472667 0.000000000 -9.801714033
v 99.120398777 -0.400000000 -9.762507177
v 98.722324886 -0.000000000 -9.723300321
v 99.120398777 0.400000000 -9.762507177
v 98.078528040 0.000000000 -19.509032202
v 97.686213928 -0.400000000 -19.430996073
v 97.293899816 -0.000000000 -19.352959944
v 97.686213928 0.400000000 -19.430996073
v 95.694033573 0.000000000 -29.028467725
v 95.311257439 -0.400000000 -28.912353855
v 94.928481305 -0.000000000 -28.796239984
v 95.311257439 0.400000000 -28.912353855
v 92.387953251 0.000000000 -38.268343237
v 92.018401438 -0.400000000 -38.115269864
v 91.648849625 -0.000000000 -37.962196491
v 92.018401438 0.400000000 -38.115269864
v 88.192126435 0.000000000 -47.139673683
v 87.839357929 -0.400000000 -46.951114988
v 87.486589423 -0.000000000 -46.762556293
v 87.839357929 0.400000000 -46.951114988
v 83.146961230 0.000000000 -55.557023302
v 82.814373385 -0.400000000 -55.334795209
v 82.481785540 -0.000000000 -55.112567116
v 82.814373385 0.400000000 -55.334795209
v 77.301045336 0.000000000 -63.439328416
v 76.991841155 -0.400000000 -63.185571103
v 76.682636974 -0.000000000 -62.931813789
v 76.991841155 0.400000000 -63.185571103
v 70.710678119 0.000000000 -70.710678119
v 70.427835406 -0.400000000 -70.427835406
v 70.144992694 -0.000000000 -70.144992694
v 70.427835406 0.400000000 -70.427835406
v 63.439328416 0.000000000 -77.301045336
v 63.185571103 -0.400000000 -76.991841155
v 62.931813789 -0.000000000 -76.682636974
v 63.185571103 0.400000000 -76.991841155
v 55.557023302 0.000000000 -83.146961230
v 55.334795209 -0.400000000 -82.814373385
v 55.112567116 -0.000000000 -82.481785540
v 55.334795209 0.400000000 -82.814373385
v 47.139673683 0.000000000 -88.192126435
v 46.951114988 -0.400000000 -87.839357929
v 46.762556293 -0.000000000 -87.486589423
v 46.951114988 0.400000000 -87.839357929
v 38.268343237 0.000000000 -92.387953251
v 38.115269864 -0.400000000 -92.018401438
v 37.962196491 -0.000000000 -91.648849625
v 38.115269864 0.400000000 -92.018401438
v 29.028467725 0.000000000 -95.694033573
v 28.912353855 -0.400000000 -95.311257439
v 28.796239984 -0.000000000 -94.928481305
v 28.912353855 0.400000000 -95.311257439
v 19.509032202 0.000000000 -98.078528040
v 19.430996073 -0.400000000 -97.686213928
v 19.352959944 -0.000000000 -97.293899816
v 19.430996073 0.400000000 -97.686213928
v 9.801714033 0.000000000 -99.518472667
v 9.762507177 -0.400000000 -99.120398777
v 9.723300321 -0.000000000 -98.722324886
v 9.762507177 0.400000000 -99.120398777
v 0.000000000 0.000000000 -100.000000000
v 0.000000000 -0.400000000 -99.600000000
v 0.000000000 -0.000000000 -99.200000000
v 0.000000000 0.400000000 -99.600000000
v -9.801714033 0.000000000 -99.518472667
v -9.762507177 -0.400000000 -99.120398777
v -9.723300321 -0.000000000 -98.722324886
v -9.762507177 0.400000000 -99.120398777
v -19.509032202 0.000000000 -98.078528040
v -19.430996073 -0.400000000 -97.686213928
v -19.352959944 -0.000000000 -97.293899816
v -19.430996073 0.400000000 -97.686213928
v -29.028467725 0.000000000 -95.694033573
v -28.912353855 -0.400000000 -95.311257439
v -28.796239984 -0.000000000 -94.928481305
v -28.912353855 0.400000000 -95.311257439
v -38.268343237 0.000000000 -92.387953251
v -38.115269864 -0.400000000 -92.018401438
v -37.962196491 -0.000000000 -91.648849625
v -38.115269864 0.400000000 -92.018401438
v -47.139673683 0.000000000 -88.192126435
v -46.951114988 -0.400000000 -87.839357929
v -46.762556293 -0.000000000 -87.486589423
v -46.951114988 0.400000000 -87.839357929
v -55.557023302 0.000000000 -83.146961230
v -55.334795209 -0.400000000 -82.814373385
v -55.112567116 -0.000000000 -82.481785540
v -55.334795209 0.400000000 -82.814373385
v -63.439328416 0.000000000 -77.301045336
v -63.185571103 -0.400000000 -76.991841155
v -62.931813789 -0.000000000 -76.682636974
v -63.185571103 0.400000000 -76.991841155
v -70.710678119 0.000000000 -70.710678119
v -70.427835406 -0.400000000 -70.427835406
v -70.144992694 -0.000000000 -70.144992694
v -70.427835406 0.400000000 -70.427835406
v -77.301045336 0.000000000 -63.439328416
v -76.991841155 -0.400000000 -63.185571103
v -76.682636974 -0.000000000 -62.931813789
v -76.991841155 0.400000000 -63.185571103
v -83.146961230 0.000000000 -55.557023302
v -82.814373385 -0.400000000 -55.334795209
v -82.481785540 -0.000000000 -55.112567116
v -82.814373385 0.400000000 -55.334795209
v -88.192126435 0.000000000 -47.139673683
v -87.839357929 -0.400000000 -46.951114988
v -87.486589423 -0.000000000 -46.762556293
v -87.839357929 0.400000000 -46.951114988
v -92.387953251 0.000000000 -38.268343237
v -92.018401438 -0.400000000 -38.115269864
v -91.648849625 -0.000000000 -37.962196491
v -92.018401438 0.400000000 -38.115269864
v -95.694033573 0.000000000 -29.028467725
v -95.311257439 -0.400000000 -28.912353855
v -94.928481305 -0.000000000 -28.796239984
v -95.311257439 0.400000000 -28.912353855
v -98.078528040 0.000000000 -19.509032202
v -97.686213928 -0.400000000 -19.430996073
v -97.293899816 -0.000000000 -19.352959944
v -97.686213928 0.400000000 -19.430996073
v -99.518472667 0.000000000 -9.801714033
v -99.120398777 -0.400000000 -9.762507177
v -98.722324886 -0.000000000 -9.723300321
v -99.120398777 0.400000000 -9.762507177
v -100.000000000 0.000000000 -0.000000000
v -99.600000000 -0.400000000 -0.000000000
v -99.200000000 -0.000000000 -0.000000000
v -99.600000000 0.400000000 -0.000000000
v -99.518472667 0.000000000 9.801714033
v -99.120398777 -0.400000000 9.762507177
v -98.722324886 -0.000000000 9.723300321
v -99.120398777 0.400000000 9.762507177
v -98.078528040 0.000000000 19.509032202
v -97.686213928 -0.400000000 19.430996073
v -97.293899816 -0.000000000 19.352959944
v -97.686213928 0.400000000 19.430996073
v -95.694033573 0.000000000 29.028467725
v -95.311257439 -0.400000000 28.912353855
v -94.928481305 -0.000000000 28.796239984
v -95.311257439 0.400000000 28.912353855
v -92.387953251 0.000000000 38.268343237
v -92.018401438 -0.400000000 38.115269864
v -91.648849625 -0.000000000 37.962196491
v -92.018401438 0.400000000 38.115269864
v -88.192126435 0.000000000 47.139673683
v -87.839357929 -0.400000000 46.951114988
v -87.486589423 -0.000000000 46.762556293
v -87.839357929 0.400000000 46.951114988
v -83.146961230 0.000000000 55.557023302
v -82.814373385 -0.400000000 55.334795209
v -82.481785540 -0.000000000 55.112567116
v -82.814373385 0.400000000 55.334795209
v -77.301045336 0.000000000 63.439328416
v -76.991841155 -0.400000000 63.185571103
v -76.682636974 -0.000000000 62.931813789
v -76.991841155 0.400000000 63.185571103
v -70.710678119 0.000000000 70.710678119
v -70.427835406 -0.400000000 70.427835406
v -70.144992694 -0.000000000 70.144992694
v -70.427835406 0.400000000 70.427835406
v -63.439328416 0.000000000 77.301045336
v -63.185571103 -0.400000000 76.991841155
v -62.931813789 -0.000000000 76.682636974
v -63.185571103 0.400000000 76.991841155
v -55.557023302 0.000000000 83.146961230
v -55.334795209 -0.400000000 82.814373385
v -55.112567116 -0.000000000 82.481785540
v -55.334795209 0.400000000 82.814373385
v -47.139673683 0.000000000 88.192126435
v -46.951114988 -0.400000000 87.839357929
v -46.762556293 -0.000000000 87.486589423
v -46.951114988 0.400000000 87.839357929
v -38.268343237 0.000000000 92.387953251
v -38.115269864 -0.400000000 92.018401438
v -37.962196491 -0.000000000 91.648849625
v -38.115269864 0.400000000 92.018401438
v -29.028467725 0.000000000 95.694033573
v -28.912353855 -0.400000000 95.311257439
v -28.796239984 -0.000000000 94.928481305
v -28.912353855 0.400000000 95.311257439
v -19.509032202 0.000000000 98.078528040
v -19.430996073 -0.400000000 97.686213928
v -19.352959944 -0.000000000 97.293899816
v -19.430996073 0.400000000 97.686213928
v -9.801714033 0.000000000 99.518472667
v -9.762507177 -0.400000000 99.120398777
v -9.723300321 -0.000000000 98.722324886
v -9.762507177 0.400000000 99.120398777
v -0.000000000 0.000000000 100.000000000
v -0.000000000 -0.400000000 99.600000000
v -0.000000000 -0.000000000 99.200000000
v -0.000000000 0.400000000 99.600000000
v 100.000000000 0.000000000 0.000000000
v 99.600000000 0.000000000 -0.400000000
v 99.200000000 0.000000000 -0.000000000
v 99.600000000 0.000000000 0.400000000
v 99.518472667 9.801714033 0.000000000
v 99.120398777 9.762507177 -0.400000000
v 98.722324886 9.723300321 -0.000000000
v 99.120398777 9.762507177 0.400000000
v 98.078528040 19.509032202 0.000000000
v 97.686213928 19.430996073 -0.400000000
v 97.293899816 19.352959944 -0.000000000
v 97.686213928 19.430996073 0.400000000
v 95.694033573 29.028467725 0.000000000
v 95.311257439 28.912353855 -0.400000000
v 94.928481305 28.796239984 -0.000000000
v 95.311257439 28.912353855 0.400000000
v 92.387953251 38.268343237 0.000000000
v 92.018401438 38.115269864 -0.400000000
v 91.648849625 37.962196491 -0.000000000
v 92.018401438 38.115269864 0.400000000
v 88.192126435 47.139673683 0.000000000
v 87.839357929 46.951114988 -0.400000000
v 87.486589423 46.762556293 -0.000000000
v 87.839357929 46.951114988 0.400000000
v 83.146961230 55.557023302 0.000000000
v 82.814373385 55.334795209 -0.400000000
v 82.481785540 55.112567116 -0.000000000
v 82.814373385 55.334795209 0.400000000
v 77.301045336 63.439328416 0.000000000
v 76.991841155 63.185571103 -0.400000000
v 76.682636974 62.931813789 -0.000000000
v 76.991841155 63.185571103 0.400000000
v 70.710678119 70.710678119 0.000000000
v 70.427835406 70.427835406 -0.400000000
v 70.144992694 70.144992694 -0.000000000
v 70.427835406 70.427835406 0.400000000
v 63.439328416 77.301045336 0.000000000
v 63.185571103 76.991841155 -0.400000000
v 62.931813789 76.682636974 -0.000000000
v 63.185571103 76.991841155 0.400000000
v 55.557023302 83.146961230 0.000000000
v 55.334795209 82.814373385 -0.400000000
v 55.112567116 82.481785540 -0.000000000
v 55.334795209 82.814373385 0.400000000
v 47.139673683 88.192126435 0.000000000
v 46.951114988 87.839357929 -0.400000000
v 46.762556293 87.486589423 -0.000000000
v 46.951114988 87.839357929 0.400000000
v 38.268343237 92.387953251 0.000000000
v 38.115269864 92.018401438 -0.400000000
v 37.962196491 91.648849625 -0.000000000
v 38.115269864 92.018401438 0.400000000
v 29.028467725 95.694033573 0.000000000
v 28.912353855 95.311257439 -0.400000000
v 28.796239984 94.928481305 -0.000000000
v 28.912353855 95.311257439 0.400000000
v 19.509032202 98.078528040 0.000000000
v 19.430996073 97.686213928 -0.400000000
v 19.352959944 97.293899816 -0.000000000
v 19.430996073 97.686213928 0.400000000
v 9.801714033 99.518472667 0.000000000
v 9.762507177 99.120398777 -0.400000000
v 9.723300321 98.722324886 -0.000000000
v 9.762507177 99.120398777 0.400000000
v 0.000000000 100.000000000 0.000000000
v 0.000000000 99.600000000 -0.400000000
v 0.000000000 99.200000000 -0.000000000
v 0.000000000 99.600000000 0.400000000
v -9.801714033 99.518472667 0.000000000
v -9.762507177 99.120398777 -0.400000000
v -9.723300321 98.722324886 -0.000000000
v -9.762507177 99.120398777 0.400000000
v -19.509032202 98.078528040 0.000000000
v -19.430996073 97.686213928 -0.400000000
v -19.352959944 97.293899816 -0.000000000
v -19.430996073 97.686213928 0.400000000
v -29.028467725 95.694033573 0.000000000
v -28.912353855 95.311257439 -0.400000000
v -28.796239984 94.928481305 -0.000000000
v -28.912353855 95.311257439 0.400000000
v -38.268343237 92.387953251 0.000000000
v -38.115269864 92.018401438 -0.400000000
v -37.962196491 91.648849625 -0.000000000
v -38.115269864 92.018401438 0.400000000
v -47.139673683 88.192126435 0.000000000
v -46.951114988 87.839357929 -0.400000000
v -46.762556293 87.486589423 -0.000000000
v -46.951114988 87.839357929 0.400000000
v -55.557023302 83.146961230 0.000000000
v -55.334795209 82.814373385 -0.400000000
v -55.112567116 82.481785540 -0.000000000
v -55.334795209 82.814373385 0.400000000
v -63.439328416 77.301045336 0.000000000
v -63.185571103 76.991841155 -0.400000000
v -62.931813789 76.682636974 -0.000000000
v -63.185571103 76.991841155 0.400000000
v -70.710678119 70.710678119 0.000000000
v -70.427835406 70.427835406 -0.400000000
v -70.144992694 70.144992694 -0.000000000
v -70.427835406 70.427835406 0.400000000
v -77.301045336 63.439328416 0.000000000
v -76.991841155 63.185571103 -0.400000000
v -76.682636974 62.931813789 -0.000000000
v -76.991841155 63.185571103 0.400000000
v -83.146961230 55.557023302 0.000000000
v -82.814373385 55.334795209 -0.400000000
v -82.481785540 55.112567116 -0.000000000
v -82.814373385 55.334795209 0.400000000
v -88.192126435 47.139673683 0.000000000
v -87.839357929 46.951114988 -0.400000000
v -87.486589423 46.762556293 -0.000000000
v -87.839357929 46.951114988 0.400000000
v -92.387953251 38.268343237 0.000000000
v -92.018401438 38.115269864 -0.400000000
v -91.648849625 37.962196491 -0.000000000
v -92.018401438 38.115269864 0.400000000
v -95.694033573 29.028467725 0.000000000
v -95.311257439 28.912353855 -0.400000000
v -94.928481305 28.796239984 -0.000000000
v -95.311257439 28.912353855 0.400000000
v -98.078528040 19.509032202 0.000000000
v -97.686213928 19.430996073 -0.400000000
v -97.293899816 19.352959944 -0.000000000
v -97.686213928 19.430996073 0.400000000
v -99.518472667 9.801714033 0.000000000
v -99.120398777 9.762507177 -0.400000000
v -98.722324886 9.723300321 -0.000000000
v -99.120398777 9.762507177 0.400000000
v -100.000000000 0.000000000 0.000000000
v -99.600000000 0.000000000 -0.400000000
v -99.200000000 0.000000000 -0.000000000
v -99.600000000 0.000000000 0.400000000
v -99.518472667 -9.801714033 0.000000000
v -99.120398777 -9.762507177 -0.400000000
v -98.722324886 -9.723300321 -0.000000000
v -99.120398777 -9.762507177 0.400000000
v -98.078528040 -19.509032202 0.000000000
v -97.686213928 -19.430996073 -0.400000000
v -97.293899816 -19.352959944 -0.000000000
v -97.686213928 -19.430996073 0.400000000
v -95.694033573 -29.028467725 0.000000000
v -95.311257439 -28.912353855 -0.400000000
v -94.928481305 -28.796239984 -0.000000000
v -95.311257439 -28.912353855 0.400000000
v -92.387953251 -38.268343237 0.000000000
v -92.018401438 -38.115269864 -0.400000000
v -91.648849625 -37.962196491 -0.000000000
v -92.018401438 -38.115269864 0.400000000
v -88.192126435 -47.139673683 0.000000000
v -87.839357929 -46.951114988 -0.400000000
v -87.486589423 -46.762556293 -0.000000000
v -87.839357929 -46.951114988 0.400000000
v -83.146961230 -55.557023302 0.000000000
v -82.814373385 -55.334795209 -0.400000000
v -82.481785540 -55.112567116 -0.000000000
v -82.814373385 -55.334795209 0.400000000
v -77.301045336 -63.439328416 0.000000000
v -76.991841155 -63.185571103 -0.400000000
v -76.682636974 -62.931813789 -0.000000000
v -76.991841155 -63.185571103 0.400000000
v -70.710678119 -70.710678119 0.000000000
v -70.427835406 -70.427835406 -0.400000000
v -70.144992694 -70.144992694 -0.000000000
v -70.427835406 -70.427835406 0.400000000
v -63.439328416 -77.301045336 0.000000000
v -63.185571103 -76.991841155 -0.400000000
v -62.931813789 -76.682636974 -0.000000000
v -63.185571103 -76.991841155 0.400000000
v -55.557023302 -83.146961230 0.000000000
v -55.334795209 -82.814373385 -0.400000000
v -55.112567116 -82.481785540 -0.000000000
v -55.334795209 -82.814373385 0.400000000
v -47.139673683 -88.192126435 0.000000000
v -46.951114988 -87.839357929 -0.400000000
v -46.762556293 -87.486589423 -0.000000000
v -46.951114988 -87.839357929 0.400000000
v -38.268343237 -92.387953251 0.000000000
v -38.115269864 -92.018401438 -0.400000000
v -37.962196491 -91.648849625 -0.000000000
v -38.115269864 -92.018401438 0.400000000
v -29.028467725 -95.694033573 0.000000000
v -28.912353855 -95.311257439 -0.400000000
v -28.796239984 -94.928481305 -0.000000000
v -28.912353855 -95.311257439 0.400000000
v -19.509032202 -98.078528040 0.000000000
v -19.430996073 -97.686213928 -0.400000000
v -19.352959944 -97.293899816 -0.000000000
v -19.430996073 -97.686213928 0.400000000
v -9.801714033 -99.518472667 0.000000000
v -9.762507177 -99.120398777 -0.400000000
v -9.723300321 -98.722324886 -0.000000000
v -9.762507177 -99.120398777 0.400000000
v -0.000000000 -100.000000000 0.000000000
v -0.000000000 -99.600000000 -0.400000000
v -0.000000000 -99.200000000 -0.000000000
v -0.000000000 -99.600000000 0.400000000
v 9.801714033 -99.518472667 0.000000000
v 9.762507177 -99.120398777 -0.400000000
v 9.723300321 -98.722324886 -0.000000000
v 9.762507177 -99.120398777 0.400000000
v 19.509032202 -98.078528040 0.000000000
v 19.430996073 -97.686213928 -0.400000000
v 19.352959944 -97.293899816 -0.000000000
v 19.430996073 -97.686213928 0.400000000
v 29.028467725 -95.694033573 0.000000000
v 28.912353855 -95.311257439 -0.400000000
v 28.796239984 -94.928481305 -0.000000000
v 28.912353855 -95.311257439 0.400000000
v 38.268343237 -92.387953251 0.000000000
v 38.115269864 -92.018401438 -0.400000000
v 37.962196491 -91.648849625 -0.000000000
v 38.115269864 -92.018401438 0.400000000
v 47.139673683 -88.192126435 0.000000000
v 46.951114988 -87.839357929 -0.400000000
v 46.762556293 -87.486589423 -0.000000000
v 46.951114988 -87.839357929 0.400000000
v 55.557023302 -83.146961230 0.000000000
v 55.334795209 -82.814373385 -0.400000000
v 55.112567116 -82.481785540 -0.000000000
v 55.334795209 -82.814373385 0.400000000
v 63.439328416 -77.301045336 0.000000000
v 63.185571103 -76.991841155 -0.400000000
v 62.931813789 -76.682636974 -0.000000000
v 63.185571103 -76.991841155 0.400000000
v 70.710678119 -70.710678119 0.000000000
v 70.427835406 -70.427835406 -0.400000000
v 70.144992694 -70.144992694 -0.000000000
v 70.427835406 -70.427835406 0.400000000
v 77.301045336 -63.439328416 0.000000000
v 76.991841155 -63.185571103 -0.400000000
v 76.682636974 -62.931813789 -0.000000000
v 76.991841155 -63.185571103 0.400000000
v 83.146961230 -55.557023302 0.000000000
v 82.814373385 -55.334795209 -0.400000000
v 82.481785540 -55.112567116 -0.000000000
v 82.814373385 -55.334795209 0.400000000
v 88.192126435 -47.139673683 0.000000000
v 87.839357929 -46.951114988 -0.400000000
v 87.486589423 -46.762556293 -0.000000000
v 87.839357929 -46.951114988 0.400000000
v 92.387953251 -38.268343237 0.000000000
v 92.018401438 -38.115269864 -0.400000000
v 91.648849625 -37.962196491 -0.000000000
v 92.018401438 -38.115269864 0.400000000
v 95.694033573 -29.028467725 0.000000000
v 95.311257439 -28.912353855 -0.400000000
v 94.928481305 -28.796239984 -0.000000000
v 95.311257439 -28.912353855 0.400000000
v 98.078528040 -19.509032202 0.000000000
v 97.686213928 -19.430996073 -0.400000000
v 97.293899816 -19.352959944 -0.000000000
v 97.686213928 -19.430996073 0.400000000
v 99.518472667 -9.801714033 0.000000000
v 99.120398777 -9.762507177 -0.400000000
v 98.722324886 -9.723300321 -0.000000000
v 99.120398777 -9.762507177 0.400000000
v 100.000000000 -0.000000000 0.000000000
v 99.600000000 -0.000000000 -0.400000000
v 99.200000000 -0.000000000 -0.000000000
v 99.600000000 -0.000000000 0.400000000
v 94.144564566 0.040013576 0.000000000
v 93.980535389 0.070323459 -0.131056247
v 93.855435434 -0.040013576 -0.000000000
v 94.019464611 -0.070323459 0.131056247
v 90.095683888 15.153135481 8.710717499
v 89.796684856 15.186106393 8.451764889
v 89.569781125 14.958605063 8.684792352
v 89.868780157 14.925634152 8.943744963
v 82.913106293 28.662359270 16.799218071
v 82.590870890 28.649573732 16.465826378
v 82.351804749 28.335111738 16.708952232
v 82.674040152 28.347897276 17.042343924
v 73.266155957 39.933950929 24.106309786
v 72.949824016 39.873655191 23.707239695
v 72.728118528 39.475926732 23.943072600
v 73.044450468 39.536222470 24.342142690
v 61.895842616 48.562057978 30.509270246
v 61.605653916 48.459855489 30.050873414
v 61.426290580 47.985975434 30.270074175
v 61.716479280 48.088177923 30.728471007
v 49.594110749 54.394559062 35.912162630
v 49.345030429 54.259852514 35.400560302
v 49.228881347 53.722103648 35.598700025
v 49.477961667 53.856810196 36.110302354
v 37.117442969 57.532722853 40.246709001
v 36.920815674 57.376656596 39.688221721
v 36.882770483 56.791678916 39.865085194
v 37.079397778 56.947745172 40.423572474
v 25.103424459 58.298590890 43.472749358
v 24.968542680 58.132900175 42.874101761
v 25.015466966 57.519333677 43.033349105
v 25.150348744 57.685024391 43.631996703
v 14.003284644 57.170668861 45.578139775
v 13.938722787 57.007323533 44.946906611
v 14.068221087 56.382427612 45.095367091
v 14.132782943 56.545772940 45.726600255
v 4.043956559 54.691992420 46.578170663
v 4.057827660 54.543181861 45.923615798
v 4.258757303 53.919426360 46.069682270
v 4.244886202 54.068236918 46.724237135
v -4.766390595 51.361898192 46.514611714
v -4.668216342 51.239396827 45.848444042
v -4.412400887 50.622827905 45.999524664
v -4.510575141 50.745329271 46.665692336
v -12.580705154 47.535039332 45.454114690
v -12.398076884 47.448287905 44.789792027
v -12.102845533 46.840606759 44.950308600
v -12.285473803 46.927358186 45.614631263
v -19.611032529 43.362537622 43.485176399
v -19.351611428 43.316704063 42.835038934
v -19.024648368 42.720533588 43.007534350
v -19.284069469 42.766367147 43.657671815
v -26.013873103 38.804890034 40.713805932
v -25.690782480 38.801384657 40.086416069
v -25.330645632 38.224568001 40.275100658
v -25.653736255 38.228073378 40.902490521
v -31.808699126 33.714424198 37.259650634
v -31.435760123 33.753754445 36.660176171
v -31.037171933 33.209631091 36.872443055
v -31.410110935 33.170300843 37.471917518
v -36.860870730 27.947655189 33.253081483
v -36.449897329 28.032009509 32.685628321
v -36.010588814 27.536812621 32.930180870
v -36.421562214 27.452458302 33.497634033
v -40.925052114 21.458813495 28.832103712
v -40.486329272 21.592911044 28.301425974
v -40.010991736 21.162355716 28.585600361
v -40.449714578 21.028258167 29.116278099
v -43.720242361 14.347032047 24.138644221
v -43.264530765 14.537428577 23.650505307
v -42.765217180 14.183550243 23.978620479
v -43.220928776 13.993153713 24.466759393
v -45.006285283 6.856021087 19.314568499
v -44.546695543 7.109435260 18.875270578
v -44.040825002 6.838276107 19.248086678
v -44.500414741 6.584861934 19.687384600
v -44.643086673 -0.660624622 14.497780303
v -44.195993706 -0.339473406 14.113399194
v -43.703251678 -0.528939578 14.528232806
v -44.150344645 -0.850090793 14.912613915
v -42.624972747 -7.792699643 9.818576537
v -42.209731011 -7.403288871 9.494171254
v -41.748858598 -7.518893282 9.945322531
v -42.164100333 -7.908304054 10.269727814
v -39.089586419 -14.131988209 5.396342864
v -38.727127263 -13.679797784 5.135243969
v -38.313284763 -13.734760130 5.614554911
v -38.675743919 -14.186950555 5.875653805
v -34.304364521 -19.326352579 1.336656213
v -34.014938457 -18.823922295 1.139873655
v -33.658065449 -18.834669109 1.637320309
v -33.947491512 -19.337099393 1.834102867
v -28.635557244 -23.122448414 -2.271136401
v -28.435983854 -22.589459746 -2.405365102
v -28.140336666 -22.573175556 -1.901131656
v -28.339910055 -23.106164225 -1.766902956
v -22.505820087 -25.392739281 -5.355781539
v -22.406625377 -24.855069337 -5.432292492
v -22.171435408 -24.827493174 -4.933586447
v -22.270630118 -25.365163119 -4.857075494
v -16.346923300 -26.144779489 -7.865311177
v -16.349638350 -25.632696013 -7.892172892
v -16.170609579 -25.606577624 -7.412355282
v -16.167894528 -26.118661100 -7.385493568
v -10.554170240 -25.512842636 -9.767305292
v -10.648684962 -25.058875778 -9.755894560
v -10.519886617 -25.043253860 -9.310567615
v -10.425371896 -25.497220718 -9.321978347
v -5.449059091 -23.733480038 -11.047015037
v -5.609262491 -23.371987822 -11.012342202
v -5.525084930 -23.371887374 -10.624452933
v -5.364881531 -23.733379590 -10.659125768
v -1.286723080 -21.090528257 -11.656000916
v -1.393932862 -20.908981048 -11.632619550
v -1.355941240 -20.913418288 -11.423964422
v -1.248731458 -21.094965496 -11.447345788
v 55.957610462 47.034969076 59.265591984
v 55.880803489 46.905435149 59.116187665
v 55.828088451 46.764369652 59.265591984
v 55.904895424 46.893903580 59.414996302
v 44.744303032 52.546693470 60.381700038
v 44.625772991 52.292638720 60.100718240
v 44.526858837 52.029194855 60.380641939
v 44.645388878 52.283249605 60.661623736
v 33.834071946 56.520773390 60.194788089
v 33.756856356 56.199606479 59.869152229
v 33.636102902 55.895395626 60.197821525
v 33.713318492 56.216562537 60.523457385
v 23.297299781 59.414223690 58.773525031
v 23.276799211 59.039767171 58.423781623
v 23.130481399 58.708597171 58.786928892
v 23.150981969 59.083053690 59.136672300
v 12.976448634 61.440074272 56.211855985
v 13.020561068 61.022740224 55.853151550
v 12.851588756 60.669996825 56.242770515
v 12.807476322 61.087330873 56.601474950
v 2.668666760 62.563081380 52.624369422
v 2.783530516 62.112612169 52.269675739
v 2.603307383 61.740839002 52.683472956
v 2.488443626 62.191308213 53.038166639
v -7.729279382 62.547858055 48.143996470
v -7.536871079 62.075291723 47.805489279
v -7.713664257 61.688041587 48.245612575
v -7.906072560 62.160607919 48.584119766
v -18.133861771 61.073290989 42.919354177
v -17.856870553 60.592651844 42.609052176
v -18.018164734 60.196270762 43.079043323
v -18.295155952 60.676909906 43.389345323
v -28.263948457 57.859818400 37.110749709
v -27.897180014 57.388940963 36.840452493
v -28.036843190 56.991904315 37.342609176
v -28.403611632 57.462781752 37.612906392
v -37.689869989 52.767334781 30.885499280
v -37.232427202 52.327479379 30.666290743
v -37.350894296 51.938145074 31.200297678
v -37.808337083 52.378000475 31.419506216
v -45.913490156 45.847089296 24.413206744
v -45.370732941 45.461409867 24.254808133
v -45.473671990 45.085489084 24.817401461
v -46.016429205 45.471168513 24.975800072
v -52.454221908 37.349347750 17.861241419
v -51.838772738 37.040556088 17.771388629
v -51.934568240 36.679324749 18.356656635
v -52.550017410 36.988116412 18.446509425
v -56.924429233 27.696288882 11.390492785
v -56.256030774 27.484005145 11.374434718
v -56.352843572 27.133789429 11.974480534
v -57.021242031 27.346073166 11.990538601
v -59.084866393 17.431226764 5.151464420
v -58.389125274 17.329535418 5.211639527
v -58.492237195 16.982549365 5.817433625
v -59.187978314 17.084240712 5.757258518
v -58.875795640 7.154752809 -0.719217532
v -58.182051420 7.170408343 -0.583298950
v -58.292071353 6.816669457 0.019000324
v -58.985815573 6.801013924 -0.116918259
v -56.422922648 -2.542615659 -6.101801897
v -55.761630180 -2.411049780 -5.893473864
v -55.873923413 -2.781231049 -5.303241760
v -56.535215881 -2.912796928 -5.511569794
v -52.019960754 -11.142902355 -10.895844888
v -51.420029870 -10.904905722 -10.621037167
v -51.525469473 -11.298466148 -10.050010523
v -52.125400356 -11.536462782 -10.324818244
v -46.091756056 -18.251344647 -15.022022457
v -45.578242427 -17.923406179 -14.688910449
v -45.665119955 -18.342677878 -14.142223122
v -46.178633584 -18.670616346 -14.475335130
v -39.143508478 -23.630113209 -18.423285921
v -38.735913720 -23.234072396 -18.041916908
v -38.792628673 -23.675990470 -17.522382535
v -39.200223431 -24.072031283 -17.903751547
v -31.702681850 -27.211866722 -21.065340818
v -31.413942901 -26.772933382 -20.647314020
v -31.431934298 -27.229555434 -20.155428187
v -31.720673247 -27.668488774 -20.573454985
v -24.260741761 -29.091919272 -22.936446104
v -24.096818467 -28.636617966 -22.494705105
v -24.073100186 -29.096948097 -22.029045519
v -24.237023480 -29.552249403 -22.470786519
v -17.222041978 -29.499727138 -24.046562599
v -17.181888648 -29.053876770 -23.595308111
v -17.120485422 -29.506642821 -23.153428037
v -17.160638752 -29.952493189 -23.604682525
v -10.867207454 -28.752402563 -24.425964819
v -10.942874636 -28.339085214 -23.980577058
v -10.854439278 -28.775642736 -23.560429788
v -10.778772096 -29.188960085 -24.005817549
v -5.338160569 -27.195588049 -24.123620397
v -5.514886219 -26.833026181 -23.700252072
v -5.413947822 -27.249004784 -23.301884096
v -5.237222172 -27.611566652 -23.725252421
v -0.650397851 -25.141010186 -23.205818561
v -0.906927380 -24.840645404 -22.820129458
v -0.807007939 -25.234800953 -22.446712808
v -0.550478411 -25.535165735 -22.832401911
v 3.267106097 -22.815034137 -21.754994674
v 2.957306624 -22.580951677 -21.420049756
v 3.048570401 -22.951021121 -21.077007573
v 3.358369874 -23.185103582 -21.411952491
v 6.513681836 -20.335498050 -19.866953506
v 6.180561128 -20.166412428 -19.592017529
v 6.262392766 -20.504362740 -19.285028416
v 6.595513474 -20.673448362 -19.559964393
v 9.158891183 -17.729325910 -17.643853528
v 8.837633949 -17.622316674 -17.436762318
v 8.911066885 -17.910528248 -17.173920827
v 9.232324120 -18.017537484 -17.381012037
v 11.176653230 -15.012041564 -15.144402534
v 10.996734079 -14.965210535 -15.042245946
v 11.037206187 -15.118104381 -14.900875882
v 11.217125337 -15.164935410 -15.003032471
v 14.411837747 81.740983866 44.402563040
v 14.460020914 81.580822185 44.272076955
v 14.362272888 81.445106654 44.402563040
v 14.314089721 81.605268335 44.533049124
v 0.735934695 84.163292938 36.527973189
v 0.850580068 83.860653096 36.298169967
v 0.686321543 83.604734771 36.553256040
v 0.571676170 83.907374613 36.783059262
v -13.260263918 83.644251158 28.300374902
v -13.067705319 83.292281991 28.067591662
v -13.218142164 82.995963042 28.391185515
v -13.410700763 83.347932210 28.623968755
v -26.838793382 80.127919938 19.928935194
v -26.558790424 79.755308735 19.715118347
v -26.684679196 79.440122845 20.099524749
v -26.964682154 79.812734049 20.313341597
v -39.257548271 73.743374458 11.606696591
v -38.885371709 73.377342965 11.427007865
v -38.986467680 73.058823914 11.866448082
v -39.358644243 73.424855407 12.046136808
v -49.833810810 64.851606525 3.516513768
v -49.371357204 64.519784909 3.382517946
v -49.453318864 64.208440452 3.870647763
v -49.915772469 64.540262068 4.004643584
v -58.021206984 54.009070202 -4.172648465
v -57.477852791 53.738256171 -4.252354126
v -57.549184086 53.439275174 -3.722779560
v -58.092538279 53.710089205 -3.643073899
v -63.466678549 41.907360539 -11.309190640
v -62.859175414 41.721415070 -11.328930874
v -62.928559853 41.434943419 -10.765774371
v -63.536062988 41.620888888 -10.746034138
v -66.042207838 29.299007853 -17.761881463
v -65.393603957 29.216677797 -17.718986207
v -65.467793566 28.938978724 -17.130187122
v -66.116397447 29.021308779 -17.173082378
v -65.849202967 16.918680704 -23.422276917
v -65.186914884 16.951845584 -23.317140592
v -65.269531195 16.677202393 -22.710078220
v -65.931819279 16.644037513 -22.815214545
v -63.196123148 5.408793739 -28.206480132
v -62.549409189 5.561471809 -28.042545393
v -62.640943415 5.284436764 -27.423435383
v -63.287657374 5.131758694 -27.587370122
v -58.552277647 -4.742135783 -32.056187348
v -57.949434894 -4.473843872 -31.839846037
v -58.048531701 -4.756394420 -31.213309121
v -58.651374454 -5.024686330 -31.429650431
v -52.482759523 -13.240936248 -34.938984692
v -51.948373307 -12.867940848 -34.679399351
v -52.054175902 -13.155515283 -34.048379936
v -52.588562119 -13.528510683 -34.307965277
v -45.571402773 -20.004506607 -36.847892195
v -45.123945899 -19.542973856 -36.556708843
v -45.238847819 -19.831404435 -35.922971335
v -45.686304692 -20.292937186 -36.214154687
v -38.341117394 -25.142365412 -37.800240453
v -37.991192349 -24.611364977 -37.491062509
v -38.122734766 -24.894177371 -36.856465202
v -38.472659811 -25.425177806 -37.165643145
v -31.184661001 -28.904124144 -37.836194100
v -30.934334419 -28.323090710 -37.523536733
v -31.094350219 -28.594050589 -36.891877358
v -31.344676801 -29.175084023 -37.204534725
v -24.322892622 -31.596034372 -37.017495809
v -24.166957834 -30.982618114 -36.715033280
v -24.366447341 -31.238559010 -36.093119347
v -24.522382129 -31.851975269 -36.395581876
v -17.807036279 -33.484525323 -35.426435767
v -17.736917484 -32.853460554 -35.145287925
v -17.978560441 -33.095800009 -34.541066304
v -18.048679236 -33.726864777 -34.822214147
v -11.570536805 -34.719187950 -33.163314222
v -11.579376927 -34.082629299 -32.912039331
v -11.854180310 -34.316077271 -32.330309772
v -11.845340188 -34.952635923 -32.581584663
v -5.515400425 -35.306893307 -30.341276816
v -5.600626542 -34.676181777 -30.127457882
v -5.892429830 -34.905316017 -29.567880003
v -5.807203713 -35.536027547 -29.781698937
v 0.401732824 -35.145135759 -27.080996972
v 0.239872011 -34.533109820 -26.912087047
v -0.053138355 -34.759756315 -26.371641372
v 0.108722458 -35.371782255 -26.540551297
v 6.119038309 -34.093245041 -23.507255574
v 5.881016070 -33.515677135 -23.389841005
v 5.597601831 -33.738866530 -22.866497604
v 5.835624070 -34.316434436 -22.983912172
v 11.467236305 -32.047727216 -19.746399582
v 11.157691686 -31.523007060 -19.684934979
v 10.889009991 -31.740700561 -19.179616568
v 11.198554611 -32.265420717 -19.241081170
v 16.204605873 -28.996521429 -15.923474865
v 15.834640140 -28.543716819 -15.919334292
v 15.581883022 -28.754652085 -15.436070436
v 15.951848755 -29.207456695 -15.440211008
v 20.069531673 -25.042911016 -12.158955977
v 19.657579425 -24.678930021 -12.209903662
v 19.420619350 -24.883467681 -11.755154551
v 19.832571598 -25.247448676 -11.704206866
v 22.833639622 -20.401314635 -8.565415739
v 22.405131297 -20.137922151 -8.665232697
v 22.185110878 -20.337455923 -8.247218704
v 22.613619202 -20.600848407 -8.147401745
v 24.344495289 -15.372228293 -5.244386350
v 23.931060732 -15.213340605 -5.382138719
v 23.732526472 -15.408100353 -5.010921890
v 24.145961029 -15.566988040 -4.873169520
v 24.551026056 -10.305339884 -2.283372463
v 24.191751361 -10.244286298 -2.440655998
v 24.024946708 -10.428384935 -2.131095250
v 24.384221403 -10.489438521 -1.973811715
v 23.464036601 -5.596844849 0.250848751
v 23.274647684 -5.585386907 0.155977428
v 23.186805909 -5.689181730 0.318797795
v 23.376194826 -5.700639672 0.413669118
v -45.287314723 78.319760728 -25.998606225
v -45.129702777 78.280792439 -26.135134418
v -45.045804754 78.141791812 -25.998606225
v -45.203416699 78.180760100 -25.862078033
v -54.538529435 65.983788345 -33.014777003
v -54.233053453 65.927231004 -33.261818797
v -54.060433222 65.690383818 -32.994144325
v -54.365909204 65.746941159 -32.747102531
v -60.721536114 52.586780208 -38.993734819
v -60.345277005 52.564541756 -39.264074753
v -60.114288974 52.348455655 -38.924810149
v -60.490548082 52.370694106 -38.654470214
v -63.986533356 39.000761232 -43.844426149
v -63.558821516 39.028033476 -44.125988249
v -63.284938538 38.860408660 -43.726177736
v -63.712650379 38.833136416 -43.444615636
v -64.684957909 25.914735269 -47.515239949
v -64.222268552 25.998081237 -47.804643637
v -63.921472807 25.896495096 -47.352997026
v -64.384162163 25.813149128 -47.063593338
v -63.335556456 13.813908423 -49.984573566
v -62.851735657 13.950963922 -50.282997805
v -62.540203902 13.927483842 -49.788709980
v -63.024024701 13.790428343 -49.490285741
v -60.526721371 2.939530448 -51.260307668
v -60.030667897 3.119527825 -51.570886010
v -59.723926896 3.182164349 -51.044660169
v -60.219980370 3.002166972 -50.734081827
v -56.798867118 -6.705833062 -51.378983820
v -56.293370600 -6.498632517 -51.703894049
v -56.005212470 -6.346044260 -51.158268565
v -56.510708988 -6.553244806 -50.833358335
v -52.533278925 -15.296151240 -50.403902478
v -52.017514910 -15.075598002 -50.742501040
v -51.758657904 -14.834341320 -50.191054307
v -52.274421919 -15.054894558 -49.852455745
v -47.886461865 -23.069716681 -48.421408619
v -47.361573746 -22.840777402 -48.771920146
v -47.139071630 -22.517168054 -48.227357148
v -47.663959748 -22.746107332 -47.876845621
v -42.803659237 -30.201162008 -45.536520061
v -42.276817043 -29.958844977 -45.900036078
v -42.095556590 -29.561928302 -45.372754430
v -42.622398784 -29.804245332 -45.009238412
v -37.109549967 -36.709609304 -41.869935792
v -36.593507536 -36.444849797 -42.251781454
v -36.459022897 -35.983723913 -41.750303341
v -36.975065327 -36.248483420 -41.368457679
v -30.632529677 -42.438839283 -37.555739413
v -30.142460090 -42.145684577 -37.963134631
v -30.062811236 -41.628933821 -37.495477211
v -30.552880823 -41.922088528 -37.088081992
v -23.309103933 -47.105102134 -32.738153297
v -22.859078544 -46.784537267 -33.177167184
v -22.844852422 -46.221742340 -32.751635322
v -23.294877811 -46.542307207 -32.312621434
v -15.237911946 -50.380332964 -27.567376331
v -14.837977388 -50.040282310 -28.041103998
v -14.900846794 -49.444052029 -27.666194822
v -15.300781352 -49.784102683 -27.192467156
v -6.681544317 -51.977534673 -22.195204871
v -6.335856432 -51.630460811 -22.703198473
v -6.486357732 -51.017769337 -22.387008034
v -6.832045617 -51.364843199 -21.879014432
v 1.969875410 -51.717710972 -16.770816569
v 2.263553230 -51.377283373 -17.309278391
v 2.018473909 -50.769617420 -17.058764993
v 1.724796090 -51.110045020 -16.520303170
v 10.256297892 -49.569947526 -11.436835165
v 10.505709137 -49.247869753 -11.999208204
v 10.164896277 -48.670156104 -11.819494458
v 9.915485032 -48.992233877 -11.257121418
v 17.712146571 -45.663757747 -6.325729525
v 17.928557281 -45.367473604 -6.903489205
v 17.498171585 -44.846020102 -6.797288769
v 17.281760875 -45.142304244 -6.219529089
v 23.926754653 -40.276724627 -1.556605998
v 24.122381195 -40.008401322 -2.140139992
v 23.616450544 -39.568244076 -2.107355298
v 23.420824002 -39.836567381 -1.523821304
v 28.593249490 -33.802537595 2.767534703
v 28.778709575 -33.559421199 2.188048542
v 28.218584718 -33.221548228 2.150535402
v 28.033124632 -33.464664624 2.730021564
v 31.540968570 -26.705699656 6.562002069
v 31.723340229 -26.481654231 5.995813339
v 31.136135389 -26.260559762 5.894161163
v 30.953763731 -26.484605187 6.460349894
v 32.748921794 -19.469766682 9.762015054
v 32.930848619 -19.257570751 9.217219195
v 32.347116395 -19.159482980 9.060494942
v 32.165189571 -19.371678912 9.605290802
v 32.340100874 -12.546012577 12.323642580
v 32.520135279 -12.339833569 11.806920574
v 31.971113501 -12.361776091 11.606877040
v 31.791079096 -12.567955098 12.123599047
v 30.558531281 -6.308898067 14.224043941
v 30.732586749 -6.106331230 13.740873312
v 30.247338117 -6.235966199 13.511720469
v 30.073282648 -6.438533035 13.994891098
v 27.732765020 -1.023731580 15.460959221
v 27.896161386 -0.826910382 15.016525364
v 27.498822062 -1.042888601 14.774795596
v 27.335425697 -1.239709799 15.219229453
v 24.230978972 3.169389569 16.051277130
v 24.380046678 3.353723747 15.652593200
v 24.087286445 3.081557931 15.417292625
v 23.938218740 2.897223754 15.815976554
v 20.414154456 6.252494896 16.027476006
v 20.545213480 6.412799333 15.688846449
v 20.364180088 6.125805349 15.482920926
v 20.233121065 5.965500912 15.821550483
v 16.611685985 8.285297541 15.380536447
v 16.683045450 8.370898627 15.200036321
v 16.607668788 8.204933377 15.091528674
v 16.536309323 8.119332291 15.272028800
v -64.946965830 23.611686103 -63.881061663
v -64.805307475 23.552050954 -64.027268911
v -64.651738848 23.558384799 -63.881061663
v -64.793397203 23.618019949 -63.734854415
v -67.102420820 12.407139794 -61.264957409
v -66.837989112 12.293368322 -61.538226289
v -66.546623316 12.328780244 -61.271026128
v -66.811055024 12.442551715 -60.997757248
v -68.220076549 1.169707072 -57.520724821
v -67.912358761 1.036998190 -57.841422905
v -67.565735931 1.132711355 -57.548436985
v -67.873453719 1.265420237 -57.227738900
v -68.102160572 -10.191345225 -52.787007039
v -67.763743766 -10.326552403 -53.147772190
v -67.380412902 -10.160276883 -52.850504114
v -67.718829707 -10.025069704 -52.489738962
v -66.395601605 -21.582893217 -47.217367090
v -66.036493231 -21.707284754 -47.617804859
v -65.632976993 -21.461417294 -47.332311736
v -65.992085367 -21.337025757 -46.931873967
v -62.788402854 -32.696247918 -40.978654562
v -62.419097896 -32.802086137 -41.419490043
v -62.014041222 -32.469669943 -41.159966695
v -62.383346181 -32.363831724 -40.719131214
v -57.118939428 -43.059074742 -34.246382954
v -56.749437960 -43.145051075 -34.727011445
v -56.364343885 -42.723187376 -34.506420003
v -56.733845353 -42.637211043 -34.025791512
v -49.433937756 -52.121714367 -27.199927901
v -49.071688027 -52.192019531 -27.717477677
v -48.730006310 -51.683745984 -27.547368716
v -49.092256039 -51.613440820 -27.029818940
v -39.998313110 -59.350506631 -20.017842553
v -39.646469267 -59.412651312 -20.567068540
v -39.371651334 -58.828100377 -20.457157015
v -39.723495176 -58.765955695 -19.907931028
v -29.267167090 -64.310201366 -12.873399481
v -28.923877002 -64.372247849 -13.447055485
v -28.736925028 -63.728788140 -13.404775185
v -29.080215116 -63.666741657 -12.831119181
v -17.831788716 -66.725306410 -5.930435768
v -17.490734501 -66.793184391 -6.519926003
v -17.407769437 -66.114485700 -6.550075971
v -17.748823652 -66.046607719 -5.960585736
v -6.350925932 -66.515522411 0.660416621
v -6.002965924 -66.591020748 0.064239357
v -6.033282586 -65.905196671 -0.040305997
v -6.381242594 -65.829698334 0.555871267
v 4.522455350 -63.804100226 6.765029851
v 4.886955512 -63.883953930 6.171024999
v 4.742010345 -63.221106027 5.992973596
v 4.377510182 -63.141252323 6.586978447
v 14.209927035 -58.900777308 12.268529988
v 14.598628813 -58.977033942 11.684480563
v 14.345806862 -58.366612243 11.436520306
v 13.957105084 -58.290355609 12.020569731
v 22.264343392 -52.263215242 17.077433378
v 22.680912517 -52.324811223 16.509387518
v 22.334292080 -51.793197510 16.197552413
v 21.917722955 -51.731601529 16.765598273
v 28.408814740 -44.442609545 21.121123048
v 28.851835449 -44.477857994 20.572936878
v 28.431332476 -44.046479713 20.205366604
v 27.988311767 -44.011231264 20.753552774
v 32.554126369 -36.020343775 24.352634916
v 33.017281503 -36.019856641 23.825789748
v 32.546726131 -35.703984959 23.412411629
v 32.083570997 -35.704472093 23.939256797
v 34.792837961 -27.543250939 26.748738002
v 35.266447781 -27.502689050 26.242524640
v 34.771493010 -27.310909061 25.794815239
v 34.297883191 -27.351470950 26.301028602
v 35.370245907 -19.465408749 28.309315308
v 35.843930457 -19.387355297 27.821509259
v 35.349963412 -19.321557437 27.352370329
v 34.876278862 -19.399610890 27.840176377
v 34.634431149 -12.104714533 29.056118653
v 35.100183599 -11.998887651 28.584255974
v 34.630274921 -12.054543378 28.107950048
v 34.164522470 -12.160370259 28.579812726
v 32.970465159 -5.622764369 29.031156928
v 33.424796705 -5.503798872 28.574281351
v 32.997657075 -5.670302583 28.106164393
v 32.543325529 -5.789268080 28.563039970
v 30.728569374 -0.035550839 28.295270492
v 31.172018616 0.081911291 27.855292231
v 30.800180711 -0.179225888 27.410804437
v 30.356731468 -0.296688018 27.850782698
v 28.162418372 4.742959771 26.927237684
v 28.595818525 4.850305538 26.508229086
v 28.284990213 4.515110072 26.100851164
v 27.851590060 4.407764306 26.519859761
v 25.398004147 8.834099212 25.022119545
v 25.817970997 8.931728780 24.627125730
v 25.568735592 8.544759853 24.266486623
v 25.148768742 8.447130286 24.661480438
v 22.448219610 12.326814034 22.686676319
v 22.845761116 12.420905098 22.315340745
v 22.656975610 12.003369045 22.007434652
v 22.259434104 11.909277980 22.378770226
v 19.268882801 15.234424054 20.033110362
v 19.631600470 15.330322241 19.683542285
v 19.502934439 14.902062405 19.432550303
v 19.140216770 14.806164218 19.782118380
v 15.829242735 17.490870068 17.174427722
v 16.144133102 17.588465827 16.848132963
v 16.075998491 17.171112054 16.657547948
v 15.761108124 17.073516294 16.983842707
v 12.166393680 18.981537109 14.220611242
v 12.419668952 19.073753216 13.929249297
v 12.409949687 18.697958312 13.801861375
v 12.156674415 18.605742205 14.093223320
v 8.442948166 19.561305824 11.238709190
v 8.573306666 19.612056898 11.079238176
v 8.582354748 19.408072846 11.021717282
v 8.451996248 19.357321772 11.181188297
v -86.041503795 -31.338531906 -21.861927561
v -85.873141761 -31.335904215 -21.990952058
v -85.776414780 -31.198076169 -21.861927561
v -85.944776814 -31.200703860 -21.732903065
v -79.067314292 -44.777615990 -12.884627051
v -78.763932963 -44.753463262 -13.139421815
v -78.595093353 -44.475383337 -12.912026348
v -78.898474682 -44.499536065 -12.657231585
v -69.303613516 -56.200708104 -4.098070170
v -68.982424069 -56.134360222 -4.426070847
v -68.822344265 -55.765578995 -4.194718284
v -69.143533712 -55.831926877 -3.866717608
v -57.417813842 -65.026685664 4.301659346
v -57.104782986 -64.923655104 3.908779216
v -56.982586114 -64.474503385 4.123928159
v -57.295616970 -64.577533945 4.516808289
v -44.160005668 -70.870256855 12.147881406
v -43.869847543 -70.740946806 11.696362126
v -43.810315932 -70.224618308 11.882489382
v -44.100474057 -70.353928357 12.334008661
v -30.345246062 -73.587417486 19.294686339
v -30.085499532 -73.444077786 18.790792230
v -30.109317736 -72.878998933 18.939259013
v -30.369064266 -73.022338633 19.443153122
v -16.771076125 -73.282100544 25.619255703
v -16.544054516 -73.136696152 25.069486876
v -16.666309468 -72.546099585 25.175205527
v -16.893331077 -72.691503978 25.724974354
v -4.137313198 -70.283556705 31.023813907
v -3.942031844 -70.146528985 30.434650051
v -4.170726008 -69.556651479 30.496041909
v -4.366007362 -69.693679199 31.085205765
v 7.021506594 -65.097679786 35.436962798
v 7.187312206 -64.977788428 34.814516176
v 6.852083463 -64.415149029 34.833590574
v 6.686277851 -64.535040387 35.456037196
v 16.382601501 -58.337298088 38.814320072
v 16.520725720 -58.242565045 38.164145932
v 16.086573028 -57.730726404 38.146490709
v 15.948448810 -57.825459446 38.796664849
v 23.852845625 -50.638501802 41.138444599
v 23.963623041 -50.577888930 40.465779318
v 23.444490575 -50.134206443 40.420265919
v 23.333713159 -50.194819315 41.092931200
v 29.551553207 -42.572825149 42.418119150
v 29.634042347 -42.557647625 41.728794349
v 29.047763179 -42.190732931 41.666715040
v 28.965274039 -42.205910455 42.356039840
v 33.754142675 -34.569370115 42.687220779
v 33.807577710 -34.612727081 41.989120774
v 33.172766177 -34.321781314 41.922460264
v 33.119331141 -34.278424348 42.620560269
v 36.800314321 -26.865973163 42.003489466
v 36.826282061 -26.978679130 41.307327904
v 36.159330277 -26.756226207 41.246435428
v 36.133362538 -26.643520241 41.942596989
v 38.985818801 -19.509260513 40.446931305
v 38.989725854 -19.693820033 39.764346132
v 38.303003926 -19.532133148 39.716697994
v 38.299096873 -19.347573628 40.399283167
v 40.473863740 -12.412139053 38.116649474
v 40.464122099 -12.660476679 37.456156171
v 39.766470291 -12.557996251 37.427914444
v 39.776211932 -12.309658626 38.088407746
v 41.262872818 -5.452322526 35.126074484
v 41.248257563 -5.750309932 34.491197609
v 40.547780335 -5.712784127 34.489709818
v 40.562395590 -5.414796721 35.124586693
v 41.221827508 1.428806386 31.598649815
v 41.209510211 1.094702230 30.990023333
v 40.516887289 1.058337677 31.024002779
v 40.529204585 1.392441833 31.632629260
v 40.170261859 8.167424123 27.664691104
v 40.165899420 7.806610921 27.083125168
v 39.496063141 7.689518111 27.160796071
v 39.500425580 8.050331313 27.742362007
v 37.964606568 14.572715841 23.458368919
v 37.973694644 14.190574737 22.906404568
v 37.345144027 13.991809564 23.033666459
v 37.336055951 14.373950668 23.585630810
v 34.561879184 20.364441326 19.114274067
v 34.591008986 19.964353462 18.596213847
v 34.023410117 19.690629297 18.775690422
v 33.994280315 20.090717161 19.293750642
v 30.049831423 25.231007793 14.763772516
v 30.107027620 24.816866788 14.284981042
v 29.618191162 24.482514406 14.515790174
v 29.560994965 24.896655412 14.994581649
v 24.645612251 28.889483582 10.531456975
v 24.739550888 28.467854121 10.097485616
v 24.342694461 28.093409648 10.375376465
v 24.248755824 28.515039110 10.809347825
v 18.670503121 31.135549424 6.531886604
v 18.808786190 30.717008881 6.147666082
v 18.510625734 30.326940298 6.465267477
v 18.372342666 30.745480841 6.849487999
v 12.509476383 31.876972749 2.866728839
v 12.696291929 31.476408748 2.535925395
v 12.496167809 31.096507780 2.882924064
v 12.309352263 31.497071781 3.213727508
v 6.563937525 31.148109272 -0.377597136
v 6.797397945 30.783943064 -0.652983438
v 6.687361200 30.438881594 -0.289964284
v 6.453900780 30.803047801 -0.014577982
v 1.205248000 29.105650780 -3.131605332
v 1.474338558 28.798210123 -3.351195085
v 1.439842714 28.509749197 -2.989602114
v 1.170752157 28.817189854 -2.770012361
v -3.263598800 26.007395889 -5.343081637
v -2.984464732 25.777480237 -5.506687631
v -2.964212090 25.564269966 -5.172509284
v -3.243346158 25.794185619 -5.008903289
v -6.582766309 22.158581527 -6.948788190
v -6.421016976 22.047992845 -7.030073561
v -6.397936717 21.946063788 -6.845471873
v -6.559686049 22.056652469 -6.764186502
v -40.562965919 -70.397191854 47.501817245
v -40.515484717 -70.248880348 47.357771305
v -40.551628073 -70.097406175 47.501817245
v -40.599109275 -70.245717681 47.645863184
v -26.433661672 -71.061495970 51.609705634
v -26.374380414 -70.783694619 51.332476309
v -26.454025468 -70.500639098 51.599085000
v -26.513306726 -70.778440449 51.876314325
v -13.341263684 -69.452182716 54.442879168
v -13.344013141 -69.134184360 54.105212718
v -13.462279465 -68.808153541 54.413216171
v -13.459530009 -69.126151897 54.750882621
v -1.563980628 -66.269906762 55.995377919
v -1.643414904 -65.936280333 55.614140445
v -1.789993012 -65.582025899 55.954694500
v -1.710558736 -65.915652328 56.335931974
v 8.901913569 -62.100528471 56.297654684
v 8.739651503 -61.769016801 55.887101983
v 8.579271954 -61.390793680 56.255894820
v 8.741534019 -61.722305350 56.666447521
v 18.251516255 -57.352924869 55.409046536
v 18.006044669 -57.036539909 54.982938499
v 17.844650561 -56.633796654 55.374950763
v 18.090122148 -56.950181614 55.801058800
v 26.748185814 -52.189445861 53.413715836
v 26.422940739 -51.897485378 52.984878189
v 26.264985765 -51.471100382 53.394967292
v 26.590230840 -51.763060865 53.823804940
v 34.582984884 -46.540754076 50.416244370
v 34.182844510 -46.281031143 49.996176361
v 34.023147125 -45.837481041 50.422539476
v 34.423287499 -46.097203974 50.842607485
v 41.773415981 -40.204857872 46.538922679
v 41.303226443 -39.986425379 46.138280344
v 41.132327271 -39.537317207 46.583702121
v 41.602516809 -39.755749700 46.984344455
v 48.141152259 -32.983343640 41.919664667
v 47.606326590 -32.817974911 41.548998040
v 47.417268338 -32.376903988 42.018564306
v 47.952094007 -32.542272716 42.389230933
v 53.364176433 -24.796612639 36.708682585
v 52.772687921 -24.698439257 36.378640978
v 52.564628722 -24.277628011 36.876690575
v 53.156117234 -24.375801393 37.206732182
v 57.068114589 -15.744600043 31.064086549
v 56.432449058 -15.728384744 30.785034774
v 56.210567104 -15.336032786 31.313269414
v 56.846232635 -15.352248085 31.592321190
v 58.920466124 -6.110514243 25.147240387
v 58.258593249 -6.189224921 24.928590728
v 58.031676353 -5.827975897 25.485444938
v 58.693549228 -5.749265218 25.704094596
v 58.705199280 3.677535017 19.118281967
v 58.040258117 3.495262995 18.967789315
v 57.817465273 3.828473746 19.548609272
v 58.482406435 4.010745769 19.699101924
v 56.368445115 13.108659320 13.131920107
v 55.727235489 12.820657991 13.055073178
v 55.515138458 13.133398293 13.652742278
v 56.156348084 13.421399622 13.729589207
v 52.034141637 21.659501439 7.333559096
v 51.444745475 21.271390801 7.333138899
v 51.245369031 21.573513821 7.938934733
v 51.834765192 21.961624459 7.939354930
v 45.992680633 28.861064521 1.855813841
v 45.481672910 28.386514685 1.931657793
v 45.291894888 28.687492872 2.536203225
v 45.802902611 29.162042709 2.460359273
v 38.667823680 34.353753879 -3.184508868
v 38.257573530 33.813658377 -3.035528469
v 38.069912367 34.120108538 -2.441327255
v 38.480162517 34.660204041 -2.590307654
v 30.568428103 37.925141248 -7.688888893
v 30.274927573 37.345881149 -7.472696126
v 30.079453488 37.659854553 -6.896818778
v 30.372954018 38.239114652 -7.113011545
v 22.232190718 39.527500401 -11.578969813
v 22.063696102 38.938628686 -11.303981216
v 21.850586196 39.257062849 -10.752652899
v 22.019080812 39.845934565 -11.027641496
v 14.168720383 39.274540930 -14.797791850
v 14.125293052 38.706266021 -14.474553655
v 13.887436751 39.021749409 -13.951868427
v 13.930864081 39.590024318 -14.275106623
v 6.808803041 37.418942977 -17.310357395
v 6.882651342 36.899730250 -16.951205582
v 6.617706489 37.202459670 -16.459083061
v 6.543858188 37.721672398 -16.818234874
v 0.465805918 34.314172371 -19.103525538
v 0.642208456 33.868635712 -18.722334980
v 0.353600563 34.149169454 -18.260888001
v 0.177198025 34.594706113 -18.642078559
v -4.686071715 30.365586274 -20.185260490
v -4.427511564 30.012655225 -19.797304146
v -4.730965005 30.264772735 -19.365706449
v -4.989525156 30.617703785 -19.753662793
v -8.613432763 25.977117370 -20.583318377
v -8.297402718 25.728308685 -20.205162675
v -8.603238311 25.950960971 -19.803076820
v -8.919268356 26.199769656 -20.181232521
v -11.403699142 21.501080351 -20.343564848
v -11.057819308 21.358694546 -19.992777401
v -11.352495638 21.555741539 -19.622241636
v -11.698375472 21.698127344 -19.973029083
v -13.224783521 17.199963734 -19.528106804
v -12.878675887 17.155320405 -19.222548913
v -13.149527011 17.331877008 -18.889958203
v -13.495634645 17.376520337 -19.195516095
v -14.270488998 13.230077445 -18.212083554
v -13.957621238 13.261975053 -17.969926035
v -14.191013503 13.417039264 -17.688808447
v -14.503881263 13.385141656 -17.930965967
v -14.696761213 9.689608319 -16.433282777
v -14.526898443 9.724972325 -16.311233438
v -14.651730225 9.809482772 -16.161985238
v -14.821592994 9.774118766 -16.284034576
v 12.943744754 -73.417932161 57.450915439
v 12.856349376 -73.280264217 57.315233514
v 12.895179505 -73.121889231 57.450915439
v 12.982574884 -73.259557176 57.586597365
v 25.313483597 -71.520338186 51.551764141
v 25.125959260 -71.267459322 51.310039380
v 25.186362873 -70.973908374 51.570276199
v 25.373887210 -71.226787239 51.812000959
v 37.396479116 -67.483138020 44.889781301
v 37.123065358 -67.205155689 44.638544586
v 37.165939382 -66.872975020 44.959429249
v 37.439353140 -67.150957351 45.210665964
v 48.673446678 -61.194446765 37.655911531
v 48.312544229 -60.918886319 37.417638007
v 48.331145827 -60.569977778 37.792971487
v 48.692048276 -60.845538225 38.031245010
v 58.543045343 -52.703424189 30.039550039
v 58.096266710 -52.455461472 29.830538485
v 58.091683426 -52.104516179 30.256682687
v 58.538462059 -52.352478896 30.465694240
v 66.419042697 -42.293428319 22.230417820
v 65.893822977 -42.097568202 22.063964036
v 65.872283074 -41.753766847 22.536468494
v 66.397502794 -41.949626964 22.702922279
v 71.819761932 -30.455252854 14.414104667
v 71.230307022 -30.334057775 14.301048606
v 71.200445913 -30.000875248 14.813907972
v 71.789900823 -30.122070328 14.926964033
v 74.435251857 -17.830249830 6.767743803
v 73.802315374 -17.802291156 6.716409854
v 73.772387838 -17.477790337 7.262146983
v 74.405324321 -17.505749011 7.313480932
v 74.166902974 -5.136751352 -0.543997832
v 73.516526125 -5.214590530 -0.527989939
v 73.492026634 -4.892637899 0.042142952
v 74.142403483 -4.814798721 0.026135060
v 71.138059339 6.909102432 -7.372504439
v 70.499502671 6.720402135 -7.286384523
v 70.481646445 7.048134428 -6.700678317
v 71.120203113 7.236834726 -6.786798232
v 65.677135077 17.668441122 -13.588279336
v 65.080348614 17.371968152 -13.432158129
v 65.065714055 17.713623414 -12.839299252
v 65.662500518 18.010096384 -12.995420460
v 58.277154529 26.642475013 -19.083417911
v 57.750188714 26.249180322 -18.860191989
v 57.731602132 26.610495849 -18.267478631
v 58.258567947 27.003790541 -18.490704553
v 49.537537443 33.516659510 -23.773423760
v 49.104268079 33.044197778 -23.488579388
v 49.072772768 33.426977831 -22.901581753
v 49.506042133 33.899439562 -23.186426126
v 40.095305205 38.181847326 -27.598323345
v 39.773742829 37.652751866 -27.259688569
v 39.721274384 38.054467334 -26.681856739
v 40.042836760 38.583562793 -27.020491515
v 30.553728318 40.730125376 -30.523050186
v 30.355039710 40.169574083 -30.140551709
v 30.277246115 40.584316450 -29.573156850
v 30.475934723 41.144867743 -29.955655327
v 21.416979282 41.425014125 -32.537089341
v 21.345203791 40.858423273 -32.122552294
v 21.243695549 41.279118042 -31.565120804
v 21.315471039 41.845708894 -31.979657851
v 13.039949277 40.647796066 -33.653426640
v 13.092274015 40.098418087 -33.220385414
v 12.975444343 40.519706862 -32.671800560
v 12.923119605 41.069084842 -33.104841786
v 5.603108448 38.824803354 -33.907014662
v 5.770516224 38.311494576 -33.470331446
v 5.651965368 38.732002352 -32.930588542
v 5.484557592 39.245311129 -33.367271759
v -0.878213940 36.345934541 -33.353292764
v -0.609961404 35.881484688 -32.928144499
v -0.716067047 36.303655262 -32.399998937
v -0.984319583 36.768105115 -32.825147202
v -6.506304054 33.492546829 -32.067277188
v -6.154947848 33.083488508 -31.667278228
v -6.240500847 33.510052176 -31.155904410
v -6.591857054 33.919110497 -31.555903369
v -11.425059664 30.398692369 -30.142231839
v -11.009023264 30.047436658 -29.777761847
v -11.076191130 30.476734971 -29.287357246
v -11.492227530 30.827990682 -29.651827238
v -15.740751196 27.064390512 -27.685599685
v -15.276470229 26.772717290 -27.364048183
v -15.335089218 27.197085662 -26.894473107
v -15.799370184 27.488758884 -27.216024610
v -19.469388624 23.417630591 -24.812929669
v -18.971039388 23.189128137 -24.540236290
v -19.031453570 23.597285234 -24.087815113
v -19.529802805 23.825787689 -24.360508492
v -22.529055896 19.395374190 -21.643276304
v -22.010797903 19.235613049 -21.424623994
v -22.078501961 19.616315962 -20.985983760
v -22.596759954 19.776077102 -21.204636070
v -24.773705608 15.007597920 -18.296614740
v -24.252506798 14.922324283 -18.135795918
v -24.327168409 15.267006516 -17.711058012
v -24.848367218 15.352280153 -17.871876835
v -26.047880057 10.365293023 -14.891497321
v -25.545343042 10.357322780 -14.789755325
v -25.622705009 10.660991692 -14.383850499
v -26.125242024 10.668961935 -14.485592495
v -26.240192291 5.673518028 -11.542000714
v -25.783198783 5.738843702 -11.496849462
v -25.857609181 5.999000757 -11.120112756
v -26.314602689 5.933675083 -11.165264009
v -25.321112759 1.201810853 -8.353485491
v -24.943495339 1.324024667 -8.357066687
v -25.009165551 1.536565549 -8.028345295
v -25.386782971 1.414351735 -8.024764099
v -23.338500984 -2.706159819 -5.394833962
v -23.143852525 -2.622996683 -5.408829831
v -23.178718593 -2.511582367 -5.231710599
v -23.373367052 -2.594745504 -5.217714731
v 72.065152425 -60.412737897 -4.458833802
v 71.899061593 -60.419986040 -4.590596087
v 71.789091621 -60.295305226 -4.458833802
v 71.955182453 -60.288057083 -4.327071516
v 78.320301471 -46.038637728 -12.986862891
v 78.002153233 -46.072833981 -13.221716615
v 77.787591729 -45.863518468 -12.961535267
v 78.105739967 -45.829322216 -12.726681543
v 81.131591951 -31.020027868 -20.813861325
v 80.750097054 -31.113565095 -21.060562717
v 80.488143953 -30.927523918 -20.726020644
v 80.869638850 -30.833986691 -20.479319251
v 80.661872572 -16.263639355 -27.790413953
v 80.242081691 -16.431623651 -28.032313315
v 79.954560575 -16.289048528 -27.632360377
v 80.374351457 -16.121064232 -27.390461015
v 77.268093427 -2.527844972 -33.804505085
v 76.833277126 -2.779690327 -34.033177748
v 76.539814750 -2.689666377 -33.574311745
v 76.974631052 -2.437821022 -33.345639082
v 71.496088990 9.608209657 -38.771734412
v 71.068962099 9.269815667 -38.983809702
v 70.787688168 9.304289133 -38.472321327
v 71.214815059 9.642683123 -38.260246037
v 64.008037982 19.794320035 -42.635897923
v 63.608578639 19.373845550 -42.832266078
v 63.356180461 19.353270857 -42.274772712
v 63.755639804 19.773745342 -42.078404557
v 55.492675235 27.929569684 -45.369178458
v 55.134936360 27.437902452 -45.554412590
v 54.927082654 27.364526161 -44.958226202
v 55.284821529 27.856193393 -44.772992069
v 46.569693368 34.144932029 -46.971841645
v 46.258949776 33.597286524 -47.153026789
v 46.110730980 33.474198371 -46.526779449
v 46.421474573 34.021843877 -46.345594305
v 37.703559726 38.742946411 -47.471525622
v 37.435621017 38.155634183 -47.656058156
v 37.360923286 37.986884337 -47.010517452
v 37.628861995 38.574196565 -46.825984918
v 29.147855595 42.097555539 -46.922042762
v 28.912761529 41.484439107 -47.115027621
v 28.921599251 41.275887285 -46.463220772
v 29.156693318 41.889003718 -46.270235913
v 20.943379939 44.534199465 -45.401039638
v 20.733531443 43.904368239 -45.604705372
v 20.828581067 43.664256399 -44.960100555
v 21.038429563 44.294087626 -44.756434821
v 12.981731525 46.229673515 -43.006045111
v 12.799045417 45.587979601 -43.222686412
v 12.975310645 45.326280728 -42.596169840
v 13.157996752 45.967974642 -42.379528538
v 5.116488971 47.173648300 -39.850246908
v 4.972254403 46.524074785 -40.085339477
v 5.221285274 46.251168641 -39.484071034
v 5.365519841 46.900742156 -39.248978464
v -2.725104980 47.206362557 -36.059380099
v -2.816335002 46.555849314 -36.321123491
v -2.501705191 46.281986453 -35.750153076
v -2.410475169 46.932499696 -35.488409684
v -10.475538730 46.107797637 -31.768904404
v -10.502352353 45.467996237 -32.065473243
v -10.126375191 45.203942163 -31.529810571
v -10.099561568 45.843743563 -31.233241732
v -17.920694896 43.695273587 -27.120512775
v -17.878657837 43.081601772 -27.457734566
v -17.443902154 42.839650320 -26.963239129
v -17.485939213 43.453322134 -26.626017338
v -24.740373755 39.896638094 -22.258143586
v -24.633224082 39.325583985 -22.638432489
v -24.142999392 39.120025361 -22.191633987
v -24.250149064 39.691079469 -21.811345084
v -30.572156858 34.786570979 -17.323945274
v -30.411003331 34.272570832 -17.746150823
v -29.871760577 34.119176727 -17.353580275
v -30.032914104 34.633176874 -16.931374725
v -35.078371805 28.587977374 -12.454440328
v -34.879565739 28.140875738 -12.914174313
v -34.302628645 28.055420709 -12.581578327
v -34.501434712 28.502522344 -12.121844342
v -38.002962288 21.646509501 -7.776994064
v -37.785288850 21.270155246 -8.267178708
v -37.187584126 21.266271368 -7.998777489
v -37.405257564 21.642625623 -7.508592845
v -39.211056177 14.387545258 -3.406654020
v -38.992861727 14.079690032 -3.918163350
v -38.396515264 14.166481248 -3.716015798
v -38.614709714 14.474336474 -3.204506468
v -38.708217047 7.264510933 0.556575112
v -38.505018945 7.017881376 0.034261601
v -37.935857180 7.197746013 0.170755590
v -38.139055282 7.444375570 0.693069102
v -36.639335811 0.706513194 4.029948908
v -36.462329535 0.510708962 3.508169948
v -35.947480070 0.777751800 3.582614246
v -36.124486346 0.973556032 4.104393207
v -33.269388805 -4.927907281 6.949610150
v -33.125065256 -5.084177434 6.440166494
v -32.689962254 -4.744914404 6.459361793
v -32.834285802 -4.588644251 6.968805449
v -28.950068119 -9.385494300 9.271511638
v -28.840886262 -9.512352230 8.786800593
v -28.506016279 -9.124866204 8.760818209
v -28.615198135 -8.998008275 9.245529255
v -24.077603036 -12.537674082 10.971375745
v -24.003347326 -12.642529941 10.525684726
v -23.780973502 -12.239585778 10.467935009
v -23.855229212 -12.134729919 10.913626028
v -19.047960700 -14.382131102 12.042431846
v -19.007066744 -14.468255764 11.657134320
v -18.897798601 -14.093558981 11.584976506
v -18.938692556 -14.007434319 11.970274032
v -14.229590122 -14.996608336 12.441476141
v -14.214253725 -15.042047783 12.234836198
v -14.180557377 -14.836985541 12.192244557
v -14.195893774 -14.791546095 12.398884500
vt 0.000000000 0.000000000
vt 0.000000000 0.250000000
vt 0.000000000 0.500000000
vt 0.000000000 0.750000000
vt 0.015625000 0.000000000
vt 0.015625000 0.250000000
vt 0.015625000 0.500000000
vt 0.015625000 0.750000000
vt 0.031250000 0.000000000
vt 0.031250000 0.250000000
vt 0.031250000 0.500000000
vt 0.031250000 0.750000000
vt 0.046875000 0.000000000
vt 0.046875000 0.250000000
vt 0.046875000 0.500000000
vt 0.046875000 0.750000000
vt 0.062500000 0.000000000
vt 0.062500000 0.250000000
vt 0.062500000 0.500000000
vt 0.062500000 0.750000000
vt 0.078125000 0.000000000
vt 0.078125000 0.250000000
vt 0.078125000 0.500000000
vt 0.078125000 0.750000000
vt 0.093750000 0.000000000
vt 0.093750000 0.250000000
vt 0.093750000 0.500000000
vt 0.093750000 0.750000000
vt 0.109375000 0.000000000
vt 0.109375000 0.250000000
vt 0.109375000 0.500000000
vt 0.109375000 0.750000000
vt 0.125000000 0.000000000
vt 0.125000000 0.250000000
vt 0.125000000 0.500000000
vt 0.125000000 0.750000000
vt 0.140625000 0.000000000
vt 0.140625000 0.250000000
vt 0.140625000 0.500000000
vt 0.140625000 0.750000000
vt 0.156250000 0.000000000
vt 0.156250000 0.250000000
vt 0.156250000 0.500000000
vt 0.156250000 0.750000000
vt 0.171875000 0.000000000
vt 0.171875000 0.250000000
vt 0.171875000 0.500000000
vt 0.171875000 0.750000000
vt 0.187500000 0.000000000
vt 0.187500000 0.250000000
vt 0.187500000 0.500000000
vt 0.187500000 0.750000000
vt 0.203125000 0.000000000
vt 0.203125000 0.250000000
vt 0.203125000 0.500000000
vt 0.203125000 0.750000000
vt 0.218750000 0.000000000
vt 0.218750000 0.250000000
vt 0.218750000 0.500000000
vt 0.218750000 0.750000000
vt 0.234375000 0.000000000
vt 0.234375000 0.250000000
vt 0.234375000 0.500000000
vt 0.234375000 0.750000000
vt 0.250000000 0.000000000
vt 0.250000000 0.250000000
vt 0.250000000 0.500000000
vt 0.250000000 0.750000000
vt 0.265625000 0.000000000
vt 0.265625000 0.250000000
vt 0.265625000 0.500000000
vt 0.265625000 0.750000000
vt 0.281250000 0.000000000
vt 0.281250000 0.250000000
vt 0.281250000 0.500000000
vt 0.281250000 0.750000000
vt 0.296875000 0.000000000
vt 0.296875000 0.250000000
vt 0.296875000 0.500000000
vt 0.296875000 0.750000000
vt 0.312500000 0.000000000
vt 0.312500000 0.250000000
vt 0.312500000 0.500000000
vt 0.312500000 0.750000000
vt 0.328125000 0.000000000
vt 0.328125000 0.250000000
vt 0.328125000 0.500000000
vt 0.328125000 0.750000000
vt 0.343750000 0.000000000
vt 0.343750000 0.250000000
vt 0.343750000 0.500000000
vt 0.343750000 0.750000000
vt 0.359375000 0.000000000
vt 0.359375000 0.250000000
vt 0.359375000 0.500000000
vt 0.359375000 0.750000000
vt 0.375000000 0.000000000
vt 0.375000000 0.250000000
vt 0.375000000 0.500000000
vt 0.375000000 0.750000000
vt 0.390625000 0.000000000
vt 0.390625000 0.250000000
vt 0.390625000 0.500000000
vt 0.390625000 0.750000000
vt 0.406250000 0.000000000
vt 0.406250000 0.250000000
vt 0.406250000 0.500000000
vt 0.406250000 0.750000000
vt 0.421875000 0.000000000
vt 0.421875000 0.250000000
vt 0.421875000 0.500000000
vt 0.421875000 0.750000000
vt 0.437500000 0.000000000
vt 0.437500000 0.250000000
vt 0.437500000 0.500000000
vt 0.437500000 0.750000000
vt 0.453125000 0.000000000
vt 0.453125000 0.250000000
vt 0.453125000 0.500000000
vt 0.453125000 0.750000000
vt 0.468750000 0.000000000
vt 0.468750000 0.250000000
vt 0.468750000 0.500000000
vt 0.468750000 0.750000000
vt 0.484375000 0.000000000
vt 0.484375000 0.250000000
vt 0.484375000 0.500000000
vt 0.484375000 0.750000000
vt 0.500000000 0.000000000
vt 0.500000000 0.250000000
vt 0.500000000 0.500000000
vt 0.500000000 0.750000000
vt 0.515625000 0.000000000
vt 0.515625000 0.250000000
vt 0.515625000 0.500000000
vt 0.515625000 0.750000000
vt 0.531250000 0.000000000
vt 0.531250000 0.250000000
vt 0.531250000 0.500000000
vt 0.531250000 0.750000000
vt 0.546875000 0.000000000
vt 0.546875000 0.250000000
vt 0.546875000 0.500000000
vt 0.546875000 0.750000000
vt 0.562500000 0.000000000
vt 0.562500000 0.250000000
vt 0.562500000 0.500000000
vt 0.562500000 0.750000000
vt 0.578125000 0.000000000
vt 0.578125000 0.250000000
vt 0.578125000 0.500000000
vt 0.578125000 0.750000000
vt 0.593750000 0.000000000
vt 0.593750000 0.250000000
vt 0.593750000 0.500000000
vt 0.593750000 0.750000000
vt 0.609375000 0.000000000
vt 0.609375000 0.250000000
vt 0.609375000 0.500000000
vt 0.609375000 0.750000000
vt 0.625000000 0.000000000
vt 0.625000000 0.250000000
vt 0.625000000 0.500000000
vt 0.625000000 0.750000000
vt 0.640625000 0.000000000
vt 0.640625000 0.250000000
vt 0.640625000 0.500000000
vt 0.640625000 0.750000000
vt 0.656250000 0.000000000
vt 0.656250000 0.250000000
vt 0.656250000 0.500000000
vt 0.656250000 0.750000000
vt 0.671875000 0.000000000
vt 0.671875000 0.250000000
vt 0.671875000 0.500000000
vt 0.671875000 0.750000000
vt 0.687500000 0.000000000
vt 0.687500000 0.250000000
vt 0.687500000 0.500000000
vt 0.687500000 0.750000000
vt 0.703125000 0.000000000
vt 0.703125000 0.250000000
vt 0.703125000 0.500000000
vt 0.703125000 0.750000000
vt 0.718750000 0.000000000
vt 0.718750000 0.250000000
vt 0.718750000 0.500000000
vt 0.718750000 0.750000000
vt 0.734375000 0.000000000
vt 0.734375000 0.250000000
vt 0.734375000 0.500000000
vt 0.734375000 0.750000000
vt 0.750000000 0.000000000
vt 0.750000000 0.250000000
vt 0.750000000 0.500000000
vt 0.750000000 0.750000000
vt 0.765625000 0.000000000
vt 0.765625000 0.250000000
vt 0.765625000 0.500000000
vt 0.765625000 0.750000000
vt 0.781250000 0.000000000
vt 0.781250000 0.250000000
vt 0.781250000 0.500000000
vt 0.781250000 0.750000000
vt 0.796875000 0.000000000
vt 0.796875000 0.250000000
vt 0.796875000 0.500000000
vt 0.796875000 0.750000000
vt 0.812500000 0.000000000
vt 0.812500000 0.250000000
vt 0.812500000 0.500000000
vt 0.812500000 0.750000000
vt 0.828125000 0.000000000
vt 0.828125000 0.250000000
vt 0.828125000 0.500000000
vt 0.828125000 0.750000000
vt 0.843750000 0.000000000
vt 0.843750000 0.250000000
vt 0.843750000 0.500000000
vt 0.843750000 0.750000000
vt 0.859375000 0.000000000
vt 0.859375000 0.250000000
vt 0.859375000 0.500000000
vt 0.859375000 0.750000000
vt 0.875000000 0.000000000
vt 0.875000000 0.250000000
vt 0.875000000 0.500000000
vt 0.875000000 0.750000000
vt 0.890625000 0.000000000
vt 0.890625000 0.250000000
vt 0.890625000 0.500000000
vt 0.890625000 0.750000000
vt 0.906250000 0.000000000
vt 0.906250000 0.250000000
vt 0.906250000 0.500000000
vt 0.906250000 0.750000000
vt 0.921875000 0.000000000
vt 0.921875000 0.250000000
vt 0.921875000 0.500000000
vt 0.921875000 0.750000000
vt 0.937500000 0.000000000
vt 0.937500000 0.250000000
vt 0.937500000 0.500000000
vt 0.937500000 0.750000000
vt 0.953125000 0.000000000
vt 0.953125000 0.250000000
vt 0.953125000 0.500000000
vt 0.953125000 0.750000000
vt 0.968750000 0.000000000
vt 0.968750000 0.250000000
vt 0.968750000 0.500000000
vt 0.968750000 0.750000000
vt 0.984375000 0.000000000
vt 0.984375000 0.250000000
vt 0.984375000 0.500000000
vt 0.984375000 0.750000000
vt 1.000000000 0.000000000
vt 1.000000000 0.250000000
vt 1.000000000 0.500000000
vt 1.000000000 0.750000000
vt 0.000000000 2.000000000
vt 0.000000000 2.250000000
vt 0.000000000 2.500000000
vt 0.000000000 2.750000000
vt 0.015625000 2.000000000
vt 0.015625000 2.250000000
vt 0.015625000 2.500000000
vt 0.015625000 2.750000000
vt 0.031250000 2.000000000
vt 0.031250000 2.250000000
vt 0.031250000 2.500000000
vt 0.031250000 2.750000000
vt 0.046875000 2.000000000
vt 0.046875000 2.250000000
vt 0.046875000 2.500000000
vt 0.046875000 2.750000000
vt 0.062500000 2.000000000
vt 0.062500000 2.250000000
vt 0.062500000 2.500000000
vt 0.062500000 2.750000000
vt 0.078125000 2.000000000
vt 0.078125000 2.250000000
vt 0.078125000 2.500000000
vt 0.078125000 2.750000000
vt 0.093750000 2.000000000
vt 0.093750000 2.250000000
vt 0.093750000 2.500000000
vt 0.093750000 2.750000000
vt 0.109375000 2.000000000
vt 0.109375000 2.250000000
vt 0.109375000 2.500000000
vt 0.109375000 2.750000000
vt 0.125000000 2.000000000
vt 0.125000000 2.250000000
vt 0.125000000 2.500000000
vt 0.125000000 2.750000000
vt 0.140625000 2.000000000
vt 0.140625000 2.250000000
vt 0.140625000 2.500000000
vt 0.140625000 2.750000000
vt 0.156250000 2.000000000
vt 0.156250000 2.250000000
vt 0.156250000 2.500000000
vt 0.156250000 2.750000000
vt 0.171875000 2.000000000
vt 0.171875000 2.250000000
vt 0.171875000 2.500000000
vt 0.171875000 2.750000000
vt 0.187500000 2.000000000
vt 0.187500000 2.250000000
vt 0.187500000 2.500000000
vt 0.187500000 2.750000000
vt 0.203125000 2.000000000
vt 0.203125000 2.250000000
vt 0.203125000 2.500000000
vt 0.203125000 2.750000000
vt 0.218750000 2.000000000
vt 0.218750000 2.250000000
vt 0.218750000 2.500000000
vt 0.218750000 2.750000000
vt 0.234375000 2.000000000
vt 0.234375000 2.250000000
vt 0.234375000 2.500000000
vt 0.234375000 2.750000000
vt 0.250000000 2.000000000
vt 0.250000000 2.250000000
vt 0.250000000 2.500000000
vt 0.250000000 2.750000000
vt 0.265625000 2.000000000
vt 0.265625000 2.250000000
vt 0.265625000 2.500000000
vt 0.265625000 2.750000000
vt 0.281250000 2.000000000
vt 0.281250000 2.250000000
vt 0.281250000 2.500000000
vt 0.281250000 2.750000000
vt 0.296875000 2.000000000
vt 0.296875000 2.250000000
vt 0.296875000 2.500000000
vt 0.296875000 2.750000000
vt 0.312500000 2.000000000
vt 0.312500000 2.250000000
vt 0.312500000 2.500000000
vt 0.312500000 2.750000000
vt 0.328125000 2.000000000
vt 0.328125000 2.250000000
vt 0.328125000 2.500000000
vt 0.328125000 2.750000000
vt 0.343750000 2.000000000
vt 0.343750000 2.250000000
vt 0.343750000 2.500000000
vt 0.343750000 2.750000000
vt 0.359375000 2.000000000
vt 0.359375000 2.250000000
vt 0.359375000 2.500000000
vt 0.359375000 2.750000000
vt 0.375000000 2.000000000
vt 0.375000000 2.250000000
vt 0.375000000 2.500000000
vt 0.375000000 2.750000000
vt 0.390625000 2.000000000
vt 0.390625000 2.250000000
vt 0.390625000 2.500000000
vt 0.390625000 2.750000000
vt 0.406250000 2.000000000
vt 0.406250000 2.250000000
vt 0.406250000 2.500000000
vt 0.406250000 2.750000000
vt 0.421875000 2.000000000
vt 0.421875000 2.250000000
vt 0.421875000 2.500000000
vt 0.421875000 2.750000000
vt 0.437500000 2.000000000
vt 0.437500000 2.250000000
vt 0.437500000 2.500000000
vt 0.437500000 2.750000000
vt 0.453125000 2.000000000
vt 0.453125000 2.250000000
vt 0.453125000 2.500000000
vt 0.453125000 2.750000000
vt 0.468750000 2.000000000
vt 0.468750000 2.250000000
vt 0.468750000 2.500000000
vt 0.468750000 2.750000000
vt 0.484375000 2.000000000
vt 0.484375000 2.250000000
vt 0.484375000 2.500000000
vt 0.484375000 2.750000000
vt 0.500000000 2.000000000
vt 0.500000000 2.250000000
vt 0.500000000 2.500000000
vt 0.500000000 2.750000000
vt 0.515625000 2.000000000
vt 0.515625000 2.250000000
vt 0.515625000 2.500000000
vt 0.515625000 2.750000000
vt 0.531250000 2.000000000
vt 0.531250000 2.250000000
vt 0.531250000 2.500000000
vt 0.531250000 2.750000000
vt 0.546875000 2.000000000
vt 0.546875000 2.250000000
vt 0.546875000 2.500000000
vt 0.546875000 2.750000000
vt 0.562500000 2.000000000
vt 0.562500000 2.250000000
vt 0.562500000 2.500000000
vt 0.562500000 2.750000000
vt 0.578125000 2.000000000
vt 0.578125000 2.250000000
vt 0.578125000 2.500000000
vt 0.578125000 2.750000000
vt 0.593750000 2.000000000
vt 0.593750000 2.250000000
vt 0.593750000 2.500000000
vt 0.593750000 2.750000000
vt 0.609375000 2.000000000
vt 0.609375000 2.250000000
vt 0.609375000 2.500000000
vt 0.609375000 2.750000000
vt 0.625000000 2.000000000
vt 0.625000000 2.250000000
vt 0.625000000 2.500000000
vt 0.625000000 2.750000000
vt 0.640625000 2.000000000
vt 0.640625000 2.250000000
vt 0.640625000 2.500000000
vt 0.640625000 2.750000000
vt 0.656250000 2.000000000
vt 0.656250000 2.250000000
vt 0.656250000 2.500000000
vt 0.656250000 2.750000000
vt 0.671875000 2.000000000
vt 0.671875000 2.250000000
vt 0.671875000 2.500000000
vt 0.671875000 2.750000000
vt 0.687500000 2.000000000
vt 0.687500000 2.250000000
vt 0.687500000 2.500000000
vt 0.687500000 2.750000000
vt 0.703125000 2.000000000
vt 0.703125000 2.250000000
vt 0.703125000 2.500000000
vt 0.703125000 2.750000000
vt 0.718750000 2.000000000
vt 0.718750000 2.250000000
vt 0.718750000 2.500000000
vt 0.718750000 2.750000000
vt 0.734375000 2.000000000
vt 0.734375000 2.250000000
vt 0.734375000 2.500000000
vt 0.734375000 2.750000000
vt 0.750000000 2.000000000
vt 0.750000000 2.250000000
vt 0.750000000 2.500000000
vt 0.750000000 2.750000000
vt 0.765625000 2.000000000
vt 0.765625000 2.250000000
vt 0.765625000 2.500000000
vt 0.765625000 2.750000000
vt 0.781250000 2.000000000
vt 0.781250000 2.250000000
vt 0.781250000 2.500000000
vt 0.781250000 2.750000000
vt 0.796875000 2.000000000
vt 0.796875000 2.250000000
vt 0.796875000 2.500000000
vt 0.796875000 2.750000000
vt 0.812500000 2.000000000
vt 0.812500000 2.250000000
vt 0.812500000 2.500000000
vt 0.812500000 2.750000000
vt 0.828125000 2.000000000
vt 0.828125000 2.250000000
vt 0.828125000 2.500000000
vt 0.828125000 2.750000000
vt 0.843750000 2.000000000
vt 0.843750000 2.250000000
vt 0.843750000 2.500000000
vt 0.843750000 2.750000000
vt 0.859375000 2.000000000
vt 0.859375000 2.250000000
vt 0.859375000 2.500000000
vt 0.859375000 2.750000000
vt 0.875000000 2.000000000
vt 0.875000000 2.250000000
vt 0.875000000 2.500000000
vt 0.875000000 2.750000000
vt 0.890625000 2.000000000
vt 0.890625000 2.250000000
vt 0.890625000 2.500000000
vt 0.890625000 2.750000000
vt 0.906250000 2.000000000
vt 0.906250000 2.250000000
vt 0.906250000 2.500000000
vt 0.906250000 2.750000000
vt 0.921875000 2.000000000
vt 0.921875000 2.250000000
vt 0.921875000 2.500000000
vt 0.921875000 2.750000000
vt 0.937500000 2.000000000
vt 0.937500000 2.250000000
vt 0.937500000 2.500000000
vt 0.937500000 2.750000000
vt 0.953125000 2.000000000
vt 0.953125000 2.250000000
vt 0.953125000 2.500000000
vt 0.953125000 2.750000000
vt 0.968750000 2.000000000
vt 0.968750000 2.250000000
vt 0.968750000 2.500000000
vt 0.968750000 2.750000000
vt 0.984375000 2.000000000
vt 0.984375000 2.250000000
vt 0.984375000 2.500000000
vt 0.984375000 2.750000000
vt 1.000000000 2.000000000
vt 1.000000000 2.250000000
vt 1.000000000 2.500000000
vt 1.000000000 2.750000000
vt 0.000000000 4.000000000
vt 0.000000000 4.250000000
vt 0.000000000 4.500000000
vt 0.000000000 4.750000000
vt 0.015625000 4.000000000
vt 0.015625000 4.250000000
vt 0.015625000 4.500000000
vt 0.015625000 4.750000000
vt 0.031250000 4.000000000
vt 0.031250000 4.250000000
vt 0.031250000 4.500000000
vt 0.031250000 4.750000000
vt 0.046875000 4.000000000
vt 0.046875000 4.250000000
vt 0.046875000 4.500000000
vt 0.046875000 4.750000000
vt 0.062500000 4.000000000
vt 0.062500000 4.250000000
vt 0.062500000 4.500000000
vt 0.062500000 4.750000000
vt 0.078125000 4.000000000
vt 0.078125000 4.250000000
vt 0.078125000 4.500000000
vt 0.078125000 4.750000000
vt 0.093750000 4.000000000
vt 0.093750000 4.250000000
vt 0.093750000 4.500000000
vt 0.093750000 4.750000000
vt 0.109375000 4.000000000
vt 0.109375000 4.250000000
vt 0.109375000 4.500000000
vt 0.109375000 4.750000000
vt 0.125000000 4.000000000
vt 0.125000000 4.250000000
vt 0.125000000 4.500000000
vt 0.125000000 4.750000000
vt 0.140625000 4.000000000
vt 0.140625000 4.250000000
vt 0.140625000 4.500000000
vt 0.140625000 4.750000000
vt 0.156250000 4.000000000
vt 0.156250000 4.250000000
vt 0.156250000 4.500000000
vt 0.156250000 4.750000000
vt 0.171875000 4.000000000
vt 0.171875000 4.250000000
vt 0.171875000 4.500000000
vt 0.171875000 4.750000000
vt 0.187500000 4.000000000
vt 0.187500000 4.250000000
vt 0.187500000 4.500000000
vt 0.187500000 4.750000000
vt 0.203125000 4.000000000
vt 0.203125000 4.250000000
vt 0.203125000 4.500000000
vt 0.203125000 4.750000000
vt 0.218750000 4.000000000
vt 0.218750000 4.250000000
vt 0.218750000 4.500000000
vt 0.218750000 4.750000000
vt 0.234375000 4.000000000
vt 0.234375000 4.250000000
vt 0.234375000 4.500000000
vt 0.234375000 4.750000000
vt 0.250000000 4.000000000
vt 0.250000000 4.250000000
vt 0.250000000 4.500000000
vt 0.250000000 4.750000000
vt 0.265625000 4.000000000
vt 0.265625000 4.250000000
vt 0.265625000 4.500000000
vt 0.265625000 4.750000000
vt 0.281250000 4.000000000
vt 0.281250000 4.250000000
vt 0.281250000 4.500000000
vt 0.281250000 4.750000000
vt 0.296875000 4.000000000
vt 0.296875000 4.250000000
vt 0.296875000 4.500000000
vt 0.296875000 4.750000000
vt 0.312500000 4.000000000
vt 0.312500000 4.250000000
vt 0.312500000 4.500000000
vt 0.312500000 4.750000000
vt 0.328125000 4.000000000
vt 0.328125000 4.250000000
vt 0.328125000 4.500000000
vt 0.328125000 4.750000000
vt 0.343750000 4.000000000
vt 0.343750000 4.250000000
vt 0.343750000 4.500000000
vt 0.343750000 4.750000000
vt 0.359375000 4.000000000
vt 0.359375000 4.250000000
vt 0.359375000 4.500000000
vt 0.359375000 4.750000000
vt 0.375000000 4.000000000
vt 0.375000000 4.250000000
vt 0.375000000 4.500000000
vt 0.375000000 4.750000000
vt 0.390625000 4.000000000
vt 0.390625000 4.250000000
vt 0.390625000 4.500000000
vt 0.390625000 4.750000000
vt 0.406250000 4.000000000
vt 0.406250000 4.250000000
vt 0.406250000 4.500000000
vt 0.406250000 4.750000000
vt 0.421875000 4.000000000
vt 0.421875000 4.250000000
vt 0.421875000 4.500000000
vt 0.421875000 4.750000000
vt 0.437500000 4.000000000
vt 0.437500000 4.250000000
vt 0.437500000 4.500000000
vt 0.437500000 4.750000000
vt 0.453125000 4.000000000
vt 0.453125000 4.250000000
vt 0.453125000 4.500000000
vt 0.453125000 4.750000000
vt 0.468750000 4.000000000
vt 0.468750000 4.250000000
vt 0.468750000 4.500000000
vt 0.468750000 4.750000000
vt 0.484375000 4.000000000
vt 0.484375000 4.250000000
vt 0.484375000 4.500000000
vt 0.484375000 4.750000000
vt 0.500000000 4.000000000
vt 0.500000000 4.250000000
vt 0.500000000 4.500000000
vt 0.500000000 4.750000000
vt 0.515625000 4.000000000
vt 0.515625000 4.250000000
vt 0.515625000 4.500000000
vt 0.515625000 4.750000000
vt 0.531250000 4.000000000
vt 0.531250000 4.250000000
vt 0.531250000 4.500000000
vt 0.531250000 4.750000000
vt 0.546875000 4.000000000
vt 0.546875000 4.250000000
vt 0.546875000 4.500000000
vt 0.546875000 4.750000000
vt 0.562500000 4.000000000
vt 0.562500000 4.250000000
vt 0.562500000 4.500000000
vt 0.562500000 4.750000000
vt 0.578125000 4.000000000
vt 0.578125000 4.250000000
vt 0.578125000 4.500000000
vt 0.578125000 4.750000000
vt 0.593750000 4.000000000
vt 0.593750000 4.250000000
vt 0.593750000 4.500000000
vt 0.593750000 4.750000000
vt 0.609375000 4.000000000
vt 0.609375000 4.250000000
vt 0.609375000 4.500000000
vt 0.609375000 4.750000000
vt 0.625000000 4.000000000
vt 0.625000000 4.250000000
vt 0.625000000 4.500000000
vt 0.625000000 4.750000000
vt 0.640625000 4.000000000
vt 0.640625000 4.250000000
vt 0.640625000 4.500000000
vt 0.640625000 4.750000000
vt 0.656250000 4.000000000
vt 0.656250000 4.250000000
vt 0.656250000 4.500000000
vt 0.656250000 4.750000000
vt 0.671875000 4.000000000
vt 0.671875000 4.250000000
vt 0.671875000 4.500000000
vt 0.671875000 4.750000000
vt 0.687500000 4.000000000
vt 0.687500000 4.250000000
vt 0.687500000 4.500000000
vt 0.687500000 4.750000000
vt 0.703125000 4.000000000
vt 0.703125000 4.250000000
vt 0.703125000 4.500000000
vt 0.703125000 4.750000000
vt 0.718750000 4.000000000
vt 0.718750000 4.250000000
vt 0.718750000 4.500000000
vt 0.718750000 4.750000000
vt 0.734375000 4.000000000
vt 0.734375000 4.250000000
vt 0.734375000 4.500000000
vt 0.734375000 4.750000000
vt 0.750000000 4.000000000
vt 0.750000000 4.250000000
vt 0.750000000 4.500000000
vt 0.750000000 4.750000000
vt 0.765625000 4.000000000
vt 0.765625000 4.250000000
vt 0.765625000 4.500000000
vt 0.765625000 4.750000000
vt 0.781250000 4.000000000
vt 0.781250000 4.250000000
vt 0.781250000 4.500000000
vt 0.781250000 4.750000000
vt 0.796875000 4.000000000
vt 0.796875000 4.250000000
vt 0.796875000 4.500000000
vt 0.796875000 4.750000000
vt 0.812500000 4.000000000
vt 0.812500000 4.250000000
vt 0.812500000 4.500000000
vt 0.812500000 4.750000000
vt 0.828125000 4.000000000
vt 0.828125000 4.250000000
vt 0.828125000 4.500000000
vt 0.828125000 4.750000000
vt 0.843750000 4.000000000
vt 0.843750000 4.250000000
vt 0.843750000 4.500000000
vt 0.843750000 4.750000000
vt 0.859375000 4.000000000
vt 0.859375000 4.250000000
vt 0.859375000 4.500000000
vt 0.859375000 4.750000000
vt 0.875000000 4.000000000
vt 0.875000000 4.250000000
vt 0.875000000 4.500000000
vt 0.875000000 4.750000000
vt 0.890625000 4.000000000
vt 0.890625000 4.250000000
vt 0.890625000 4.500000000
vt 0.890625000 4.750000000
vt 0.906250000 4.000000000
vt 0.906250000 4.250000000
vt 0.906250000 4.500000000
vt 0.906250000 4.750000000
vt 0.921875000 4.000000000
vt 0.921875000 4.250000000
vt 0.921875000 4.500000000
vt 0.921875000 4.750000000
vt 0.937500000 4.000000000
vt 0.937500000 4.250000000
vt 0.937500000 4.500000000
vt 0.937500000 4.750000000
vt 0.953125000 4.000000000
vt 0.953125000 4.250000000
vt 0.953125000 4.500000000
vt 0.953125000 4.750000000
vt 0.968750000 4.000000000
vt 0.968750000 4.250000000
vt 0.968750000 4.500000000
vt 0.968750000 4.750000000
vt 0.984375000 4.000000000
vt 0.984375000 4.250000000
vt 0.984375000 4.500000000
vt 0.984375000 4.750000000
vt 1.000000000 4.000000000
vt 1.000000000 4.250000000
vt 1.000000000 4.500000000
vt 1.000000000 4.750000000
vt 4.000000000 6.000000000
vt 4.000000000 6.250000000
vt 4.000000000 6.500000000
vt 4.000000000 6.750000000
vt 4.035714286 6.000000000
vt 4.035714286 6.250000000
vt 4.035714286 6.500000000
vt 4.035714286 6.750000000
vt 4.071428571 6.000000000
vt 4.071428571 6.250000000
vt 4.071428571 6.500000000
vt 4.071428571 6.750000000
vt 4.107142857 6.000000000
vt 4.107142857 6.250000000
vt 4.107142857 6.500000000
vt 4.107142857 6.750000000
vt 4.142857143 6.000000000
vt 4.142857143 6.250000000
vt 4.142857143 6.500000000
vt 4.142857143 6.750000000
vt 4.178571429 6.000000000
vt 4.178571429 6.250000000
vt 4.178571429 6.500000000
vt 4.178571429 6.750000000
vt 4.214285714 6.000000000
vt 4.214285714 6.250000000
vt 4.214285714 6.500000000
vt 4.214285714 6.750000000
vt 4.250000000 6.000000000
vt 4.250000000 6.250000000
vt 4.250000000 6.500000000
vt 4.250000000 6.750000000
vt 4.285714286 6.000000000
vt 4.285714286 6.250000000
vt 4.285714286 6.500000000
vt 4.285714286 6.750000000
vt 4.321428571 6.000000000
vt 4.321428571 6.250000000
vt 4.321428571 6.500000000
vt 4.321428571 6.750000000
vt 4.357142857 6.000000000
vt 4.357142857 6.250000000
vt 4.357142857 6.500000000
vt 4.357142857 6.750000000
vt 4.392857143 6.000000000
vt 4.392857143 6.250000000
vt 4.392857143 6.500000000
vt 4.392857143 6.750000000
vt 4.428571429 6.000000000
vt 4.428571429 6.250000000
vt 4.428571429 6.500000000
vt 4.428571429 6.750000000
vt 4.464285714 6.000000000
vt 4.464285714 6.250000000
vt 4.464285714 6.500000000
vt 4.464285714 6.750000000
vt 4.500000000 6.000000000
vt 4.500000000 6.250000000
vt 4.500000000 6.500000000
vt 4.500000000 6.750000000
vt 4.535714286 6.000000000
vt 4.535714286 6.250000000
vt 4.535714286 6.500000000
vt 4.535714286 6.750000000
vt 4.571428571 6.000000000
vt 4.571428571 6.250000000
vt 4.571428571 6.500000000
vt 4.571428571 6.750000000
vt 4.607142857 6.000000000
vt 4.607142857 6.250000000
vt 4.607142857 6.500000000
vt 4.607142857 6.750000000
vt 4.642857143 6.000000000
vt 4.642857143 6.250000000
vt 4.642857143 6.500000000
vt 4.642857143 6.750000000
vt 4.678571429 6.000000000
vt 4.678571429 6.250000000
vt 4.678571429 6.500000000
vt 4.678571429 6.750000000
vt 4.714285714 6.000000000
vt 4.714285714 6.250000000
vt 4.714285714 6.500000000
vt 4.714285714 6.750000000
vt 4.750000000 6.000000000
vt 4.750000000 6.250000000
vt 4.750000000 6.500000000
vt 4.750000000 6.750000000
vt 4.785714286 6.000000000
vt 4.785714286 6.250000000
vt 4.785714286 6.500000000
vt 4.785714286 6.750000000
vt 4.821428571 6.000000000
vt 4.821428571 6.250000000
vt 4.821428571 6.500000000
vt 4.821428571 6.750000000
vt 4.857142857 6.000000000
vt 4.857142857 6.250000000
vt 4.857142857 6.500000000
vt 4.857142857 6.750000000
vt 4.892857143 6.000000000
vt 4.892857143 6.250000000
vt 4.892857143 6.500000000
vt 4.892857143 6.750000000
vt 4.928571429 6.000000000
vt 4.928571429 6.250000000
vt 4.928571429 6.500000000
vt 4.928571429 6.750000000
vt 4.964285714 6.000000000
vt 4.964285714 6.250000000
vt 4.964285714 6.500000000
vt 4.964285714 6.750000000
vt 5.000000000 6.000000000
vt 5.000000000 6.250000000
vt 5.000000000 6.500000000
vt 5.000000000 6.750000000
vt 4.000000000 8.000000000
vt 4.000000000 8.250000000
vt 4.000000000 8.500000000
vt 4.000000000 8.750000000
vt 4.035714286 8.000000000
vt 4.035714286 8.250000000
vt 4.035714286 8.500000000
vt 4.035714286 8.750000000
vt 4.071428571 8.000000000
vt 4.071428571 8.250000000
vt 4.071428571 8.500000000
vt 4.071428571 8.750000000
vt 4.107142857 8.000000000
vt 4.107142857 8.250000000
vt 4.107142857 8.500000000
vt 4.107142857 8.750000000
vt 4.142857143 8.000000000
vt 4.142857143 8.250000000
vt 4.142857143 8.500000000
vt 4.142857143 8.750000000
vt 4.178571429 8.000000000
vt 4.178571429 8.250000000
vt 4.178571429 8.500000000
vt 4.178571429 8.750000000
vt 4.214285714 8.000000000
vt 4.214285714 8.250000000
vt 4.214285714 8.500000000
vt 4.214285714 8.750000000
vt 4.250000000 8.000000000
vt 4.250000000 8.250000000
vt 4.250000000 8.500000000
vt 4.250000000 8.750000000
vt 4.285714286 8.000000000
vt 4.285714286 8.250000000
vt 4.285714286 8.500000000
vt 4.285714286 8.750000000
vt 4.321428571 8.000000000
vt 4.321428571 8.250000000
vt 4.321428571 8.500000000
vt 4.321428571 8.750000000
vt 4.357142857 8.000000000
vt 4.357142857 8.250000000
vt 4.357142857 8.500000000
vt 4.357142857 8.750000000
vt 4.392857143 8.000000000
vt 4.392857143 8.250000000
vt 4.392857143 8.500000000
vt 4.392857143 8.750000000
vt 4.428571429 8.000000000
vt 4.428571429 8.250000000
vt 4.428571429 8.500000000
vt 4.428571429 8.750000000
vt 4.464285714 8.000000000
vt 4.464285714 8.250000000
vt 4.464285714 8.500000000
vt 4.464285714 8.750000000
vt 4.500000000 8.000000000
vt 4.500000000 8.250000000
vt 4.500000000 8.500000000
vt 4.500000000 8.750000000
vt 4.535714286 8.000000000
vt 4.535714286 8.250000000
vt 4.535714286 8.500000000
vt 4.535714286 8.750000000
vt 4.571428571 8.000000000
vt 4.571428571 8.250000000
vt 4.571428571 8.500000000
vt 4.571428571 8.750000000
vt 4.607142857 8.000000000
vt 4.607142857 8.250000000
vt 4.607142857 8.500000000
vt 4.607142857 8.750000000
vt 4.642857143 8.000000000
vt 4.642857143 8.250000000
vt 4.642857143 8.500000000
vt 4.642857143 8.750000000
vt 4.678571429 8.000000000
vt 4.678571429 8.250000000
vt 4.678571429 8.500000000
vt 4.678571429 8.750000000
vt 4.714285714 8.000000000
vt 4.714285714 8.250000000
vt 4.714285714 8.500000000
vt 4.714285714 8.750000000
vt 4.750000000 8.000000000
vt 4.750000000 8.250000000
vt 4.750000000 8.500000000
vt 4.750000000 8.750000000
vt 4.785714286 8.000000000
vt 4.785714286 8.250000000
vt 4.785714286 8.500000000
vt 4.785714286 8.750000000
vt 4.821428571 8.000000000
vt 4.821428571 8.250000000
vt 4.821428571 8.500000000
vt 4.821428571 8.750000000
vt 4.857142857 8.000000000
vt 4.857142857 8.250000000
vt 4.857142857 8.500000000
vt 4.857142857 8.750000000
vt 4.892857143 8.000000000
vt 4.892857143 8.250000000
vt 4.892857143 8.500000000
vt 4.892857143 8.750000000
vt 4.928571429 8.000000000
vt 4.928571429 8.250000000
vt 4.928571429 8.500000000
vt 4.928571429 8.750000000
vt 4.964285714 8.000000000
vt 4.964285714 8.250000000
vt 4.964285714 8.500000000
vt 4.964285714 8.750000000
vt 5.000000000 8.000000000
vt 5.000000000 8.250000000
vt 5.000000000 8.500000000
vt 5.000000000 8.750000000
vt 4.000000000 10.000000000
vt 4.000000000 10.250000000
vt 4.000000000 10.500000000
vt 4.000000000 10.750000000
vt 4.035714286 10.000000000
vt 4.035714286 10.250000000
vt 4.035714286 10.500000000
vt 4.035714286 10.750000000
vt 4.071428571 10.000000000
vt 4.071428571 10.250000000
vt 4.071428571 10.500000000
vt 4.071428571 10.750000000
vt 4.107142857 10.000000000
vt 4.107142857 10.250000000
vt 4.107142857 10.500000000
vt 4.107142857 10.750000000
vt 4.142857143 10.000000000
vt 4.142857143 10.250000000
vt 4.142857143 10.500000000
vt 4.142857143 10.750000000
vt 4.178571429 10.000000000
vt 4.178571429 10.250000000
vt 4.178571429 10.500000000
vt 4.178571429 10.750000000
vt 4.214285714 10.000000000
vt 4.214285714 10.250000000
vt 4.214285714 10.500000000
vt 4.214285714 10.750000000
vt 4.250000000 10.000000000
vt 4.250000000 10.250000000
vt 4.250000000 10.500000000
vt 4.250000000 10.750000000
vt 4.285714286 10.000000000
vt 4.285714286 10.250000000
vt 4.285714286 10.500000000
vt 4.285714286 10.750000000
vt 4.321428571 10.000000000
vt 4.321428571 10.250000000
vt 4.321428571 10.500000000
vt 4.321428571 10.750000000
vt 4.357142857 10.000000000
vt 4.357142857 10.250000000
vt 4.357142857 10.500000000
vt 4.357142857 10.750000000
vt 4.392857143 10.000000000
vt 4.392857143 10.250000000
vt 4.392857143 10.500000000
vt 4.392857143 10.750000000
vt 4.428571429 10.000000000
vt 4.428571429 10.250000000
vt 4.428571429 10.500000000
vt 4.428571429 10.750000000
vt 4.464285714 10.000000000
vt 4.464285714 10.250000000
vt 4.464285714 10.500000000
vt 4.464285714 10.750000000
vt 4.500000000 10.000000000
vt 4.500000000 10.250000000
vt 4.500000000 10.500000000
vt 4.500000000 10.750000000
vt 4.535714286 10.000000000
vt 4.535714286 10.250000000
vt 4.535714286 10.500000000
vt 4.535714286 10.750000000
vt 4.571428571 10.000000000
vt 4.571428571 10.250000000
vt 4.571428571 10.500000000
vt 4.571428571 10.750000000
vt 4.607142857 10.000000000
vt 4.607142857 10.250000000
vt 4.607142857 10.500000000
vt 4.607142857 10.750000000
vt 4.642857143 10.000000000
vt 4.642857143 10.250000000
vt 4.642857143 10.500000000
vt 4.642857143 10.750000000
vt 4.678571429 10.000000000
vt 4.678571429 10.250000000
vt 4.678571429 10.500000000
vt 4.678571429 10.750000000
vt 4.714285714 10.000000000
vt 4.714285714 10.250000000
vt 4.714285714 10.500000000
vt 4.714285714 10.750000000
vt 4.750000000 10.000000000
vt 4.750000000 10.250000000
vt 4.750000000 10.500000000
vt 4.750000000 10.750000000
vt 4.785714286 10.000000000
vt 4.785714286 10.250000000
vt 4.785714286 10.500000000
vt 4.785714286 10.750000000
vt 4.821428571 10.000000000
vt 4.821428571 10.250000000
vt 4.821428571 10.500000000
vt 4.821428571 10.750000000
vt 4.857142857 10.000000000
vt 4.857142857 10.250000000
vt 4.857142857 10.500000000
vt 4.857142857 10.750000000
vt 4.892857143 10.000000000
vt 4.892857143 10.250000000
vt 4.892857143 10.500000000
vt 4.892857143 10.750000000
vt 4.928571429 10.000000000
vt 4.928571429 10.250000000
vt 4.928571429 10.500000000
vt 4.928571429 10.750000000
vt 4.964285714 10.000000000
vt 4.964285714 10.250000000
vt 4.964285714 10.500000000
vt 4.964285714 10.750000000
vt 5.000000000 10.000000000
vt 5.000000000 10.250000000
vt 5.000000000 10.500000000
vt 5.000000000 10.750000000
vt 4.000000000 12.000000000
vt 4.000000000 12.250000000
vt 4.000000000 12.500000000
vt 4.000000000 12.750000000
vt 4.035714286 12.000000000
vt 4.035714286 12.250000000
vt 4.035714286 12.500000000
vt 4.035714286 12.750000000
vt 4.071428571 12.000000000
vt 4.071428571 12.250000000
vt 4.071428571 12.500000000
vt 4.071428571 12.750000000
vt 4.107142857 12.000000000
vt 4.107142857 12.250000000
vt 4.107142857 12.500000000
vt 4.107142857 12.750000000
vt 4.142857143 12.000000000
vt 4.142857143 12.250000000
vt 4.142857143 12.500000000
vt 4.142857143 12.750000000
vt 4.178571429 12.000000000
vt 4.178571429 12.250000000
vt 4.178571429 12.500000000
vt 4.178571429 12.750000000
vt 4.214285714 12.000000000
vt 4.214285714 12.250000000
vt 4.214285714 12.500000000
vt 4.214285714 12.750000000
vt 4.250000000 12.000000000
vt 4.250000000 12.250000000
vt 4.250000000 12.500000000
vt 4.250000000 12.750000000
vt 4.285714286 12.000000000
vt 4.285714286 12.250000000
vt 4.285714286 12.500000000
vt 4.285714286 12.750000000
vt 4.321428571 12.000000000
vt 4.321428571 12.250000000
vt 4.321428571 12.500000000
vt 4.321428571 12.750000000
vt 4.357142857 12.000000000
vt 4.357142857 12.250000000
vt 4.357142857 12.500000000
vt 4.357142857 12.750000000
vt 4.392857143 12.000000000
vt 4.392857143 12.250000000
vt 4.392857143 12.500000000
vt 4.392857143 12.750000000
vt 4.428571429 12.000000000
vt 4.428571429 12.250000000
vt 4.428571429 12.500000000
vt 4.428571429 12.750000000
vt 4.464285714 12.000000000
vt 4.464285714 12.250000000
vt 4.464285714 12.500000000
vt 4.464285714 12.750000000
vt 4.500000000 12.000000000
vt 4.500000000 12.250000000
vt 4.500000000 12.500000000
vt 4.500000000 12.750000000
vt 4.535714286 12.000000000
vt 4.535714286 12.250000000
vt 4.535714286 12.500000000
vt 4.535714286 12.750000000
vt 4.571428571 12.000000000
vt 4.571428571 12.250000000
vt 4.571428571 12.500000000
vt 4.571428571 12.750000000
vt 4.607142857 12.000000000
vt 4.607142857 12.250000000
vt 4.607142857 12.500000000
vt 4.607142857 12.750000000
vt 4.642857143 12.000000000
vt 4.642857143 12.250000000
vt 4.642857143 12.500000000
vt 4.642857143 12.750000000
vt 4.678571429 12.000000000
vt 4.678571429 12.250000000
vt 4.678571429 12.500000000
vt 4.678571429 12.750000000
vt 4.714285714 12.000000000
vt 4.714285714 12.250000000
vt 4.714285714 12.500000000
vt 4.714285714 12.750000000
vt 4.750000000 12.000000000
vt 4.750000000 12.250000000
vt 4.750000000 12.500000000
vt 4.750000000 12.750000000
vt 4.785714286 12.000000000
vt 4.785714286 12.250000000
vt 4.785714286 12.500000000
vt 4.785714286 12.750000000
vt 4.821428571 12.000000000
vt 4.821428571 12.250000000
vt 4.821428571 12.500000000
vt 4.821428571 12.750000000
vt 4.857142857 12.000000000
vt 4.857142857 12.250000000
vt 4.857142857 12.500000000
vt 4.857142857 12.750000000
vt 4.892857143 12.000000000
vt 4.892857143 12.250000000
vt 4.892857143 12.500000000
vt 4.892857143 12.750000000
vt 4.928571429 12.000000000
vt 4.928571429 12.250000000
vt 4.928571429 12.500000000
vt 4.928571429 12.750000000
vt 4.964285714 12.000000000
vt 4.964285714 12.250000000
vt 4.964285714 12.500000000
vt 4.964285714 12.750000000
vt 5.000000000 12.000000000
vt 5.000000000 12.250000000
vt 5.000000000 12.500000000
vt 5.000000000 12.750000000
vt 4.000000000 14.000000000
vt 4.000000000 14.250000000
vt 4.000000000 14.500000000
vt 4.000000000 14.750000000
vt 4.035714286 14.000000000
vt 4.035714286 14.250000000
vt 4.035714286 14.500000000
vt 4.035714286 14.750000000
vt 4.071428571 14.000000000
vt 4.071428571 14.250000000
vt 4.071428571 14.500000000
vt 4.071428571 14.750000000
vt 4.107142857 14.000000000
vt 4.107142857 14.250000000
vt 4.107142857 14.500000000
vt 4.107142857 14.750000000
vt 4.142857143 14.000000000
vt 4.142857143 14.250000000
vt 4.142857143 14.500000000
vt 4.142857143 14.750000000
vt 4.178571429 14.000000000
vt 4.178571429 14.250000000
vt 4.178571429 14.500000000
vt 4.178571429 14.750000000
vt 4.214285714 14.000000000
vt 4.214285714 14.250000000
vt 4.214285714 14.500000000
vt 4.214285714 14.750000000
vt 4.250000000 14.000000000
vt 4.250000000 14.250000000
vt 4.250000000 14.500000000
vt 4.250000000 14.750000000
vt 4.285714286 14.000000000
vt 4.285714286 14.250000000
vt 4.285714286 14.500000000
vt 4.285714286 14.750000000
vt 4.321428571 14.000000000
vt 4.321428571 14.250000000
vt 4.321428571 14.500000000
vt 4.321428571 14.750000000
vt 4.357142857 14.000000000
vt 4.357142857 14.250000000
vt 4.357142857 14.500000000
vt 4.357142857 14.750000000
vt 4.392857143 14.000000000
vt 4.392857143 14.250000000
vt 4.392857143 14.500000000
vt 4.392857143 14.750000000
vt 4.428571429 14.000000000
vt 4.428571429 14.250000000
vt 4.428571429 14.500000000
vt 4.428571429 14.750000000
vt 4.464285714 14.000000000
vt 4.464285714 14.250000000
vt 4.464285714 14.500000000
vt 4.464285714 14.750000000
vt 4.500000000 14.000000000
vt 4.500000000 14.250000000
vt 4.500000000 14.500000000
vt 4.500000000 14.750000000
vt 4.535714286 14.000000000
vt 4.535714286 14.250000000
vt 4.535714286 14.500000000
vt 4.535714286 14.750000000
vt 4.571428571 14.000000000
vt 4.571428571 14.250000000
vt 4.571428571 14.500000000
vt 4.571428571 14.750000000
vt 4.607142857 14.000000000
vt 4.607142857 14.250000000
vt 4.607142857 14.500000000
vt 4.607142857 14.750000000
vt 4.642857143 14.000000000
vt 4.642857143 14.250000000
vt 4.642857143 14.500000000
vt 4.642857143 14.750000000
vt 4.678571429 14.000000000
vt 4.678571429 14.250000000
vt 4.678571429 14.500000000
vt 4.678571429 14.750000000
vt 4.714285714 14.000000000
vt 4.714285714 14.250000000
vt 4.714285714 14.500000000
vt 4.714285714 14.750000000
vt 4.750000000 14.000000000
vt 4.750000000 14.250000000
vt 4.750000000 14.500000000
vt 4.750000000 14.750000000
vt 4.785714286 14.000000000
vt 4.785714286 14.250000000
vt 4.785714286 14.500000000
vt 4.785714286 14.750000000
vt 4.821428571 14.000000000
vt 4.821428571 14.250000000
vt 4.821428571 14.500000000
vt 4.821428571 14.750000000
vt 4.857142857 14.000000000
vt 4.857142857 14.250000000
vt 4.857142857 14.500000000
vt 4.857142857 14.750000000
vt 4.892857143 14.000000000
vt 4.892857143 14.250000000
vt 4.892857143 14.500000000
vt 4.892857143 14.750000000
vt 4.928571429 14.000000000
vt 4.928571429 14.250000000
vt 4.928571429 14.500000000
vt 4.928571429 14.750000000
vt 4.964285714 14.000000000
vt 4.964285714 14.250000000
vt 4.964285714 14.500000000
vt 4.964285714 14.750000000
vt 5.000000000 14.000000000
vt 5.000000000 14.250000000
vt 5.000000000 14.500000000
vt 5.000000000 14.750000000
vt 4.000000000 16.000000000
vt 4.000000000 16.250000000
vt 4.000000000 16.500000000
vt 4.000000000 16.750000000
vt 4.035714286 16.000000000
vt 4.035714286 16.250000000
vt 4.035714286 16.500000000
vt 4.035714286 16.750000000
vt 4.071428571 16.000000000
vt 4.071428571 16.250000000
vt 4.071428571 16.500000000
vt 4.071428571 16.750000000
vt 4.107142857 16.000000000
vt 4.107142857 16.250000000
vt 4.107142857 16.500000000
vt 4.107142857 16.750000000
vt 4.142857143 16.000000000
vt 4.142857143 16.250000000
vt 4.142857143 16.500000000
vt 4.142857143 16.750000000
vt 4.178571429 16.000000000
vt 4.178571429 16.250000000
vt 4.178571429 16.500000000
vt 4.178571429 16.750000000
vt 4.214285714 16.000000000
vt 4.214285714 16.250000000
vt 4.214285714 16.500000000
vt 4.214285714 16.750000000
vt 4.250000000 16.000000000
vt 4.250000000 16.250000000
vt 4.250000000 16.500000000
vt 4.250000000 16.750000000
vt 4.285714286 16.000000000
vt 4.285714286 16.250000000
vt 4.285714286 16.500000000
vt 4.285714286 16.750000000
vt 4.321428571 16.000000000
vt 4.321428571 16.250000000
vt 4.321428571 16.500000000
vt 4.321428571 16.750000000
vt 4.357142857 16.000000000
vt 4.357142857 16.250000000
vt 4.357142857 16.500000000
vt 4.357142857 16.750000000
vt 4.392857143 16.000000000
vt 4.392857143 16.250000000
vt 4.392857143 16.500000000
vt 4.392857143 16.750000000
vt 4.428571429 16.000000000
vt 4.428571429 16.250000000
vt 4.428571429 16.500000000
vt 4.428571429 16.750000000
vt 4.464285714 16.000000000
vt 4.464285714 16.250000000
vt 4.464285714 16.500000000
vt 4.464285714 16.750000000
vt 4.500000000 16.000000000
vt 4.500000000 16.250000000
vt 4.500000000 16.500000000
vt 4.500000000 16.750000000
vt 4.535714286 16.000000000
vt 4.535714286 16.250000000
vt 4.535714286 16.500000000
vt 4.535714286 16.750000000
vt 4.571428571 16.000000000
vt 4.571428571 16.250000000
vt 4.571428571 16.500000000
vt 4.571428571 16.750000000
vt 4.607142857 16.000000000
vt 4.607142857 16.250000000
vt 4.607142857 16.500000000
vt 4.607142857 16.750000000
vt 4.642857143 16.000000000
vt 4.642857143 16.250000000
vt 4.642857143 16.500000000
vt 4.642857143 16.750000000
vt 4.678571429 16.000000000
vt 4.678571429 16.250000000
vt 4.678571429 16.500000000
vt 4.678571429 16.750000000
vt 4.714285714 16.000000000
vt 4.714285714 16.250000000
vt 4.714285714 16.500000000
vt 4.714285714 16.750000000
vt 4.750000000 16.000000000
vt 4.750000000 16.250000000
vt 4.750000000 16.500000000
vt 4.750000000 16.750000000
vt 4.785714286 16.000000000
vt 4.785714286 16.250000000
vt 4.785714286 16.500000000
vt 4.785714286 16.750000000
vt 4.821428571 16.000000000
vt 4.821428571 16.250000000
vt 4.821428571 16.500000000
vt 4.821428571 16.750000000
vt 4.857142857 16.000000000
vt 4.857142857 16.250000000
vt 4.857142857 16.500000000
vt 4.857142857 16.750000000
vt 4.892857143 16.000000000
vt 4.892857143 16.250000000
vt 4.892857143 16.500000000
vt 4.892857143 16.750000000
vt 4.928571429 16.000000000
vt 4.928571429 16.250000000
vt 4.928571429 16.500000000
vt 4.928571429 16.750000000
vt 4.964285714 16.000000000
vt 4.964285714 16.250000000
vt 4.964285714 16.500000000
vt 4.964285714 16.750000000
vt 5.000000000 16.000000000
vt 5.000000000 16.250000000
vt 5.000000000 16.500000000
vt 5.000000000 16.750000000
vt 4.000000000 18.000000000
vt 4.000000000 18.250000000
vt 4.000000000 18.500000000
vt 4.000000000 18.750000000
vt 4.035714286 18.000000000
vt 4.035714286 18.250000000
vt 4.035714286 18.500000000
vt 4.035714286 18.750000000
vt 4.071428571 18.000000000
vt 4.071428571 18.250000000
vt 4.071428571 18.500000000
vt 4.071428571 18.750000000
vt 4.107142857 18.000000000
vt 4.107142857 18.250000000
vt 4.107142857 18.500000000
vt 4.107142857 18.750000000
vt 4.142857143 18.000000000
vt 4.142857143 18.250000000
vt 4.142857143 18.500000000
vt 4.142857143 18.750000000
vt 4.178571429 18.000000000
vt 4.178571429 18.250000000
vt 4.178571429 18.500000000
vt 4.178571429 18.750000000
vt 4.214285714 18.000000000
vt 4.214285714 18.250000000
vt 4.214285714 18.500000000
vt 4.214285714 18.750000000
vt 4.250000000 18.000000000
vt 4.250000000 18.250000000
vt 4.250000000 18.500000000
vt 4.250000000 18.750000000
vt 4.285714286 18.000000000
vt 4.285714286 18.250000000
vt 4.285714286 18.500000000
vt 4.285714286 18.750000000
vt 4.321428571 18.000000000
vt 4.321428571 18.250000000
vt 4.321428571 18.500000000
vt 4.321428571 18.750000000
vt 4.357142857 18.000000000
vt 4.357142857 18.250000000
vt 4.357142857 18.500000000
vt 4.357142857 18.750000000
vt 4.392857143 18.000000000
vt 4.392857143 18.250000000
vt 4.392857143 18.500000000
vt 4.392857143 18.750000000
vt 4.428571429 18.000000000
vt 4.428571429 18.250000000
vt 4.428571429 18.500000000
vt 4.428571429 18.750000000
vt 4.464285714 18.000000000
vt 4.464285714 18.250000000
vt 4.464285714 18.500000000
vt 4.464285714 18.750000000
vt 4.500000000 18.000000000
vt 4.500000000 18.250000000
vt 4.500000000 18.500000000
vt 4.500000000 18.750000000
vt 4.535714286 18.000000000
vt 4.535714286 18.250000000
vt 4.535714286 18.500000000
vt 4.535714286 18.750000000
vt 4.571428571 18.000000000
vt 4.571428571 18.250000000
vt 4.571428571 18.500000000
vt 4.571428571 18.750000000
vt 4.607142857 18.000000000
vt 4.607142857 18.250000000
vt 4.607142857 18.500000000
vt 4.607142857 18.750000000
vt 4.642857143 18.000000000
vt 4.642857143 18.250000000
vt 4.642857143 18.500000000
vt 4.642857143 18.750000000
vt 4.678571429 18.000000000
vt 4.678571429 18.250000000
vt 4.678571429 18.500000000
vt 4.678571429 18.750000000
vt 4.714285714 18.000000000
vt 4.714285714 18.250000000
vt 4.714285714 18.500000000
vt 4.714285714 18.750000000
vt 4.750000000 18.000000000
vt 4.750000000 18.250000000
vt 4.750000000 18.500000000
vt 4.750000000 18.750000000
vt 4.785714286 18.000000000
vt 4.785714286 18.250000000
vt 4.785714286 18.500000000
vt 4.785714286 18.750000000
vt 4.821428571 18.000000000
vt 4.821428571 18.250000000
vt 4.821428571 18.500000000
vt 4.821428571 18.750000000
vt 4.857142857 18.000000000
vt 4.857142857 18.250000000
vt 4.857142857 18.500000000
vt 4.857142857 18.750000000
vt 4.892857143 18.000000000
vt 4.892857143 18.250000000
vt 4.892857143 18.500000000
vt 4.892857143 18.750000000
vt 4.928571429 18.000000000
vt 4.928571429 18.250000000
vt 4.928571429 18.500000000
vt 4.928571429 18.750000000
vt 4.964285714 18.000000000
vt 4.964285714 18.250000000
vt 4.964285714 18.500000000
vt 4.964285714 18.750000000
vt 5.000000000 18.000000000
vt 5.000000000 18.250000000
vt 5.000000000 18.500000000
vt 5.000000000 18.750000000
vt 4.000000000 20.000000000
vt 4.000000000 20.250000000
vt 4.000000000 20.500000000
vt 4.000000000 20.750000000
vt 4.035714286 20.000000000
vt 4.035714286 20.250000000
vt 4.035714286 20.500000000
vt 4.035714286 20.750000000
vt 4.071428571 20.000000000
vt 4.071428571 20.250000000
vt 4.071428571 20.500000000
vt 4.071428571 20.750000000
vt 4.107142857 20.000000000
vt 4.107142857 20.250000000
vt 4.107142857 20.500000000
vt 4.107142857 20.750000000
vt 4.142857143 20.000000000
vt 4.142857143 20.250000000
vt 4.142857143 20.500000000
vt 4.142857143 20.750000000
vt 4.178571429 20.000000000
vt 4.178571429 20.250000000
vt 4.178571429 20.500000000
vt 4.178571429 20.750000000
vt 4.214285714 20.000000000
vt 4.214285714 20.250000000
vt 4.214285714 20.500000000
vt 4.214285714 20.750000000
vt 4.250000000 20.000000000
vt 4.250000000 20.250000000
vt 4.250000000 20.500000000
vt 4.250000000 20.750000000
vt 4.285714286 20.000000000
vt 4.285714286 20.250000000
vt 4.285714286 20.500000000
vt 4.285714286 20.750000000
vt 4.321428571 20.000000000
vt 4.321428571 20.250000000
vt 4.321428571 20.500000000
vt 4.321428571 20.750000000
vt 4.357142857 20.000000000
vt 4.357142857 20.250000000
vt 4.357142857 20.500000000
vt 4.357142857 20.750000000
vt 4.392857143 20.000000000
vt 4.392857143 20.250000000
vt 4.392857143 20.500000000
vt 4.392857143 20.750000000
vt 4.428571429 20.000000000
vt 4.428571429 20.250000000
vt 4.428571429 20.500000000
vt 4.428571429 20.750000000
vt 4.464285714 20.000000000
vt 4.464285714 20.250000000
vt 4.464285714 20.500000000
vt 4.464285714 20.750000000
vt 4.500000000 20.000000000
vt 4.500000000 20.250000000
vt 4.500000000 20.500000000
vt 4.500000000 20.750000000
vt 4.535714286 20.000000000
vt 4.535714286 20.250000000
vt 4.535714286 20.500000000
vt 4.535714286 20.750000000
vt 4.571428571 20.000000000
vt 4.571428571 20.250000000
vt 4.571428571 20.500000000
vt 4.571428571 20.750000000
vt 4.607142857 20.000000000
vt 4.607142857 20.250000000
vt 4.607142857 20.500000000
vt 4.607142857 20.750000000
vt 4.642857143 20.000000000
vt 4.642857143 20.250000000
vt 4.642857143 20.500000000
vt 4.642857143 20.750000000
vt 4.678571429 20.000000000
vt 4.678571429 20.250000000
vt 4.678571429 20.500000000
vt 4.678571429 20.750000000
vt 4.714285714 20.000000000
vt 4.714285714 20.250000000
vt 4.714285714 20.500000000
vt 4.714285714 20.750000000
vt 4.750000000 20.000000000
vt 4.750000000 20.250000000
vt 4.750000000 20.500000000
vt 4.750000000 20.750000000
vt 4.785714286 20.000000000
vt 4.785714286 20.250000000
vt 4.785714286 20.500000000
vt 4.785714286 20.750000000
vt 4.821428571 20.000000000
vt 4.821428571 20.250000000
vt 4.821428571 20.500000000
vt 4.821428571 20.750000000
vt 4.857142857 20.000000000
vt 4.857142857 20.250000000
vt 4.857142857 20.500000000
vt 4.857142857 20.750000000
vt 4.892857143 20.000000000
vt 4.892857143 20.250000000
vt 4.892857143 20.500000000
vt 4.892857143 20.750000000
vt 4.928571429 20.000000000
vt 4.928571429 20.250000000
vt 4.928571429 20.500000000
vt 4.928571429 20.750000000
vt 4.964285714 20.000000000
vt 4.964285714 20.250000000
vt 4.964285714 20.500000000
vt 4.964285714 20.750000000
vt 5.000000000 20.000000000
vt 5.000000000 20.250000000
vt 5.000000000 20.500000000
vt 5.000000000 20.750000000
vt 4.000000000 22.000000000
vt 4.000000000 22.250000000
vt 4.000000000 22.500000000
vt 4.000000000 22.750000000
vt 4.035714286 22.000000000
vt 4.035714286 22.250000000
vt 4.035714286 22.500000000
vt 4.035714286 22.750000000
vt 4.071428571 22.000000000
vt 4.071428571 22.250000000
vt 4.071428571 22.500000000
vt 4.071428571 22.750000000
vt 4.107142857 22.000000000
vt 4.107142857 22.250000000
vt 4.107142857 22.500000000
vt 4.107142857 22.750000000
vt 4.142857143 22.000000000
vt 4.142857143 22.250000000
vt 4.142857143 22.500000000
vt 4.142857143 22.750000000
vt 4.178571429 22.000000000
vt 4.178571429 22.250000000
vt 4.178571429 22.500000000
vt 4.178571429 22.750000000
vt 4.214285714 22.000000000
vt 4.214285714 22.250000000
vt 4.214285714 22.500000000
vt 4.214285714 22.750000000
vt 4.250000000 22.000000000
vt 4.250000000 22.250000000
vt 4.250000000 22.500000000
vt 4.250000000 22.750000000
vt 4.285714286 22.000000000
vt 4.285714286 22.250000000
vt 4.285714286 22.500000000
vt 4.285714286 22.750000000
vt 4.321428571 22.000000000
vt 4.321428571 22.250000000
vt 4.321428571 22.500000000
vt 4.321428571 22.750000000
vt 4.357142857 22.000000000
vt 4.357142857 22.250000000
vt 4.357142857 22.500000000
vt 4.357142857 22.750000000
vt 4.392857143 22.000000000
vt 4.392857143 22.250000000
vt 4.392857143 22.500000000
vt 4.392857143 22.750000000
vt 4.428571429 22.000000000
vt 4.428571429 22.250000000
vt 4.428571429 22.500000000
vt 4.428571429 22.750000000
vt 4.464285714 22.000000000
vt 4.464285714 22.250000000
vt 4.464285714 22.500000000
vt 4.464285714 22.750000000
vt 4.500000000 22.000000000
vt 4.500000000 22.250000000
vt 4.500000000 22.500000000
vt 4.500000000 22.750000000
vt 4.535714286 22.000000000
vt 4.535714286 22.250000000
vt 4.535714286 22.500000000
vt 4.535714286 22.750000000
vt 4.571428571 22.000000000
vt 4.571428571 22.250000000
vt 4.571428571 22.500000000
vt 4.571428571 22.750000000
vt 4.607142857 22.000000000
vt 4.607142857 22.250000000
vt 4.607142857 22.500000000
vt 4.607142857 22.750000000
vt 4.642857143 22.000000000
vt 4.642857143 22.250000000
vt 4.642857143 22.500000000
vt 4.642857143 22.750000000
vt 4.678571429 22.000000000
vt 4.678571429 22.250000000
vt 4.678571429 22.500000000
vt 4.678571429 22.750000000
vt 4.714285714 22.000000000
vt 4.714285714 22.250000000
vt 4.714285714 22.500000000
vt 4.714285714 22.750000000
vt 4.750000000 22.000000000
vt 4.750000000 22.250000000
vt 4.750000000 22.500000000
vt 4.750000000 22.750000000
vt 4.785714286 22.000000000
vt 4.785714286 22.250000000
vt 4.785714286 22.500000000
vt 4.785714286 22.750000000
vt 4.821428571 22.000000000
vt 4.821428571 22.250000000
vt 4.821428571 22.500000000
vt 4.821428571 22.750000000
vt 4.857142857 22.000000000
vt 4.857142857 22.250000000
vt 4.857142857 22.500000000
vt 4.857142857 22.750000000
vt 4.892857143 22.000000000
vt 4.892857143 22.250000000
vt 4.892857143 22.500000000
vt 4.892857143 22.750000000
vt 4.928571429 22.000000000
vt 4.928571429 22.250000000
vt 4.928571429 22.500000000
vt 4.928571429 22.750000000
vt 4.964285714 22.000000000
vt 4.964285714 22.250000000
vt 4.964285714 22.500000000
vt 4.964285714 22.750000000
vt 5.000000000 22.000000000
vt 5.000000000 22.250000000
vt 5.000000000 22.500000000
vt 5.000000000 22.750000000
vn -0.706680526 0.706680526 0.034716988
vn -0.706680526 0.706680526 0.034716988
vn -0.706680526 -0.706680526 -0.034716988
vn -0.706680526 -0.706680526 -0.034716988
vn 0.706680526 -0.706680526 -0.034716988
vn 0.706680526 -0.706680526 -0.034716988
vn 0.706680526 0.706680526 0.034716988
vn 0.706680526 0.706680526 0.034716988
vn -0.706680526 0.699874806 0.103816620
vn -0.706680526 0.699874806 0.103816620
vn -0.706680526 -0.699874806 -0.103816620
vn -0.706680526 -0.699874806 -0.103816620
vn 0.706680526 -0.699874806 -0.103816620
vn 0.706680526 -0.699874806 -0.103816620
vn 0.706680526 0.699874806 0.103816620
vn 0.706680526 0.699874806 0.103816620
vn -0.706680526 0.686328909 0.171916442
vn -0.706680526 0.686328909 0.171916442
vn -0.706680526 -0.686328909 -0.171916442
vn -0.706680526 -0.686328909 -0.171916442
vn 0.706680526 -0.686328909 -0.171916442
vn 0.706680526 -0.686328909 -0.171916442
vn 0.706680526 0.686328909 0.171916442
vn 0.706680526 0.686328909 0.171916442
vn -0.706680526 0.666173290 0.238360614
vn -0.706680526 0.666173290 0.238360614
vn -0.706680526 -0.666173290 -0.238360614
vn -0.706680526 -0.666173290 -0.238360614
vn 0.706680526 -0.666173290 -0.238360614
vn 0.706680526 -0.666173290 -0.238360614
vn 0.706680526 0.666173290 0.238360614
vn 0.706680526 0.666173290 0.238360614
vn -0.706680526 0.639602058 0.302509244
vn -0.706680526 0.639602058 0.302509244
vn -0.706680526 -0.639602058 -0.302509244
vn -0.706680526 -0.639602058 -0.302509244
vn 0.706680526 -0.639602058 -0.302509244
vn 0.706680526 -0.639602058 -0.302509244
vn 0.706680526 0.639602058 0.302509244
vn 0.706680526 0.639602058 0.302509244
vn -0.706680526 0.606871108 0.363744544
vn -0.706680526 0.606871108 0.363744544
vn -0.706680526 -0.606871108 -0.363744544
vn -0.706680526 -0.606871108 -0.363744544
vn 0.706680526 -0.606871108 -0.363744544
vn 0.706680526 -0.606871108 -0.363744544
vn 0.706680526 0.606871108 0.363744544
vn 0.706680526 0.606871108 0.363744544
vn -0.706680526 0.568295658 0.421476785
vn -0.706680526 0.568295658 0.421476785
vn -0.706680526 -0.568295658 -0.421476785
vn -0.706680526 -0.568295658 -0.421476785
vn 0.706680526 -0.568295658 -0.421476785
vn 0.706680526 -0.568295658 -0.421476785
vn 0.706680526 0.568295658 0.421476785
vn 0.706680526 0.568295658 0.421476785
vn -0.706680526 0.524247209 0.475149974
vn -0.706680526 0.524247209 0.475149974
vn -0.706680526 -0.524247209 -0.475149974
vn -0.706680526 -0.524247209 -0.475149974
vn 0.706680526 -0.524247209 -0.475149974
vn 0.706680526 -0.524247209 -0.475149974
vn 0.706680526 0.524247209 0.475149974
vn 0.706680526 0.524247209 0.475149974
vn -0.706680526 0.475149974 0.524247209
vn -0.706680526 0.475149974 0.524247209
vn -0.706680526 -0.475149974 -0.524247209
vn -0.706680526 -0.475149974 -0.524247209
vn 0.706680526 -0.475149974 -0.524247209
vn 0.706680526 -0.475149974 -0.524247209
vn 0.706680526 0.475149974 0.524247209
vn 0.706680526 0.475149974 0.524247209
vn -0.706680526 0.421476785 0.568295658
vn -0.706680526 0.421476785 0.568295658
vn -0.706680526 -0.421476785 -0.568295658
vn -0.706680526 -0.421476785 -0.568295658
vn 0.706680526 -0.421476785 -0.568295658
vn 0.706680526 -0.421476785 -0.568295658
vn 0.706680526 0.421476785 0.568295658
vn 0.706680526 0.421476785 0.568295658
vn -0.706680526 0.363744544 0.606871108
vn -0.706680526 0.363744544 0.606871108
vn -0.706680526 -0.363744544 -0.606871108
vn -0.706680526 -0.363744544 -0.606871108
vn 0.706680526 -0.363744544 -0.606871108
vn 0.706680526 -0.363744544 -0.606871108
vn 0.706680526 0.363744544 0.606871108
vn 0.706680526 0.363744544 0.606871108
vn -0.706680526 0.302509244 0.639602058
vn -0.706680526 0.302509244 0.639602058
vn -0.706680526 -0.302509244 -0.639602058
vn -0.706680526 -0.302509244 -0.639602058
vn 0.706680526 -0.302509244 -0.639602058
vn 0.706680526 -0.302509244 -0.639602058
vn 0.706680526 0.302509244 0.639602058
vn 0.706680526 0.302509244 0.639602058
vn -0.706680526 0.238360614 0.666173290
vn -0.706680526 0.238360614 0.666173290
vn -0.706680526 -0.238360614 -0.666173290
vn -0.706680526 -0.238360614 -0.666173290
vn 0.706680526 -0.238360614 -0.666173290
vn 0.706680526 -0.238360614 -0.666173290
vn 0.706680526 0.238360614 0.666173290
vn 0.706680526 0.238360614 0.666173290
vn -0.706680526 0.171916442 0.686328909
vn -0.706680526 0.171916442 0.686328909
vn -0.706680526 -0.171916442 -0.686328909
vn -0.706680526 -0.171916442 -0.686328909
vn 0.706680526 -0.171916442 -0.686328909
vn 0.706680526 -0.171916442 -0.686328909
vn 0.706680526 0.171916442 0.686328909
vn 0.706680526 0.171916442 0.686328909
vn -0.706680526 0.103816620 0.699874806
vn -0.706680526 0.103816620 0.699874806
vn -0.706680526 -0.103816620 -0.699874806
vn -0.706680526 -0.103816620 -0.699874806
vn 0.706680526 -0.103816620 -0.699874806
vn 0.706680526 -0.103816620 -0.699874806
vn 0.706680526 0.103816620 0.699874806
vn 0.706680526 0.103816620 0.699874806
vn -0.706680526 0.034716988 0.706680526
vn -0.706680526 0.034716988 0.706680526
vn -0.706680526 -0.034716988 -0.706680526
vn -0.706680526 -0.034716988 -0.706680526
vn 0.706680526 -0.034716988 -0.706680526
vn 0.706680526 -0.034716988 -0.706680526
vn 0.706680526 0.034716988 0.706680526
vn 0.706680526 0.034716988 0.706680526
vn -0.706680526 -0.034716988 0.706680526
vn -0.706680526 -0.034716988 0.706680526
vn -0.706680526 0.034716988 -0.706680526
vn -0.706680526 0.034716988 -0.706680526
vn 0.706680526 0.034716988 -0.706680526
vn 0.706680526 0.034716988 -0.706680526
vn 0.706680526 -0.034716988 0.706680526
vn 0.706680526 -0.034716988 0.706680526
vn -0.706680526 -0.103816620 0.699874806
vn -0.706680526 -0.103816620 0.699874806
vn -0.706680526 0.103816620 -0.699874806
vn -0.706680526 0.103816620 -0.699874806
vn 0.706680526 0.103816620 -0.699874806
vn 0.706680526 0.103816620 -0.699874806
vn 0.706680526 -0.103816620 0.699874806
vn 0.706680526 -0.103816620 0.699874806
vn -0.706680526 -0.171916442 0.686328909
vn -0.706680526 -0.171916442 0.686328909
vn -0.706680526 0.171916442 -0.686328909
vn -0.706680526 0.171916442 -0.686328909
vn 0.706680526 0.171916442 -0.686328909
vn 0.706680526 0.171916442 -0.686328909
vn 0.706680526 -0.171916442 0.686328909
vn 0.706680526 -0.171916442 0.686328909
vn -0.706680526 -0.238360614 0.666173290
vn -0.706680526 -0.238360614 0.666173290
vn -0.706680526 0.238360614 -0.666173290
vn -0.706680526 0.238360614 -0.666173290
vn 0.706680526 0.238360614 -0.666173290
vn 0.706680526 0.238360614 -0.666173290
vn 0.706680526 -0.238360614 0.666173290
vn 0.706680526 -0.238360614 0.666173290
vn -0.706680526 -0.302509244 0.639602058
vn -0.706680526 -0.302509244 0.639602058
vn -0.706680526 0.302509244 -0.639602058
vn -0.706680526 0.302509244 -0.639602058
vn 0.706680526 0.302509244 -0.639602058
vn 0.706680526 0.302509244 -0.639602058
vn 0.706680526 -0.302509244 0.639602058
vn 0.706680526 -0.302509244 0.639602058
vn -0.706680526 -0.363744544 0.606871108
vn -0.706680526 -0.363744544 0.606871108
vn -0.706680526 0.363744544 -0.606871108
vn -0.706680526 0.363744544 -0.606871108
vn 0.706680526 0.363744544 -0.606871108
vn 0.706680526 0.363744544 -0.606871108
vn 0.706680526 -0.363744544 0.606871108
vn 0.706680526 -0.363744544 0.606871108
vn -0.706680526 -0.421476785 0.568295658
vn -0.706680526 -0.421476785 0.568295658
vn -0.706680526 0.421476785 -0.568295658
vn -0.706680526 0.421476785 -0.568295658
vn 0.706680526 0.421476785 -0.568295658
vn 0.706680526 0.421476785 -0.568295658
vn 0.706680526 -0.421476785 0.568295658
vn 0.706680526 -0.421476785 0.568295658
vn -0.706680526 -0.475149974 0.524247209
vn -0.706680526 -0.475149974 0.524247209
vn -0.706680526 0.475149974 -0.524247209
vn -0.706680526 0.475149974 -0.524247209
vn 0.706680526 0.475149974 -0.524247209
vn 0.706680526 0.475149974 -0.524247209
vn 0.706680526 -0.475149974 0.524247209
vn 0.706680526 -0.475149974 0.524247209
vn -0.706680526 -0.524247209 0.475149974
vn -0.706680526 -0.524247209 0.475149974
vn -0.706680526 0.524247209 -0.475149974
vn -0.706680526 0.524247209 -0.475149974
vn 0.706680526 0.524247209 -0.475149974
vn 0.706680526 0.524247209 -0.475149974
vn 0.706680526 -0.524247209 0.475149974
vn 0.706680526 -0.524247209 0.475149974
vn -0.706680526 -0.568295658 0.421476785
vn -0.706680526 -0.568295658 0.421476785
vn -0.706680526 0.568295658 -0.421476785
vn -0.706680526 0.568295658 -0.421476785
vn 0.706680526 0.568295658 -0.421476785
vn 0.706680526 0.568295658 -0.421476785
vn 0.706680526 -0.568295658 0.421476785
vn 0.706680526 -0.568295658 0.421476785
vn -0.706680526 -0.606871108 0.363744544
vn -0.706680526 -0.606871108 0.363744544
vn -0.706680526 0.606871108 -0.363744544
vn -0.706680526 0.606871108 -0.363744544
vn 0.706680526 0.606871108 -0.363744544
vn 0.706680526 0.606871108 -0.363744544
vn 0.706680526 -0.606871108 0.363744544
vn 0.706680526 -0.606871108 0.363744544
vn -0.706680526 -0.639602058 0.302509244
vn -0.706680526 -0.639602058 0.302509244
vn -0.706680526 0.639602058 -0.302509244
vn -0.706680526 0.639602058 -0.302509244
vn 0.706680526 0.639602058 -0.302509244
vn 0.706680526 0.639602058 -0.302509244
vn 0.706680526 -0.639602058 0.302509244
vn 0.706680526 -0.639602058 0.302509244
vn -0.706680526 -0.666173290 0.238360614
vn -0.706680526 -0.666173290 0.238360614
vn -0.706680526 0.666173290 -0.238360614
vn -0.706680526 0.666173290 -0.238360614
vn 0.706680526 0.666173290 -0.238360614
vn 0.706680526 0.666173290 -0.238360614
vn 0.706680526 -0.666173290 0.238360614
vn 0.706680526 -0.666173290 0.238360614
vn -0.706680526 -0.686328909 0.171916442
vn -0.706680526 -0.686328909 0.171916442
vn -0.706680526 0.686328909 -0.171916442
vn -0.706680526 0.686328909 -0.171916442
vn 0.706680526 0.686328909 -0.171916442
vn 0.706680526 0.686328909 -0.171916442
vn 0.706680526 -0.686328909 0.171916442
vn 0.706680526 -0.686328909 0.171916442
vn -0.706680526 -0.699874806 0.103816620
vn -0.706680526 -0.699874806 0.103816620
vn -0.706680526 0.699874806 -0.103816620
vn -0.706680526 0.699874806 -0.103816620
vn 0.706680526 0.699874806 -0.103816620
vn 0.706680526 0.699874806 -0.103816620
vn 0.706680526 -0.699874806 0.103816620
vn 0.706680526 -0.699874806 0.103816620
vn -0.706680526 -0.706680526 0.034716988
vn -0.706680526 -0.706680526 0.034716988
vn -0.706680526 0.706680526 -0.034716988
vn -0.706680526 0.706680526 -0.034716988
vn 0.706680526 0.706680526 -0.034716988
vn 0.706680526 0.706680526 -0.034716988
vn 0.706680526 -0.706680526 0.034716988
vn 0.706680526 -0.706680526 0.034716988
vn -0.706680526 -0.706680526 -0.034716988
vn -0.706680526 -0.706680526 -0.034716988
vn -0.706680526 0.706680526 0.034716988
vn -0.706680526 0.706680526 0.034716988
vn 0.706680526 0.706680526 0.034716988
vn 0.706680526 0.706680526 0.034716988
vn 0.706680526 -0.706680526 -0.034716988
vn 0.706680526 -0.706680526 -0.034716988
vn -0.706680526 -0.699874806 -0.103816620
vn -0.706680526 -0.699874806 -0.103816620
vn -0.706680526 0.699874806 0.103816620
vn -0.706680526 0.699874806 0.103816620
vn 0.706680526 0.699874806 0.103816620
vn 0.706680526 0.699874806 0.103816620
vn 0.706680526 -0.699874806 -0.103816620
vn 0.706680526 -0.699874806 -0.103816620
vn -0.706680526 -0.686328909 -0.171916442
vn -0.706680526 -0.686328909 -0.171916442
vn -0.706680526 0.686328909 0.171916442
vn -0.706680526 0.686328909 0.171916442
vn 0.706680526 0.686328909 0.171916442
vn 0.706680526 0.686328909 0.171916442
vn 0.706680526 -0.686328909 -0.171916442
vn 0.706680526 -0.686328909 -0.171916442
vn -0.706680526 -0.666173290 -0.238360614
vn -0.706680526 -0.666173290 -0.238360614
vn -0.706680526 0.666173290 0.238360614
vn -0.706680526 0.666173290 0.238360614
vn 0.706680526 0.666173290 0.238360614
vn 0.706680526 0.666173290 0.238360614
vn 0.706680526 -0.666173290 -0.238360614
vn 0.706680526 -0.666173290 -0.238360614
vn -0.706680526 -0.639602058 -0.302509244
vn -0.706680526 -0.639602058 -0.302509244
vn -0.706680526 0.639602058 0.302509244
vn -0.706680526 0.639602058 0.302509244
vn 0.706680526 0.639602058 0.302509244
vn 0.706680526 0.639602058 0.302509244
vn 0.706680526 -0.639602058 -0.302509244
vn 0.706680526 -0.639602058 -0.302509244
vn -0.706680526 -0.606871108 -0.363744544
vn -0.706680526 -0.606871108 -0.363744544
vn -0.706680526 0.606871108 0.363744544
vn -0.706680526 0.606871108 0.363744544
vn 0.706680526 0.606871108 0.363744544
vn 0.706680526 0.606871108 0.363744544
vn 0.706680526 -0.606871108 -0.363744544
vn 0.706680526 -0.606871108 -0.363744544
vn -0.706680526 -0.568295658 -0.421476785
vn -0.706680526 -0.568295658 -0.421476785
vn -0.706680526 0.568295658 0.421476785
vn -0.706680526 0.568295658 0.421476785
vn 0.706680526 0.568295658 0.421476785
vn 0.706680526 0.568295658 0.421476785
vn 0.706680526 -0.568295658 -0.421476785
vn 0.706680526 -0.568295658 -0.421476785
vn -0.706680526 -0.524247209 -0.475149974
vn -0.706680526 -0.524247209 -0.475149974
vn -0.706680526 0.524247209 0.475149974
vn -0.706680526 0.524247209 0.475149974
vn 0.706680526 0.524247209 0.475149974
vn 0.706680526 0.524247209 0.475149974
vn 0.706680526 -0.524247209 -0.475149974
vn 0.706680526 -0.524247209 -0.475149974
vn -0.706680526 -0.475149974 -0.524247209
vn -0.706680526 -0.475149974 -0.524247209
vn -0.706680526 0.475149974 0.524247209
vn -0.706680526 0.475149974 0.524247209
vn 0.706680526 0.475149974 0.524247209
vn 0.706680526 0.475149974 0.524247209
vn 0.706680526 -0.475149974 -0.524247209
vn 0.706680526 -0.475149974 -0.524247209
vn -0.706680526 -0.421476785 -0.568295658
vn -0.706680526 -0.421476785 -0.568295658
vn -0.706680526 0.421476785 0.568295658
vn -0.706680526 0.421476785 0.568295658
vn 0.706680526 0.421476785 0.568295658
vn 0.706680526 0.421476785 0.568295658
vn 0.706680526 -0.421476785 -0.568295658
vn 0.706680526 -0.421476785 -0.568295658
vn -0.706680526 -0.363744544 -0.606871108
vn -0.706680526 -0.363744544 -0.606871108
vn -0.706680526 0.363744544 0.606871108
vn -0.706680526 0.363744544 0.606871108
vn 0.706680526 0.363744544 0.606871108
vn 0.706680526 0.363744544 0.606871108
vn 0.706680526 -0.363744544 -0.606871108
vn 0.706680526 -0.363744544 -0.606871108
vn -0.706680526 -0.302509244 -0.639602058
vn -0.706680526 -0.302509244 -0.639602058
vn -0.706680526 0.302509244 0.639602058
vn -0.706680526 0.302509244 0.639602058
vn 0.706680526 0.302509244 0.639602058
vn 0.706680526 0.302509244 0.639602058
vn 0.706680526 -0.302509244 -0.639602058
vn 0.706680526 -0.302509244 -0.639602058
vn -0.706680526 -0.238360614 -0.666173290
vn -0.706680526 -0.238360614 -0.666173290
vn -0.706680526 0.238360614 0.666173290
vn -0.706680526 0.238360614 0.666173290
vn 0.706680526 0.238360614 0.666173290
vn 0.706680526 0.238360614 0.666173290
vn 0.706680526 -0.238360614 -0.666173290
vn 0.706680526 -0.238360614 -0.666173290
vn -0.706680526 -0.171916442 -0.686328909
vn -0.706680526 -0.171916442 -0.686328909
vn -0.706680526 0.171916442 0.686328909
vn -0.706680526 0.171916442 0.686328909
vn 0.706680526 0.171916442 0.686328909
vn 0.706680526 0.171916442 0.686328909
vn 0.706680526 -0.171916442 -0.686328909
vn 0.706680526 -0.171916442 -0.686328909
vn -0.706680526 -0.103816620 -0.699874806
vn -0.706680526 -0.103816620 -0.699874806
vn -0.706680526 0.103816620 0.699874806
vn -0.706680526 0.103816620 0.699874806
vn 0.706680526 0.103816620 0.699874806
vn 0.706680526 0.103816620 0.699874806
vn 0.706680526 -0.103816620 -0.699874806
vn 0.706680526 -0.103816620 -0.699874806
vn -0.706680526 -0.034716988 -0.706680526
vn -0.706680526 -0.034716988 -0.706680526
vn -0.706680526 0.034716988 0.706680526
vn -0.706680526 0.034716988 0.706680526
vn 0.706680526 0.034716988 0.706680526
vn 0.706680526 0.034716988 0.706680526
vn 0.706680526 -0.034716988 -0.706680526
vn 0.706680526 -0.034716988 -0.706680526
vn -0.706680526 0.034716988 -0.706680526
vn -0.706680526 0.034716988 -0.706680526
vn -0.706680526 -0.034716988 0.706680526
vn -0.706680526 -0.034716988 0.706680526
vn 0.706680526 -0.034716988 0.706680526
vn 0.706680526 -0.034716988 0.706680526
vn 0.706680526 0.034716988 -0.706680526
vn 0.706680526 0.034716988 -0.706680526
vn -0.706680526 0.103816620 -0.699874806
vn -0.706680526 0.103816620 -0.699874806
vn -0.706680526 -0.103816620 0.699874806
vn -0.706680526 -0.103816620 0.699874806
vn 0.706680526 -0.103816620 0.699874806
vn 0.706680526 -0.103816620 0.699874806
vn 0.706680526 0.103816620 -0.699874806
vn 0.706680526 0.103816620 -0.699874806
vn -0.706680526 0.171916442 -0.686328909
vn -0.706680526 0.171916442 -0.686328909
vn -0.706680526 -0.171916442 0.686328909
vn -0.706680526 -0.171916442 0.686328909
vn 0.706680526 -0.171916442 0.686328909
vn 0.706680526 -0.171916442 0.686328909
vn 0.706680526 0.171916442 -0.686328909
vn 0.706680526 0.171916442 -0.686328909
vn -0.706680526 0.238360614 -0.666173290
vn -0.706680526 0.238360614 -0.666173290
vn -0.706680526 -0.238360614 0.666173290
vn -0.706680526 -0.238360614 0.666173290
vn 0.706680526 -0.238360614 0.666173290
vn 0.706680526 -0.238360614 0.666173290
vn 0.706680526 0.238360614 -0.666173290
vn 0.706680526 0.238360614 -0.666173290
vn -0.706680526 0.302509244 -0.639602058
vn -0.706680526 0.302509244 -0.639602058
vn -0.706680526 -0.302509244 0.639602058
vn -0.706680526 -0.302509244 0.639602058
vn 0.706680526 -0.302509244 0.639602058
vn 0.706680526 -0.302509244 0.639602058
vn 0.706680526 0.302509244 -0.639602058
vn 0.706680526 0.302509244 -0.639602058
vn -0.706680526 0.363744544 -0.606871108
vn -0.706680526 0.363744544 -0.606871108
vn -0.706680526 -0.363744544 0.606871108
vn -0.706680526 -0.363744544 0.606871108
vn 0.706680526 -0.363744544 0.606871108
vn 0.706680526 -0.363744544 0.606871108
vn 0.706680526 0.363744544 -0.606871108
vn 0.706680526 0.363744544 -0.606871108
vn -0.706680526 0.421476785 -0.568295658
vn -0.706680526 0.421476785 -0.568295658
vn -0.706680526 -0.421476785 0.568295658
vn -0.706680526 -0.421476785 0.568295658
vn 0.706680526 -0.421476785 0.568295658
vn 0.706680526 -0.421476785 0.568295658
vn 0.706680526 0.421476785 -0.568295658
vn 0.706680526 0.421476785 -0.568295658
vn -0.706680526 0.475149974 -0.524247209
vn -0.706680526 0.475149974 -0.524247209
vn -0.706680526 -0.475149974 0.524247209
vn -0.706680526 -0.475149974 0.524247209
vn 0.706680526 -0.475149974 0.524247209
vn 0.706680526 -0.475149974 0.524247209
vn 0.706680526 0.475149974 -0.524247209
vn 0.706680526 0.475149974 -0.524247209
vn -0.706680526 0.524247209 -0.475149974
vn -0.706680526 0.524247209 -0.475149974
vn -0.706680526 -0.524247209 0.475149974
vn -0.706680526 -0.524247209 0.475149974
vn 0.706680526 -0.524247209 0.475149974
vn 0.706680526 -0.524247209 0.475149974
vn 0.706680526 0.524247209 -0.475149974
vn 0.706680526 0.524247209 -0.475149974
vn -0.706680526 0.568295658 -0.421476785
vn -0.706680526 0.568295658 -0.421476785
vn -0.706680526 -0.568295658 0.421476785
vn -0.706680526 -0.568295658 0.421476785
vn 0.706680526 -0.568295658 0.421476785
vn 0.706680526 -0.568295658 0.421476785
vn 0.706680526 0.568295658 -0.421476785
vn 0.706680526 0.568295658 -0.421476785
vn -0.706680526 0.606871108 -0.363744544
vn -0.706680526 0.606871108 -0.363744544
vn -0.706680526 -0.606871108 0.363744544
vn -0.706680526 -0.606871108 0.363744544
vn 0.706680526 -0.606871108 0.363744544
vn 0.706680526 -0.606871108 0.363744544
vn 0.706680526 0.606871108 -0.363744544
vn 0.706680526 0.606871108 -0.363744544
vn -0.706680526 0.639602058 -0.302509244
vn -0.706680526 0.639602058 -0.302509244
vn -0.706680526 -0.639602058 0.302509244
vn -0.706680526 -0.639602058 0.302509244
vn 0.706680526 -0.639602058 0.302509244
vn 0.706680526 -0.639602058 0.302509244
vn 0.706680526 0.639602058 -0.302509244
vn 0.706680526 0.639602058 -0.302509244
vn -0.706680526 0.666173290 -0.238360614
vn -0.706680526 0.666173290 -0.238360614
vn -0.706680526 -0.666173290 0.238360614
vn -0.706680526 -0.666173290 0.238360614
vn 0.706680526 -0.666173290 0.238360614
vn 0.706680526 -0.666173290 0.238360614
vn 0.706680526 0.666173290 -0.238360614
vn 0.706680526 0.666173290 -0.238360614
vn -0.706680526 0.686328909 -0.171916442
vn -0.706680526 0.686328909 -0.171916442
vn -0.706680526 -0.686328909 0.171916442
vn -0.706680526 -0.686328909 0.171916442
vn 0.706680526 -0.686328909 0.171916442
vn 0.706680526 -0.686328909 0.171916442
vn 0.706680526 0.686328909 -0.171916442
vn 0.706680526 0.686328909 -0.171916442
vn -0.706680526 0.699874806 -0.103816620
vn -0.706680526 0.699874806 -0.103816620
vn -0.706680526 -0.699874806 0.103816620
vn -0.706680526 -0.699874806 0.103816620
vn 0.706680526 -0.699874806 0.103816620
vn 0.706680526 -0.699874806 0.103816620
vn 0.706680526 0.699874806 -0.103816620
vn 0.706680526 0.699874806 -0.103816620
vn -0.706680526 0.706680526 -0.034716988
vn -0.706680526 0.706680526 -0.034716988
vn -0.706680526 -0.706680526 0.034716988
vn -0.706680526 -0.706680526 0.034716988
vn 0.706680526 -0.706680526 0.034716988
vn 0.706680526 -0.706680526 0.034716988
vn 0.706680526 0.706680526 -0.034716988
vn 0.706680526 0.706680526 -0.034716988
vn 0.034716988 -0.706680526 0.706680526
vn 0.034716988 -0.706680526 0.706680526
vn -0.034716988 -0.706680526 -0.706680526
vn -0.034716988 -0.706680526 -0.706680526
vn -0.034716988 0.706680526 -0.706680526
vn -0.034716988 0.706680526 -0.706680526
vn 0.034716988 0.706680526 0.706680526
vn 0.034716988 0.706680526 0.706680526
vn 0.103816620 -0.706680526 0.699874806
vn 0.103816620 -0.706680526 0.699874806
vn -0.103816620 -0.706680526 -0.699874806
vn -0.103816620 -0.706680526 -0.699874806
vn -0.103816620 0.706680526 -0.699874806
vn -0.103816620 0.706680526 -0.699874806
vn 0.103816620 0.706680526 0.699874806
vn 0.103816620 0.706680526 0.699874806
vn 0.171916442 -0.706680526 0.686328909
vn 0.171916442 -0.706680526 0.686328909
vn -0.171916442 -0.706680526 -0.686328909
vn -0.171916442 -0.706680526 -0.686328909
vn -0.171916442 0.706680526 -0.686328909
vn -0.171916442 0.706680526 -0.686328909
vn 0.171916442 0.706680526 0.686328909
vn 0.171916442 0.706680526 0.686328909
vn 0.238360614 -0.706680526 0.666173290
vn 0.238360614 -0.706680526 0.666173290
vn -0.238360614 -0.706680526 -0.666173290
vn -0.238360614 -0.706680526 -0.666173290
vn -0.238360614 0.706680526 -0.666173290
vn -0.238360614 0.706680526 -0.666173290
vn 0.238360614 0.706680526 0.666173290
vn 0.238360614 0.706680526 0.666173290
vn 0.302509244 -0.706680526 0.639602058
vn 0.302509244 -0.706680526 0.639602058
vn -0.302509244 -0.706680526 -0.639602058
vn -0.302509244 -0.706680526 -0.639602058
vn -0.302509244 0.706680526 -0.639602058
vn -0.302509244 0.706680526 -0.639602058
vn 0.302509244 0.706680526 0.639602058
vn 0.302509244 0.706680526 0.639602058
vn 0.363744544 -0.706680526 0.606871108
vn 0.363744544 -0.706680526 0.606871108
vn -0.363744544 -0.706680526 -0.606871108
vn -0.363744544 -0.706680526 -0.606871108
vn -0.363744544 0.706680526 -0.606871108
vn -0.363744544 0.706680526 -0.606871108
vn 0.363744544 0.706680526 0.606871108
vn 0.363744544 0.706680526 0.606871108
vn 0.421476785 -0.706680526 0.568295658
vn 0.421476785 -0.706680526 0.568295658
vn -0.421476785 -0.706680526 -0.568295658
vn -0.421476785 -0.706680526 -0.568295658
vn -0.421476785 0.706680526 -0.568295658
vn -0.421476785 0.706680526 -0.568295658
vn 0.421476785 0.706680526 0.568295658
vn 0.421476785 0.706680526 0.568295658
vn 0.475149974 -0.706680526 0.524247209
vn 0.475149974 -0.706680526 0.524247209
vn -0.475149974 -0.706680526 -0.524247209
vn -0.475149974 -0.706680526 -0.524247209
vn -0.475149974 0.706680526 -0.524247209
vn -0.475149974 0.706680526 -0.524247209
vn 0.475149974 0.706680526 0.524247209
vn 0.475149974 0.706680526 0.524247209
vn 0.524247209 -0.706680526 0.475149974
vn 0.524247209 -0.706680526 0.475149974
vn -0.524247209 -0.706680526 -0.475149974
vn -0.524247209 -0.706680526 -0.475149974
vn -0.524247209 0.706680526 -0.475149974
vn -0.524247209 0.706680526 -0.475149974
vn 0.524247209 0.706680526 0.475149974
vn 0.524247209 0.706680526 0.475149974
vn 0.568295658 -0.706680526 0.421476785
vn 0.568295658 -0.706680526 0.421476785
vn -0.568295658 -0.706680526 -0.421476785
vn -0.568295658 -0.706680526 -0.421476785
vn -0.568295658 0.706680526 -0.421476785
vn -0.568295658 0.706680526 -0.421476785
vn 0.568295658 0.706680526 0.421476785
vn 0.568295658 0.706680526 0.421476785
vn 0.606871108 -0.706680526 0.363744544
vn 0.606871108 -0.706680526 0.363744544
vn -0.606871108 -0.706680526 -0.363744544
vn -0.606871108 -0.706680526 -0.363744544
vn -0.606871108 0.706680526 -0.363744544
vn -0.606871108 0.706680526 -0.363744544
vn 0.606871108 0.706680526 0.363744544
vn 0.606871108 0.706680526 0.363744544
vn 0.639602058 -0.706680526 0.302509244
vn 0.639602058 -0.706680526 0.302509244
vn -0.639602058 -0.706680526 -0.302509244
vn -0.639602058 -0.706680526 -0.302509244
vn -0.639602058 0.706680526 -0.302509244
vn -0.639602058 0.706680526 -0.302509244
vn 0.639602058 0.706680526 0.302509244
vn 0.639602058 0.706680526 0.302509244
vn 0.666173290 -0.706680526 0.238360614
vn 0.666173290 -0.706680526 0.238360614
vn -0.666173290 -0.706680526 -0.238360614
vn -0.666173290 -0.706680526 -0.238360614
vn -0.666173290 0.706680526 -0.238360614
vn -0.666173290 0.706680526 -0.238360614
vn 0.666173290 0.706680526 0.238360614
vn 0.666173290 0.706680526 0.238360614
vn 0.686328909 -0.706680526 0.171916442
vn 0.686328909 -0.706680526 0.171916442
vn -0.686328909 -0.706680526 -0.171916442
vn -0.686328909 -0.706680526 -0.171916442
vn -0.686328909 0.706680526 -0.171916442
vn -0.686328909 0.706680526 -0.171916442
vn 0.686328909 0.706680526 0.171916442
vn 0.686328909 0.706680526 0.171916442
vn 0.699874806 -0.706680526 0.103816620
vn 0.699874806 -0.706680526 0.103816620
vn -0.699874806 -0.706680526 -0.103816620
vn -0.699874806 -0.706680526 -0.103816620
vn -0.699874806 0.706680526 -0.103816620
vn -0.699874806 0.706680526 -0.103816620
vn 0.699874806 0.706680526 0.103816620
vn 0.699874806 0.706680526 0.103816620
vn 0.706680526 -0.706680526 0.034716988
vn 0.706680526 -0.706680526 0.034716988
vn -0.706680526 -0.706680526 -0.034716988
vn -0.706680526 -0.706680526 -0.034716988
vn -0.706680526 0.706680526 -0.034716988
vn -0.706680526 0.706680526 -0.034716988
vn 0.706680526 0.706680526 0.034716988
vn 0.706680526 0.706680526 0.034716988
vn 0.706680526 -0.706680526 -0.034716988
vn 0.706680526 -0.706680526 -0.034716988
vn -0.706680526 -0.706680526 0.034716988
vn -0.706680526 -0.706680526 0.034716988
vn -0.706680526 0.706680526 0.034716988
vn -0.706680526 0.706680526 0.034716988
vn 0.706680526 0.706680526 -0.034716988
vn 0.706680526 0.706680526 -0.034716988
vn 0.699874806 -0.706680526 -0.103816620
vn 0.699874806 -0.706680526 -0.103816620
vn -0.699874806 -0.706680526 0.103816620
vn -0.699874806 -0.706680526 0.103816620
vn -0.699874806 0.706680526 0.103816620
vn -0.699874806 0.706680526 0.103816620
vn 0.699874806 0.706680526 -0.103816620
vn 0.699874806 0.706680526 -0.103816620
vn 0.686328909 -0.706680526 -0.171916442
vn 0.686328909 -0.706680526 -0.171916442
vn -0.686328909 -0.706680526 0.171916442
vn -0.686328909 -0.706680526 0.171916442
vn -0.686328909 0.706680526 0.171916442
vn -0.686328909 0.706680526 0.171916442
vn 0.686328909 0.706680526 -0.171916442
vn 0.686328909 0.706680526 -0.171916442
vn 0.666173290 -0.706680526 -0.238360614
vn 0.666173290 -0.706680526 -0.238360614
vn -0.666173290 -0.706680526 0.238360614
vn -0.666173290 -0.706680526 0.238360614
vn -0.666173290 0.706680526 0.238360614
vn -0.666173290 0.706680526 0.238360614
vn 0.666173290 0.706680526 -0.238360614
vn 0.666173290 0.706680526 -0.238360614
vn 0.639602058 -0.706680526 -0.302509244
vn 0.639602058 -0.706680526 -0.302509244
vn -0.639602058 -0.706680526 0.302509244
vn -0.639602058 -0.706680526 0.302509244
vn -0.639602058 0.706680526 0.302509244
vn -0.639602058 0.706680526 0.302509244
vn 0.639602058 0.706680526 -0.302509244
vn 0.639602058 0.706680526 -0.302509244
vn 0.606871108 -0.706680526 -0.363744544
vn 0.606871108 -0.706680526 -0.363744544
vn -0.606871108 -0.706680526 0.363744544
vn -0.606871108 -0.706680526 0.363744544
vn -0.606871108 0.706680526 0.363744544
vn -0.606871108 0.706680526 0.363744544
vn 0.606871108 0.706680526 -0.363744544
vn 0.606871108 0.706680526 -0.363744544
vn 0.568295658 -0.706680526 -0.421476785
vn 0.568295658 -0.706680526 -0.421476785
vn -0.568295658 -0.706680526 0.421476785
vn -0.568295658 -0.706680526 0.421476785
vn -0.568295658 0.706680526 0.421476785
vn -0.568295658 0.706680526 0.421476785
vn 0.568295658 0.706680526 -0.421476785
vn 0.568295658 0.706680526 -0.421476785
vn 0.524247209 -0.706680526 -0.475149974
vn 0.524247209 -0.706680526 -0.475149974
vn -0.524247209 -0.706680526 0.475149974
vn -0.524247209 -0.706680526 0.475149974
vn -0.524247209 0.706680526 0.475149974
vn -0.524247209 0.706680526 0.475149974
vn 0.524247209 0.706680526 -0.475149974
vn 0.524247209 0.706680526 -0.475149974
vn 0.475149974 -0.706680526 -0.524247209
vn 0.475149974 -0.706680526 -0.524247209
vn -0.475149974 -0.706680526 0.524247209
vn -0.475149974 -0.706680526 0.524247209
vn -0.475149974 0.706680526 0.524247209
vn -0.475149974 0.706680526 0.524247209
vn 0.475149974 0.706680526 -0.524247209
vn 0.475149974 0.706680526 -0.524247209
vn 0.421476785 -0.706680526 -0.568295658
vn 0.421476785 -0.706680526 -0.568295658
vn -0.421476785 -0.706680526 0.568295658
vn -0.421476785 -0.706680526 0.568295658
vn -0.421476785 0.706680526 0.568295658
vn -0.421476785 0.706680526 0.568295658
vn 0.421476785 0.706680526 -0.568295658
vn 0.421476785 0.706680526 -0.568295658
vn 0.363744544 -0.706680526 -0.606871108
vn 0.363744544 -0.706680526 -0.606871108
vn -0.363744544 -0.706680526 0.606871108
vn -0.363744544 -0.706680526 0.606871108
vn -0.363744544 0.706680526 0.606871108
vn -0.363744544 0.706680526 0.606871108
vn 0.363744544 0.706680526 -0.606871108
vn 0.363744544 0.706680526 -0.606871108
vn 0.302509244 -0.706680526 -0.639602058
vn 0.302509244 -0.706680526 -0.639602058
vn -0.302509244 -0.706680526 0.639602058
vn -0.302509244 -0.706680526 0.639602058
vn -0.302509244 0.706680526 0.639602058
vn -0.302509244 0.706680526 0.639602058
vn 0.302509244 0.706680526 -0.639602058
vn 0.302509244 0.706680526 -0.639602058
vn 0.238360614 -0.706680526 -0.666173290
vn 0.238360614 -0.706680526 -0.666173290
vn -0.238360614 -0.706680526 0.666173290
vn -0.238360614 -0.706680526 0.666173290
vn -0.238360614 0.706680526 0.666173290
vn -0.238360614 0.706680526 0.666173290
vn 0.238360614 0.706680526 -0.666173290
vn 0.238360614 0.706680526 -0.666173290
vn 0.171916442 -0.706680526 -0.686328909
vn 0.171916442 -0.706680526 -0.686328909
vn -0.171916442 -0.706680526 0.686328909
vn -0.171916442 -0.706680526 0.686328909
vn -0.171916442 0.706680526 0.686328909
vn -0.171916442 0.706680526 0.686328909
vn 0.171916442 0.706680526 -0.686328909
vn 0.171916442 0.706680526 -0.686328909
vn 0.103816620 -0.706680526 -0.699874806
vn 0.103816620 -0.706680526 -0.699874806
vn -0.103816620 -0.706680526 0.699874806
vn -0.103816620 -0.706680526 0.699874806
vn -0.103816620 0.706680526 0.699874806
vn -0.103816620 0.706680526 0.699874806
vn 0.103816620 0.706680526 -0.699874806
vn 0.103816620 0.706680526 -0.699874806
vn 0.034716988 -0.706680526 -0.706680526
vn 0.034716988 -0.706680526 -0.706680526
vn -0.034716988 -0.706680526 0.706680526
vn -0.034716988 -0.706680526 0.706680526
vn -0.034716988 0.706680526 0.706680526
vn -0.034716988 0.706680526 0.706680526
vn 0.034716988 0.706680526 -0.706680526
vn 0.034716988 0.706680526 -0.706680526
vn -0.034716988 -0.706680526 -0.706680526
vn -0.034716988 -0.706680526 -0.706680526
vn 0.034716988 -0.706680526 0.706680526
vn 0.034716988 -0.706680526 0.706680526
vn 0.034716988 0.706680526 0.706680526
vn 0.034716988 0.706680526 0.706680526
vn -0.034716988 0.706680526 -0.706680526
vn -0.034716988 0.706680526 -0.706680526
vn -0.103816620 -0.706680526 -0.699874806
vn -0.103816620 -0.706680526 -0.699874806
vn 0.103816620 -0.706680526 0.699874806
vn 0.103816620 -0.706680526 0.699874806
vn 0.103816620 0.706680526 0.699874806
vn 0.103816620 0.706680526 0.699874806
vn -0.103816620 0.706680526 -0.699874806
vn -0.103816620 0.706680526 -0.699874806
vn -0.171916442 -0.706680526 -0.686328909
vn -0.171916442 -0.706680526 -0.686328909
vn 0.171916442 -0.706680526 0.686328909
vn 0.171916442 -0.706680526 0.686328909
vn 0.171916442 0.706680526 0.686328909
vn 0.171916442 0.706680526 0.686328909
vn -0.171916442 0.706680526 -0.686328909
vn -0.171916442 0.706680526 -0.686328909
vn -0.238360614 -0.706680526 -0.666173290
vn -0.238360614 -0.706680526 -0.666173290
vn 0.238360614 -0.706680526 0.666173290
vn 0.238360614 -0.706680526 0.666173290
vn 0.238360614 0.706680526 0.666173290
vn 0.238360614 0.706680526 0.666173290
vn -0.238360614 0.706680526 -0.666173290
vn -0.238360614 0.706680526 -0.666173290
vn -0.302509244 -0.706680526 -0.639602058
vn -0.302509244 -0.706680526 -0.639602058
vn 0.302509244 -0.706680526 0.639602058
vn 0.302509244 -0.706680526 0.639602058
vn 0.302509244 0.706680526 0.639602058
vn 0.302509244 0.706680526 0.639602058
vn -0.302509244 0.706680526 -0.639602058
vn -0.302509244 0.706680526 -0.639602058
vn -0.363744544 -0.706680526 -0.606871108
vn -0.363744544 -0.706680526 -0.606871108
vn 0.363744544 -0.706680526 0.606871108
vn 0.363744544 -0.706680526 0.606871108
vn 0.363744544 0.706680526 0.606871108
vn 0.363744544 0.706680526 0.606871108
vn -0.363744544 0.706680526 -0.606871108
vn -0.363744544 0.706680526 -0.606871108
vn -0.421476785 -0.706680526 -0.568295658
vn -0.421476785 -0.706680526 -0.568295658
vn 0.421476785 -0.706680526 0.568295658
vn 0.421476785 -0.706680526 0.568295658
vn 0.421476785 0.706680526 0.568295658
vn 0.421476785 0.706680526 0.568295658
vn -0.421476785 0.706680526 -0.568295658
vn -0.421476785 0.706680526 -0.568295658
vn -0.475149974 -0.706680526 -0.524247209
vn -0.475149974 -0.706680526 -0.524247209
vn 0.475149974 -0.706680526 0.524247209
vn 0.475149974 -0.706680526 0.524247209
vn 0.475149974 0.706680526 0.524247209
vn 0.475149974 0.706680526 0.524247209
vn -0.475149974 0.706680526 -0.524247209
vn -0.475149974 0.706680526 -0.524247209
vn -0.524247209 -0.706680526 -0.475149974
vn -0.524247209 -0.706680526 -0.475149974
vn 0.524247209 -0.706680526 0.475149974
vn 0.524247209 -0.706680526 0.475149974
vn 0.524247209 0.706680526 0.475149974
vn 0.524247209 0.706680526 0.475149974
vn -0.524247209 0.706680526 -0.475149974
vn -0.524247209 0.706680526 -0.475149974
vn -0.568295658 -0.706680526 -0.421476785
vn -0.568295658 -0.706680526 -0.421476785
vn 0.568295658 -0.706680526 0.421476785
vn 0.568295658 -0.706680526 0.421476785
vn 0.568295658 0.706680526 0.421476785
vn 0.568295658 0.706680526 0.421476785
vn -0.568295658 0.706680526 -0.421476785
vn -0.568295658 0.706680526 -0.421476785
vn -0.606871108 -0.706680526 -0.363744544
vn -0.606871108 -0.706680526 -0.363744544
vn 0.606871108 -0.706680526 0.363744544
vn 0.606871108 -0.706680526 0.363744544
vn 0.606871108 0.706680526 0.363744544
vn 0.606871108 0.706680526 0.363744544
vn -0.606871108 0.706680526 -0.363744544
vn -0.606871108 0.706680526 -0.363744544
vn -0.639602058 -0.706680526 -0.302509244
vn -0.639602058 -0.706680526 -0.302509244
vn 0.639602058 -0.706680526 0.302509244
vn 0.639602058 -0.706680526 0.302509244
vn 0.639602058 0.706680526 0.302509244
vn 0.639602058 0.706680526 0.302509244
vn -0.639602058 0.706680526 -0.302509244
vn -0.639602058 0.706680526 -0.302509244
vn -0.666173290 -0.706680526 -0.238360614
vn -0.666173290 -0.706680526 -0.238360614
vn 0.666173290 -0.706680526 0.238360614
vn 0.666173290 -0.706680526 0.238360614
vn 0.666173290 0.706680526 0.238360614
vn 0.666173290 0.706680526 0.238360614
vn -0.666173290 0.706680526 -0.238360614
vn -0.666173290 0.706680526 -0.238360614
vn -0.686328909 -0.706680526 -0.171916442
vn -0.686328909 -0.706680526 -0.171916442
vn 0.686328909 -0.706680526 0.171916442
vn 0.686328909 -0.706680526 0.171916442
vn 0.686328909 0.706680526 0.171916442
vn 0.686328909 0.706680526 0.171916442
vn -0.686328909 0.706680526 -0.171916442
vn -0.686328909 0.706680526 -0.171916442
vn -0.699874806 -0.706680526 -0.103816620
vn -0.699874806 -0.706680526 -0.103816620
vn 0.699874806 -0.706680526 0.103816620
vn 0.699874806 -0.706680526 0.103816620
vn 0.699874806 0.706680526 0.103816620
vn 0.699874806 0.706680526 0.103816620
vn -0.699874806 0.706680526 -0.103816620
vn -0.699874806 0.706680526 -0.103816620
vn -0.706680526 -0.706680526 -0.034716988
vn -0.706680526 -0.706680526 -0.034716988
vn 0.706680526 -0.706680526 0.034716988
vn 0.706680526 -0.706680526 0.034716988
vn 0.706680526 0.706680526 0.034716988
vn 0.706680526 0.706680526 0.034716988
vn -0.706680526 0.706680526 -0.034716988
vn -0.706680526 0.706680526 -0.034716988
vn -0.706680526 -0.706680526 0.034716988
vn -0.706680526 -0.706680526 0.034716988
vn 0.706680526 -0.706680526 -0.034716988
vn 0.706680526 -0.706680526 -0.034716988
vn 0.706680526 0.706680526 -0.034716988
vn 0.706680526 0.706680526 -0.034716988
vn -0.706680526 0.706680526 0.034716988
vn -0.706680526 0.706680526 0.034716988
vn -0.699874806 -0.706680526 0.103816620
vn -0.699874806 -0.706680526 0.103816620
vn 0.699874806 -0.706680526 -0.103816620
vn 0.699874806 -0.706680526 -0.103816620
vn 0.699874806 0.706680526 -0.103816620
vn 0.699874806 0.706680526 -0.103816620
vn -0.699874806 0.706680526 0.103816620
vn -0.699874806 0.706680526 0.103816620
vn -0.686328909 -0.706680526 0.171916442
vn -0.686328909 -0.706680526 0.171916442
vn 0.686328909 -0.706680526 -0.171916442
vn 0.686328909 -0.706680526 -0.171916442
vn 0.686328909 0.706680526 -0.171916442
vn 0.686328909 0.706680526 -0.171916442
vn -0.686328909 0.706680526 0.171916442
vn -0.686328909 0.706680526 0.171916442
vn -0.666173290 -0.706680526 0.238360614
vn -0.666173290 -0.706680526 0.238360614
vn 0.666173290 -0.706680526 -0.238360614
vn 0.666173290 -0.706680526 -0.238360614
vn 0.666173290 0.706680526 -0.238360614
vn 0.666173290 0.706680526 -0.238360614
vn -0.666173290 0.706680526 0.238360614
vn -0.666173290 0.706680526 0.238360614
vn -0.639602058 -0.706680526 0.302509244
vn -0.639602058 -0.706680526 0.302509244
vn 0.639602058 -0.706680526 -0.302509244
vn 0.639602058 -0.706680526 -0.302509244
vn 0.639602058 0.706680526 -0.302509244
vn 0.639602058 0.706680526 -0.302509244
vn -0.639602058 0.706680526 0.302509244
vn -0.639602058 0.706680526 0.302509244
vn -0.606871108 -0.706680526 0.363744544
vn -0.606871108 -0.706680526 0.363744544
vn 0.606871108 -0.706680526 -0.363744544
vn 0.606871108 -0.706680526 -0.363744544
vn 0.606871108 0.706680526 -0.363744544
vn 0.606871108 0.706680526 -0.363744544
vn -0.606871108 0.706680526 0.363744544
vn -0.606871108 0.706680526 0.363744544
vn -0.568295658 -0.706680526 0.421476785
vn -0.568295658 -0.706680526 0.421476785
vn 0.568295658 -0.706680526 -0.421476785
vn 0.568295658 -0.706680526 -0.421476785
vn 0.568295658 0.706680526 -0.421476785
vn 0.568295658 0.706680526 -0.421476785
vn -0.568295658 0.706680526 0.421476785
vn -0.568295658 0.706680526 0.421476785
vn -0.524247209 -0.706680526 0.475149974
vn -0.524247209 -0.706680526 0.475149974
vn 0.524247209 -0.706680526 -0.475149974
vn 0.524247209 -0.706680526 -0.475149974
vn 0.524247209 0.706680526 -0.475149974
vn 0.524247209 0.706680526 -0.475149974
vn -0.524247209 0.706680526 0.475149974
vn -0.524247209 0.706680526 0.475149974
vn -0.475149974 -0.706680526 0.524247209
vn -0.475149974 -0.706680526 0.524247209
vn 0.475149974 -0.706680526 -0.524247209
vn 0.475149974 -0.706680526 -0.524247209
vn 0.475149974 0.706680526 -0.524247209
vn 0.475149974 0.706680526 -0.524247209
vn -0.475149974 0.706680526 0.524247209
vn -0.475149974 0.706680526 0.524247209
vn -0.421476785 -0.706680526 0.568295658
vn -0.421476785 -0.706680526 0.568295658
vn 0.421476785 -0.706680526 -0.568295658
vn 0.421476785 -0.706680526 -0.568295658
vn 0.421476785 0.706680526 -0.568295658
vn 0.421476785 0.706680526 -0.568295658
vn -0.421476785 0.706680526 0.568295658
vn -0.421476785 0.706680526 0.568295658
vn -0.363744544 -0.706680526 0.606871108
vn -0.363744544 -0.706680526 0.606871108
vn 0.363744544 -0.706680526 -0.606871108
vn 0.363744544 -0.706680526 -0.606871108
vn 0.363744544 0.706680526 -0.606871108
vn 0.363744544 0.706680526 -0.606871108
vn -0.363744544 0.706680526 0.606871108
vn -0.363744544 0.706680526 0.606871108
vn -0.302509244 -0.706680526 0.639602058
vn -0.302509244 -0.706680526 0.639602058
vn 0.302509244 -0.706680526 -0.639602058
vn 0.302509244 -0.706680526 -0.639602058
vn 0.302509244 0.706680526 -0.639602058
vn 0.302509244 0.706680526 -0.639602058
vn -0.302509244 0.706680526 0.639602058
vn -0.302509244 0.706680526 0.639602058
vn -0.238360614 -0.706680526 0.666173290
vn -0.238360614 -0.706680526 0.666173290
vn 0.238360614 -0.706680526 -0.666173290
vn 0.238360614 -0.706680526 -0.666173290
vn 0.238360614 0.706680526 -0.666173290
vn 0.238360614 0.706680526 -0.666173290
vn -0.238360614 0.706680526 0.666173290
vn -0.238360614 0.706680526 0.666173290
vn -0.171916442 -0.706680526 0.686328909
vn -0.171916442 -0.706680526 0.686328909
vn 0.171916442 -0.706680526 -0.686328909
vn 0.171916442 -0.706680526 -0.686328909
vn 0.171916442 0.706680526 -0.686328909
vn 0.171916442 0.706680526 -0.686328909
vn -0.171916442 0.706680526 0.686328909
vn -0.171916442 0.706680526 0.686328909
vn -0.103816620 -0.706680526 0.699874806
vn -0.103816620 -0.706680526 0.699874806
vn 0.103816620 -0.706680526 -0.699874806
vn 0.103816620 -0.706680526 -0.699874806
vn 0.103816620 0.706680526 -0.699874806
vn 0.103816620 0.706680526 -0.699874806
vn -0.103816620 0.706680526 0.699874806
vn -0.103816620 0.706680526 0.699874806
vn -0.034716988 -0.706680526 0.706680526
vn -0.034716988 -0.706680526 0.706680526
vn 0.034716988 -0.706680526 -0.706680526
vn 0.034716988 -0.706680526 -0.706680526
vn 0.034716988 0.706680526 -0.706680526
vn 0.034716988 0.706680526 -0.706680526
vn -0.034716988 0.706680526 0.706680526
vn -0.034716988 0.706680526 0.706680526
vn 0.706680526 0.034716988 -0.706680526
vn 0.706680526 0.034716988 -0.706680526
vn -0.706680526 -0.034716988 -0.706680526
vn -0.706680526 -0.034716988 -0.706680526
vn -0.706680526 -0.034716988 0.706680526
vn -0.706680526 -0.034716988 0.706680526
vn 0.706680526 0.034716988 0.706680526
vn 0.706680526 0.034716988 0.706680526
vn 0.699874806 0.103816620 -0.706680526
vn 0.699874806 0.103816620 -0.706680526
vn -0.699874806 -0.103816620 -0.706680526
vn -0.699874806 -0.103816620 -0.706680526
vn -0.699874806 -0.103816620 0.706680526
vn -0.699874806 -0.103816620 0.706680526
vn 0.699874806 0.103816620 0.706680526
vn 0.699874806 0.103816620 0.706680526
vn 0.686328909 0.171916442 -0.706680526
vn 0.686328909 0.171916442 -0.706680526
vn -0.686328909 -0.171916442 -0.706680526
vn -0.686328909 -0.171916442 -0.706680526
vn -0.686328909 -0.171916442 0.706680526
vn -0.686328909 -0.171916442 0.706680526
vn 0.686328909 0.171916442 0.706680526
vn 0.686328909 0.171916442 0.706680526
vn 0.666173290 0.238360614 -0.706680526
vn 0.666173290 0.238360614 -0.706680526
vn -0.666173290 -0.238360614 -0.706680526
vn -0.666173290 -0.238360614 -0.706680526
vn -0.666173290 -0.238360614 0.706680526
vn -0.666173290 -0.238360614 0.706680526
vn 0.666173290 0.238360614 0.706680526
vn 0.666173290 0.238360614 0.706680526
vn 0.639602058 0.302509244 -0.706680526
vn 0.639602058 0.302509244 -0.706680526
vn -0.639602058 -0.302509244 -0.706680526
vn -0.639602058 -0.302509244 -0.706680526
vn -0.639602058 -0.302509244 0.706680526
vn -0.639602058 -0.302509244 0.706680526
vn 0.639602058 0.302509244 0.706680526
vn 0.639602058 0.302509244 0.706680526
vn 0.606871108 0.363744544 -0.706680526
vn 0.606871108 0.363744544 -0.706680526
vn -0.606871108 -0.363744544 -0.706680526
vn -0.606871108 -0.363744544 -0.706680526
vn -0.606871108 -0.363744544 0.706680526
vn -0.606871108 -0.363744544 0.706680526
vn 0.606871108 0.363744544 0.706680526
vn 0.606871108 0.363744544 0.706680526
vn 0.568295658 0.421476785 -0.706680526
vn 0.568295658 0.421476785 -0.706680526
vn -0.568295658 -0.421476785 -0.706680526
vn -0.568295658 -0.421476785 -0.706680526
vn -0.568295658 -0.421476785 0.706680526
vn -0.568295658 -0.421476785 0.706680526
vn 0.568295658 0.421476785 0.706680526
vn 0.568295658 0.421476785 0.706680526
vn 0.524247209 0.475149974 -0.706680526
vn 0.524247209 0.475149974 -0.706680526
vn -0.524247209 -0.475149974 -0.706680526
vn -0.524247209 -0.475149974 -0.706680526
vn -0.524247209 -0.475149974 0.706680526
vn -0.524247209 -0.475149974 0.706680526
vn 0.524247209 0.475149974 0.706680526
vn 0.524247209 0.475149974 0.706680526
vn 0.475149974 0.524247209 -0.706680526
vn 0.475149974 0.524247209 -0.706680526
vn -0.475149974 -0.524247209 -0.706680526
vn -0.475149974 -0.524247209 -0.706680526
vn -0.475149974 -0.524247209 0.706680526
vn -0.475149974 -0.524247209 0.706680526
vn 0.475149974 0.524247209 0.706680526
vn 0.475149974 0.524247209 0.706680526
vn 0.421476785 0.568295658 -0.706680526
vn 0.421476785 0.568295658 -0.706680526
vn -0.421476785 -0.568295658 -0.706680526
vn -0.421476785 -0.568295658 -0.706680526
vn -0.421476785 -0.568295658 0.706680526
vn -0.421476785 -0.568295658 0.706680526
vn 0.421476785 0.568295658 0.706680526
vn 0.421476785 0.568295658 0.706680526
vn 0.363744544 0.606871108 -0.706680526
vn 0.363744544 0.606871108 -0.706680526
vn -0.363744544 -0.606871108 -0.706680526
vn -0.363744544 -0.606871108 -0.706680526
vn -0.363744544 -0.606871108 0.706680526
vn -0.363744544 -0.606871108 0.706680526
vn 0.363744544 0.606871108 0.706680526
vn 0.363744544 0.606871108 0.706680526
vn 0.302509244 0.639602058 -0.706680526
vn 0.302509244 0.639602058 -0.706680526
vn -0.302509244 -0.639602058 -0.706680526
vn -0.302509244 -0.639602058 -0.706680526
vn -0.302509244 -0.639602058 0.706680526
vn -0.302509244 -0.639602058 0.706680526
vn 0.302509244 0.639602058 0.706680526
vn 0.302509244 0.639602058 0.706680526
vn 0.238360614 0.666173290 -0.706680526
vn 0.238360614 0.666173290 -0.706680526
vn -0.238360614 -0.666173290 -0.706680526
vn -0.238360614 -0.666173290 -0.706680526
vn -0.238360614 -0.666173290 0.706680526
vn -0.238360614 -0.666173290 0.706680526
vn 0.238360614 0.666173290 0.706680526
vn 0.238360614 0.666173290 0.706680526
vn 0.171916442 0.686328909 -0.706680526
vn 0.171916442 0.686328909 -0.706680526
vn -0.171916442 -0.686328909 -0.706680526
vn -0.171916442 -0.686328909 -0.706680526
vn -0.171916442 -0.686328909 0.706680526
vn -0.171916442 -0.686328909 0.706680526
vn 0.171916442 0.686328909 0.706680526
vn 0.171916442 0.686328909 0.706680526
vn 0.103816620 0.699874806 -0.706680526
vn 0.103816620 0.699874806 -0.706680526
vn -0.103816620 -0.699874806 -0.706680526
vn -0.103816620 -0.699874806 -0.706680526
vn -0.103816620 -0.699874806 0.706680526
vn -0.103816620 -0.699874806 0.706680526
vn 0.103816620 0.699874806 0.706680526
vn 0.103816620 0.699874806 0.706680526
vn 0.034716988 0.706680526 -0.706680526
vn 0.034716988 0.706680526 -0.706680526
vn -0.034716988 -0.706680526 -0.706680526
vn -0.034716988 -0.706680526 -0.706680526
vn -0.034716988 -0.706680526 0.706680526
vn -0.034716988 -0.706680526 0.706680526
vn 0.034716988 0.706680526 0.706680526
vn 0.034716988 0.706680526 0.706680526
vn -0.034716988 0.706680526 -0.706680526
vn -0.034716988 0.706680526 -0.706680526
vn 0.034716988 -0.706680526 -0.706680526
vn 0.034716988 -0.706680526 -0.706680526
vn 0.034716988 -0.706680526 0.706680526
vn 0.034716988 -0.706680526 0.706680526
vn -0.034716988 0.706680526 0.706680526
vn -0.034716988 0.706680526 0.706680526
vn -0.103816620 0.699874806 -0.706680526
vn -0.103816620 0.699874806 -0.706680526
vn 0.103816620 -0.699874806 -0.706680526
vn 0.103816620 -0.699874806 -0.706680526
vn 0.103816620 -0.699874806 0.706680526
vn 0.103816620 -0.699874806 0.706680526
vn -0.103816620 0.699874806 0.706680526
vn -0.103816620 0.699874806 0.706680526
vn -0.171916442 0.686328909 -0.706680526
vn -0.171916442 0.686328909 -0.706680526
vn 0.171916442 -0.686328909 -0.706680526
vn 0.171916442 -0.686328909 -0.706680526
vn 0.171916442 -0.686328909 0.706680526
vn 0.171916442 -0.686328909 0.706680526
vn -0.171916442 0.686328909 0.706680526
vn -0.171916442 0.686328909 0.706680526
vn -0.238360614 0.666173290 -0.706680526
vn -0.238360614 0.666173290 -0.706680526
vn 0.238360614 -0.666173290 -0.706680526
vn 0.238360614 -0.666173290 -0.706680526
vn 0.238360614 -0.666173290 0.706680526
vn 0.238360614 -0.666173290 0.706680526
vn -0.238360614 0.666173290 0.706680526
vn -0.238360614 0.666173290 0.706680526
vn -0.302509244 0.639602058 -0.706680526
vn -0.302509244 0.639602058 -0.706680526
vn 0.302509244 -0.639602058 -0.706680526
vn 0.302509244 -0.639602058 -0.706680526
vn 0.302509244 -0.639602058 0.706680526
vn 0.302509244 -0.639602058 0.706680526
vn -0.302509244 0.639602058 0.706680526
vn -0.302509244 0.639602058 0.706680526
vn -0.363744544 0.606871108 -0.706680526
vn -0.363744544 0.606871108 -0.706680526
vn 0.363744544 -0.606871108 -0.706680526
vn 0.363744544 -0.606871108 -0.706680526
vn 0.363744544 -0.606871108 0.706680526
vn 0.363744544 -0.606871108 0.706680526
vn -0.363744544 0.606871108 0.706680526
vn -0.363744544 0.606871108 0.706680526
vn -0.421476785 0.568295658 -0.706680526
vn -0.421476785 0.568295658 -0.706680526
vn 0.421476785 -0.568295658 -0.706680526
vn 0.421476785 -0.568295658 -0.706680526
vn 0.421476785 -0.568295658 0.706680526
vn 0.421476785 -0.568295658 0.706680526
vn -0.421476785 0.568295658 0.706680526
vn -0.421476785 0.568295658 0.706680526
vn -0.475149974 0.524247209 -0.706680526
vn -0.475149974 0.524247209 -0.706680526
vn 0.475149974 -0.524247209 -0.706680526
vn 0.475149974 -0.524247209 -0.706680526
vn 0.475149974 -0.524247209 0.706680526
vn 0.475149974 -0.524247209 0.706680526
vn -0.475149974 0.524247209 0.706680526
vn -0.475149974 0.524247209 0.706680526
vn -0.524247209 0.475149974 -0.706680526
vn -0.524247209 0.475149974 -0.706680526
vn 0.524247209 -0.475149974 -0.706680526
vn 0.524247209 -0.475149974 -0.706680526
vn 0.524247209 -0.475149974 0.706680526
vn 0.524247209 -0.475149974 0.706680526
vn -0.524247209 0.475149974 0.706680526
vn -0.524247209 0.475149974 0.706680526
vn -0.568295658 0.421476785 -0.706680526
vn -0.568295658 0.421476785 -0.706680526
vn 0.568295658 -0.421476785 -0.706680526
vn 0.568295658 -0.421476785 -0.706680526
vn 0.568295658 -0.421476785 0.706680526
vn 0.568295658 -0.421476785 0.706680526
vn -0.568295658 0.421476785 0.706680526
vn -0.568295658 0.421476785 0.706680526
vn -0.606871108 0.363744544 -0.706680526
vn -0.606871108 0.363744544 -0.706680526
vn 0.606871108 -0.363744544 -0.706680526
vn 0.606871108 -0.363744544 -0.706680526
vn 0.606871108 -0.363744544 0.706680526
vn 0.606871108 -0.363744544 0.706680526
vn -0.606871108 0.363744544 0.706680526
vn -0.606871108 0.363744544 0.706680526
vn -0.639602058 0.302509244 -0.706680526
vn -0.639602058 0.302509244 -0.706680526
vn 0.639602058 -0.302509244 -0.706680526
vn 0.639602058 -0.302509244 -0.706680526
vn 0.639602058 -0.302509244 0.706680526
vn 0.639602058 -0.302509244 0.706680526
vn -0.639602058 0.302509244 0.706680526
vn -0.639602058 0.302509244 0.706680526
vn -0.666173290 0.238360614 -0.706680526
vn -0.666173290 0.238360614 -0.706680526
vn 0.666173290 -0.238360614 -0.706680526
vn 0.666173290 -0.238360614 -0.706680526
vn 0.666173290 -0.238360614 0.706680526
vn 0.666173290 -0.238360614 0.706680526
vn -0.666173290 0.238360614 0.706680526
vn -0.666173290 0.238360614 0.706680526
vn -0.686328909 0.171916442 -0.706680526
vn -0.686328909 0.171916442 -0.706680526
vn 0.686328909 -0.171916442 -0.706680526
vn 0.686328909 -0.171916442 -0.706680526
vn 0.686328909 -0.171916442 0.706680526
vn 0.686328909 -0.171916442 0.706680526
vn -0.686328909 0.171916442 0.706680526
vn -0.686328909 0.171916442 0.706680526
vn -0.699874806 0.103816620 -0.706680526
vn -0.699874806 0.103816620 -0.706680526
vn 0.699874806 -0.103816620 -0.706680526
vn 0.699874806 -0.103816620 -0.706680526
vn 0.699874806 -0.103816620 0.706680526
vn 0.699874806 -0.103816620 0.706680526
vn -0.699874806 0.103816620 0.706680526
vn -0.699874806 0.103816620 0.706680526
vn -0.706680526 0.034716988 -0.706680526
vn -0.706680526 0.034716988 -0.706680526
vn 0.706680526 -0.034716988 -0.706680526
vn 0.706680526 -0.034716988 -0.706680526
vn 0.706680526 -0.034716988 0.706680526
vn 0.706680526 -0.034716988 0.706680526
vn -0.706680526 0.034716988 0.706680526
vn -0.706680526 0.034716988 0.706680526
vn -0.706680526 -0.034716988 -0.706680526
vn -0.706680526 -0.034716988 -0.706680526
vn 0.706680526 0.034716988 -0.706680526
vn 0.706680526 0.034716988 -0.706680526
vn 0.706680526 0.034716988 0.706680526
vn 0.706680526 0.034716988 0.706680526
vn -0.706680526 -0.034716988 0.706680526
vn -0.706680526 -0.034716988 0.706680526
vn -0.699874806 -0.103816620 -0.706680526
vn -0.699874806 -0.103816620 -0.706680526
vn 0.699874806 0.103816620 -0.706680526
vn 0.699874806 0.103816620 -0.706680526
vn 0.699874806 0.103816620 0.706680526
vn 0.699874806 0.103816620 0.706680526
vn -0.699874806 -0.103816620 0.706680526
vn -0.699874806 -0.103816620 0.706680526
vn -0.686328909 -0.171916442 -0.706680526
vn -0.686328909 -0.171916442 -0.706680526
vn 0.686328909 0.171916442 -0.706680526
vn 0.686328909 0.171916442 -0.706680526
vn 0.686328909 0.171916442 0.706680526
vn 0.686328909 0.171916442 0.706680526
vn -0.686328909 -0.171916442 0.706680526
vn -0.686328909 -0.171916442 0.706680526
vn -0.666173290 -0.238360614 -0.706680526
vn -0.666173290 -0.238360614 -0.706680526
vn 0.666173290 0.238360614 -0.706680526
vn 0.666173290 0.238360614 -0.706680526
vn 0.666173290 0.238360614 0.706680526
vn 0.666173290 0.238360614 0.706680526
vn -0.666173290 -0.238360614 0.706680526
vn -0.666173290 -0.238360614 0.706680526
vn -0.639602058 -0.302509244 -0.706680526
vn -0.639602058 -0.302509244 -0.706680526
vn 0.639602058 0.302509244 -0.706680526
vn 0.639602058 0.302509244 -0.706680526
vn 0.639602058 0.302509244 0.706680526
vn 0.639602058 0.302509244 0.706680526
vn -0.639602058 -0.302509244 0.706680526
vn -0.639602058 -0.302509244 0.706680526
vn -0.606871108 -0.363744544 -0.706680526
vn -0.606871108 -0.363744544 -0.706680526
vn 0.606871108 0.363744544 -0.706680526
vn 0.606871108 0.363744544 -0.706680526
vn 0.606871108 0.363744544 0.706680526
vn 0.606871108 0.363744544 0.706680526
vn -0.606871108 -0.363744544 0.706680526
vn -0.606871108 -0.363744544 0.706680526
vn -0.568295658 -0.421476785 -0.706680526
vn -0.568295658 -0.421476785 -0.706680526
vn 0.568295658 0.421476785 -0.706680526
vn 0.568295658 0.421476785 -0.706680526
vn 0.568295658 0.421476785 0.706680526
vn 0.568295658 0.421476785 0.706680526
vn -0.568295658 -0.421476785 0.706680526
vn -0.568295658 -0.421476785 0.706680526
vn -0.524247209 -0.475149974 -0.706680526
vn -0.524247209 -0.475149974 -0.706680526
vn 0.524247209 0.475149974 -0.706680526
vn 0.524247209 0.475149974 -0.706680526
vn 0.524247209 0.475149974 0.706680526
vn 0.524247209 0.475149974 0.706680526
vn -0.524247209 -0.475149974 0.706680526
vn -0.524247209 -0.475149974 0.706680526
vn -0.475149974 -0.524247209 -0.706680526
vn -0.475149974 -0.524247209 -0.706680526
vn 0.475149974 0.524247209 -0.706680526
vn 0.475149974 0.524247209 -0.706680526
vn 0.475149974 0.524247209 0.706680526
vn 0.475149974 0.524247209 0.706680526
vn -0.475149974 -0.524247209 0.706680526
vn -0.475149974 -0.524247209 0.706680526
vn -0.421476785 -0.568295658 -0.706680526
vn -0.421476785 -0.568295658 -0.706680526
vn 0.421476785 0.568295658 -0.706680526
vn 0.421476785 0.568295658 -0.706680526
vn 0.421476785 0.568295658 0.706680526
vn 0.421476785 0.568295658 0.706680526
vn -0.421476785 -0.568295658 0.706680526
vn -0.421476785 -0.568295658 0.706680526
vn -0.363744544 -0.606871108 -0.706680526
vn -0.363744544 -0.606871108 -0.706680526
vn 0.363744544 0.606871108 -0.706680526
vn 0.363744544 0.606871108 -0.706680526
vn 0.363744544 0.606871108 0.706680526
vn 0.363744544 0.606871108 0.706680526
vn -0.363744544 -0.606871108 0.706680526
vn -0.363744544 -0.606871108 0.706680526
vn -0.302509244 -0.639602058 -0.706680526
vn -0.302509244 -0.639602058 -0.706680526
vn 0.302509244 0.639602058 -0.706680526
vn 0.302509244 0.639602058 -0.706680526
vn 0.302509244 0.639602058 0.706680526
vn 0.302509244 0.639602058 0.706680526
vn -0.302509244 -0.639602058 0.706680526
vn -0.302509244 -0.639602058 0.706680526
vn -0.238360614 -0.666173290 -0.706680526
vn -0.238360614 -0.666173290 -0.706680526
vn 0.238360614 0.666173290 -0.706680526
vn 0.238360614 0.666173290 -0.706680526
vn 0.238360614 0.666173290 0.706680526
vn 0.238360614 0.666173290 0.706680526
vn -0.238360614 -0.666173290 0.706680526
vn -0.238360614 -0.666173290 0.706680526
vn -0.171916442 -0.686328909 -0.706680526
vn -0.171916442 -0.686328909 -0.706680526
vn 0.171916442 0.686328909 -0.706680526
vn 0.171916442 0.686328909 -0.706680526
vn 0.171916442 0.686328909 0.706680526
vn 0.171916442 0.686328909 0.706680526
vn -0.171916442 -0.686328909 0.706680526
vn -0.171916442 -0.686328909 0.706680526
vn -0.103816620 -0.699874806 -0.706680526
vn -0.103816620 -0.699874806 -0.706680526
vn 0.103816620 0.699874806 -0.706680526
vn 0.103816620 0.699874806 -0.706680526
vn 0.103816620 0.699874806 0.706680526
vn 0.103816620 0.699874806 0.706680526
vn -0.103816620 -0.699874806 0.706680526
vn -0.103816620 -0.699874806 0.706680526
vn -0.034716988 -0.706680526 -0.706680526
vn -0.034716988 -0.706680526 -0.706680526
vn 0.034716988 0.706680526 -0.706680526
vn 0.034716988 0.706680526 -0.706680526
vn 0.034716988 0.706680526 0.706680526
vn 0.034716988 0.706680526 0.706680526
vn -0.034716988 -0.706680526 0.706680526
vn -0.034716988 -0.706680526 0.706680526
vn 0.034716988 -0.706680526 -0.706680526
vn 0.034716988 -0.706680526 -0.706680526
vn -0.034716988 0.706680526 -0.706680526
vn -0.034716988 0.706680526 -0.706680526
vn -0.034716988 0.706680526 0.706680526
vn -0.034716988 0.706680526 0.706680526
vn 0.034716988 -0.706680526 0.706680526
vn 0.034716988 -0.706680526 0.706680526
vn 0.103816620 -0.699874806 -0.706680526
vn 0.103816620 -0.699874806 -0.706680526
vn -0.103816620 0.699874806 -0.706680526
vn -0.103816620 0.699874806 -0.706680526
vn -0.103816620 0.699874806 0.706680526
vn -0.103816620 0.699874806 0.706680526
vn 0.103816620 -0.699874806 0.706680526
vn 0.103816620 -0.699874806 0.706680526
vn 0.171916442 -0.686328909 -0.706680526
vn 0.171916442 -0.686328909 -0.706680526
vn -0.171916442 0.686328909 -0.706680526
vn -0.171916442 0.686328909 -0.706680526
vn -0.171916442 0.686328909 0.706680526
vn -0.171916442 0.686328909 0.706680526
vn 0.171916442 -0.686328909 0.706680526
vn 0.171916442 -0.686328909 0.706680526
vn 0.238360614 -0.666173290 -0.706680526
vn 0.238360614 -0.666173290 -0.706680526
vn -0.238360614 0.666173290 -0.706680526
vn -0.238360614 0.666173290 -0.706680526
vn -0.238360614 0.666173290 0.706680526
vn -0.238360614 0.666173290 0.706680526
vn 0.238360614 -0.666173290 0.706680526
vn 0.238360614 -0.666173290 0.706680526
vn 0.302509244 -0.639602058 -0.706680526
vn 0.302509244 -0.639602058 -0.706680526
vn -0.302509244 0.639602058 -0.706680526
vn -0.302509244 0.639602058 -0.706680526
vn -0.302509244 0.639602058 0.706680526
vn -0.302509244 0.639602058 0.706680526
vn 0.302509244 -0.639602058 0.706680526
vn 0.302509244 -0.639602058 0.706680526
vn 0.363744544 -0.606871108 -0.706680526
vn 0.363744544 -0.606871108 -0.706680526
vn -0.363744544 0.606871108 -0.706680526
vn -0.363744544 0.606871108 -0.706680526
vn -0.363744544 0.606871108 0.706680526
vn -0.363744544 0.606871108 0.706680526
vn 0.363744544 -0.606871108 0.706680526
vn 0.363744544 -0.606871108 0.706680526
vn 0.421476785 -0.568295658 -0.706680526
vn 0.421476785 -0.568295658 -0.706680526
vn -0.421476785 0.568295658 -0.706680526
vn -0.421476785 0.568295658 -0.706680526
vn -0.421476785 0.568295658 0.706680526
vn -0.421476785 0.568295658 0.706680526
vn 0.421476785 -0.568295658 0.706680526
vn 0.421476785 -0.568295658 0.706680526
vn 0.475149974 -0.524247209 -0.706680526
vn 0.475149974 -0.524247209 -0.706680526
vn -0.475149974 0.524247209 -0.706680526
vn -0.475149974 0.524247209 -0.706680526
vn -0.475149974 0.524247209 0.706680526
vn -0.475149974 0.524247209 0.706680526
vn 0.475149974 -0.524247209 0.706680526
vn 0.475149974 -0.524247209 0.706680526
vn 0.524247209 -0.475149974 -0.706680526
vn 0.524247209 -0.475149974 -0.706680526
vn -0.524247209 0.475149974 -0.706680526
vn -0.524247209 0.475149974 -0.706680526
vn -0.524247209 0.475149974 0.706680526
vn -0.524247209 0.475149974 0.706680526
vn 0.524247209 -0.475149974 0.706680526
vn 0.524247209 -0.475149974 0.706680526
vn 0.568295658 -0.421476785 -0.706680526
vn 0.568295658 -0.421476785 -0.706680526
vn -0.568295658 0.421476785 -0.706680526
vn -0.568295658 0.421476785 -0.706680526
vn -0.568295658 0.421476785 0.706680526
vn -0.568295658 0.421476785 0.706680526
vn 0.568295658 -0.421476785 0.706680526
vn 0.568295658 -0.421476785 0.706680526
vn 0.606871108 -0.363744544 -0.706680526
vn 0.606871108 -0.363744544 -0.706680526
vn -0.606871108 0.363744544 -0.706680526
vn -0.606871108 0.363744544 -0.706680526
vn -0.606871108 0.363744544 0.706680526
vn -0.606871108 0.363744544 0.706680526
vn 0.606871108 -0.363744544 0.706680526
vn 0.606871108 -0.363744544 0.706680526
vn 0.639602058 -0.302509244 -0.706680526
vn 0.639602058 -0.302509244 -0.706680526
vn -0.639602058 0.302509244 -0.706680526
vn -0.639602058 0.302509244 -0.706680526
vn -0.639602058 0.302509244 0.706680526
vn -0.639602058 0.302509244 0.706680526
vn 0.639602058 -0.302509244 0.706680526
vn 0.639602058 -0.302509244 0.706680526
vn 0.666173290 -0.238360614 -0.706680526
vn 0.666173290 -0.238360614 -0.706680526
vn -0.666173290 0.238360614 -0.706680526
vn -0.666173290 0.238360614 -0.706680526
vn -0.666173290 0.238360614 0.706680526
vn -0.666173290 0.238360614 0.706680526
vn 0.666173290 -0.238360614 0.706680526
vn 0.666173290 -0.238360614 0.706680526
vn 0.686328909 -0.171916442 -0.706680526
vn 0.686328909 -0.171916442 -0.706680526
vn -0.686328909 0.171916442 -0.706680526
vn -0.686328909 0.171916442 -0.706680526
vn -0.686328909 0.171916442 0.706680526
vn -0.686328909 0.171916442 0.706680526
vn 0.686328909 -0.171916442 0.706680526
vn 0.686328909 -0.171916442 0.706680526
vn 0.699874806 -0.103816620 -0.706680526
vn 0.699874806 -0.103816620 -0.706680526
vn -0.699874806 0.103816620 -0.706680526
vn -0.699874806 0.103816620 -0.706680526
vn -0.699874806 0.103816620 0.706680526
vn -0.699874806 0.103816620 0.706680526
vn 0.699874806 -0.103816620 0.706680526
vn 0.699874806 -0.103816620 0.706680526
vn 0.706680526 -0.034716988 -0.706680526
vn 0.706680526 -0.034716988 -0.706680526
vn -0.706680526 0.034716988 -0.706680526
vn -0.706680526 0.034716988 -0.706680526
vn -0.706680526 0.034716988 0.706680526
vn -0.706680526 0.034716988 0.706680526
vn 0.706680526 -0.034716988 0.706680526
vn 0.706680526 -0.034716988 0.706680526
vn 0.590923366 0.515775466 -0.620310602
vn 0.592767680 0.515465655 -0.618806623
vn -0.772038040 0.138570865 -0.620286531
vn -0.773351433 0.137370212 -0.618915976
vn -0.588514784 -0.524477418 0.615283501
vn -0.589804310 -0.524215767 0.614270874
vn 0.774420097 -0.147176761 0.615314972
vn 0.776141177 -0.145706685 0.613493631
vn 0.549534575 0.624482884 -0.555007097
vn 0.549489774 0.624483234 -0.555051060
vn -0.726182118 0.020381919 -0.687200196
vn -0.726043577 0.020549148 -0.687341586
vn -0.548132403 -0.627483192 0.553006070
vn -0.547682750 -0.627510358 0.553420595
vn 0.727662999 -0.023569948 0.685529735
vn 0.727810044 -0.023409361 0.685379122
vn 0.478850277 0.727924698 -0.490742343
vn 0.479440098 0.728012999 -0.490034964
vn -0.656744969 -0.080432528 -0.749811079
vn -0.656062487 -0.079316260 -0.750527111
vn -0.477240967 -0.729972873 0.489265433
vn -0.477596842 -0.730002107 0.488874401
vn 0.658408895 0.078219568 0.748584949
vn 0.657885983 0.077467072 0.749122744
vn 0.381943275 0.819824101 -0.426623695
vn 0.382869992 0.820117536 -0.425226758
vn -0.570879305 -0.159349718 -0.805421931
vn -0.570008281 -0.157285650 -0.806443913
vn -0.380165117 -0.821268376 0.425432414
vn -0.380988269 -0.821455278 0.424333789
vn 0.572707054 0.157748074 0.804439044
vn 0.571867439 0.156081042 0.805361000
vn 0.262910795 0.892903696 -0.365514572
vn 0.263839679 0.893377470 -0.363682994
vn -0.474219930 -0.215379769 -0.853655090
vn -0.473536207 -0.212650959 -0.854718100
vn -0.261020487 -0.893859828 0.364531086
vn -0.261951649 -0.894216647 0.362984740
vn 0.476161998 0.214273266 0.852852109
vn 0.475382830 0.211939373 0.853869350
vn 0.128995715 0.941696080 -0.310754884
vn 0.129655199 0.942202146 -0.308941168
vn -0.371108486 -0.249419786 -0.894465350
vn -0.370852101 -0.246585201 -0.895357168
vn -0.127065790 -0.942222322 0.309953836
vn -0.127789905 -0.942632618 0.308404746
vn 0.373093081 0.248755052 0.893824634
vn 0.372646432 0.246269459 0.894698827
vn -0.009882399 0.963952188 -0.265891929
vn -0.009613299 0.964276906 -0.264721802
vn -0.263875086 -0.263381977 -0.927900789
vn -0.264012929 -0.261173774 -0.928485559
vn 0.011760726 -0.964101772 0.265272424
vn 0.011439587 -0.964363288 0.264334227
vn 0.265807928 0.263112550 0.927425432
vn 0.265734258 0.261177651 0.927993286
vn -0.142150233 0.961749586 -0.234160298
vn -0.142166762 0.961707721 -0.234322151
vn -0.152714876 -0.259199398 -0.953673864
vn -0.152901469 -0.258306809 -0.953886122
vn 0.143868172 -0.961598452 0.233731397
vn 0.143947235 -0.961500269 0.234086364
vn 0.154484669 0.259256711 0.953373193
vn 0.154547323 0.258568040 0.953550048
vn -0.256366986 0.941793332 -0.217488592
vn -0.256318515 0.941352653 -0.219444758
vn -0.036599083 -0.238160849 -0.970535892
vn -0.036331498 -0.238934213 -0.970355844
vn 0.257812495 -0.941453120 0.217252709
vn 0.258034443 -0.940899302 0.219378054
vn 0.038097022 0.238441218 0.970409399
vn 0.037901746 0.239399132 0.970181175
vn -0.344175805 0.913939833 -0.215074399
vn -0.343631841 0.913310241 -0.218589940
vn 0.084435419 -0.201324968 -0.975878536
vn 0.085461637 -0.203531595 -0.975331327
vn 0.345273284 -0.913541622 0.215007125
vn 0.345214697 -0.912684797 0.218708195
vn -0.083278858 0.201702544 0.975899952
vn -0.083997419 0.204139157 0.975331553
vn -0.404522012 0.886992676 -0.222723898
vn -0.403386042 0.886512588 -0.226660831
vn 0.206295804 -0.151288042 -0.966723316
vn 0.207891038 -0.154146264 -0.965929731
vn 0.405279104 -0.886635477 0.222769787
vn 0.404702976 -0.885841903 0.226935286
vn -0.205480765 0.151654660 0.966839449
vn -0.206622924 0.154806341 0.966096250
vn -0.446656079 0.863154290 -0.235505880
vn -0.445370253 0.862982037 -0.238552596
vn 0.320219235 -0.093443765 -0.942723663
vn 0.321840513 -0.096022136 -0.941912116
vn 0.447140766 -0.862876824 0.235602891
vn 0.446289720 -0.862416383 0.238879609
vn -0.319696806 0.093736729 0.942871878
vn -0.320895187 0.096616320 0.942173851
vn -0.486134142 0.836474775 -0.252949691
vn -0.485248946 0.836498666 -0.254565203
vn 0.417520854 -0.033746925 -0.908040462
vn 0.418691240 -0.035424294 -0.907437472
vn 0.486395589 -0.836295049 0.253041344
vn 0.485731010 -0.836143827 0.254811471
vn -0.417240285 0.033936072 0.908162368
vn -0.418147011 0.035840812 0.907672030
vn -0.534215214 0.797782759 -0.279565332
vn -0.534012474 0.797811052 -0.279871761
vn 0.495464739 0.025325304 -0.868258787
vn 0.495961842 0.024697263 -0.867993028
vn 0.534282301 -0.797725835 0.279599562
vn 0.534116431 -0.797716592 0.279942631
vn -0.495385773 -0.025260646 0.868305727
vn -0.495793140 -0.024534286 0.868094022
vn -0.591549686 0.740288422 -0.319440169
vn -0.592063530 0.740167261 -0.318768258
vn 0.556991494 0.085754450 -0.826079082
vn 0.556805622 0.085953961 -0.826183645
vn 0.591463175 -0.740383452 0.319380114
vn 0.591905460 -0.740354968 0.318625874
vn -0.557076200 -0.085842345 0.826012832
vn -0.556909147 -0.086087109 0.826100001
vn -0.650564016 0.661649522 -0.372808761
vn -0.651610846 0.661301628 -0.371595831
vn 0.605947267 0.151931745 -0.780861483
vn 0.605251319 0.152543407 -0.781281863
vn 0.650373952 -0.661938010 0.372628224
vn 0.651329031 -0.661777469 0.371242608
vn -0.606150916 -0.152218016 0.780647643
vn -0.605493083 -0.152991866 0.781006796
vn -0.700803609 0.563932528 -0.436868865
vn -0.702006474 0.563403234 -0.435618763
vn 0.643547483 0.228295698 -0.730566706
vn 0.642681921 0.228896624 -0.731140399
vn 0.700571914 -0.564474545 0.436540356
vn 0.701739027 -0.564155595 0.435075628
vn -0.643804168 -0.228841028 0.730169828
vn -0.642924420 -0.229657956 0.730688315
vn -0.732958604 0.452859240 -0.507631947
vn -0.733846742 0.452354377 -0.506798261
vn 0.667617690 0.317692511 -0.673318713
vn 0.667013731 0.318009913 -0.673767303
vn 0.732775744 -0.453723123 0.507124281
vn 0.733719630 -0.453353848 0.506088721
vn -0.667826134 -0.318557457 0.672703055
vn -0.667127554 -0.319060406 0.673157697
vn -0.740997476 0.336573572 -0.581068818
vn -0.741144252 0.336466534 -0.580943603
vn 0.673459725 0.420403473 -0.608040227
vn 0.673509784 0.420384794 -0.607997693
vn 0.740995446 -0.337815191 0.580350451
vn 0.741269887 -0.337669308 0.580084815
vn -0.673476822 -0.421628027 0.607172774
vn -0.673376276 -0.421682689 0.607246327
vn -0.722904164 0.224127050 -0.653587512
vn -0.722058745 0.224922599 -0.654248418
vn 0.655273012 0.533706904 -0.534578545
vn 0.656210537 0.533486223 -0.533647993
vn 0.723259020 -0.225767584 0.652629594
vn 0.722543143 -0.226273268 0.653247131
vn -0.654916158 -0.535290243 0.533431516
vn -0.655717371 -0.534975467 0.532762592
vn -0.680482520 0.123980527 -0.722199673
vn -0.678667634 0.126229813 -0.723516604
vn 0.607617263 0.651914719 -0.453661173
vn 0.609457092 0.651710937 -0.451480794
vn 0.681409446 -0.125987184 0.720977389
vn 0.679623248 -0.127659061 0.722367915
vn -0.606672337 -0.653797976 0.452213315
vn -0.608487904 -0.653321420 0.450459313
vn -0.618541904 0.042772772 -0.784586772
vn -0.616093809 0.046949656 -0.786272312
vn 0.526692560 0.766836592 -0.366819558
vn 0.529247140 0.766838415 -0.363120242
vn 0.620288199 -0.045042779 0.783079624
vn 0.617655653 -0.048363270 0.784960183
vn -0.524922993 -0.768888602 0.365056391
vn -0.527666272 -0.768479030 0.361950668
vn -0.543688327 -0.015467737 -0.839144655
vn -0.541222250 -0.009099642 -0.840830347
vn 0.411316695 0.868600774 -0.276317338
vn 0.414270962 0.868884466 -0.270960060
vn 0.546530280 0.013122449 0.837336524
vn 0.543566377 0.007843935 0.839329534
vn -0.408468375 -0.870603892 0.274230651
vn -0.411903148 -0.870425209 0.269621498
vn -0.462921912 -0.049545686 -0.885013293
vn -0.461224780 -0.041034832 -0.886333936
vn 0.263525746 0.946729504 -0.185087621
vn 0.266535071 0.947231822 -0.178075632
vn 0.467174251 0.047419392 0.882892757
vn 0.464591916 0.040168791 0.884613373
vn -0.259320024 -0.948358178 0.182674278
vn -0.263136157 -0.948468559 0.176541089
vn -0.382260673 -0.060686713 -0.922059597
vn -0.382136579 -0.050428497 -0.922728888
vn 0.088770179 0.991348888 -0.096681110
vn 0.091544535 0.991891753 -0.088149580
vn 0.388318925 0.059221888 0.919620128
vn 0.386875019 0.050350158 0.920756527
vn -0.082867274 -0.992123113 0.093940108
vn -0.086747300 -0.992477411 0.086391523
vn -0.305632567 -0.051493064 -0.950756119
vn -0.307744049 -0.040177089 -0.950620535
vn -0.104252647 0.994434190 -0.015232447
vn -0.101901271 0.994779728 -0.005424448
vn 0.314118696 0.051393046 0.947991667
vn 0.314429606 0.041625631 0.948367719
vn 0.112382150 -0.993590736 0.012153267
vn 0.108729867 -0.994065435 0.003424411
vn -0.234172849 -0.024325120 -0.971890614
vn -0.238941778 -0.012762919 -0.970950016
vn -0.303923899 0.951134106 0.054536012
vn -0.302069099 0.951046396 0.065307065
vn 0.246569639 0.026985058 0.968749307
vn 0.248900555 0.017423618 0.968372310
vn 0.315566526 -0.947126535 -0.058043900
vn 0.312416619 -0.947540171 -0.067553534
vn -0.159290083 0.024070054 -0.986938348
vn -0.163572287 0.030399517 -0.986062866
vn -0.489904575 0.865296444 0.106092276
vn -0.489717771 0.865220141 0.107566784
vn 0.193288486 -0.008443448 0.981105636
vn 0.194752100 -0.011307345 0.980787318
vn 0.520801441 -0.846192356 -0.112802288
vn 0.520797013 -0.846192585 -0.112821009
vn 0.233067963 -0.842048423 -0.486450181
vn 0.233067963 -0.842048423 -0.486450181
vn 0.844099829 0.516847983 -0.142701228
vn 0.844099829 0.516847983 -0.142701228
vn 0.255108179 0.661805405 -0.704935049
vn 0.254851692 0.661337111 -0.705467108
vn -0.355481955 -0.613761864 -0.704931879
vn -0.355751782 -0.614566502 -0.704094230
vn -0.241895439 -0.668129759 0.703625769
vn -0.241208008 -0.667054355 0.704880972
vn 0.368627446 0.607469886 0.703629266
vn 0.368944363 0.608237482 0.702799561
vn 0.253032194 0.662109297 -0.705397752
vn 0.251994808 0.658458859 -0.709175964
vn -0.225406784 -0.668466706 -0.708762333
vn -0.226506864 -0.671920050 -0.705136928
vn -0.247912674 -0.664265873 0.705188029
vn -0.246285353 -0.660212267 0.709551469
vn 0.230660765 0.666582982 0.708846062
vn 0.232097946 0.669857017 0.705281589
vn 0.274110194 0.651416592 -0.707474399
vn 0.273872447 0.648431325 -0.710303245
vn -0.097393025 -0.712304990 -0.695079995
vn -0.098409347 -0.715243153 -0.691912445
vn -0.270076055 -0.652731092 0.707814274
vn -0.269403740 -0.649424360 0.711104511
vn 0.101482886 0.711234048 0.695591369
vn 0.102839707 0.713993812 0.692558179
vn 0.300875065 0.642101946 -0.705109414
vn 0.301093772 0.639683550 -0.707211069
vn 0.023591680 -0.743398589 -0.668432473
vn 0.022591169 -0.745982946 -0.665581763
vn -0.297564133 -0.642908647 0.705779043
vn -0.297469140 -0.640209265 0.708268457
vn -0.020298731 0.742796149 0.669209864
vn -0.018950692 0.745259285 0.666505416
vn 0.314092270 0.637716183 -0.703323621
vn 0.314642175 0.635442589 -0.705133334
vn 0.139291308 -0.763394939 -0.630734571
vn 0.138258185 -0.765908278 -0.627908580
vn -0.311418230 -0.638131444 0.704135602
vn -0.311712727 -0.635604458 0.706287582
vn -0.136687269 0.763130098 0.631624131
vn -0.135271999 0.765600908 0.628933014
vn 0.304436286 0.635978535 -0.709119066
vn 0.305383593 0.633553997 -0.710879873
vn 0.254558445 -0.771862253 -0.582605063
vn 0.253510463 -0.774467872 -0.579596378
vn -0.302326392 -0.636079572 0.709930652
vn -0.303032428 -0.633409199 0.712014139
vn -0.252546257 0.771861658 0.583480907
vn -0.251076990 0.774504372 0.580605996
vn 0.274515646 0.631322010 -0.725309368
vn 0.276055528 0.628535525 -0.727142654
vn 0.373428550 -0.765692039 -0.523704898
vn 0.372405727 -0.768489693 -0.520324482
vn -0.272894596 -0.631185204 0.726039791
vn -0.274176976 -0.628134829 0.728198890
vn -0.371915429 0.765892009 0.524488651
vn -0.370438972 0.768803451 0.521264061
vn 0.233489326 0.618794332 -0.750050871
vn 0.235964072 0.615468839 -0.752010017
vn 0.496483289 -0.740020863 -0.453732814
vn 0.495507336 -0.743109012 -0.449734894
vn -0.232300307 -0.618502629 0.750660419
vn -0.234475311 -0.614861417 0.752971956
vn -0.495397735 0.740349599 0.454382610
vn -0.493937264 0.743636779 0.450588859
vn 0.191826434 0.596698154 -0.779200829
vn 0.195664381 0.592814715 -0.781208143
vn 0.620346192 -0.689961812 -0.372992358
vn 0.619423043 -0.693396340 -0.368125808
vn -0.191024615 -0.596342777 0.779669731
vn -0.194511339 -0.592048436 0.782076716
vn -0.619630241 0.690336902 0.373488053
vn -0.618196932 0.694080549 0.368896659
vn 0.158146000 0.567255364 -0.808214820
vn 0.163706839 0.563063011 -0.810037108
vn 0.738493554 -0.612215581 -0.282523190
vn 0.737605220 -0.615968717 -0.276624437
vn -0.157680872 -0.566930498 0.808533582
vn -0.162858469 -0.562188627 0.810815063
vn -0.738086852 0.612551271 0.282858160
vn -0.736686235 0.616755874 0.277318559
vn 0.137570526 0.535751308 -0.833093564
vn 0.144979080 0.531751194 -0.834399026
vn 0.842579545 -0.506151815 -0.184038176
vn 0.841666358 -0.510132469 -0.177094907
vn -0.137374533 -0.535543613 0.833259429
vn -0.144415240 -0.530827010 0.835084980
vn -0.842409597 0.506370242 0.184215223
vn -0.841028026 0.510968735 0.177715537
vn 0.131117701 0.508892506 -0.850785852
vn 0.140162162 0.505707552 -0.851242879
vn 0.923876485 -0.374280354 -0.079790081
vn 0.922843585 -0.378394164 -0.071955362
vn -0.131104370 -0.508870383 0.850801139
vn -0.139860027 -0.504800706 0.851830628
vn -0.923857343 0.374321517 0.079818620
vn -0.922461161 0.379221759 0.072500088
vn 0.135928379 0.492990351 -0.859350912
vn 0.146064138 0.491183604 -0.858722269
vn 0.974623849 -0.222141477 0.027595601
vn 0.973381023 -0.226342426 0.036034558
vn -0.135996966 -0.493196535 0.859221742
vn -0.145986227 -0.490366445 0.859202404
vn -0.974660113 0.221969047 -0.027702090
vn -0.973221635 0.227099430 -0.035573833
vn 0.146179987 0.492400422 -0.858005382
vn 0.156638348 0.492315367 -0.856206755
vn 0.989122003 -0.057701365 0.135307857
vn 0.987634465 -0.062004350 0.143991753
vn -0.146222659 -0.492849159 0.857740427
vn -0.156724185 -0.491657343 0.856569079
vn -0.989114126 0.057303986 -0.135534127
vn -0.987648106 0.062628909 -0.143627432
vn 0.154487503 0.508496015 -0.847092329
vn 0.164449512 0.510175763 -0.844202019
vn 0.964431816 0.109600139 0.240539149
vn 0.962750487 0.105144880 0.249110526
vn -0.154395647 -0.509174216 0.846701602
vn -0.164612109 -0.509732373 0.844438133
vn -0.964279683 -0.110210622 -0.240869905
vn -0.962863845 -0.104706278 -0.248857011
vn 0.153540370 0.539324874 -0.827981905
vn 0.162313583 0.542532202 -0.824204532
vn 0.900601958 0.269951460 0.340649853
vn 0.898855621 0.265297836 0.348820341
vn -0.153207752 -0.540195421 0.827475856
vn -0.162441077 -0.542333107 0.824310437
vn -0.900205227 -0.270742462 -0.341070474
vn -0.898970236 -0.265079444 -0.348690986
vn 0.137704218 0.579977548 -0.802909454
vn 0.144843298 0.584298110 -0.798508696
vn 0.800437589 0.414208660 0.433279184
vn 0.798792542 0.409339213 0.440876267
vn -0.137025969 -0.580982248 0.802298892
vn -0.144805124 -0.584336433 0.798487576
vn -0.799692737 -0.415127499 -0.433774926
vn -0.798787927 -0.409344578 -0.440879648
vn 0.104340544 0.623592436 -0.774755139
vn 0.109677388 0.628575037 -0.769976814
vn 0.668919565 0.534696638 0.516377885
vn 0.667529963 0.529616159 0.523364569
vn -0.103208266 -0.624652089 0.774052855
vn -0.109333575 -0.628799483 0.769842438
vn -0.667714849 -0.535667248 -0.516930827
vn -0.667271110 -0.529808528 -0.523499942
vn 0.054648413 0.662848991 -0.746756162
vn 0.058231212 0.668128039 -0.741764147
vn 0.512453104 0.625679286 0.588147300
vn 0.511427549 0.620383779 0.594614016
vn -0.052942893 -0.663858583 0.745981790
vn -0.057442541 -0.668438765 0.741545664
vn -0.510663795 -0.626593734 -0.588729803
vn -0.510774736 -0.620680423 -0.594865515
vn -0.006125968 0.691748152 -0.722112849
vn -0.004154610 0.697102206 -0.716959729
vn 0.338152186 0.683516811 0.646883195
vn 0.337548116 0.677964641 0.653012416
vn 0.008541624 -0.692566439 0.721303520
vn 0.005518803 -0.697350305 0.716709212
vn -0.335639974 -0.684221929 -0.647445874
vn -0.336365115 -0.678236028 -0.653340952
vn -0.069271336 0.707400469 -0.703410306
vn -0.068802357 0.712721854 -0.698064319
vn 0.153348854 0.706647157 0.690748815
vn 0.153182277 0.700769670 0.696747486
vn 0.072553300 -0.707835787 0.702641101
vn 0.070862386 -0.712710504 0.697869801
vn -0.149971572 -0.706930162 -0.691200603
vn -0.151337372 -0.700841931 -0.697077893
vn -0.124216019 0.711348071 -0.691776194
vn -0.125233277 0.716535459 -0.686216848
vn -0.034544057 0.695630889 0.717568376
vn -0.034303548 0.689410506 0.723558167
vn 0.128527757 -0.711147574 0.691194433
vn 0.128103950 -0.716019384 0.686225634
vn 0.038905177 -0.695214975 -0.717748233
vn 0.036948484 -0.689065572 -0.723756483
vn -0.161453250 0.709560977 -0.685898001
vn -0.163959204 0.714411654 -0.680245080
vn -0.217829512 0.653515841 0.724891267
vn -0.217289089 0.647111530 0.730775013
vn 0.166930150 -0.708418294 0.685768070
vn 0.167750828 -0.713095902 0.680701032
vn 0.223227137 -0.652083441 -0.724539047
vn 0.220895170 -0.646077396 -0.730608871
vn -0.176743462 0.709924897 -0.681739238
vn -0.180596995 0.714157800 -0.676286450
vn -0.388354285 0.586470478 0.710797670
vn -0.387694075 0.580264242 0.716230908
vn 0.183441289 -0.707516824 0.682472884
vn 0.185392070 -0.711709305 0.677568924
vn 0.394752184 -0.583714397 -0.709540849
vn 0.392435436 -0.578198294 -0.715318922
vn -0.174851288 0.717059246 -0.674724436
vn -0.179736865 0.720488051 -0.669769832
vn -0.538353392 0.503639798 0.675664546
vn -0.537720017 0.498022575 0.680316616
vn 0.182739931 -0.713066612 0.676861969
vn 0.185560805 -0.716548166 0.672403088
vn 0.545686191 -0.499273291 -0.673017653
vn 0.543722376 -0.494499167 -0.678112492
vn -0.168439556 0.727995868 -0.664567628
vn -0.174054149 0.730623700 -0.660222813
vn -0.663062293 0.414367154 0.623416600
vn -0.662467046 0.409423154 0.627303829
vn 0.177548099 -0.721956493 0.668771632
vn 0.180943927 -0.724673753 0.664911458
vn 0.671386814 -0.407957575 -0.618716706
vn 0.669814481 -0.403834539 -0.623110124
vn -0.169829693 0.734226353 -0.657319967
vn -0.176062462 0.736154559 -0.653512413
vn -0.762953860 0.323610629 0.559622702
vn -0.762317348 0.319215635 0.563004120
vn 0.180748289 -0.724843980 0.664779106
vn 0.184408816 -0.726802745 0.661627659
vn 0.772815925 -0.313901181 -0.551562865
vn 0.771467243 -0.310112995 -0.555579179
vn -0.177546780 0.734506623 -0.654963482
vn -0.179911040 0.734975410 -0.653791377
vn -0.837343162 0.236251292 0.492992654
vn -0.837115600 0.235107003 0.493925267
vn 0.202130473 -0.706246929 0.678497271
vn 0.201638545 -0.706083729 0.678813424
vn 0.859110408 -0.207689011 -0.467754830
vn 0.858689536 -0.206427458 -0.469084199
vn 0.898416058 -0.430025507 -0.089031730
vn 0.898416058 -0.430025507 -0.089031730
vn 0.494213602 0.657103660 0.569181602
vn 0.494213602 0.657103660 0.569181602
vn 0.465753950 0.638925318 -0.612248068
vn 0.465305522 0.640317513 -0.611133580
vn 0.232060021 -0.755822180 -0.612275247
vn 0.231082667 -0.757232328 -0.610900975
vn -0.455809934 -0.640591133 0.617964647
vn -0.455597392 -0.641348890 0.617335094
vn -0.222223251 0.754174415 0.617930237
vn -0.220872072 0.755973919 0.616213407
vn 0.368508424 0.646694837 -0.667822828
vn 0.369473642 0.644723015 -0.669194637
vn 0.350966005 -0.764380102 -0.540875145
vn 0.349981061 -0.766208575 -0.538922699
vn -0.364919306 -0.646772554 0.669715734
vn -0.365966524 -0.644327922 0.671498348
vn -0.347579766 0.764380834 0.543056393
vn -0.346295208 0.766492560 0.540896279
vn 0.281543928 0.631716948 -0.722264989
vn 0.283631680 0.628659131 -0.724113780
vn 0.480496382 -0.746533127 -0.460229853
vn 0.479435415 -0.749082191 -0.457184376
vn -0.279049327 -0.631257358 0.723633623
vn -0.281149594 -0.627783926 0.725838997
vn -0.478167512 0.747061098 0.461796001
vn -0.476812107 0.749847444 0.458670933
vn 0.208778031 0.600032620 -0.772251636
vn 0.212424860 0.596102299 -0.774298216
vn 0.611388746 -0.698274480 -0.372312438
vn 0.610373205 -0.701439782 -0.368003782
vn -0.206961596 -0.599282170 0.773322558
vn -0.210562892 -0.594908733 0.775723448
vn -0.609717252 0.699087266 0.373526260
vn -0.608379207 0.702519052 0.369244800
vn 0.154651615 0.557617302 -0.815564726
vn 0.160138505 0.553285364 -0.817453953
vn 0.735283060 -0.617824453 -0.278660666
vn 0.734372821 -0.621404830 -0.273043215
vn -0.153356620 -0.556720990 0.816421145
vn -0.158765194 -0.551866513 0.818680014
vn -0.734116244 0.618777780 0.279620098
vn -0.732862187 0.622708980 0.274128693
vn 0.120657435 0.511672963 -0.850665952
vn 0.127998624 0.507584807 -0.852041088
vn 0.843213015 -0.506110350 -0.181229483
vn 0.842382907 -0.509879295 -0.174396511
vn -0.119789261 -0.510739073 0.851349595
vn -0.127060320 -0.506017698 0.853112985
vn -0.842457221 0.507096732 0.181985534
vn -0.841294822 0.511340477 0.175368008
vn 0.105239286 0.469206661 -0.876795188
vn 0.114136599 0.466039086 -0.877371305
vn 0.926601773 -0.366918318 -0.082341380
vn 0.925761884 -0.370693266 -0.074507961
vn -0.104718611 -0.468319838 0.877331489
vn -0.113604308 -0.464399606 0.878309209
vn -0.926178333 0.367854358 0.082926874
vn -0.925067043 0.372247487 0.075384185
vn 0.104313149 0.435712405 -0.894020955
vn 0.114192332 0.434018674 -0.893637456
vn 0.978294676 -0.206644444 0.015414281
vn 0.977338491 -0.210323247 0.023950087
vn -0.104062398 -0.434936383 0.894427951
vn -0.114038624 -0.432385131 0.894448596
vn -0.978127274 0.207467558 -0.014974947
vn -0.977015906 0.211904121 -0.023163843
vn 0.112308116 0.414169179 -0.903244584
vn 0.122427458 0.414259458 -0.901887254
vn 0.993439003 -0.033672546 0.109293675
vn 0.992291668 -0.037228911 0.118200062
vn -0.112248548 -0.413547702 0.903536696
vn -0.122613712 -0.412710392 0.902571886
vn -0.993450567 0.034339373 -0.108980632
vn -0.992315040 0.038767192 -0.117507304
vn 0.123588394 0.404535468 -0.906132972
vn 0.133184768 0.406425384 -0.903924900
vn 0.970089065 0.142527094 0.196502504
vn 0.968732951 0.139078852 0.205459344
vn -0.123640667 -0.404093748 0.906322916
vn -0.133653938 -0.405034074 0.904479974
vn -0.970201482 -0.142042253 -0.196298454
vn -0.969061645 -0.137651907 -0.204869422
vn 0.134046398 0.403868726 -0.904942880
vn 0.142472475 0.407301550 -0.902112543
vn 0.909477719 0.312446709 0.274276016
vn 0.907947628 0.309098017 0.283000920
vn -0.134131534 -0.403615745 0.905043127
vn -0.143145607 -0.406129233 0.902534421
vn -0.909612114 -0.312153179 -0.274164539
vn -0.908520798 -0.307845221 -0.282526601
vn 0.142577225 0.407119206 -0.902178301
vn 0.149392260 0.411638092 -0.899019485
vn 0.815962701 0.467601095 0.339932473
vn 0.814320502 0.464389694 0.348172847
vn -0.142616833 -0.407050250 0.902203155
vn -0.150167085 -0.410727867 0.899306658
vn -0.816040485 -0.467492124 -0.339895633
vn -0.815052770 -0.463362664 -0.347827578
vn 0.152024066 0.408542765 -0.899989718
vn 0.157027937 0.413573889 -0.896827110
vn 0.696702574 0.601481645 0.390928835
vn 0.695013526 0.598517653 0.398412873
vn -0.151940397 -0.408641329 0.899959099
vn -0.157777529 -0.412946533 0.896984622
vn -0.696649235 -0.601533791 -0.390943656
vn -0.695789247 -0.597753675 -0.398205811
vn 0.168948376 0.403533810 -0.899231289
vn 0.172183412 0.408459988 -0.896389040
vn 0.561100504 0.710304422 0.425010414
vn 0.559436213 0.707769882 0.431384884
vn -0.168666706 -0.403772617 0.899176966
vn -0.172756307 -0.408110863 0.896437829
vn -0.560853472 -0.710478808 -0.425044993
vn -0.560100949 -0.707290273 -0.431308933
vn 0.201237505 0.390459325 -0.898356823
vn 0.202989858 0.394737113 -0.896090246
vn 0.419895725 0.793428485 0.440634564
vn 0.418364437 0.791510718 0.445513167
vn -0.200692794 -0.390802381 0.898329506
vn -0.203226474 -0.394631373 0.896083188
vn -0.419408148 -0.793680167 -0.440645660
vn -0.418727403 -0.791314404 -0.445520904
vn 0.252809742 0.371744231 -0.893248824
vn 0.253561779 0.375172263 -0.891600918
vn 0.283401046 0.853237007 0.437801847
vn 0.282114556 0.851960271 0.441106646
vn -0.251949069 -0.372154058 0.893321344
vn -0.253351705 -0.375240874 0.891631762
vn -0.282618803 -0.853532954 -0.437730636
vn -0.282002883 -0.852006037 -0.441089659
vn 0.317589948 0.353176514 -0.880001691
vn 0.317797014 0.356170287 -0.878719400
vn 0.158240253 0.894204953 0.418757119
vn 0.157103867 0.893299201 0.421111519
vn -0.316354735 -0.353621716 0.880267779
vn -0.317141802 -0.356321272 0.878894890
vn -0.157066888 -0.894526098 -0.418512906
vn -0.156466516 -0.893494298 -0.420934875
vn 0.379926065 0.340888693 -0.859913417
vn 0.379742410 0.344222849 -0.858665437
vn 0.043840823 0.921058542 0.386948503
vn 0.042477754 0.920125802 0.389312405
vn -0.378248434 -0.341327038 0.860478922
vn -0.378715470 -0.344365074 0.859061865
vn -0.042184502 -0.921362714 -0.386408096
vn -0.041393881 -0.920353116 -0.388891615
vn 0.424754544 0.337498387 -0.840046675
vn 0.424053153 0.341639418 -0.838726076
vn -0.066928660 0.936506553 0.344203472
vn -0.068807915 0.935299646 0.347102352
vn -0.422609017 -0.337841147 0.840990475
vn -0.422708231 -0.341681886 0.839387419
vn 0.069067918 -0.936694449 -0.343268310
vn 0.070250029 -0.935448620 -0.346411334
vn 0.446985672 0.340790887 -0.827082451
vn 0.445554840 0.345742554 -0.825798384
vn -0.182055670 0.939608956 0.289811565
vn -0.184483205 0.938032332 0.293362047
vn -0.444404819 -0.340898258 0.828427869
vn -0.443921121 -0.345572775 0.826748749
vn 0.184614343 -0.939530202 -0.288445045
vn 0.186234926 -0.937988456 -0.292393926
vn 0.451116906 0.346312456 -0.822533416
vn 0.448726026 0.351920796 -0.821460107
vn -0.305395371 0.925820886 0.222686674
vn -0.308343377 0.923796907 0.226988186
vn -0.448149626 -0.346009987 0.824280900
vn -0.446840662 -0.351398044 0.822710664
vn 0.308306960 -0.925287466 -0.220884414
vn 0.310360876 -0.923427549 -0.225738098
vn 0.445634102 0.351062860 -0.823507812
vn 0.442023355 0.357145358 -0.822838105
vn -0.435416768 0.888761609 0.143230723
vn -0.438877577 0.886203270 0.148425863
vn -0.442335000 -0.350143815 0.825674910
vn -0.439944250 -0.356102155 0.824403004
vn 0.438604153 -0.887552009 -0.140988753
vn 0.441104173 -0.885355484 -0.146876735
vn 0.438370171 0.355311645 -0.825581751
vn 0.433301473 0.361579555 -0.825536225
vn -0.566052939 0.822636185 0.053420750
vn -0.569991558 0.819488056 0.059573063
vn -0.434826924 -0.353529995 0.828216209
vn -0.431117261 -0.359812432 0.827449649
vn 0.569393087 -0.820498984 -0.050724052
vn 0.572353731 -0.817975859 -0.057677553
vn 0.434119478 0.362241323 -0.824816042
vn 0.427475953 0.368250024 -0.825624751
vn -0.688224822 0.724169886 -0.043869936
vn -0.692557032 0.720421569 -0.036844545
vn -0.430483796 -0.359299909 0.828001979
vn -0.425329958 -0.365495171 0.827953928
vn 0.691523811 -0.720819240 0.047057868
vn 0.694944776 -0.717994894 0.039180221
vn 0.433855586 0.376458684 -0.818564713
vn 0.425710097 0.381664823 -0.820428471
vn -0.791519513 0.593580219 -0.145462657
vn -0.796124643 0.589240765 -0.137771094
vn -0.430370699 -0.371971131 0.822446679
vn -0.423846876 -0.377548035 0.823292965
vn 0.794490629 -0.588656437 0.149225468
vn 0.798345540 -0.585529358 0.140711651
vn 0.434938572 0.402299856 -0.805594976
vn 0.425536919 0.406173285 -0.808666553
vn -0.865710065 0.434693652 -0.248168313
vn -0.870447773 0.429758244 -0.240059421
vn -0.431987654 -0.395655934 0.810458542
vn -0.424401863 -0.400073391 0.812295722
vn 0.867917091 -0.427620793 0.252706115
vn 0.872133783 -0.424133994 0.243911908
vn 0.431920999 0.442546106 -0.785873523
vn 0.421543099 0.444659119 -0.790303539
vn -0.901946091 0.254662020 -0.348769987
vn -0.906679464 0.249084927 -0.340424807
vn -0.430195708 -0.432330542 0.792478363
vn -0.422106716 -0.435136734 0.795287334
vn 0.902576726 -0.244054985 0.354672268
vn 0.907012682 -0.240101754 0.345946735
vn 0.416839881 0.503756414 -0.756620108
vn 0.411060545 0.503806957 -0.759741916
vn -0.894896501 0.069609143 -0.440811546
vn -0.895640304 0.068622374 -0.439453542
vn -0.419457077 -0.474209859 0.774067678
vn -0.417032965 -0.474489532 0.775205257
vn 0.889337762 -0.039856386 0.455510498
vn 0.889703145 -0.039477982 0.454829422
vn 0.857952419 -0.143722763 0.493215383
vn 0.857952419 -0.143722763 0.493215383
vn -0.177368074 0.870445017 0.459201523
vn -0.177368074 0.870445017 0.459201523
vn -0.392545496 0.659245590 -0.641329312
vn -0.394890135 0.659774124 -0.639343324
vn 0.745915498 -0.179710418 -0.641337848
vn 0.746268680 -0.180270550 -0.640769527
vn 0.398442493 -0.651243141 0.645852887
vn 0.400303245 -0.651741161 0.644197774
vn -0.740051224 0.187668549 0.645836436
vn -0.740711305 0.188813808 0.644744995
vn -0.470908684 0.531622998 -0.704004261
vn -0.473183078 0.531824992 -0.702324677
vn 0.795966356 -0.095451198 -0.597768039
vn 0.794224325 -0.093611377 -0.600370412
vn 0.472761065 -0.528022921 0.705470602
vn 0.474610025 -0.528299353 0.704020680
vn -0.794136723 0.098898278 0.599638220
vn -0.792774008 0.097258660 0.601706012
vn -0.520425330 0.395387299 -0.756852931
vn -0.522520542 0.395296727 -0.755455347
vn 0.828045641 0.004922269 -0.560639088
vn 0.826186938 0.006207527 -0.563361882
vn 0.521334973 -0.392246311 0.757860592
vn 0.523095392 -0.392299752 0.756618871
vn -0.827150630 -0.001864662 0.561977187
vn -0.825602342 -0.003149294 0.564243613
vn -0.543102724 0.253636498 -0.800442351
vn -0.545385780 0.253242690 -0.799013448
vn 0.840626340 0.107248317 -0.530890907
vn 0.838475939 0.108098618 -0.534109342
vn 0.543392688 -0.250714226 0.801165878
vn 0.545417820 -0.250546021 0.799841292
vn -0.840345571 -0.104357620 0.531910527
vn -0.838445296 -0.105379763 0.534700469
vn -0.541236774 0.109927269 -0.833653855
vn -0.544046803 0.109098312 -0.831931869
vn 0.835612868 0.200507176 -0.511417644
vn 0.833031864 0.200816971 -0.515490503
vn 0.541042207 -0.107156387 0.834140779
vn 0.543694365 -0.106666129 0.832477492
vn -0.835811817 -0.197720490 0.512176936
vn -0.833397272 -0.198400117 0.515835614
vn -0.517848901 -0.033233459 -0.854826329
vn -0.521296086 -0.034618087 -0.852673430
vn 0.819511368 0.273640456 -0.503509700
vn 0.816586325 0.273144298 -0.508506604
vn 0.517259286 0.035860869 0.855077090
vn 0.520689613 0.036773107 0.852953730
vn -0.820097247 -0.270957665 0.504006398
vn -0.817212985 -0.271046804 0.508622225
vn -0.476694495 -0.173309717 -0.861815584
vn -0.480532119 -0.175148840 -0.859308889
vn 0.801806038 0.318958070 -0.505344265
vn 0.798955382 0.317510467 -0.510742011
vn 0.475807587 0.175747714 0.861811976
vn 0.479790945 0.177008829 0.859341913
vn -0.802671367 -0.316446193 0.505549684
vn -0.799714952 -0.315743088 0.510648898
vn -0.422674161 -0.306321423 -0.852944160
vn -0.426437022 -0.308274767 -0.850363531
vn 0.790311644 0.337079013 -0.511649533
vn 0.788060483 0.334977873 -0.516478945
vn 0.421626664 0.308473588 0.852686931
vn 0.425659073 0.309826540 0.850189313
vn -0.791311270 -0.334865019 0.511558299
vn -0.788853593 -0.333518316 0.516212690
vn -0.361488187 -0.427074940 -0.828814386
vn -0.364827505 -0.428848633 -0.826431934
vn 0.785328148 0.339967907 -0.517379476
vn 0.783868956 0.337784310 -0.521009807
vn 0.360436145 0.428839543 0.828361293
vn 0.364086292 0.430073701 0.826122136
vn -0.786315314 -0.338171838 0.517057090
vn -0.784629351 -0.336611965 0.520623824
vn -0.297253405 -0.532180438 -0.792732234
vn -0.300064037 -0.533705313 -0.790645441
vn 0.778839883 0.345457337 -0.523514722
vn 0.777996637 0.343521316 -0.526036441
vn 0.296313171 0.533508279 0.792191530
vn 0.299413420 0.534591567 0.790293275
vn -0.779718621 -0.344126573 0.523082951
vn -0.778668916 -0.342648704 0.525610679
vn -0.229986686 -0.622360920 -0.748179797
vn -0.232282829 -0.623688705 -0.746362570
vn 0.760828570 0.365191195 -0.536446901
vn 0.760375986 0.363543193 -0.538205078
vn 0.229210719 0.623269874 0.747661093
vn 0.231759851 0.624257095 0.746049898
vn -0.761555548 -0.364296636 0.536023422
vn -0.760919282 -0.362970166 0.537823860
vn -0.155978724 -0.700439798 -0.696458705
vn -0.157861812 -0.701662426 -0.694801762
vn 0.725277159 0.398784947 -0.561198369
vn 0.725066507 0.397314058 -0.562512311
vn 0.155379959 0.700994619 0.696034204
vn 0.157499428 0.701961980 0.694581391
vn -0.725839525 -0.398246189 0.560853775
vn -0.725454048 -0.397001671 0.562233134
vn -0.070341930 -0.767646149 -0.637001885
vn -0.072019709 -0.768914615 -0.635282202
vn 0.671483859 0.437658963 -0.597966604
vn 0.671450752 0.436061995 -0.599169278
vn 0.069920045 0.767933892 0.636701440
vn 0.071859933 0.769008333 0.635186850
vn -0.671884553 -0.437376718 0.597722974
vn -0.671648364 -0.435950737 0.599028739
vn 0.030595778 -0.821912460 -0.568791532
vn 0.028897752 -0.823431962 -0.566678677
vn 0.603126282 0.471313582 -0.643507727
vn 0.603353440 0.469127375 -0.644890791
vn -0.030844817 0.822023620 0.568617415
vn -0.028806202 0.823398506 0.566731950
vn -0.603374578 -0.471196262 0.643360864
vn -0.603313021 -0.469140765 0.644918863
vn 0.147900806 -0.858352831 -0.491279725
vn 0.146051494 -0.860311423 -0.488398624
vn 0.526931618 0.491539287 -0.693348541
vn 0.527700276 0.488312852 -0.695041709
vn -0.147983105 0.858370962 0.491223260
vn -0.145667543 0.860251431 0.488618913
vn -0.527035512 -0.491512520 0.693288549
vn -0.527375348 -0.488347668 0.695263833
vn 0.279478075 -0.870696252 -0.404697471
vn 0.277467752 -0.873178993 -0.400711982
vn 0.451115251 0.494292333 -0.743081503
vn 0.452874698 0.489779021 -0.744997328
vn -0.279401058 0.870696522 0.404750066
vn -0.276774161 0.873214984 0.401113022
vn -0.451076642 -0.494294277 0.743103647
vn -0.452243149 -0.489703015 0.745430810
vn 0.420106155 -0.852858481 -0.310069718
vn 0.417989005 -0.855809312 -0.304755006
vn 0.383686996 0.479983499 -0.788923399
vn 0.386941788 0.474266751 -0.790788911
vn -0.419878680 0.852912876 0.310228174
vn -0.417004510 0.856078881 0.305346013
vn -0.383501464 -0.479953406 0.789031910
vn -0.386024142 -0.473928005 0.791440211
vn 0.561936600 -0.800307849 -0.209128202
vn 0.559750188 -0.803559986 -0.202413132
vn 0.330910923 0.452771273 -0.827946940
vn 0.336064681 0.446288962 -0.829389349
vn -0.561572244 0.800493520 0.209396129
vn -0.558536338 0.804206000 0.203199088
vn -0.330573207 -0.452636863 0.828155314
vn -0.334933720 -0.445531532 0.830253610
vn 0.695360982 -0.711068413 -0.104186453
vn 0.693077023 -0.714421322 -0.096158286
vn 0.296192904 0.419247428 -0.858196573
vn 0.303403475 0.412711821 -0.858845320
vn -0.694886017 0.711475826 0.104573288
vn -0.691740988 0.715582426 0.097140089
vn -0.295708255 -0.418914551 0.858526195
vn -0.302185970 -0.411391488 0.859907369
vn 0.810114033 -0.586268908 0.002005360
vn 0.807640496 -0.589570102 0.011132133
vn 0.279580521 0.386811956 -0.878755508
vn 0.288678637 0.381051951 -0.878330266
vn -0.809580321 0.587007234 -0.001486935
vn -0.806336250 0.591373560 -0.009958101
vn -0.278981218 -0.386158676 0.879233164
vn -0.287552539 -0.379047918 0.879565923
vn 0.896438676 -0.430202480 0.106412061
vn 0.893660098 -0.433397890 0.116352474
vn 0.277961262 0.362015095 -0.889765479
vn 0.288462033 0.357792794 -0.888129479
vn -0.895941023 0.431400749 -0.105750072
vn -0.892590990 0.435955546 -0.114996026
vn -0.277327109 -0.360891162 0.890419701
vn -0.287653857 -0.355013556 0.889505837
vn 0.946127342 -0.249938787 0.205848623
vn 0.942953129 -0.253077029 0.216313231
vn 0.285940695 0.349143492 -0.892377017
vn 0.297140750 0.347005090 -0.889547549
vn -0.945825159 0.251742758 -0.205037443
vn -0.942379486 0.256484323 -0.214794543
vn -0.285422793 -0.347374558 0.893232750
vn -0.296928562 -0.343388887 0.891020483
vn 0.953293392 -0.054611317 0.297067860
vn 0.949686916 -0.057810604 0.307819259
vn 0.297273674 0.349308106 -0.888601266
vn 0.308392237 0.349511773 -0.884723544
vn -0.953438802 0.057177791 -0.296116786
vn -0.949943514 0.062148094 -0.306177946
vn -0.297123113 -0.346701753 0.889671709
vn -0.309120447 -0.345023566 0.886229817
vn 0.914816808 0.145443447 0.376771034
vn 0.910795532 0.142044770 0.387652915
vn 0.306617445 0.360240145 -0.881029387
vn 0.316924197 0.362766237 -0.876333105
vn -0.915797638 -0.141950406 -0.375719001
vn -0.912327154 -0.136706946 -0.385966805
vn -0.307227188 -0.356587137 0.882302141
vn -0.319039280 -0.357393043 0.877772265
vn 0.830527052 0.339523986 0.441529476
vn 0.826144471 0.335816631 0.452451658
vn 0.311271596 0.376926556 -0.872373982
vn 0.320156930 0.381532508 -0.867140407
vn -0.832951399 -0.334924268 -0.440474405
vn -0.829580437 -0.329404975 -0.450875438
vn -0.313258123 -0.371982757 0.873783827
vn -0.324285979 -0.375274513 0.868336135
vn 0.703278740 0.517297156 0.487650148
vn 0.698612815 0.513247882 0.498514540
vn 0.312417330 0.393129474 -0.864780104
vn 0.319401278 0.399378502 -0.859348379
vn -0.708194638 -0.511339123 -0.486818916
vn -0.704959438 -0.505628771 -0.497364792
vn -0.316833199 -0.386533875 0.866145650
vn -0.326555350 -0.392211958 0.859960106
vn 0.538949695 0.669566149 0.511091380
vn 0.534128963 0.665268385 0.521655275
vn 0.314995389 0.403755423 -0.858929254
vn 0.319723891 0.410921413 -0.853768251
vn -0.548683669 -0.661634477 -0.511063646
vn -0.545537228 -0.655944606 -0.521656790
vn -0.324139118 -0.394640687 0.859763084
vn -0.332100050 -0.402576992 0.853018946
vn 0.338093660 0.793267872 0.506378080
vn 0.336915114 0.792168656 0.508878203
vn 0.317297661 0.412540920 -0.853892373
vn 0.317671861 0.413576504 -0.853252052
vn -0.374673912 -0.773507171 -0.511181099
vn -0.373791073 -0.772103986 -0.513941308
vn -0.352532968 -0.388490174 0.851349453
vn -0.355146704 -0.393188201 0.848100146
vn 0.539950541 0.732731542 0.414195486
vn 0.539950541 0.732731542 0.414195486
vn -0.872113514 0.474411946 -0.119797014
vn -0.872113514 0.474411946 -0.119797014
vn -0.722543783 -0.022306371 -0.690965200
vn -0.723041113 -0.022116814 -0.690450863
vn 0.669135738 -0.273510091 -0.690977275
vn 0.667944523 -0.273599408 -0.692093547
vn 0.725273302 0.037425291 0.687443078
vn 0.725823669 0.037171222 0.686875754
vn -0.666392793 0.288703279 0.687438042
vn -0.665925302 0.288706471 0.687889574
vn -0.740506408 -0.144848142 -0.656253972
vn -0.743118099 -0.143838359 -0.653518185
vn 0.665846356 -0.289271485 -0.687728608
vn 0.663251329 -0.289902417 -0.689966857
vn 0.741004435 0.150314449 0.654460078
vn 0.743587560 0.149038596 0.651816721
vn -0.665065642 0.294766269 0.686149064
vn -0.663015225 0.295079718 0.687996200
vn -0.748227307 -0.261612163 -0.609684323
vn -0.750949742 -0.260607960 -0.606760229
vn 0.663716127 -0.277985632 -0.694409743
vn 0.661126675 -0.279022890 -0.696460872
vn 0.748194262 0.265422656 0.608075785
vn 0.750855186 0.264147979 0.605344806
vn -0.663577286 0.281852115 0.692982374
vn -0.661369774 0.282519713 0.694818418
vn -0.741283777 -0.381002411 -0.552571738
vn -0.744183018 -0.380060163 -0.549314034
vn 0.658326896 -0.245634793 -0.711525999
vn 0.655507427 -0.247241650 -0.713569604
vn 0.740883148 0.383873921 0.551119745
vn 0.743742905 0.382639614 0.548118068
vn -0.658609181 0.248588911 0.710237636
vn -0.656062063 0.249766268 0.712179318
vn -0.714984034 -0.503883099 -0.484664475
vn -0.718149817 -0.503034266 -0.480850671
vn 0.644597477 -0.201588570 -0.737466027
vn 0.641354878 -0.204083299 -0.739603899
vn 0.714298462 0.506103700 0.483359857
vn 0.717493737 0.504925297 0.479847039
vn -0.645194448 0.203919777 0.736302145
vn -0.642109856 0.205910871 0.738441362
vn -0.664602523 -0.627143478 -0.406195204
vn -0.668100832 -0.626401241 -0.401575353
vn 0.620694631 -0.156529195 -0.768268694
vn 0.616983082 -0.160329273 -0.770471544
vn 0.663695676 0.628859250 0.405023571
vn 0.667334919 0.627747556 0.400745695
vn -0.621535588 0.158381700 0.767208413
vn -0.617835013 0.161603423 0.769522079
vn -0.586945876 -0.744538591 -0.318051608
vn -0.590764193 -0.743893308 -0.312442659
vn 0.588702874 -0.119339383 -0.799491737
vn 0.584733006 -0.124812520 -0.801566682
vn 0.585876052 0.745829310 0.316998253
vn 0.589982477 0.744794051 0.311773152
vn -0.589729621 0.120786241 0.798517162
vn -0.585582365 0.125634082 0.800817939
vn -0.481402323 -0.847983290 -0.221756945
vn -0.485458061 -0.847382613 -0.215112012
vn 0.553806497 -0.095458460 -0.827155394
vn 0.550039123 -0.102757007 -0.828793074
vn 0.480228215 0.848895311 0.220811258
vn 0.484741023 0.847924946 0.214591300
vn -0.554961138 0.096535660 0.826256015
vn -0.550797925 0.103219338 0.828231498
vn -0.350413237 -0.928957166 -0.119369793
vn -0.354608785 -0.928306557 -0.111801365
vn 0.522693390 -0.086262068 -0.848145315
vn 0.519721604 -0.095214103 -0.849013386
vn 0.349197046 0.929522917 0.118526665
vn 0.354019202 0.928577491 0.111419240
vn -0.523911878 0.086990342 0.847318727
vn -0.520322513 0.095414359 0.848622757
vn -0.199391822 -0.979828998 -0.013343003
vn -0.203668618 -0.979026589 -0.005102193
vn 0.501777242 -0.089253654 -0.860379791
vn 0.500152828 -0.099353037 -0.860218648
vn 0.198199521 0.980080676 0.012602278
vn 0.203248554 0.979115168 0.004848962
vn -0.502988120 0.089654684 0.859630728
vn -0.500554973 0.099391606 0.859980248
vn -0.036162064 -0.994948848 0.093643442
vn -0.040519995 -0.993936224 0.102219923
vn 0.495651864 -0.098920597 -0.862869599
vn 0.495724574 -0.109420624 -0.861559211
vn 0.035060417 0.994928310 -0.094278443
vn 0.040290086 0.993931818 -0.102353552
vn -0.496779886 0.099029107 0.862208201
vn -0.495914656 0.109396021 0.861452938
vn 0.129953207 -0.971373764 0.198859685
vn 0.125474982 -0.970171983 0.207418303
vn 0.506046951 -0.108072440 -0.855708380
vn 0.507873628 -0.118150425 -0.853290604
vn -0.130902527 0.971138790 -0.199384001
vn -0.125514258 0.970162036 -0.207441066
vn -0.507020708 0.107943972 0.855147999
vn -0.507863067 0.118154280 0.853296356
vn 0.289215102 -0.909142715 0.299690086
vn 0.284575619 -0.907853169 0.307927493
vn 0.531435894 -0.109428208 -0.840000808
vn 0.534786197 -0.118363777 -0.836656285
vn -0.289963315 0.908769414 -0.300099029
vn -0.284441784 0.907922256 -0.307847443
vn -0.532197898 0.109141962 0.839555495
vn -0.534606268 0.118478416 0.836755044
vn 0.432521824 -0.811098148 0.393757114
vn 0.427706194 -0.809869438 0.401470926
vn 0.567335064 -0.097195163 -0.817731023
vn 0.571782934 -0.104503331 -0.813721900
vn -0.433041385 0.810679439 -0.394048228
vn -0.427433182 0.810100359 -0.401295756
vn -0.567852208 0.096851693 0.817412760
vn -0.571480232 0.104802826 0.813896008
vn 0.552257449 -0.682341131 0.478980471
vn 0.547277222 -0.681321575 0.486095211
vn 0.607234053 -0.068396819 -0.791573547
vn 0.612294163 -0.073877384 -0.787170877
vn -0.552549428 0.681981691 -0.479155615
vn -0.546915714 0.681798221 -0.485833704
vn -0.607506208 0.068111306 0.791389321
vn -0.611928521 0.074431565 0.787402964
vn 0.642831508 -0.529476283 0.553554440
vn 0.637699836 -0.528776720 0.560119719
vn 0.644019899 -0.023753190 -0.764639886
vn 0.649276179 -0.027449824 -0.760057202
vn -0.642930577 0.529285103 -0.553622211
vn -0.637320413 0.529587557 -0.559785415
vn -0.644084754 0.023646247 0.764588572
vn -0.648922442 0.028329817 0.760326960
vn 0.700902119 -0.359833464 0.615837721
vn 0.695606609 -0.359513961 0.621997715
vn 0.671702018 0.032038785 -0.740128310
vn 0.676881140 0.029945299 -0.735482972
vn -0.700878159 0.359916303 -0.615816581
vn -0.695305383 0.360753784 -0.621616546
vn -0.671635291 -0.031849443 0.740197034
vn -0.676635060 -0.028662399 0.735760465
vn 0.725379120 -0.180843677 0.664169178
vn 0.719886919 -0.180915800 0.670098721
vn 0.687170323 0.090768790 -0.720803700
vn 0.692132087 0.090083722 -0.716127151
vn -0.725335858 0.181299360 -0.664092189
vn -0.719790781 0.182681638 -0.669722816
vn -0.687082447 -0.090171449 0.720962426
vn -0.692118320 -0.088314786 0.716360753
vn 0.717391183 0.000294282 0.696670513
vn 0.711713693 -0.000124614 0.702469646
vn 0.691546622 0.142122862 -0.708212088
vn 0.696197299 0.142709392 -0.703522104
vn -0.717465044 0.000630740 -0.696594224
vn -0.711977713 0.002499529 -0.702197614
vn -0.691579391 -0.141007363 0.708403042
vn -0.696572836 -0.140375638 0.703619901
vn 0.680423361 0.176605213 0.711220535
vn 0.674723896 0.175967081 0.716786754
vn 0.690336110 0.176340798 -0.701669422
vn 0.694530716 0.178081414 -0.697075387
vn -0.680786967 -0.175106163 -0.711243233
vn -0.675509885 -0.172946080 -0.716781730
vn -0.690661084 -0.174595412 0.701786085
vn -0.695470345 -0.175135429 0.696884912
vn 0.620615816 0.341176884 0.705998826
vn 0.615242339 0.340514536 0.711004019
vn 0.691225038 0.188270841 -0.697683336
vn 0.694780281 0.190957361 -0.693408716
vn -0.621478113 -0.338999158 -0.706289265
vn -0.616680491 -0.336888257 -0.711485400
vn -0.692031892 -0.185808268 0.697543653
vn -0.696433690 -0.187421364 0.692714478
vn 0.546443391 0.487585103 0.680926125
vn 0.541707290 0.487039903 0.685087838
vn 0.699124861 0.181608823 -0.691550912
vn 0.701964870 0.184951546 -0.687777760
vn -0.548012653 -0.484686493 -0.681733918
vn -0.543883494 -0.482915627 -0.686282189
vn -0.700583101 -0.178428938 0.690902622
vn -0.704414545 -0.180933218 0.686340527
vn 0.466229035 0.611823555 0.638985465
vn 0.462081865 0.611383061 0.642410385
vn 0.711498761 0.169126075 -0.682030706
vn 0.713703354 0.172910659 -0.678770526
vn -0.468648486 -0.608293629 -0.640583685
vn -0.465090187 -0.606888369 -0.644497964
vn -0.713737846 -0.165334545 0.680619406
vn -0.716994784 -0.168571333 0.676389078
vn 0.383942225 0.714538704 0.584827161
vn 0.380100019 0.714098523 0.587866715
vn 0.719536382 0.165193369 -0.674520975
vn 0.721194017 0.169277580 -0.671732306
vn -0.387324070 -0.710559701 -0.587439339
vn -0.384111729 -0.709378521 -0.590965559
vn -0.722715970 -0.160933378 0.672147361
vn -0.725437566 -0.164803161 0.668266605
vn 0.297429066 0.799979550 0.521122509
vn 0.293706765 0.799431860 0.524065872
vn 0.714585278 0.176154809 -0.677006177
vn 0.715723692 0.180384464 -0.674685884
vn -0.302013744 -0.795743353 -0.524957346
vn -0.299040431 -0.794659376 -0.528290921
vn -0.719011933 -0.171560423 0.673490061
vn -0.721200055 -0.175991734 0.669998053
vn 0.200665815 0.871574184 0.447316076
vn 0.196883448 0.870814463 0.450465403
vn 0.692749764 0.198250725 -0.693393405
vn 0.693384127 0.202579137 -0.691505709
vn -0.207022891 -0.867279307 -0.452734057
vn -0.204173605 -0.866182413 -0.456115300
vn -0.699043744 -0.193443077 0.688416749
vn -0.700700753 -0.198539037 0.685274183
vn 0.086885935 0.928311081 0.361509849
vn 0.082708004 0.927187994 0.365351624
vn 0.655124372 0.222725573 -0.721945550
vn 0.655235493 0.227266056 -0.720428059
vn -0.096498956 -0.924185384 -0.369552874
vn -0.093521541 -0.922941245 -0.373407524
vn -0.664842984 -0.217756712 0.714538887
vn -0.665907275 -0.224001379 0.711611469
vn -0.055491288 0.964785671 0.257117339
vn -0.057769670 0.963996231 0.259564889
vn 0.599171085 0.243087948 -0.762825183
vn 0.599297138 0.241779202 -0.763142030
vn 0.026165826 -0.959380668 -0.280898707
vn 0.027452058 -0.958815719 -0.282699137
vn -0.629636686 -0.234756591 0.740572067
vn -0.629650678 -0.236592935 0.739975545
vn 0.173178599 0.959207211 -0.223451781
vn 0.173178599 0.959207211 -0.223451781
vn -0.787750655 0.134565082 -0.601116581
vn -0.787750655 0.134565082 -0.601116581
vn -0.458086046 -0.645723173 -0.610899958
vn -0.460233912 -0.645790750 -0.609211830
vn 0.791554917 0.016351314 -0.610879242
vn 0.792367108 0.017552442 -0.609791995
vn 0.453851922 0.653714442 0.605537664
vn 0.455487626 0.653711596 0.604311320
vn -0.795749648 -0.008434516 0.605566971
vn -0.796921651 -0.010050024 0.603999072
vn -0.391377637 -0.747400674 -0.536857316
vn -0.392601824 -0.747607040 -0.535674829
vn 0.729182931 0.109630869 -0.675480070
vn 0.728470904 0.108173833 -0.676482493
vn 0.389382735 0.749966664 0.534725246
vn 0.390291170 0.750074382 0.533911251
vn -0.731274471 -0.106871608 0.673658747
vn -0.730733829 -0.105885555 0.674400712
vn -0.296683044 -0.836981878 -0.459826606
vn -0.298588353 -0.837553617 -0.457546647
vn 0.650780195 0.180219115 -0.737567765
vn 0.649828666 0.177255391 -0.739123286
vn 0.294732671 0.838543671 0.458232653
vn 0.296534337 0.838972030 0.456282062
vn -0.652806793 -0.178480340 0.736198383
vn -0.651857555 -0.175991574 0.737637238
vn -0.176423359 -0.908500547 -0.378815990
vn -0.178742664 -0.909492241 -0.375333082
vn 0.565733992 0.225954196 -0.793025694
vn 0.564997853 0.221381906 -0.794838020
vn 0.174471369 0.909423650 0.377502803
vn 0.176865770 0.910264763 0.374348182
vn -0.567762630 -0.224856829 0.791886988
vn -0.566847941 -0.220756185 0.793693970
vn -0.034938156 -0.954598805 -0.295838549
vn -0.037374271 -0.955933609 -0.291194263
vn 0.481115535 0.247673508 -0.840943325
vn 0.481104539 0.241684124 -0.842690458
vn 0.033004562 0.955015010 0.294715167
vn 0.035681663 0.956237373 0.290408170
vn -0.483134590 -0.247085575 0.839958146
vn -0.482754753 -0.241518104 0.841793831
vn 0.120960689 -0.969443551 -0.213419102
vn 0.118658631 -0.970947619 -0.207800024
vn 0.402544500 0.248448583 -0.881039856
vn 0.403677105 0.241522840 -0.882446323
vn -0.122833712 0.969421484 0.212447323
vn -0.120146434 0.970898708 0.207172714
vn -0.404513519 -0.248305145 0.880178032
vn -0.405100063 -0.241692316 0.881747562
vn 0.282614049 -0.949758484 -0.134492091
vn 0.280616985 -0.951216703 -0.128222040
vn 0.333408980 0.232562413 -0.913648278
vn 0.335873115 0.225398618 -0.914540712
vn -0.284372588 0.949351208 0.133658202
vn -0.281885163 0.950907900 0.127729874
vn -0.335270733 -0.232814309 0.912902532
vn -0.337053517 -0.225800720 0.914007090
vn 0.440462009 -0.895606545 -0.062306784
vn 0.438863211 -0.896817411 -0.055835589
vn 0.274502515 0.204218695 -0.939650517
vn 0.278157193 0.197597354 -0.939991416
vn -0.442046385 0.894873764 0.061611205
vn -0.439909809 0.896327660 0.055462467
vn -0.276190299 -0.204808197 0.939027434
vn -0.279097655 -0.198144338 0.939597425
vn 0.585240018 -0.810860061 -0.000287630
vn 0.584077029 -0.811677385 0.005817695
vn 0.224228337 0.166153169 -0.960268076
vn 0.228576528 0.160764087 -0.960160236
vn -0.586591095 0.809883213 -0.000260420
vn -0.584914970 0.811071799 -0.006083945
vn -0.225674195 -0.166998176 0.959782667
vn -0.229297253 -0.161384943 0.959884196
vn 0.709300018 -0.703255664 0.048217793
vn 0.708572002 -0.703623538 0.053288214
vn 0.179436316 0.118515057 -0.976604725
vn 0.183692485 0.114784492 -0.976258978
vn -0.710367232 0.702150912 -0.048605481
vn -0.709226704 0.702950830 -0.053456650
vn -0.180581807 -0.119498104 0.976273739
vn -0.184226441 -0.115427347 0.976082551
vn 0.807872106 -0.583843245 0.080434608
vn 0.807531557 -0.583843971 0.083779486
vn 0.136823084 0.058652382 -0.988857594
vn 0.140103000 0.056615387 -0.988516994
vn -0.808624728 0.582769917 -0.080655269
vn -0.808032908 0.583139056 -0.083855002
vn -0.137633813 -0.059618448 0.988687299
vn -0.140487475 -0.057245095 0.988426157
vn 0.879990839 -0.465381519 0.095058742
vn 0.879916421 -0.465277585 0.096248946
vn 0.094604848 -0.017243122 -0.995365560
vn 0.096270811 -0.017962996 -0.995193078
vn -0.880434061 0.464527758 -0.095130579
vn -0.880284537 0.464583839 -0.096234037
vn -0.095088650 0.016464505 0.995332642
vn -0.096536711 0.017379303 0.995177684
vn 0.928696728 -0.358891921 0.093375458
vn 0.928712553 -0.359009393 0.092764481
vn 0.053833508 -0.109934862 -0.992479864
vn 0.053935098 -0.109964441 -0.992471071
vn -0.928885878 0.358406166 -0.093359767
vn -0.928945822 0.358427493 -0.092678975
vn -0.054052065 0.109467117 0.992519685
vn -0.054097564 0.109489301 0.992514759
vn 0.960061195 -0.268330796 0.079253299
vn 0.960055719 -0.268676432 0.078140844
vn 0.018377723 -0.212342727 -0.977022428
vn 0.017821660 -0.212239448 -0.977055170
vn -0.960089894 0.268232479 -0.079238452
vn -0.960144286 0.268382719 -0.078061936
vn -0.018427270 0.212202275 0.977052010
vn -0.017882569 0.211995999 0.977106908
vn 0.980723440 -0.187140606 0.056213232
vn 0.980716622 -0.187257580 0.055941995
vn -0.007141926 -0.310457760 -0.950560347
vn -0.007124711 -0.310459491 -0.950559910
vn -0.980680432 0.187349011 -0.056269335
vn -0.980684104 0.187410488 -0.055999966
vn 0.007176045 0.310589874 0.950516930
vn 0.007146924 0.310598183 0.950514434
vn 0.994436711 -0.102587492 0.023904690
vn 0.994470190 -0.102004207 0.024983637
vn -0.020413157 -0.392383836 -0.919575026
vn -0.019068802 -0.392407952 -0.919593595
vn -0.994386254 0.103036000 -0.024074068
vn -0.994396478 0.102646146 -0.025286636
vn 0.020472639 0.392745820 0.919419160
vn 0.019101467 0.393007525 0.919336837
vn 0.999773544 -0.004929396 -0.020701727
vn 0.999825785 -0.003440536 -0.018345658
vn -0.022516570 -0.455588824 -0.889905516
vn -0.019757724 -0.455380209 -0.890077804
vn -0.999776426 0.005586567 0.020393341
vn -0.999832203 0.004523934 0.017751059
vn 0.022548228 0.456167974 0.889607980
vn 0.019677508 0.456414533 0.889549644
vn 0.990991105 0.107925723 -0.079301124
vn 0.990992217 0.110340500 -0.075890711
vn -0.015811531 -0.505139848 -0.862892652
vn -0.011937215 -0.504415397 -0.863378602
vn -0.991119511 -0.107081086 0.078840061
vn -0.991219619 -0.108898878 0.074998010
vn 0.015746874 0.505936315 0.862427087
vn 0.011601372 0.505801490 0.862571888
vn 0.961106020 0.231394618 -0.150770521
vn 0.960965475 0.234625535 -0.146615870
vn -0.001168106 -0.548123012 -0.836396915
vn 0.003341390 -0.546680414 -0.837334677
vn -0.961448315 -0.230378597 0.150142732
vn -0.961556853 -0.232932234 0.145433811
vn 0.000913990 0.549135983 0.835732515
vn -0.004073691 0.548311006 0.836264579
vn 0.904863726 0.356832454 -0.232147017
vn 0.904491839 0.360645227 -0.227661005
vn 0.023043485 -0.589733868 -0.807268829
vn 0.027619650 -0.587539834 -0.808723747
vn -0.905532757 -0.355665301 0.231327947
vn -0.905577869 -0.358833922 0.226201104
vn -0.023609422 0.590945449 0.806365966
vn -0.028876826 0.589284788 0.807409170
vn 0.820416681 0.473920378 -0.319868637
vn 0.819749284 0.477978835 -0.315511243
vn 0.060245660 -0.631689504 -0.772876983
vn 0.064337980 -0.628922959 -0.774800966
vn -0.821556482 -0.472648975 0.318822668
vn -0.821440403 -0.476211534 0.313780558
vn -0.061275037 0.633043815 0.771687047
vn -0.066230796 0.630624456 0.773256929
vn 0.709700924 0.572568628 -0.410475048
vn 0.708732803 0.576473483 -0.406664650
vn 0.114219315 -0.672055735 -0.731638597
vn 0.117419735 -0.669075735 -0.733859841
vn -0.711486228 -0.571293575 0.409158891
vn -0.711120469 -0.574941874 0.404659758
vn -0.115887859 0.673436519 0.730104964
vn -0.120042463 0.670544235 0.732093051
vn 0.577922190 0.644302138 -0.500879922
vn 0.576744795 0.647643151 -0.497919462
vn 0.187655286 -0.705826915 -0.683076759
vn 0.189787341 -0.703073392 -0.685323697
vn -0.580553163 -0.643205135 0.499244609
vn -0.579911140 -0.646578501 0.495620129
vn -0.190155042 0.707034416 0.681133903
vn -0.193226763 0.704077858 0.683328463
vn 0.432562539 0.683102938 -0.588438634
vn 0.431388194 0.685529121 -0.586475959
vn 0.281014824 -0.725924476 -0.627745430
vn 0.282151742 -0.723791158 -0.629695764
vn -0.436262471 -0.682479170 0.586427522
vn -0.435423151 -0.685231121 0.583836442
vn -0.284549843 0.726646232 0.625313234
vn -0.286505152 0.724032207 0.627448932
vn 0.282211220 0.685709331 -0.670939297
vn 0.281361704 0.687010198 -0.669964611
vn 0.391810470 -0.724439115 -0.567161815
vn 0.392221128 -0.723164523 -0.568502999
vn -0.287242678 -0.686023560 0.668478362
vn -0.286392451 -0.687915540 0.666896974
vn -0.396609359 0.724196291 0.564128309
vn -0.397630320 0.722208634 0.565954784
vn 0.135432544 0.651383060 -0.746564221
vn 0.135282255 0.651554133 -0.746442177
vn 0.514322207 -0.694022172 -0.503791516
vn 0.514369362 -0.693634741 -0.504276715
vn -0.142180159 -0.653413611 0.743529055
vn -0.141545249 -0.654413398 0.742770521
vn -0.520710741 0.692027162 0.499958730
vn -0.521105875 0.690740180 0.501324916
vn -0.000236769 0.581082160 -0.813844867
vn 0.000671355 0.580324469 -0.814385081
vn 0.639654106 -0.629474157 -0.441140465
vn 0.639685027 -0.629820194 -0.440601394
vn -0.009143888 -0.586482431 0.809910333
vn -0.008819774 -0.586847431 0.809649495
vn -0.648422862 0.624067294 0.435990601
vn -0.648503883 0.623295511 0.436973019
vn -0.123970207 0.470985582 -0.873386495
vn -0.119664091 0.468399235 -0.875375726
vn 0.751571743 -0.534510173 -0.386573136
vn 0.751251925 -0.533542778 -0.388526252
vn 0.099458565 -0.493922166 0.863799102
vn 0.097764441 -0.492612506 0.864739865
vn -0.773867156 0.511624471 0.373322950
vn -0.773501441 0.508940406 0.377723686
vn -0.402716242 0.760066150 -0.510018702
vn -0.402716242 0.760066150 -0.510018702
vn -0.637781985 -0.705228380 -0.309656377
vn -0.637781985 -0.705228380 -0.309656377
vn 0.164352815 -0.713814151 -0.680777137
vn 0.164262303 -0.714124704 -0.680473220
vn 0.217857093 0.699359302 -0.680760497
vn 0.217429715 0.700960586 -0.679248537
vn -0.176395853 0.714269651 0.677276435
vn -0.176523615 0.713903228 0.677629393
vn -0.229773975 -0.698908687 0.677296514
vn -0.229376855 -0.700783487 0.675491497
vn 0.231262331 -0.711511544 -0.663527736
vn 0.231484422 -0.707275851 -0.667963946
vn 0.064968187 0.693819527 -0.717212380
vn 0.063607832 0.697429053 -0.713825441
vn -0.235852655 0.711205180 0.662239169
vn -0.236533034 0.706370675 0.667152602
vn -0.069666437 -0.694293551 0.716312119
vn -0.068569875 -0.698138744 0.712671359
vn 0.276061280 -0.698577933 -0.660135624
vn 0.275261139 -0.694310499 -0.664954311
vn -0.086756822 0.667325139 -0.739696162
vn -0.088472705 0.671044223 -0.736119712
vn -0.279646501 0.697808406 0.659440113
vn -0.279311715 0.692989965 0.664642667
vn 0.083112078 -0.668252007 0.739277781
vn 0.084442802 -0.672174830 0.735561290
vn 0.293651381 -0.688199496 -0.663438257
vn 0.291960028 -0.684438738 -0.668059096
vn -0.230200028 0.623233971 -0.747387025
vn -0.232034321 0.626850881 -0.743786291
vn -0.296661395 0.687170892 0.663165275
vn -0.295419066 0.682861426 0.668152564
vn 0.227172077 -0.624423230 0.747320866
vn 0.228533025 -0.628245348 0.743693781
vn 0.285804175 -0.687216627 -0.667869209
vn 0.283708182 -0.684422577 -0.671621473
vn -0.361763972 0.567671765 -0.739510375
vn -0.363416000 0.570932800 -0.736182415
vn -0.288377675 0.686059841 0.667952252
vn -0.286638415 0.682756752 0.672072642
vn 0.359225827 -0.568976627 0.739744823
vn 0.360390676 -0.572447664 0.736493200
vn 0.265384198 -0.694619513 -0.668636642
vn 0.263334562 -0.692762965 -0.671367546
vn -0.478980199 0.506152981 -0.717207870
vn -0.480344687 0.509018607 -0.714261184
vn -0.267544064 0.693437188 0.669003019
vn -0.265725303 0.691152907 0.672084609
vn 0.476911141 -0.507439319 0.717677575
vn 0.477835107 -0.510529725 0.714865729
vn 0.250506607 -0.701271664 -0.667431265
vn 0.248521258 -0.699983210 -0.669522733
vn -0.582090411 0.441247767 -0.682986941
vn -0.583277473 0.443891366 -0.680255720
vn -0.252215707 0.700150650 0.667964299
vn -0.250376717 0.698504101 0.670375656
vn 0.580498940 -0.442414127 0.683586659
vn 0.581302294 -0.445326000 0.681008368
vn 0.252372569 -0.696906693 -0.671289168
vn 0.250249510 -0.695917115 -0.673108128
vn -0.673938756 0.371304973 -0.638701159
vn -0.675091696 0.373869030 -0.635982036
vn -0.253623426 0.695902171 0.671859603
vn -0.251607382 0.694586184 0.673976081
vn 0.672801425 -0.372306407 0.639316965
vn 0.673621280 -0.375198142 0.636757980
vn 0.269945705 -0.676204274 -0.685475817
vn 0.267450530 -0.675417308 -0.687227527
vn -0.757034222 0.291748316 -0.584621337
vn -0.758267240 0.294300540 -0.581737041
vn -0.270785050 0.675344542 0.685992133
vn -0.268379505 0.674224781 0.688035890
vn 0.756292357 -0.292573611 0.585168824
vn 0.757239132 -0.295512407 0.582461427
vn 0.294423845 -0.639541988 -0.710141285
vn 0.291215503 -0.638973740 -0.711973378
vn -0.830814472 0.197733382 -0.520239198
vn -0.832236788 0.200357911 -0.516951290
vn -0.294920259 0.638856845 0.710551879
vn -0.291795467 0.637904205 0.712694626
vn 0.830395128 -0.198368362 0.520666807
vn 0.831574438 -0.201445980 0.517593925
vn 0.315797184 -0.591484526 -0.741901741
vn 0.311469219 -0.591306366 -0.743870760
vn -0.891223632 0.086352927 -0.445268020
vn -0.892931700 0.089138197 -0.441279232
vn -0.316028293 0.591016098 0.742176589
vn -0.311771042 0.590351098 0.744502786
vn 0.891044239 -0.086770392 0.445545803
vn 0.892560076 -0.090097733 0.441835839
vn 0.326979495 -0.539115152 -0.776169610
vn 0.321246885 -0.539682983 -0.778166253
vn -0.931956398 -0.042219719 -0.360103829
vn -0.933987814 -0.039236627 -0.355143985
vn -0.327037590 0.538906766 0.776289838
vn -0.321327887 0.538845657 0.778712879
vn 0.931920761 0.042048440 0.360216080
vn 0.933841204 0.038411726 0.355619381
vn 0.325403609 -0.490309520 -0.808522768
vn 0.318276157 -0.492090505 -0.810276016
vn -0.946186775 -0.184466178 -0.265900010
vn -0.948486808 -0.181299086 -0.259814194
vn -0.325397949 0.490388258 0.808477292
vn -0.318187790 0.491387176 0.810737426
vn 0.946185763 0.184554942 0.265842013
vn 0.948507435 0.180618987 0.260212273
vn 0.312954709 -0.452003632 -0.835315549
vn 0.304803697 -0.455424493 -0.836470703
vn -0.928155205 -0.333875852 -0.164483526
vn -0.930593424 -0.330542793 -0.157281093
vn -0.313005490 0.452367042 0.835099768
vn -0.304602754 0.454878301 0.836841021
vn 0.928073855 0.334212171 0.164259379
vn 0.930724443 0.330021391 0.157600420
vn 0.294912993 -0.428743714 -0.853935100
vn 0.286412496 -0.434029618 -0.854158167
vn -0.874375461 -0.481745776 -0.058211340
vn -0.876806381 -0.478229951 -0.050066805
vn -0.295140822 0.429353767 0.853549787
vn -0.286169988 0.433661048 0.854426611
vn 0.874102601 0.482286373 0.057831633
vn 0.876983731 0.477880201 0.050299601
vn 0.278359761 -0.421791027 -0.862906816
vn 0.270330695 -0.428862340 -0.861973554
vn -0.784355877 -0.618276165 0.050204003
vn -0.786687446 -0.614526530 0.058991586
vn -0.278875236 0.422574437 0.862356914
vn -0.270135469 0.428676658 0.862127109
vn 0.783792237 0.618948094 -0.050724611
vn 0.786833983 0.614351656 -0.058858522
vn 0.270403717 -0.428931789 -0.861916093
vn 0.263619058 -0.437398837 -0.859759995
vn -0.660789064 -0.733778225 0.157883913
vn -0.663022212 -0.729744164 0.166958086
vn -0.271300101 0.429784116 0.861209538
vn -0.263575202 0.437372877 0.859786648
vn 0.659851718 0.734482370 -0.158528728
vn 0.663046344 0.729726111 -0.166941154
vn 0.276541355 -0.445007438 -0.851758921
vn 0.271561019 -0.454262634 -0.848469252
vn -0.509235909 -0.819788196 0.261965843
vn -0.511459798 -0.815459786 0.270987476
vn -0.277891559 0.445797712 0.850905800
vn -0.271779574 0.454333159 0.848361506
vn 0.507858921 0.820401740 -0.262717151
vn 0.511259582 0.815546949 -0.271102958
vn 0.299419048 -0.463059834 -0.834220489
vn 0.296507365 -0.472428191 -0.829996980
vn -0.337415282 -0.869903657 0.359747904
vn -0.339769271 -0.865329098 0.368459488
vn -0.301276476 0.463632451 0.833233122
vn -0.297093901 0.472483386 0.829755786
vn 0.335548093 0.870278734 -0.360586192
vn 0.339241662 0.865425508 -0.368719114
vn 0.338192147 -0.475895457 -0.811880278
vn 0.337336102 -0.484784256 -0.806962564
vn -0.154281376 -0.880231357 0.448764989
vn -0.156910464 -0.875500500 0.457031707
vn -0.340593600 0.476066594 0.810775307
vn -0.338376337 0.484658831 0.806602301
vn 0.151887558 0.880188183 -0.449665356
vn 0.155964075 0.875458061 -0.457436761
vn 0.388587323 -0.477821789 -0.787836424
vn 0.389595152 -0.485814328 -0.782432142
vn 0.030902759 -0.849444549 0.526772226
vn 0.027874814 -0.844649464 0.534593563
vn -0.391555244 0.477368530 0.786640819
vn -0.391140991 0.485287173 0.781987906
vn -0.033843206 0.848758640 -0.527696321
vn -0.029306228 0.844263342 -0.535126672
vn 0.443691923 -0.466284074 -0.765321266
vn 0.446322985 -0.473146026 -0.759558182
vn 0.209318294 -0.778565617 0.591626091
vn 0.205792806 -0.773763309 0.599115734
vn -0.447232880 0.464925712 0.764085619
vn -0.448381236 0.471937232 0.759097831
vn -0.212799781 0.776950397 -0.592506821
vn -0.207739763 0.772767876 -0.599728273
vn 0.495428295 -0.443084127 -0.747146078
vn 0.499491668 -0.448686079 -0.741072787
vn 0.373079941 -0.670690543 0.641081549
vn 0.368984404 -0.665892839 0.648411318
vn -0.499524936 0.440456743 0.745970975
vn -0.502016741 0.446447011 0.740718744
vn -0.377052727 0.667779017 -0.641796249
vn -0.371437476 0.663951011 -0.649001739
vn 0.536590122 -0.414721440 -0.734899428
vn 0.541953672 -0.418925607 -0.728551682
vn 0.515500606 -0.530929253 0.672586986
vn 0.510823774 -0.526131491 0.679885819
vn -0.541185712 0.410348261 0.733983876
vn -0.544842812 0.415211909 0.728522739
vn -0.519844345 0.526259834 -0.672913401
vn -0.513736544 0.522803309 -0.680258380
vn 0.563123598 -0.391124224 -0.727951684
vn 0.569617119 -0.393731613 -0.721465006
vn 0.631321596 -0.366784976 0.683302147
vn 0.626197388 -0.362025071 0.690517689
vn -0.568104732 0.384377138 0.727675222
vn -0.572702324 0.387943676 0.722157706
vn -0.635824123 0.359783228 -0.682849701
vn -0.629489896 0.356691394 -0.690299732
vn 0.575878155 -0.381918451 -0.722843446
vn 0.583189191 -0.382765142 -0.716506255
vn 0.717201997 -0.188837679 0.670791790
vn 0.711965526 -0.184249981 0.677611271
vn -0.581079764 0.371897858 0.723904891
vn -0.586220489 0.373998422 0.718658973
vn -0.721574335 0.178699233 -0.668877465
vn -0.715513439 0.175929739 -0.676083756
vn 0.580383859 -0.390715199 -0.714490174
vn 0.588177963 -0.389826164 -0.708577622
vn 0.772559853 -0.010743606 0.634851044
vn 0.767605489 -0.006526947 0.640889392
vn -0.585698941 0.375520217 0.718290553
vn -0.590797581 0.376169272 0.713761092
vn -0.776521258 -0.004328180 -0.630076189
vn -0.771228820 -0.006845785 -0.636521203
vn 0.581818188 -0.420203792 -0.696359368
vn 0.585725242 -0.419078474 -0.693757288
vn 0.799084405 0.144902366 0.583495859
vn 0.797941761 0.145829231 0.584827138
vn -0.590585443 0.377304139 0.713337523
vn -0.590910340 0.377264658 0.713089299
vn -0.804026977 -0.186804164 -0.564486337
vn -0.803093954 -0.187321212 -0.565641993
vn -0.959620218 0.036292681 -0.278947806
vn -0.959620218 0.036292681 -0.278947806
vn -0.111920627 -0.901940798 0.417104987
vn -0.111920627 -0.901940798 0.417104987
vn -0.189012244 -0.747549409 -0.636745046
vn -0.188661721 -0.748073548 -0.636233229
vn -0.417898484 0.647987175 -0.636767994
vn -0.417594877 0.649363706 -0.635563763
vn 0.177079266 0.745591858 0.642445106
vn 0.177121791 0.745521140 0.642515448
vn 0.406072666 -0.649927271 0.642416946
vn 0.405599940 -0.651669531 0.640948915
vn -0.124386638 -0.732267658 -0.669561081
vn -0.125976836 -0.730510783 -0.671180924
vn -0.530877774 0.620717496 -0.576956305
vn -0.530512307 0.623367931 -0.574429382
vn 0.120400070 0.731161168 0.671496218
vn 0.122175425 0.728943315 0.673583557
vn 0.527103476 -0.621887760 0.579152433
vn 0.526501139 -0.624852980 0.576502649
vn -0.062820347 -0.702493377 -0.708912307
vn -0.065427969 -0.700326301 -0.710818017
vn -0.646790309 0.571419400 -0.505115992
vn -0.646617428 0.574416023 -0.501928415
vn 0.060258737 0.701269069 0.710345393
vn 0.062982152 0.698697778 0.712639224
vn 0.644411624 -0.572674111 0.506732693
vn 0.643994903 -0.575976654 0.503509144
vn -0.009664942 -0.661257255 -0.750096948
vn -0.013722518 -0.658777053 -0.752213059
vn -0.757677066 0.496299222 -0.423807204
vn -0.757731098 0.499711799 -0.419680474
vn 0.007942794 0.659986339 0.751235612
vn 0.012071813 0.657078020 0.753725909
vn 0.756118098 -0.497586020 0.425080669
vn 0.755916750 -0.501343255 0.421004523
vn 0.028760428 -0.613429704 -0.789225466
vn 0.022947307 -0.610974187 -0.791317865
vn -0.856090654 0.394395958 -0.334006918
vn -0.856371738 0.398177184 -0.328758844
vn -0.029878238 0.612190947 0.790145262
vn -0.024009881 0.609236000 0.792625398
vn 0.855116846 -0.395643818 0.335024102
vn 0.855146777 -0.399847382 0.329918263
vn 0.049863875 -0.565767377 -0.823055812
vn 0.042260473 -0.563858136 -0.824789703
vn -0.933897934 0.267510979 -0.237218307
vn -0.934339133 0.271544049 -0.230812075
vn -0.050521224 0.564632561 0.823794681
vn -0.042837118 0.562127195 0.825940675
vn 0.933364670 -0.268653093 0.238025017
vn 0.933594768 -0.273212601 0.231852721
vn 0.054884307 -0.525223692 -0.849192432
vn 0.045791438 -0.524426301 -0.850223617
vn -0.983455588 0.120313807 -0.135424127
vn -0.983933488 0.124485203 -0.127977833
vn -0.055196129 0.524249563 0.849773960
vn -0.045947682 0.522758455 0.851241686
vn 0.983248211 -0.121297418 0.136051063
vn 0.983603709 -0.126105395 0.128923130
vn 0.048279086 -0.497400693 -0.866176472
vn 0.038300763 -0.498162554 -0.866237335
vn -0.998718788 -0.040017836 -0.030973468
vn -0.999101491 -0.035767749 -0.022734976
vn -0.048349196 0.496624204 0.866617999
vn -0.038093940 0.496618569 0.867132544
vn 0.998735444 0.039226802 0.031444739
vn 0.999134816 0.034247748 0.023594749
vn 0.036593765 -0.485398977 -0.873526605
vn 0.026517473 -0.487922682 -0.872483971
vn -0.976089753 -0.204542509 0.073560562
vn -0.976292943 -0.200211470 0.082264549
vn -0.036518592 0.484835833 0.873842439
vn -0.026010862 0.486561940 0.873258789
vn 0.976237190 0.203958624 -0.073224508
vn 0.976637097 0.198845238 -0.081489580
vn 0.027006624 -0.489235455 -0.871733510
vn 0.017635218 -0.493429615 -0.869606931
vn -0.914887696 -0.363550159 0.175532861
vn -0.914908418 -0.359101480 0.184360281
vn -0.026874691 0.488881479 0.871936150
vn -0.016904298 0.492302282 0.870260138
vn 0.915080496 0.363170158 -0.175314353
vn 0.915501716 0.357938474 -0.183675413
vn 0.025775299 -0.505914079 -0.862198689
vn 0.017765808 -0.511433559 -0.859139157
vn -0.817388125 -0.507635470 0.272365349
vn -0.817301485 -0.503036915 0.281019830
vn -0.025666626 0.505748258 0.862299208
vn -0.016898820 0.510572441 0.859668664
vn 0.817547729 0.507440729 -0.272249183
vn 0.818069410 0.502114908 -0.280433698
vn 0.036826933 -0.530144124 -0.847107422
vn 0.030586557 -0.536498191 -0.843346995
vn -0.688460965 -0.628674763 0.361648367
vn -0.688385654 -0.623923988 0.369924381
vn -0.036814182 0.530131750 0.847115720
vn -0.029680806 0.535911804 0.843752089
vn 0.688513465 0.628632896 -0.361621198
vn 0.689242070 0.623261391 -0.369446352
vn 0.060716310 -0.555612423 -0.829221542
vn 0.056382094 -0.562295663 -0.825011907
vn -0.534913006 -0.720572838 0.441183477
vn -0.534965371 -0.715698185 0.448985702
vn -0.060867966 0.555706704 0.829147243
vn -0.055537747 0.561963834 0.825295225
vn 0.534786268 0.720637090 -0.441232176
vn 0.535817232 0.715288101 -0.448623256
vn 0.094142857 -0.576635245 -0.811559558
vn 0.091638711 -0.583229977 -0.807121515
vn -0.364688097 -0.779721377 0.508956940
vn -0.364944266 -0.774766959 0.516286589
vn -0.094527469 0.576776245 0.811414641
vn -0.090952662 0.583102563 0.807291158
vn 0.364310161 0.779827485 -0.509065025
vn 0.365697353 0.774574399 -0.516042582
vn 0.130200037 -0.589920163 -0.796895321
vn 0.129332926 -0.596131592 -0.792401488
vn -0.186087735 -0.805197600 0.563052555
vn -0.186560262 -0.800217690 0.569953434
vn -0.130889115 0.590031247 0.796700174
vn -0.128895991 0.596129486 0.792474264
vn 0.185389820 0.805259847 -0.563193744
vn 0.187121673 0.800179786 -0.569822594
vn 0.159570603 -0.595992258 -0.786975509
vn 0.160105138 -0.601610838 -0.782579545
vn -0.007149067 -0.798799965 0.601554242
vn -0.007771853 -0.793887420 0.608015101
vn -0.160635721 0.595977054 0.786770307
vn -0.160004364 0.601626931 0.782587784
vn 0.006077076 0.798711881 -0.601682974
vn 0.008044669 0.793913726 -0.607977203
vn 0.172988705 -0.599499210 -0.781457359
vn 0.174649679 -0.604345033 -0.777344564
vn 0.164744836 -0.765015904 0.622583172
vn 0.164116646 -0.760355018 0.628431359
vn -0.174486889 0.599246650 0.781317975
vn -0.174968950 0.604245592 0.777350070
vn -0.166211301 0.764664238 -0.622625414
vn -0.164243986 0.760324230 -0.628435341
vn 0.165231419 -0.607245386 -0.777143243
vn 0.167680281 -0.611205082 -0.773506090
vn 0.323116070 -0.710821247 0.624763283
vn 0.322645294 -0.706671557 0.629694628
vn -0.167179611 0.606650683 0.777191049
vn -0.168477840 0.610845675 0.773616687
vn -0.324955176 0.710112670 -0.624615185
vn -0.323289162 0.706432359 -0.629632781
vn 0.139688700 -0.623482697 -0.769257040
vn 0.142642628 -0.626647879 -0.766136748
vn 0.462986375 -0.644661266 0.608321847
vn 0.462731737 -0.641140481 0.612223998
vn -0.142050637 0.622471851 0.769643042
vn -0.143901497 0.625918963 0.766497104
vn -0.465160388 0.643533566 -0.607857189
vn -0.463945881 0.640543916 -0.611929498
vn 0.109352038 -0.645349621 -0.756019840
vn 0.112786952 -0.647995959 -0.753246534
vn 0.582398139 -0.573661040 0.575956091
vn 0.582290970 -0.570515365 0.579179976
vn -0.112056646 0.643871318 0.756883765
vn -0.114406091 0.646848138 0.753988549
vn -0.584873578 0.572062531 -0.575036832
vn -0.583994809 0.569467108 -0.578495701
vn 0.089685801 -0.664018142 -0.742318237
vn 0.093722959 -0.666332075 -0.739741558
vn 0.683711913 -0.500110625 0.531438974
vn 0.683651782 -0.496961804 0.534461604
vn -0.092633126 0.662010699 0.743747899
vn -0.095573734 0.664721405 0.740952842
vn -0.686410835 0.497988309 -0.529950762
vn -0.685677818 0.495406446 -0.533308900
vn 0.088258471 -0.671055013 -0.736135593
vn 0.092920567 -0.673017939 -0.733766054
vn 0.771794578 -0.420846582 0.476677337
vn 0.771683948 -0.417550547 0.479745167
vn -0.091307480 0.668425772 0.738153054
vn -0.094861445 0.670852572 0.735498560
vn -0.774568223 0.418127686 -0.474566439
vn -0.773860558 0.415404250 -0.478099514
vn 0.101921919 -0.662900213 -0.741737980
vn 0.107231149 -0.664417679 -0.739628710
vn 0.849722247 -0.330001472 0.411182602
vn 0.849471056 -0.326495946 0.414486818
vn -0.104905796 0.659503798 0.744345024
vn -0.109076270 0.661561755 0.741915367
vn -0.852384096 0.326547172 -0.408421716
vn -0.851614925 0.323629521 -0.412329908
vn 0.122021160 -0.641130283 -0.757669319
vn 0.128172036 -0.642074908 -0.755851666
vn 0.916015405 -0.222032107 0.334092084
vn 0.915534067 -0.218135589 0.337955968
vn -0.124743558 0.636744507 0.760917524
vn -0.129671846 0.638355868 0.758740402
vn -0.918331660 0.217618754 -0.330619177
vn -0.917416783 0.214382412 -0.335241148
vn 0.140466272 -0.610885915 -0.779158280
vn 0.147762611 -0.611006559 -0.777712798
vn 0.964780154 -0.093844995 0.245748593
vn 0.963968406 -0.089343659 0.250564609
vn -0.142645906 0.605185977 0.783199897
vn -0.148569967 0.606185945 0.781322958
vn -0.966406149 0.088165100 -0.241425081
vn -0.965284895 0.084464764 -0.247165481
vn 0.152968147 -0.578915218 -0.800910679
vn 0.161634566 -0.577774525 -0.800031790
vn 0.987529201 0.053818296 0.147951575
vn 0.986299342 0.059033641 0.154041026
vn -0.154134655 0.571379188 0.806082087
vn -0.161186289 0.571441369 0.804657531
vn -0.987902094 -0.061225229 -0.142481308
vn -0.986569398 -0.065477048 -0.149644845
vn 0.159747052 -0.551766491 -0.818556423
vn 0.169838229 -0.548753537 -0.818550262
vn 0.975473473 0.215737480 0.043690307
vn 0.973780590 0.221646441 0.051227114
vn -0.158944631 0.541183671 0.825746231
vn -0.166905293 0.539881135 0.825027868
vn -0.973468484 -0.225930653 -0.036255359
vn -0.971965647 -0.230785097 -0.044955767
vn 0.166959079 -0.540043880 -0.824910464
vn 0.170630881 -0.538268538 -0.825319383
vn 0.924293188 0.377071752 -0.059152319
vn 0.923696060 0.378932396 -0.056531659
vn -0.157701296 0.512009586 0.844379349
vn -0.157994188 0.511901110 0.844390366
vn -0.911769270 -0.403130356 0.078502953
vn -0.911251327 -0.404904992 0.075319104
vn -0.892614995 -0.146431700 0.426375688
vn -0.892614995 -0.146431700 0.426375688
vn 0.361980572 -0.755288748 0.546359746
vn 0.361980572 -0.755288748 0.546359746
vn 0.516613838 -0.591933668 -0.618647455
vn 0.518946569 -0.591789212 -0.616830598
vn -0.784720016 -0.038330196 -0.618664120
vn -0.785535422 -0.037436287 -0.617683272
vn -0.520179478 0.583551550 0.623603159
vn -0.521978172 0.583502961 0.622143940
vn 0.781183999 0.030017580 0.623578788
vn 0.782367559 0.028625916 0.622158789
vn 0.558017999 -0.463273235 -0.688472092
vn 0.558545927 -0.463166427 -0.688115766
vn -0.816914546 -0.142789560 -0.558803870
vn -0.816329802 -0.143250284 -0.559539999
vn -0.558858686 0.459799883 0.690116684
vn -0.558962802 0.459784261 0.690042767
vn 0.816117438 0.139494673 0.560797257
vn 0.815852269 0.139727805 0.561124956
vn 0.568133766 -0.336873312 -0.750826475
vn 0.567679357 -0.337035129 -0.751097510
vn -0.825219191 -0.265323226 -0.498614954
vn -0.825200597 -0.265333456 -0.498640282
vn -0.568214556 0.334110491 0.751998935
vn -0.567411345 0.334343045 0.752501890
vn 0.825189523 0.262685673 0.500058485
vn 0.825402831 0.262548243 0.499778538
vn 0.551054216 -0.216630229 -0.805860159
vn 0.549939664 -0.217224964 -0.806461209
vn -0.806952177 -0.394622672 -0.439432736
vn -0.807299556 -0.394502375 -0.438902385
vn -0.550643391 0.214304440 0.806762333
vn -0.549204617 0.214947744 0.807571517
vn 0.807422069 0.392391922 0.440565752
vn 0.807963517 0.392149002 0.439788717
vn 0.510407275 -0.106422259 -0.853322164
vn 0.509101003 -0.107397471 -0.853980065
vn -0.761309530 -0.522113753 -0.384454197
vn -0.761733331 -0.522049287 -0.383701544
vn -0.509635303 0.104449419 0.854027035
vn -0.508013717 0.105468941 0.854867455
vn 0.762150122 0.520212641 0.385364762
vn 0.762750678 0.520049305 0.384395792
vn 0.449806792 -0.008044851 -0.893089654
vn 0.448806427 -0.009057998 -0.893583093
vn -0.691442320 -0.638923771 -0.337170482
vn -0.691651834 -0.638936071 -0.336717148
vn -0.448758050 0.006382153 0.893630506
vn -0.447469105 0.007467553 0.894268212
vn 0.692572838 0.637311454 0.337900835
vn 0.692929225 0.637277139 0.337234247
vn 0.371937054 0.078606046 -0.924923736
vn 0.371600918 0.078149486 -0.925097517
vn -0.604853284 -0.737239794 -0.301048155
vn -0.604677971 -0.737181134 -0.301543574
vn -0.370669422 -0.079992428 0.925313672
vn -0.370129825 -0.079401822 0.925580501
vn 0.606220539 0.735883000 0.301617090
vn 0.606104271 0.735871127 0.301879607
vn 0.278141929 0.154774634 -0.947988333
vn 0.278544920 0.155506107 -0.947750272
vn -0.513010435 -0.811852693 -0.278774998
vn -0.512529832 -0.811459723 -0.280795815
vn -0.276699484 -0.155912910 0.948223898
vn -0.277074441 -0.156432628 0.948028790
vn 0.514571729 0.810724491 0.279180471
vn 0.513964027 0.810499840 0.280946594
vn 0.169268922 0.221669190 -0.960318074
vn 0.170187698 0.223876739 -0.959643347
vn -0.429353650 -0.861533823 -0.270951869
vn -0.428943125 -0.860583276 -0.274598291
vn -0.167709045 -0.222575483 0.960382127
vn -0.168851496 -0.224513733 0.959730564
vn 0.431039501 0.860622359 0.271171725
vn 0.430232449 0.859945061 0.274580648
vn 0.048216763 0.279315408 -0.958988033
vn 0.049291521 0.282628303 -0.957962206
vn -0.364562770 -0.889718123 -0.274764716
vn -0.364664163 -0.888273543 -0.279267187
vn -0.046650449 -0.279992298 0.958868108
vn -0.048184136 -0.283033041 0.957899048
vn 0.366227530 0.889030207 0.274777524
vn 0.365704133 0.887889014 0.279130052
vn -0.077443399 0.326234432 -0.942111254
vn -0.076505081 0.329763703 -0.940958486
vn -0.319604578 -0.903730265 -0.284823667
vn -0.320268812 -0.902217165 -0.288846108
vn 0.078841121 -0.326684756 0.941839237
vn 0.077349871 -0.329996450 0.940807813
vn 0.321035299 0.903275046 0.284658616
vn 0.321048013 0.902002559 0.288651272
vn -0.197198558 0.360506691 -0.911672997
vn -0.196553056 0.363404381 -0.910661382
vn -0.282650616 -0.911774416 -0.297953090
vn -0.283478501 -0.910639906 -0.300624186
vn 0.198253870 -0.360752792 0.911346710
vn 0.197137117 -0.363513349 0.910491627
vn 0.283673134 0.911535189 0.297713205
vn 0.284022601 0.910535300 0.300427413
vn -0.304298242 0.381336153 -0.872917704
vn -0.303978310 0.383171212 -0.872225320
vn -0.236774475 -0.918393749 -0.317002791
vn -0.237349651 -0.917805808 -0.318272904
vn 0.304924903 -0.381427278 0.872659175
vn 0.304311180 -0.383198737 0.872097147
vn 0.237331020 0.918315414 0.316813491
vn 0.237663598 0.917774563 0.318128693
vn -0.399561054 0.389120637 -0.830021743
vn -0.399480276 0.389869772 -0.829709028
vn -0.171617747 -0.921896163 -0.347354018
vn -0.171716733 -0.921815118 -0.347520146
vn 0.399769288 -0.389129140 0.829917483
vn 0.399572234 -0.389865633 0.829666691
vn 0.171742025 0.921892960 0.347301091
vn 0.171806344 0.921816742 0.347471545
vn -0.488277059 0.383829668 -0.783747599
vn -0.488278337 0.383769328 -0.783776351
vn -0.087115614 -0.916090658 -0.391393378
vn -0.086712883 -0.916358854 -0.390854611
vn 0.488127766 -0.383843434 0.783833849
vn 0.488135495 -0.383798061 0.783851253
vn 0.086885171 0.916063789 0.391507474
vn 0.086590831 0.916338196 0.390930095
vn -0.575311690 0.363705135 -0.732622027
vn -0.575278641 0.363303389 -0.732847278
vn 0.009620193 -0.894207021 -0.447550283
vn 0.010323784 -0.894581351 -0.446785884
vn 0.574884938 -0.363816805 0.732901521
vn 0.574907316 -0.363449201 0.733066338
vn -0.010111965 0.894064056 0.447824979
vn -0.010648364 0.894463730 0.447013701
vn -0.662402866 0.325423897 -0.674775319
vn -0.662355767 0.325186995 -0.674935743
vn 0.108316697 -0.852050442 -0.512130391
vn 0.108908337 -0.852289676 -0.511606570
vn 0.661788141 -0.325719103 0.675235901
vn 0.661778898 -0.325554133 0.675324512
vn -0.108974953 0.851716654 0.512545804
vn -0.109417820 0.851975479 0.512021020
vn -0.747568663 0.265238690 -0.608924898
vn -0.747669889 0.265549013 -0.608665310
vn 0.198471714 -0.789382870 -0.580933442
vn 0.198409478 -0.789365620 -0.580978138
vn 0.746862100 -0.265788725 0.609551768
vn 0.746944772 -0.266254324 0.609247193
vn -0.199206444 0.788801107 0.581471931
vn -0.199052871 0.788734241 0.581615209
vn -0.825598235 0.180332437 -0.534666033
vn -0.826070079 0.181351231 -0.533591563
vn 0.271314908 -0.709815323 -0.650038790
vn 0.270049483 -0.709629316 -0.650768401
vn 0.824902143 -0.181193592 0.535448724
vn 0.825300313 -0.182511073 0.534386660
vn -0.272040149 0.708938387 0.650692339
vn -0.270722271 0.708554577 0.651659316
vn -0.889028263 0.069950463 -0.452477271
vn -0.890040698 0.071616182 -0.450220700
vn 0.321019307 -0.619794465 -0.716101548
vn 0.318130579 -0.619764231 -0.717415662
vn 0.888454566 -0.071168010 0.453413275
vn 0.889381892 -0.073331701 0.451245290
vn -0.321645319 0.618575454 0.716874254
vn -0.318665076 0.618135858 0.718582375
vn -0.929343754 -0.063871389 -0.363649052
vn -0.930931660 -0.061768020 -0.359931878
vn 0.345248091 -0.527169289 -0.776463970
vn 0.340571670 -0.527810078 -0.778092192
vn 0.929023546 0.062258348 0.364745321
vn 0.930593695 0.059424555 0.361198142
vn -0.345666444 0.525554112 0.777372231
vn -0.340736013 0.525555408 0.779545048
vn -0.938251357 -0.216045252 -0.270201482
vn -0.940292838 -0.213753813 -0.264874848
vn 0.345076102 -0.439680962 -0.829218388
vn 0.338786955 -0.441585549 -0.830798172
vn 0.938352228 0.214001693 0.271474439
vn 0.940542650 0.210750703 0.266390063
vn -0.345137321 0.437605758 0.830289967
vn -0.338287754 0.438687982 0.832534834
vn -0.908889641 -0.378633316 -0.174803985
vn -0.911143835 -0.376349496 -0.167862946
vn 0.324335136 -0.363633904 -0.873256608
vn 0.316958389 -0.367319862 -0.874421808
vn 0.909643216 0.376131862 0.176278306
vn 0.912314089 0.372705759 0.169627297
vn -0.323817007 0.361028886 0.874528838
vn -0.315439778 0.363833223 0.876426342
vn -0.836846448 -0.541456871 -0.080699933
vn -0.839024956 -0.539271488 -0.072272999
vn 0.288478001 -0.302969210 -0.908289657
vn 0.280815890 -0.308728244 -0.908751510
vn 0.838593209 0.538489237 0.082406139
vn 0.841538293 0.535066874 0.074274769
vn -0.287037530 0.299769172 0.909806518
vn -0.277843193 0.304788998 0.910992221
vn -0.720879619 -0.693009923 0.008355904
vn -0.722717529 -0.690908298 0.018030442
vn 0.243137459 -0.258932442 -0.934793114
vn 0.236128021 -0.266719650 -0.934400442
vn 0.724154354 0.689608372 -0.006384769
vn 0.727150836 0.686295305 -0.015824527
vn -0.240222804 0.255092137 0.936600772
vn -0.231129696 0.262562574 0.936824401
vn -0.563276409 -0.821554323 0.088137286
vn -0.564578117 -0.819453892 0.098726227
vn 0.192678506 -0.230471701 -0.953812240
vn 0.187219272 -0.239845461 -0.952587581
vn 0.569022461 0.817826533 -0.085867347
vn 0.571852780 0.814673823 -0.096389623
vn -0.187311903 0.225977446 0.955954206
vn -0.179299762 0.235836243 0.955108822
vn -0.369702444 -0.916302617 0.153979276
vn -0.370361593 -0.914111861 0.165020590
vn 0.139315199 -0.215407525 -0.966535500
vn 0.136077382 -0.225461541 -0.964702047
vn 0.380091304 0.912482271 -0.151349612
vn 0.382526444 0.909506576 -0.162700052
vn -0.129268476 0.210226108 0.969068958
vn -0.123231138 0.222193253 0.967183667
vn -0.140367131 -0.969321938 0.201772273
vn -0.140377314 -0.969129023 0.202689779
vn 0.091479049 -0.213966849 -0.972548082
vn 0.091190311 -0.216856526 -0.971934964
vn 0.177205744 0.964308468 -0.196741719
vn 0.177487735 0.963840030 -0.198772486
vn -0.054899028 0.204230418 0.977382235
vn -0.053237662 0.211451387 0.975937530
vn -0.343848825 -0.808320055 0.477898184
vn -0.343848825 -0.808320055 0.477898184
vn 0.984652804 -0.140217933 0.103912396
vn 0.984652804 -0.140217933 0.103912396
f 1/1/1 2/2/1 6/6/1
f 1/1/2 6/6/2 5/5/2
f 2/2/3 3/3/3 7/7/3
f 2/2/4 7/7/4 6/6/4
f 3/3/5 4/4/5 8/8/5
f 3/3/6 8/8/6 7/7/6
f 4/4/7 1/1/7 5/5/7
f 4/4/8 5/5/8 8/8/8
f 5/5/9 6/6/9 10/10/9
f 5/5/10 10/10/10 9/9/10
f 6/6/11 7/7/11 11/11/11
f 6/6/12 11/11/12 10/10/12
f 7/7/13 8/8/13 12/12/13
f 7/7/14 12/12/14 11/11/14
f 8/8/15 5/5/15 9/9/15
f 8/8/16 9/9/16 12/12/16
f 9/9/17 10/10/17 14/14/17
f 9/9/18 14/14/18 13/13/18
f 10/10/19 11/11/19 15/15/19
f 10/10/20 15/15/20 14/14/20
f 11/11/21 12/12/21 16/16/21
f 11/11/22 16/16/22 15/15/22
f 12/12/23 9/9/23 13/13/23
f 12/12/24 13/13/24 16/16/24
f 13/13/25 14/14/25 18/18/25
f 13/13/26 18/18/26 17/17/26
f 14/14/27 15/15/27 19/19/27
f 14/14/28 19/19/28 18/18/28
f 15/15/29 16/16/29 20/20/29
f 15/15/30 20/20/30 19/19/30
f 16/16/31 13/13/31 17/17/31
f 16/16/32 17/17/32 20/20/32
f 17/17/33 18/18/33 22/22/33
f 17/17/34 22/22/34 21/21/34
f 18/18/35 19/19/35 23/23/35
f 18/18/36 23/23/36 22/22/36
f 19/19/37 20/20/37 24/24/37
f 19/19/38 24/24/38 23/23/38
f 20/20/39 17/17/39 21/21/39
f 20/20/40 21/21/40 24/24/40
f 21/21/41 22/22/41 26/26/41
f 21/21/42 26/26/42 25/25/42
f 22/22/43 23/23/43 27/27/43
f 22/22/44 27/27/44 26/26/44
f 23/23/45 24/24/45 28/28/45
f 23/23/46 28/28/46 27/27/46
f 24/24/47 21/21/47 25/25/47
f 24/24/48 25/25/48 28/28/48
f 25/25/49 26/26/49 30/30/49
f 25/25/50 30/30/50 29/29/50
f 26/26/51 27/27/51 31/31/51
f 26/26/52 31/31/52 30/30/52
f 27/27/53 28/28/53 32/32/53
f 27/27/54 32/32/54 31/31/54
f 28/28/55 25/25/55 29/29/55
f 28/28/56 29/29/56 32/32/56
f 29/29/57 30/30/57 34/34/57
f 29/29/58 34/34/58 33/33/58
f 30/30/59 31/31/59 35/35/59
f 30/30/60 35/35/60 34/34/60
f 31/31/61 32/32/61 36/36/61
f 31/31/62 36/36/62 35/35/62
f 32/32/63 29/29/63 33/33/63
f 32/32/64 33/33/64 36/36/64
f 33/33/65 34/34/65 38/38/65
f 33/33/66 38/38/66 37/37/66
f 34/34/67 35/35/67 39/39/67
f 34/34/68 39/39/68 38/38/68
f 35/35/69 36/36/69 40/40/69
f 35/35/70 40/40/70 39/39/70
f 36/36/71 33/33/71 37/37/71
f 36/36/72 37/37/72 40/40/72
f 37/37/73 38/38/73 42/42/73
f 37/37/74 42/42/74 41/41/74
f 38/38/75 39/39/75 43/43/75
f 38/38/76 43/43/76 42/42/76
f 39/39/77 40/40/77 44/44/77
f 39/39/78 44/44/78 43/43/78
f 40/40/79 37/37/79 41/41/79
f 40/40/80 41/41/80 44/44/80
f 41/41/81 42/42/81 46/46/81
f 41/41/82 46/46/82 45/45/82
f 42/42/83 43/43/83 47/47/83
f 42/42/84 47/47/84 46/46/84
f 43/43/85 44/44/85 48/48/85
f 43/43/86 48/48/86 47/47/86
f 44/44/87 41/41/87 45/45/87
f 44/44/88 45/45/88 48/48/88
f 45/45/89 46/46/89 50/50/89
f 45/45/90 50/50/90 49/49/90
f 46/46/91 47/47/91 51/51/91
f 46/46/92 51/51/92 50/50/92
f 47/47/93 48/48/93 52/52/93
f 47/47/94 52/52/94 51/51/94
f 48/48/95 45/45/95 49/49/95
f 48/48/96 49/49/96 52/52/96
f 49/49/97 50/50/97 54/54/97
f 49/49/98 54/54/98 53/53/98
f 50/50/99 51/51/99 55/55/99
f 50/50/100 55/55/100 54/54/100
f 51/51/101 52/52/101 56/56/101
f 51/51/102 56/56/102 55/55/102
f 52/52/103 49/49/103 53/53/103
f 52/52/104 53/53/104 56/56/104
f 53/53/105 54/54/105 58/58/105
f 53/53/106 58/58/106 57/57/106
f 54/54/107 55/55/107 59/59/107
f 54/54/108 59/59/108 58/58/108
f 55/55/109 56/56/109 60/60/109
f 55/55/110 60/60/110 59/59/110
f 56/56/111 53/53/111 57/57/111
f 56/56/112 57/57/112 60/60/112
f 57/57/113 58/58/113 62/62/113
f 57/57/114 62/62/114 61/61/114
f 58/58/115 59/59/115 63/63/115
f 58/58/116 63/63/116 62/62/116
f 59/59/117 60/60/117 64/64/117
f 59/59/118 64/64/118 63/63/118
f 60/60/119 57/57/119 61/61/119
f 60/60/120 61/61/120 64/64/120
f 61/61/121 62/62/121 66/66/121
f 61/61/122 66/66/122 65/65/122
f 62/62/123 63/63/123 67/67/123
f 62/62/124 67/67/124 66/66/124
f 63/63/125 64/64/125 68/68/125
f 63/63/126 68/68/126 67/67/126
f 64/64/127 61/61/127 65/65/127
f 64/64/128 65/65/128 68/68/128
f 65/65/129 66/66/129 70/70/129
f 65/65/130 70/70/130 69/69/130
f 66/66/131 67/67/131 71/71/131
f 66/66/132 71/71/132 70/70/132
f 67/67/133 68/68/133 72/72/133
f 67/67/134 72/72/134 71/71/134
f 68/68/135 65/65/135 69/69/135
f 68/68/136 69/69/136 72/72/136
f 69/69/137 70/70/137 74/74/137
f 69/69/138 74/74/138 73/73/138
f 70/70/139 71/71/139 75/75/139
f 70/70/140 75/75/140 74/74/140
f 71/71/141 72/72/141 76/76/141
f 71/71/142 76/76/142 75/75/142
f 72/72/143 69/69/143 73/73/143
f 72/72/144 73/73/144 76/76/144
f 73/73/145 74/74/145 78/78/145
f 73/73/146 78/78/146 77/77/146
f 74/74/147 75/75/147 79/79/147
f 74/74/148 79/79/148 78/78/148
f 75/75/149 76/76/149 80/80/149
f 75/75/150 80/80/150 79/79/150
f 76/76/151 73/73/151 77/77/151
f 76/76/152 77/77/152 80/80/152
f 77/77/153 78/78/153 82/82/153
f 77/77/154 82/82/154 81/81/154
f 78/78/155 79/79/155 83/83/155
f 78/78/156 83/83/156 82/82/156
f 79/79/157 80/80/157 84/84/157
f 79/79/158 84/84/158 83/83/158
f 80/80/159 77/77/159 81/81/159
f 80/80/160 81/81/160 84/84/160
f 81/81/161 82/82/161 86/86/161
f 81/81/162 86/86/162 85/85/162
f 82/82/163 83/83/163 87/87/163
f 82/82/164 87/87/164 86/86/164
f 83/83/165 84/84/165 88/88/165
f 83/83/166 88/88/166 87/87/166
f 84/84/167 81/81/167 85/85/167
f 84/84/168 85/85/168 88/88/168
f 85/85/169 86/86/169 90/90/169
f 85/85/170 90/90/170 89/89/170
f 86/86/171 87/87/171 91/91/171
f 86/86/172 91/91/172 90/90/172
f 87/87/173 88/88/173 92/92/173
f 87/87/174 92/92/174 91/91/174
f 88/88/175 85/85/175 89/89/175
f 88/88/176 89/89/176 92/92/176
f 89/89/177 90/90/177 94/94/177
f 89/89/178 94/94/178 93/93/178
f 90/90/179 91/91/179 95/95/179
f 90/90/180 95/95/180 94/94/180
f 91/91/181 92/92/181 96/96/181
f 91/91/182 96/96/182 95/95/182
f 92/92/183 89/89/183 93/93/183
f 92/92/184 93/93/184 96/96/184
f 93/93/185 94/94/185 98/98/185
f 93/93/186 98/98/186 97/97/186
f 94/94/187 95/95/187 99/99/187
f 94/94/188 99/99/188 98/98/188
f 95/95/189 96/96/189 100/100/189
f 95/95/190 100/100/190 99/99/190
f 96/96/191 93/93/191 97/97/191
f 96/96/192 97/97/192 100/100/192
f 97/97/193 98/98/193 102/102/193
f 97/97/194 102/102/194 101/101/194
f 98/98/195 99/99/195 103/103/195
f 98/98/196 103/103/196 102/102/196
f 99/99/197 100/100/197 104/104/197
f 99/99/198 104/104/198 103/103/198
f 100/100/199 97/97/199 101/101/199
f 100/100/200 101/101/200 104/104/200
f 101/101/201 102/102/201 106/106/201
f 101/101/202 106/106/202 105/105/202
f 102/102/203 103/103/203 107/107/203
f 102/102/204 107/107/204 106/106/204
f 103/103/205 104/104/205 108/108/205
f 103/103/206 108/108/206 107/107/206
f 104/104/207 101/101/207 105/105/207
f 104/104/208 105/105/208 108/108/208
f 105/105/209 106/106/209 110/110/209
f 105/105/210 110/110/210 109/109/210
f 106/106/211 107/107/211 111/111/211
f 106/106/212 111/111/212 110/110/212
f 107/107/213 108/108/213 112/112/213
f 107/107/214 112/112/214 111/111/214
f 108/108/215 105/105/215 109/109/215
f 108/108/216 109/109/216 112/112/216
f 109/109/217 110/110/217 114/114/217
f 109/109/218 114/114/218 113/113/218
f 110/110/219 111/111/219 115/115/219
f 110/110/220 115/115/220 114/114/220
f 111/111/221 112/112/221 116/116/221
f 111/111/222 116/116/222 115/115/222
f 112/112/223 109/109/223 113/113/223
f 112/112/224 113/113/224 116/116/224
f 113/113/225 114/114/225 118/118/225
f 113/113/226 118/118/226 117/117/226
f 114/114/227 115/115/227 119/119/227
f 114/114/228 119/119/228 118/118/228
f 115/115/229 116/116/229 120/120/229
f 115/115/230 120/120/230 119/119/230
f 116/116/231 113/113/231 117/117/231
f 116/116/232 117/117/232 120/120/232
f 117/117/233 118/118/233 122/122/233
f 117/117/234 122/122/234 121/121/234
f 118/118/235 119/119/235 123/123/235
f 118/118/236 123/123/236 122/122/236
f 119/119/237 120/120/237 124/124/237
f 119/119/238 124/124/238 123/123/238
f 120/120/239 117/117/239 121/121/239
f 120/120/240 121/121/240 124/124/240
f 121/121/241 122/122/241 126/126/241
f 121/121/242 126/126/242 125/125/242
f 122/122/243 123/123/243 127/127/243
f 122/122/244 127/127/244 126/126/244
f 123/123/245 124/124/245 128/128/245
f 123/123/246 128/128/246 127/127/246
f 124/124/247 121/121/247 125/125/247
f 124/124/248 125/125/248 128/128/248
f 125/125/249 126/126/249 130/130/249
f 125/125/250 130/130/250 129/129/250
f 126/126/251 127/127/251 131/131/251
f 126/126/252 131/131/252 130/130/252
f 127/127/253 128/128/253 132/132/253
f 127/127/254 132/132/254 131/131/254
f 128/128/255 125/125/255 129/129/255
f 128/128/256 129/129/256 132/132/256
f 129/129/257 130/130/257 134/134/257
f 129/129/258 134/134/258 133/133/258
f 130/130/259 131/131/259 135/135/259
f 130/130/260 135/135/260 134/134/260
f 131/131/261 132/132/261 136/136/261
f 131/131/262 136/136/262 135/135/262
f 132/132/263 129/129/263 133/133/263
f 132/132/264 133/133/264 136/136/264
f 133/133/265 134/134/265 138/138/265
f 133/133/266 138/138/266 137/137/266
f 134/134/267 135/135/267 139/139/267
f 134/134/268 139/139/268 138/138/268
f 135/135/269 136/136/269 140/140/269
f 135/135/270 140/140/270 139/139/270
f 136/136/271 133/133/271 137/137/271
f 136/136/272 137/137/272 140/140/272
f 137/137/273 138/138/273 142/142/273
f 137/137/274 142/142/274 141/141/274
f 138/138/275 139/139/275 143/143/275
f 138/138/276 143/143/276 142/142/276
f 139/139/277 140/140/277 144/144/277
f 139/139/278 144/144/278 143/143/278
f 140/140/279 137/137/279 141/141/279
f 140/140/280 141/141/280 144/144/280
f 141/141/281 142/142/281 146/146/281
f 141/141/282 146/146/282 145/145/282
f 142/142/283 143/143/283 147/147/283
f 142/142/284 147/147/284 146/146/284
f 143/143/285 144/144/285 148/148/285
f 143/143/286 148/148/286 147/147/286
f 144/144/287 141/141/287 145/145/287
f 144/144/288 145/145/288 148/148/288
f 145/145/289 146/146/289 150/150/289
f 145/145/290 150/150/290 149/149/290
f 146/146/291 147/147/291 151/151/291
f 146/146/292 151/151/292 150/150/292
f 147/147/293 148/148/293 152/152/293
f 147/147/294 152/152/294 151/151/294
f 148/148/295 145/145/295 149/149/295
f 148/148/296 149/149/296 152/152/296
f 149/149/297 150/150/297 154/154/297
f 149/149/298 154/154/298 153/153/298
f 150/150/299 151/151/299 155/155/299
f 150/150/300 155/155/300 154/154/300
f 151/151/301 152/152/301 156/156/301
f 151/151/302 156/156/302 155/155/302
f 152/152/303 149/149/303 153/153/303
f 152/152/304 153/153/304 156/156/304
f 153/153/305 154/154/305 158/158/305
f 153/153/306 158/158/306 157/157/306
f 154/154/307 155/155/307 159/159/307
f 154/154/308 159/159/308 158/158/308
f 155/155/309 156/156/309 160/160/309
f 155/155/310 160/160/310 159/159/310
f 156/156/311 153/153/311 157/157/311
f 156/156/312 157/157/312 160/160/312
f 157/157/313 158/158/313 162/162/313
f 157/157/314 162/162/314 161/161/314
f 158/158/315 159/159/315 163/163/315
f 158/158/316 163/163/316 162/162/316
f 159/159/317 160/160/317 164/164/317
f 159/159/318 164/164/318 163/163/318
f 160/160/319 157/157/319 161/161/319
f 160/160/320 161/161/320 164/164/320
f 161/161/321 162/162/321 166/166/321
f 161/161/322 166/166/322 165/165/322
f 162/162/323 163/163/323 167/167/323
f 162/162/324 167/167/324 166/166/324
f 163/163/325 164/164/325 168/168/325
f 163/163/326 168/168/326 167/167/326
f 164/164/327 161/161/327 165/165/327
f 164/164/328 165/165/328 168/168/328
f 165/165/329 166/166/329 170/170/329
f 165/165/330 170/170/330 169/169/330
f 166/166/331 167/167/331 171/171/331
f 166/166/332 171/171/332 170/170/332
f 167/167/333 168/168/333 172/172/333
f 167/167/334 172/172/334 171/171/334
f 168/168/335 165/165/335 169/169/335
f 168/168/336 169/169/336 172/172/336
f 169/169/337 170/170/337 174/174/337
f 169/169/338 174/174/338 173/173/338
f 170/170/339 171/171/339 175/175/339
f 170/170/340 175/175/340 174/174/340
f 171/171/341 172/172/341 176/176/341
f 171/171/342 176/176/342 175/175/342
f 172/172/343 169/169/343 173/173/343
f 172/172/344 173/173/344 176/176/344
f 173/173/345 174/174/345 178/178/345
f 173/173/346 178/178/346 177/177/346
f 174/174/347 175/175/347 179/179/347
f 174/174/348 179/179/348 178/178/348
f 175/175/349 176/176/349 180/180/349
f 175/175/350 180/180/350 179/179/350
f 176/176/351 173/173/351 177/177/351
f 176/176/352 177/177/352 180/180/352
f 177/177/353 178/178/353 182/182/353
f 177/177/354 182/182/354 181/181/354
f 178/178/355 179/179/355 183/183/355
f 178/178/356 183/183/356 182/182/356
f 179/179/357 180/180/357 184/184/357
f 179/179/358 184/184/358 183/183/358
f 180/180/359 177/177/359 181/181/359
f 180/180/360 181/181/360 184/184/360
f 181/181/361 182/182/361 186/186/361
f 181/181/362 186/186/362 185/185/362
f 182/182/363 183/183/363 187/187/363
f 182/182/364 187/187/364 186/186/364
f 183/183/365 184/184/365 188/188/365
f 183/183/366 188/188/366 187/187/366
f 184/184/367 181/181/367 185/185/367
f 184/184/368 185/185/368 188/188/368
f 185/185/369 186/186/369 190/190/369
f 185/185/370 190/190/370 189/189/370
f 186/186/371 187/187/371 191/191/371
f 186/186/372 191/191/372 190/190/372
f 187/187/373 188/188/373 192/192/373
f 187/187/374 192/192/374 191/191/374
f 188/188/375 185/185/375 189/189/375
f 188/188/376 189/189/376 192/192/376
f 189/189/377 190/190/377 194/194/377
f 189/189/378 194/194/378 193/193/378
f 190/190/379 191/191/379 195/195/379
f 190/190/380 195/195/380 194/194/380
f 191/191/381 192/192/381 196/196/381
f 191/191/382 196/196/382 195/195/382
f 192/192/383 189/189/383 193/193/383
f 192/192/384 193/193/384 196/196/384
f 193/193/385 194/194/385 198/198/385
f 193/193/386 198/198/386 197/197/386
f 194/194/387 195/195/387 199/199/387
f 194/194/388 199/199/388 198/198/388
f 195/195/389 196/196/389 200/200/389
f 195/195/390 200/200/390 199/199/390
f 196/196/391 193/193/391 197/197/391
f 196/196/392 197/197/392 200/200/392
f 197/197/393 198/198/393 202/202/393
f 197/197/394 202/202/394 201/201/394
f 198/198/395 199/199/395 203/203/395
f 198/198/396 203/203/396 202/202/396
f 199/199/397 200/200/397 204/204/397
f 199/199/398 204/204/398 203/203/398
f 200/200/399 197/197/399 201/201/399
f 200/200/400 201/201/400 204/204/400
f 201/201/401 202/202/401 206/206/401
f 201/201/402 206/206/402 205/205/402
f 202/202/403 203/203/403 207/207/403
f 202/202/404 207/207/404 206/206/404
f 203/203/405 204/204/405 208/208/405
f 203/203/406 208/208/406 207/207/406
f 204/204/407 201/201/407 205/205/407
f 204/204/408 205/205/408 208/208/408
f 205/205/409 206/206/409 210/210/409
f 205/205/410 210/210/410 209/209/410
f 206/206/411 207/207/411 211/211/411
f 206/206/412 211/211/412 210/210/412
f 207/207/413 208/208/413 212/212/413
f 207/207/414 212/212/414 211/211/414
f 208/208/415 205/205/415 209/209/415
f 208/208/416 209/209/416 212/212/416
f 209/209/417 210/210/417 214/214/417
f 209/209/418 214/214/418 213/213/418
f 210/210/419 211/211/419 215/215/419
f 210/210/420 215/215/420 214/214/420
f 211/211/421 212/212/421 216/216/421
f 211/211/422 216/216/422 215/215/422
f 212/212/423 209/209/423 213/213/423
f 212/212/424 213/213/424 216/216/424
f 213/213/425 214/214/425 218/218/425
f 213/213/426 218/218/426 217/217/426
f 214/214/427 215/215/427 219/219/427
f 214/214/428 219/219/428 218/218/428
f 215/215/429 216/216/429 220/220/429
f 215/215/430 220/220/430 219/219/430
f 216/216/431 213/213/431 217/217/431
f 216/216/432 217/217/432 220/220/432
f 217/217/433 218/218/433 222/222/433
f 217/217/434 222/222/434 221/221/434
f 218/218/435 219/219/435 223/223/435
f 218/218/436 223/223/436 222/222/436
f 219/219/437 220/220/437 224/224/437
f 219/219/438 224/224/438 223/223/438
f 220/220/439 217/217/439 221/221/439
f 220/220/440 221/221/440 224/224/440
f 221/221/441 222/222/441 226/226/441
f 221/221/442 226/226/442 225/225/442
f 222/222/443 223/223/443 227/227/443
f 222/222/444 227/227/444 226/226/444
f 223/223/445 224/224/445 228/228/445
f 223/223/446 228/228/446 227/227/446
f 224/224/447 221/221/447 225/225/447
f 224/224/448 225/225/448 228/228/448
f 225/225/449 226/226/449 230/230/449
f 225/225/450 230/230/450 229/229/450
f 226/226/451 227/227/451 231/231/451
f 226/226/452 231/231/452 230/230/452
f 227/227/453 228/228/453 232/232/453
f 227/227/454 232/232/454 231/231/454
f 228/228/455 225/225/455 229/229/455
f 228/228/456 229/229/456 232/232/456
f 229/229/457 230/230/457 234/234/457
f 229/229/458 234/234/458 233/233/458
f 230/230/459 231/231/459 235/235/459
f 230/230/460 235/235/460 234/234/460
f 231/231/461 232/232/461 236/236/461
f 231/231/462 236/236/462 235/235/462
f 232/232/463 229/229/463 233/233/463
f 232/232/464 233/233/464 236/236/464
f 233/233/465 234/234/465 238/238/465
f 233/233/466 238/238/466 237/237/466
f 234/234/467 235/235/467 239/239/467
f 234/234/468 239/239/468 238/238/468
f 235/235/469 236/236/469 240/240/469
f 235/235/470 240/240/470 239/239/470
f 236/236/471 233/233/471 237/237/471
f 236/236/472 237/237/472 240/240/472
f 237/237/473 238/238/473 242/242/473
f 237/237/474 242/242/474 241/241/474
f 238/238/475 239/239/475 243/243/475
f 238/238/476 243/243/476 242/242/476
f 239/239/477 240/240/477 244/244/477
f 239/239/478 244/244/478 243/243/478
f 240/240/479 237/237/479 241/241/479
f 240/240/480 241/241/480 244/244/480
f 241/241/481 242/242/481 246/246/481
f 241/241/482 246/246/482 245/245/482
f 242/242/483 243/243/483 247/247/483
f 242/242/484 247/247/484 246/246/484
f 243/243/485 244/244/485 248/248/485
f 243/243/486 248/248/486 247/247/486
f 244/244/487 241/241/487 245/245/487
f 244/244/488 245/245/488 248/248/488
f 245/245/489 246/246/489 250/250/489
f 245/245/490 250/250/490 249/249/490
f 246/246/491 247/247/491 251/251/491
f 246/246/492 251/251/492 250/250/492
f 247/247/493 248/248/493 252/252/493
f 247/247/494 252/252/494 251/251/494
f 248/248/495 245/245/495 249/249/495
f 248/248/496 249/249/496 252/252/496
f 249/249/497 250/250/497 254/254/497
f 249/249/498 254/254/498 253/253/498
f 250/250/499 251/251/499 255/255/499
f 250/250/500 255/255/500 254/254/500
f 251/251/501 252/252/501 256/256/501
f 251/251/502 256/256/502 255/255/502
f 252/252/503 249/249/503 253/253/503
f 252/252/504 253/253/504 256/256/504
f 253/253/505 254/254/505 258/258/505
f 253/253/506 258/258/506 257/257/506
f 254/254/507 255/255/507 259/259/507
f 254/254/508 259/259/508 258/258/508
f 255/255/509 256/256/509 260/260/509
f 255/255/510 260/260/510 259/259/510
f 256/256/511 253/253/511 257/257/511
f 256/256/512 257/257/512 260/260/512
f 261/261/513 262/262/513 266/266/513
f 261/261/514 266/266/514 265/265/514
f 262/262/515 263/263/515 267/267/515
f 262/262/516 267/267/516 266/266/516
f 263/263/517 264/264/517 268/268/517
f 263/263/518 268/268/518 267/267/518
f 264/264/519 261/261/519 265/265/519
f 264/264/520 265/265/520 268/268/520
f 265/265/521 266/266/521 270/270/521
f 265/265/522 270/270/522 269/269/522
f 266/266/523 267/267/523 271/271/523
f 266/266/524 271/271/524 270/270/524
f 267/267/525 268/268/525 272/272/525
f 267/267/526 272/272/526 271/271/526
f 268/268/527 265/265/527 269/269/527
f 268/268/528 269/269/528 272/272/528
f 269/269/529 270/270/529 274/274/529
f 269/269/530 274/274/530 273/273/530
f 270/270/531 271/271/531 275/275/531
f 270/270/532 275/275/532 274/274/532
f 271/271/533 272/272/533 276/276/533
f 271/271/534 276/276/534 275/275/534
f 272/272/535 269/269/535 273/273/535
f 272/272/536 273/273/536 276/276/536
f 273/273/537 274/274/537 278/278/537
f 273/273/538 278/278/538 277/277/538
f 274/274/539 275/275/539 279/279/539
f 274/274/540 279/279/540 278/278/540
f 275/275/541 276/276/541 280/280/541
f 275/275/542 280/280/542 279/279/542
f 276/276/543 273/273/543 277/277/543
f 276/276/544 277/277/544 280/280/544
f 277/277/545 278/278/545 282/282/545
f 277/277/546 282/282/546 281/281/546
f 278/278/547 279/279/547 283/283/547
f 278/278/548 283/283/548 282/282/548
f 279/279/549 280/280/549 284/284/549
f 279/279/550 284/284/550 283/283/550
f 280/280/551 277/277/551 281/281/551
f 280/280/552 281/281/552 284/284/552
f 281/281/553 282/282/553 286/286/553
f 281/281/554 286/286/554 285/285/554
f 282/282/555 283/283/555 287/287/555
f 282/282/556 287/287/556 286/286/556
f 283/283/557 284/284/557 288/288/557
f 283/283/558 288/288/558 287/287/558
f 284/284/559 281/281/559 285/285/559
f 284/284/560 285/285/560 288/288/560
f 285/285/561 286/286/561 290/290/561
f 285/285/562 290/290/562 289/289/562
f 286/286/563 287/287/563 291/291/563
f 286/286/564 291/291/564 290/290/564
f 287/287/565 288/288/565 292/292/565
f 287/287/566 292/292/566 291/291/566
f 288/288/567 285/285/567 289/289/567
f 288/288/568 289/289/568 292/292/568
f 289/289/569 290/290/569 294/294/569
f 289/289/570 294/294/570 293/293/570
f 290/290/571 291/291/571 295/295/571
f 290/290/572 295/295/572 294/294/572
f 291/291/573 292/292/573 296/296/573
f 291/291/574 296/296/574 295/295/574
f 292/292/575 289/289/575 293/293/575
f 292/292/576 293/293/576 296/296/576
f 293/293/577 294/294/577 298/298/577
f 293/293/578 298/298/578 297/297/578
f 294/294/579 295/295/579 299/299/579
f 294/294/580 299/299/580 298/298/580
f 295/295/581 296/296/581 300/300/581
f 295/295/582 300/300/582 299/299/582
f 296/296/583 293/293/583 297/297/583
f 296/296/584 297/297/584 300/300/584
f 297/297/585 298/298/585 302/302/585
f 297/297/586 302/302/586 301/301/586
f 298/298/587 299/299/587 303/303/587
f 298/298/588 303/303/588 302/302/588
f 299/299/589 300/300/589 304/304/589
f 299/299/590 304/304/590 303/303/590
f 300/300/591 297/297/591 301/301/591
f 300/300/592 301/301/592 304/304/592
f 301/301/593 302/302/593 306/306/593
f 301/301/594 306/306/594 305/305/594
f 302/302/595 303/303/595 307/307/595
f 302/302/596 307/307/596 306/306/596
f 303/303/597 304/304/597 308/308/597
f 303/303/598 308/308/598 307/307/598
f 304/304/599 301/301/599 305/305/599
f 304/304/600 305/305/600 308/308/600
f 305/305/601 306/306/601 310/310/601
f 305/305/602 310/310/602 309/309/602
f 306/306/603 307/307/603 311/311/603
f 306/306/604 311/311/604 310/310/604
f 307/307/605 308/308/605 312/312/605
f 307/307/606 312/312/606 311/311/606
f 308/308/607 305/305/607 309/309/607
f 308/308/608 309/309/608 312/312/608
f 309/309/609 310/310/609 314/314/609
f 309/309/610 314/314/610 313/313/610
f 310/310/611 311/311/611 315/315/611
f 310/310/612 315/315/612 314/314/612
f 311/311/613 312/312/613 316/316/613
f 311/311/614 316/316/614 315/315/614
f 312/312/615 309/309/615 313/313/615
f 312/312/616 313/313/616 316/316/616
f 313/313/617 314/314/617 318/318/617
f 313/313/618 318/318/618 317/317/618
f 314/314/619 315/315/619 319/319/619
f 314/314/620 319/319/620 318/318/620
f 315/315/621 316/316/621 320/320/621
f 315/315/622 320/320/622 319/319/622
f 316/316/623 313/313/623 317/317/623
f 316/316/624 317/317/624 320/320/624
f 317/317/625 318/318/625 322/322/625
f 317/317/626 322/322/626 321/321/626
f 318/318/627 319/319/627 323/323/627
f 318/318/628 323/323/628 322/322/628
f 319/319/629 320/320/629 324/324/629
f 319/319/630 324/324/630 323/323/630
f 320/320/631 317/317/631 321/321/631
f 320/320/632 321/321/632 324/324/632
f 321/321/633 322/322/633 326/326/633
f 321/321/634 326/326/634 325/325/634
f 322/322/635 323/323/635 327/327/635
f 322/322/636 327/327/636 326/326/636
f 323/323/637 324/324/637 328/328/637
f 323/323/638 328/328/638 327/327/638
f 324/324/639 321/321/639 325/325/639
f 324/324/640 325/325/640 328/328/640
f 325/325/641 326/326/641 330/330/641
f 325/325/642 330/330/642 329/329/642
f 326/326/643 327/327/643 331/331/643
f 326/326/644 331/331/644 330/330/644
f 327/327/645 328/328/645 332/332/645
f 327/327/646 332/332/646 331/331/646
f 328/328/647 325/325/647 329/329/647
f 328/328/648 329/329/648 332/332/648
f 329/329/649 330/330/649 334/334/649
f 329/329/650 334/334/650 333/333/650
f 330/330/651 331/331/651 335/335/651
f 330/330/652 335/335/652 334/334/652
f 331/331/653 332/332/653 336/336/653
f 331/331/654 336/336/654 335/335/654
f 332/332/655 329/329/655 333/333/655
f 332/332/656 333/333/656 336/336/656
f 333/333/657 334/334/657 338/338/657
f 333/333/658 338/338/658 337/337/658
f 334/334/659 335/335/659 339/339/659
f 334/334/660 339/339/660 338/338/660
f 335/335/661 336/336/661 340/340/661
f 335/335/662 340/340/662 339/339/662
f 336/336/663 333/333/663 337/337/663
f 336/336/664 337/337/664 340/340/664
f 337/337/665 338/338/665 342/342/665
f 337/337/666 342/342/666 341/341/666
f 338/338/667 339/339/667 343/343/667
f 338/338/668 343/343/668 342/342/668
f 339/339/669 340/340/669 344/344/669
f 339/339/670 344/344/670 343/343/670
f 340/340/671 337/337/671 341/341/671
f 340/340/672 341/341/672 344/344/672
f 341/341/673 342/342/673 346/346/673
f 341/341/674 346/346/674 345/345/674
f 342/342/675 343/343/675 347/347/675
f 342/342/676 347/347/676 346/346/676
f 343/343/677 344/344/677 348/348/677
f 343/343/678 348/348/678 347/347/678
f 344/344/679 341/341/679 345/345/679
f 344/344/680 345/345/680 348/348/680
f 345/345/681 346/346/681 350/350/681
f 345/345/682 350/350/682 349/349/682
f 346/346/683 347/347/683 351/351/683
f 346/346/684 351/351/684 350/350/684
f 347/347/685 348/348/685 352/352/685
f 347/347/686 352/352/686 351/351/686
f 348/348/687 345/345/687 349/349/687
f 348/348/688 349/349/688 352/352/688
f 349/349/689 350/350/689 354/354/689
f 349/349/690 354/354/690 353/353/690
f 350/350/691 351/351/691 355/355/691
f 350/350/692 355/355/692 354/354/692
f 351/351/693 352/352/693 356/356/693
f 351/351/694 356/356/694 355/355/694
f 352/352/695 349/349/695 353/353/695
f 352/352/696 353/353/696 356/356/696
f 353/353/697 354/354/697 358/358/697
f 353/353/698 358/358/698 357/357/698
f 354/354/699 355/355/699 359/359/699
f 354/354/700 359/359/700 358/358/700
f 355/355/701 356/356/701 360/360/701
f 355/355/702 360/360/702 359/359/702
f 356/356/703 353/353/703 357/357/703
f 356/356/704 357/357/704 360/360/704
f 357/357/705 358/358/705 362/362/705
f 357/357/706 362/362/706 361/361/706
f 358/358/707 359/359/707 363/363/707
f 358/358/708 363/363/708 362/362/708
f 359/359/709 360/360/709 364/364/709
f 359/359/710 364/364/710 363/363/710
f 360/360/711 357/357/711 361/361/711
f 360/360/712 361/361/712 364/364/712
f 361/361/713 362/362/713 366/366/713
f 361/361/714 366/366/714 365/365/714
f 362/362/715 363/363/715 367/367/715
f 362/362/716 367/367/716 366/366/716
f 363/363/717 364/364/717 368/368/717
f 363/363/718 368/368/718 367/367/718
f 364/364/719 361/361/719 365/365/719
f 364/364/720 365/365/720 368/368/720
f 365/365/721 366/366/721 370/370/721
f 365/365/722 370/370/722 369/369/722
f 366/366/723 367/367/723 371/371/723
f 366/366/724 371/371/724 370/370/724
f 367/367/725 368/368/725 372/372/725
f 367/367/726 372/372/726 371/371/726
f 368/368/727 365/365/727 369/369/727
f 368/368/728 369/369/728 372/372/728
f 369/369/729 370/370/729 374/374/729
f 369/369/730 374/374/730 373/373/730
f 370/370/731 371/371/731 375/375/731
f 370/370/732 375/375/732 374/374/732
f 371/371/733 372/372/733 376/376/733
f 371/371/734 376/376/734 375/375/734
f 372/372/735 369/369/735 373/373/735
f 372/372/736 373/373/736 376/376/736
f 373/373/737 374/374/737 378/378/737
f 373/373/738 378/378/738 377/377/738
f 374/374/739 375/375/739 379/379/739
f 374/374/740 379/379/740 378/378/740
f 375/375/741 376/376/741 380/380/741
f 375/375/742 380/380/742 379/379/742
f 376/376/743 373/373/743 377/377/743
f 376/376/744 377/377/744 380/380/744
f 377/377/745 378/378/745 382/382/745
f 377/377/746 382/382/746 381/381/746
f 378/378/747 379/379/747 383/383/747
f 378/378/748 383/383/748 382/382/748
f 379/379/749 380/380/749 384/384/749
f 379/379/750 384/384/750 383/383/750
f 380/380/751 377/377/751 381/381/751
f 380/380/752 381/381/752 384/384/752
f 381/381/753 382/382/753 386/386/753
f 381/381/754 386/386/754 385/385/754
f 382/382/755 383/383/755 387/387/755
f 382/382/756 387/387/756 386/386/756
f 383/383/757 384/384/757 388/388/757
f 383/383/758 388/388/758 387/387/758
f 384/384/759 381/381/759 385/385/759
f 384/384/760 385/385/760 388/388/760
f 385/385/761 386/386/761 390/390/761
f 385/385/762 390/390/762 389/389/762
f 386/386/763 387/387/763 391/391/763
f 386/386/764 391/391/764 390/390/764
f 387/387/765 388/388/765 392/392/765
f 387/387/766 392/392/766 391/391/766
f 388/388/767 385/385/767 389/389/767
f 388/388/768 389/389/768 392/392/768
f 389/389/769 390/390/769 394/394/769
f 389/389/770 394/394/770 393/393/770
f 390/390/771 391/391/771 395/395/771
f 390/390/772 395/395/772 394/394/772
f 391/391/773 392/392/773 396/396/773
f 391/391/774 396/396/774 395/395/774
f 392/392/775 389/389/775 393/393/775
f 392/392/776 393/393/776 396/396/776
f 393/393/777 394/394/777 398/398/777
f 393/393/778 398/398/778 397/397/778
f 394/394/779 395/395/779 399/399/779
f 394/394/780 399/399/780 398/398/780
f 395/395/781 396/396/781 400/400/781
f 395/395/782 400/400/782 399/399/782
f 396/396/783 393/393/783 397/397/783
f 396/396/784 397/397/784 400/400/784
f 397/397/785 398/398/785 402/402/785
f 397/397/786 402/402/786 401/401/786
f 398/398/787 399/399/787 403/403/787
f 398/398/788 403/403/788 402/402/788
f 399/399/789 400/400/789 404/404/789
f 399/399/790 404/404/790 403/403/790
f 400/400/791 397/397/791 401/401/791
f 400/400/792 401/401/792 404/404/792
f 401/401/793 402/402/793 406/406/793
f 401/401/794 406/406/794 405/405/794
f 402/402/795 403/403/795 407/407/795
f 402/402/796 407/407/796 406/406/796
f 403/403/797 404/404/797 408/408/797
f 403/403/798 408/408/798 407/407/798
f 404/404/799 401/401/799 405/405/799
f 404/404/800 405/405/800 408/408/800
f 405/405/801 406/406/801 410/410/801
f 405/405/802 410/410/802 409/409/802
f 406/406/803 407/407/803 411/411/803
f 406/406/804 411/411/804 410/410/804
f 407/407/805 408/408/805 412/412/805
f 407/407/806 412/412/806 411/411/806
f 408/408/807 405/405/807 409/409/807
f 408/408/808 409/409/808 412/412/808
f 409/409/809 410/410/809 414/414/809
f 409/409/810 414/414/810 413/413/810
f 410/410/811 411/411/811 415/415/811
f 410/410/812 415/415/812 414/414/812
f 411/411/813 412/412/813 416/416/813
f 411/411/814 416/416/814 415/415/814
f 412/412/815 409/409/815 413/413/815
f 412/412/816 413/413/816 416/416/816
f 413/413/817 414/414/817 418/418/817
f 413/413/818 418/418/818 417/417/818
f 414/414/819 415/415/819 419/419/819
f 414/414/820 419/419/820 418/418/820
f 415/415/821 416/416/821 420/420/821
f 415/415/822 420/420/822 419/419/822
f 416/416/823 413/413/823 417/417/823
f 416/416/824 417/417/824 420/420/824
f 417/417/825 418/418/825 422/422/825
f 417/417/826 422/422/826 421/421/826
f 418/418/827 419/419/827 423/423/827
f 418/418/828 423/423/828 422/422/828
f 419/419/829 420/420/829 424/424/829
f 419/419/830 424/424/830 423/423/830
f 420/420/831 417/417/831 421/421/831
f 420/420/832 421/421/832 424/424/832
f 421/421/833 422/422/833 426/426/833
f 421/421/834 426/426/834 425/425/834
f 422/422/835 423/423/835 427/427/835
f 422/422/836 427/427/836 426/426/836
f 423/423/837 424/424/837 428/428/837
f 423/423/838 428/428/838 427/427/838
f 424/424/839 421/421/839 425/425/839
f 424/424/840 425/425/840 428/428/840
f 425/425/841 426/426/841 430/430/841
f 425/425/842 430/430/842 429/429/842
f 426/426/843 427/427/843 431/431/843
f 426/426/844 431/431/844 430/430/844
f 427/427/845 428/428/845 432/432/845
f 427/427/846 432/432/846 431/431/846
f 428/428/847 425/425/847 429/429/847
f 428/428/848 429/429/848 432/432/848
f 429/429/849 430/430/849 434/434/849
f 429/429/850 434/434/850 433/433/850
f 430/430/851 431/431/851 435/435/851
f 430/430/852 435/435/852 434/434/852
f 431/431/853 432/432/853 436/436/853
f 431/431/854 436/436/854 435/435/854
f 432/432/855 429/429/855 433/433/855
f 432/432/856 433/433/856 436/436/856
f 433/433/857 434/434/857 438/438/857
f 433/433/858 438/438/858 437/437/858
f 434/434/859 435/435/859 439/439/859
f 434/434/860 439/439/860 438/438/860
f 435/435/861 436/436/861 440/440/861
f 435/435/862 440/440/862 439/439/862
f 436/436/863 433/433/863 437/437/863
f 436/436/864 437/437/864 440/440/864
f 437/437/865 438/438/865 442/442/865
f 437/437/866 442/442/866 441/441/866
f 438/438/867 439/439/867 443/443/867
f 438/438/868 443/443/868 442/442/868
f 439/439/869 440/440/869 444/444/869
f 439/439/870 444/444/870 443/443/870
f 440/440/871 437/437/871 441/441/871
f 440/440/872 441/441/872 444/444/872
f 441/441/873 442/442/873 446/446/873
f 441/441/874 446/446/874 445/445/874
f 442/442/875 443/443/875 447/447/875
f 442/442/876 447/447/876 446/446/876
f 443/443/877 444/444/877 448/448/877
f 443/443/878 448/448/878 447/447/878
f 444/444/879 441/441/879 445/445/879
f 444/444/880 445/445/880 448/448/880
f 445/445/881 446/446/881 450/450/881
f 445/445/882 450/450/882 449/449/882
f 446/446/883 447/447/883 451/451/883
f 446/446/884 451/451/884 450/450/884
f 447/447/885 448/448/885 452/452/885
f 447/447/886 452/452/886 451/451/886
f 448/448/887 445/445/887 449/449/887
f 448/448/888 449/449/888 452/452/888
f 449/449/889 450/450/889 454/454/889
f 449/449/890 454/454/890 453/453/890
f 450/450/891 451/451/891 455/455/891
f 450/450/892 455/455/892 454/454/892
f 451/451/893 452/452/893 456/456/893
f 451/451/894 456/456/894 455/455/894
f 452/452/895 449/449/895 453/453/895
f 452/452/896 453/453/896 456/456/896
f 453/453/897 454/454/897 458/458/897
f 453/453/898 458/458/898 457/457/898
f 454/454/899 455/455/899 459/459/899
f 454/454/900 459/459/900 458/458/900
f 455/455/901 456/456/901 460/460/901
f 455/455/902 460/460/902 459/459/902
f 456/456/903 453/453/903 457/457/903
f 456/456/904 457/457/904 460/460/904
f 457/457/905 458/458/905 462/462/905
f 457/457/906 462/462/906 461/461/906
f 458/458/907 459/459/907 463/463/907
f 458/458/908 463/463/908 462/462/908
f 459/459/909 460/460/909 464/464/909
f 459/459/910 464/464/910 463/463/910
f 460/460/911 457/457/911 461/461/911
f 460/460/912 461/461/912 464/464/912
f 461/461/913 462/462/913 466/466/913
f 461/461/914 466/466/914 465/465/914
f 462/462/915 463/463/915 467/467/915
f 462/462/916 467/467/916 466/466/916
f 463/463/917 464/464/917 468/468/917
f 463/463/918 468/468/918 467/467/918
f 464/464/919 461/461/919 465/465/919
f 464/464/920 465/465/920 468/468/920
f 465/465/921 466/466/921 470/470/921
f 465/465/922 470/470/922 469/469/922
f 466/466/923 467/467/923 471/471/923
f 466/466/924 471/471/924 470/470/924
f 467/467/925 468/468/925 472/472/925
f 467/467/926 472/472/926 471/471/926
f 468/468/927 465/465/927 469/469/927
f 468/468/928 469/469/928 472/472/928
f 469/469/929 470/470/929 474/474/929
f 469/469/930 474/474/930 473/473/930
f 470/470/931 471/471/931 475/475/931
f 470/470/932 475/475/932 474/474/932
f 471/471/933 472/472/933 476/476/933
f 471/471/934 476/476/934 475/475/934
f 472/472/935 469/469/935 473/473/935
f 472/472/936 473/473/936 476/476/936
f 473/473/937 474/474/937 478/478/937
f 473/473/938 478/478/938 477/477/938
f 474/474/939 475/475/939 479/479/939
f 474/474/940 479/479/940 478/478/940
f 475/475/941 476/476/941 480/480/941
f 475/475/942 480/480/942 479/479/942
f 476/476/943 473/473/943 477/477/943
f 476/476/944 477/477/944 480/480/944
f 477/477/945 478/478/945 482/482/945
f 477/477/946 482/482/946 481/481/946
f 478/478/947 479/479/947 483/483/947
f 478/478/948 483/483/948 482/482/948
f 479/479/949 480/480/949 484/484/949
f 479/479/950 484/484/950 483/483/950
f 480/480/951 477/477/951 481/481/951
f 480/480/952 481/481/952 484/484/952
f 481/481/953 482/482/953 486/486/953
f 481/481/954 486/486/954 485/485/954
f 482/482/955 483/483/955 487/487/955
f 482/482/956 487/487/956 486/486/956
f 483/483/957 484/484/957 488/488/957
f 483/483/958 488/488/958 487/487/958
f 484/484/959 481/481/959 485/485/959
f 484/484/960 485/485/960 488/488/960
f 485/485/961 486/486/961 490/490/961
f 485/485/962 490/490/962 489/489/962
f 486/486/963 487/487/963 491/491/963
f 486/486/964 491/491/964 490/490/964
f 487/487/965 488/488/965 492/492/965
f 487/487/966 492/492/966 491/491/966
f 488/488/967 485/485/967 489/489/967
f 488/488/968 489/489/968 492/492/968
f 489/489/969 490/490/969 494/494/969
f 489/489/970 494/494/970 493/493/970
f 490/490/971 491/491/971 495/495/971
f 490/490/972 495/495/972 494/494/972
f 491/491/973 492/492/973 496/496/973
f 491/491/974 496/496/974 495/495/974
f 492/492/975 489/489/975 493/493/975
f 492/492/976 493/493/976 496/496/976
f 493/493/977 494/494/977 498/498/977
f 493/493/978 498/498/978 497/497/978
f 494/494/979 495/495/979 499/499/979
f 494/494/980 499/499/980 498/498/980
f 495/495/981 496/496/981 500/500/981
f 495/495/982 500/500/982 499/499/982
f 496/496/983 493/493/983 497/497/983
f 496/496/984 497/497/984 500/500/984
f 497/497/985 498/498/985 502/502/985
f 497/497/986 502/502/986 501/501/986
f 498/498/987 499/499/987 503/503/987
f 498/498/988 503/503/988 502/502/988
f 499/499/989 500/500/989 504/504/989
f 499/499/990 504/504/990 503/503/990
f 500/500/991 497/497/991 501/501/991
f 500/500/992 501/501/992 504/504/992
f 501/501/993 502/502/993 506/506/993
f 501/501/994 506/506/994 505/505/994
f 502/502/995 503/503/995 507/507/995
f 502/502/996 507/507/996 506/506/996
f 503/503/997 504/504/997 508/508/997
f 503/503/998 508/508/998 507/507/998
f 504/504/999 501/501/999 505/505/999
f 504/504/1000 505/505/1000 508/508/1000
f 505/505/1001 506/506/1001 510/510/1001
f 505/505/1002 510/510/1002 509/509/1002
f 506/506/1003 507/507/1003 511/511/1003
f 506/506/1004 511/511/1004 510/510/1004
f 507/507/1005 508/508/1005 512/512/1005
f 507/507/1006 512/512/1006 511/511/1006
f 508/508/1007 505/505/1007 509/509/1007
f 508/508/1008 509/509/1008 512/512/1008
f 509/509/1009 510/510/1009 514/514/1009
f 509/509/1010 514/514/1010 513/513/1010
f 510/510/1011 511/511/1011 515/515/1011
f 510/510/1012 515/515/1012 514/514/1012
f 511/511/1013 512/512/1013 516/516/1013
f 511/511/1014 516/516/1014 515/515/1014
f 512/512/1015 509/509/1015 513/513/1015
f 512/512/1016 513/513/1016 516/516/1016
f 513/513/1017 514/514/1017 518/518/1017
f 513/513/1018 518/518/1018 517/517/1018
f 514/514/1019 515/515/1019 519/519/1019
f 514/514/1020 519/519/1020 518/518/1020
f 515/515/1021 516/516/1021 520/520/1021
f 515/515/1022 520/520/1022 519/519/1022
f 516/516/1023 513/513/1023 517/517/1023
f 516/516/1024 517/517/1024 520/520/1024
f 521/521/1025 522/522/1025 526/526/1025
f 521/521/1026 526/526/1026 525/525/1026
f 522/522/1027 523/523/1027 527/527/1027
f 522/522/1028 527/527/1028 526/526/1028
f 523/523/1029 524/524/1029 528/528/1029
f 523/523/1030 528/528/1030 527/527/1030
f 524/524/1031 521/521/1031 525/525/1031
f 524/524/1032 525/525/1032 528/528/1032
f 525/525/1033 526/526/1033 530/530/1033
f 525/525/1034 530/530/1034 529/529/1034
f 526/526/1035 527/527/1035 531/531/1035
f 526/526/1036 531/531/1036 530/530/1036
f 527/527/1037 528/528/1037 532/532/1037
f 527/527/1038 532/532/1038 531/531/1038
f 528/528/1039 525/525/1039 529/529/1039
f 528/528/1040 529/529/1040 532/532/1040
f 529/529/1041 530/530/1041 534/534/1041
f 529/529/1042 534/534/1042 533/533/1042
f 530/530/1043 531/531/1043 535/535/1043
f 530/530/1044 535/535/1044 534/534/1044
f 531/531/1045 532/532/1045 536/536/1045
f 531/531/1046 536/536/1046 535/535/1046
f 532/532/1047 529/529/1047 533/533/1047
f 532/532/1048 533/533/1048 536/536/1048
f 533/533/1049 534/534/1049 538/538/1049
f 533/533/1050 538/538/1050 537/537/1050
f 534/534/1051 535/535/1051 539/539/1051
f 534/534/1052 539/539/1052 538/538/1052
f 535/535/1053 536/536/1053 540/540/1053
f 535/535/1054 540/540/1054 539/539/1054
f 536/536/1055 533/533/1055 537/537/1055
f 536/536/1056 537/537/1056 540/540/1056
f 537/537/1057 538/538/1057 542/542/1057
f 537/537/1058 542/542/1058 541/541/1058
f 538/538/1059 539/539/1059 543/543/1059
f 538/538/1060 543/543/1060 542/542/1060
f 539/539/1061 540/540/1061 544/544/1061
f 539/539/1062 544/544/1062 543/543/1062
f 540/540/1063 537/537/1063 541/541/1063
f 540/540/1064 541/541/1064 544/544/1064
f 541/541/1065 542/542/1065 546/546/1065
f 541/541/1066 546/546/1066 545/545/1066
f 542/542/1067 543/543/1067 547/547/1067
f 542/542/1068 547/547/1068 546/546/1068
f 543/543/1069 544/544/1069 548/548/1069
f 543/543/1070 548/548/1070 547/547/1070
f 544/544/1071 541/541/1071 545/545/1071
f 544/544/1072 545/545/1072 548/548/1072
f 545/545/1073 546/546/1073 550/550/1073
f 545/545/1074 550/550/1074 549/549/1074
f 546/546/1075 547/547/1075 551/551/1075
f 546/546/1076 551/551/1076 550/550/1076
f 547/547/1077 548/548/1077 552/552/1077
f 547/547/1078 552/552/1078 551/551/1078
f 548/548/1079 545/545/1079 549/549/1079
f 548/548/1080 549/549/1080 552/552/1080
f 549/549/1081 550/550/1081 554/554/1081
f 549/549/1082 554/554/1082 553/553/1082
f 550/550/1083 551/551/1083 555/555/1083
f 550/550/1084 555/555/1084 554/554/1084
f 551/551/1085 552/552/1085 556/556/1085
f 551/551/1086 556/556/1086 555/555/1086
f 552/552/1087 549/549/1087 553/553/1087
f 552/552/1088 553/553/1088 556/556/1088
f 553/553/1089 554/554/1089 558/558/1089
f 553/553/1090 558/558/1090 557/557/1090
f 554/554/1091 555/555/1091 559/559/1091
f 554/554/1092 559/559/1092 558/558/1092
f 555/555/1093 556/556/1093 560/560/1093
f 555/555/1094 560/560/1094 559/559/1094
f 556/556/1095 553/553/1095 557/557/1095
f 556/556/1096 557/557/1096 560/560/1096
f 557/557/1097 558/558/1097 562/562/1097
f 557/557/1098 562/562/1098 561/561/1098
f 558/558/1099 559/559/1099 563/563/1099
f 558/558/1100 563/563/1100 562/562/1100
f 559/559/1101 560/560/1101 564/564/1101
f 559/559/1102 564/564/1102 563/563/1102
f 560/560/1103 557/557/1103 561/561/1103
f 560/560/1104 561/561/1104 564/564/1104
f 561/561/1105 562/562/1105 566/566/1105
f 561/561/1106 566/566/1106 565/565/1106
f 562/562/1107 563/563/1107 567/567/1107
f 562/562/1108 567/567/1108 566/566/1108
f 563/563/1109 564/564/1109 568/568/1109
f 563/563/1110 568/568/1110 567/567/1110
f 564/564/1111 561/561/1111 565/565/1111
f 564/564/1112 565/565/1112 568/568/1112
f 565/565/1113 566/566/1113 570/570/1113
f 565/565/1114 570/570/1114 569/569/1114
f 566/566/1115 567/567/1115 571/571/1115
f 566/566/1116 571/571/1116 570/570/1116
f 567/567/1117 568/568/1117 572/572/1117
f 567/567/1118 572/572/1118 571/571/1118
f 568/568/1119 565/565/1119 569/569/1119
f 568/568/1120 569/569/1120 572/572/1120
f 569/569/1121 570/570/1121 574/574/1121
f 569/569/1122 574/574/1122 573/573/1122
f 570/570/1123 571/571/1123 575/575/1123
f 570/570/1124 575/575/1124 574/574/1124
f 571/571/1125 572/572/1125 576/576/1125
f 571/571/1126 576/576/1126 575/575/1126
f 572/572/1127 569/569/1127 573/573/1127
f 572/572/1128 573/573/1128 576/576/1128
f 573/573/1129 574/574/1129 578/578/1129
f 573/573/1130 578/578/1130 577/577/1130
f 574/574/1131 575/575/1131 579/579/1131
f 574/574/1132 579/579/1132 578/578/1132
f 575/575/1133 576/576/1133 580/580/1133
f 575/575/1134 580/580/1134 579/579/1134
f 576/576/1135 573/573/1135 577/577/1135
f 576/576/1136 577/577/1136 580/580/1136
f 577/577/1137 578/578/1137 582/582/1137
f 577/577/1138 582/582/1138 581/581/1138
f 578/578/1139 579/579/1139 583/583/1139
f 578/578/1140 583/583/1140 582/582/1140
f 579/579/1141 580/580/1141 584/584/1141
f 579/579/1142 584/584/1142 583/583/1142
f 580/580/1143 577/577/1143 581/581/1143
f 580/580/1144 581/581/1144 584/584/1144
f 581/581/1145 582/582/1145 586/586/1145
f 581/581/1146 586/586/1146 585/585/1146
f 582/582/1147 583/583/1147 587/587/1147
f 582/582/1148 587/587/1148 586/586/1148
f 583/583/1149 584/584/1149 588/588/1149
f 583/583/1150 588/588/1150 587/587/1150
f 584/584/1151 581/581/1151 585/585/1151
f 584/584/1152 585/585/1152 588/588/1152
f 585/585/1153 586/586/1153 590/590/1153
f 585/585/1154 590/590/1154 589/589/1154
f 586/586/1155 587/587/1155 591/591/1155
f 586/586/1156 591/591/1156 590/590/1156
f 587/587/1157 588/588/1157 592/592/1157
f 587/587/1158 592/592/1158 591/591/1158
f 588/588/1159 585/585/1159 589/589/1159
f 588/588/1160 589/589/1160 592/592/1160
f 589/589/1161 590/590/1161 594/594/1161
f 589/589/1162 594/594/1162 593/593/1162
f 590/590/1163 591/591/1163 595/595/1163
f 590/590/1164 595/595/1164 594/594/1164
f 591/591/1165 592/592/1165 596/596/1165
f 591/591/1166 596/596/1166 595/595/1166
f 592/592/1167 589/589/1167 593/593/1167
f 592/592/1168 593/593/1168 596/596/1168
f 593/593/1169 594/594/1169 598/598/1169
f 593/593/1170 598/598/1170 597/597/1170
f 594/594/1171 595/595/1171 599/599/1171
f 594/594/1172 599/599/1172 598/598/1172
f 595/595/1173 596/596/1173 600/600/1173
f 595/595/1174 600/600/1174 599/599/1174
f 596/596/1175 593/593/1175 597/597/1175
f 596/596/1176 597/597/1176 600/600/1176
f 597/597/1177 598/598/1177 602/602/1177
f 597/597/1178 602/602/1178 601/601/1178
f 598/598/1179 599/599/1179 603/603/1179
f 598/598/1180 603/603/1180 602/602/1180
f 599/599/1181 600/600/1181 604/604/1181
f 599/599/1182 604/604/1182 603/603/1182
f 600/600/1183 597/597/1183 601/601/1183
f 600/600/1184 601/601/1184 604/604/1184
f 601/601/1185 602/602/1185 606/606/1185
f 601/601/1186 606/606/1186 605/605/1186
f 602/602/1187 603/603/1187 607/607/1187
f 602/602/1188 607/607/1188 606/606/1188
f 603/603/1189 604/604/1189 608/608/1189
f 603/603/1190 608/608/1190 607/607/1190
f 604/604/1191 601/601/1191 605/605/1191
f 604/604/1192 605/605/1192 608/608/1192
f 605/605/1193 606/606/1193 610/610/1193
f 605/605/1194 610/610/1194 609/609/1194
f 606/606/1195 607/607/1195 611/611/1195
f 606/606/1196 611/611/1196 610/610/1196
f 607/607/1197 608/608/1197 612/612/1197
f 607/607/1198 612/612/1198 611/611/1198
f 608/608/1199 605/605/1199 609/609/1199
f 608/608/1200 609/609/1200 612/612/1200
f 609/609/1201 610/610/1201 614/614/1201
f 609/609/1202 614/614/1202 613/613/1202
f 610/610/1203 611/611/1203 615/615/1203
f 610/610/1204 615/615/1204 614/614/1204
f 611/611/1205 612/612/1205 616/616/1205
f 611/611/1206 616/616/1206 615/615/1206
f 612/612/1207 609/609/1207 613/613/1207
f 612/612/1208 613/613/1208 616/616/1208
f 613/613/1209 614/614/1209 618/618/1209
f 613/613/1210 618/618/1210 617/617/1210
f 614/614/1211 615/615/1211 619/619/1211
f 614/614/1212 619/619/1212 618/618/1212
f 615/615/1213 616/616/1213 620/620/1213
f 615/615/1214 620/620/1214 619/619/1214
f 616/616/1215 613/613/1215 617/617/1215
f 616/616/1216 617/617/1216 620/620/1216
f 617/617/1217 618/618/1217 622/622/1217
f 617/617/1218 622/622/1218 621/621/1218
f 618/618/1219 619/619/1219 623/623/1219
f 618/618/1220 623/623/1220 622/622/1220
f 619/619/1221 620/620/1221 624/624/1221
f 619/619/1222 624/624/1222 623/623/1222
f 620/620/1223 617/617/1223 621/621/1223
f 620/620/1224 621/621/1224 624/624/1224
f 621/621/1225 622/622/1225 626/626/1225
f 621/621/1226 626/626/1226 625/625/1226
f 622/622/1227 623/623/1227 627/627/1227
f 622/622/1228 627/627/1228 626/626/1228
f 623/623/1229 624/624/1229 628/628/1229
f 623/623/1230 628/628/1230 627/627/1230
f 624/624/1231 621/621/1231 625/625/1231
f 624/624/1232 625/625/1232 628/628/1232
f 625/625/1233 626/626/1233 630/630/1233
f 625/625/1234 630/630/1234 629/629/1234
f 626/626/1235 627/627/1235 631/631/1235
f 626/626/1236 631/631/1236 630/630/1236
f 627/627/1237 628/628/1237 632/632/1237
f 627/627/1238 632/632/1238 631/631/1238
f 628/628/1239 625/625/1239 629/629/1239
f 628/628/1240 629/629/1240 632/632/1240
f 629/629/1241 630/630/1241 634/634/1241
f 629/629/1242 634/634/1242 633/633/1242
f 630/630/1243 631/631/1243 635/635/1243
f 630/630/1244 635/635/1244 634/634/1244
f 631/631/1245 632/632/1245 636/636/1245
f 631/631/1246 636/636/1246 635/635/1246
f 632/632/1247 629/629/1247 633/633/1247
f 632/632/1248 633/633/1248 636/636/1248
f 633/633/1249 634/634/1249 638/638/1249
f 633/633/1250 638/638/1250 637/637/1250
f 634/634/1251 635/635/1251 639/639/1251
f 634/634/1252 639/639/1252 638/638/1252
f 635/635/1253 636/636/1253 640/640/1253
f 635/635/1254 640/640/1254 639/639/1254
f 636/636/1255 633/633/1255 637/637/1255
f 636/636/1256 637/637/1256 640/640/1256
f 637/637/1257 638/638/1257 642/642/1257
f 637/637/1258 642/642/1258 641/641/1258
f 638/638/1259 639/639/1259 643/643/1259
f 638/638/1260 643/643/1260 642/642/1260
f 639/639/1261 640/640/1261 644/644/1261
f 639/639/1262 644/644/1262 643/643/1262
f 640/640/1263 637/637/1263 641/641/1263
f 640/640/1264 641/641/1264 644/644/1264
f 641/641/1265 642/642/1265 646/646/1265
f 641/641/1266 646/646/1266 645/645/1266
f 642/642/1267 643/643/1267 647/647/1267
f 642/642/1268 647/647/1268 646/646/1268
f 643/643/1269 644/644/1269 648/648/1269
f 643/643/1270 648/648/1270 647/647/1270
f 644/644/1271 641/641/1271 645/645/1271
f 644/644/1272 645/645/1272 648/648/1272
f 645/645/1273 646/646/1273 650/650/1273
f 645/645/1274 650/650/1274 649/649/1274
f 646/646/1275 647/647/1275 651/651/1275
f 646/646/1276 651/651/1276 650/650/1276
f 647/647/1277 648/648/1277 652/652/1277
f 647/647/1278 652/652/1278 651/651/1278
f 648/648/1279 645/645/1279 649/649/1279
f 648/648/1280 649/649/1280 652/652/1280
f 649/649/1281 650/650/1281 654/654/1281
f 649/649/1282 654/654/1282 653/653/1282
f 650/650/1283 651/651/1283 655/655/1283
f 650/650/1284 655/655/1284 654/654/1284
f 651/651/1285 652/652/1285 656/656/1285
f 651/651/1286 656/656/1286 655/655/1286
f 652/652/1287 649/649/1287 653/653/1287
f 652/652/1288 653/653/1288 656/656/1288
f 653/653/1289 654/654/1289 658/658/1289
f 653/653/1290 658/658/1290 657/657/1290
f 654/654/1291 655/655/1291 659/659/1291
f 654/654/1292 659/659/1292 658/658/1292
f 655/655/1293 656/656/1293 660/660/1293
f 655/655/1294 660/660/1294 659/659/1294
f 656/656/1295 653/653/1295 657/657/1295
f 656/656/1296 657/657/1296 660/660/1296
f 657/657/1297 658/658/1297 662/662/1297
f 657/657/1298 662/662/1298 661/661/1298
f 658/658/1299 659/659/1299 663/663/1299
f 658/658/1300 663/663/1300 662/662/1300
f 659/659/1301 660/660/1301 664/664/1301
f 659/659/1302 664/664/1302 663/663/1302
f 660/660/1303 657/657/1303 661/661/1303
f 660/660/1304 661/661/1304 664/664/1304
f 661/661/1305 662/662/1305 666/666/1305
f 661/661/1306 666/666/1306 665/665/1306
f 662/662/1307 663/663/1307 667/667/1307
f 662/662/1308 667/667/1308 666/666/1308
f 663/663/1309 664/664/1309 668/668/1309
f 663/663/1310 668/668/1310 667/667/1310
f 664/664/1311 661/661/1311 665/665/1311
f 664/664/1312 665/665/1312 668/668/1312
f 665/665/1313 666/666/1313 670/670/1313
f 665/665/1314 670/670/1314 669/669/1314
f 666/666/1315 667/667/1315 671/671/1315
f 666/666/1316 671/671/1316 670/670/1316
f 667/667/1317 668/668/1317 672/672/1317
f 667/667/1318 672/672/1318 671/671/1318
f 668/668/1319 665/665/1319 669/669/1319
f 668/668/1320 669/669/1320 672/672/1320
f 669/669/1321 670/670/1321 674/674/1321
f 669/669/1322 674/674/1322 673/673/1322
f 670/670/1323 671/671/1323 675/675/1323
f 670/670/1324 675/675/1324 674/674/1324
f 671/671/1325 672/672/1325 676/676/1325
f 671/671/1326 676/676/1326 675/675/1326
f 672/672/1327 669/669/1327 673/673/1327
f 672/672/1328 673/673/1328 676/676/1328
f 673/673/1329 674/674/1329 678/678/1329
f 673/673/1330 678/678/1330 677/677/1330
f 674/674/1331 675/675/1331 679/679/1331
f 674/674/1332 679/679/1332 678/678/1332
f 675/675/1333 676/676/1333 680/680/1333
f 675/675/1334 680/680/1334 679/679/1334
f 676/676/1335 673/673/1335 677/677/1335
f 676/676/1336 677/677/1336 680/680/1336
f 677/677/1337 678/678/1337 682/682/1337
f 677/677/1338 682/682/1338 681/681/1338
f 678/678/1339 679/679/1339 683/683/1339
f 678/678/1340 683/683/1340 682/682/1340
f 679/679/1341 680/680/1341 684/684/1341
f 679/679/1342 684/684/1342 683/683/1342
f 680/680/1343 677/677/1343 681/681/1343
f 680/680/1344 681/681/1344 684/684/1344
f 681/681/1345 682/682/1345 686/686/1345
f 681/681/1346 686/686/1346 685/685/1346
f 682/682/1347 683/683/1347 687/687/1347
f 682/682/1348 687/687/1348 686/686/1348
f 683/683/1349 684/684/1349 688/688/1349
f 683/683/1350 688/688/1350 687/687/1350
f 684/684/1351 681/681/1351 685/685/1351
f 684/684/1352 685/685/1352 688/688/1352
f 685/685/1353 686/686/1353 690/690/1353
f 685/685/1354 690/690/1354 689/689/1354
f 686/686/1355 687/687/1355 691/691/1355
f 686/686/1356 691/691/1356 690/690/1356
f 687/687/1357 688/688/1357 692/692/1357
f 687/687/1358 692/692/1358 691/691/1358
f 688/688/1359 685/685/1359 689/689/1359
f 688/688/1360 689/689/1360 692/692/1360
f 689/689/1361 690/690/1361 694/694/1361
f 689/689/1362 694/694/1362 693/693/1362
f 690/690/1363 691/691/1363 695/695/1363
f 690/690/1364 695/695/1364 694/694/1364
f 691/691/1365 692/692/1365 696/696/1365
f 691/691/1366 696/696/1366 695/695/1366
f 692/692/1367 689/689/1367 693/693/1367
f 692/692/1368 693/693/1368 696/696/1368
f 693/693/1369 694/694/1369 698/698/1369
f 693/693/1370 698/698/1370 697/697/1370
f 694/694/1371 695/695/1371 699/699/1371
f 694/694/1372 699/699/1372 698/698/1372
f 695/695/1373 696/696/1373 700/700/1373
f 695/695/1374 700/700/1374 699/699/1374
f 696/696/1375 693/693/1375 697/697/1375
f 696/696/1376 697/697/1376 700/700/1376
f 697/697/1377 698/698/1377 702/702/1377
f 697/697/1378 702/702/1378 701/701/1378
f 698/698/1379 699/699/1379 703/703/1379
f 698/698/1380 703/703/1380 702/702/1380
f 699/699/1381 700/700/1381 704/704/1381
f 699/699/1382 704/704/1382 703/703/1382
f 700/700/1383 697/697/1383 701/701/1383
f 700/700/1384 701/701/1384 704/704/1384
f 701/701/1385 702/702/1385 706/706/1385
f 701/701/1386 706/706/1386 705/705/1386
f 702/702/1387 703/703/1387 707/707/1387
f 702/702/1388 707/707/1388 706/706/1388
f 703/703/1389 704/704/1389 708/708/1389
f 703/703/1390 708/708/1390 707/707/1390
f 704/704/1391 701/701/1391 705/705/1391
f 704/704/1392 705/705/1392 708/708/1392
f 705/705/1393 706/706/1393 710/710/1393
f 705/705/1394 710/710/1394 709/709/1394
f 706/706/1395 707/707/1395 711/711/1395
f 706/706/1396 711/711/1396 710/710/1396
f 707/707/1397 708/708/1397 712/712/1397
f 707/707/1398 712/712/1398 711/711/1398
f 708/708/1399 705/705/1399 709/709/1399
f 708/708/1400 709/709/1400 712/712/1400
f 709/709/1401 710/710/1401 714/714/1401
f 709/709/1402 714/714/1402 713/713/1402
f 710/710/1403 711/711/1403 715/715/1403
f 710/710/1404 715/715/1404 714/714/1404
f 711/711/1405 712/712/1405 716/716/1405
f 711/711/1406 716/716/1406 715/715/1406
f 712/712/1407 709/709/1407 713/713/1407
f 712/712/1408 713/713/1408 716/716/1408
f 713/713/1409 714/714/1409 718/718/1409
f 713/713/1410 718/718/1410 717/717/1410
f 714/714/1411 715/715/1411 719/719/1411
f 714/714/1412 719/719/1412 718/718/1412
f 715/715/1413 716/716/1413 720/720/1413
f 715/715/1414 720/720/1414 719/719/1414
f 716/716/1415 713/713/1415 717/717/1415
f 716/716/1416 717/717/1416 720/720/1416
f 717/717/1417 718/718/1417 722/722/1417
f 717/717/1418 722/722/1418 721/721/1418
f 718/718/1419 719/719/1419 723/723/1419
f 718/718/1420 723/723/1420 722/722/1420
f 719/719/1421 720/720/1421 724/724/1421
f 719/719/1422 724/724/1422 723/723/1422
f 720/720/1423 717/717/1423 721/721/1423
f 720/720/1424 721/721/1424 724/724/1424
f 721/721/1425 722/722/1425 726/726/1425
f 721/721/1426 726/726/1426 725/725/1426
f 722/722/1427 723/723/1427 727/727/1427
f 722/722/1428 727/727/1428 726/726/1428
f 723/723/1429 724/724/1429 728/728/1429
f 723/723/1430 728/728/1430 727/727/1430
f 724/724/1431 721/721/1431 725/725/1431
f 724/724/1432 725/725/1432 728/728/1432
f 725/725/1433 726/726/1433 730/730/1433
f 725/725/1434 730/730/1434 729/729/1434
f 726/726/1435 727/727/1435 731/731/1435
f 726/726/1436 731/731/1436 730/730/1436
f 727/727/1437 728/728/1437 732/732/1437
f 727/727/1438 732/732/1438 731/731/1438
f 728/728/1439 725/725/1439 729/729/1439
f 728/728/1440 729/729/1440 732/732/1440
f 729/729/1441 730/730/1441 734/734/1441
f 729/729/1442 734/734/1442 733/733/1442
f 730/730/1443 731/731/1443 735/735/1443
f 730/730/1444 735/735/1444 734/734/1444
f 731/731/1445 732/732/1445 736/736/1445
f 731/731/1446 736/736/1446 735/735/1446
f 732/732/1447 729/729/1447 733/733/1447
f 732/732/1448 733/733/1448 736/736/1448
f 733/733/1449 734/734/1449 738/738/1449
f 733/733/1450 738/738/1450 737/737/1450
f 734/734/1451 735/735/1451 739/739/1451
f 734/734/1452 739/739/1452 738/738/1452
f 735/735/1453 736/736/1453 740/740/1453
f 735/735/1454 740/740/1454 739/739/1454
f 736/736/1455 733/733/1455 737/737/1455
f 736/736/1456 737/737/1456 740/740/1456
f 737/737/1457 738/738/1457 742/742/1457
f 737/737/1458 742/742/1458 741/741/1458
f 738/738/1459 739/739/1459 743/743/1459
f 738/738/1460 743/743/1460 742/742/1460
f 739/739/1461 740/740/1461 744/744/1461
f 739/739/1462 744/744/1462 743/743/1462
f 740/740/1463 737/737/1463 741/741/1463
f 740/740/1464 741/741/1464 744/744/1464
f 741/741/1465 742/742/1465 746/746/1465
f 741/741/1466 746/746/1466 745/745/1466
f 742/742/1467 743/743/1467 747/747/1467
f 742/742/1468 747/747/1468 746/746/1468
f 743/743/1469 744/744/1469 748/748/1469
f 743/743/1470 748/748/1470 747/747/1470
f 744/744/1471 741/741/1471 745/745/1471
f 744/744/1472 745/745/1472 748/748/1472
f 745/745/1473 746/746/1473 750/750/1473
f 745/745/1474 750/750/1474 749/749/1474
f 746/746/1475 747/747/1475 751/751/1475
f 746/746/1476 751/751/1476 750/750/1476
f 747/747/1477 748/748/1477 752/752/1477
f 747/747/1478 752/752/1478 751/751/1478
f 748/748/1479 745/745/1479 749/749/1479
f 748/748/1480 749/749/1480 752/752/1480
f 749/749/1481 750/750/1481 754/754/1481
f 749/749/1482 754/754/1482 753/753/1482
f 750/750/1483 751/751/1483 755/755/1483
f 750/750/1484 755/755/1484 754/754/1484
f 751/751/1485 752/752/1485 756/756/1485
f 751/751/1486 756/756/1486 755/755/1486
f 752/752/1487 749/749/1487 753/753/1487
f 752/752/1488 753/753/1488 756/756/1488
f 753/753/1489 754/754/1489 758/758/1489
f 753/753/1490 758/758/1490 757/757/1490
f 754/754/1491 755/755/1491 759/759/1491
f 754/754/1492 759/759/1492 758/758/1492
f 755/755/1493 756/756/1493 760/760/1493
f 755/755/1494 760/760/1494 759/759/1494
f 756/756/1495 753/753/1495 757/757/1495
f 756/756/1496 757/757/1496 760/760/1496
f 757/757/1497 758/758/1497 762/762/1497
f 757/757/1498 762/762/1498 761/761/1498
f 758/758/1499 759/759/1499 763/763/1499
f 758/758/1500 763/763/1500 762/762/1500
f 759/759/1501 760/760/1501 764/764/1501
f 759/759/1502 764/764/1502 763/763/1502
f 760/760/1503 757/757/1503 761/761/1503
f 760/760/1504 761/761/1504 764/764/1504
f 761/761/1505 762/762/1505 766/766/1505
f 761/761/1506 766/766/1506 765/765/1506
f 762/762/1507 763/763/1507 767/767/1507
f 762/762/1508 767/767/1508 766/766/1508
f 763/763/1509 764/764/1509 768/768/1509
f 763/763/1510 768/768/1510 767/767/1510
f 764/764/1511 761/761/1511 765/765/1511
f 764/764/1512 765/765/1512 768/768/1512
f 765/765/1513 766/766/1513 770/770/1513
f 765/765/1514 770/770/1514 769/769/1514
f 766/766/1515 767/767/1515 771/771/1515
f 766/766/1516 771/771/1516 770/770/1516
f 767/767/1517 768/768/1517 772/772/1517
f 767/767/1518 772/772/1518 771/771/1518
f 768/768/1519 765/765/1519 769/769/1519
f 768/768/1520 769/769/1520 772/772/1520
f 769/769/1521 770/770/1521 774/774/1521
f 769/769/1522 774/774/1522 773/773/1522
f 770/770/1523 771/771/1523 775/775/1523
f 770/770/1524 775/775/1524 774/774/1524
f 771/771/1525 772/772/1525 776/776/1525
f 771/771/1526 776/776/1526 775/775/1526
f 772/772/1527 769/769/1527 773/773/1527
f 772/772/1528 773/773/1528 776/776/1528
f 773/773/1529 774/774/1529 778/778/1529
f 773/773/1530 778/778/1530 777/777/1530
f 774/774/1531 775/775/1531 779/779/1531
f 774/774/1532 779/779/1532 778/778/1532
f 775/775/1533 776/776/1533 780/780/1533
f 775/775/1534 780/780/1534 779/779/1534
f 776/776/1535 773/773/1535 777/777/1535
f 776/776/1536 777/777/1536 780/780/1536
f 781/781/1537 782/782/1537 786/786/1537
f 781/781/1538 786/786/1538 785/785/1538
f 782/782/1539 783/783/1539 787/787/1539
f 782/782/1540 787/787/1540 786/786/1540
f 783/783/1541 784/784/1541 788/788/1541
f 783/783/1542 788/788/1542 787/787/1542
f 784/784/1543 781/781/1543 785/785/1543
f 784/784/1544 785/785/1544 788/788/1544
f 785/785/1545 786/786/1545 790/790/1545
f 785/785/1546 790/790/1546 789/789/1546
f 786/786/1547 787/787/1547 791/791/1547
f 786/786/1548 791/791/1548 790/790/1548
f 787/787/1549 788/788/1549 792/792/1549
f 787/787/1550 792/792/1550 791/791/1550
f 788/788/1551 785/785/1551 789/789/1551
f 788/788/1552 789/789/1552 792/792/1552
f 789/789/1553 790/790/1553 794/794/1553
f 789/789/1554 794/794/1554 793/793/1554
f 790/790/1555 791/791/1555 795/795/1555
f 790/790/1556 795/795/1556 794/794/1556
f 791/791/1557 792/792/1557 796/796/1557
f 791/791/1558 796/796/1558 795/795/1558
f 792/792/1559 789/789/1559 793/793/1559
f 792/792/1560 793/793/1560 796/796/1560
f 793/793/1561 794/794/1561 798/798/1561
f 793/793/1562 798/798/1562 797/797/1562
f 794/794/1563 795/795/1563 799/799/1563
f 794/794/1564 799/799/1564 798/798/1564
f 795/795/1565 796/796/1565 800/800/1565
f 795/795/1566 800/800/1566 799/799/1566
f 796/796/1567 793/793/1567 797/797/1567
f 796/796/1568 797/797/1568 800/800/1568
f 797/797/1569 798/798/1569 802/802/1569
f 797/797/1570 802/802/1570 801/801/1570
f 798/798/1571 799/799/1571 803/803/1571
f 798/798/1572 803/803/1572 802/802/1572
f 799/799/1573 800/800/1573 804/804/1573
f 799/799/1574 804/804/1574 803/803/1574
f 800/800/1575 797/797/1575 801/801/1575
f 800/800/1576 801/801/1576 804/804/1576
f 801/801/1577 802/802/1577 806/806/1577
f 801/801/1578 806/806/1578 805/805/1578
f 802/802/1579 803/803/1579 807/807/1579
f 802/802/1580 807/807/1580 806/806/1580
f 803/803/1581 804/804/1581 808/808/1581
f 803/803/1582 808/808/1582 807/807/1582
f 804/804/1583 801/801/1583 805/805/1583
f 804/804/1584 805/805/1584 808/808/1584
f 805/805/1585 806/806/1585 810/810/1585
f 805/805/1586 810/810/1586 809/809/1586
f 806/806/1587 807/807/1587 811/811/1587
f 806/806/1588 811/811/1588 810/810/1588
f 807/807/1589 808/808/1589 812/812/1589
f 807/807/1590 812/812/1590 811/811/1590
f 808/808/1591 805/805/1591 809/809/1591
f 808/808/1592 809/809/1592 812/812/1592
f 809/809/1593 810/810/1593 814/814/1593
f 809/809/1594 814/814/1594 813/813/1594
f 810/810/1595 811/811/1595 815/815/1595
f 810/810/1596 815/815/1596 814/814/1596
f 811/811/1597 812/812/1597 816/816/1597
f 811/811/1598 816/816/1598 815/815/1598
f 812/812/1599 809/809/1599 813/813/1599
f 812/812/1600 813/813/1600 816/816/1600
f 813/813/1601 814/814/1601 818/818/1601
f 813/813/1602 818/818/1602 817/817/1602
f 814/814/1603 815/815/1603 819/819/1603
f 814/814/1604 819/819/1604 818/818/1604
f 815/815/1605 816/816/1605 820/820/1605
f 815/815/1606 820/820/1606 819/819/1606
f 816/816/1607 813/813/1607 817/817/1607
f 816/816/1608 817/817/1608 820/820/1608
f 817/817/1609 818/818/1609 822/822/1609
f 817/817/1610 822/822/1610 821/821/1610
f 818/818/1611 819/819/1611 823/823/1611
f 818/818/1612 823/823/1612 822/822/1612
f 819/819/1613 820/820/1613 824/824/1613
f 819/819/1614 824/824/1614 823/823/1614
f 820/820/1615 817/817/1615 821/821/1615
f 820/820/1616 821/821/1616 824/824/1616
f 821/821/1617 822/822/1617 826/826/1617
f 821/821/1618 826/826/1618 825/825/1618
f 822/822/1619 823/823/1619 827/827/1619
f 822/822/1620 827/827/1620 826/826/1620
f 823/823/1621 824/824/1621 828/828/1621
f 823/823/1622 828/828/1622 827/827/1622
f 824/824/1623 821/821/1623 825/825/1623
f 824/824/1624 825/825/1624 828/828/1624
f 825/825/1625 826/826/1625 830/830/1625
f 825/825/1626 830/830/1626 829/829/1626
f 826/826/1627 827/827/1627 831/831/1627
f 826/826/1628 831/831/1628 830/830/1628
f 827/827/1629 828/828/1629 832/832/1629
f 827/827/1630 832/832/1630 831/831/1630
f 828/828/1631 825/825/1631 829/829/1631
f 828/828/1632 829/829/1632 832/832/1632
f 829/829/1633 830/830/1633 834/834/1633
f 829/829/1634 834/834/1634 833/833/1634
f 830/830/1635 831/831/1635 835/835/1635
f 830/830/1636 835/835/1636 834/834/1636
f 831/831/1637 832/832/1637 836/836/1637
f 831/831/1638 836/836/1638 835/835/1638
f 832/832/1639 829/829/1639 833/833/1639
f 832/832/1640 833/833/1640 836/836/1640
f 833/833/1641 834/834/1641 838/838/1641
f 833/833/1642 838/838/1642 837/837/1642
f 834/834/1643 835/835/1643 839/839/1643
f 834/834/1644 839/839/1644 838/838/1644
f 835/835/1645 836/836/1645 840/840/1645
f 835/835/1646 840/840/1646 839/839/1646
f 836/836/1647 833/833/1647 837/837/1647
f 836/836/1648 837/837/1648 840/840/1648
f 837/837/1649 838/838/1649 842/842/1649
f 837/837/1650 842/842/1650 841/841/1650
f 838/838/1651 839/839/1651 843/843/1651
f 838/838/1652 843/843/1652 842/842/1652
f 839/839/1653 840/840/1653 844/844/1653
f 839/839/1654 844/844/1654 843/843/1654
f 840/840/1655 837/837/1655 841/841/1655
f 840/840/1656 841/841/1656 844/844/1656
f 841/841/1657 842/842/1657 846/846/1657
f 841/841/1658 846/846/1658 845/845/1658
f 842/842/1659 843/843/1659 847/847/1659
f 842/842/1660 847/847/1660 846/846/1660
f 843/843/1661 844/844/1661 848/848/1661
f 843/843/1662 848/848/1662 847/847/1662
f 844/844/1663 841/841/1663 845/845/1663
f 844/844/1664 845/845/1664 848/848/1664
f 845/845/1665 846/846/1665 850/850/1665
f 845/845/1666 850/850/1666 849/849/1666
f 846/846/1667 847/847/1667 851/851/1667
f 846/846/1668 851/851/1668 850/850/1668
f 847/847/1669 848/848/1669 852/852/1669
f 847/847/1670 852/852/1670 851/851/1670
f 848/848/1671 845/845/1671 849/849/1671
f 848/848/1672 849/849/1672 852/852/1672
f 849/849/1673 850/850/1673 854/854/1673
f 849/849/1674 854/854/1674 853/853/1674
f 850/850/1675 851/851/1675 855/855/1675
f 850/850/1676 855/855/1676 854/854/1676
f 851/851/1677 852/852/1677 856/856/1677
f 851/851/1678 856/856/1678 855/855/1678
f 852/852/1679 849/849/1679 853/853/1679
f 852/852/1680 853/853/1680 856/856/1680
f 853/853/1681 854/854/1681 858/858/1681
f 853/853/1682 858/858/1682 857/857/1682
f 854/854/1683 855/855/1683 859/859/1683
f 854/854/1684 859/859/1684 858/858/1684
f 855/855/1685 856/856/1685 860/860/1685
f 855/855/1686 860/860/1686 859/859/1686
f 856/856/1687 853/853/1687 857/857/1687
f 856/856/1688 857/857/1688 860/860/1688
f 857/857/1689 858/858/1689 862/862/1689
f 857/857/1690 862/862/1690 861/861/1690
f 858/858/1691 859/859/1691 863/863/1691
f 858/858/1692 863/863/1692 862/862/1692
f 859/859/1693 860/860/1693 864/864/1693
f 859/859/1694 864/864/1694 863/863/1694
f 860/860/1695 857/857/1695 861/861/1695
f 860/860/1696 861/861/1696 864/864/1696
f 861/861/1697 862/862/1697 866/866/1697
f 861/861/1698 866/866/1698 865/865/1698
f 862/862/1699 863/863/1699 867/867/1699
f 862/862/1700 867/867/1700 866/866/1700
f 863/863/1701 864/864/1701 868/868/1701
f 863/863/1702 868/868/1702 867/867/1702
f 864/864/1703 861/861/1703 865/865/1703
f 864/864/1704 865/865/1704 868/868/1704
f 865/865/1705 866/866/1705 870/870/1705
f 865/865/1706 870/870/1706 869/869/1706
f 866/866/1707 867/867/1707 871/871/1707
f 866/866/1708 871/871/1708 870/870/1708
f 867/867/1709 868/868/1709 872/872/1709
f 867/867/1710 872/872/1710 871/871/1710
f 868/868/1711 865/865/1711 869/869/1711
f 868/868/1712 869/869/1712 872/872/1712
f 869/869/1713 870/870/1713 874/874/1713
f 869/869/1714 874/874/1714 873/873/1714
f 870/870/1715 871/871/1715 875/875/1715
f 870/870/1716 875/875/1716 874/874/1716
f 871/871/1717 872/872/1717 876/876/1717
f 871/871/1718 876/876/1718 875/875/1718
f 872/872/1719 869/869/1719 873/873/1719
f 872/872/1720 873/873/1720 876/876/1720
f 873/873/1721 874/874/1721 878/878/1721
f 873/873/1722 878/878/1722 877/877/1722
f 874/874/1723 875/875/1723 879/879/1723
f 874/874/1724 879/879/1724 878/878/1724
f 875/875/1725 876/876/1725 880/880/1725
f 875/875/1726 880/880/1726 879/879/1726
f 876/876/1727 873/873/1727 877/877/1727
f 876/876/1728 877/877/1728 880/880/1728
f 877/877/1729 878/878/1729 882/882/1729
f 877/877/1730 882/882/1730 881/881/1730
f 878/878/1731 879/879/1731 883/883/1731
f 878/878/1732 883/883/1732 882/882/1732
f 879/879/1733 880/880/1733 884/884/1733
f 879/879/1734 884/884/1734 883/883/1734
f 880/880/1735 877/877/1735 881/881/1735
f 880/880/1736 881/881/1736 884/884/1736
f 881/881/1737 882/882/1737 886/886/1737
f 881/881/1738 886/886/1738 885/885/1738
f 882/882/1739 883/883/1739 887/887/1739
f 882/882/1740 887/887/1740 886/886/1740
f 883/883/1741 884/884/1741 888/888/1741
f 883/883/1742 888/888/1742 887/887/1742
f 884/884/1743 881/881/1743 885/885/1743
f 884/884/1744 885/885/1744 888/888/1744
f 885/885/1745 886/886/1745 890/890/1745
f 885/885/1746 890/890/1746 889/889/1746
f 886/886/1747 887/887/1747 891/891/1747
f 886/886/1748 891/891/1748 890/890/1748
f 887/887/1749 888/888/1749 892/892/1749
f 887/887/1750 892/892/1750 891/891/1750
f 888/888/1751 885/885/1751 889/889/1751
f 888/888/1752 889/889/1752 892/892/1752
f 889/889/1753 890/890/1753 894/894/1753
f 889/889/1754 894/894/1754 893/893/1754
f 890/890/1755 891/891/1755 895/895/1755
f 890/890/1756 895/895/1756 894/894/1756
f 891/891/1757 892/892/1757 896/896/1757
f 891/891/1758 896/896/1758 895/895/1758
f 892/892/1759 889/889/1759 893/893/1759
f 892/892/1760 893/893/1760 896/896/1760
f 781/781/1761 783/783/1761 782/782/1761
f 781/781/1762 784/784/1762 783/783/1762
f 893/893/1763 894/894/1763 895/895/1763
f 893/893/1764 895/895/1764 896/896/1764
f 897/897/1765 898/898/1765 902/902/1765
f 897/897/1766 902/902/1766 901/901/1766
f 898/898/1767 899/899/1767 903/903/1767
f 898/898/1768 903/903/1768 902/902/1768
f 899/899/1769 900/900/1769 904/904/1769
f 899/899/1770 904/904/1770 903/903/1770
f 900/900/1771 897/897/1771 901/901/1771
f 900/900/1772 901/901/1772 904/904/1772
f 901/901/1773 902/902/1773 906/906/1773
f 901/901/1774 906/906/1774 905/905/1774
f 902/902/1775 903/903/1775 907/907/1775
f 902/902/1776 907/907/1776 906/906/1776
f 903/903/1777 904/904/1777 908/908/1777
f 903/903/1778 908/908/1778 907/907/1778
f 904/904/1779 901/901/1779 905/905/1779
f 904/904/1780 905/905/1780 908/908/1780
f 905/905/1781 906/906/1781 910/910/1781
f 905/905/1782 910/910/1782 909/909/1782
f 906/906/1783 907/907/1783 911/911/1783
f 906/906/1784 911/911/1784 910/910/1784
f 907/907/1785 908/908/1785 912/912/1785
f 907/907/1786 912/912/1786 911/911/1786
f 908/908/1787 905/905/1787 909/909/1787
f 908/908/1788 909/909/1788 912/912/1788
f 909/909/1789 910/910/1789 914/914/1789
f 909/909/1790 914/914/1790 913/913/1790
f 910/910/1791 911/911/1791 915/915/1791
f 910/910/1792 915/915/1792 914/914/1792
f 911/911/1793 912/912/1793 916/916/1793
f 911/911/1794 916/916/1794 915/915/1794
f 912/912/1795 909/909/1795 913/913/1795
f 912/912/1796 913/913/1796 916/916/1796
f 913/913/1797 914/914/1797 918/918/1797
f 913/913/1798 918/918/1798 917/917/1798
f 914/914/1799 915/915/1799 919/919/1799
f 914/914/1800 919/919/1800 918/918/1800
f 915/915/1801 916/916/1801 920/920/1801
f 915/915/1802 920/920/1802 919/919/1802
f 916/916/1803 913/913/1803 917/917/1803
f 916/916/1804 917/917/1804 920/920/1804
f 917/917/1805 918/918/1805 922/922/1805
f 917/917/1806 922/922/1806 921/921/1806
f 918/918/1807 919/919/1807 923/923/1807
f 918/918/1808 923/923/1808 922/922/1808
f 919/919/1809 920/920/1809 924/924/1809
f 919/919/1810 924/924/1810 923/923/1810
f 920/920/1811 917/917/1811 921/921/1811
f 920/920/1812 921/921/1812 924/924/1812
f 921/921/1813 922/922/1813 926/926/1813
f 921/921/1814 926/926/1814 925/925/1814
f 922/922/1815 923/923/1815 927/927/1815
f 922/922/1816 927/927/1816 926/926/1816
f 923/923/1817 924/924/1817 928/928/1817
f 923/923/1818 928/928/1818 927/927/1818
f 924/924/1819 921/921/1819 925/925/1819
f 924/924/1820 925/925/1820 928/928/1820
f 925/925/1821 926/926/1821 930/930/1821
f 925/925/1822 930/930/1822 929/929/1822
f 926/926/1823 927/927/1823 931/931/1823
f 926/926/1824 931/931/1824 930/930/1824
f 927/927/1825 928/928/1825 932/932/1825
f 927/927/1826 932/932/1826 931/931/1826
f 928/928/1827 925/925/1827 929/929/1827
f 928/928/1828 929/929/1828 932/932/1828
f 929/929/1829 930/930/1829 934/934/1829
f 929/929/1830 934/934/1830 933/933/1830
f 930/930/1831 931/931/1831 935/935/1831
f 930/930/1832 935/935/1832 934/934/1832
f 931/931/1833 932/932/1833 936/936/1833
f 931/931/1834 936/936/1834 935/935/1834
f 932/932/1835 929/929/1835 933/933/1835
f 932/932/1836 933/933/1836 936/936/1836
f 933/933/1837 934/934/1837 938/938/1837
f 933/933/1838 938/938/1838 937/937/1838
f 934/934/1839 935/935/1839 939/939/1839
f 934/934/1840 939/939/1840 938/938/1840
f 935/935/1841 936/936/1841 940/940/1841
f 935/935/1842 940/940/1842 939/939/1842
f 936/936/1843 933/933/1843 937/937/1843
f 936/936/1844 937/937/1844 940/940/1844
f 937/937/1845 938/938/1845 942/942/1845
f 937/937/1846 942/942/1846 941/941/1846
f 938/938/1847 939/939/1847 943/943/1847
f 938/938/1848 943/943/1848 942/942/1848
f 939/939/1849 940/940/1849 944/944/1849
f 939/939/1850 944/944/1850 943/943/1850
f 940/940/1851 937/937/1851 941/941/1851
f 940/940/1852 941/941/1852 944/944/1852
f 941/941/1853 942/942/1853 946/946/1853
f 941/941/1854 946/946/1854 945/945/1854
f 942/942/1855 943/943/1855 947/947/1855
f 942/942/1856 947/947/1856 946/946/1856
f 943/943/1857 944/944/1857 948/948/1857
f 943/943/1858 948/948/1858 947/947/1858
f 944/944/1859 941/941/1859 945/945/1859
f 944/944/1860 945/945/1860 948/948/1860
f 945/945/1861 946/946/1861 950/950/1861
f 945/945/1862 950/950/1862 949/949/1862
f 946/946/1863 947/947/1863 951/951/1863
f 946/946/1864 951/951/1864 950/950/1864
f 947/947/1865 948/948/1865 952/952/1865
f 947/947/1866 952/952/1866 951/951/1866
f 948/948/1867 945/945/1867 949/949/1867
f 948/948/1868 949/949/1868 952/952/1868
f 949/949/1869 950/950/1869 954/954/1869
f 949/949/1870 954/954/1870 953/953/1870
f 950/950/1871 951/951/1871 955/955/1871
f 950/950/1872 955/955/1872 954/954/1872
f 951/951/1873 952/952/1873 956/956/1873
f 951/951/1874 956/956/1874 955/955/1874
f 952/952/1875 949/949/1875 953/953/1875
f 952/952/1876 953/953/1876 956/956/1876
f 953/953/1877 954/954/1877 958/958/1877
f 953/953/1878 958/958/1878 957/957/1878
f 954/954/1879 955/955/1879 959/959/1879
f 954/954/1880 959/959/1880 958/958/1880
f 955/955/1881 956/956/1881 960/960/1881
f 955/955/1882 960/960/1882 959/959/1882
f 956/956/1883 953/953/1883 957/957/1883
f 956/956/1884 957/957/1884 960/960/1884
f 957/957/1885 958/958/1885 962/962/1885
f 957/957/1886 962/962/1886 961/961/1886
f 958/958/1887 959/959/1887 963/963/1887
f 958/958/1888 963/963/1888 962/962/1888
f 959/959/1889 960/960/1889 964/964/1889
f 959/959/1890 964/964/1890 963/963/1890
f 960/960/1891 957/957/1891 961/961/1891
f 960/960/1892 961/961/1892 964/964/1892
f 961/961/1893 962/962/1893 966/966/1893
f 961/961/1894 966/966/1894 965/965/1894
f 962/962/1895 963/963/1895 967/967/1895
f 962/962/1896 967/967/1896 966/966/1896
f 963/963/1897 964/964/1897 968/968/1897
f 963/963/1898 968/968/1898 967/967/1898
f 964/964/1899 961/961/1899 965/965/1899
f 964/964/1900 965/965/1900 968/968/1900
f 965/965/1901 966/966/1901 970/970/1901
f 965/965/1902 970/970/1902 969/969/1902
f 966/966/1903 967/967/1903 971/971/1903
f 966/966/1904 971/971/1904 970/970/1904
f 967/967/1905 968/968/1905 972/972/1905
f 967/967/1906 972/972/1906 971/971/1906
f 968/968/1907 965/965/1907 969/969/1907
f 968/968/1908 969/969/1908 972/972/1908
f 969/969/1909 970/970/1909 974/974/1909
f 969/969/1910 974/974/1910 973/973/1910
f 970/970/1911 971/971/1911 975/975/1911
f 970/970/1912 975/975/1912 974/974/1912
f 971/971/1913 972/972/1913 976/976/1913
f 971/971/1914 976/976/1914 975/975/1914
f 972/972/1915 969/969/1915 973/973/1915
f 972/972/1916 973/973/1916 976/976/1916
f 973/973/1917 974/974/1917 978/978/1917
f 973/973/1918 978/978/1918 977/977/1918
f 974/974/1919 975/975/1919 979/979/1919
f 974/974/1920 979/979/1920 978/978/1920
f 975/975/1921 976/976/1921 980/980/1921
f 975/975/1922 980/980/1922 979/979/1922
f 976/976/1923 973/973/1923 977/977/1923
f 976/976/1924 977/977/1924 980/980/1924
f 977/977/1925 978/978/1925 982/982/1925
f 977/977/1926 982/982/1926 981/981/1926
f 978/978/1927 979/979/1927 983/983/1927
f 978/978/1928 983/983/1928 982/982/1928
f 979/979/1929 980/980/1929 984/984/1929
f 979/979/1930 984/984/1930 983/983/1930
f 980/980/1931 977/977/1931 981/981/1931
f 980/980/1932 981/981/1932 984/984/1932
f 981/981/1933 982/982/1933 986/986/1933
f 981/981/1934 986/986/1934 985/985/1934
f 982/982/1935 983/983/1935 987/987/1935
f 982/982/1936 987/987/1936 986/986/1936
f 983/983/1937 984/984/1937 988/988/1937
f 983/983/1938 988/988/1938 987/987/1938
f 984/984/1939 981/981/1939 985/985/1939
f 984/984/1940 985/985/1940 988/988/1940
f 985/985/1941 986/986/1941 990/990/1941
f 985/985/1942 990/990/1942 989/989/1942
f 986/986/1943 987/987/1943 991/991/1943
f 986/986/1944 991/991/1944 990/990/1944
f 987/987/1945 988/988/1945 992/992/1945
f 987/987/1946 992/992/1946 991/991/1946
f 988/988/1947 985/985/1947 989/989/1947
f 988/988/1948 989/989/1948 992/992/1948
f 989/989/1949 990/990/1949 994/994/1949
f 989/989/1950 994/994/1950 993/993/1950
f 990/990/1951 991/991/1951 995/995/1951
f 990/990/1952 995/995/1952 994/994/1952
f 991/991/1953 992/992/1953 996/996/1953
f 991/991/1954 996/996/1954 995/995/1954
f 992/992/1955 989/989/1955 993/993/1955
f 992/992/1956 993/993/1956 996/996/1956
f 993/993/1957 994/994/1957 998/998/1957
f 993/993/1958 998/998/1958 997/997/1958
f 994/994/1959 995/995/1959 999/999/1959
f 994/994/1960 999/999/1960 998/998/1960
f 995/995/1961 996/996/1961 1000/1000/1961
f 995/995/1962 1000/1000/1962 999/999/1962
f 996/996/1963 993/993/1963 997/997/1963
f 996/996/1964 997/997/1964 1000/1000/1964
f 997/997/1965 998/998/1965 1002/1002/1965
f 997/997/1966 1002/1002/1966 1001/1001/1966
f 998/998/1967 999/999/1967 1003/1003/1967
f 998/998/1968 1003/1003/1968 1002/1002/1968
f 999/999/1969 1000/1000/1969 1004/1004/1969
f 999/999/1970 1004/1004/1970 1003/1003/1970
f 1000/1000/1971 997/997/1971 1001/1001/1971
f 1000/1000/1972 1001/1001/1972 1004/1004/1972
f 1001/1001/1973 1002/1002/1973 1006/1006/1973
f 1001/1001/1974 1006/1006/1974 1005/1005/1974
f 1002/1002/1975 1003/1003/1975 1007/1007/1975
f 1002/1002/1976 1007/1007/1976 1006/1006/1976
f 1003/1003/1977 1004/1004/1977 1008/1008/1977
f 1003/1003/1978 1008/1008/1978 1007/1007/1978
f 1004/1004/1979 1001/1001/1979 1005/1005/1979
f 1004/1004/1980 1005/1005/1980 1008/1008/1980
f 1005/1005/1981 1006/1006/1981 1010/1010/1981
f 1005/1005/1982 1010/1010/1982 1009/1009/1982
f 1006/1006/1983 1007/1007/1983 1011/1011/1983
f 1006/1006/1984 1011/1011/1984 1010/1010/1984
f 1007/1007/1985 1008/1008/1985 1012/1012/1985
f 1007/1007/1986 1012/1012/1986 1011/1011/1986
f 1008/1008/1987 1005/1005/1987 1009/1009/1987
f 1008/1008/1988 1009/1009/1988 1012/1012/1988
f 897/897/1989 899/899/1989 898/898/1989
f 897/897/1990 900/900/1990 899/899/1990
f 1009/1009/1991 1010/1010/1991 1011/1011/1991
f 1009/1009/1992 1011/1011/1992 1012/1012/1992
f 1013/1013/1993 1014/1014/1993 1018/1018/1993
f 1013/1013/1994 1018/1018/1994 1017/1017/1994
f 1014/1014/1995 1015/1015/1995 1019/1019/1995
f 1014/1014/1996 1019/1019/1996 1018/1018/1996
f 1015/1015/1997 1016/1016/1997 1020/1020/1997
f 1015/1015/1998 1020/1020/1998 1019/1019/1998
f 1016/1016/1999 1013/1013/1999 1017/1017/1999
f 1016/1016/2000 1017/1017/2000 1020/1020/2000
f 1017/1017/2001 1018/1018/2001 1022/1022/2001
f 1017/1017/2002 1022/1022/2002 1021/1021/2002
f 1018/1018/2003 1019/1019/2003 1023/1023/2003
f 1018/1018/2004 1023/1023/2004 1022/1022/2004
f 1019/1019/2005 1020/1020/2005 1024/1024/2005
f 1019/1019/2006 1024/1024/2006 1023/1023/2006
f 1020/1020/2007 1017/1017/2007 1021/1021/2007
f 1020/1020/2008 1021/1021/2008 1024/1024/2008
f 1021/1021/2009 1022/1022/2009 1026/1026/2009
f 1021/1021/2010 1026/1026/2010 1025/1025/2010
f 1022/1022/2011 1023/1023/2011 1027/1027/2011
f 1022/1022/2012 1027/1027/2012 1026/1026/2012
f 1023/1023/2013 1024/1024/2013 1028/1028/2013
f 1023/1023/2014 1028/1028/2014 1027/1027/2014
f 1024/1024/2015 1021/1021/2015 1025/1025/2015
f 1024/1024/2016 1025/1025/2016 1028/1028/2016
f 1025/1025/2017 1026/1026/2017 1030/1030/2017
f 1025/1025/2018 1030/1030/2018 1029/1029/2018
f 1026/1026/2019 1027/1027/2019 1031/1031/2019
f 1026/1026/2020 1031/1031/2020 1030/1030/2020
f 1027/1027/2021 1028/1028/2021 1032/1032/2021
f 1027/1027/2022 1032/1032/2022 1031/1031/2022
f 1028/1028/2023 1025/1025/2023 1029/1029/2023
f 1028/1028/2024 1029/1029/2024 1032/1032/2024
f 1029/1029/2025 1030/1030/2025 1034/1034/2025
f 1029/1029/2026 1034/1034/2026 1033/1033/2026
f 1030/1030/2027 1031/1031/2027 1035/1035/2027
f 1030/1030/2028 1035/1035/2028 1034/1034/2028
f 1031/1031/2029 1032/1032/2029 1036/1036/2029
f 1031/1031/2030 1036/1036/2030 1035/1035/2030
f 1032/1032/2031 1029/1029/2031 1033/1033/2031
f 1032/1032/2032 1033/1033/2032 1036/1036/2032
f 1033/1033/2033 1034/1034/2033 1038/1038/2033
f 1033/1033/2034 1038/1038/2034 1037/1037/2034
f 1034/1034/2035 1035/1035/2035 1039/1039/2035
f 1034/1034/2036 1039/1039/2036 1038/1038/2036
f 1035/1035/2037 1036/1036/2037 1040/1040/2037
f 1035/1035/2038 1040/1040/2038 1039/1039/2038
f 1036/1036/2039 1033/1033/2039 1037/1037/2039
f 1036/1036/2040 1037/1037/2040 1040/1040/2040
f 1037/1037/2041 1038/1038/2041 1042/1042/2041
f 1037/1037/2042 1042/1042/2042 1041/1041/2042
f 1038/1038/2043 1039/1039/2043 1043/1043/2043
f 1038/1038/2044 1043/1043/2044 1042/1042/2044
f 1039/1039/2045 1040/1040/2045 1044/1044/2045
f 1039/1039/2046 1044/1044/2046 1043/1043/2046
f 1040/1040/2047 1037/1037/2047 1041/1041/2047
f 1040/1040/2048 1041/1041/2048 1044/1044/2048
f 1041/1041/2049 1042/1042/2049 1046/1046/2049
f 1041/1041/2050 1046/1046/2050 1045/1045/2050
f 1042/1042/2051 1043/1043/2051 1047/1047/2051
f 1042/1042/2052 1047/1047/2052 1046/1046/2052
f 1043/1043/2053 1044/1044/2053 1048/1048/2053
f 1043/1043/2054 1048/1048/2054 1047/1047/2054
f 1044/1044/2055 1041/1041/2055 1045/1045/2055
f 1044/1044/2056 1045/1045/2056 1048/1048/2056
f 1045/1045/2057 1046/1046/2057 1050/1050/2057
f 1045/1045/2058 1050/1050/2058 1049/1049/2058
f 1046/1046/2059 1047/1047/2059 1051/1051/2059
f 1046/1046/2060 1051/1051/2060 1050/1050/2060
f 1047/1047/2061 1048/1048/2061 1052/1052/2061
f 1047/1047/2062 1052/1052/2062 1051/1051/2062
f 1048/1048/2063 1045/1045/2063 1049/1049/2063
f 1048/1048/2064 1049/1049/2064 1052/1052/2064
f 1049/1049/2065 1050/1050/2065 1054/1054/2065
f 1049/1049/2066 1054/1054/2066 1053/1053/2066
f 1050/1050/2067 1051/1051/2067 1055/1055/2067
f 1050/1050/2068 1055/1055/2068 1054/1054/2068
f 1051/1051/2069 1052/1052/2069 1056/1056/2069
f 1051/1051/2070 1056/1056/2070 1055/1055/2070
f 1052/1052/2071 1049/1049/2071 1053/1053/2071
f 1052/1052/2072 1053/1053/2072 1056/1056/2072
f 1053/1053/2073 1054/1054/2073 1058/1058/2073
f 1053/1053/2074 1058/1058/2074 1057/1057/2074
f 1054/1054/2075 1055/1055/2075 1059/1059/2075
f 1054/1054/2076 1059/1059/2076 1058/1058/2076
f 1055/1055/2077 1056/1056/2077 1060/1060/2077
f 1055/1055/2078 1060/1060/2078 1059/1059/2078
f 1056/1056/2079 1053/1053/2079 1057/1057/2079
f 1056/1056/2080 1057/1057/2080 1060/1060/2080
f 1057/1057/2081 1058/1058/2081 1062/1062/2081
f 1057/1057/2082 1062/1062/2082 1061/1061/2082
f 1058/1058/2083 1059/1059/2083 1063/1063/2083
f 1058/1058/2084 1063/1063/2084 1062/1062/2084
f 1059/1059/2085 1060/1060/2085 1064/1064/2085
f 1059/1059/2086 1064/1064/2086 1063/1063/2086
f 1060/1060/2087 1057/1057/2087 1061/1061/2087
f 1060/1060/2088 1061/1061/2088 1064/1064/2088
f 1061/1061/2089 1062/1062/2089 1066/1066/2089
f 1061/1061/2090 1066/1066/2090 1065/1065/2090
f 1062/1062/2091 1063/1063/2091 1067/1067/2091
f 1062/1062/2092 1067/1067/2092 1066/1066/2092
f 1063/1063/2093 1064/1064/2093 1068/1068/2093
f 1063/1063/2094 1068/1068/2094 1067/1067/2094
f 1064/1064/2095 1061/1061/2095 1065/1065/2095
f 1064/1064/2096 1065/1065/2096 1068/1068/2096
f 1065/1065/2097 1066/1066/2097 1070/1070/2097
f 1065/1065/2098 1070/1070/2098 1069/1069/2098
f 1066/1066/2099 1067/1067/2099 1071/1071/2099
f 1066/1066/2100 1071/1071/2100 1070/1070/2100
f 1067/1067/2101 1068/1068/2101 1072/1072/2101
f 1067/1067/2102 1072/1072/2102 1071/1071/2102
f 1068/1068/2103 1065/1065/2103 1069/1069/2103
f 1068/1068/2104 1069/1069/2104 1072/1072/2104
f 1069/1069/2105 1070/1070/2105 1074/1074/2105
f 1069/1069/2106 1074/1074/2106 1073/1073/2106
f 1070/1070/2107 1071/1071/2107 1075/1075/2107
f 1070/1070/2108 1075/1075/2108 1074/1074/2108
f 1071/1071/2109 1072/1072/2109 1076/1076/2109
f 1071/1071/2110 1076/1076/2110 1075/1075/2110
f 1072/1072/2111 1069/1069/2111 1073/1073/2111
f 1072/1072/2112 1073/1073/2112 1076/1076/2112
f 1073/1073/2113 1074/1074/2113 1078/1078/2113
f 1073/1073/2114 1078/1078/2114 1077/1077/2114
f 1074/1074/2115 1075/1075/2115 1079/1079/2115
f 1074/1074/2116 1079/1079/2116 1078/1078/2116
f 1075/1075/2117 1076/1076/2117 1080/1080/2117
f 1075/1075/2118 1080/1080/2118 1079/1079/2118
f 1076/1076/2119 1073/1073/2119 1077/1077/2119
f 1076/1076/2120 1077/1077/2120 1080/1080/2120
f 1077/1077/2121 1078/1078/2121 1082/1082/2121
f 1077/1077/2122 1082/1082/2122 1081/1081/2122
f 1078/1078/2123 1079/1079/2123 1083/1083/2123
f 1078/1078/2124 1083/1083/2124 1082/1082/2124
f 1079/1079/2125 1080/1080/2125 1084/1084/2125
f 1079/1079/2126 1084/1084/2126 1083/1083/2126
f 1080/1080/2127 1077/1077/2127 1081/1081/2127
f 1080/1080/2128 1081/1081/2128 1084/1084/2128
f 1081/1081/2129 1082/1082/2129 1086/1086/2129
f 1081/1081/2130 1086/1086/2130 1085/1085/2130
f 1082/1082/2131 1083/1083/2131 1087/1087/2131
f 1082/1082/2132 1087/1087/2132 1086/1086/2132
f 1083/1083/2133 1084/1084/2133 1088/1088/2133
f 1083/1083/2134 1088/1088/2134 1087/1087/2134
f 1084/1084/2135 1081/1081/2135 1085/1085/2135
f 1084/1084/2136 1085/1085/2136 1088/1088/2136
f 1085/1085/2137 1086/1086/2137 1090/1090/2137
f 1085/1085/2138 1090/1090/2138 1089/1089/2138
f 1086/1086/2139 1087/1087/2139 1091/1091/2139
f 1086/1086/2140 1091/1091/2140 1090/1090/2140
f 1087/1087/2141 1088/1088/2141 1092/1092/2141
f 1087/1087/2142 1092/1092/2142 1091/1091/2142
f 1088/1088/2143 1085/1085/2143 1089/1089/2143
f 1088/1088/2144 1089/1089/2144 1092/1092/2144
f 1089/1089/2145 1090/1090/2145 1094/1094/2145
f 1089/1089/2146 1094/1094/2146 1093/1093/2146
f 1090/1090/2147 1091/1091/2147 1095/1095/2147
f 1090/1090/2148 1095/1095/2148 1094/1094/2148
f 1091/1091/2149 1092/1092/2149 1096/1096/2149
f 1091/1091/2150 1096/1096/2150 1095/1095/2150
f 1092/1092/2151 1089/1089/2151 1093/1093/2151
f 1092/1092/2152 1093/1093/2152 1096/1096/2152
f 1093/1093/2153 1094/1094/2153 1098/1098/2153
f 1093/1093/2154 1098/1098/2154 1097/1097/2154
f 1094/1094/2155 1095/1095/2155 1099/1099/2155
f 1094/1094/2156 1099/1099/2156 1098/1098/2156
f 1095/1095/2157 1096/1096/2157 1100/1100/2157
f 1095/1095/2158 1100/1100/2158 1099/1099/2158
f 1096/1096/2159 1093/1093/2159 1097/1097/2159
f 1096/1096/2160 1097/1097/2160 1100/1100/2160
f 1097/1097/2161 1098/1098/2161 1102/1102/2161
f 1097/1097/2162 1102/1102/2162 1101/1101/2162
f 1098/1098/2163 1099/1099/2163 1103/1103/2163
f 1098/1098/2164 1103/1103/2164 1102/1102/2164
f 1099/1099/2165 1100/1100/2165 1104/1104/2165
f 1099/1099/2166 1104/1104/2166 1103/1103/2166
f 1100/1100/2167 1097/1097/2167 1101/1101/2167
f 1100/1100/2168 1101/1101/2168 1104/1104/2168
f 1101/1101/2169 1102/1102/2169 1106/1106/2169
f 1101/1101/2170 1106/1106/2170 1105/1105/2170
f 1102/1102/2171 1103/1103/2171 1107/1107/2171
f 1102/1102/2172 1107/1107/2172 1106/1106/2172
f 1103/1103/2173 1104/1104/2173 1108/1108/2173
f 1103/1103/2174 1108/1108/2174 1107/1107/2174
f 1104/1104/2175 1101/1101/2175 1105/1105/2175
f 1104/1104/2176 1105/1105/2176 1108/1108/2176
f 1105/1105/2177 1106/1106/2177 1110/1110/2177
f 1105/1105/2178 1110/1110/2178 1109/1109/2178
f 1106/1106/2179 1107/1107/2179 1111/1111/2179
f 1106/1106/2180 1111/1111/2180 1110/1110/2180
f 1107/1107/2181 1108/1108/2181 1112/1112/2181
f 1107/1107/2182 1112/1112/2182 1111/1111/2182
f 1108/1108/2183 1105/1105/2183 1109/1109/2183
f 1108/1108/2184 1109/1109/2184 1112/1112/2184
f 1109/1109/2185 1110/1110/2185 1114/1114/2185
f 1109/1109/2186 1114/1114/2186 1113/1113/2186
f 1110/1110/2187 1111/1111/2187 1115/1115/2187
f 1110/1110/2188 1115/1115/2188 1114/1114/2188
f 1111/1111/2189 1112/1112/2189 1116/1116/2189
f 1111/1111/2190 1116/1116/2190 1115/1115/2190
f 1112/1112/2191 1109/1109/2191 1113/1113/2191
f 1112/1112/2192 1113/1113/2192 1116/1116/2192
f 1113/1113/2193 1114/1114/2193 1118/1118/2193
f 1113/1113/2194 1118/1118/2194 1117/1117/2194
f 1114/1114/2195 1115/1115/2195 1119/1119/2195
f 1114/1114/2196 1119/1119/2196 1118/1118/2196
f 1115/1115/2197 1116/1116/2197 1120/1120/2197
f 1115/1115/2198 1120/1120/2198 1119/1119/2198
f 1116/1116/2199 1113/1113/2199 1117/1117/2199
f 1116/1116/2200 1117/1117/2200 1120/1120/2200
f 1117/1117/2201 1118/1118/2201 1122/1122/2201
f 1117/1117/2202 1122/1122/2202 1121/1121/2202
f 1118/1118/2203 1119/1119/2203 1123/1123/2203
f 1118/1118/2204 1123/1123/2204 1122/1122/2204
f 1119/1119/2205 1120/1120/2205 1124/1124/2205
f 1119/1119/2206 1124/1124/2206 1123/1123/2206
f 1120/1120/2207 1117/1117/2207 1121/1121/2207
f 1120/1120/2208 1121/1121/2208 1124/1124/2208
f 1121/1121/2209 1122/1122/2209 1126/1126/2209
f 1121/1121/2210 1126/1126/2210 1125/1125/2210
f 1122/1122/2211 1123/1123/2211 1127/1127/2211
f 1122/1122/2212 1127/1127/2212 1126/1126/2212
f 1123/1123/2213 1124/1124/2213 1128/1128/2213
f 1123/1123/2214 1128/1128/2214 1127/1127/2214
f 1124/1124/2215 1121/1121/2215 1125/1125/2215
f 1124/1124/2216 1125/1125/2216 1128/1128/2216
f 1013/1013/2217 1015/1015/2217 1014/1014/2217
f 1013/1013/2218 1016/1016/2218 1015/1015/2218
f 1125/1125/2219 1126/1126/2219 1127/1127/2219
f 1125/1125/2220 1127/1127/2220 1128/1128/2220
f 1129/1129/2221 1130/1130/2221 1134/1134/2221
f 1129/1129/2222 1134/1134/2222 1133/1133/2222
f 1130/1130/2223 1131/1131/2223 1135/1135/2223
f 1130/1130/2224 1135/1135/2224 1134/1134/2224
f 1131/1131/2225 1132/1132/2225 1136/1136/2225
f 1131/1131/2226 1136/1136/2226 1135/1135/2226
f 1132/1132/2227 1129/1129/2227 1133/1133/2227
f 1132/1132/2228 1133/1133/2228 1136/1136/2228
f 1133/1133/2229 1134/1134/2229 1138/1138/2229
f 1133/1133/2230 1138/1138/2230 1137/1137/2230
f 1134/1134/2231 1135/1135/2231 1139/1139/2231
f 1134/1134/2232 1139/1139/2232 1138/1138/2232
f 1135/1135/2233 1136/1136/2233 1140/1140/2233
f 1135/1135/2234 1140/1140/2234 1139/1139/2234
f 1136/1136/2235 1133/1133/2235 1137/1137/2235
f 1136/1136/2236 1137/1137/2236 1140/1140/2236
f 1137/1137/2237 1138/1138/2237 1142/1142/2237
f 1137/1137/2238 1142/1142/2238 1141/1141/2238
f 1138/1138/2239 1139/1139/2239 1143/1143/2239
f 1138/1138/2240 1143/1143/2240 1142/1142/2240
f 1139/1139/2241 1140/1140/2241 1144/1144/2241
f 1139/1139/2242 1144/1144/2242 1143/1143/2242
f 1140/1140/2243 1137/1137/2243 1141/1141/2243
f 1140/1140/2244 1141/1141/2244 1144/1144/2244
f 1141/1141/2245 1142/1142/2245 1146/1146/2245
f 1141/1141/2246 1146/1146/2246 1145/1145/2246
f 1142/1142/2247 1143/1143/2247 1147/1147/2247
f 1142/1142/2248 1147/1147/2248 1146/1146/2248
f 1143/1143/2249 1144/1144/2249 1148/1148/2249
f 1143/1143/2250 1148/1148/2250 1147/1147/2250
f 1144/1144/2251 1141/1141/2251 1145/1145/2251
f 1144/1144/2252 1145/1145/2252 1148/1148/2252
f 1145/1145/2253 1146/1146/2253 1150/1150/2253
f 1145/1145/2254 1150/1150/2254 1149/1149/2254
f 1146/1146/2255 1147/1147/2255 1151/1151/2255
f 1146/1146/2256 1151/1151/2256 1150/1150/2256
f 1147/1147/2257 1148/1148/2257 1152/1152/2257
f 1147/1147/2258 1152/1152/2258 1151/1151/2258
f 1148/1148/2259 1145/1145/2259 1149/1149/2259
f 1148/1148/2260 1149/1149/2260 1152/1152/2260
f 1149/1149/2261 1150/1150/2261 1154/1154/2261
f 1149/1149/2262 1154/1154/2262 1153/1153/2262
f 1150/1150/2263 1151/1151/2263 1155/1155/2263
f 1150/1150/2264 1155/1155/2264 1154/1154/2264
f 1151/1151/2265 1152/1152/2265 1156/1156/2265
f 1151/1151/2266 1156/1156/2266 1155/1155/2266
f 1152/1152/2267 1149/1149/2267 1153/1153/2267
f 1152/1152/2268 1153/1153/2268 1156/1156/2268
f 1153/1153/2269 1154/1154/2269 1158/1158/2269
f 1153/1153/2270 1158/1158/2270 1157/1157/2270
f 1154/1154/2271 1155/1155/2271 1159/1159/2271
f 1154/1154/2272 1159/1159/2272 1158/1158/2272
f 1155/1155/2273 1156/1156/2273 1160/1160/2273
f 1155/1155/2274 1160/1160/2274 1159/1159/2274
f 1156/1156/2275 1153/1153/2275 1157/1157/2275
f 1156/1156/2276 1157/1157/2276 1160/1160/2276
f 1157/1157/2277 1158/1158/2277 1162/1162/2277
f 1157/1157/2278 1162/1162/2278 1161/1161/2278
f 1158/1158/2279 1159/1159/2279 1163/1163/2279
f 1158/1158/2280 1163/1163/2280 1162/1162/2280
f 1159/1159/2281 1160/1160/2281 1164/1164/2281
f 1159/1159/2282 1164/1164/2282 1163/1163/2282
f 1160/1160/2283 1157/1157/2283 1161/1161/2283
f 1160/1160/2284 1161/1161/2284 1164/1164/2284
f 1161/1161/2285 1162/1162/2285 1166/1166/2285
f 1161/1161/2286 1166/1166/2286 1165/1165/2286
f 1162/1162/2287 1163/1163/2287 1167/1167/2287
f 1162/1162/2288 1167/1167/2288 1166/1166/2288
f 1163/1163/2289 1164/1164/2289 1168/1168/2289
f 1163/1163/2290 1168/1168/2290 1167/1167/2290
f 1164/1164/2291 1161/1161/2291 1165/1165/2291
f 1164/1164/2292 1165/1165/2292 1168/1168/2292
f 1165/1165/2293 1166/1166/2293 1170/1170/2293
f 1165/1165/2294 1170/1170/2294 1169/1169/2294
f 1166/1166/2295 1167/1167/2295 1171/1171/2295
f 1166/1166/2296 1171/1171/2296 1170/1170/2296
f 1167/1167/2297 1168/1168/2297 1172/1172/2297
f 1167/1167/2298 1172/1172/2298 1171/1171/2298
f 1168/1168/2299 1165/1165/2299 1169/1169/2299
f 1168/1168/2300 1169/1169/2300 1172/1172/2300
f 1169/1169/2301 1170/1170/2301 1174/1174/2301
f 1169/1169/2302 1174/1174/2302 1173/1173/2302
f 1170/1170/2303 1171/1171/2303 1175/1175/2303
f 1170/1170/2304 1175/1175/2304 1174/1174/2304
f 1171/1171/2305 1172/1172/2305 1176/1176/2305
f 1171/1171/2306 1176/1176/2306 1175/1175/2306
f 1172/1172/2307 1169/1169/2307 1173/1173/2307
f 1172/1172/2308 1173/1173/2308 1176/1176/2308
f 1173/1173/2309 1174/1174/2309 1178/1178/2309
f 1173/1173/2310 1178/1178/2310 1177/1177/2310
f 1174/1174/2311 1175/1175/2311 1179/1179/2311
f 1174/1174/2312 1179/1179/2312 1178/1178/2312
f 1175/1175/2313 1176/1176/2313 1180/1180/2313
f 1175/1175/2314 1180/1180/2314 1179/1179/2314
f 1176/1176/2315 1173/1173/2315 1177/1177/2315
f 1176/1176/2316 1177/1177/2316 1180/1180/2316
f 1177/1177/2317 1178/1178/2317 1182/1182/2317
f 1177/1177/2318 1182/1182/2318 1181/1181/2318
f 1178/1178/2319 1179/1179/2319 1183/1183/2319
f 1178/1178/2320 1183/1183/2320 1182/1182/2320
f 1179/1179/2321 1180/1180/2321 1184/1184/2321
f 1179/1179/2322 1184/1184/2322 1183/1183/2322
f 1180/1180/2323 1177/1177/2323 1181/1181/2323
f 1180/1180/2324 1181/1181/2324 1184/1184/2324
f 1181/1181/2325 1182/1182/2325 1186/1186/2325
f 1181/1181/2326 1186/1186/2326 1185/1185/2326
f 1182/1182/2327 1183/1183/2327 1187/1187/2327
f 1182/1182/2328 1187/1187/2328 1186/1186/2328
f 1183/1183/2329 1184/1184/2329 1188/1188/2329
f 1183/1183/2330 1188/1188/2330 1187/1187/2330
f 1184/1184/2331 1181/1181/2331 1185/1185/2331
f 1184/1184/2332 1185/1185/2332 1188/1188/2332
f 1185/1185/2333 1186/1186/2333 1190/1190/2333
f 1185/1185/2334 1190/1190/2334 1189/1189/2334
f 1186/1186/2335 1187/1187/2335 1191/1191/2335
f 1186/1186/2336 1191/1191/2336 1190/1190/2336
f 1187/1187/2337 1188/1188/2337 1192/1192/2337
f 1187/1187/2338 1192/1192/2338 1191/1191/2338
f 1188/1188/2339 1185/1185/2339 1189/1189/2339
f 1188/1188/2340 1189/1189/2340 1192/1192/2340
f 1189/1189/2341 1190/1190/2341 1194/1194/2341
f 1189/1189/2342 1194/1194/2342 1193/1193/2342
f 1190/1190/2343 1191/1191/2343 1195/1195/2343
f 1190/1190/2344 1195/1195/2344 1194/1194/2344
f 1191/1191/2345 1192/1192/2345 1196/1196/2345
f 1191/1191/2346 1196/1196/2346 1195/1195/2346
f 1192/1192/2347 1189/1189/2347 1193/1193/2347
f 1192/1192/2348 1193/1193/2348 1196/1196/2348
f 1193/1193/2349 1194/1194/2349 1198/1198/2349
f 1193/1193/2350 1198/1198/2350 1197/1197/2350
f 1194/1194/2351 1195/1195/2351 1199/1199/2351
f 1194/1194/2352 1199/1199/2352 1198/1198/2352
f 1195/1195/2353 1196/1196/2353 1200/1200/2353
f 1195/1195/2354 1200/1200/2354 1199/1199/2354
f 1196/1196/2355 1193/1193/2355 1197/1197/2355
f 1196/1196/2356 1197/1197/2356 1200/1200/2356
f 1197/1197/2357 1198/1198/2357 1202/1202/2357
f 1197/1197/2358 1202/1202/2358 1201/1201/2358
f 1198/1198/2359 1199/1199/2359 1203/1203/2359
f 1198/1198/2360 1203/1203/2360 1202/1202/2360
f 1199/1199/2361 1200/1200/2361 1204/1204/2361
f 1199/1199/2362 1204/1204/2362 1203/1203/2362
f 1200/1200/2363 1197/1197/2363 1201/1201/2363
f 1200/1200/2364 1201/1201/2364 1204/1204/2364
f 1201/1201/2365 1202/1202/2365 1206/1206/2365
f 1201/1201/2366 1206/1206/2366 1205/1205/2366
f 1202/1202/2367 1203/1203/2367 1207/1207/2367
f 1202/1202/2368 1207/1207/2368 1206/1206/2368
f 1203/1203/2369 1204/1204/2369 1208/1208/2369
f 1203/1203/2370 1208/1208/2370 1207/1207/2370
f 1204/1204/2371 1201/1201/2371 1205/1205/2371
f 1204/1204/2372 1205/1205/2372 1208/1208/2372
f 1205/1205/2373 1206/1206/2373 1210/1210/2373
f 1205/1205/2374 1210/1210/2374 1209/1209/2374
f 1206/1206/2375 1207/1207/2375 1211/1211/2375
f 1206/1206/2376 1211/1211/2376 1210/1210/2376
f 1207/1207/2377 1208/1208/2377 1212/1212/2377
f 1207/1207/2378 1212/1212/2378 1211/1211/2378
f 1208/1208/2379 1205/1205/2379 1209/1209/2379
f 1208/1208/2380 1209/1209/2380 1212/1212/2380
f 1209/1209/2381 1210/1210/2381 1214/1214/2381
f 1209/1209/2382 1214/1214/2382 1213/1213/2382
f 1210/1210/2383 1211/1211/2383 1215/1215/2383
f 1210/1210/2384 1215/1215/2384 1214/1214/2384
f 1211/1211/2385 1212/1212/2385 1216/1216/2385
f 1211/1211/2386 1216/1216/2386 1215/1215/2386
f 1212/1212/2387 1209/1209/2387 1213/1213/2387
f 1212/1212/2388 1213/1213/2388 1216/1216/2388
f 1213/1213/2389 1214/1214/2389 1218/1218/2389
f 1213/1213/2390 1218/1218/2390 1217/1217/2390
f 1214/1214/2391 1215/1215/2391 1219/1219/2391
f 1214/1214/2392 1219/1219/2392 1218/1218/2392
f 1215/1215/2393 1216/1216/2393 1220/1220/2393
f 1215/1215/2394 1220/1220/2394 1219/1219/2394
f 1216/1216/2395 1213/1213/2395 1217/1217/2395
f 1216/1216/2396 1217/1217/2396 1220/1220/2396
f 1217/1217/2397 1218/1218/2397 1222/1222/2397
f 1217/1217/2398 1222/1222/2398 1221/1221/2398
f 1218/1218/2399 1219/1219/2399 1223/1223/2399
f 1218/1218/2400 1223/1223/2400 1222/1222/2400
f 1219/1219/2401 1220/1220/2401 1224/1224/2401
f 1219/1219/2402 1224/1224/2402 1223/1223/2402
f 1220/1220/2403 1217/1217/2403 1221/1221/2403
f 1220/1220/2404 1221/1221/2404 1224/1224/2404
f 1221/1221/2405 1222/1222/2405 1226/1226/2405
f 1221/1221/2406 1226/1226/2406 1225/1225/2406
f 1222/1222/2407 1223/1223/2407 1227/1227/2407
f 1222/1222/2408 1227/1227/2408 1226/1226/2408
f 1223/1223/2409 1224/1224/2409 1228/1228/2409
f 1223/1223/2410 1228/1228/2410 1227/1227/2410
f 1224/1224/2411 1221/1221/2411 1225/1225/2411
f 1224/1224/2412 1225/1225/2412 1228/1228/2412
f 1225/1225/2413 1226/1226/2413 1230/1230/2413
f 1225/1225/2414 1230/1230/2414 1229/1229/2414
f 1226/1226/2415 1227/1227/2415 1231/1231/2415
f 1226/1226/2416 1231/1231/2416 1230/1230/2416
f 1227/1227/2417 1228/1228/2417 1232/1232/2417
f 1227/1227/2418 1232/1232/2418 1231/1231/2418
f 1228/1228/2419 1225/1225/2419 1229/1229/2419
f 1228/1228/2420 1229/1229/2420 1232/1232/2420
f 1229/1229/2421 1230/1230/2421 1234/1234/2421
f 1229/1229/2422 1234/1234/2422 1233/1233/2422
f 1230/1230/2423 1231/1231/2423 1235/1235/2423
f 1230/1230/2424 1235/1235/2424 1234/1234/2424
f 1231/1231/2425 1232/1232/2425 1236/1236/2425
f 1231/1231/2426 1236/1236/2426 1235/1235/2426
f 1232/1232/2427 1229/1229/2427 1233/1233/2427
f 1232/1232/2428 1233/1233/2428 1236/1236/2428
f 1233/1233/2429 1234/1234/2429 1238/1238/2429
f 1233/1233/2430 1238/1238/2430 1237/1237/2430
f 1234/1234/2431 1235/1235/2431 1239/1239/2431
f 1234/1234/2432 1239/1239/2432 1238/1238/2432
f 1235/1235/2433 1236/1236/2433 1240/1240/2433
f 1235/1235/2434 1240/1240/2434 1239/1239/2434
f 1236/1236/2435 1233/1233/2435 1237/1237/2435
f 1236/1236/2436 1237/1237/2436 1240/1240/2436
f 1237/1237/2437 1238/1238/2437 1242/1242/2437
f 1237/1237/2438 1242/1242/2438 1241/1241/2438
f 1238/1238/2439 1239/1239/2439 1243/1243/2439
f 1238/1238/2440 1243/1243/2440 1242/1242/2440
f 1239/1239/2441 1240/1240/2441 1244/1244/2441
f 1239/1239/2442 1244/1244/2442 1243/1243/2442
f 1240/1240/2443 1237/1237/2443 1241/1241/2443
f 1240/1240/2444 1241/1241/2444 1244/1244/2444
f 1129/1129/2445 1131/1131/2445 1130/1130/2445
f 1129/1129/2446 1132/1132/2446 1131/1131/2446
f 1241/1241/2447 1242/1242/2447 1243/1243/2447
f 1241/1241/2448 1243/1243/2448 1244/1244/2448
f 1245/1245/2449 1246/1246/2449 1250/1250/2449
f 1245/1245/2450 1250/1250/2450 1249/1249/2450
f 1246/1246/2451 1247/1247/2451 1251/1251/2451
f 1246/1246/2452 1251/1251/2452 1250/1250/2452
f 1247/1247/2453 1248/1248/2453 1252/1252/2453
f 1247/1247/2454 1252/1252/2454 1251/1251/2454
f 1248/1248/2455 1245/1245/2455 1249/1249/2455
f 1248/1248/2456 1249/1249/2456 1252/1252/2456
f 1249/1249/2457 1250/1250/2457 1254/1254/2457
f 1249/1249/2458 1254/1254/2458 1253/1253/2458
f 1250/1250/2459 1251/1251/2459 1255/1255/2459
f 1250/1250/2460 1255/1255/2460 1254/1254/2460
f 1251/1251/2461 1252/1252/2461 1256/1256/2461
f 1251/1251/2462 1256/1256/2462 1255/1255/2462
f 1252/1252/2463 1249/1249/2463 1253/1253/2463
f 1252/1252/2464 1253/1253/2464 1256/1256/2464
f 1253/1253/2465 1254/1254/2465 1258/1258/2465
f 1253/1253/2466 1258/1258/2466 1257/1257/2466
f 1254/1254/2467 1255/1255/2467 1259/1259/2467
f 1254/1254/2468 1259/1259/2468 1258/1258/2468
f 1255/1255/2469 1256/1256/2469 1260/1260/2469
f 1255/1255/2470 1260/1260/2470 1259/1259/2470
f 1256/1256/2471 1253/1253/2471 1257/1257/2471
f 1256/1256/2472 1257/1257/2472 1260/1260/2472
f 1257/1257/2473 1258/1258/2473 1262/1262/2473
f 1257/1257/2474 1262/1262/2474 1261/1261/2474
f 1258/1258/2475 1259/1259/2475 1263/1263/2475
f 1258/1258/2476 1263/1263/2476 1262/1262/2476
f 1259/1259/2477 1260/1260/2477 1264/1264/2477
f 1259/1259/2478 1264/1264/2478 1263/1263/2478
f 1260/1260/2479 1257/1257/2479 1261/1261/2479
f 1260/1260/2480 1261/1261/2480 1264/1264/2480
f 1261/1261/2481 1262/1262/2481 1266/1266/2481
f 1261/1261/2482 1266/1266/2482 1265/1265/2482
f 1262/1262/2483 1263/1263/2483 1267/1267/2483
f 1262/1262/2484 1267/1267/2484 1266/1266/2484
f 1263/1263/2485 1264/1264/2485 1268/1268/2485
f 1263/1263/2486 1268/1268/2486 1267/1267/2486
f 1264/1264/2487 1261/1261/2487 1265/1265/2487
f 1264/1264/2488 1265/1265/2488 1268/1268/2488
f 1265/1265/2489 1266/1266/2489 1270/1270/2489
f 1265/1265/2490 1270/1270/2490 1269/1269/2490
f 1266/1266/2491 1267/1267/2491 1271/1271/2491
f 1266/1266/2492 1271/1271/2492 1270/1270/2492
f 1267/1267/2493 1268/1268/2493 1272/1272/2493
f 1267/1267/2494 1272/1272/2494 1271/1271/2494
f 1268/1268/2495 1265/1265/2495 1269/1269/2495
f 1268/1268/2496 1269/1269/2496 1272/1272/2496
f 1269/1269/2497 1270/1270/2497 1274/1274/2497
f 1269/1269/2498 1274/1274/2498 1273/1273/2498
f 1270/1270/2499 1271/1271/2499 1275/1275/2499
f 1270/1270/2500 1275/1275/2500 1274/1274/2500
f 1271/1271/2501 1272/1272/2501 1276/1276/2501
f 1271/1271/2502 1276/1276/2502 1275/1275/2502
f 1272/1272/2503 1269/1269/2503 1273/1273/2503
f 1272/1272/2504 1273/1273/2504 1276/1276/2504
f 1273/1273/2505 1274/1274/2505 1278/1278/2505
f 1273/1273/2506 1278/1278/2506 1277/1277/2506
f 1274/1274/2507 1275/1275/2507 1279/1279/2507
f 1274/1274/2508 1279/1279/2508 1278/1278/2508
f 1275/1275/2509 1276/1276/2509 1280/1280/2509
f 1275/1275/2510 1280/1280/2510 1279/1279/2510
f 1276/1276/2511 1273/1273/2511 1277/1277/2511
f 1276/1276/2512 1277/1277/2512 1280/1280/2512
f 1277/1277/2513 1278/1278/2513 1282/1282/2513
f 1277/1277/2514 1282/1282/2514 1281/1281/2514
f 1278/1278/2515 1279/1279/2515 1283/1283/2515
f 1278/1278/2516 1283/1283/2516 1282/1282/2516
f 1279/1279/2517 1280/1280/2517 1284/1284/2517
f 1279/1279/2518 1284/1284/2518 1283/1283/2518
f 1280/1280/2519 1277/1277/2519 1281/1281/2519
f 1280/1280/2520 1281/1281/2520 1284/1284/2520
f 1281/1281/2521 1282/1282/2521 1286/1286/2521
f 1281/1281/2522 1286/1286/2522 1285/1285/2522
f 1282/1282/2523 1283/1283/2523 1287/1287/2523
f 1282/1282/2524 1287/1287/2524 1286/1286/2524
f 1283/1283/2525 1284/1284/2525 1288/1288/2525
f 1283/1283/2526 1288/1288/2526 1287/1287/2526
f 1284/1284/2527 1281/1281/2527 1285/1285/2527
f 1284/1284/2528 1285/1285/2528 1288/1288/2528
f 1285/1285/2529 1286/1286/2529 1290/1290/2529
f 1285/1285/2530 1290/1290/2530 1289/1289/2530
f 1286/1286/2531 1287/1287/2531 1291/1291/2531
f 1286/1286/2532 1291/1291/2532 1290/1290/2532
f 1287/1287/2533 1288/1288/2533 1292/1292/2533
f 1287/1287/2534 1292/1292/2534 1291/1291/2534
f 1288/1288/2535 1285/1285/2535 1289/1289/2535
f 1288/1288/2536 1289/1289/2536 1292/1292/2536
f 1289/1289/2537 1290/1290/2537 1294/1294/2537
f 1289/1289/2538 1294/1294/2538 1293/1293/2538
f 1290/1290/2539 1291/1291/2539 1295/1295/2539
f 1290/1290/2540 1295/1295/2540 1294/1294/2540
f 1291/1291/2541 1292/1292/2541 1296/1296/2541
f 1291/1291/2542 1296/1296/2542 1295/1295/2542
f 1292/1292/2543 1289/1289/2543 1293/1293/2543
f 1292/1292/2544 1293/1293/2544 1296/1296/2544
f 1293/1293/2545 1294/1294/2545 1298/1298/2545
f 1293/1293/2546 1298/1298/2546 1297/1297/2546
f 1294/1294/2547 1295/1295/2547 1299/1299/2547
f 1294/1294/2548 1299/1299/2548 1298/1298/2548
f 1295/1295/2549 1296/1296/2549 1300/1300/2549
f 1295/1295/2550 1300/1300/2550 1299/1299/2550
f 1296/1296/2551 1293/1293/2551 1297/1297/2551
f 1296/1296/2552 1297/1297/2552 1300/1300/2552
f 1297/1297/2553 1298/1298/2553 1302/1302/2553
f 1297/1297/2554 1302/1302/2554 1301/1301/2554
f 1298/1298/2555 1299/1299/2555 1303/1303/2555
f 1298/1298/2556 1303/1303/2556 1302/1302/2556
f 1299/1299/2557 1300/1300/2557 1304/1304/2557
f 1299/1299/2558 1304/1304/2558 1303/1303/2558
f 1300/1300/2559 1297/1297/2559 1301/1301/2559
f 1300/1300/2560 1301/1301/2560 1304/1304/2560
f 1301/1301/2561 1302/1302/2561 1306/1306/2561
f 1301/1301/2562 1306/1306/2562 1305/1305/2562
f 1302/1302/2563 1303/1303/2563 1307/1307/2563
f 1302/1302/2564 1307/1307/2564 1306/1306/2564
f 1303/1303/2565 1304/1304/2565 1308/1308/2565
f 1303/1303/2566 1308/1308/2566 1307/1307/2566
f 1304/1304/2567 1301/1301/2567 1305/1305/2567
f 1304/1304/2568 1305/1305/2568 1308/1308/2568
f 1305/1305/2569 1306/1306/2569 1310/1310/2569
f 1305/1305/2570 1310/1310/2570 1309/1309/2570
f 1306/1306/2571 1307/1307/2571 1311/1311/2571
f 1306/1306/2572 1311/1311/2572 1310/1310/2572
f 1307/1307/2573 1308/1308/2573 1312/1312/2573
f 1307/1307/2574 1312/1312/2574 1311/1311/2574
f 1308/1308/2575 1305/1305/2575 1309/1309/2575
f 1308/1308/2576 1309/1309/2576 1312/1312/2576
f 1309/1309/2577 1310/1310/2577 1314/1314/2577
f 1309/1309/2578 1314/1314/2578 1313/1313/2578
f 1310/1310/2579 1311/1311/2579 1315/1315/2579
f 1310/1310/2580 1315/1315/2580 1314/1314/2580
f 1311/1311/2581 1312/1312/2581 1316/1316/2581
f 1311/1311/2582 1316/1316/2582 1315/1315/2582
f 1312/1312/2583 1309/1309/2583 1313/1313/2583
f 1312/1312/2584 1313/1313/2584 1316/1316/2584
f 1313/1313/2585 1314/1314/2585 1318/1318/2585
f 1313/1313/2586 1318/1318/2586 1317/1317/2586
f 1314/1314/2587 1315/1315/2587 1319/1319/2587
f 1314/1314/2588 1319/1319/2588 1318/1318/2588
f 1315/1315/2589 1316/1316/2589 1320/1320/2589
f 1315/1315/2590 1320/1320/2590 1319/1319/2590
f 1316/1316/2591 1313/1313/2591 1317/1317/2591
f 1316/1316/2592 1317/1317/2592 1320/1320/2592
f 1317/1317/2593 1318/1318/2593 1322/1322/2593
f 1317/1317/2594 1322/1322/2594 1321/1321/2594
f 1318/1318/2595 1319/1319/2595 1323/1323/2595
f 1318/1318/2596 1323/1323/2596 1322/1322/2596
f 1319/1319/2597 1320/1320/2597 1324/1324/2597
f 1319/1319/2598 1324/1324/2598 1323/1323/2598
f 1320/1320/2599 1317/1317/2599 1321/1321/2599
f 1320/1320/2600 1321/1321/2600 1324/1324/2600
f 1321/1321/2601 1322/1322/2601 1326/1326/2601
f 1321/1321/2602 1326/1326/2602 1325/1325/2602
f 1322/1322/2603 1323/1323/2603 1327/1327/2603
f 1322/1322/2604 1327/1327/2604 1326/1326/2604
f 1323/1323/2605 1324/1324/2605 1328/1328/2605
f 1323/1323/2606 1328/1328/2606 1327/1327/2606
f 1324/1324/2607 1321/1321/2607 1325/1325/2607
f 1324/1324/2608 1325/1325/2608 1328/1328/2608
f 1325/1325/2609 1326/1326/2609 1330/1330/2609
f 1325/1325/2610 1330/1330/2610 1329/1329/2610
f 1326/1326/2611 1327/1327/2611 1331/1331/2611
f 1326/1326/2612 1331/1331/2612 1330/1330/2612
f 1327/1327/2613 1328/1328/2613 1332/1332/2613
f 1327/1327/2614 1332/1332/2614 1331/1331/2614
f 1328/1328/2615 1325/1325/2615 1329/1329/2615
f 1328/1328/2616 1329/1329/2616 1332/1332/2616
f 1329/1329/2617 1330/1330/2617 1334/1334/2617
f 1329/1329/2618 1334/1334/2618 1333/1333/2618
f 1330/1330/2619 1331/1331/2619 1335/1335/2619
f 1330/1330/2620 1335/1335/2620 1334/1334/2620
f 1331/1331/2621 1332/1332/2621 1336/1336/2621
f 1331/1331/2622 1336/1336/2622 1335/1335/2622
f 1332/1332/2623 1329/1329/2623 1333/1333/2623
f 1332/1332/2624 1333/1333/2624 1336/1336/2624
f 1333/1333/2625 1334/1334/2625 1338/1338/2625
f 1333/1333/2626 1338/1338/2626 1337/1337/2626
f 1334/1334/2627 1335/1335/2627 1339/1339/2627
f 1334/1334/2628 1339/1339/2628 1338/1338/2628
f 1335/1335/2629 1336/1336/2629 1340/1340/2629
f 1335/1335/2630 1340/1340/2630 1339/1339/2630
f 1336/1336/2631 1333/1333/2631 1337/1337/2631
f 1336/1336/2632 1337/1337/2632 1340/1340/2632
f 1337/1337/2633 1338/1338/2633 1342/1342/2633
f 1337/1337/2634 1342/1342/2634 1341/1341/2634
f 1338/1338/2635 1339/1339/2635 1343/1343/2635
f 1338/1338/2636 1343/1343/2636 1342/1342/2636
f 1339/1339/2637 1340/1340/2637 1344/1344/2637
f 1339/1339/2638 1344/1344/2638 1343/1343/2638
f 1340/1340/2639 1337/1337/2639 1341/1341/2639
f 1340/1340/2640 1341/1341/2640 1344/1344/2640
f 1341/1341/2641 1342/1342/2641 1346/1346/2641
f 1341/1341/2642 1346/1346/2642 1345/1345/2642
f 1342/1342/2643 1343/1343/2643 1347/1347/2643
f 1342/1342/2644 1347/1347/2644 1346/1346/2644
f 1343/1343/2645 1344/1344/2645 1348/1348/2645
f 1343/1343/2646 1348/1348/2646 1347/1347/2646
f 1344/1344/2647 1341/1341/2647 1345/1345/2647
f 1344/1344/2648 1345/1345/2648 1348/1348/2648
f 1345/1345/2649 1346/1346/2649 1350/1350/2649
f 1345/1345/2650 1350/1350/2650 1349/1349/2650
f 1346/1346/2651 1347/1347/2651 1351/1351/2651
f 1346/1346/2652 1351/1351/2652 1350/1350/2652
f 1347/1347/2653 1348/1348/2653 1352/1352/2653
f 1347/1347/2654 1352/1352/2654 1351/1351/2654
f 1348/1348/2655 1345/1345/2655 1349/1349/2655
f 1348/1348/2656 1349/1349/2656 1352/1352/2656
f 1349/1349/2657 1350/1350/2657 1354/1354/2657
f 1349/1349/2658 1354/1354/2658 1353/1353/2658
f 1350/1350/2659 1351/1351/2659 1355/1355/2659
f 1350/1350/2660 1355/1355/2660 1354/1354/2660
f 1351/1351/2661 1352/1352/2661 1356/1356/2661
f 1351/1351/2662 1356/1356/2662 1355/1355/2662
f 1352/1352/2663 1349/1349/2663 1353/1353/2663
f 1352/1352/2664 1353/1353/2664 1356/1356/2664
f 1353/1353/2665 1354/1354/2665 1358/1358/2665
f 1353/1353/2666 1358/1358/2666 1357/1357/2666
f 1354/1354/2667 1355/1355/2667 1359/1359/2667
f 1354/1354/2668 1359/1359/2668 1358/1358/2668
f 1355/1355/2669 1356/1356/2669 1360/1360/2669
f 1355/1355/2670 1360/1360/2670 1359/1359/2670
f 1356/1356/2671 1353/1353/2671 1357/1357/2671
f 1356/1356/2672 1357/1357/2672 1360/1360/2672
f 1245/1245/2673 1247/1247/2673 1246/1246/2673
f 1245/1245/2674 1248/1248/2674 1247/1247/2674
f 1357/1357/2675 1358/1358/2675 1359/1359/2675
f 1357/1357/2676 1359/1359/2676 1360/1360/2676
f 1361/1361/2677 1362/1362/2677 1366/1366/2677
f 1361/1361/2678 1366/1366/2678 1365/1365/2678
f 1362/1362/2679 1363/1363/2679 1367/1367/2679
f 1362/1362/2680 1367/1367/2680 1366/1366/2680
f 1363/1363/2681 1364/1364/2681 1368/1368/2681
f 1363/1363/2682 1368/1368/2682 1367/1367/2682
f 1364/1364/2683 1361/1361/2683 1365/1365/2683
f 1364/1364/2684 1365/1365/2684 1368/1368/2684
f 1365/1365/2685 1366/1366/2685 1370/1370/2685
f 1365/1365/2686 1370/1370/2686 1369/1369/2686
f 1366/1366/2687 1367/1367/2687 1371/1371/2687
f 1366/1366/2688 1371/1371/2688 1370/1370/2688
f 1367/1367/2689 1368/1368/2689 1372/1372/2689
f 1367/1367/2690 1372/1372/2690 1371/1371/2690
f 1368/1368/2691 1365/1365/2691 1369/1369/2691
f 1368/1368/2692 1369/1369/2692 1372/1372/2692
f 1369/1369/2693 1370/1370/2693 1374/1374/2693
f 1369/1369/2694 1374/1374/2694 1373/1373/2694
f 1370/1370/2695 1371/1371/2695 1375/1375/2695
f 1370/1370/2696 1375/1375/2696 1374/1374/2696
f 1371/1371/2697 1372/1372/2697 1376/1376/2697
f 1371/1371/2698 1376/1376/2698 1375/1375/2698
f 1372/1372/2699 1369/1369/2699 1373/1373/2699
f 1372/1372/2700 1373/1373/2700 1376/1376/2700
f 1373/1373/2701 1374/1374/2701 1378/1378/2701
f 1373/1373/2702 1378/1378/2702 1377/1377/2702
f 1374/1374/2703 1375/1375/2703 1379/1379/2703
f 1374/1374/2704 1379/1379/2704 1378/1378/2704
f 1375/1375/2705 1376/1376/2705 1380/1380/2705
f 1375/1375/2706 1380/1380/2706 1379/1379/2706
f 1376/1376/2707 1373/1373/2707 1377/1377/2707
f 1376/1376/2708 1377/1377/2708 1380/1380/2708
f 1377/1377/2709 1378/1378/2709 1382/1382/2709
f 1377/1377/2710 1382/1382/2710 1381/1381/2710
f 1378/1378/2711 1379/1379/2711 1383/1383/2711
f 1378/1378/2712 1383/1383/2712 1382/1382/2712
f 1379/1379/2713 1380/1380/2713 1384/1384/2713
f 1379/1379/2714 1384/1384/2714 1383/1383/2714
f 1380/1380/2715 1377/1377/2715 1381/1381/2715
f 1380/1380/2716 1381/1381/2716 1384/1384/2716
f 1381/1381/2717 1382/1382/2717 1386/1386/2717
f 1381/1381/2718 1386/1386/2718 1385/1385/2718
f 1382/1382/2719 1383/1383/2719 1387/1387/2719
f 1382/1382/2720 1387/1387/2720 1386/1386/2720
f 1383/1383/2721 1384/1384/2721 1388/1388/2721
f 1383/1383/2722 1388/1388/2722 1387/1387/2722
f 1384/1384/2723 1381/1381/2723 1385/1385/2723
f 1384/1384/2724 1385/1385/2724 1388/1388/2724
f 1385/1385/2725 1386/1386/2725 1390/1390/2725
f 1385/1385/2726 1390/1390/2726 1389/1389/2726
f 1386/1386/2727 1387/1387/2727 1391/1391/2727
f 1386/1386/2728 1391/1391/2728 1390/1390/2728
f 1387/1387/2729 1388/1388/2729 1392/1392/2729
f 1387/1387/2730 1392/1392/2730 1391/1391/2730
f 1388/1388/2731 1385/1385/2731 1389/1389/2731
f 1388/1388/2732 1389/1389/2732 1392/1392/2732
f 1389/1389/2733 1390/1390/2733 1394/1394/2733
f 1389/1389/2734 1394/1394/2734 1393/1393/2734
f 1390/1390/2735 1391/1391/2735 1395/1395/2735
f 1390/1390/2736 1395/1395/2736 1394/1394/2736
f 1391/1391/2737 1392/1392/2737 1396/1396/2737
f 1391/1391/2738 1396/1396/2738 1395/1395/2738
f 1392/1392/2739 1389/1389/2739 1393/1393/2739
f 1392/1392/2740 1393/1393/2740 1396/1396/2740
f 1393/1393/2741 1394/1394/2741 1398/1398/2741
f 1393/1393/2742 1398/1398/2742 1397/1397/2742
f 1394/1394/2743 1395/1395/2743 1399/1399/2743
f 1394/1394/2744 1399/1399/2744 1398/1398/2744
f 1395/1395/2745 1396/1396/2745 1400/1400/2745
f 1395/1395/2746 1400/1400/2746 1399/1399/2746
f 1396/1396/2747 1393/1393/2747 1397/1397/2747
f 1396/1396/2748 1397/1397/2748 1400/1400/2748
f 1397/1397/2749 1398/1398/2749 1402/1402/2749
f 1397/1397/2750 1402/1402/2750 1401/1401/2750
f 1398/1398/2751 1399/1399/2751 1403/1403/2751
f 1398/1398/2752 1403/1403/2752 1402/1402/2752
f 1399/1399/2753 1400/1400/2753 1404/1404/2753
f 1399/1399/2754 1404/1404/2754 1403/1403/2754
f 1400/1400/2755 1397/1397/2755 1401/1401/2755
f 1400/1400/2756 1401/1401/2756 1404/1404/2756
f 1401/1401/2757 1402/1402/2757 1406/1406/2757
f 1401/1401/2758 1406/1406/2758 1405/1405/2758
f 1402/1402/2759 1403/1403/2759 1407/1407/2759
f 1402/1402/2760 1407/1407/2760 1406/1406/2760
f 1403/1403/2761 1404/1404/2761 1408/1408/2761
f 1403/1403/2762 1408/1408/2762 1407/1407/2762
f 1404/1404/2763 1401/1401/2763 1405/1405/2763
f 1404/1404/2764 1405/1405/2764 1408/1408/2764
f 1405/1405/2765 1406/1406/2765 1410/1410/2765
f 1405/1405/2766 1410/1410/2766 1409/1409/2766
f 1406/1406/2767 1407/1407/2767 1411/1411/2767
f 1406/1406/2768 1411/1411/2768 1410/1410/2768
f 1407/1407/2769 1408/1408/2769 1412/1412/2769
f 1407/1407/2770 1412/1412/2770 1411/1411/2770
f 1408/1408/2771 1405/1405/2771 1409/1409/2771
f 1408/1408/2772 1409/1409/2772 1412/1412/2772
f 1409/1409/2773 1410/1410/2773 1414/1414/2773
f 1409/1409/2774 1414/1414/2774 1413/1413/2774
f 1410/1410/2775 1411/1411/2775 1415/1415/2775
f 1410/1410/2776 1415/1415/2776 1414/1414/2776
f 1411/1411/2777 1412/1412/2777 1416/1416/2777
f 1411/1411/2778 1416/1416/2778 1415/1415/2778
f 1412/1412/2779 1409/1409/2779 1413/1413/2779
f 1412/1412/2780 1413/1413/2780 1416/1416/2780
f 1413/1413/2781 1414/1414/2781 1418/1418/2781
f 1413/1413/2782 1418/1418/2782 1417/1417/2782
f 1414/1414/2783 1415/1415/2783 1419/1419/2783
f 1414/1414/2784 1419/1419/2784 1418/1418/2784
f 1415/1415/2785 1416/1416/2785 1420/1420/2785
f 1415/1415/2786 1420/1420/2786 1419/1419/2786
f 1416/1416/2787 1413/1413/2787 1417/1417/2787
f 1416/1416/2788 1417/1417/2788 1420/1420/2788
f 1417/1417/2789 1418/1418/2789 1422/1422/2789
f 1417/1417/2790 1422/1422/2790 1421/1421/2790
f 1418/1418/2791 1419/1419/2791 1423/1423/2791
f 1418/1418/2792 1423/1423/2792 1422/1422/2792
f 1419/1419/2793 1420/1420/2793 1424/1424/2793
f 1419/1419/2794 1424/1424/2794 1423/1423/2794
f 1420/1420/2795 1417/1417/2795 1421/1421/2795
f 1420/1420/2796 1421/1421/2796 1424/1424/2796
f 1421/1421/2797 1422/1422/2797 1426/1426/2797
f 1421/1421/2798 1426/1426/2798 1425/1425/2798
f 1422/1422/2799 1423/1423/2799 1427/1427/2799
f 1422/1422/2800 1427/1427/2800 1426/1426/2800
f 1423/1423/2801 1424/1424/2801 1428/1428/2801
f 1423/1423/2802 1428/1428/2802 1427/1427/2802
f 1424/1424/2803 1421/1421/2803 1425/1425/2803
f 1424/1424/2804 1425/1425/2804 1428/1428/2804
f 1425/1425/2805 1426/1426/2805 1430/1430/2805
f 1425/1425/2806 1430/1430/2806 1429/1429/2806
f 1426/1426/2807 1427/1427/2807 1431/1431/2807
f 1426/1426/2808 1431/1431/2808 1430/1430/2808
f 1427/1427/2809 1428/1428/2809 1432/1432/2809
f 1427/1427/2810 1432/1432/2810 1431/1431/2810
f 1428/1428/2811 1425/1425/2811 1429/1429/2811
f 1428/1428/2812 1429/1429/2812 1432/1432/2812
f 1429/1429/2813 1430/1430/2813 1434/1434/2813
f 1429/1429/2814 1434/1434/2814 1433/1433/2814
f 1430/1430/2815 1431/1431/2815 1435/1435/2815
f 1430/1430/2816 1435/1435/2816 1434/1434/2816
f 1431/1431/2817 1432/1432/2817 1436/1436/2817
f 1431/1431/2818 1436/1436/2818 1435/1435/2818
f 1432/1432/2819 1429/1429/2819 1433/1433/2819
f 1432/1432/2820 1433/1433/2820 1436/1436/2820
f 1433/1433/2821 1434/1434/2821 1438/1438/2821
f 1433/1433/2822 1438/1438/2822 1437/1437/2822
f 1434/1434/2823 1435/1435/2823 1439/1439/2823
f 1434/1434/2824 1439/1439/2824 1438/1438/2824
f 1435/1435/2825 1436/1436/2825 1440/1440/2825
f 1435/1435/2826 1440/1440/2826 1439/1439/2826
f 1436/1436/2827 1433/1433/2827 1437/1437/2827
f 1436/1436/2828 1437/1437/2828 1440/1440/2828
f 1437/1437/2829 1438/1438/2829 1442/1442/2829
f 1437/1437/2830 1442/1442/2830 1441/1441/2830
f 1438/1438/2831 1439/1439/2831 1443/1443/2831
f 1438/1438/2832 1443/1443/2832 1442/1442/2832
f 1439/1439/2833 1440/1440/2833 1444/1444/2833
f 1439/1439/2834 1444/1444/2834 1443/1443/2834
f 1440/1440/2835 1437/1437/2835 1441/1441/2835
f 1440/1440/2836 1441/1441/2836 1444/1444/2836
f 1441/1441/2837 1442/1442/2837 1446/1446/2837
f 1441/1441/2838 1446/1446/2838 1445/1445/2838
f 1442/1442/2839 1443/1443/2839 1447/1447/2839
f 1442/1442/2840 1447/1447/2840 1446/1446/2840
f 1443/1443/2841 1444/1444/2841 1448/1448/2841
f 1443/1443/2842 1448/1448/2842 1447/1447/2842
f 1444/1444/2843 1441/1441/2843 1445/1445/2843
f 1444/1444/2844 1445/1445/2844 1448/1448/2844
f 1445/1445/2845 1446/1446/2845 1450/1450/2845
f 1445/1445/2846 1450/1450/2846 1449/1449/2846
f 1446/1446/2847 1447/1447/2847 1451/1451/2847
f 1446/1446/2848 1451/1451/2848 1450/1450/2848
f 1447/1447/2849 1448/1448/2849 1452/1452/2849
f 1447/1447/2850 1452/1452/2850 1451/1451/2850
f 1448/1448/2851 1445/1445/2851 1449/1449/2851
f 1448/1448/2852 1449/1449/2852 1452/1452/2852
f 1449/1449/2853 1450/1450/2853 1454/1454/2853
f 1449/1449/2854 1454/1454/2854 1453/1453/2854
f 1450/1450/2855 1451/1451/2855 1455/1455/2855
f 1450/1450/2856 1455/1455/2856 1454/1454/2856
f 1451/1451/2857 1452/1452/2857 1456/1456/2857
f 1451/1451/2858 1456/1456/2858 1455/1455/2858
f 1452/1452/2859 1449/1449/2859 1453/1453/2859
f 1452/1452/2860 1453/1453/2860 1456/1456/2860
f 1453/1453/2861 1454/1454/2861 1458/1458/2861
f 1453/1453/2862 1458/1458/2862 1457/1457/2862
f 1454/1454/2863 1455/1455/2863 1459/1459/2863
f 1454/1454/2864 1459/1459/2864 1458/1458/2864
f 1455/1455/2865 1456/1456/2865 1460/1460/2865
f 1455/1455/2866 1460/1460/2866 1459/1459/2866
f 1456/1456/2867 1453/1453/2867 1457/1457/2867
f 1456/1456/2868 1457/1457/2868 1460/1460/2868
f 1457/1457/2869 1458/1458/2869 1462/1462/2869
f 1457/1457/2870 1462/1462/2870 1461/1461/2870
f 1458/1458/2871 1459/1459/2871 1463/1463/2871
f 1458/1458/2872 1463/1463/2872 1462/1462/2872
f 1459/1459/2873 1460/1460/2873 1464/1464/2873
f 1459/1459/2874 1464/1464/2874 1463/1463/2874
f 1460/1460/2875 1457/1457/2875 1461/1461/2875
f 1460/1460/2876 1461/1461/2876 1464/1464/2876
f 1461/1461/2877 1462/1462/2877 1466/1466/2877
f 1461/1461/2878 1466/1466/2878 1465/1465/2878
f 1462/1462/2879 1463/1463/2879 1467/1467/2879
f 1462/1462/2880 1467/1467/2880 1466/1466/2880
f 1463/1463/2881 1464/1464/2881 1468/1468/2881
f 1463/1463/2882 1468/1468/2882 1467/1467/2882
f 1464/1464/2883 1461/1461/2883 1465/1465/2883
f 1464/1464/2884 1465/1465/2884 1468/1468/2884
f 1465/1465/2885 1466/1466/2885 1470/1470/2885
f 1465/1465/2886 1470/1470/2886 1469/1469/2886
f 1466/1466/2887 1467/1467/2887 1471/1471/2887
f 1466/1466/2888 1471/1471/2888 1470/1470/2888
f 1467/1467/2889 1468/1468/2889 1472/1472/2889
f 1467/1467/2890 1472/1472/2890 1471/1471/2890
f 1468/1468/2891 1465/1465/2891 1469/1469/2891
f 1468/1468/2892 1469/1469/2892 1472/1472/2892
f 1469/1469/2893 1470/1470/2893 1474/1474/2893
f 1469/1469/2894 1474/1474/2894 1473/1473/2894
f 1470/1470/2895 1471/1471/2895 1475/1475/2895
f 1470/1470/2896 1475/1475/2896 1474/1474/2896
f 1471/1471/2897 1472/1472/2897 1476/1476/2897
f 1471/1471/2898 1476/1476/2898 1475/1475/2898
f 1472/1472/2899 1469/1469/2899 1473/1473/2899
f 1472/1472/2900 1473/1473/2900 1476/1476/2900
f 1361/1361/2901 1363/1363/2901 1362/1362/2901
f 1361/1361/2902 1364/1364/2902 1363/1363/2902
f 1473/1473/2903 1474/1474/2903 1475/1475/2903
f 1473/1473/2904 1475/1475/2904 1476/1476/2904
f 1477/1477/2905 1478/1478/2905 1482/1482/2905
f 1477/1477/2906 1482/1482/2906 1481/1481/2906
f 1478/1478/2907 1479/1479/2907 1483/1483/2907
f 1478/1478/2908 1483/1483/2908 1482/1482/2908
f 1479/1479/2909 1480/1480/2909 1484/1484/2909
f 1479/1479/2910 1484/1484/2910 1483/1483/2910
f 1480/1480/2911 1477/1477/2911 1481/1481/2911
f 1480/1480/2912 1481/1481/2912 1484/1484/2912
f 1481/1481/2913 1482/1482/2913 1486/1486/2913
f 1481/1481/2914 1486/1486/2914 1485/1485/2914
f 1482/1482/2915 1483/1483/2915 1487/1487/2915
f 1482/1482/2916 1487/1487/2916 1486/1486/2916
f 1483/1483/2917 1484/1484/2917 1488/1488/2917
f 1483/1483/2918 1488/1488/2918 1487/1487/2918
f 1484/1484/2919 1481/1481/2919 1485/1485/2919
f 1484/1484/2920 1485/1485/2920 1488/1488/2920
f 1485/1485/2921 1486/1486/2921 1490/1490/2921
f 1485/1485/2922 1490/1490/2922 1489/1489/2922
f 1486/1486/2923 1487/1487/2923 1491/1491/2923
f 1486/1486/2924 1491/1491/2924 1490/1490/2924
f 1487/1487/2925 1488/1488/2925 1492/1492/2925
f 1487/1487/2926 1492/1492/2926 1491/1491/2926
f 1488/1488/2927 1485/1485/2927 1489/1489/2927
f 1488/1488/2928 1489/1489/2928 1492/1492/2928
f 1489/1489/2929 1490/1490/2929 1494/1494/2929
f 1489/1489/2930 1494/1494/2930 1493/1493/2930
f 1490/1490/2931 1491/1491/2931 1495/1495/2931
f 1490/1490/2932 1495/1495/2932 1494/1494/2932
f 1491/1491/2933 1492/1492/2933 1496/1496/2933
f 1491/1491/2934 1496/1496/2934 1495/1495/2934
f 1492/1492/2935 1489/1489/2935 1493/1493/2935
f 1492/1492/2936 1493/1493/2936 1496/1496/2936
f 1493/1493/2937 1494/1494/2937 1498/1498/2937
f 1493/1493/2938 1498/1498/2938 1497/1497/2938
f 1494/1494/2939 1495/1495/2939 1499/1499/2939
f 1494/1494/2940 1499/1499/2940 1498/1498/2940
f 1495/1495/2941 1496/1496/2941 1500/1500/2941
f 1495/1495/2942 1500/1500/2942 1499/1499/2942
f 1496/1496/2943 1493/1493/2943 1497/1497/2943
f 1496/1496/2944 1497/1497/2944 1500/1500/2944
f 1497/1497/2945 1498/1498/2945 1502/1502/2945
f 1497/1497/2946 1502/1502/2946 1501/1501/2946
f 1498/1498/2947 1499/1499/2947 1503/1503/2947
f 1498/1498/2948 1503/1503/2948 1502/1502/2948
f 1499/1499/2949 1500/1500/2949 1504/1504/2949
f 1499/1499/2950 1504/1504/2950 1503/1503/2950
f 1500/1500/2951 1497/1497/2951 1501/1501/2951
f 1500/1500/2952 1501/1501/2952 1504/1504/2952
f 1501/1501/2953 1502/1502/2953 1506/1506/2953
f 1501/1501/2954 1506/1506/2954 1505/1505/2954
f 1502/1502/2955 1503/1503/2955 1507/1507/2955
f 1502/1502/2956 1507/1507/2956 1506/1506/2956
f 1503/1503/2957 1504/1504/2957 1508/1508/2957
f 1503/1503/2958 1508/1508/2958 1507/1507/2958
f 1504/1504/2959 1501/1501/2959 1505/1505/2959
f 1504/1504/2960 1505/1505/2960 1508/1508/2960
f 1505/1505/2961 1506/1506/2961 1510/1510/2961
f 1505/1505/2962 1510/1510/2962 1509/1509/2962
f 1506/1506/2963 1507/1507/2963 1511/1511/2963
f 1506/1506/2964 1511/1511/2964 1510/1510/2964
f 1507/1507/2965 1508/1508/2965 1512/1512/2965
f 1507/1507/2966 1512/1512/2966 1511/1511/2966
f 1508/1508/2967 1505/1505/2967 1509/1509/2967
f 1508/1508/2968 1509/1509/2968 1512/1512/2968
f 1509/1509/2969 1510/1510/2969 1514/1514/2969
f 1509/1509/2970 1514/1514/2970 1513/1513/2970
f 1510/1510/2971 1511/1511/2971 1515/1515/2971
f 1510/1510/2972 1515/1515/2972 1514/1514/2972
f 1511/1511/2973 1512/1512/2973 1516/1516/2973
f 1511/1511/2974 1516/1516/2974 1515/1515/2974
f 1512/1512/2975 1509/1509/2975 1513/1513/2975
f 1512/1512/2976 1513/1513/2976 1516/1516/2976
f 1513/1513/2977 1514/1514/2977 1518/1518/2977
f 1513/1513/2978 1518/1518/2978 1517/1517/2978
f 1514/1514/2979 1515/1515/2979 1519/1519/2979
f 1514/1514/2980 1519/1519/2980 1518/1518/2980
f 1515/1515/2981 1516/1516/2981 1520/1520/2981
f 1515/1515/2982 1520/1520/2982 1519/1519/2982
f 1516/1516/2983 1513/1513/2983 1517/1517/2983
f 1516/1516/2984 1517/1517/2984 1520/1520/2984
f 1517/1517/2985 1518/1518/2985 1522/1522/2985
f 1517/1517/2986 1522/1522/2986 1521/1521/2986
f 1518/1518/2987 1519/1519/2987 1523/1523/2987
f 1518/1518/2988 1523/1523/2988 1522/1522/2988
f 1519/1519/2989 1520/1520/2989 1524/1524/2989
f 1519/1519/2990 1524/1524/2990 1523/1523/2990
f 1520/1520/2991 1517/1517/2991 1521/1521/2991
f 1520/1520/2992 1521/1521/2992 1524/1524/2992
f 1521/1521/2993 1522/1522/2993 1526/1526/2993
f 1521/1521/2994 1526/1526/2994 1525/1525/2994
f 1522/1522/2995 1523/1523/2995 1527/1527/2995
f 1522/1522/2996 1527/1527/2996 1526/1526/2996
f 1523/1523/2997 1524/1524/2997 1528/1528/2997
f 1523/1523/2998 1528/1528/2998 1527/1527/2998
f 1524/1524/2999 1521/1521/2999 1525/1525/2999
f 1524/1524/3000 1525/1525/3000 1528/1528/3000
f 1525/1525/3001 1526/1526/3001 1530/1530/3001
f 1525/1525/3002 1530/1530/3002 1529/1529/3002
f 1526/1526/3003 1527/1527/3003 1531/1531/3003
f 1526/1526/3004 1531/1531/3004 1530/1530/3004
f 1527/1527/3005 1528/1528/3005 1532/1532/3005
f 1527/1527/3006 1532/1532/3006 1531/1531/3006
f 1528/1528/3007 1525/1525/3007 1529/1529/3007
f 1528/1528/3008 1529/1529/3008 1532/1532/3008
f 1529/1529/3009 1530/1530/3009 1534/1534/3009
f 1529/1529/3010 1534/1534/3010 1533/1533/3010
f 1530/1530/3011 1531/1531/3011 1535/1535/3011
f 1530/1530/3012 1535/1535/3012 1534/1534/3012
f 1531/1531/3013 1532/1532/3013 1536/1536/3013
f 1531/1531/3014 1536/1536/3014 1535/1535/3014
f 1532/1532/3015 1529/1529/3015 1533/1533/3015
f 1532/1532/3016 1533/1533/3016 1536/1536/3016
f 1533/1533/3017 1534/1534/3017 1538/1538/3017
f 1533/1533/3018 1538/1538/3018 1537/1537/3018
f 1534/1534/3019 1535/1535/3019 1539/1539/3019
f 1534/1534/3020 1539/1539/3020 1538/1538/3020
f 1535/1535/3021 1536/1536/3021 1540/1540/3021
f 1535/1535/3022 1540/1540/3022 1539/1539/3022
f 1536/1536/3023 1533/1533/3023 1537/1537/3023
f 1536/1536/3024 1537/1537/3024 1540/1540/3024
f 1537/1537/3025 1538/1538/3025 1542/1542/3025
f 1537/1537/3026 1542/1542/3026 1541/1541/3026
f 1538/1538/3027 1539/1539/3027 1543/1543/3027
f 1538/1538/3028 1543/1543/3028 1542/1542/3028
f 1539/1539/3029 1540/1540/3029 1544/1544/3029
f 1539/1539/3030 1544/1544/3030 1543/1543/3030
f 1540/1540/3031 1537/1537/3031 1541/1541/3031
f 1540/1540/3032 1541/1541/3032 1544/1544/3032
f 1541/1541/3033 1542/1542/3033 1546/1546/3033
f 1541/1541/3034 1546/1546/3034 1545/1545/3034
f 1542/1542/3035 1543/1543/3035 1547/1547/3035
f 1542/1542/3036 1547/1547/3036 1546/1546/3036
f 1543/1543/3037 1544/1544/3037 1548/1548/3037
f 1543/1543/3038 1548/1548/3038 1547/1547/3038
f 1544/1544/3039 1541/1541/3039 1545/1545/3039
f 1544/1544/3040 1545/1545/3040 1548/1548/3040
f 1545/1545/3041 1546/1546/3041 1550/1550/3041
f 1545/1545/3042 1550/1550/3042 1549/1549/3042
f 1546/1546/3043 1547/1547/3043 1551/1551/3043
f 1546/1546/3044 1551/1551/3044 1550/1550/3044
f 1547/1547/3045 1548/1548/3045 1552/1552/3045
f 1547/1547/3046 1552/1552/3046 1551/1551/3046
f 1548/1548/3047 1545/1545/3047 1549/1549/3047
f 1548/1548/3048 1549/1549/3048 1552/1552/3048
f 1549/1549/3049 1550/1550/3049 1554/1554/3049
f 1549/1549/3050 1554/1554/3050 1553/1553/3050
f 1550/1550/3051 1551/1551/3051 1555/1555/3051
f 1550/1550/3052 1555/1555/3052 1554/1554/3052
f 1551/1551/3053 1552/1552/3053 1556/1556/3053
f 1551/1551/3054 1556/1556/3054 1555/1555/3054
f 1552/1552/3055 1549/1549/3055 1553/1553/3055
f 1552/1552/3056 1553/1553/3056 1556/1556/3056
f 1553/1553/3057 1554/1554/3057 1558/1558/3057
f 1553/1553/3058 1558/1558/3058 1557/1557/3058
f 1554/1554/3059 1555/1555/3059 1559/1559/3059
f 1554/1554/3060 1559/1559/3060 1558/1558/3060
f 1555/1555/3061 1556/1556/3061 1560/1560/3061
f 1555/1555/3062 1560/1560/3062 1559/1559/3062
f 1556/1556/3063 1553/1553/3063 1557/1557/3063
f 1556/1556/3064 1557/1557/3064 1560/1560/3064
f 1557/1557/3065 1558/1558/3065 1562/1562/3065
f 1557/1557/3066 1562/1562/3066 1561/1561/3066
f 1558/1558/3067 1559/1559/3067 1563/1563/3067
f 1558/1558/3068 1563/1563/3068 1562/1562/3068
f 1559/1559/3069 1560/1560/3069 1564/1564/3069
f 1559/1559/3070 1564/1564/3070 1563/1563/3070
f 1560/1560/3071 1557/1557/3071 1561/1561/3071
f 1560/1560/3072 1561/1561/3072 1564/1564/3072
f 1561/1561/3073 1562/1562/3073 1566/1566/3073
f 1561/1561/3074 1566/1566/3074 1565/1565/3074
f 1562/1562/3075 1563/1563/3075 1567/1567/3075
f 1562/1562/3076 1567/1567/3076 1566/1566/3076
f 1563/1563/3077 1564/1564/3077 1568/1568/3077
f 1563/1563/3078 1568/1568/3078 1567/1567/3078
f 1564/1564/3079 1561/1561/3079 1565/1565/3079
f 1564/1564/3080 1565/1565/3080 1568/1568/3080
f 1565/1565/3081 1566/1566/3081 1570/1570/3081
f 1565/1565/3082 1570/1570/3082 1569/1569/3082
f 1566/1566/3083 1567/1567/3083 1571/1571/3083
f 1566/1566/3084 1571/1571/3084 1570/1570/3084
f 1567/1567/3085 1568/1568/3085 1572/1572/3085
f 1567/1567/3086 1572/1572/3086 1571/1571/3086
f 1568/1568/3087 1565/1565/3087 1569/1569/3087
f 1568/1568/3088 1569/1569/3088 1572/1572/3088
f 1569/1569/3089 1570/1570/3089 1574/1574/3089
f 1569/1569/3090 1574/1574/3090 1573/1573/3090
f 1570/1570/3091 1571/1571/3091 1575/1575/3091
f 1570/1570/3092 1575/1575/3092 1574/1574/3092
f 1571/1571/3093 1572/1572/3093 1576/1576/3093
f 1571/1571/3094 1576/1576/3094 1575/1575/3094
f 1572/1572/3095 1569/1569/3095 1573/1573/3095
f 1572/1572/3096 1573/1573/3096 1576/1576/3096
f 1573/1573/3097 1574/1574/3097 1578/1578/3097
f 1573/1573/3098 1578/1578/3098 1577/1577/3098
f 1574/1574/3099 1575/1575/3099 1579/1579/3099
f 1574/1574/3100 1579/1579/3100 1578/1578/3100
f 1575/1575/3101 1576/1576/3101 1580/1580/3101
f 1575/1575/3102 1580/1580/3102 1579/1579/3102
f 1576/1576/3103 1573/1573/3103 1577/1577/3103
f 1576/1576/3104 1577/1577/3104 1580/1580/3104
f 1577/1577/3105 1578/1578/3105 1582/1582/3105
f 1577/1577/3106 1582/1582/3106 1581/1581/3106
f 1578/1578/3107 1579/1579/3107 1583/1583/3107
f 1578/1578/3108 1583/1583/3108 1582/1582/3108
f 1579/1579/3109 1580/1580/3109 1584/1584/3109
f 1579/1579/3110 1584/1584/3110 1583/1583/3110
f 1580/1580/3111 1577/1577/3111 1581/1581/3111
f 1580/1580/3112 1581/1581/3112 1584/1584/3112
f 1581/1581/3113 1582/1582/3113 1586/1586/3113
f 1581/1581/3114 1586/1586/3114 1585/1585/3114
f 1582/1582/3115 1583/1583/3115 1587/1587/3115
f 1582/1582/3116 1587/1587/3116 1586/1586/3116
f 1583/1583/3117 1584/1584/3117 1588/1588/3117
f 1583/1583/3118 1588/1588/3118 1587/1587/3118
f 1584/1584/3119 1581/1581/3119 1585/1585/3119
f 1584/1584/3120 1585/1585/3120 1588/1588/3120
f 1585/1585/3121 1586/1586/3121 1590/1590/3121
f 1585/1585/3122 1590/1590/3122 1589/1589/3122
f 1586/1586/3123 1587/1587/3123 1591/1591/3123
f 1586/1586/3124 1591/1591/3124 1590/1590/3124
f 1587/1587/3125 1588/1588/3125 1592/1592/3125
f 1587/1587/3126 1592/1592/3126 1591/1591/3126
f 1588/1588/3127 1585/1585/3127 1589/1589/3127
f 1588/1588/3128 1589/1589/3128 1592/1592/3128
f 1477/1477/3129 1479/1479/3129 1478/1478/3129
f 1477/1477/3130 1480/1480/3130 1479/1479/3130
f 1589/1589/3131 1590/1590/3131 1591/1591/3131
f 1589/1589/3132 1591/1591/3132 1592/1592/3132
f 1593/1593/3133 1594/1594/3133 1598/1598/3133
f 1593/1593/3134 1598/1598/3134 1597/1597/3134
f 1594/1594/3135 1595/1595/3135 1599/1599/3135
f 1594/1594/3136 1599/1599/3136 1598/1598/3136
f 1595/1595/3137 1596/1596/3137 1600/1600/3137
f 1595/1595/3138 1600/1600/3138 1599/1599/3138
f 1596/1596/3139 1593/1593/3139 1597/1597/3139
f 1596/1596/3140 1597/1597/3140 1600/1600/3140
f 1597/1597/3141 1598/1598/3141 1602/1602/3141
f 1597/1597/3142 1602/1602/3142 1601/1601/3142
f 1598/1598/3143 1599/1599/3143 1603/1603/3143
f 1598/1598/3144 1603/1603/3144 1602/1602/3144
f 1599/1599/3145 1600/1600/3145 1604/1604/3145
f 1599/1599/3146 1604/1604/3146 1603/1603/3146
f 1600/1600/3147 1597/1597/3147 1601/1601/3147
f 1600/1600/3148 1601/1601/3148 1604/1604/3148
f 1601/1601/3149 1602/1602/3149 1606/1606/3149
f 1601/1601/3150 1606/1606/3150 1605/1605/3150
f 1602/1602/3151 1603/1603/3151 1607/1607/3151
f 1602/1602/3152 1607/1607/3152 1606/1606/3152
f 1603/1603/3153 1604/1604/3153 1608/1608/3153
f 1603/1603/3154 1608/1608/3154 1607/1607/3154
f 1604/1604/3155 1601/1601/3155 1605/1605/3155
f 1604/1604/3156 1605/1605/3156 1608/1608/3156
f 1605/1605/3157 1606/1606/3157 1610/1610/3157
f 1605/1605/3158 1610/1610/3158 1609/1609/3158
f 1606/1606/3159 1607/1607/3159 1611/1611/3159
f 1606/1606/3160 1611/1611/3160 1610/1610/3160
f 1607/1607/3161 1608/1608/3161 1612/1612/3161
f 1607/1607/3162 1612/1612/3162 1611/1611/3162
f 1608/1608/3163 1605/1605/3163 1609/1609/3163
f 1608/1608/3164 1609/1609/3164 1612/1612/3164
f 1609/1609/3165 1610/1610/3165 1614/1614/3165
f 1609/1609/3166 1614/1614/3166 1613/1613/3166
f 1610/1610/3167 1611/1611/3167 1615/1615/3167
f 1610/1610/3168 1615/1615/3168 1614/1614/3168
f 1611/1611/3169 1612/1612/3169 1616/1616/3169
f 1611/1611/3170 1616/1616/3170 1615/1615/3170
f 1612/1612/3171 1609/1609/3171 1613/1613/3171
f 1612/1612/3172 1613/1613/3172 1616/1616/3172
f 1613/1613/3173 1614/1614/3173 1618/1618/3173
f 1613/1613/3174 1618/1618/3174 1617/1617/3174
f 1614/1614/3175 1615/1615/3175 1619/1619/3175
f 1614/1614/3176 1619/1619/3176 1618/1618/3176
f 1615/1615/3177 1616/1616/3177 1620/1620/3177
f 1615/1615/3178 1620/1620/3178 1619/1619/3178
f 1616/1616/3179 1613/1613/3179 1617/1617/3179
f 1616/1616/3180 1617/1617/3180 1620/1620/3180
f 1617/1617/3181 1618/1618/3181 1622/1622/3181
f 1617/1617/3182 1622/1622/3182 1621/1621/3182
f 1618/1618/3183 1619/1619/3183 1623/1623/3183
f 1618/1618/3184 1623/1623/3184 1622/1622/3184
f 1619/1619/3185 1620/1620/3185 1624/1624/3185
f 1619/1619/3186 1624/1624/3186 1623/1623/3186
f 1620/1620/3187 1617/1617/3187 1621/1621/3187
f 1620/1620/3188 1621/1621/3188 1624/1624/3188
f 1621/1621/3189 1622/1622/3189 1626/1626/3189
f 1621/1621/3190 1626/1626/3190 1625/1625/3190
f 1622/1622/3191 1623/1623/3191 1627/1627/3191
f 1622/1622/3192 1627/1627/3192 1626/1626/3192
f 1623/1623/3193 1624/1624/3193 1628/1628/3193
f 1623/1623/3194 1628/1628/3194 1627/1627/3194
f 1624/1624/3195 1621/1621/3195 1625/1625/3195
f 1624/1624/3196 1625/1625/3196 1628/1628/3196
f 1625/1625/3197 1626/1626/3197 1630/1630/3197
f 1625/1625/3198 1630/1630/3198 1629/1629/3198
f 1626/1626/3199 1627/1627/3199 1631/1631/3199
f 1626/1626/3200 1631/1631/3200 1630/1630/3200
f 1627/1627/3201 1628/1628/3201 1632/1632/3201
f 1627/1627/3202 1632/1632/3202 1631/1631/3202
f 1628/1628/3203 1625/1625/3203 1629/1629/3203
f 1628/1628/3204 1629/1629/3204 1632/1632/3204
f 1629/1629/3205 1630/1630/3205 1634/1634/3205
f 1629/1629/3206 1634/1634/3206 1633/1633/3206
f 1630/1630/3207 1631/1631/3207 1635/1635/3207
f 1630/1630/3208 1635/1635/3208 1634/1634/3208
f 1631/1631/3209 1632/1632/3209 1636/1636/3209
f 1631/1631/3210 1636/1636/3210 1635/1635/3210
f 1632/1632/3211 1629/1629/3211 1633/1633/3211
f 1632/1632/3212 1633/1633/3212 1636/1636/3212
f 1633/1633/3213 1634/1634/3213 1638/1638/3213
f 1633/1633/3214 1638/1638/3214 1637/1637/3214
f 1634/1634/3215 1635/1635/3215 1639/1639/3215
f 1634/1634/3216 1639/1639/3216 1638/1638/3216
f 1635/1635/3217 1636/1636/3217 1640/1640/3217
f 1635/1635/3218 1640/1640/3218 1639/1639/3218
f 1636/1636/3219 1633/1633/3219 1637/1637/3219
f 1636/1636/3220 1637/1637/3220 1640/1640/3220
f 1637/1637/3221 1638/1638/3221 1642/1642/3221
f 1637/1637/3222 1642/1642/3222 1641/1641/3222
f 1638/1638/3223 1639/1639/3223 1643/1643/3223
f 1638/1638/3224 1643/1643/3224 1642/1642/3224
f 1639/1639/3225 1640/1640/3225 1644/1644/3225
f 1639/1639/3226 1644/1644/3226 1643/1643/3226
f 1640/1640/3227 1637/1637/3227 1641/1641/3227
f 1640/1640/3228 1641/1641/3228 1644/1644/3228
f 1641/1641/3229 1642/1642/3229 1646/1646/3229
f 1641/1641/3230 1646/1646/3230 1645/1645/3230
f 1642/1642/3231 1643/1643/3231 1647/1647/3231
f 1642/1642/3232 1647/1647/3232 1646/1646/3232
f 1643/1643/3233 1644/1644/3233 1648/1648/3233
f 1643/1643/3234 1648/1648/3234 1647/1647/3234
f 1644/1644/3235 1641/1641/3235 1645/1645/3235
f 1644/1644/3236 1645/1645/3236 1648/1648/3236
f 1645/1645/3237 1646/1646/3237 1650/1650/3237
f 1645/1645/3238 1650/1650/3238 1649/1649/3238
f 1646/1646/3239 1647/1647/3239 1651/1651/3239
f 1646/1646/3240 1651/1651/3240 1650/1650/3240
f 1647/1647/3241 1648/1648/3241 1652/1652/3241
f 1647/1647/3242 1652/1652/3242 1651/1651/3242
f 1648/1648/3243 1645/1645/3243 1649/1649/3243
f 1648/1648/3244 1649/1649/3244 1652/1652/3244
f 1649/1649/3245 1650/1650/3245 1654/1654/3245
f 1649/1649/3246 1654/1654/3246 1653/1653/3246
f 1650/1650/3247 1651/1651/3247 1655/1655/3247
f 1650/1650/3248 1655/1655/3248 1654/1654/3248
f 1651/1651/3249 1652/1652/3249 1656/1656/3249
f 1651/1651/3250 1656/1656/3250 1655/1655/3250
f 1652/1652/3251 1649/1649/3251 1653/1653/3251
f 1652/1652/3252 1653/1653/3252 1656/1656/3252
f 1653/1653/3253 1654/1654/3253 1658/1658/3253
f 1653/1653/3254 1658/1658/3254 1657/1657/3254
f 1654/1654/3255 1655/1655/3255 1659/1659/3255
f 1654/1654/3256 1659/1659/3256 1658/1658/3256
f 1655/1655/3257 1656/1656/3257 1660/1660/3257
f 1655/1655/3258 1660/1660/3258 1659/1659/3258
f 1656/1656/3259 1653/1653/3259 1657/1657/3259
f 1656/1656/3260 1657/1657/3260 1660/1660/3260
f 1657/1657/3261 1658/1658/3261 1662/1662/3261
f 1657/1657/3262 1662/1662/3262 1661/1661/3262
f 1658/1658/3263 1659/1659/3263 1663/1663/3263
f 1658/1658/3264 1663/1663/3264 1662/1662/3264
f 1659/1659/3265 1660/1660/3265 1664/1664/3265
f 1659/1659/3266 1664/1664/3266 1663/1663/3266
f 1660/1660/3267 1657/1657/3267 1661/1661/3267
f 1660/1660/3268 1661/1661/3268 1664/1664/3268
f 1661/1661/3269 1662/1662/3269 1666/1666/3269
f 1661/1661/3270 1666/1666/3270 1665/1665/3270
f 1662/1662/3271 1663/1663/3271 1667/1667/3271
f 1662/1662/3272 1667/1667/3272 1666/1666/3272
f 1663/1663/3273 1664/1664/3273 1668/1668/3273
f 1663/1663/3274 1668/1668/3274 1667/1667/3274
f 1664/1664/3275 1661/1661/3275 1665/1665/3275
f 1664/1664/3276 1665/1665/3276 1668/1668/3276
f 1665/1665/3277 1666/1666/3277 1670/1670/3277
f 1665/1665/3278 1670/1670/3278 1669/1669/3278
f 1666/1666/3279 1667/1667/3279 1671/1671/3279
f 1666/1666/3280 1671/1671/3280 1670/1670/3280
f 1667/1667/3281 1668/1668/3281 1672/1672/3281
f 1667/1667/3282 1672/1672/3282 1671/1671/3282
f 1668/1668/3283 1665/1665/3283 1669/1669/3283
f 1668/1668/3284 1669/1669/3284 1672/1672/3284
f 1669/1669/3285 1670/1670/3285 1674/1674/3285
f 1669/1669/3286 1674/1674/3286 1673/1673/3286
f 1670/1670/3287 1671/1671/3287 1675/1675/3287
f 1670/1670/3288 1675/1675/3288 1674/1674/3288
f 1671/1671/3289 1672/1672/3289 1676/1676/3289
f 1671/1671/3290 1676/1676/3290 1675/1675/3290
f 1672/1672/3291 1669/1669/3291 1673/1673/3291
f 1672/1672/3292 1673/1673/3292 1676/1676/3292
f 1673/1673/3293 1674/1674/3293 1678/1678/3293
f 1673/1673/3294 1678/1678/3294 1677/1677/3294
f 1674/1674/3295 1675/1675/3295 1679/1679/3295
f 1674/1674/3296 1679/1679/3296 1678/1678/3296
f 1675/1675/3297 1676/1676/3297 1680/1680/3297
f 1675/1675/3298 1680/1680/3298 1679/1679/3298
f 1676/1676/3299 1673/1673/3299 1677/1677/3299
f 1676/1676/3300 1677/1677/3300 1680/1680/3300
f 1677/1677/3301 1678/1678/3301 1682/1682/3301
f 1677/1677/3302 1682/1682/3302 1681/1681/3302
f 1678/1678/3303 1679/1679/3303 1683/1683/3303
f 1678/1678/3304 1683/1683/3304 1682/1682/3304
f 1679/1679/3305 1680/1680/3305 1684/1684/3305
f 1679/1679/3306 1684/1684/3306 1683/1683/3306
f 1680/1680/3307 1677/1677/3307 1681/1681/3307
f 1680/1680/3308 1681/1681/3308 1684/1684/3308
f 1681/1681/3309 1682/1682/3309 1686/1686/3309
f 1681/1681/3310 1686/1686/3310 1685/1685/3310
f 1682/1682/3311 1683/1683/3311 1687/1687/3311
f 1682/1682/3312 1687/1687/3312 1686/1686/3312
f 1683/1683/3313 1684/1684/3313 1688/1688/3313
f 1683/1683/3314 1688/1688/3314 1687/1687/3314
f 1684/1684/3315 1681/1681/3315 1685/1685/3315
f 1684/1684/3316 1685/1685/3316 1688/1688/3316
f 1685/1685/3317 1686/1686/3317 1690/1690/3317
f 1685/1685/3318 1690/1690/3318 1689/1689/3318
f 1686/1686/3319 1687/1687/3319 1691/1691/3319
f 1686/1686/3320 1691/1691/3320 1690/1690/3320
f 1687/1687/3321 1688/1688/3321 1692/1692/3321
f 1687/1687/3322 1692/1692/3322 1691/1691/3322
f 1688/1688/3323 1685/1685/3323 1689/1689/3323
f 1688/1688/3324 1689/1689/3324 1692/1692/3324
f 1689/1689/3325 1690/1690/3325 1694/1694/3325
f 1689/1689/3326 1694/1694/3326 1693/1693/3326
f 1690/1690/3327 1691/1691/3327 1695/1695/3327
f 1690/1690/3328 1695/1695/3328 1694/1694/3328
f 1691/1691/3329 1692/1692/3329 1696/1696/3329
f 1691/1691/3330 1696/1696/3330 1695/1695/3330
f 1692/1692/3331 1689/1689/3331 1693/1693/3331
f 1692/1692/3332 1693/1693/3332 1696/1696/3332
f 1693/1693/3333 1694/1694/3333 1698/1698/3333
f 1693/1693/3334 1698/1698/3334 1697/1697/3334
f 1694/1694/3335 1695/1695/3335 1699/1699/3335
f 1694/1694/3336 1699/1699/3336 1698/1698/3336
f 1695/1695/3337 1696/1696/3337 1700/1700/3337
f 1695/1695/3338 1700/1700/3338 1699/1699/3338
f 1696/1696/3339 1693/1693/3339 1697/1697/3339
f 1696/1696/3340 1697/1697/3340 1700/1700/3340
f 1697/1697/3341 1698/1698/3341 1702/1702/3341
f 1697/1697/3342 1702/1702/3342 1701/1701/3342
f 1698/1698/3343 1699/1699/3343 1703/1703/3343
f 1698/1698/3344 1703/1703/3344 1702/1702/3344
f 1699/1699/3345 1700/1700/3345 1704/1704/3345
f 1699/1699/3346 1704/1704/3346 1703/1703/3346
f 1700/1700/3347 1697/1697/3347 1701/1701/3347
f 1700/1700/3348 1701/1701/3348 1704/1704/3348
f 1701/1701/3349 1702/1702/3349 1706/1706/3349
f 1701/1701/3350 1706/1706/3350 1705/1705/3350
f 1702/1702/3351 1703/1703/3351 1707/1707/3351
f 1702/1702/3352 1707/1707/3352 1706/1706/3352
f 1703/1703/3353 1704/1704/3353 1708/1708/3353
f 1703/1703/3354 1708/1708/3354 1707/1707/3354
f 1704/1704/3355 1701/1701/3355 1705/1705/3355
f 1704/1704/3356 1705/1705/3356 1708/1708/3356
f 1593/1593/3357 1595/1595/3357 1594/1594/3357
f 1593/1593/3358 1596/1596/3358 1595/1595/3358
f 1705/1705/3359 1706/1706/3359 1707/1707/3359
f 1705/1705/3360 1707/1707/3360 1708/1708/3360
f 1709/1709/3361 1710/1710/3361 1714/1714/3361
f 1709/1709/3362 1714/1714/3362 1713/1713/3362
f 1710/1710/3363 1711/1711/3363 1715/1715/3363
f 1710/1710/3364 1715/1715/3364 1714/1714/3364
f 1711/1711/3365 1712/1712/3365 1716/1716/3365
f 1711/1711/3366 1716/1716/3366 1715/1715/3366
f 1712/1712/3367 1709/1709/3367 1713/1713/3367
f 1712/1712/3368 1713/1713/3368 1716/1716/3368
f 1713/1713/3369 1714/1714/3369 1718/1718/3369
f 1713/1713/3370 1718/1718/3370 1717/1717/3370
f 1714/1714/3371 1715/1715/3371 1719/1719/3371
f 1714/1714/3372 1719/1719/3372 1718/1718/3372
f 1715/1715/3373 1716/1716/3373 1720/1720/3373
f 1715/1715/3374 1720/1720/3374 1719/1719/3374
f 1716/1716/3375 1713/1713/3375 1717/1717/3375
f 1716/1716/3376 1717/1717/3376 1720/1720/3376
f 1717/1717/3377 1718/1718/3377 1722/1722/3377
f 1717/1717/3378 1722/1722/3378 1721/1721/3378
f 1718/1718/3379 1719/1719/3379 1723/1723/3379
f 1718/1718/3380 1723/1723/3380 1722/1722/3380
f 1719/1719/3381 1720/1720/3381 1724/1724/3381
f 1719/1719/3382 1724/1724/3382 1723/1723/3382
f 1720/1720/3383 1717/1717/3383 1721/1721/3383
f 1720/1720/3384 1721/1721/3384 1724/1724/3384
f 1721/1721/3385 1722/1722/3385 1726/1726/3385
f 1721/1721/3386 1726/1726/3386 1725/1725/3386
f 1722/1722/3387 1723/1723/3387 1727/1727/3387
f 1722/1722/3388 1727/1727/3388 1726/1726/3388
f 1723/1723/3389 1724/1724/3389 1728/1728/3389
f 1723/1723/3390 1728/1728/3390 1727/1727/3390
f 1724/1724/3391 1721/1721/3391 1725/1725/3391
f 1724/1724/3392 1725/1725/3392 1728/1728/3392
f 1725/1725/3393 1726/1726/3393 1730/1730/3393
f 1725/1725/3394 1730/1730/3394 1729/1729/3394
f 1726/1726/3395 1727/1727/3395 1731/1731/3395
f 1726/1726/3396 1731/1731/3396 1730/1730/3396
f 1727/1727/3397 1728/1728/3397 1732/1732/3397
f 1727/1727/3398 1732/1732/3398 1731/1731/3398
f 1728/1728/3399 1725/1725/3399 1729/1729/3399
f 1728/1728/3400 1729/1729/3400 1732/1732/3400
f 1729/1729/3401 1730/1730/3401 1734/1734/3401
f 1729/1729/3402 1734/1734/3402 1733/1733/3402
f 1730/1730/3403 1731/1731/3403 1735/1735/3403
f 1730/1730/3404 1735/1735/3404 1734/1734/3404
f 1731/1731/3405 1732/1732/3405 1736/1736/3405
f 1731/1731/3406 1736/1736/3406 1735/1735/3406
f 1732/1732/3407 1729/1729/3407 1733/1733/3407
f 1732/1732/3408 1733/1733/3408 1736/1736/3408
f 1733/1733/3409 1734/1734/3409 1738/1738/3409
f 1733/1733/3410 1738/1738/3410 1737/1737/3410
f 1734/1734/3411 1735/1735/3411 1739/1739/3411
f 1734/1734/3412 1739/1739/3412 1738/1738/3412
f 1735/1735/3413 1736/1736/3413 1740/1740/3413
f 1735/1735/3414 1740/1740/3414 1739/1739/3414
f 1736/1736/3415 1733/1733/3415 1737/1737/3415
f 1736/1736/3416 1737/1737/3416 1740/1740/3416
f 1737/1737/3417 1738/1738/3417 1742/1742/3417
f 1737/1737/3418 1742/1742/3418 1741/1741/3418
f 1738/1738/3419 1739/1739/3419 1743/1743/3419
f 1738/1738/3420 1743/1743/3420 1742/1742/3420
f 1739/1739/3421 1740/1740/3421 1744/1744/3421
f 1739/1739/3422 1744/1744/3422 1743/1743/3422
f 1740/1740/3423 1737/1737/3423 1741/1741/3423
f 1740/1740/3424 1741/1741/3424 1744/1744/3424
f 1741/1741/3425 1742/1742/3425 1746/1746/3425
f 1741/1741/3426 1746/1746/3426 1745/1745/3426
f 1742/1742/3427 1743/1743/3427 1747/1747/3427
f 1742/1742/3428 1747/1747/3428 1746/1746/3428
f 1743/1743/3429 1744/1744/3429 1748/1748/3429
f 1743/1743/3430 1748/1748/3430 1747/1747/3430
f 1744/1744/3431 1741/1741/3431 1745/1745/3431
f 1744/1744/3432 1745/1745/3432 1748/1748/3432
f 1745/1745/3433 1746/1746/3433 1750/1750/3433
f 1745/1745/3434 1750/1750/3434 1749/1749/3434
f 1746/1746/3435 1747/1747/3435 1751/1751/3435
f 1746/1746/3436 1751/1751/3436 1750/1750/3436
f 1747/1747/3437 1748/1748/3437 1752/1752/3437
f 1747/1747/3438 1752/1752/3438 1751/1751/3438
f 1748/1748/3439 1745/1745/3439 1749/1749/3439
f 1748/1748/3440 1749/1749/3440 1752/1752/3440
f 1749/1749/3441 1750/1750/3441 1754/1754/3441
f 1749/1749/3442 1754/1754/3442 1753/1753/3442
f 1750/1750/3443 1751/1751/3443 1755/1755/3443
f 1750/1750/3444 1755/1755/3444 1754/1754/3444
f 1751/1751/3445 1752/1752/3445 1756/1756/3445
f 1751/1751/3446 1756/1756/3446 1755/1755/3446
f 1752/1752/3447 1749/1749/3447 1753/1753/3447
f 1752/1752/3448 1753/1753/3448 1756/1756/3448
f 1753/1753/3449 1754/1754/3449 1758/1758/3449
f 1753/1753/3450 1758/1758/3450 1757/1757/3450
f 1754/1754/3451 1755/1755/3451 1759/1759/3451
f 1754/1754/3452 1759/1759/3452 1758/1758/3452
f 1755/1755/3453 1756/1756/3453 1760/1760/3453
f 1755/1755/3454 1760/1760/3454 1759/1759/3454
f 1756/1756/3455 1753/1753/3455 1757/1757/3455
f 1756/1756/3456 1757/1757/3456 1760/1760/3456
f 1757/1757/3457 1758/1758/3457 1762/1762/3457
f 1757/1757/3458 1762/1762/3458 1761/1761/3458
f 1758/1758/3459 1759/1759/3459 1763/1763/3459
f 1758/1758/3460 1763/1763/3460 1762/1762/3460
f 1759/1759/3461 1760/1760/3461 1764/1764/3461
f 1759/1759/3462 1764/1764/3462 1763/1763/3462
f 1760/1760/3463 1757/1757/3463 1761/1761/3463
f 1760/1760/3464 1761/1761/3464 1764/1764/3464
f 1761/1761/3465 1762/1762/3465 1766/1766/3465
f 1761/1761/3466 1766/1766/3466 1765/1765/3466
f 1762/1762/3467 1763/1763/3467 1767/1767/3467
f 1762/1762/3468 1767/1767/3468 1766/1766/3468
f 1763/1763/3469 1764/1764/3469 1768/1768/3469
f 1763/1763/3470 1768/1768/3470 1767/1767/3470
f 1764/1764/3471 1761/1761/3471 1765/1765/3471
f 1764/1764/3472 1765/1765/3472 1768/1768/3472
f 1765/1765/3473 1766/1766/3473 1770/1770/3473
f 1765/1765/3474 1770/1770/3474 1769/1769/3474
f 1766/1766/3475 1767/1767/3475 1771/1771/3475
f 1766/1766/3476 1771/1771/3476 1770/1770/3476
f 1767/1767/3477 1768/1768/3477 1772/1772/3477
f 1767/1767/3478 1772/1772/3478 1771/1771/3478
f 1768/1768/3479 1765/1765/3479 1769/1769/3479
f 1768/1768/3480 1769/1769/3480 1772/1772/3480
f 1769/1769/3481 1770/1770/3481 1774/1774/3481
f 1769/1769/3482 1774/1774/3482 1773/1773/3482
f 1770/1770/3483 1771/1771/3483 1775/1775/3483
f 1770/1770/3484 1775/1775/3484 1774/1774/3484
f 1771/1771/3485 1772/1772/3485 1776/1776/3485
f 1771/1771/3486 1776/1776/3486 1775/1775/3486
f 1772/1772/3487 1769/1769/3487 1773/1773/3487
f 1772/1772/3488 1773/1773/3488 1776/1776/3488
f 1773/1773/3489 1774/1774/3489 1778/1778/3489
f 1773/1773/3490 1778/1778/3490 1777/1777/3490
f 1774/1774/3491 1775/1775/3491 1779/1779/3491
f 1774/1774/3492 1779/1779/3492 1778/1778/3492
f 1775/1775/3493 1776/1776/3493 1780/1780/3493
f 1775/1775/3494 1780/1780/3494 1779/1779/3494
f 1776/1776/3495 1773/1773/3495 1777/1777/3495
f 1776/1776/3496 1777/1777/3496 1780/1780/3496
f 1777/1777/3497 1778/1778/3497 1782/1782/3497
f 1777/1777/3498 1782/1782/3498 1781/1781/3498
f 1778/1778/3499 1779/1779/3499 1783/1783/3499
f 1778/1778/3500 1783/1783/3500 1782/1782/3500
f 1779/1779/3501 1780/1780/3501 1784/1784/3501
f 1779/1779/3502 1784/1784/3502 1783/1783/3502
f 1780/1780/3503 1777/1777/3503 1781/1781/3503
f 1780/1780/3504 1781/1781/3504 1784/1784/3504
f 1781/1781/3505 1782/1782/3505 1786/1786/3505
f 1781/1781/3506 1786/1786/3506 1785/1785/3506
f 1782/1782/3507 1783/1783/3507 1787/1787/3507
f 1782/1782/3508 1787/1787/3508 1786/1786/3508
f 1783/1783/3509 1784/1784/3509 1788/1788/3509
f 1783/1783/3510 1788/1788/3510 1787/1787/3510
f 1784/1784/3511 1781/1781/3511 1785/1785/3511
f 1784/1784/3512 1785/1785/3512 1788/1788/3512
f 1785/1785/3513 1786/1786/3513 1790/1790/3513
f 1785/1785/3514 1790/1790/3514 1789/1789/3514
f 1786/1786/3515 1787/1787/3515 1791/1791/3515
f 1786/1786/3516 1791/1791/3516 1790/1790/3516
f 1787/1787/3517 1788/1788/3517 1792/1792/3517
f 1787/1787/3518 1792/1792/3518 1791/1791/3518
f 1788/1788/3519 1785/1785/3519 1789/1789/3519
f 1788/1788/3520 1789/1789/3520 1792/1792/3520
f 1789/1789/3521 1790/1790/3521 1794/1794/3521
f 1789/1789/3522 1794/1794/3522 1793/1793/3522
f 1790/1790/3523 1791/1791/3523 1795/1795/3523
f 1790/1790/3524 1795/1795/3524 1794/1794/3524
f 1791/1791/3525 1792/1792/3525 1796/1796/3525
f 1791/1791/3526 1796/1796/3526 1795/1795/3526
f 1792/1792/3527 1789/1789/3527 1793/1793/3527
f 1792/1792/3528 1793/1793/3528 1796/1796/3528
f 1793/1793/3529 1794/1794/3529 1798/1798/3529
f 1793/1793/3530 1798/1798/3530 1797/1797/3530
f 1794/1794/3531 1795/1795/3531 1799/1799/3531
f 1794/1794/3532 1799/1799/3532 1798/1798/3532
f 1795/1795/3533 1796/1796/3533 1800/1800/3533
f 1795/1795/3534 1800/1800/3534 1799/1799/3534
f 1796/1796/3535 1793/1793/3535 1797/1797/3535
f 1796/1796/3536 1797/1797/3536 1800/1800/3536
f 1797/1797/3537 1798/1798/3537 1802/1802/3537
f 1797/1797/3538 1802/1802/3538 1801/1801/3538
f 1798/1798/3539 1799/1799/3539 1803/1803/3539
f 1798/1798/3540 1803/1803/3540 1802/1802/3540
f 1799/1799/3541 1800/1800/3541 1804/1804/3541
f 1799/1799/3542 1804/1804/3542 1803/1803/3542
f 1800/1800/3543 1797/1797/3543 1801/1801/3543
f 1800/1800/3544 1801/1801/3544 1804/1804/3544
f 1801/1801/3545 1802/1802/3545 1806/1806/3545
f 1801/1801/3546 1806/1806/3546 1805/1805/3546
f 1802/1802/3547 1803/1803/3547 1807/1807/3547
f 1802/1802/3548 1807/1807/3548 1806/1806/3548
f 1803/1803/3549 1804/1804/3549 1808/1808/3549
f 1803/1803/3550 1808/1808/3550 1807/1807/3550
f 1804/1804/3551 1801/1801/3551 1805/1805/3551
f 1804/1804/3552 1805/1805/3552 1808/1808/3552
f 1805/1805/3553 1806/1806/3553 1810/1810/3553
f 1805/1805/3554 1810/1810/3554 1809/1809/3554
f 1806/1806/3555 1807/1807/3555 1811/1811/3555
f 1806/1806/3556 1811/1811/3556 1810/1810/3556
f 1807/1807/3557 1808/1808/3557 1812/1812/3557
f 1807/1807/3558 1812/1812/3558 1811/1811/3558
f 1808/1808/3559 1805/1805/3559 1809/1809/3559
f 1808/1808/3560 1809/1809/3560 1812/1812/3560
f 1809/1809/3561 1810/1810/3561 1814/1814/3561
f 1809/1809/3562 1814/1814/3562 1813/1813/3562
f 1810/1810/3563 1811/1811/3563 1815/1815/3563
f 1810/1810/3564 1815/1815/3564 1814/1814/3564
f 1811/1811/3565 1812/1812/3565 1816/1816/3565
f 1811/1811/3566 1816/1816/3566 1815/1815/3566
f 1812/1812/3567 1809/1809/3567 1813/1813/3567
f 1812/1812/3568 1813/1813/3568 1816/1816/3568
f 1813/1813/3569 1814/1814/3569 1818/1818/3569
f 1813/1813/3570 1818/1818/3570 1817/1817/3570
f 1814/1814/3571 1815/1815/3571 1819/1819/3571
f 1814/1814/3572 1819/1819/3572 1818/1818/3572
f 1815/1815/3573 1816/1816/3573 1820/1820/3573
f 1815/1815/3574 1820/1820/3574 1819/1819/3574
f 1816/1816/3575 1813/1813/3575 1817/1817/3575
f 1816/1816/3576 1817/1817/3576 1820/1820/3576
f 1817/1817/3577 1818/1818/3577 1822/1822/3577
f 1817/1817/3578 1822/1822/3578 1821/1821/3578
f 1818/1818/3579 1819/1819/3579 1823/1823/3579
f 1818/1818/3580 1823/1823/3580 1822/1822/3580
f 1819/1819/3581 1820/1820/3581 1824/1824/3581
f 1819/1819/3582 1824/1824/3582 1823/1823/3582
f 1820/1820/3583 1817/1817/3583 1821/1821/3583
f 1820/1820/3584 1821/1821/3584 1824/1824/3584
f 1709/1709/3585 1711/1711/3585 1710/1710/3585
f 1709/1709/3586 1712/1712/3586 1711/1711/3586
f 1821/1821/3587 1822/1822/3587 1823/1823/3587
f 1821/1821/3588 1823/1823/3588 1824/1824/3588
