# Original field candidate; centimeters +X forward +Z up
mtllib FieldPalette.mtl
o SM_ElectricalFieldCandidateV3
usemtl M_ElectricalFieldCandidateV3
v 0.000000000 0.000000000 100.000000000
v 19.509032202 0.000000000 98.078528040
v 19.134171618 3.806023374 98.078528040
v 18.023995550 7.465783405 98.078528040
v 16.221167441 10.838637566 98.078528040
v 13.794968964 13.794968964 98.078528040
v 10.838637566 16.221167441 98.078528040
v 7.465783405 18.023995550 98.078528040
v 3.806023374 19.134171618 98.078528040
v 0.000000000 19.509032202 98.078528040
v -3.806023374 19.134171618 98.078528040
v -7.465783405 18.023995550 98.078528040
v -10.838637566 16.221167441 98.078528040
v -13.794968964 13.794968964 98.078528040
v -16.221167441 10.838637566 98.078528040
v -18.023995550 7.465783405 98.078528040
v -19.134171618 3.806023374 98.078528040
v -19.509032202 0.000000000 98.078528040
v -19.134171618 -3.806023374 98.078528040
v -18.023995550 -7.465783405 98.078528040
v -16.221167441 -10.838637566 98.078528040
v -13.794968964 -13.794968964 98.078528040
v -10.838637566 -16.221167441 98.078528040
v -7.465783405 -18.023995550 98.078528040
v -3.806023374 -19.134171618 98.078528040
v -0.000000000 -19.509032202 98.078528040
v 3.806023374 -19.134171618 98.078528040
v 7.465783405 -18.023995550 98.078528040
v 10.838637566 -16.221167441 98.078528040
v 13.794968964 -13.794968964 98.078528040
v 16.221167441 -10.838637566 98.078528040
v 18.023995550 -7.465783405 98.078528040
v 19.134171618 -3.806023374 98.078528040
v 38.268343237 0.000000000 92.387953251
v 37.533027752 7.465783405 92.387953251
v 35.355339059 14.644660941 92.387953251
v 31.818964514 21.260752369 92.387953251
v 27.059805007 27.059805007 92.387953251
v 21.260752369 31.818964514 92.387953251
v 14.644660941 35.355339059 92.387953251
v 7.465783405 37.533027752 92.387953251
v 0.000000000 38.268343237 92.387953251
v -7.465783405 37.533027752 92.387953251
v -14.644660941 35.355339059 92.387953251
v -21.260752369 31.818964514 92.387953251
v -27.059805007 27.059805007 92.387953251
v -31.818964514 21.260752369 92.387953251
v -35.355339059 14.644660941 92.387953251
v -37.533027752 7.465783405 92.387953251
v -38.268343237 0.000000000 92.387953251
v -37.533027752 -7.465783405 92.387953251
v -35.355339059 -14.644660941 92.387953251
v -31.818964514 -21.260752369 92.387953251
v -27.059805007 -27.059805007 92.387953251
v -21.260752369 -31.818964514 92.387953251
v -14.644660941 -35.355339059 92.387953251
v -7.465783405 -37.533027752 92.387953251
v -0.000000000 -38.268343237 92.387953251
v 7.465783405 -37.533027752 92.387953251
v 14.644660941 -35.355339059 92.387953251
v 21.260752369 -31.818964514 92.387953251
v 27.059805007 -27.059805007 92.387953251
v 31.818964514 -21.260752369 92.387953251
v 35.355339059 -14.644660941 92.387953251
v 37.533027752 -7.465783405 92.387953251
v 55.557023302 0.000000000 83.146961230
v 54.489510678 10.838637566 83.146961230
v 51.327996716 21.260752369 83.146961230
v 46.193976626 30.865828382 83.146961230
v 39.284747919 39.284747919 83.146961230
v 30.865828382 46.193976626 83.146961230
v 21.260752369 51.327996716 83.146961230
v 10.838637566 54.489510678 83.146961230
v 0.000000000 55.557023302 83.146961230
v -10.838637566 54.489510678 83.146961230
v -21.260752369 51.327996716 83.146961230
v -30.865828382 46.193976626 83.146961230
v -39.284747919 39.284747919 83.146961230
v -46.193976626 30.865828382 83.146961230
v -51.327996716 21.260752369 83.146961230
v -54.489510678 10.838637566 83.146961230
v -55.557023302 0.000000000 83.146961230
v -54.489510678 -10.838637566 83.146961230
v -51.327996716 -21.260752369 83.146961230
v -46.193976626 -30.865828382 83.146961230
v -39.284747919 -39.284747919 83.146961230
v -30.865828382 -46.193976626 83.146961230
v -21.260752369 -51.327996716 83.146961230
v -10.838637566 -54.489510678 83.146961230
v -0.000000000 -55.557023302 83.146961230
v 10.838637566 -54.489510678 83.146961230
v 21.260752369 -51.327996716 83.146961230
v 30.865828382 -46.193976626 83.146961230
v 39.284747919 -39.284747919 83.146961230
v 46.193976626 -30.865828382 83.146961230
v 51.327996716 -21.260752369 83.146961230
v 54.489510678 -10.838637566 83.146961230
v 70.710678119 0.000000000 70.710678119
v 69.351992266 13.794968964 70.710678119
v 65.328148244 27.059805007 70.710678119
v 58.793780121 39.284747919 70.710678119
v 50.000000000 50.000000000 70.710678119
v 39.284747919 58.793780121 70.710678119
v 27.059805007 65.328148244 70.710678119
v 13.794968964 69.351992266 70.710678119
v 0.000000000 70.710678119 70.710678119
v -13.794968964 69.351992266 70.710678119
v -27.059805007 65.328148244 70.710678119
v -39.284747919 58.793780121 70.710678119
v -50.000000000 50.000000000 70.710678119
v -58.793780121 39.284747919 70.710678119
v -65.328148244 27.059805007 70.710678119
v -69.351992266 13.794968964 70.710678119
v -70.710678119 0.000000000 70.710678119
v -69.351992266 -13.794968964 70.710678119
v -65.328148244 -27.059805007 70.710678119
v -58.793780121 -39.284747919 70.710678119
v -50.000000000 -50.000000000 70.710678119
v -39.284747919 -58.793780121 70.710678119
v -27.059805007 -65.328148244 70.710678119
v -13.794968964 -69.351992266 70.710678119
v -0.000000000 -70.710678119 70.710678119
v 13.794968964 -69.351992266 70.710678119
v 27.059805007 -65.328148244 70.710678119
v 39.284747919 -58.793780121 70.710678119
v 50.000000000 -50.000000000 70.710678119
v 58.793780121 -39.284747919 70.710678119
v 65.328148244 -27.059805007 70.710678119
v 69.351992266 -13.794968964 70.710678119
v 83.146961230 0.000000000 55.557023302
v 81.549315685 16.221167441 55.557023302
v 76.817775671 31.818964514 55.557023302
v 69.134171618 46.193976626 55.557023302
v 58.793780121 58.793780121 55.557023302
v 46.193976626 69.134171618 55.557023302
v 31.818964514 76.817775671 55.557023302
v 16.221167441 81.549315685 55.557023302
v 0.000000000 83.146961230 55.557023302
v -16.221167441 81.549315685 55.557023302
v -31.818964514 76.817775671 55.557023302
v -46.193976626 69.134171618 55.557023302
v -58.793780121 58.793780121 55.557023302
v -69.134171618 46.193976626 55.557023302
v -76.817775671 31.818964514 55.557023302
v -81.549315685 16.221167441 55.557023302
v -83.146961230 0.000000000 55.557023302
v -81.549315685 -16.221167441 55.557023302
v -76.817775671 -31.818964514 55.557023302
v -69.134171618 -46.193976626 55.557023302
v -58.793780121 -58.793780121 55.557023302
v -46.193976626 -69.134171618 55.557023302
v -31.818964514 -76.817775671 55.557023302
v -16.221167441 -81.549315685 55.557023302
v -0.000000000 -83.146961230 55.557023302
v 16.221167441 -81.549315685 55.557023302
v 31.818964514 -76.817775671 55.557023302
v 46.193976626 -69.134171618 55.557023302
v 58.793780121 -58.793780121 55.557023302
v 69.134171618 -46.193976626 55.557023302
v 76.817775671 -31.818964514 55.557023302
v 81.549315685 -16.221167441 55.557023302
v 92.387953251 0.000000000 38.268343237
v 90.612744635 18.023995550 38.268343237
v 85.355339059 35.355339059 38.268343237
v 76.817775671 51.327996716 38.268343237
v 65.328148244 65.328148244 38.268343237
v 51.327996716 76.817775671 38.268343237
v 35.355339059 85.355339059 38.268343237
v 18.023995550 90.612744635 38.268343237
v 0.000000000 92.387953251 38.268343237
v -18.023995550 90.612744635 38.268343237
v -35.355339059 85.355339059 38.268343237
v -51.327996716 76.817775671 38.268343237
v -65.328148244 65.328148244 38.268343237
v -76.817775671 51.327996716 38.268343237
v -85.355339059 35.355339059 38.268343237
v -90.612744635 18.023995550 38.268343237
v -92.387953251 0.000000000 38.268343237
v -90.612744635 -18.023995550 38.268343237
v -85.355339059 -35.355339059 38.268343237
v -76.817775671 -51.327996716 38.268343237
v -65.328148244 -65.328148244 38.268343237
v -51.327996716 -76.817775671 38.268343237
v -35.355339059 -85.355339059 38.268343237
v -18.023995550 -90.612744635 38.268343237
v -0.000000000 -92.387953251 38.268343237
v 18.023995550 -90.612744635 38.268343237
v 35.355339059 -85.355339059 38.268343237
v 51.327996716 -76.817775671 38.268343237
v 65.328148244 -65.328148244 38.268343237
v 76.817775671 -51.327996716 38.268343237
v 85.355339059 -35.355339059 38.268343237
v 90.612744635 -18.023995550 38.268343237
v 98.078528040 0.000000000 19.509032202
v 96.193976626 19.134171618 19.509032202
v 90.612744635 37.533027752 19.509032202
v 81.549315685 54.489510678 19.509032202
v 69.351992266 69.351992266 19.509032202
v 54.489510678 81.549315685 19.509032202
v 37.533027752 90.612744635 19.509032202
v 19.134171618 96.193976626 19.509032202
v 0.000000000 98.078528040 19.509032202
v -19.134171618 96.193976626 19.509032202
v -37.533027752 90.612744635 19.509032202
v -54.489510678 81.549315685 19.509032202
v -69.351992266 69.351992266 19.509032202
v -81.549315685 54.489510678 19.509032202
v -90.612744635 37.533027752 19.509032202
v -96.193976626 19.134171618 19.509032202
v -98.078528040 0.000000000 19.509032202
v -96.193976626 -19.134171618 19.509032202
v -90.612744635 -37.533027752 19.509032202
v -81.549315685 -54.489510678 19.509032202
v -69.351992266 -69.351992266 19.509032202
v -54.489510678 -81.549315685 19.509032202
v -37.533027752 -90.612744635 19.509032202
v -19.134171618 -96.193976626 19.509032202
v -0.000000000 -98.078528040 19.509032202
v 19.134171618 -96.193976626 19.509032202
v 37.533027752 -90.612744635 19.509032202
v 54.489510678 -81.549315685 19.509032202
v 69.351992266 -69.351992266 19.509032202
v 81.549315685 -54.489510678 19.509032202
v 90.612744635 -37.533027752 19.509032202
v 96.193976626 -19.134171618 19.509032202
v 100.000000000 0.000000000 0.000000000
v 98.078528040 19.509032202 0.000000000
v 92.387953251 38.268343237 0.000000000
v 83.146961230 55.557023302 0.000000000
v 70.710678119 70.710678119 0.000000000
v 55.557023302 83.146961230 0.000000000
v 38.268343237 92.387953251 0.000000000
v 19.509032202 98.078528040 0.000000000
v 0.000000000 100.000000000 0.000000000
v -19.509032202 98.078528040 0.000000000
v -38.268343237 92.387953251 0.000000000
v -55.557023302 83.146961230 0.000000000
v -70.710678119 70.710678119 0.000000000
v -83.146961230 55.557023302 0.000000000
v -92.387953251 38.268343237 0.000000000
v -98.078528040 19.509032202 0.000000000
v -100.000000000 0.000000000 0.000000000
v -98.078528040 -19.509032202 0.000000000
v -92.387953251 -38.268343237 0.000000000
v -83.146961230 -55.557023302 0.000000000
v -70.710678119 -70.710678119 0.000000000
v -55.557023302 -83.146961230 0.000000000
v -38.268343237 -92.387953251 0.000000000
v -19.509032202 -98.078528040 0.000000000
v -0.000000000 -100.000000000 0.000000000
v 19.509032202 -98.078528040 0.000000000
v 38.268343237 -92.387953251 0.000000000
v 55.557023302 -83.146961230 0.000000000
v 70.710678119 -70.710678119 0.000000000
v 83.146961230 -55.557023302 0.000000000
v 92.387953251 -38.268343237 0.000000000
v 98.078528040 -19.509032202 0.000000000
v 98.078528040 0.000000000 -19.509032202
v 96.193976626 19.134171618 -19.509032202
v 90.612744635 37.533027752 -19.509032202
v 81.549315685 54.489510678 -19.509032202
v 69.351992266 69.351992266 -19.509032202
v 54.489510678 81.549315685 -19.509032202
v 37.533027752 90.612744635 -19.509032202
v 19.134171618 96.193976626 -19.509032202
v 0.000000000 98.078528040 -19.509032202
v -19.134171618 96.193976626 -19.509032202
v -37.533027752 90.612744635 -19.509032202
v -54.489510678 81.549315685 -19.509032202
v -69.351992266 69.351992266 -19.509032202
v -81.549315685 54.489510678 -19.509032202
v -90.612744635 37.533027752 -19.509032202
v -96.193976626 19.134171618 -19.509032202
v -98.078528040 0.000000000 -19.509032202
v -96.193976626 -19.134171618 -19.509032202
v -90.612744635 -37.533027752 -19.509032202
v -81.549315685 -54.489510678 -19.509032202
v -69.351992266 -69.351992266 -19.509032202
v -54.489510678 -81.549315685 -19.509032202
v -37.533027752 -90.612744635 -19.509032202
v -19.134171618 -96.193976626 -19.509032202
v -0.000000000 -98.078528040 -19.509032202
v 19.134171618 -96.193976626 -19.509032202
v 37.533027752 -90.612744635 -19.509032202
v 54.489510678 -81.549315685 -19.509032202
v 69.351992266 -69.351992266 -19.509032202
v 81.549315685 -54.489510678 -19.509032202
v 90.612744635 -37.533027752 -19.509032202
v 96.193976626 -19.134171618 -19.509032202
v 92.387953251 0.000000000 -38.268343237
v 90.612744635 18.023995550 -38.268343237
v 85.355339059 35.355339059 -38.268343237
v 76.817775671 51.327996716 -38.268343237
v 65.328148244 65.328148244 -38.268343237
v 51.327996716 76.817775671 -38.268343237
v 35.355339059 85.355339059 -38.268343237
v 18.023995550 90.612744635 -38.268343237
v 0.000000000 92.387953251 -38.268343237
v -18.023995550 90.612744635 -38.268343237
v -35.355339059 85.355339059 -38.268343237
v -51.327996716 76.817775671 -38.268343237
v -65.328148244 65.328148244 -38.268343237
v -76.817775671 51.327996716 -38.268343237
v -85.355339059 35.355339059 -38.268343237
v -90.612744635 18.023995550 -38.268343237
v -92.387953251 0.000000000 -38.268343237
v -90.612744635 -18.023995550 -38.268343237
v -85.355339059 -35.355339059 -38.268343237
v -76.817775671 -51.327996716 -38.268343237
v -65.328148244 -65.328148244 -38.268343237
v -51.327996716 -76.817775671 -38.268343237
v -35.355339059 -85.355339059 -38.268343237
v -18.023995550 -90.612744635 -38.268343237
v -0.000000000 -92.387953251 -38.268343237
v 18.023995550 -90.612744635 -38.268343237
v 35.355339059 -85.355339059 -38.268343237
v 51.327996716 -76.817775671 -38.268343237
v 65.328148244 -65.328148244 -38.268343237
v 76.817775671 -51.327996716 -38.268343237
v 85.355339059 -35.355339059 -38.268343237
v 90.612744635 -18.023995550 -38.268343237
v 83.146961230 0.000000000 -55.557023302
v 81.549315685 16.221167441 -55.557023302
v 76.817775671 31.818964514 -55.557023302
v 69.134171618 46.193976626 -55.557023302
v 58.793780121 58.793780121 -55.557023302
v 46.193976626 69.134171618 -55.557023302
v 31.818964514 76.817775671 -55.557023302
v 16.221167441 81.549315685 -55.557023302
v 0.000000000 83.146961230 -55.557023302
v -16.221167441 81.549315685 -55.557023302
v -31.818964514 76.817775671 -55.557023302
v -46.193976626 69.134171618 -55.557023302
v -58.793780121 58.793780121 -55.557023302
v -69.134171618 46.193976626 -55.557023302
v -76.817775671 31.818964514 -55.557023302
v -81.549315685 16.221167441 -55.557023302
v -83.146961230 0.000000000 -55.557023302
v -81.549315685 -16.221167441 -55.557023302
v -76.817775671 -31.818964514 -55.557023302
v -69.134171618 -46.193976626 -55.557023302
v -58.793780121 -58.793780121 -55.557023302
v -46.193976626 -69.134171618 -55.557023302
v -31.818964514 -76.817775671 -55.557023302
v -16.221167441 -81.549315685 -55.557023302
v -0.000000000 -83.146961230 -55.557023302
v 16.221167441 -81.549315685 -55.557023302
v 31.818964514 -76.817775671 -55.557023302
v 46.193976626 -69.134171618 -55.557023302
v 58.793780121 -58.793780121 -55.557023302
v 69.134171618 -46.193976626 -55.557023302
v 76.817775671 -31.818964514 -55.557023302
v 81.549315685 -16.221167441 -55.557023302
v 70.710678119 0.000000000 -70.710678119
v 69.351992266 13.794968964 -70.710678119
v 65.328148244 27.059805007 -70.710678119
v 58.793780121 39.284747919 -70.710678119
v 50.000000000 50.000000000 -70.710678119
v 39.284747919 58.793780121 -70.710678119
v 27.059805007 65.328148244 -70.710678119
v 13.794968964 69.351992266 -70.710678119
v 0.000000000 70.710678119 -70.710678119
v -13.794968964 69.351992266 -70.710678119
v -27.059805007 65.328148244 -70.710678119
v -39.284747919 58.793780121 -70.710678119
v -50.000000000 50.000000000 -70.710678119
v -58.793780121 39.284747919 -70.710678119
v -65.328148244 27.059805007 -70.710678119
v -69.351992266 13.794968964 -70.710678119
v -70.710678119 0.000000000 -70.710678119
v -69.351992266 -13.794968964 -70.710678119
v -65.328148244 -27.059805007 -70.710678119
v -58.793780121 -39.284747919 -70.710678119
v -50.000000000 -50.000000000 -70.710678119
v -39.284747919 -58.793780121 -70.710678119
v -27.059805007 -65.328148244 -70.710678119
v -13.794968964 -69.351992266 -70.710678119
v -0.000000000 -70.710678119 -70.710678119
v 13.794968964 -69.351992266 -70.710678119
v 27.059805007 -65.328148244 -70.710678119
v 39.284747919 -58.793780121 -70.710678119
v 50.000000000 -50.000000000 -70.710678119
v 58.793780121 -39.284747919 -70.710678119
v 65.328148244 -27.059805007 -70.710678119
v 69.351992266 -13.794968964 -70.710678119
v 55.557023302 0.000000000 -83.146961230
v 54.489510678 10.838637566 -83.146961230
v 51.327996716 21.260752369 -83.146961230
v 46.193976626 30.865828382 -83.146961230
v 39.284747919 39.284747919 -83.146961230
v 30.865828382 46.193976626 -83.146961230
v 21.260752369 51.327996716 -83.146961230
v 10.838637566 54.489510678 -83.146961230
v 0.000000000 55.557023302 -83.146961230
v -10.838637566 54.489510678 -83.146961230
v -21.260752369 51.327996716 -83.146961230
v -30.865828382 46.193976626 -83.146961230
v -39.284747919 39.284747919 -83.146961230
v -46.193976626 30.865828382 -83.146961230
v -51.327996716 21.260752369 -83.146961230
v -54.489510678 10.838637566 -83.146961230
v -55.557023302 0.000000000 -83.146961230
v -54.489510678 -10.838637566 -83.146961230
v -51.327996716 -21.260752369 -83.146961230
v -46.193976626 -30.865828382 -83.146961230
v -39.284747919 -39.284747919 -83.146961230
v -30.865828382 -46.193976626 -83.146961230
v -21.260752369 -51.327996716 -83.146961230
v -10.838637566 -54.489510678 -83.146961230
v -0.000000000 -55.557023302 -83.146961230
v 10.838637566 -54.489510678 -83.146961230
v 21.260752369 -51.327996716 -83.146961230
v 30.865828382 -46.193976626 -83.146961230
v 39.284747919 -39.284747919 -83.146961230
v 46.193976626 -30.865828382 -83.146961230
v 51.327996716 -21.260752369 -83.146961230
v 54.489510678 -10.838637566 -83.146961230
v 38.268343237 0.000000000 -92.387953251
v 37.533027752 7.465783405 -92.387953251
v 35.355339059 14.644660941 -92.387953251
v 31.818964514 21.260752369 -92.387953251
v 27.059805007 27.059805007 -92.387953251
v 21.260752369 31.818964514 -92.387953251
v 14.644660941 35.355339059 -92.387953251
v 7.465783405 37.533027752 -92.387953251
v 0.000000000 38.268343237 -92.387953251
v -7.465783405 37.533027752 -92.387953251
v -14.644660941 35.355339059 -92.387953251
v -21.260752369 31.818964514 -92.387953251
v -27.059805007 27.059805007 -92.387953251
v -31.818964514 21.260752369 -92.387953251
v -35.355339059 14.644660941 -92.387953251
v -37.533027752 7.465783405 -92.387953251
v -38.268343237 0.000000000 -92.387953251
v -37.533027752 -7.465783405 -92.387953251
v -35.355339059 -14.644660941 -92.387953251
v -31.818964514 -21.260752369 -92.387953251
v -27.059805007 -27.059805007 -92.387953251
v -21.260752369 -31.818964514 -92.387953251
v -14.644660941 -35.355339059 -92.387953251
v -7.465783405 -37.533027752 -92.387953251
v -0.000000000 -38.268343237 -92.387953251
v 7.465783405 -37.533027752 -92.387953251
v 14.644660941 -35.355339059 -92.387953251
v 21.260752369 -31.818964514 -92.387953251
v 27.059805007 -27.059805007 -92.387953251
v 31.818964514 -21.260752369 -92.387953251
v 35.355339059 -14.644660941 -92.387953251
v 37.533027752 -7.465783405 -92.387953251
v 19.509032202 0.000000000 -98.078528040
v 19.134171618 3.806023374 -98.078528040
v 18.023995550 7.465783405 -98.078528040
v 16.221167441 10.838637566 -98.078528040
v 13.794968964 13.794968964 -98.078528040
v 10.838637566 16.221167441 -98.078528040
v 7.465783405 18.023995550 -98.078528040
v 3.806023374 19.134171618 -98.078528040
v 0.000000000 19.509032202 -98.078528040
v -3.806023374 19.134171618 -98.078528040
v -7.465783405 18.023995550 -98.078528040
v -10.838637566 16.221167441 -98.078528040
v -13.794968964 13.794968964 -98.078528040
v -16.221167441 10.838637566 -98.078528040
v -18.023995550 7.465783405 -98.078528040
v -19.134171618 3.806023374 -98.078528040
v -19.509032202 0.000000000 -98.078528040
v -19.134171618 -3.806023374 -98.078528040
v -18.023995550 -7.465783405 -98.078528040
v -16.221167441 -10.838637566 -98.078528040
v -13.794968964 -13.794968964 -98.078528040
v -10.838637566 -16.221167441 -98.078528040
v -7.465783405 -18.023995550 -98.078528040
v -3.806023374 -19.134171618 -98.078528040
v -0.000000000 -19.509032202 -98.078528040
v 3.806023374 -19.134171618 -98.078528040
v 7.465783405 -18.023995550 -98.078528040
v 10.838637566 -16.221167441 -98.078528040
v 13.794968964 -13.794968964 -98.078528040
v 16.221167441 -10.838637566 -98.078528040
v 18.023995550 -7.465783405 -98.078528040
v 19.134171618 -3.806023374 -98.078528040
v 0.000000000 0.000000000 -100.000000000
v 95.745810142 -1.473231997 0.000000000
v 96.000000000 0.000000000 0.000000000
v 96.254189858 1.473231997 0.000000000
v 84.696094942 0.042569789 0.922176238
v 84.961398058 1.904588462 0.928667453
v 85.226701174 3.766607136 0.935158669
v 75.074156270 0.939765071 2.478783454
v 75.223048283 2.951723577 2.468814395
v 75.371940297 4.963682083 2.458845336
v 65.101977296 1.464853116 -1.210262589
v 66.157267986 3.284578997 -1.408674134
v 67.212558677 5.104304877 -1.607085679
v 55.950895941 12.036083905 6.534170305
v 57.073547007 13.896299671 6.315005067
v 58.196198072 15.756515437 6.095839829
v 51.322677276 10.485204567 5.296494824
v 51.986653129 12.575312282 4.861082288
v 52.650628982 14.665419997 4.425669751
v 43.365757704 14.968833076 1.810178013
v 44.589522694 16.848711836 1.450121609
v 45.813287684 18.728590596 1.090065205
v 37.111822794 19.090986074 2.398110177
v 37.905657240 21.233907083 2.209494018
v 38.699491687 23.376828091 2.020877859
v 22.212775948 23.451008155 10.066625021
v 23.214895197 25.498081782 9.758004582
v 24.217014445 27.545155409 9.449384143
v 15.735182230 31.495671208 14.913259903
v 17.143306336 33.240938978 14.434630039
v 18.551430443 34.986206747 13.956000176
v 10.133799865 35.146444191 15.059480677
v 10.326337286 37.402289586 15.247300829
v 10.518874707 39.658134982 15.435120981
v -4.761486448 31.979789689 25.115384940
v -4.377191871 34.180044854 25.216346129
v -3.992897293 36.380300018 25.317307319
v -13.921951183 38.970181752 25.689860341
v -13.273010754 41.051054099 25.557089461
v -12.624070324 43.131926447 25.424318581
v -21.949190117 38.389047762 40.043573801
v -21.293892680 40.392178315 39.893703459
v -20.638595244 42.395308868 39.743833117
v -31.764992466 46.221109465 39.495509920
v -30.457322377 47.679340879 39.011975721
v -29.149652287 49.137572294 38.528441522
v -35.477448603 52.923190009 47.080489067
v -34.401788475 54.444503676 46.823387075
v -33.326128346 55.965817344 46.566285083
v -44.014602412 58.185833299 55.251482789
v -43.313682230 59.505335321 55.200000000
v -42.612762048 60.824837344 55.148517211
v 96.121719421 -0.021001337 1.489888696
v 96.000000000 0.000000000 0.000000000
v 95.878280579 0.021001337 -1.489888696
v 85.178045192 1.867208400 2.796609682
v 84.961398058 1.904588462 0.928667453
v 84.744750923 1.941968525 -0.939274775
v 74.976252579 2.979907711 4.470948951
v 75.223048283 2.951723577 2.468814395
v 75.469843988 2.923539444 0.466679839
v 66.583008323 3.263326730 0.660794728
v 66.157267986 3.284578997 -1.408674134
v 65.731527649 3.305831263 -3.478142996
v 57.831776943 13.678613410 8.351296198
v 57.073547007 13.896299671 6.315005067
v 56.315317070 14.113985933 4.278713936
v 51.339225966 13.206941378 6.905802568
v 51.986653129 12.575312282 4.861082288
v 52.634080292 11.943683186 2.816362007
v 44.477998283 17.345375297 3.664184217
v 44.589522694 16.848711836 1.450121609
v 44.701047106 16.352048375 -0.763940998
v 38.698602151 21.129314928 4.358484125
v 37.905657240 21.233907083 2.209494018
v 37.112712330 21.338499237 0.060503910
v 24.282173779 25.281019688 11.783788499
v 23.214895197 25.498081782 9.758004582
v 22.147616615 25.715143877 7.732220666
v 17.974372344 33.156039393 16.570041237
v 17.143306336 33.240938978 14.434630039
v 16.312240329 33.325838563 12.299218842
v 11.328700748 37.148315720 17.270157789
v 10.326337286 37.402289586 15.247300829
v 9.323973824 37.656263453 13.224443868
v -3.519231649 33.936117641 27.266566128
v -4.377191871 34.180044854 25.216346129
v -5.235152093 34.423972067 23.166126130
v -11.923449254 40.737884498 27.245103108
v -13.273010754 41.051054099 25.557089461
v -14.622572254 41.364223700 23.869075814
v -20.068727718 40.118539644 41.593262389
v -21.293892680 40.392178315 39.893703459
v -22.519057643 40.665816985 38.194144529
v -29.630035345 47.546013231 40.847204630
v -30.457322377 47.679340879 39.011975721
v -31.284609408 47.812668528 37.176746812
v -33.240057568 53.852148292 48.178760757
v -34.401788475 54.444503676 46.823387075
v -35.563519381 55.036859061 45.468013393
v -42.458953724 59.096422032 56.356397107
v -43.313682230 59.505335321 55.200000000
v -44.168410736 59.914248610 54.043602893
v 51.095093231 12.969958894 4.861082288
v 51.986653129 12.575312282 4.861082288
v 52.878213027 12.180665670 4.861082288
v 52.527443085 17.047542205 0.298606210
v 53.733871654 16.522514472 0.289848039
v 54.940300223 15.997486738 0.281089868
v 53.830627920 20.285367468 -3.496719716
v 55.197890233 20.099516374 -3.849370898
v 56.565152546 19.913665280 -4.202022080
v 51.746449013 24.481447696 -5.630302689
v 53.169426976 24.243881441 -5.967804132
v 54.592404939 24.006315187 -6.305305575
v 53.942709791 32.987927575 -12.061369578
v 55.292051952 32.332739031 -12.063293815
v 56.641394113 31.677550486 -12.065218051
v 57.507511465 36.555879574 -16.669133257
v 58.746828436 35.761318723 -16.501867799
v 59.986145406 34.966757873 -16.334602341
v 60.345741356 40.719477060 -21.597638976
v 61.687735393 40.268628662 -21.752872489
v 63.029729430 39.817780264 -21.908106002
v 59.854252423 46.281188482 -25.584759656
v 61.115546290 46.037318712 -25.869129195
v 62.376840157 45.793448943 -26.153498733
v 60.974540709 52.390781569 -30.819406966
v 61.904292161 52.141265988 -30.974097892
v 62.834043613 51.891750407 -31.128788817
v 52.273587096 13.223534794 5.530486107
v 51.986653129 12.575312282 4.861082288
v 51.699719162 11.927089769 4.191678469
v 54.122089726 17.399551432 1.190566428
v 53.733871654 16.522514472 0.289848039
v 53.345653582 15.645477512 -0.610870350
v 55.588252123 20.978989626 -2.799392751
v 55.197890233 20.099516374 -3.849370898
v 54.807528343 19.220043121 -4.899349046
v 53.582047029 25.034937598 -4.784932169
v 53.169426976 24.243881441 -5.967804132
v 52.756806923 23.452825284 -7.150676094
v 55.709791177 33.189659847 -10.905200271
v 55.292051952 32.332739031 -12.063293815
v 54.874312728 31.475818215 -13.221387358
v 59.199897489 36.691286332 -15.441160529
v 58.746828436 35.761318723 -16.501867799
v 58.293759383 34.831351115 -17.562575068
v 62.100239580 41.133786880 -20.699472626
v 61.687735393 40.268628662 -21.752872489
v 61.275231207 39.403470444 -22.806272352
v 61.489684394 46.806819636 -24.869584435
v 61.115546290 46.037318712 -25.869129195
v 60.741408187 45.267817789 -26.868673954
v 62.181669359 52.719575153 -30.239764541
v 61.904292161 52.141265988 -30.974097892
v 61.626914963 51.562956823 -31.708431243
v -5.335672216 34.001326004 25.216346129
v -4.377191871 34.180044854 25.216346129
v -3.418711525 34.358763703 25.216346129
v -6.852987894 40.333563455 22.410980408
v -5.597440536 40.724314621 22.364990433
v -4.341893179 41.115065786 22.319000457
v -9.395513360 45.429119562 21.619899381
v -7.979042315 45.344379049 21.741301773
v -6.562571270 45.259638536 21.862704166
v -6.269338845 49.957322883 19.302780440
v -4.789632750 49.947086414 19.377455176
v -3.309926654 49.936849945 19.452129913
v -9.073550137 54.727335924 15.408555159
v -7.590658332 54.948359108 15.361857756
v -6.107766528 55.169382292 15.315160353
v -8.136612513 61.175256987 13.388967100
v -6.655166666 61.196019500 13.379049829
v -5.173720819 61.216782014 13.369132558
v -9.182605784 66.461651257 13.256970011
v -7.768700713 66.627940037 13.217852112
v -6.354795643 66.794228816 13.178734212
v -9.398092932 72.733310314 11.062462506
v -8.106421567 72.975934160 10.999856820
v -6.814750202 73.218558006 10.937251134
v -11.171726018 78.591470813 9.642258800
v -10.251951047 78.905188358 9.563389453
v -9.332176075 79.218905904 9.484520106
v -4.447557838 34.557421928 26.112593960
v -4.377191871 34.180044854 25.216346129
v -4.306825904 33.802667779 24.320098299
v -5.666458955 41.094464709 23.625714862
v -5.597440536 40.724314621 22.364990433
v -5.528422117 40.354164532 21.104266003
v -8.068113601 45.789460045 23.091219894
v -7.979042315 45.344379049 21.741301773
v -7.889971030 44.899298053 20.391383653
v -4.846139230 50.767866291 20.609664024
v -4.789632750 49.947086414 19.377455176
v -4.733126269 49.126306537 18.145246329
v -7.652788538 55.645506289 16.688555026
v -7.590658332 54.948359108 15.361857756
v -7.528528127 54.251211927 14.035160486
v -6.649161766 61.463615902 14.836296321
v -6.655166666 61.196019500 13.379049829
v -6.661171567 60.928423099 11.921803337
v -7.763316826 66.910525663 14.613712454
v -7.768700713 66.627940037 13.217852112
v -7.774084601 66.345354411 11.821991769
v -8.115467666 73.349615916 12.261395893
v -8.106421567 72.975934160 10.999856820
v -8.097375469 72.602252404 9.738317747
v -10.249323669 79.135655459 10.510755846
v -10.251951047 78.905188358 9.563389453
v -10.254578424 78.674721258 8.616023060
v 35.784939238 59.331115759 65.731518769
v 34.983451232 60.593114957 65.731518769
v 34.181963225 61.855114155 65.731518769
v 29.711526854 55.060192456 58.750008750
v 28.500759675 56.475997021 58.491007417
v 27.289992495 57.891801587 58.232006084
v 25.845540640 47.444894819 51.177978560
v 24.622922445 49.042132505 51.022152483
v 23.400304250 50.639370192 50.866326406
v 18.567739524 44.555184391 41.558066305
v 17.354897412 46.282234289 41.454526333
v 16.142055300 48.009284186 41.350986361
v 13.931749858 38.257405443 40.773472564
v 12.791505895 40.119778264 40.787354062
v 11.651261933 41.982151085 40.801235560
v 3.699399524 35.437790122 26.056033529
v 2.673146193 37.406062428 26.323814223
v 1.646892861 39.374334735 26.591594916
v 2.976650887 34.952675685 22.334818078
v 1.780653667 36.883790681 22.374454407
v 0.584656447 38.814905677 22.414090736
v -3.326261953 31.232909741 14.646921664
v -4.503416952 33.200004630 14.698916254
v -5.680571951 35.167099519 14.750910844
v -12.927445043 25.677040083 15.962535929
v -14.598739268 27.254073494 15.863838241
v -16.270033494 28.831106904 15.765140553
v -20.384790033 12.785701322 8.998567291
v -21.584235926 14.727945438 8.782056375
v -22.783681819 16.670189554 8.565545460
v -32.657406973 14.017440821 20.289573032
v -33.275889007 16.172114453 19.920727493
v -33.894371040 18.326788085 19.551881954
v -43.349632484 7.076652030 14.330414978
v -43.852234728 9.234482912 14.030156524
v -44.354836973 11.392313794 13.729898069
v -49.819078161 8.717073138 10.020735648
v -50.675405956 10.687297047 9.628687219
v -51.531733750 12.657520956 9.236638791
v -57.677401394 0.192970428 10.558438376
v -58.525441926 2.090433830 10.177823405
v -59.373482458 3.987897233 9.797208434
v -72.640414967 -1.582195030 8.529012005
v -73.235134479 0.310305075 8.161592223
v -73.829853990 2.202805181 7.794172442
v -78.842834615 -6.159730535 10.613848729
v -79.799106879 -4.564381613 10.334659559
v -80.755379144 -2.969032691 10.055470389
v -90.134734431 -10.953097875 11.712630200
v -90.772819618 -9.621849832 11.476725333
v -91.410904805 -8.290601788 11.240820467
v 34.117718452 60.043293340 66.819281586
v 34.983451232 60.593114957 65.731518769
v 35.849184011 61.142936574 64.643755953
v 27.386792912 55.768523513 59.831194235
v 28.500759675 56.475997021 58.491007417
v 29.614726437 57.183470530 57.150820600
v 23.358003132 48.203576541 52.351456162
v 24.622922445 49.042132505 51.022152483
v 25.887841758 49.880688470 49.692848804
v 16.322118450 45.660997003 43.189991606
v 17.354897412 46.282234289 41.454526333
v 18.387676374 46.903471574 39.719061060
v 11.565037609 39.356661768 42.425099546
v 12.791505895 40.119778264 40.787354062
v 14.017974182 40.882894759 39.149608578
v 1.042708413 36.399235282 27.475756068
v 2.673146193 37.406062428 26.323814223
v 4.303583973 38.412889575 25.171872377
v 0.221849288 35.891254005 23.695887483
v 1.780653667 36.883790681 22.374454407
v 3.339458045 37.876327357 21.053021332
v -5.116130640 32.776022689 16.867482804
v -4.503416952 33.200004630 14.698916254
v -3.890703264 33.623986572 12.530349704
v -15.030315861 26.936686194 18.100578491
v -14.598739268 27.254073494 15.863838241
v -14.167162676 27.571460794 13.627097991
v -21.336189718 15.131231299 11.025645737
v -21.584235926 14.727945438 8.782056375
v -21.832282134 14.324659576 6.538467014
v -32.881399220 16.659156478 22.104383462
v -33.275889007 16.172114453 19.920727493
v -33.670378794 15.685072428 17.737071524
v -44.991109309 9.236943930 15.954203536
v -43.852234728 9.234482912 14.030156524
v -42.713360148 9.232021894 12.106109512
v -51.295068000 10.833628276 11.717559556
v -50.675405956 10.687297047 9.628687219
v -50.055743912 10.540965818 7.539814883
v -58.796129076 2.385603870 12.252434447
v -58.525441926 2.090433830 10.177823405
v -58.254754776 1.795263791 8.103212362
v -73.331510469 0.665143712 10.145287375
v -73.235134479 0.310305075 8.161592223
v -73.138758489 -0.044533562 6.177897072
v -79.675936217 -4.169461909 12.169437157
v -79.799106879 -4.564381613 10.334659559
v -79.922277542 -4.959301316 8.499881960
v -90.745853004 -9.348511187 12.946277630
v -90.772819618 -9.621849832 11.476725333
v -90.799786232 -9.895188476 10.007173036
v 1.777845230 37.019978001 26.323814223
v 2.673146193 37.406062428 26.323814223
v 3.568447156 37.792146856 26.323814223
v -1.524969911 43.834289235 25.352408247
v -0.371872663 44.467233822 25.321608828
v 0.781224585 45.100178409 25.290809408
v -4.717034985 47.759469377 23.251146940
v -3.473650337 48.452991770 23.214663722
v -2.230265689 49.146514162 23.178180503
v -7.577197873 54.495094653 21.472278230
v -6.098217651 54.535383784 21.551053351
v -4.619237429 54.575672916 21.629828473
v -4.993789138 62.685423270 20.434860192
v -3.756254106 63.413440787 20.869023225
v -2.518719074 64.141458304 21.303186259
v -12.908569228 61.117655942 24.825313368
v -11.755733668 61.940983832 25.259263354
v -10.602898109 62.764311722 25.693213340
v -11.163207713 71.621248907 20.546372159
v -9.904044445 71.865462170 21.165385459
v -8.644881178 72.109675434 21.784398759
v -13.701727856 74.504405652 21.314964337
v -12.636982568 75.017921305 21.892735800
v -11.572237280 75.531436958 22.470507264
v -15.443155932 81.760687804 20.366933750
v -14.627411534 82.059371193 20.809623689
v -13.811667136 82.358054581 21.252313627
v 2.623249790 37.521768461 27.290637610
v 2.673146193 37.406062428 26.323814223
v 2.723042596 37.290356396 25.356990835
v -0.496899776 44.757162361 26.598914735
v -0.371872663 44.467233822 25.321608828
v -0.246845551 44.177305283 24.044302920
v -3.658171618 48.855026317 24.568410314
v -3.473650337 48.452991770 23.214663722
v -3.289129056 48.050957222 21.860917129
v -6.182268039 54.762963787 23.012680563
v -6.098217651 54.535383784 21.551053351
v -6.014167263 54.307803782 20.089426140
v -3.807659402 62.711016773 22.193394019
v -3.756254106 63.413440787 20.869023225
v -3.704848810 64.115864802 19.544652432
v -12.083189514 61.653148892 26.675291231
v -11.755733668 61.940983832 25.259263354
v -11.428277822 62.228818772 23.843235478
v -10.562994739 72.138406980 22.398104145
v -9.904044445 71.865462170 21.165385459
v -9.245094152 71.592517361 19.932666773
v -13.177203195 74.808838382 23.074110729
v -12.636982568 75.017921305 21.892735800
v -12.096761940 75.227004228 20.711360871
v -15.092552032 82.059695612 21.666518829
v -14.627411534 82.059371193 20.809623689
v -14.162271036 82.059046773 19.952728548
v -44.811854100 9.234482912 14.202654820
v -43.852234728 9.234482912 14.030156524
v -42.892615357 9.234482912 13.857658227
v -46.257672112 11.072408217 8.078586777
v -44.973829019 11.078902703 7.790653709
v -43.689985926 11.085397189 7.502720642
v -48.721248460 11.050463749 -1.150737780
v -47.359780304 11.078565644 -1.567780296
v -45.998312148 11.106667539 -1.984822813
v -51.841522365 14.603273784 -9.382999543
v -50.500430737 14.667078234 -10.009588299
v -49.159339109 14.730882684 -10.636177054
v -56.550837823 13.997433145 -17.430981377
v -55.295814706 14.113370030 -18.244292888
v -54.040791589 14.229306915 -19.057604400
v -59.052904457 17.853449369 -20.184913444
v -57.621174399 17.765649820 -20.555927610
v -56.189444341 17.677850272 -20.926941776
v -59.494295256 19.461937013 -30.078434730
v -58.088178825 19.315852384 -30.251077663
v -56.682062395 19.169767755 -30.423720596
v -60.206288713 22.633329541 -35.067131270
v -58.946948956 22.602943406 -35.447053337
v -57.687609199 22.572557271 -35.826975404
v -62.797037798 25.755501842 -43.005671427
v -61.883095823 25.755866578 -43.345281505
v -60.969153849 25.756231313 -43.684891583
v -43.804046062 10.170665440 14.298233244
v -43.852234728 9.234482912 14.030156524
v -43.900423395 8.298300385 13.762079804
v -44.947130468 12.385971176 7.939179507
v -44.973829019 11.078902703 7.790653709
v -45.000527571 9.771834230 7.642127911
v -47.307295345 12.476790764 -1.302221339
v -47.359780304 11.078565644 -1.567780296
v -47.412265263 9.680340523 -1.833339253
v -50.455681383 16.127702590 -9.765078137
v -50.500430737 14.667078234 -10.009588299
v -50.545180091 13.206453879 -10.254098460
v -55.196754294 15.566167039 -17.884337493
v -55.295814706 14.113370030 -18.244292888
v -55.394875117 12.660573021 -18.604248283
v -57.398127195 19.127862065 -20.017560655
v -57.621174399 17.765649820 -20.555927610
v -57.844221603 16.403437576 -21.094294565
v -57.896588254 20.662976164 -29.830530054
v -58.088178825 19.315852384 -30.251077663
v -58.279769397 17.968728603 -30.671625272
v -58.758285644 23.792247447 -34.916805498
v -58.946948956 22.602943406 -35.447053337
v -59.135612267 21.413639365 -35.977301177
v -61.764400959 26.669034833 -43.024874985
v -61.883095823 25.755866578 -43.345281505
v -62.001790688 24.842698322 -43.665688024
v -44.668008842 80.349434399 -27.332702415
v -46.013376802 79.697506448 -27.332702415
v -47.358744761 79.045578497 -27.332702415
v -39.409823572 70.273355756 -26.517552302
v -41.236491073 69.839562792 -26.630028629
v -43.063158574 69.405769828 -26.742504956
v -40.091416306 62.049547993 -22.147118404
v -41.951252031 61.274694775 -22.251324028
v -43.811087755 60.499841557 -22.355529652
v -31.592692556 52.013264999 -25.400268164
v -33.475374668 51.060889912 -25.513835864
v -35.358056780 50.108514825 -25.627403564
v -29.013975645 39.508934127 -22.427908161
v -31.109104871 39.917617832 -22.888551915
v -33.204234097 40.326301538 -23.349195670
v -35.272419376 33.983909112 -21.927068122
v -37.366845953 34.571866435 -22.443480526
v -39.461272530 35.159823757 -22.959892930
v -34.446867205 23.784238346 -18.188812404
v -36.647343613 23.822085611 -18.752422801
v -38.847820021 23.859932875 -19.316033198
v -35.274044558 20.568649675 -22.334091657
v -37.471393510 20.471196748 -22.982181266
v -39.668742462 20.373743821 -23.630270875
v -29.150181254 -0.817395774 -32.336610136
v -31.344461996 -1.014093428 -32.997247751
v -33.538742738 -1.210791081 -33.657885366
v -32.758509754 -1.704316850 -25.281698695
v -34.657148208 -2.988474140 -25.344720149
v -36.555786663 -4.272631431 -25.407741603
v -23.179968630 -9.399892330 -26.095168730
v -24.902256751 -10.867872575 -26.295026555
v -26.624544872 -12.335852819 -26.494884379
v -18.787160751 -17.160279771 -36.957134856
v -20.822593572 -17.737186330 -36.233815892
v -22.858026393 -18.314092888 -35.510496928
v -23.086694676 -28.512865661 -41.413543080
v -25.059992215 -28.173809386 -40.541809648
v -27.033289755 -27.834753112 -39.670076216
v -23.886032030 -40.964346817 -39.411020241
v -25.816410220 -40.800540450 -38.567684377
v -27.746788410 -40.636734083 -37.724348512
v -25.617240805 -54.578463146 -41.728001018
v -27.489230190 -54.566702122 -40.975829054
v -29.361219575 -54.554941097 -40.223657090
v -27.496297024 -62.226574874 -47.458190735
v -29.244339184 -62.227383382 -46.764008215
v -30.992381345 -62.228191890 -46.069825695
v -29.861950047 -70.396182691 -51.013519317
v -31.235473097 -70.323476585 -50.427709262
v -32.608996146 -70.250770479 -49.841899207
v -46.055109383 79.783628969 -25.840768669
v -46.013376802 79.697506448 -27.332702415
v -45.971644220 79.611383927 -28.824636161
v -41.455370419 70.291258810 -24.817405127
v -41.236491073 69.839562792 -26.630028629
v -41.017611727 69.387866774 -28.442652131
v -42.089912451 61.336964455 -20.239573293
v -41.951252031 61.274694775 -22.251324028
v -41.812591611 61.212425095 -24.263074763
v -33.551275836 50.959428627 -23.404724088
v -33.475374668 51.060889912 -25.513835864
v -33.399473499 51.162351198 -27.622947640
v -31.477369022 40.395338067 -20.789755497
v -31.109104871 39.917617832 -22.888551915
v -30.740840719 39.439897598 -24.987348334
v -37.702523301 35.229674515 -20.333123324
v -37.366845953 34.571866435 -22.443480526
v -37.031168605 33.914058354 -24.553837728
v -37.211972517 23.742258046 -16.553330425
v -36.647343613 23.822085611 -18.752422801
v -36.082714709 23.901913175 -20.951515177
v -37.976502136 19.278212409 -21.090221099
v -37.471393510 20.471196748 -22.982181266
v -36.966284884 21.664181087 -24.874141433
v -31.977572092 -1.310706005 -30.806085369
v -31.344461996 -1.014093428 -32.997247751
v -30.711351899 -0.717480850 -35.188410133
v -35.338315090 -2.079108185 -23.353006095
v -34.657148208 -2.988474140 -25.344720149
v -33.975981326 -3.897840095 -27.336434202
v -24.334606470 -11.804822379 -24.304779399
v -24.902256751 -10.867872575 -26.295026555
v -25.469907032 -9.930922770 -28.285273710
v -19.897518451 -19.035903962 -34.666472023
v -20.822593572 -17.737186330 -36.233815892
v -21.747668693 -16.438468697 -37.801159761
v -24.245509264 -28.551607097 -38.551164545
v -25.059992215 -28.173809386 -40.541809648
v -25.874475167 -27.796011676 -42.532454751
v -24.979418623 -40.909431520 -36.630677493
v -25.816410220 -40.800540450 -38.567684377
v -26.653401816 -40.691649379 -40.504691260
v -26.798572849 -55.339338052 -39.244854936
v -27.489230190 -54.566702122 -40.975829054
v -28.179887532 -53.794066191 -42.706803172
v -28.660638724 -63.247144870 -45.295362002
v -29.244339184 -62.227383382 -46.764008215
v -29.828039645 -61.207621893 -48.232654428
v -30.743929093 -71.004132270 -49.190730079
v -31.235473097 -70.323476585 -50.427709262
v -31.727017100 -69.642820901 -51.664688445
v -38.325307598 34.571866435 -22.264661412
v -37.366845953 34.571866435 -22.443480526
v -36.408384308 34.571866435 -22.622299640
v -39.666458066 33.027132505 -27.597274472
v -38.379062646 33.021963713 -27.868912163
v -37.091667227 33.016794921 -28.140549854
v -40.770238948 33.180591886 -32.557901473
v -39.672201248 32.711306635 -33.334042105
v -38.574163548 32.242021385 -34.110182737
v -45.698724628 27.851629665 -32.447549267
v -44.377330267 27.546532279 -33.044243292
v -43.055935906 27.241434893 -33.640937316
v -47.719646151 24.354040775 -43.210445501
v -46.296320335 24.054207777 -43.576838454
v -44.872994520 23.754374778 -43.943231407
v -49.253078542 27.011915278 -46.080063785
v -48.138515444 26.780495074 -47.028433451
v -47.023952347 26.549074871 -47.976803117
v -51.049559387 25.055054839 -47.184482373
v -49.937636081 24.848840429 -48.050168169
v -48.825712775 24.642626019 -48.915853965
v -56.923308061 23.727986994 -55.450828320
v -55.773468397 23.600351077 -56.077548782
v -54.623628733 23.472715159 -56.704269245
v -57.851451769 20.560829549 -59.703118581
v -56.924705997 20.598538939 -60.003693607
v -55.997960224 20.636248328 -60.304268632
v -37.415193094 35.510554295 -22.702618818
v -37.366845953 34.571866435 -22.443480526
v -37.318498813 33.633178574 -22.184342234
v -38.418854866 34.319702935 -28.082196501
v -38.379062646 33.021963713 -27.868912163
v -38.339270427 31.724224491 -27.655627824
v -39.861290793 33.784809603 -34.250637021
v -39.672201248 32.711306635 -33.334042105
v -39.483111704 31.637803668 -32.417447189
v -44.513752282 28.715635512 -33.944131005
v -44.377330267 27.546532279 -33.044243292
v -44.240908252 26.377429047 -32.144355578
v -46.026536159 25.521798179 -43.729792402
v -46.296320335 24.054207777 -43.576838454
v -46.566104511 22.586617375 -43.423884506
v -47.831288341 28.229897783 -47.021049281
v -48.138515444 26.780495074 -47.028433451
v -48.445742548 25.331092366 -47.035817621
v -50.009984582 26.208729542 -48.467033869
v -49.937636081 24.848840429 -48.050168169
v -49.865287580 23.488951316 -47.633302469
v -55.852044286 24.851679252 -56.476552976
v -55.773468397 23.600351077 -56.077548782
v -55.694892508 22.349022902 -55.678544589
v -57.131685291 21.383749143 -60.543350514
v -56.924705997 20.598538939 -60.003693607
v -56.717726702 19.813328735 -59.464036699
v -20.092574223 -18.383480960 -36.233815892
v -20.822593572 -17.737186330 -36.233815892
v -21.552612922 -17.090891699 -36.233815892
v -24.929262778 -24.286169247 -32.409029237
v -25.667531142 -23.209764944 -32.574903637
v -26.405799506 -22.133360640 -32.740778037
v -32.737669101 -26.479547982 -28.667119860
v -33.454676513 -25.269608947 -28.891301974
v -34.171683925 -24.059669911 -29.115484087
v -38.431268025 -30.923630705 -25.376394238
v -39.689920130 -30.157189112 -25.222857939
v -40.948572235 -29.390747520 -25.069321640
v -39.067901286 -38.283880946 -21.891094201
v -39.698035581 -36.922696445 -21.901463626
v -40.328169876 -35.561511944 -21.911833052
v -50.861438277 -36.932898203 -22.607625956
v -51.355812147 -35.538361356 -22.685553421
v -51.850186018 -34.143824509 -22.763480886
v -51.113431222 -42.007675588 -15.890641154
v -51.983731019 -40.924685349 -15.577559499
v -52.854030816 -39.841695110 -15.264477844
v -59.641032517 -46.790736857 -12.718874213
v -60.305393125 -45.679858121 -12.482708737
v -60.969753734 -44.568979384 -12.246543262
v -65.085660833 -50.966807689 -10.602406837
v -65.653434379 -50.200970633 -10.398074079
v -66.221207924 -49.435133578 -10.193741321
v -20.533285044 -17.410399113 -35.361958283
v -20.822593572 -17.737186330 -36.233815892
v -21.111902100 -18.063973546 -37.105673501
v -25.262741328 -22.752536332 -31.409447537
v -25.667531142 -23.209764944 -32.574903637
v -26.072320956 -23.666993555 -33.740359737
v -33.030268920 -24.782911210 -27.621926842
v -33.454676513 -25.269608947 -28.891301974
v -33.879084106 -25.756306683 -30.160677106
v -39.212033297 -29.632980044 -23.922073460
v -39.689920130 -30.157189112 -25.222857939
v -40.167806962 -30.681398181 -26.523642417
v -39.438558579 -36.791366444 -20.429925616
v -39.698035581 -36.922696445 -21.901463626
v -39.957512583 -37.054026446 -23.373001637
v -50.764453975 -35.254482957 -21.357050580
v -51.355812147 -35.538361356 -22.685553421
v -51.947170319 -35.822239755 -24.014056262
v -51.144136545 -40.565963776 -14.484531745
v -51.983731019 -40.924685349 -15.577559499
v -52.823325493 -41.283406922 -16.670587252
v -59.846515198 -45.667570532 -11.249630970
v -60.305393125 -45.679858121 -12.482708737
v -60.764271052 -45.692145709 -13.715786505
v -65.308503613 -50.188540873 -9.486211513
v -65.653434379 -50.200970633 -10.398074079
v -65.998365144 -50.213400394 -11.309936645
v -78.947566913 1.484749176 -54.365942022
v -79.122337858 0.000000000 -54.365942022
v -79.297108803 -1.484749176 -54.365942022
v -71.240116373 0.912216248 -49.236093955
v -71.834145497 -0.857898618 -49.462730629
v -72.428174620 -2.628013484 -49.689367303
v -60.484181930 -5.571563932 -43.022491464
v -61.257599855 -7.404905018 -43.355553652
v -62.031017781 -9.238246103 -43.688615841
v -55.874302576 -7.661868755 -38.572165002
v -55.475111985 -9.736725148 -38.577232884
v -55.075921394 -11.811581541 -38.582300766
v -50.248701319 -3.092777531 -39.990884288
v -50.137516091 -5.273693975 -39.986107058
v -50.026330863 -7.454610420 -39.981329828
v -35.191505256 -6.621862865 -39.155889090
v -35.903273608 -8.740346897 -39.222293081
v -36.615041959 -10.858830930 -39.288697072
v -28.465838159 -10.411519814 -37.905294387
v -29.923640963 -12.119585153 -38.249546188
v -31.381443766 -13.827650492 -38.593797988
v -14.307663652 -25.861421387 -30.726791048
v -15.542059630 -27.771536609 -31.019341967
v -16.776455608 -29.681651831 -31.311892887
v -16.051369555 -19.750098190 -34.994474540
v -15.470270327 -21.973362494 -34.897420302
v -14.889171099 -24.196626797 -34.800366065
v 1.310724482 -21.571521353 -26.419560121
v 0.488808735 -23.427293913 -27.486528884
v -0.333107012 -25.283066473 -28.553497647
v 0.342952655 -33.141681176 -23.522109982
v -1.336181161 -34.077269747 -24.733047294
v -3.015314977 -35.012858318 -25.943984605
v 14.127011180 -44.102098277 -26.664982455
v 13.298720346 -45.533378627 -28.169764541
v 12.470429512 -46.964658977 -29.674546627
v 15.273937489 -38.983137325 -25.993280696
v 14.737139893 -40.468049594 -27.501811573
v 14.200342297 -41.952961863 -29.010342450
v 25.690101137 -47.552274920 -27.746485138
v 24.525270664 -48.535079410 -29.209930788
v 23.360440192 -49.517883900 -30.673376437
v 34.611775801 -56.933219488 -29.382181430
v 33.730095888 -58.056035065 -30.807723767
v 32.848415976 -59.178850642 -32.233266105
v 44.264113800 -61.062289674 -28.889483437
v 43.428307026 -62.099677017 -30.217186701
v 42.592500252 -63.137064360 -31.544889965
v 51.591155314 -69.007800745 -31.435520158
v 50.663327933 -69.602448046 -32.445745927
v 49.735500551 -70.197095348 -33.455971695
v -79.947194178 0.097094459 -53.122877375
v -79.122337858 0.000000000 -54.365942022
v -78.297481537 -0.097094459 -55.609006669
v -72.785368850 -0.745929400 -47.844034102
v -71.834145497 -0.857898618 -49.462730629
v -70.882922143 -0.969867837 -51.081427156
v -62.320274792 -7.267145009 -41.646170898
v -61.257599855 -7.404905018 -43.355553652
v -60.194924919 -7.542665026 -45.064936407
v -56.066003707 -9.855355803 -36.552095456
v -55.475111985 -9.736725148 -38.577232884
v -54.884220263 -9.618094493 -40.602370312
v -50.066010740 -5.265267718 -37.803540336
v -50.137516091 -5.273693975 -39.986107058
v -50.209021443 -5.282120232 -42.168673780
v -36.096316339 -8.745309156 -36.994803877
v -35.903273608 -8.740346897 -39.222293081
v -35.710230876 -8.735384638 -41.449782284
v -30.631415726 -11.949242382 -36.097518367
v -29.923640963 -12.119585153 -38.249546188
v -29.215866199 -12.289927924 -40.401574008
v -16.063403228 -27.776617508 -28.786398916
v -15.542059630 -27.771536609 -31.019341967
v -15.020716032 -27.766455711 -33.252285019
v -15.957649306 -22.002634147 -32.649842740
v -15.470270327 -21.973362494 -34.897420302
v -14.982891348 -21.944090840 -37.144997865
v -1.009865797 -23.744522206 -25.780304839
v 0.488808735 -23.427293913 -27.486528884
v 1.987483266 -23.110065620 -29.192752928
v -2.358533850 -34.729076759 -22.811816408
v -1.336181161 -34.077269747 -24.733047294
v -0.313828472 -33.425462735 -26.654278179
v 12.975964184 -47.045028038 -26.554294706
v 13.298720346 -45.533378627 -28.169764541
v 13.621476508 -44.021729216 -29.785234376
v 14.481417995 -41.967440846 -25.934899419
v 14.737139893 -40.468049594 -27.501811573
v 14.992861792 -38.968658342 -29.068723727
v 23.663451321 -49.747757419 -27.709568388
v 24.525270664 -48.535079410 -29.209930788
v 25.387090007 -47.322401400 -30.710293187
v 32.948327043 -59.251285137 -29.382781670
v 33.730095888 -58.056035065 -30.807723767
v 34.511864734 -56.860784992 -32.232665864
v 42.765341676 -63.259731202 -28.893444788
v 43.428307026 -62.099677017 -30.217186701
v 44.091272376 -60.939622832 -31.540928614
v 50.076539252 -70.482189539 -31.388977685
v 50.663327933 -69.602448046 -32.445745927
v 51.250116613 -68.722706554 -33.502514168
v -34.996817402 -9.099459899 -39.222293081
v -35.903273608 -8.740346897 -39.222293081
v -36.809729813 -8.381233895 -39.222293081
v -37.063731009 -15.221835800 -40.988041031
v -38.231231012 -14.616467848 -40.947125217
v -39.398731015 -14.011099896 -40.906209403
v -40.746345034 -20.846823966 -43.350046303
v -42.105313126 -20.427624756 -43.273970919
v -43.464281218 -20.008425545 -43.197895535
v -40.106585653 -25.771051155 -39.774097174
v -41.357505869 -24.988081918 -39.642305593
v -42.608426084 -24.205112682 -39.510514011
v -45.790533369 -28.876313228 -44.686943254
v -46.922848395 -27.934372682 -44.403023040
v -48.055163422 -26.992432135 -44.119102826
v -47.012983759 -32.007655874 -46.654262768
v -48.257805397 -31.250620106 -46.384954080
v -49.502627034 -30.493584338 -46.115645393
v -51.695482668 -38.213755176 -45.400938858
v -52.908876304 -37.514940819 -45.140854071
v -54.122269940 -36.816126462 -44.880769283
v -52.848315961 -41.916209770 -46.204455460
v -54.079558686 -41.509624759 -45.981003678
v -55.310801411 -41.103039747 -45.757551897
v -55.451613197 -47.804430025 -46.164689046
v -56.349513798 -47.462540717 -45.998823789
v -57.247414398 -47.120651408 -45.832958532
v -35.997817128 -8.978989221 -38.281688826
v -35.903273608 -8.740346897 -39.222293081
v -35.808730087 -8.501704574 -40.162897336
v -38.373928363 -14.976657813 -39.689706682
v -38.231231012 -14.616467848 -40.947125217
v -38.088533660 -14.256277883 -42.204543753
v -41.982865787 -20.286904605 -41.862052294
v -42.105313126 -20.427624756 -43.273970919
v -42.227760466 -20.568344906 -44.685889545
v -41.345792452 -25.215788282 -38.178330238
v -41.357505869 -24.988081918 -39.642305593
v -41.369219285 -24.760375554 -41.106280947
v -47.320439996 -28.768480392 -43.221420211
v -46.922848395 -27.934372682 -44.403023040
v -46.525256794 -27.100264971 -45.584625869
v -48.079237046 -31.474148553 -44.931214211
v -48.257805397 -31.250620106 -46.384954080
v -48.436373748 -31.027091659 -47.838693950
v -52.658890847 -37.601700687 -43.741465020
v -52.908876304 -37.514940819 -45.140854071
v -53.158861761 -37.428180951 -46.540243121
v -53.902111410 -41.682452488 -44.688779333
v -54.079558686 -41.509624759 -45.981003678
v -54.257005962 -41.336797029 -47.273228023
v -56.195490504 -47.524148716 -45.038039552
v -56.349513798 -47.462540717 -45.998823789
v -56.503537092 -47.400932717 -46.959608026
v 14.270673023 -45.610404552 -28.169764541
v 13.298720346 -45.533378627 -28.169764541
v 12.326767669 -45.456352703 -28.169764541
v 14.234099290 -50.286556164 -26.960628017
v 12.919030183 -50.324504109 -26.941815371
v 11.603961076 -50.362452054 -26.923002725
v 14.843494167 -51.747249941 -27.340395902
v 13.477519010 -51.348980549 -27.402065016
v 12.111543854 -50.950711157 -27.463734130
v 12.325088495 -56.822946856 -25.354439122
v 10.897909941 -57.060177582 -25.673960936
v 9.470731387 -57.297408308 -25.993482749
v 16.663921522 -58.308275843 -29.651460272
v 15.175972604 -58.283757567 -29.839627410
v 13.688023686 -58.259239291 -30.027794548
v 12.555237164 -66.511505939 -29.865330846
v 11.334286164 -65.770538023 -30.259610484
v 10.113335164 -65.029570106 -30.653890122
v 9.462568587 -68.839968102 -26.915553373
v 8.114401019 -68.555420881 -27.275812730
v 6.766233451 -68.270873659 -27.636072087
v 10.557673439 -74.139439712 -29.107005475
v 9.328819326 -74.347150641 -29.528875665
v 8.099965214 -74.554861569 -29.950745856
v 11.010536662 -77.605428403 -28.242423052
v 10.119313391 -77.884329097 -28.522709611
v 9.228090121 -78.163229791 -28.802996171
v 13.317787628 -45.292777867 -27.225109729
v 13.298720346 -45.533378627 -28.169764541
v 13.279653064 -45.773979387 -29.114419353
v 12.932708369 -50.151905729 -25.637505813
v 12.919030183 -50.324504109 -26.941815371
v 12.905351997 -50.497102489 -28.246124930
v 13.490052986 -51.089175837 -26.001831418
v 13.477519010 -51.348980549 -27.402065016
v 13.464985035 -51.608785261 -28.802298614
v 10.680854462 -57.593227700 -24.308693298
v 10.897909941 -57.060177582 -25.673960936
v 11.114965420 -56.527127464 -27.039228573
v 14.998222752 -58.984565609 -28.525369795
v 15.175972604 -58.283757567 -29.839627410
v 15.353722455 -57.582949525 -31.153885025
v 11.165322081 -65.305771516 -28.862952164
v 11.334286164 -65.770538023 -30.259610484
v 11.503250248 -66.235304529 -31.656268805
v 7.788331292 -68.362209924 -25.902984344
v 8.114401019 -68.555420881 -27.275812730
v 8.440470746 -68.748631837 -28.648641116
v 8.946757827 -74.594272799 -28.294306766
v 9.328819326 -74.347150641 -29.528875665
v 9.710880825 -74.100028482 -30.763444565
v 9.781138732 -77.704838539 -27.626023429
v 10.119313391 -77.884329097 -28.522709611
v 10.457488051 -78.063819656 -29.419395794
v -42.165779068 -70.075317792 49.939332272
v -40.994094368 -71.003854256 49.939332272
v -39.822409669 -71.932390720 49.939332272
v -36.969418256 -62.941499546 42.383140720
v -35.679604821 -64.297702877 42.569246195
v -34.389791386 -65.653906209 42.755351670
v -29.066891189 -58.646492726 37.893274347
v -28.160696692 -60.387802380 38.358996867
v -27.254502196 -62.129112035 38.824719387
v -19.863983208 -55.982998247 34.341662502
v -18.355609602 -57.460223024 34.425471135
v -16.847235997 -58.937447801 34.509279768
v -18.201930713 -47.796594643 27.964679731
v -16.328571265 -48.905617348 27.793289733
v -14.455211817 -50.014640053 27.621899736
v -9.487009184 -36.492851298 23.763961029
v -7.780312796 -37.934061808 23.668577708
v -6.073616408 -39.375272318 23.573194387
v -2.139851386 -29.197986643 22.353351978
v -1.830954969 -31.406181409 22.788833774
v -1.522058553 -33.614376176 23.224315569
v 13.369505817 -34.019840890 17.239205251
v 12.988184898 -36.143930519 18.014251854
v 12.606863979 -38.268020148 18.789298457
v 11.715586344 -35.100986526 19.158034004
v 9.994340291 -35.399773260 17.662026481
v 8.273094237 -35.698559994 16.166018957
v 14.799689906 -28.075945086 16.438204561
v 14.461382440 -26.932667048 14.479551192
v 14.123074975 -25.789389010 12.520897824
v 31.476470033 -22.754628363 23.992131225
v 31.128239152 -21.633865466 22.046929102
v 30.780008270 -20.513102570 20.101726978
v 34.192676231 -10.075235676 23.250371275
v 34.106863320 -8.861158036 21.374831380
v 34.021050410 -7.647080396 19.499291484
v 51.214023481 -14.917733105 28.076423925
v 51.221279694 -13.726599492 26.246142641
v 51.228535907 -12.535465879 24.415861358
v 59.049273159 -8.368023954 24.132754919
v 58.438998449 -7.711797932 22.219292077
v 57.828723739 -7.055571910 20.305829234
v 65.494847815 -1.312707826 27.872977986
v 65.671309436 -0.011921130 26.340966070
v 65.847771057 1.288865566 24.808954154
v 75.067252564 2.406894609 35.201657628
v 75.279512170 3.643588610 33.800559763
v 75.491771776 4.880282611 32.399461898
v 83.863171272 8.029628989 38.162251515
v 83.790489375 8.881728137 36.936009471
v 83.717807478 9.733827285 35.709767427
v -40.388115062 -70.239192114 51.072074913
v -40.994094368 -71.003854256 49.939332272
v -41.600073674 -71.768516397 48.806589632
v -35.002786623 -63.443651843 44.102235229
v -35.679604821 -64.297702877 42.569246195
v -36.356423020 -65.151753912 41.036257162
v -27.619722381 -59.627832630 40.147861875
v -28.160696692 -60.387802380 38.358996867
v -28.701671004 -61.147772130 36.570131859
v -17.607716061 -56.595743194 36.202473594
v -18.355609602 -57.460223024 34.425471135
v -19.103503144 -58.324702854 32.648468677
v -15.709455079 -48.162371755 29.751110627
v -16.328571265 -48.905617348 27.793289733
v -16.947687451 -49.648862942 25.835468840
v -7.398622474 -37.626433878 25.850016643
v -7.780312796 -37.934061808 23.668577708
v -8.162003118 -38.241689737 21.487138773
v -1.288966321 -30.906573873 24.937746553
v -1.830954969 -31.406181409 22.788833774
v -2.372943618 -31.905788946 20.639920995
v 14.024622577 -35.609578767 19.988618784
v 12.988184898 -36.143930519 18.014251854
v 11.951747219 -36.678282270 16.039884924
v 11.481599284 -36.230604240 16.116781980
v 9.994340291 -35.399773260 17.662026481
v 8.507081297 -34.568942280 19.207270982
v 15.710428472 -28.491661371 13.353815724
v 14.461382440 -26.932667048 14.479551192
v 13.212336409 -25.373672726 15.605286661
v 32.683615199 -22.932890552 21.020028573
v 31.128239152 -21.633865466 22.046929102
v 29.572863104 -20.334840381 23.073829630
v 35.012811474 -10.557942191 20.235015716
v 34.106863320 -8.861158036 21.374831380
v 33.200915167 -7.164373881 22.514647043
v 51.348855419 -15.553996064 25.057392156
v 51.221279694 -13.726599492 26.246142641
v 51.093703970 -11.899202920 27.434893127
v 59.759354557 -9.096753142 21.323207998
v 58.438998449 -7.711797932 22.219292077
v 57.118642341 -6.326842721 23.115376156
v 67.059670838 -1.202779444 25.489758495
v 65.671309436 -0.011921130 26.340966070
v 64.282948033 1.178937184 27.192173645
v 76.400924875 2.431285115 32.900395776
v 75.279512170 3.643588610 33.800559763
v 74.158099465 4.855892104 34.700723749
v 84.658819611 7.907069796 36.207264738
v 83.790489375 8.881728137 36.936009471
v 82.922159139 9.856386478 37.664754204
v -8.735736694 -37.934061808 23.474180758
v -7.780312796 -37.934061808 23.668577708
v -6.824888898 -37.934061808 23.862974658
v -7.079957686 -42.183175080 13.634878083
v -5.803320209 -42.154750237 13.952036558
v -4.526682732 -42.126325394 14.269195034
v -4.797456780 -46.718471983 6.542313972
v -3.422762180 -46.670575951 6.911408058
v -2.048067580 -46.622679918 7.280502144
v -1.803599712 -54.594151693 -5.041987308
v -0.359477956 -54.582034045 -4.710963519
v 1.084643799 -54.569916398 -4.379939730
v -1.008576682 -58.316488235 -9.897448986
v 0.432936459 -58.276920805 -9.484563673
v 1.874449601 -58.237353376 -9.071678360
v 2.775976862 -60.062910361 -20.415531713
v 4.099810523 -59.902099417 -19.769919205
v 5.423644184 -59.741288473 -19.124306697
v 9.439603254 -68.211845217 -28.725780874
v 10.773156267 -68.135153776 -28.231752026
v 12.106709280 -68.058462336 -27.737723179
v 10.284037165 -71.018063924 -38.446360448
v 11.581991122 -71.059914000 -38.234783483
v 12.879945080 -71.101764076 -38.023206517
v 12.786737470 -77.077416166 -48.405348969
v 13.739530737 -77.078384660 -48.198445313
v 14.692324004 -77.079353153 -47.991541656
v -7.704176233 -37.036952520 23.294381035
v -7.780312796 -37.934061808 23.668577708
v -7.856449359 -38.831171095 24.042774381
v -5.685006875 -40.980409989 13.370549108
v -5.803320209 -42.154750237 13.952036558
v -5.921633543 -43.329090485 14.533524008
v -3.262709556 -45.471565308 6.159699102
v -3.422762180 -46.670575951 6.911408058
v -3.582814804 -47.869586593 7.663117014
v -0.181364071 -53.362074575 -5.532660279
v -0.359477956 -54.582034045 -4.710963519
v -0.537591842 -55.801993515 -3.889266758
v 0.529471206 -56.856769276 -9.957692277
v 0.432936459 -58.276920805 -9.484563673
v 0.336401712 -59.697072335 -9.011435068
v 4.241931608 -58.565932668 -20.394155737
v 4.099810523 -59.902099417 -19.769919205
v 3.957689438 -61.238266166 -19.145682673
v 10.952539207 -66.894932374 -28.908495961
v 10.773156267 -68.135153776 -28.231752026
v 10.593773327 -69.375375178 -27.555008092
v 11.705542036 -69.857669611 -38.754922232
v 11.581991122 -71.059914000 -38.234783483
v 11.458440209 -72.262158389 -37.714644733
v 13.845531234 -76.238779842 -48.682648488
v 13.739530737 -77.078384660 -48.198445313
v 13.633530241 -77.917989478 -47.714242138
v 33.185225098 -8.861158036 21.056699351
v 34.106863320 -8.861158036 21.374831380
v 35.028501543 -8.861158036 21.692963408
v 36.219807828 -10.148463943 11.235205664
v 37.423631008 -10.133950406 11.766053878
v 38.627454188 -10.119436869 12.296902093
v 41.168185594 -11.676544463 1.966890526
v 42.352488486 -11.563613818 2.749822865
v 43.536791379 -11.450683173 3.532755203
v 46.995599776 -17.788847066 -4.117461752
v 48.443157826 -17.733030928 -3.806541377
v 49.890715877 -17.677214790 -3.495621002
v 45.233141474 -14.089892613 -17.349488374
v 46.711024081 -14.040527270 -17.097643055
v 48.188906687 -13.991161927 -16.845797737
v 50.620615968 -20.225692989 -24.258178003
v 51.876102639 -19.975732744 -23.512199234
v 53.131589311 -19.725772499 -22.766220465
v 56.005899652 -20.724525713 -33.292197862
v 57.318949271 -20.524123595 -32.778340482
v 58.631998890 -20.323721477 -32.264483101
v 58.834271294 -24.070626706 -43.336009873
v 60.074446773 -23.907934965 -42.927724559
v 61.314622251 -23.745243223 -42.519439246
v 63.241674894 -26.838734559 -51.377930979
v 64.122336995 -26.687843171 -50.987686024
v 65.002999095 -26.536951784 -50.597441069
v 34.146388574 -7.893712347 21.260325512
v 34.106863320 -8.861158036 21.374831380
v 34.067338067 -9.828603725 21.489337248
v 37.480294838 -8.829710222 11.601897028
v 37.423631008 -10.133950406 11.766053878
v 37.366967178 -11.438190590 11.930210728
v 42.556577362 -10.245359222 2.250961893
v 42.352488486 -11.563613818 2.749822865
v 42.148399611 -12.881868414 3.248683836
v 48.426661844 -16.263351677 -3.993576167
v 48.443157826 -17.733030928 -3.806541377
v 48.459653809 -19.202710179 -3.619506586
v 46.690755453 -12.550685321 -17.270733056
v 46.711024081 -14.040527270 -17.097643055
v 46.731292709 -15.530369220 -16.924553055
v 51.921930616 -18.596497580 -24.051477818
v 51.876102639 -19.975732744 -23.512199234
v 51.830274663 -21.354967908 -22.972920651
v 57.231710729 -19.138513131 -33.095803544
v 57.318949271 -20.524123595 -32.778340482
v 57.406187813 -21.909734059 -32.460877419
v 60.052578343 -22.664321219 -43.356848483
v 60.074446773 -23.907934965 -42.927724559
v 60.096315203 -25.151548710 -42.498600636
v 64.108421622 -25.768395204 -51.311795371
v 64.122336995 -26.687843171 -50.987686024
v 64.136252368 -27.607291138 -50.663576676
v 43.546929790 -78.356329488 33.600000000
v 44.963985588 -77.879907550 33.600000000
v 46.381041387 -77.403485612 33.600000000
v 39.971056354 -68.885950369 28.767673460
v 41.800794914 -68.471403593 28.900899556
v 43.630533474 -68.056856817 29.034125652
v 40.050881972 -61.423371246 21.643419467
v 42.043660052 -61.226424584 21.888965346
v 44.036438133 -61.029477922 22.134511226
v 39.010639325 -50.328968105 21.131321592
v 40.857339918 -49.303606798 21.183656806
v 42.704040511 -48.278245491 21.235992020
v 30.803386976 -45.227736737 16.948010844
v 32.677500553 -44.107379099 16.983768045
v 34.551614129 -42.987021460 17.019525246
v 27.785718476 -30.588878672 15.177159378
v 29.966188976 -30.905511327 15.557015182
v 32.146659477 -31.222143982 15.936870985
v 33.945776270 -24.117590810 12.994206767
v 36.161058723 -24.442254724 13.379307421
v 38.376341176 -24.766918638 13.764408076
v 29.230105041 -16.735521516 19.835237034
v 31.387077495 -15.970121889 19.974853931
v 33.544049948 -15.204722262 20.114470829
v 26.235326473 -2.221905351 7.134948445
v 28.399672884 -1.456538408 7.275725056
v 30.564019295 -0.691171465 7.416501668
v 21.027277839 8.182959983 12.656511706
v 23.312500887 8.242626124 12.477472037
v 25.597723936 8.302292266 12.298432368
v 26.542655759 16.197291208 15.139639058
v 28.535651420 15.260033750 14.582232322
v 30.528647081 14.322776292 14.024825586
v 32.688194124 29.011007040 20.002914180
v 34.826060626 28.457836141 19.652875547
v 36.963927129 27.904665243 19.302836913
v 32.068624105 30.097790643 23.080608126
v 34.024813631 31.067305244 23.126927549
v 35.981003157 32.036819846 23.173246972
v 23.420857905 46.650124413 25.516963658
v 25.467515596 47.075132647 25.208794612
v 27.514173286 47.500140881 24.900625565
v 29.954334125 50.225212629 36.007207206
v 31.869115839 50.333530149 35.381009517
v 33.783897553 50.441847670 34.754811828
v 28.187024345 62.458746815 42.210182905
v 29.982795555 62.736075478 41.724553422
v 31.778566765 63.013404140 41.238923940
v 30.503205927 71.793851003 48.314491626
v 31.907892704 71.837360636 47.804602289
v 33.312579482 71.880870269 47.294712952
v 44.760131352 -77.273569334 34.951229965
v 44.963985588 -77.879907550 33.600000000
v 45.167839825 -78.486245766 32.248770035
v 41.456878147 -67.448467388 30.441309956
v 41.800794914 -68.471403593 28.900899556
v 42.144711681 -69.494339797 27.360489156
v 41.742640189 -60.494134309 23.744600882
v 42.043660052 -61.226424584 21.888965346
v 42.344679916 -61.958714859 20.033329811
v 40.562842637 -48.877766876 23.232153712
v 40.857339918 -49.303606798 21.183656806
v 41.151837199 -49.729446720 19.135159900
v 32.362605610 -43.648020394 19.095310673
v 32.677500553 -44.107379099 16.983768045
v 32.992395495 -44.566737803 14.872225417
v 29.654341283 -30.453028218 17.724273432
v 29.966188976 -30.905511327 15.557015182
v 30.278036669 -31.357994435 13.389756931
v 35.701592514 -25.033029505 15.524315924
v 36.161058723 -24.442254724 13.379307421
v 36.620524932 -23.851479943 11.234298918
v 31.072053145 -15.487179230 22.194174926
v 31.387077495 -15.970121889 19.974853931
v 31.702101844 -16.453064549 17.755532936
v 28.055832758 -0.889279667 9.477994678
v 28.399672884 -1.456538408 7.275725056
v 28.743513010 -2.023797149 5.073455434
v 23.500445479 7.326091964 14.570914559
v 23.312500887 8.242626124 12.477472037
v 23.124556295 9.159160285 10.384029514
v 28.722252413 14.409022804 16.680361478
v 28.535651420 15.260033750 14.582232322
v 28.349050428 16.111044695 12.484103165
v 34.868984408 27.383311897 21.613118763
v 34.826060626 28.457836141 19.652875547
v 34.783136845 29.532360386 17.692632330
v 34.234606229 30.543222191 25.236454873
v 34.024813631 31.067305244 23.126927549
v 33.815021032 31.591388298 21.017400225
v 25.953476903 46.010559200 26.968036735
v 25.467515596 47.075132647 25.208794612
v 24.981554288 48.139706094 23.449552489
v 32.368849443 48.848802990 36.652267488
v 31.869115839 50.333530149 35.381009517
v 31.369382235 51.818257309 34.109751546
v 30.542025881 61.836979884 43.279040469
v 29.982795555 62.736075478 41.724553422
v 29.423565230 63.635171071 40.170066376
v 32.349271064 70.980539151 48.947435283
v 31.907892704 71.837360636 47.804602289
v 31.466514344 72.694182122 46.661769295
v 29.588764602 -30.006525319 15.557015182
v 29.966188976 -30.905511327 15.557015182
v 30.343613350 -31.804497334 15.557015182
v 33.598823027 -28.000725055 8.363281941
v 33.934780055 -29.239364144 8.653293666
v 34.270737082 -30.478003233 8.943305391
v 42.339618599 -30.646837133 -4.126541853
v 42.745057887 -31.986292156 -3.862365886
v 43.150497176 -33.325747179 -3.598189919
v 45.698682374 -27.126042807 -6.337549758
v 46.382515848 -28.439220029 -6.393662089
v 47.066349323 -29.752397251 -6.449774419
v 51.271977410 -25.456185900 -16.817270620
v 51.605007829 -26.839254747 -16.341653857
v 51.938038248 -28.222323594 -15.866037094
v 59.822730012 -29.709378507 -24.024854715
v 60.338989780 -31.089968619 -23.874328887
v 60.855249549 -32.470558732 -23.723803060
v 59.791502116 -24.083833918 -32.875238520
v 60.402636382 -25.364888230 -32.992390026
v 61.013770647 -26.645942543 -33.109541532
v 67.700687532 -24.412758961 -43.616854651
v 68.000779754 -25.657231344 -43.312825269
v 68.300871976 -26.901703726 -43.008795886
v 73.258814771 -25.662347990 -51.115786707
v 73.458549804 -26.581407352 -50.858763603
v 73.658284836 -27.500466715 -50.601740499
v 30.729057004 -30.585233830 16.072844317
v 29.966188976 -30.905511327 15.557015182
v 29.203320948 -31.225788823 15.041186046
v 34.981840023 -28.799773371 9.317843208
v 33.934780055 -29.239364144 8.653293666
v 32.887720086 -29.678954916 7.988744124
v 43.765451707 -31.505906380 -2.992690270
v 42.745057887 -31.986292156 -3.862365886
v 41.724664068 -32.466677932 -4.732041502
v 47.415302229 -27.941502963 -5.455130658
v 46.382515848 -28.439220029 -6.393662089
v 45.349729467 -28.936937094 -7.332193519
v 52.734309166 -26.286116813 -15.523902724
v 51.605007829 -26.839254747 -16.341653857
v 50.475706491 -27.392392681 -17.159404990
v 61.544195080 -30.564793550 -23.191040834
v 60.338989780 -31.089968619 -23.874328887
v 59.133784481 -31.615143689 -24.557616940
v 61.585579316 -24.856199372 -32.383956482
v 60.402636382 -25.364888230 -32.992390026
v 59.219693447 -25.873577088 -33.600823570
v 69.020737317 -25.236193648 -42.596156205
v 68.000779754 -25.657231344 -43.312825269
v 66.980822191 -26.078269040 -44.029494332
v 74.224982262 -26.270466035 -50.342506056
v 73.458549804 -26.581407352 -50.858763603
v 72.692117345 -26.892348670 -51.375021149
v 34.221033519 29.222406085 19.652875547
v 34.826060626 28.457836141 19.652875547
v 35.431087734 27.693266197 19.652875547
v 39.878879484 34.077209343 17.680649561
v 40.401615942 32.869940139 17.701824596
v 40.924352400 31.662670935 17.722999630
v 43.672127933 33.828699115 19.008413947
v 44.261698080 32.532511558 19.033204577
v 44.851268227 31.236324000 19.057995208
v 51.593733675 39.524276575 18.652331016
v 52.599841850 38.436703600 18.664272372
v 53.605950024 37.349130624 18.676213728
v 54.156561780 43.511155407 18.630409907
v 55.555510871 42.975115320 18.555560287
v 56.954459962 42.439075232 18.480710668
v 54.443282488 47.386261006 17.485544340
v 55.648573002 46.537262339 17.632810332
v 56.853863516 45.688263672 17.780076324
v 60.036183619 50.649445310 13.345472609
v 60.700959917 49.432491972 13.670136688
v 61.365736216 48.215538634 13.994800767
v 66.187551319 52.976010712 14.417118170
v 66.782167673 51.841614298 14.718410198
v 67.376784028 50.707217885 15.019702226
v 71.842999428 56.136539260 12.701942439
v 72.394186528 55.355191488 12.892503483
v 72.945373628 54.573843717 13.083064527
v 35.028383877 28.617940592 20.593118530
v 34.826060626 28.457836141 19.652875547
v 34.623737375 28.297731690 18.712632564
v 40.465892862 32.920804392 19.015019944
v 40.401615942 32.869940139 17.701824596
v 40.337339022 32.819075886 16.388629247
v 44.158631391 32.512796427 20.453520841
v 44.261698080 32.532511558 19.033204577
v 44.364764769 32.552226689 17.612888314
v 52.625494589 38.476694422 20.145134926
v 52.599841850 38.436703600 18.664272372
v 52.574189110 38.396712778 17.183409819
v 55.688503016 43.114479018 20.043139142
v 55.555510871 42.975115320 18.555560287
v 55.422518726 42.835751621 17.067981433
v 55.981785173 47.230013317 18.899410886
v 55.648573002 46.537262339 17.632810332
v 55.315360831 45.844511362 16.366209778
v 60.844939983 49.870621510 15.017586860
v 60.700959917 49.432491972 13.670136688
v 60.556979852 48.994362434 12.322686516
v 66.713449362 52.145137865 15.996827953
v 66.782167673 51.841614298 14.718410198
v 66.850885985 51.538090731 13.439992443
v 72.504419661 55.657426429 13.812898924
v 72.394186528 55.355191488 12.892503483
v 72.283953394 55.052956548 11.972108042
vt 0.000000000 0.000000000
vt 0.000000000 0.062500000
vt 0.031250000 0.062500000
vt 0.062500000 0.062500000
vt 0.093750000 0.062500000
vt 0.125000000 0.062500000
vt 0.156250000 0.062500000
vt 0.187500000 0.062500000
vt 0.218750000 0.062500000
vt 0.250000000 0.062500000
vt 0.281250000 0.062500000
vt 0.312500000 0.062500000
vt 0.343750000 0.062500000
vt 0.375000000 0.062500000
vt 0.406250000 0.062500000
vt 0.437500000 0.062500000
vt 0.468750000 0.062500000
vt 0.500000000 0.062500000
vt 0.531250000 0.062500000
vt 0.562500000 0.062500000
vt 0.593750000 0.062500000
vt 0.625000000 0.062500000
vt 0.656250000 0.062500000
vt 0.687500000 0.062500000
vt 0.718750000 0.062500000
vt 0.750000000 0.062500000
vt 0.781250000 0.062500000
vt 0.812500000 0.062500000
vt 0.843750000 0.062500000
vt 0.875000000 0.062500000
vt 0.906250000 0.062500000
vt 0.937500000 0.062500000
vt 0.968750000 0.062500000
vt 0.000000000 0.125000000
vt 0.031250000 0.125000000
vt 0.062500000 0.125000000
vt 0.093750000 0.125000000
vt 0.125000000 0.125000000
vt 0.156250000 0.125000000
vt 0.187500000 0.125000000
vt 0.218750000 0.125000000
vt 0.250000000 0.125000000
vt 0.281250000 0.125000000
vt 0.312500000 0.125000000
vt 0.343750000 0.125000000
vt 0.375000000 0.125000000
vt 0.406250000 0.125000000
vt 0.437500000 0.125000000
vt 0.468750000 0.125000000
vt 0.500000000 0.125000000
vt 0.531250000 0.125000000
vt 0.562500000 0.125000000
vt 0.593750000 0.125000000
vt 0.625000000 0.125000000
vt 0.656250000 0.125000000
vt 0.687500000 0.125000000
vt 0.718750000 0.125000000
vt 0.750000000 0.125000000
vt 0.781250000 0.125000000
vt 0.812500000 0.125000000
vt 0.843750000 0.125000000
vt 0.875000000 0.125000000
vt 0.906250000 0.125000000
vt 0.937500000 0.125000000
vt 0.968750000 0.125000000
vt 0.000000000 0.187500000
vt 0.031250000 0.187500000
vt 0.062500000 0.187500000
vt 0.093750000 0.187500000
vt 0.125000000 0.187500000
vt 0.156250000 0.187500000
vt 0.187500000 0.187500000
vt 0.218750000 0.187500000
vt 0.250000000 0.187500000
vt 0.281250000 0.187500000
vt 0.312500000 0.187500000
vt 0.343750000 0.187500000
vt 0.375000000 0.187500000
vt 0.406250000 0.187500000
vt 0.437500000 0.187500000
vt 0.468750000 0.187500000
vt 0.500000000 0.187500000
vt 0.531250000 0.187500000
vt 0.562500000 0.187500000
vt 0.593750000 0.187500000
vt 0.625000000 0.187500000
vt 0.656250000 0.187500000
vt 0.687500000 0.187500000
vt 0.718750000 0.187500000
vt 0.750000000 0.187500000
vt 0.781250000 0.187500000
vt 0.812500000 0.187500000
vt 0.843750000 0.187500000
vt 0.875000000 0.187500000
vt 0.906250000 0.187500000
vt 0.937500000 0.187500000
vt 0.968750000 0.187500000
vt 0.000000000 0.250000000
vt 0.031250000 0.250000000
vt 0.062500000 0.250000000
vt 0.093750000 0.250000000
vt 0.125000000 0.250000000
vt 0.156250000 0.250000000
vt 0.187500000 0.250000000
vt 0.218750000 0.250000000
vt 0.250000000 0.250000000
vt 0.281250000 0.250000000
vt 0.312500000 0.250000000
vt 0.343750000 0.250000000
vt 0.375000000 0.250000000
vt 0.406250000 0.250000000
vt 0.437500000 0.250000000
vt 0.468750000 0.250000000
vt 0.500000000 0.250000000
vt 0.531250000 0.250000000
vt 0.562500000 0.250000000
vt 0.593750000 0.250000000
vt 0.625000000 0.250000000
vt 0.656250000 0.250000000
vt 0.687500000 0.250000000
vt 0.718750000 0.250000000
vt 0.750000000 0.250000000
vt 0.781250000 0.250000000
vt 0.812500000 0.250000000
vt 0.843750000 0.250000000
vt 0.875000000 0.250000000
vt 0.906250000 0.250000000
vt 0.937500000 0.250000000
vt 0.968750000 0.250000000
vt 0.000000000 0.312500000
vt 0.031250000 0.312500000
vt 0.062500000 0.312500000
vt 0.093750000 0.312500000
vt 0.125000000 0.312500000
vt 0.156250000 0.312500000
vt 0.187500000 0.312500000
vt 0.218750000 0.312500000
vt 0.250000000 0.312500000
vt 0.281250000 0.312500000
vt 0.312500000 0.312500000
vt 0.343750000 0.312500000
vt 0.375000000 0.312500000
vt 0.406250000 0.312500000
vt 0.437500000 0.312500000
vt 0.468750000 0.312500000
vt 0.500000000 0.312500000
vt 0.531250000 0.312500000
vt 0.562500000 0.312500000
vt 0.593750000 0.312500000
vt 0.625000000 0.312500000
vt 0.656250000 0.312500000
vt 0.687500000 0.312500000
vt 0.718750000 0.312500000
vt 0.750000000 0.312500000
vt 0.781250000 0.312500000
vt 0.812500000 0.312500000
vt 0.843750000 0.312500000
vt 0.875000000 0.312500000
vt 0.906250000 0.312500000
vt 0.937500000 0.312500000
vt 0.968750000 0.312500000
vt 0.000000000 0.375000000
vt 0.031250000 0.375000000
vt 0.062500000 0.375000000
vt 0.093750000 0.375000000
vt 0.125000000 0.375000000
vt 0.156250000 0.375000000
vt 0.187500000 0.375000000
vt 0.218750000 0.375000000
vt 0.250000000 0.375000000
vt 0.281250000 0.375000000
vt 0.312500000 0.375000000
vt 0.343750000 0.375000000
vt 0.375000000 0.375000000
vt 0.406250000 0.375000000
vt 0.437500000 0.375000000
vt 0.468750000 0.375000000
vt 0.500000000 0.375000000
vt 0.531250000 0.375000000
vt 0.562500000 0.375000000
vt 0.593750000 0.375000000
vt 0.625000000 0.375000000
vt 0.656250000 0.375000000
vt 0.687500000 0.375000000
vt 0.718750000 0.375000000
vt 0.750000000 0.375000000
vt 0.781250000 0.375000000
vt 0.812500000 0.375000000
vt 0.843750000 0.375000000
vt 0.875000000 0.375000000
vt 0.906250000 0.375000000
vt 0.937500000 0.375000000
vt 0.968750000 0.375000000
vt 0.000000000 0.437500000
vt 0.031250000 0.437500000
vt 0.062500000 0.437500000
vt 0.093750000 0.437500000
vt 0.125000000 0.437500000
vt 0.156250000 0.437500000
vt 0.187500000 0.437500000
vt 0.218750000 0.437500000
vt 0.250000000 0.437500000
vt 0.281250000 0.437500000
vt 0.312500000 0.437500000
vt 0.343750000 0.437500000
vt 0.375000000 0.437500000
vt 0.406250000 0.437500000
vt 0.437500000 0.437500000
vt 0.468750000 0.437500000
vt 0.500000000 0.437500000
vt 0.531250000 0.437500000
vt 0.562500000 0.437500000
vt 0.593750000 0.437500000
vt 0.625000000 0.437500000
vt 0.656250000 0.437500000
vt 0.687500000 0.437500000
vt 0.718750000 0.437500000
vt 0.750000000 0.437500000
vt 0.781250000 0.437500000
vt 0.812500000 0.437500000
vt 0.843750000 0.437500000
vt 0.875000000 0.437500000
vt 0.906250000 0.437500000
vt 0.937500000 0.437500000
vt 0.968750000 0.437500000
vt 0.000000000 0.500000000
vt 0.031250000 0.500000000
vt 0.062500000 0.500000000
vt 0.093750000 0.500000000
vt 0.125000000 0.500000000
vt 0.156250000 0.500000000
vt 0.187500000 0.500000000
vt 0.218750000 0.500000000
vt 0.250000000 0.500000000
vt 0.281250000 0.500000000
vt 0.312500000 0.500000000
vt 0.343750000 0.500000000
vt 0.375000000 0.500000000
vt 0.406250000 0.500000000
vt 0.437500000 0.500000000
vt 0.468750000 0.500000000
vt 0.500000000 0.500000000
vt 0.531250000 0.500000000
vt 0.562500000 0.500000000
vt 0.593750000 0.500000000
vt 0.625000000 0.500000000
vt 0.656250000 0.500000000
vt 0.687500000 0.500000000
vt 0.718750000 0.500000000
vt 0.750000000 0.500000000
vt 0.781250000 0.500000000
vt 0.812500000 0.500000000
vt 0.843750000 0.500000000
vt 0.875000000 0.500000000
vt 0.906250000 0.500000000
vt 0.937500000 0.500000000
vt 0.968750000 0.500000000
vt 0.000000000 0.562500000
vt 0.031250000 0.562500000
vt 0.062500000 0.562500000
vt 0.093750000 0.562500000
vt 0.125000000 0.562500000
vt 0.156250000 0.562500000
vt 0.187500000 0.562500000
vt 0.218750000 0.562500000
vt 0.250000000 0.562500000
vt 0.281250000 0.562500000
vt 0.312500000 0.562500000
vt 0.343750000 0.562500000
vt 0.375000000 0.562500000
vt 0.406250000 0.562500000
vt 0.437500000 0.562500000
vt 0.468750000 0.562500000
vt 0.500000000 0.562500000
vt 0.531250000 0.562500000
vt 0.562500000 0.562500000
vt 0.593750000 0.562500000
vt 0.625000000 0.562500000
vt 0.656250000 0.562500000
vt 0.687500000 0.562500000
vt 0.718750000 0.562500000
vt 0.750000000 0.562500000
vt 0.781250000 0.562500000
vt 0.812500000 0.562500000
vt 0.843750000 0.562500000
vt 0.875000000 0.562500000
vt 0.906250000 0.562500000
vt 0.937500000 0.562500000
vt 0.968750000 0.562500000
vt 0.000000000 0.625000000
vt 0.031250000 0.625000000
vt 0.062500000 0.625000000
vt 0.093750000 0.625000000
vt 0.125000000 0.625000000
vt 0.156250000 0.625000000
vt 0.187500000 0.625000000
vt 0.218750000 0.625000000
vt 0.250000000 0.625000000
vt 0.281250000 0.625000000
vt 0.312500000 0.625000000
vt 0.343750000 0.625000000
vt 0.375000000 0.625000000
vt 0.406250000 0.625000000
vt 0.437500000 0.625000000
vt 0.468750000 0.625000000
vt 0.500000000 0.625000000
vt 0.531250000 0.625000000
vt 0.562500000 0.625000000
vt 0.593750000 0.625000000
vt 0.625000000 0.625000000
vt 0.656250000 0.625000000
vt 0.687500000 0.625000000
vt 0.718750000 0.625000000
vt 0.750000000 0.625000000
vt 0.781250000 0.625000000
vt 0.812500000 0.625000000
vt 0.843750000 0.625000000
vt 0.875000000 0.625000000
vt 0.906250000 0.625000000
vt 0.937500000 0.625000000
vt 0.968750000 0.625000000
vt 0.000000000 0.687500000
vt 0.031250000 0.687500000
vt 0.062500000 0.687500000
vt 0.093750000 0.687500000
vt 0.125000000 0.687500000
vt 0.156250000 0.687500000
vt 0.187500000 0.687500000
vt 0.218750000 0.687500000
vt 0.250000000 0.687500000
vt 0.281250000 0.687500000
vt 0.312500000 0.687500000
vt 0.343750000 0.687500000
vt 0.375000000 0.687500000
vt 0.406250000 0.687500000
vt 0.437500000 0.687500000
vt 0.468750000 0.687500000
vt 0.500000000 0.687500000
vt 0.531250000 0.687500000
vt 0.562500000 0.687500000
vt 0.593750000 0.687500000
vt 0.625000000 0.687500000
vt 0.656250000 0.687500000
vt 0.687500000 0.687500000
vt 0.718750000 0.687500000
vt 0.750000000 0.687500000
vt 0.781250000 0.687500000
vt 0.812500000 0.687500000
vt 0.843750000 0.687500000
vt 0.875000000 0.687500000
vt 0.906250000 0.687500000
vt 0.937500000 0.687500000
vt 0.968750000 0.687500000
vt 0.000000000 0.750000000
vt 0.031250000 0.750000000
vt 0.062500000 0.750000000
vt 0.093750000 0.750000000
vt 0.125000000 0.750000000
vt 0.156250000 0.750000000
vt 0.187500000 0.750000000
vt 0.218750000 0.750000000
vt 0.250000000 0.750000000
vt 0.281250000 0.750000000
vt 0.312500000 0.750000000
vt 0.343750000 0.750000000
vt 0.375000000 0.750000000
vt 0.406250000 0.750000000
vt 0.437500000 0.750000000
vt 0.468750000 0.750000000
vt 0.500000000 0.750000000
vt 0.531250000 0.750000000
vt 0.562500000 0.750000000
vt 0.593750000 0.750000000
vt 0.625000000 0.750000000
vt 0.656250000 0.750000000
vt 0.687500000 0.750000000
vt 0.718750000 0.750000000
vt 0.750000000 0.750000000
vt 0.781250000 0.750000000
vt 0.812500000 0.750000000
vt 0.843750000 0.750000000
vt 0.875000000 0.750000000
vt 0.906250000 0.750000000
vt 0.937500000 0.750000000
vt 0.968750000 0.750000000
vt 0.000000000 0.812500000
vt 0.031250000 0.812500000
vt 0.062500000 0.812500000
vt 0.093750000 0.812500000
vt 0.125000000 0.812500000
vt 0.156250000 0.812500000
vt 0.187500000 0.812500000
vt 0.218750000 0.812500000
vt 0.250000000 0.812500000
vt 0.281250000 0.812500000
vt 0.312500000 0.812500000
vt 0.343750000 0.812500000
vt 0.375000000 0.812500000
vt 0.406250000 0.812500000
vt 0.437500000 0.812500000
vt 0.468750000 0.812500000
vt 0.500000000 0.812500000
vt 0.531250000 0.812500000
vt 0.562500000 0.812500000
vt 0.593750000 0.812500000
vt 0.625000000 0.812500000
vt 0.656250000 0.812500000
vt 0.687500000 0.812500000
vt 0.718750000 0.812500000
vt 0.750000000 0.812500000
vt 0.781250000 0.812500000
vt 0.812500000 0.812500000
vt 0.843750000 0.812500000
vt 0.875000000 0.812500000
vt 0.906250000 0.812500000
vt 0.937500000 0.812500000
vt 0.968750000 0.812500000
vt 0.000000000 0.875000000
vt 0.031250000 0.875000000
vt 0.062500000 0.875000000
vt 0.093750000 0.875000000
vt 0.125000000 0.875000000
vt 0.156250000 0.875000000
vt 0.187500000 0.875000000
vt 0.218750000 0.875000000
vt 0.250000000 0.875000000
vt 0.281250000 0.875000000
vt 0.312500000 0.875000000
vt 0.343750000 0.875000000
vt 0.375000000 0.875000000
vt 0.406250000 0.875000000
vt 0.437500000 0.875000000
vt 0.468750000 0.875000000
vt 0.500000000 0.875000000
vt 0.531250000 0.875000000
vt 0.562500000 0.875000000
vt 0.593750000 0.875000000
vt 0.625000000 0.875000000
vt 0.656250000 0.875000000
vt 0.687500000 0.875000000
vt 0.718750000 0.875000000
vt 0.750000000 0.875000000
vt 0.781250000 0.875000000
vt 0.812500000 0.875000000
vt 0.843750000 0.875000000
vt 0.875000000 0.875000000
vt 0.906250000 0.875000000
vt 0.937500000 0.875000000
vt 0.968750000 0.875000000
vt 0.000000000 0.937500000
vt 0.031250000 0.937500000
vt 0.062500000 0.937500000
vt 0.093750000 0.937500000
vt 0.125000000 0.937500000
vt 0.156250000 0.937500000
vt 0.187500000 0.937500000
vt 0.218750000 0.937500000
vt 0.250000000 0.937500000
vt 0.281250000 0.937500000
vt 0.312500000 0.937500000
vt 0.343750000 0.937500000
vt 0.375000000 0.937500000
vt 0.406250000 0.937500000
vt 0.437500000 0.937500000
vt 0.468750000 0.937500000
vt 0.500000000 0.937500000
vt 0.531250000 0.937500000
vt 0.562500000 0.937500000
vt 0.593750000 0.937500000
vt 0.625000000 0.937500000
vt 0.656250000 0.937500000
vt 0.687500000 0.937500000
vt 0.718750000 0.937500000
vt 0.750000000 0.937500000
vt 0.781250000 0.937500000
vt 0.812500000 0.937500000
vt 0.843750000 0.937500000
vt 0.875000000 0.937500000
vt 0.906250000 0.937500000
vt 0.937500000 0.937500000
vt 0.968750000 0.937500000
vt 0.000000000 1.000000000
vt 4.000000000 4.000000000
vt 4.000000000 4.500000000
vt 4.000000000 5.000000000
vt 4.062500000 4.000000000
vt 4.062500000 4.500000000
vt 4.062500000 5.000000000
vt 4.125000000 4.000000000
vt 4.125000000 4.500000000
vt 4.125000000 5.000000000
vt 4.187500000 4.000000000
vt 4.187500000 4.500000000
vt 4.187500000 5.000000000
vt 4.250000000 4.000000000
vt 4.250000000 4.500000000
vt 4.250000000 5.000000000
vt 4.312500000 4.000000000
vt 4.312500000 4.500000000
vt 4.312500000 5.000000000
vt 4.375000000 4.000000000
vt 4.375000000 4.500000000
vt 4.375000000 5.000000000
vt 4.437500000 4.000000000
vt 4.437500000 4.500000000
vt 4.437500000 5.000000000
vt 4.500000000 4.000000000
vt 4.500000000 4.500000000
vt 4.500000000 5.000000000
vt 4.562500000 4.000000000
vt 4.562500000 4.500000000
vt 4.562500000 5.000000000
vt 4.625000000 4.000000000
vt 4.625000000 4.500000000
vt 4.625000000 5.000000000
vt 4.687500000 4.000000000
vt 4.687500000 4.500000000
vt 4.687500000 5.000000000
vt 4.750000000 4.000000000
vt 4.750000000 4.500000000
vt 4.750000000 5.000000000
vt 4.812500000 4.000000000
vt 4.812500000 4.500000000
vt 4.812500000 5.000000000
vt 4.875000000 4.000000000
vt 4.875000000 4.500000000
vt 4.875000000 5.000000000
vt 4.937500000 4.000000000
vt 4.937500000 4.500000000
vt 4.937500000 5.000000000
vt 5.000000000 4.000000000
vt 5.000000000 4.500000000
vt 5.000000000 5.000000000
vt 4.000000000 4.000000000
vt 4.000000000 4.500000000
vt 4.000000000 5.000000000
vt 4.062500000 4.000000000
vt 4.062500000 4.500000000
vt 4.062500000 5.000000000
vt 4.125000000 4.000000000
vt 4.125000000 4.500000000
vt 4.125000000 5.000000000
vt 4.187500000 4.000000000
vt 4.187500000 4.500000000
vt 4.187500000 5.000000000
vt 4.250000000 4.000000000
vt 4.250000000 4.500000000
vt 4.250000000 5.000000000
vt 4.312500000 4.000000000
vt 4.312500000 4.500000000
vt 4.312500000 5.000000000
vt 4.375000000 4.000000000
vt 4.375000000 4.500000000
vt 4.375000000 5.000000000
vt 4.437500000 4.000000000
vt 4.437500000 4.500000000
vt 4.437500000 5.000000000
vt 4.500000000 4.000000000
vt 4.500000000 4.500000000
vt 4.500000000 5.000000000
vt 4.562500000 4.000000000
vt 4.562500000 4.500000000
vt 4.562500000 5.000000000
vt 4.625000000 4.000000000
vt 4.625000000 4.500000000
vt 4.625000000 5.000000000
vt 4.687500000 4.000000000
vt 4.687500000 4.500000000
vt 4.687500000 5.000000000
vt 4.750000000 4.000000000
vt 4.750000000 4.500000000
vt 4.750000000 5.000000000
vt 4.812500000 4.000000000
vt 4.812500000 4.500000000
vt 4.812500000 5.000000000
vt 4.875000000 4.000000000
vt 4.875000000 4.500000000
vt 4.875000000 5.000000000
vt 4.937500000 4.000000000
vt 4.937500000 4.500000000
vt 4.937500000 5.000000000
vt 5.000000000 4.000000000
vt 5.000000000 4.500000000
vt 5.000000000 5.000000000
vt 8.000000000 8.000000000
vt 8.000000000 8.500000000
vt 8.000000000 9.000000000
vt 8.125000000 8.000000000
vt 8.125000000 8.500000000
vt 8.125000000 9.000000000
vt 8.250000000 8.000000000
vt 8.250000000 8.500000000
vt 8.250000000 9.000000000
vt 8.375000000 8.000000000
vt 8.375000000 8.500000000
vt 8.375000000 9.000000000
vt 8.500000000 8.000000000
vt 8.500000000 8.500000000
vt 8.500000000 9.000000000
vt 8.625000000 8.000000000
vt 8.625000000 8.500000000
vt 8.625000000 9.000000000
vt 8.750000000 8.000000000
vt 8.750000000 8.500000000
vt 8.750000000 9.000000000
vt 8.875000000 8.000000000
vt 8.875000000 8.500000000
vt 8.875000000 9.000000000
vt 9.000000000 8.000000000
vt 9.000000000 8.500000000
vt 9.000000000 9.000000000
vt 8.000000000 8.000000000
vt 8.000000000 8.500000000
vt 8.000000000 9.000000000
vt 8.125000000 8.000000000
vt 8.125000000 8.500000000
vt 8.125000000 9.000000000
vt 8.250000000 8.000000000
vt 8.250000000 8.500000000
vt 8.250000000 9.000000000
vt 8.375000000 8.000000000
vt 8.375000000 8.500000000
vt 8.375000000 9.000000000
vt 8.500000000 8.000000000
vt 8.500000000 8.500000000
vt 8.500000000 9.000000000
vt 8.625000000 8.000000000
vt 8.625000000 8.500000000
vt 8.625000000 9.000000000
vt 8.750000000 8.000000000
vt 8.750000000 8.500000000
vt 8.750000000 9.000000000
vt 8.875000000 8.000000000
vt 8.875000000 8.500000000
vt 8.875000000 9.000000000
vt 9.000000000 8.000000000
vt 9.000000000 8.500000000
vt 9.000000000 9.000000000
vt 8.000000000 12.000000000
vt 8.000000000 12.500000000
vt 8.000000000 13.000000000
vt 8.125000000 12.000000000
vt 8.125000000 12.500000000
vt 8.125000000 13.000000000
vt 8.250000000 12.000000000
vt 8.250000000 12.500000000
vt 8.250000000 13.000000000
vt 8.375000000 12.000000000
vt 8.375000000 12.500000000
vt 8.375000000 13.000000000
vt 8.500000000 12.000000000
vt 8.500000000 12.500000000
vt 8.500000000 13.000000000
vt 8.625000000 12.000000000
vt 8.625000000 12.500000000
vt 8.625000000 13.000000000
vt 8.750000000 12.000000000
vt 8.750000000 12.500000000
vt 8.750000000 13.000000000
vt 8.875000000 12.000000000
vt 8.875000000 12.500000000
vt 8.875000000 13.000000000
vt 9.000000000 12.000000000
vt 9.000000000 12.500000000
vt 9.000000000 13.000000000
vt 8.000000000 12.000000000
vt 8.000000000 12.500000000
vt 8.000000000 13.000000000
vt 8.125000000 12.000000000
vt 8.125000000 12.500000000
vt 8.125000000 13.000000000
vt 8.250000000 12.000000000
vt 8.250000000 12.500000000
vt 8.250000000 13.000000000
vt 8.375000000 12.000000000
vt 8.375000000 12.500000000
vt 8.375000000 13.000000000
vt 8.500000000 12.000000000
vt 8.500000000 12.500000000
vt 8.500000000 13.000000000
vt 8.625000000 12.000000000
vt 8.625000000 12.500000000
vt 8.625000000 13.000000000
vt 8.750000000 12.000000000
vt 8.750000000 12.500000000
vt 8.750000000 13.000000000
vt 8.875000000 12.000000000
vt 8.875000000 12.500000000
vt 8.875000000 13.000000000
vt 9.000000000 12.000000000
vt 9.000000000 12.500000000
vt 9.000000000 13.000000000
vt 4.000000000 16.000000000
vt 4.000000000 16.500000000
vt 4.000000000 17.000000000
vt 4.062500000 16.000000000
vt 4.062500000 16.500000000
vt 4.062500000 17.000000000
vt 4.125000000 16.000000000
vt 4.125000000 16.500000000
vt 4.125000000 17.000000000
vt 4.187500000 16.000000000
vt 4.187500000 16.500000000
vt 4.187500000 17.000000000
vt 4.250000000 16.000000000
vt 4.250000000 16.500000000
vt 4.250000000 17.000000000
vt 4.312500000 16.000000000
vt 4.312500000 16.500000000
vt 4.312500000 17.000000000
vt 4.375000000 16.000000000
vt 4.375000000 16.500000000
vt 4.375000000 17.000000000
vt 4.437500000 16.000000000
vt 4.437500000 16.500000000
vt 4.437500000 17.000000000
vt 4.500000000 16.000000000
vt 4.500000000 16.500000000
vt 4.500000000 17.000000000
vt 4.562500000 16.000000000
vt 4.562500000 16.500000000
vt 4.562500000 17.000000000
vt 4.625000000 16.000000000
vt 4.625000000 16.500000000
vt 4.625000000 17.000000000
vt 4.687500000 16.000000000
vt 4.687500000 16.500000000
vt 4.687500000 17.000000000
vt 4.750000000 16.000000000
vt 4.750000000 16.500000000
vt 4.750000000 17.000000000
vt 4.812500000 16.000000000
vt 4.812500000 16.500000000
vt 4.812500000 17.000000000
vt 4.875000000 16.000000000
vt 4.875000000 16.500000000
vt 4.875000000 17.000000000
vt 4.937500000 16.000000000
vt 4.937500000 16.500000000
vt 4.937500000 17.000000000
vt 5.000000000 16.000000000
vt 5.000000000 16.500000000
vt 5.000000000 17.000000000
vt 4.000000000 16.000000000
vt 4.000000000 16.500000000
vt 4.000000000 17.000000000
vt 4.062500000 16.000000000
vt 4.062500000 16.500000000
vt 4.062500000 17.000000000
vt 4.125000000 16.000000000
vt 4.125000000 16.500000000
vt 4.125000000 17.000000000
vt 4.187500000 16.000000000
vt 4.187500000 16.500000000
vt 4.187500000 17.000000000
vt 4.250000000 16.000000000
vt 4.250000000 16.500000000
vt 4.250000000 17.000000000
vt 4.312500000 16.000000000
vt 4.312500000 16.500000000
vt 4.312500000 17.000000000
vt 4.375000000 16.000000000
vt 4.375000000 16.500000000
vt 4.375000000 17.000000000
vt 4.437500000 16.000000000
vt 4.437500000 16.500000000
vt 4.437500000 17.000000000
vt 4.500000000 16.000000000
vt 4.500000000 16.500000000
vt 4.500000000 17.000000000
vt 4.562500000 16.000000000
vt 4.562500000 16.500000000
vt 4.562500000 17.000000000
vt 4.625000000 16.000000000
vt 4.625000000 16.500000000
vt 4.625000000 17.000000000
vt 4.687500000 16.000000000
vt 4.687500000 16.500000000
vt 4.687500000 17.000000000
vt 4.750000000 16.000000000
vt 4.750000000 16.500000000
vt 4.750000000 17.000000000
vt 4.812500000 16.000000000
vt 4.812500000 16.500000000
vt 4.812500000 17.000000000
vt 4.875000000 16.000000000
vt 4.875000000 16.500000000
vt 4.875000000 17.000000000
vt 4.937500000 16.000000000
vt 4.937500000 16.500000000
vt 4.937500000 17.000000000
vt 5.000000000 16.000000000
vt 5.000000000 16.500000000
vt 5.000000000 17.000000000
vt 8.000000000 20.000000000
vt 8.000000000 20.500000000
vt 8.000000000 21.000000000
vt 8.125000000 20.000000000
vt 8.125000000 20.500000000
vt 8.125000000 21.000000000
vt 8.250000000 20.000000000
vt 8.250000000 20.500000000
vt 8.250000000 21.000000000
vt 8.375000000 20.000000000
vt 8.375000000 20.500000000
vt 8.375000000 21.000000000
vt 8.500000000 20.000000000
vt 8.500000000 20.500000000
vt 8.500000000 21.000000000
vt 8.625000000 20.000000000
vt 8.625000000 20.500000000
vt 8.625000000 21.000000000
vt 8.750000000 20.000000000
vt 8.750000000 20.500000000
vt 8.750000000 21.000000000
vt 8.875000000 20.000000000
vt 8.875000000 20.500000000
vt 8.875000000 21.000000000
vt 9.000000000 20.000000000
vt 9.000000000 20.500000000
vt 9.000000000 21.000000000
vt 8.000000000 20.000000000
vt 8.000000000 20.500000000
vt 8.000000000 21.000000000
vt 8.125000000 20.000000000
vt 8.125000000 20.500000000
vt 8.125000000 21.000000000
vt 8.250000000 20.000000000
vt 8.250000000 20.500000000
vt 8.250000000 21.000000000
vt 8.375000000 20.000000000
vt 8.375000000 20.500000000
vt 8.375000000 21.000000000
vt 8.500000000 20.000000000
vt 8.500000000 20.500000000
vt 8.500000000 21.000000000
vt 8.625000000 20.000000000
vt 8.625000000 20.500000000
vt 8.625000000 21.000000000
vt 8.750000000 20.000000000
vt 8.750000000 20.500000000
vt 8.750000000 21.000000000
vt 8.875000000 20.000000000
vt 8.875000000 20.500000000
vt 8.875000000 21.000000000
vt 9.000000000 20.000000000
vt 9.000000000 20.500000000
vt 9.000000000 21.000000000
vt 8.000000000 24.000000000
vt 8.000000000 24.500000000
vt 8.000000000 25.000000000
vt 8.125000000 24.000000000
vt 8.125000000 24.500000000
vt 8.125000000 25.000000000
vt 8.250000000 24.000000000
vt 8.250000000 24.500000000
vt 8.250000000 25.000000000
vt 8.375000000 24.000000000
vt 8.375000000 24.500000000
vt 8.375000000 25.000000000
vt 8.500000000 24.000000000
vt 8.500000000 24.500000000
vt 8.500000000 25.000000000
vt 8.625000000 24.000000000
vt 8.625000000 24.500000000
vt 8.625000000 25.000000000
vt 8.750000000 24.000000000
vt 8.750000000 24.500000000
vt 8.750000000 25.000000000
vt 8.875000000 24.000000000
vt 8.875000000 24.500000000
vt 8.875000000 25.000000000
vt 9.000000000 24.000000000
vt 9.000000000 24.500000000
vt 9.000000000 25.000000000
vt 8.000000000 24.000000000
vt 8.000000000 24.500000000
vt 8.000000000 25.000000000
vt 8.125000000 24.000000000
vt 8.125000000 24.500000000
vt 8.125000000 25.000000000
vt 8.250000000 24.000000000
vt 8.250000000 24.500000000
vt 8.250000000 25.000000000
vt 8.375000000 24.000000000
vt 8.375000000 24.500000000
vt 8.375000000 25.000000000
vt 8.500000000 24.000000000
vt 8.500000000 24.500000000
vt 8.500000000 25.000000000
vt 8.625000000 24.000000000
vt 8.625000000 24.500000000
vt 8.625000000 25.000000000
vt 8.750000000 24.000000000
vt 8.750000000 24.500000000
vt 8.750000000 25.000000000
vt 8.875000000 24.000000000
vt 8.875000000 24.500000000
vt 8.875000000 25.000000000
vt 9.000000000 24.000000000
vt 9.000000000 24.500000000
vt 9.000000000 25.000000000
vt 4.000000000 28.000000000
vt 4.000000000 28.500000000
vt 4.000000000 29.000000000
vt 4.062500000 28.000000000
vt 4.062500000 28.500000000
vt 4.062500000 29.000000000
vt 4.125000000 28.000000000
vt 4.125000000 28.500000000
vt 4.125000000 29.000000000
vt 4.187500000 28.000000000
vt 4.187500000 28.500000000
vt 4.187500000 29.000000000
vt 4.250000000 28.000000000
vt 4.250000000 28.500000000
vt 4.250000000 29.000000000
vt 4.312500000 28.000000000
vt 4.312500000 28.500000000
vt 4.312500000 29.000000000
vt 4.375000000 28.000000000
vt 4.375000000 28.500000000
vt 4.375000000 29.000000000
vt 4.437500000 28.000000000
vt 4.437500000 28.500000000
vt 4.437500000 29.000000000
vt 4.500000000 28.000000000
vt 4.500000000 28.500000000
vt 4.500000000 29.000000000
vt 4.562500000 28.000000000
vt 4.562500000 28.500000000
vt 4.562500000 29.000000000
vt 4.625000000 28.000000000
vt 4.625000000 28.500000000
vt 4.625000000 29.000000000
vt 4.687500000 28.000000000
vt 4.687500000 28.500000000
vt 4.687500000 29.000000000
vt 4.750000000 28.000000000
vt 4.750000000 28.500000000
vt 4.750000000 29.000000000
vt 4.812500000 28.000000000
vt 4.812500000 28.500000000
vt 4.812500000 29.000000000
vt 4.875000000 28.000000000
vt 4.875000000 28.500000000
vt 4.875000000 29.000000000
vt 4.937500000 28.000000000
vt 4.937500000 28.500000000
vt 4.937500000 29.000000000
vt 5.000000000 28.000000000
vt 5.000000000 28.500000000
vt 5.000000000 29.000000000
vt 4.000000000 28.000000000
vt 4.000000000 28.500000000
vt 4.000000000 29.000000000
vt 4.062500000 28.000000000
vt 4.062500000 28.500000000
vt 4.062500000 29.000000000
vt 4.125000000 28.000000000
vt 4.125000000 28.500000000
vt 4.125000000 29.000000000
vt 4.187500000 28.000000000
vt 4.187500000 28.500000000
vt 4.187500000 29.000000000
vt 4.250000000 28.000000000
vt 4.250000000 28.500000000
vt 4.250000000 29.000000000
vt 4.312500000 28.000000000
vt 4.312500000 28.500000000
vt 4.312500000 29.000000000
vt 4.375000000 28.000000000
vt 4.375000000 28.500000000
vt 4.375000000 29.000000000
vt 4.437500000 28.000000000
vt 4.437500000 28.500000000
vt 4.437500000 29.000000000
vt 4.500000000 28.000000000
vt 4.500000000 28.500000000
vt 4.500000000 29.000000000
vt 4.562500000 28.000000000
vt 4.562500000 28.500000000
vt 4.562500000 29.000000000
vt 4.625000000 28.000000000
vt 4.625000000 28.500000000
vt 4.625000000 29.000000000
vt 4.687500000 28.000000000
vt 4.687500000 28.500000000
vt 4.687500000 29.000000000
vt 4.750000000 28.000000000
vt 4.750000000 28.500000000
vt 4.750000000 29.000000000
vt 4.812500000 28.000000000
vt 4.812500000 28.500000000
vt 4.812500000 29.000000000
vt 4.875000000 28.000000000
vt 4.875000000 28.500000000
vt 4.875000000 29.000000000
vt 4.937500000 28.000000000
vt 4.937500000 28.500000000
vt 4.937500000 29.000000000
vt 5.000000000 28.000000000
vt 5.000000000 28.500000000
vt 5.000000000 29.000000000
vt 8.000000000 32.000000000
vt 8.000000000 32.500000000
vt 8.000000000 33.000000000
vt 8.125000000 32.000000000
vt 8.125000000 32.500000000
vt 8.125000000 33.000000000
vt 8.250000000 32.000000000
vt 8.250000000 32.500000000
vt 8.250000000 33.000000000
vt 8.375000000 32.000000000
vt 8.375000000 32.500000000
vt 8.375000000 33.000000000
vt 8.500000000 32.000000000
vt 8.500000000 32.500000000
vt 8.500000000 33.000000000
vt 8.625000000 32.000000000
vt 8.625000000 32.500000000
vt 8.625000000 33.000000000
vt 8.750000000 32.000000000
vt 8.750000000 32.500000000
vt 8.750000000 33.000000000
vt 8.875000000 32.000000000
vt 8.875000000 32.500000000
vt 8.875000000 33.000000000
vt 9.000000000 32.000000000
vt 9.000000000 32.500000000
vt 9.000000000 33.000000000
vt 8.000000000 32.000000000
vt 8.000000000 32.500000000
vt 8.000000000 33.000000000
vt 8.125000000 32.000000000
vt 8.125000000 32.500000000
vt 8.125000000 33.000000000
vt 8.250000000 32.000000000
vt 8.250000000 32.500000000
vt 8.250000000 33.000000000
vt 8.375000000 32.000000000
vt 8.375000000 32.500000000
vt 8.375000000 33.000000000
vt 8.500000000 32.000000000
vt 8.500000000 32.500000000
vt 8.500000000 33.000000000
vt 8.625000000 32.000000000
vt 8.625000000 32.500000000
vt 8.625000000 33.000000000
vt 8.750000000 32.000000000
vt 8.750000000 32.500000000
vt 8.750000000 33.000000000
vt 8.875000000 32.000000000
vt 8.875000000 32.500000000
vt 8.875000000 33.000000000
vt 9.000000000 32.000000000
vt 9.000000000 32.500000000
vt 9.000000000 33.000000000
vt 8.000000000 36.000000000
vt 8.000000000 36.500000000
vt 8.000000000 37.000000000
vt 8.125000000 36.000000000
vt 8.125000000 36.500000000
vt 8.125000000 37.000000000
vt 8.250000000 36.000000000
vt 8.250000000 36.500000000
vt 8.250000000 37.000000000
vt 8.375000000 36.000000000
vt 8.375000000 36.500000000
vt 8.375000000 37.000000000
vt 8.500000000 36.000000000
vt 8.500000000 36.500000000
vt 8.500000000 37.000000000
vt 8.625000000 36.000000000
vt 8.625000000 36.500000000
vt 8.625000000 37.000000000
vt 8.750000000 36.000000000
vt 8.750000000 36.500000000
vt 8.750000000 37.000000000
vt 8.875000000 36.000000000
vt 8.875000000 36.500000000
vt 8.875000000 37.000000000
vt 9.000000000 36.000000000
vt 9.000000000 36.500000000
vt 9.000000000 37.000000000
vt 8.000000000 36.000000000
vt 8.000000000 36.500000000
vt 8.000000000 37.000000000
vt 8.125000000 36.000000000
vt 8.125000000 36.500000000
vt 8.125000000 37.000000000
vt 8.250000000 36.000000000
vt 8.250000000 36.500000000
vt 8.250000000 37.000000000
vt 8.375000000 36.000000000
vt 8.375000000 36.500000000
vt 8.375000000 37.000000000
vt 8.500000000 36.000000000
vt 8.500000000 36.500000000
vt 8.500000000 37.000000000
vt 8.625000000 36.000000000
vt 8.625000000 36.500000000
vt 8.625000000 37.000000000
vt 8.750000000 36.000000000
vt 8.750000000 36.500000000
vt 8.750000000 37.000000000
vt 8.875000000 36.000000000
vt 8.875000000 36.500000000
vt 8.875000000 37.000000000
vt 9.000000000 36.000000000
vt 9.000000000 36.500000000
vt 9.000000000 37.000000000
vt 4.000000000 40.000000000
vt 4.000000000 40.500000000
vt 4.000000000 41.000000000
vt 4.062500000 40.000000000
vt 4.062500000 40.500000000
vt 4.062500000 41.000000000
vt 4.125000000 40.000000000
vt 4.125000000 40.500000000
vt 4.125000000 41.000000000
vt 4.187500000 40.000000000
vt 4.187500000 40.500000000
vt 4.187500000 41.000000000
vt 4.250000000 40.000000000
vt 4.250000000 40.500000000
vt 4.250000000 41.000000000
vt 4.312500000 40.000000000
vt 4.312500000 40.500000000
vt 4.312500000 41.000000000
vt 4.375000000 40.000000000
vt 4.375000000 40.500000000
vt 4.375000000 41.000000000
vt 4.437500000 40.000000000
vt 4.437500000 40.500000000
vt 4.437500000 41.000000000
vt 4.500000000 40.000000000
vt 4.500000000 40.500000000
vt 4.500000000 41.000000000
vt 4.562500000 40.000000000
vt 4.562500000 40.500000000
vt 4.562500000 41.000000000
vt 4.625000000 40.000000000
vt 4.625000000 40.500000000
vt 4.625000000 41.000000000
vt 4.687500000 40.000000000
vt 4.687500000 40.500000000
vt 4.687500000 41.000000000
vt 4.750000000 40.000000000
vt 4.750000000 40.500000000
vt 4.750000000 41.000000000
vt 4.812500000 40.000000000
vt 4.812500000 40.500000000
vt 4.812500000 41.000000000
vt 4.875000000 40.000000000
vt 4.875000000 40.500000000
vt 4.875000000 41.000000000
vt 4.937500000 40.000000000
vt 4.937500000 40.500000000
vt 4.937500000 41.000000000
vt 5.000000000 40.000000000
vt 5.000000000 40.500000000
vt 5.000000000 41.000000000
vt 4.000000000 40.000000000
vt 4.000000000 40.500000000
vt 4.000000000 41.000000000
vt 4.062500000 40.000000000
vt 4.062500000 40.500000000
vt 4.062500000 41.000000000
vt 4.125000000 40.000000000
vt 4.125000000 40.500000000
vt 4.125000000 41.000000000
vt 4.187500000 40.000000000
vt 4.187500000 40.500000000
vt 4.187500000 41.000000000
vt 4.250000000 40.000000000
vt 4.250000000 40.500000000
vt 4.250000000 41.000000000
vt 4.312500000 40.000000000
vt 4.312500000 40.500000000
vt 4.312500000 41.000000000
vt 4.375000000 40.000000000
vt 4.375000000 40.500000000
vt 4.375000000 41.000000000
vt 4.437500000 40.000000000
vt 4.437500000 40.500000000
vt 4.437500000 41.000000000
vt 4.500000000 40.000000000
vt 4.500000000 40.500000000
vt 4.500000000 41.000000000
vt 4.562500000 40.000000000
vt 4.562500000 40.500000000
vt 4.562500000 41.000000000
vt 4.625000000 40.000000000
vt 4.625000000 40.500000000
vt 4.625000000 41.000000000
vt 4.687500000 40.000000000
vt 4.687500000 40.500000000
vt 4.687500000 41.000000000
vt 4.750000000 40.000000000
vt 4.750000000 40.500000000
vt 4.750000000 41.000000000
vt 4.812500000 40.000000000
vt 4.812500000 40.500000000
vt 4.812500000 41.000000000
vt 4.875000000 40.000000000
vt 4.875000000 40.500000000
vt 4.875000000 41.000000000
vt 4.937500000 40.000000000
vt 4.937500000 40.500000000
vt 4.937500000 41.000000000
vt 5.000000000 40.000000000
vt 5.000000000 40.500000000
vt 5.000000000 41.000000000
vt 8.000000000 44.000000000
vt 8.000000000 44.500000000
vt 8.000000000 45.000000000
vt 8.125000000 44.000000000
vt 8.125000000 44.500000000
vt 8.125000000 45.000000000
vt 8.250000000 44.000000000
vt 8.250000000 44.500000000
vt 8.250000000 45.000000000
vt 8.375000000 44.000000000
vt 8.375000000 44.500000000
vt 8.375000000 45.000000000
vt 8.500000000 44.000000000
vt 8.500000000 44.500000000
vt 8.500000000 45.000000000
vt 8.625000000 44.000000000
vt 8.625000000 44.500000000
vt 8.625000000 45.000000000
vt 8.750000000 44.000000000
vt 8.750000000 44.500000000
vt 8.750000000 45.000000000
vt 8.875000000 44.000000000
vt 8.875000000 44.500000000
vt 8.875000000 45.000000000
vt 9.000000000 44.000000000
vt 9.000000000 44.500000000
vt 9.000000000 45.000000000
vt 8.000000000 44.000000000
vt 8.000000000 44.500000000
vt 8.000000000 45.000000000
vt 8.125000000 44.000000000
vt 8.125000000 44.500000000
vt 8.125000000 45.000000000
vt 8.250000000 44.000000000
vt 8.250000000 44.500000000
vt 8.250000000 45.000000000
vt 8.375000000 44.000000000
vt 8.375000000 44.500000000
vt 8.375000000 45.000000000
vt 8.500000000 44.000000000
vt 8.500000000 44.500000000
vt 8.500000000 45.000000000
vt 8.625000000 44.000000000
vt 8.625000000 44.500000000
vt 8.625000000 45.000000000
vt 8.750000000 44.000000000
vt 8.750000000 44.500000000
vt 8.750000000 45.000000000
vt 8.875000000 44.000000000
vt 8.875000000 44.500000000
vt 8.875000000 45.000000000
vt 9.000000000 44.000000000
vt 9.000000000 44.500000000
vt 9.000000000 45.000000000
vt 8.000000000 48.000000000
vt 8.000000000 48.500000000
vt 8.000000000 49.000000000
vt 8.125000000 48.000000000
vt 8.125000000 48.500000000
vt 8.125000000 49.000000000
vt 8.250000000 48.000000000
vt 8.250000000 48.500000000
vt 8.250000000 49.000000000
vt 8.375000000 48.000000000
vt 8.375000000 48.500000000
vt 8.375000000 49.000000000
vt 8.500000000 48.000000000
vt 8.500000000 48.500000000
vt 8.500000000 49.000000000
vt 8.625000000 48.000000000
vt 8.625000000 48.500000000
vt 8.625000000 49.000000000
vt 8.750000000 48.000000000
vt 8.750000000 48.500000000
vt 8.750000000 49.000000000
vt 8.875000000 48.000000000
vt 8.875000000 48.500000000
vt 8.875000000 49.000000000
vt 9.000000000 48.000000000
vt 9.000000000 48.500000000
vt 9.000000000 49.000000000
vt 8.000000000 48.000000000
vt 8.000000000 48.500000000
vt 8.000000000 49.000000000
vt 8.125000000 48.000000000
vt 8.125000000 48.500000000
vt 8.125000000 49.000000000
vt 8.250000000 48.000000000
vt 8.250000000 48.500000000
vt 8.250000000 49.000000000
vt 8.375000000 48.000000000
vt 8.375000000 48.500000000
vt 8.375000000 49.000000000
vt 8.500000000 48.000000000
vt 8.500000000 48.500000000
vt 8.500000000 49.000000000
vt 8.625000000 48.000000000
vt 8.625000000 48.500000000
vt 8.625000000 49.000000000
vt 8.750000000 48.000000000
vt 8.750000000 48.500000000
vt 8.750000000 49.000000000
vt 8.875000000 48.000000000
vt 8.875000000 48.500000000
vt 8.875000000 49.000000000
vt 9.000000000 48.000000000
vt 9.000000000 48.500000000
vt 9.000000000 49.000000000
vt 4.000000000 52.000000000
vt 4.000000000 52.500000000
vt 4.000000000 53.000000000
vt 4.062500000 52.000000000
vt 4.062500000 52.500000000
vt 4.062500000 53.000000000
vt 4.125000000 52.000000000
vt 4.125000000 52.500000000
vt 4.125000000 53.000000000
vt 4.187500000 52.000000000
vt 4.187500000 52.500000000
vt 4.187500000 53.000000000
vt 4.250000000 52.000000000
vt 4.250000000 52.500000000
vt 4.250000000 53.000000000
vt 4.312500000 52.000000000
vt 4.312500000 52.500000000
vt 4.312500000 53.000000000
vt 4.375000000 52.000000000
vt 4.375000000 52.500000000
vt 4.375000000 53.000000000
vt 4.437500000 52.000000000
vt 4.437500000 52.500000000
vt 4.437500000 53.000000000
vt 4.500000000 52.000000000
vt 4.500000000 52.500000000
vt 4.500000000 53.000000000
vt 4.562500000 52.000000000
vt 4.562500000 52.500000000
vt 4.562500000 53.000000000
vt 4.625000000 52.000000000
vt 4.625000000 52.500000000
vt 4.625000000 53.000000000
vt 4.687500000 52.000000000
vt 4.687500000 52.500000000
vt 4.687500000 53.000000000
vt 4.750000000 52.000000000
vt 4.750000000 52.500000000
vt 4.750000000 53.000000000
vt 4.812500000 52.000000000
vt 4.812500000 52.500000000
vt 4.812500000 53.000000000
vt 4.875000000 52.000000000
vt 4.875000000 52.500000000
vt 4.875000000 53.000000000
vt 4.937500000 52.000000000
vt 4.937500000 52.500000000
vt 4.937500000 53.000000000
vt 5.000000000 52.000000000
vt 5.000000000 52.500000000
vt 5.000000000 53.000000000
vt 4.000000000 52.000000000
vt 4.000000000 52.500000000
vt 4.000000000 53.000000000
vt 4.062500000 52.000000000
vt 4.062500000 52.500000000
vt 4.062500000 53.000000000
vt 4.125000000 52.000000000
vt 4.125000000 52.500000000
vt 4.125000000 53.000000000
vt 4.187500000 52.000000000
vt 4.187500000 52.500000000
vt 4.187500000 53.000000000
vt 4.250000000 52.000000000
vt 4.250000000 52.500000000
vt 4.250000000 53.000000000
vt 4.312500000 52.000000000
vt 4.312500000 52.500000000
vt 4.312500000 53.000000000
vt 4.375000000 52.000000000
vt 4.375000000 52.500000000
vt 4.375000000 53.000000000
vt 4.437500000 52.000000000
vt 4.437500000 52.500000000
vt 4.437500000 53.000000000
vt 4.500000000 52.000000000
vt 4.500000000 52.500000000
vt 4.500000000 53.000000000
vt 4.562500000 52.000000000
vt 4.562500000 52.500000000
vt 4.562500000 53.000000000
vt 4.625000000 52.000000000
vt 4.625000000 52.500000000
vt 4.625000000 53.000000000
vt 4.687500000 52.000000000
vt 4.687500000 52.500000000
vt 4.687500000 53.000000000
vt 4.750000000 52.000000000
vt 4.750000000 52.500000000
vt 4.750000000 53.000000000
vt 4.812500000 52.000000000
vt 4.812500000 52.500000000
vt 4.812500000 53.000000000
vt 4.875000000 52.000000000
vt 4.875000000 52.500000000
vt 4.875000000 53.000000000
vt 4.937500000 52.000000000
vt 4.937500000 52.500000000
vt 4.937500000 53.000000000
vt 5.000000000 52.000000000
vt 5.000000000 52.500000000
vt 5.000000000 53.000000000
vt 8.000000000 56.000000000
vt 8.000000000 56.500000000
vt 8.000000000 57.000000000
vt 8.125000000 56.000000000
vt 8.125000000 56.500000000
vt 8.125000000 57.000000000
vt 8.250000000 56.000000000
vt 8.250000000 56.500000000
vt 8.250000000 57.000000000
vt 8.375000000 56.000000000
vt 8.375000000 56.500000000
vt 8.375000000 57.000000000
vt 8.500000000 56.000000000
vt 8.500000000 56.500000000
vt 8.500000000 57.000000000
vt 8.625000000 56.000000000
vt 8.625000000 56.500000000
vt 8.625000000 57.000000000
vt 8.750000000 56.000000000
vt 8.750000000 56.500000000
vt 8.750000000 57.000000000
vt 8.875000000 56.000000000
vt 8.875000000 56.500000000
vt 8.875000000 57.000000000
vt 9.000000000 56.000000000
vt 9.000000000 56.500000000
vt 9.000000000 57.000000000
vt 8.000000000 56.000000000
vt 8.000000000 56.500000000
vt 8.000000000 57.000000000
vt 8.125000000 56.000000000
vt 8.125000000 56.500000000
vt 8.125000000 57.000000000
vt 8.250000000 56.000000000
vt 8.250000000 56.500000000
vt 8.250000000 57.000000000
vt 8.375000000 56.000000000
vt 8.375000000 56.500000000
vt 8.375000000 57.000000000
vt 8.500000000 56.000000000
vt 8.500000000 56.500000000
vt 8.500000000 57.000000000
vt 8.625000000 56.000000000
vt 8.625000000 56.500000000
vt 8.625000000 57.000000000
vt 8.750000000 56.000000000
vt 8.750000000 56.500000000
vt 8.750000000 57.000000000
vt 8.875000000 56.000000000
vt 8.875000000 56.500000000
vt 8.875000000 57.000000000
vt 9.000000000 56.000000000
vt 9.000000000 56.500000000
vt 9.000000000 57.000000000
vt 8.000000000 60.000000000
vt 8.000000000 60.500000000
vt 8.000000000 61.000000000
vt 8.125000000 60.000000000
vt 8.125000000 60.500000000
vt 8.125000000 61.000000000
vt 8.250000000 60.000000000
vt 8.250000000 60.500000000
vt 8.250000000 61.000000000
vt 8.375000000 60.000000000
vt 8.375000000 60.500000000
vt 8.375000000 61.000000000
vt 8.500000000 60.000000000
vt 8.500000000 60.500000000
vt 8.500000000 61.000000000
vt 8.625000000 60.000000000
vt 8.625000000 60.500000000
vt 8.625000000 61.000000000
vt 8.750000000 60.000000000
vt 8.750000000 60.500000000
vt 8.750000000 61.000000000
vt 8.875000000 60.000000000
vt 8.875000000 60.500000000
vt 8.875000000 61.000000000
vt 9.000000000 60.000000000
vt 9.000000000 60.500000000
vt 9.000000000 61.000000000
vt 8.000000000 60.000000000
vt 8.000000000 60.500000000
vt 8.000000000 61.000000000
vt 8.125000000 60.000000000
vt 8.125000000 60.500000000
vt 8.125000000 61.000000000
vt 8.250000000 60.000000000
vt 8.250000000 60.500000000
vt 8.250000000 61.000000000
vt 8.375000000 60.000000000
vt 8.375000000 60.500000000
vt 8.375000000 61.000000000
vt 8.500000000 60.000000000
vt 8.500000000 60.500000000
vt 8.500000000 61.000000000
vt 8.625000000 60.000000000
vt 8.625000000 60.500000000
vt 8.625000000 61.000000000
vt 8.750000000 60.000000000
vt 8.750000000 60.500000000
vt 8.750000000 61.000000000
vt 8.875000000 60.000000000
vt 8.875000000 60.500000000
vt 8.875000000 61.000000000
vt 9.000000000 60.000000000
vt 9.000000000 60.500000000
vt 9.000000000 61.000000000
vt 4.000000000 64.000000000
vt 4.000000000 64.500000000
vt 4.000000000 65.000000000
vt 4.062500000 64.000000000
vt 4.062500000 64.500000000
vt 4.062500000 65.000000000
vt 4.125000000 64.000000000
vt 4.125000000 64.500000000
vt 4.125000000 65.000000000
vt 4.187500000 64.000000000
vt 4.187500000 64.500000000
vt 4.187500000 65.000000000
vt 4.250000000 64.000000000
vt 4.250000000 64.500000000
vt 4.250000000 65.000000000
vt 4.312500000 64.000000000
vt 4.312500000 64.500000000
vt 4.312500000 65.000000000
vt 4.375000000 64.000000000
vt 4.375000000 64.500000000
vt 4.375000000 65.000000000
vt 4.437500000 64.000000000
vt 4.437500000 64.500000000
vt 4.437500000 65.000000000
vt 4.500000000 64.000000000
vt 4.500000000 64.500000000
vt 4.500000000 65.000000000
vt 4.562500000 64.000000000
vt 4.562500000 64.500000000
vt 4.562500000 65.000000000
vt 4.625000000 64.000000000
vt 4.625000000 64.500000000
vt 4.625000000 65.000000000
vt 4.687500000 64.000000000
vt 4.687500000 64.500000000
vt 4.687500000 65.000000000
vt 4.750000000 64.000000000
vt 4.750000000 64.500000000
vt 4.750000000 65.000000000
vt 4.812500000 64.000000000
vt 4.812500000 64.500000000
vt 4.812500000 65.000000000
vt 4.875000000 64.000000000
vt 4.875000000 64.500000000
vt 4.875000000 65.000000000
vt 4.937500000 64.000000000
vt 4.937500000 64.500000000
vt 4.937500000 65.000000000
vt 5.000000000 64.000000000
vt 5.000000000 64.500000000
vt 5.000000000 65.000000000
vt 4.000000000 64.000000000
vt 4.000000000 64.500000000
vt 4.000000000 65.000000000
vt 4.062500000 64.000000000
vt 4.062500000 64.500000000
vt 4.062500000 65.000000000
vt 4.125000000 64.000000000
vt 4.125000000 64.500000000
vt 4.125000000 65.000000000
vt 4.187500000 64.000000000
vt 4.187500000 64.500000000
vt 4.187500000 65.000000000
vt 4.250000000 64.000000000
vt 4.250000000 64.500000000
vt 4.250000000 65.000000000
vt 4.312500000 64.000000000
vt 4.312500000 64.500000000
vt 4.312500000 65.000000000
vt 4.375000000 64.000000000
vt 4.375000000 64.500000000
vt 4.375000000 65.000000000
vt 4.437500000 64.000000000
vt 4.437500000 64.500000000
vt 4.437500000 65.000000000
vt 4.500000000 64.000000000
vt 4.500000000 64.500000000
vt 4.500000000 65.000000000
vt 4.562500000 64.000000000
vt 4.562500000 64.500000000
vt 4.562500000 65.000000000
vt 4.625000000 64.000000000
vt 4.625000000 64.500000000
vt 4.625000000 65.000000000
vt 4.687500000 64.000000000
vt 4.687500000 64.500000000
vt 4.687500000 65.000000000
vt 4.750000000 64.000000000
vt 4.750000000 64.500000000
vt 4.750000000 65.000000000
vt 4.812500000 64.000000000
vt 4.812500000 64.500000000
vt 4.812500000 65.000000000
vt 4.875000000 64.000000000
vt 4.875000000 64.500000000
vt 4.875000000 65.000000000
vt 4.937500000 64.000000000
vt 4.937500000 64.500000000
vt 4.937500000 65.000000000
vt 5.000000000 64.000000000
vt 5.000000000 64.500000000
vt 5.000000000 65.000000000
vt 8.000000000 68.000000000
vt 8.000000000 68.500000000
vt 8.000000000 69.000000000
vt 8.125000000 68.000000000
vt 8.125000000 68.500000000
vt 8.125000000 69.000000000
vt 8.250000000 68.000000000
vt 8.250000000 68.500000000
vt 8.250000000 69.000000000
vt 8.375000000 68.000000000
vt 8.375000000 68.500000000
vt 8.375000000 69.000000000
vt 8.500000000 68.000000000
vt 8.500000000 68.500000000
vt 8.500000000 69.000000000
vt 8.625000000 68.000000000
vt 8.625000000 68.500000000
vt 8.625000000 69.000000000
vt 8.750000000 68.000000000
vt 8.750000000 68.500000000
vt 8.750000000 69.000000000
vt 8.875000000 68.000000000
vt 8.875000000 68.500000000
vt 8.875000000 69.000000000
vt 9.000000000 68.000000000
vt 9.000000000 68.500000000
vt 9.000000000 69.000000000
vt 8.000000000 68.000000000
vt 8.000000000 68.500000000
vt 8.000000000 69.000000000
vt 8.125000000 68.000000000
vt 8.125000000 68.500000000
vt 8.125000000 69.000000000
vt 8.250000000 68.000000000
vt 8.250000000 68.500000000
vt 8.250000000 69.000000000
vt 8.375000000 68.000000000
vt 8.375000000 68.500000000
vt 8.375000000 69.000000000
vt 8.500000000 68.000000000
vt 8.500000000 68.500000000
vt 8.500000000 69.000000000
vt 8.625000000 68.000000000
vt 8.625000000 68.500000000
vt 8.625000000 69.000000000
vt 8.750000000 68.000000000
vt 8.750000000 68.500000000
vt 8.750000000 69.000000000
vt 8.875000000 68.000000000
vt 8.875000000 68.500000000
vt 8.875000000 69.000000000
vt 9.000000000 68.000000000
vt 9.000000000 68.500000000
vt 9.000000000 69.000000000
vt 8.000000000 72.000000000
vt 8.000000000 72.500000000
vt 8.000000000 73.000000000
vt 8.125000000 72.000000000
vt 8.125000000 72.500000000
vt 8.125000000 73.000000000
vt 8.250000000 72.000000000
vt 8.250000000 72.500000000
vt 8.250000000 73.000000000
vt 8.375000000 72.000000000
vt 8.375000000 72.500000000
vt 8.375000000 73.000000000
vt 8.500000000 72.000000000
vt 8.500000000 72.500000000
vt 8.500000000 73.000000000
vt 8.625000000 72.000000000
vt 8.625000000 72.500000000
vt 8.625000000 73.000000000
vt 8.750000000 72.000000000
vt 8.750000000 72.500000000
vt 8.750000000 73.000000000
vt 8.875000000 72.000000000
vt 8.875000000 72.500000000
vt 8.875000000 73.000000000
vt 9.000000000 72.000000000
vt 9.000000000 72.500000000
vt 9.000000000 73.000000000
vt 8.000000000 72.000000000
vt 8.000000000 72.500000000
vt 8.000000000 73.000000000
vt 8.125000000 72.000000000
vt 8.125000000 72.500000000
vt 8.125000000 73.000000000
vt 8.250000000 72.000000000
vt 8.250000000 72.500000000
vt 8.250000000 73.000000000
vt 8.375000000 72.000000000
vt 8.375000000 72.500000000
vt 8.375000000 73.000000000
vt 8.500000000 72.000000000
vt 8.500000000 72.500000000
vt 8.500000000 73.000000000
vt 8.625000000 72.000000000
vt 8.625000000 72.500000000
vt 8.625000000 73.000000000
vt 8.750000000 72.000000000
vt 8.750000000 72.500000000
vt 8.750000000 73.000000000
vt 8.875000000 72.000000000
vt 8.875000000 72.500000000
vt 8.875000000 73.000000000
vt 9.000000000 72.000000000
vt 9.000000000 72.500000000
vt 9.000000000 73.000000000
vn 0.000000000 0.000000000 1.000000000
vn 0.195090322 0.000000000 0.980785280
vn 0.191341716 0.038060234 0.980785280
vn 0.180239956 0.074657834 0.980785280
vn 0.162211674 0.108386376 0.980785280
vn 0.137949690 0.137949690 0.980785280
vn 0.108386376 0.162211674 0.980785280
vn 0.074657834 0.180239956 0.980785280
vn 0.038060234 0.191341716 0.980785280
vn 0.000000000 0.195090322 0.980785280
vn -0.038060234 0.191341716 0.980785280
vn -0.074657834 0.180239956 0.980785280
vn -0.108386376 0.162211674 0.980785280
vn -0.137949690 0.137949690 0.980785280
vn -0.162211674 0.108386376 0.980785280
vn -0.180239956 0.074657834 0.980785280
vn -0.191341716 0.038060234 0.980785280
vn -0.195090322 0.000000000 0.980785280
vn -0.191341716 -0.038060234 0.980785280
vn -0.180239956 -0.074657834 0.980785280
vn -0.162211674 -0.108386376 0.980785280
vn -0.137949690 -0.137949690 0.980785280
vn -0.108386376 -0.162211674 0.980785280
vn -0.074657834 -0.180239956 0.980785280
vn -0.038060234 -0.191341716 0.980785280
vn -0.000000000 -0.195090322 0.980785280
vn 0.038060234 -0.191341716 0.980785280
vn 0.074657834 -0.180239956 0.980785280
vn 0.108386376 -0.162211674 0.980785280
vn 0.137949690 -0.137949690 0.980785280
vn 0.162211674 -0.108386376 0.980785280
vn 0.180239956 -0.074657834 0.980785280
vn 0.191341716 -0.038060234 0.980785280
vn 0.382683432 0.000000000 0.923879533
vn 0.375330278 0.074657834 0.923879533
vn 0.353553391 0.146446609 0.923879533
vn 0.318189645 0.212607524 0.923879533
vn 0.270598050 0.270598050 0.923879533
vn 0.212607524 0.318189645 0.923879533
vn 0.146446609 0.353553391 0.923879533
vn 0.074657834 0.375330278 0.923879533
vn 0.000000000 0.382683432 0.923879533
vn -0.074657834 0.375330278 0.923879533
vn -0.146446609 0.353553391 0.923879533
vn -0.212607524 0.318189645 0.923879533
vn -0.270598050 0.270598050 0.923879533
vn -0.318189645 0.212607524 0.923879533
vn -0.353553391 0.146446609 0.923879533
vn -0.375330278 0.074657834 0.923879533
vn -0.382683432 0.000000000 0.923879533
vn -0.375330278 -0.074657834 0.923879533
vn -0.353553391 -0.146446609 0.923879533
vn -0.318189645 -0.212607524 0.923879533
vn -0.270598050 -0.270598050 0.923879533
vn -0.212607524 -0.318189645 0.923879533
vn -0.146446609 -0.353553391 0.923879533
vn -0.074657834 -0.375330278 0.923879533
vn -0.000000000 -0.382683432 0.923879533
vn 0.074657834 -0.375330278 0.923879533
vn 0.146446609 -0.353553391 0.923879533
vn 0.212607524 -0.318189645 0.923879533
vn 0.270598050 -0.270598050 0.923879533
vn 0.318189645 -0.212607524 0.923879533
vn 0.353553391 -0.146446609 0.923879533
vn 0.375330278 -0.074657834 0.923879533
vn 0.555570233 0.000000000 0.831469612
vn 0.544895107 0.108386376 0.831469612
vn 0.513279967 0.212607524 0.831469612
vn 0.461939766 0.308658284 0.831469612
vn 0.392847479 0.392847479 0.831469612
vn 0.308658284 0.461939766 0.831469612
vn 0.212607524 0.513279967 0.831469612
vn 0.108386376 0.544895107 0.831469612
vn 0.000000000 0.555570233 0.831469612
vn -0.108386376 0.544895107 0.831469612
vn -0.212607524 0.513279967 0.831469612
vn -0.308658284 0.461939766 0.831469612
vn -0.392847479 0.392847479 0.831469612
vn -0.461939766 0.308658284 0.831469612
vn -0.513279967 0.212607524 0.831469612
vn -0.544895107 0.108386376 0.831469612
vn -0.555570233 0.000000000 0.831469612
vn -0.544895107 -0.108386376 0.831469612
vn -0.513279967 -0.212607524 0.831469612
vn -0.461939766 -0.308658284 0.831469612
vn -0.392847479 -0.392847479 0.831469612
vn -0.308658284 -0.461939766 0.831469612
vn -0.212607524 -0.513279967 0.831469612
vn -0.108386376 -0.544895107 0.831469612
vn -0.000000000 -0.555570233 0.831469612
vn 0.108386376 -0.544895107 0.831469612
vn 0.212607524 -0.513279967 0.831469612
vn 0.308658284 -0.461939766 0.831469612
vn 0.392847479 -0.392847479 0.831469612
vn 0.461939766 -0.308658284 0.831469612
vn 0.513279967 -0.212607524 0.831469612
vn 0.544895107 -0.108386376 0.831469612
vn 0.707106781 0.000000000 0.707106781
vn 0.693519923 0.137949690 0.707106781
vn 0.653281482 0.270598050 0.707106781
vn 0.587937801 0.392847479 0.707106781
vn 0.500000000 0.500000000 0.707106781
vn 0.392847479 0.587937801 0.707106781
vn 0.270598050 0.653281482 0.707106781
vn 0.137949690 0.693519923 0.707106781
vn 0.000000000 0.707106781 0.707106781
vn -0.137949690 0.693519923 0.707106781
vn -0.270598050 0.653281482 0.707106781
vn -0.392847479 0.587937801 0.707106781
vn -0.500000000 0.500000000 0.707106781
vn -0.587937801 0.392847479 0.707106781
vn -0.653281482 0.270598050 0.707106781
vn -0.693519923 0.137949690 0.707106781
vn -0.707106781 0.000000000 0.707106781
vn -0.693519923 -0.137949690 0.707106781
vn -0.653281482 -0.270598050 0.707106781
vn -0.587937801 -0.392847479 0.707106781
vn -0.500000000 -0.500000000 0.707106781
vn -0.392847479 -0.587937801 0.707106781
vn -0.270598050 -0.653281482 0.707106781
vn -0.137949690 -0.693519923 0.707106781
vn -0.000000000 -0.707106781 0.707106781
vn 0.137949690 -0.693519923 0.707106781
vn 0.270598050 -0.653281482 0.707106781
vn 0.392847479 -0.587937801 0.707106781
vn 0.500000000 -0.500000000 0.707106781
vn 0.587937801 -0.392847479 0.707106781
vn 0.653281482 -0.270598050 0.707106781
vn 0.693519923 -0.137949690 0.707106781
vn 0.831469612 0.000000000 0.555570233
vn 0.815493157 0.162211674 0.555570233
vn 0.768177757 0.318189645 0.555570233
vn 0.691341716 0.461939766 0.555570233
vn 0.587937801 0.587937801 0.555570233
vn 0.461939766 0.691341716 0.555570233
vn 0.318189645 0.768177757 0.555570233
vn 0.162211674 0.815493157 0.555570233
vn 0.000000000 0.831469612 0.555570233
vn -0.162211674 0.815493157 0.555570233
vn -0.318189645 0.768177757 0.555570233
vn -0.461939766 0.691341716 0.555570233
vn -0.587937801 0.587937801 0.555570233
vn -0.691341716 0.461939766 0.555570233
vn -0.768177757 0.318189645 0.555570233
vn -0.815493157 0.162211674 0.555570233
vn -0.831469612 0.000000000 0.555570233
vn -0.815493157 -0.162211674 0.555570233
vn -0.768177757 -0.318189645 0.555570233
vn -0.691341716 -0.461939766 0.555570233
vn -0.587937801 -0.587937801 0.555570233
vn -0.461939766 -0.691341716 0.555570233
vn -0.318189645 -0.768177757 0.555570233
vn -0.162211674 -0.815493157 0.555570233
vn -0.000000000 -0.831469612 0.555570233
vn 0.162211674 -0.815493157 0.555570233
vn 0.318189645 -0.768177757 0.555570233
vn 0.461939766 -0.691341716 0.555570233
vn 0.587937801 -0.587937801 0.555570233
vn 0.691341716 -0.461939766 0.555570233
vn 0.768177757 -0.318189645 0.555570233
vn 0.815493157 -0.162211674 0.555570233
vn 0.923879533 0.000000000 0.382683432
vn 0.906127446 0.180239956 0.382683432
vn 0.853553391 0.353553391 0.382683432
vn 0.768177757 0.513279967 0.382683432
vn 0.653281482 0.653281482 0.382683432
vn 0.513279967 0.768177757 0.382683432
vn 0.353553391 0.853553391 0.382683432
vn 0.180239956 0.906127446 0.382683432
vn 0.000000000 0.923879533 0.382683432
vn -0.180239956 0.906127446 0.382683432
vn -0.353553391 0.853553391 0.382683432
vn -0.513279967 0.768177757 0.382683432
vn -0.653281482 0.653281482 0.382683432
vn -0.768177757 0.513279967 0.382683432
vn -0.853553391 0.353553391 0.382683432
vn -0.906127446 0.180239956 0.382683432
vn -0.923879533 0.000000000 0.382683432
vn -0.906127446 -0.180239956 0.382683432
vn -0.853553391 -0.353553391 0.382683432
vn -0.768177757 -0.513279967 0.382683432
vn -0.653281482 -0.653281482 0.382683432
vn -0.513279967 -0.768177757 0.382683432
vn -0.353553391 -0.853553391 0.382683432
vn -0.180239956 -0.906127446 0.382683432
vn -0.000000000 -0.923879533 0.382683432
vn 0.180239956 -0.906127446 0.382683432
vn 0.353553391 -0.853553391 0.382683432
vn 0.513279967 -0.768177757 0.382683432
vn 0.653281482 -0.653281482 0.382683432
vn 0.768177757 -0.513279967 0.382683432
vn 0.853553391 -0.353553391 0.382683432
vn 0.906127446 -0.180239956 0.382683432
vn 0.980785280 0.000000000 0.195090322
vn 0.961939766 0.191341716 0.195090322
vn 0.906127446 0.375330278 0.195090322
vn 0.815493157 0.544895107 0.195090322
vn 0.693519923 0.693519923 0.195090322
vn 0.544895107 0.815493157 0.195090322
vn 0.375330278 0.906127446 0.195090322
vn 0.191341716 0.961939766 0.195090322
vn 0.000000000 0.980785280 0.195090322
vn -0.191341716 0.961939766 0.195090322
vn -0.375330278 0.906127446 0.195090322
vn -0.544895107 0.815493157 0.195090322
vn -0.693519923 0.693519923 0.195090322
vn -0.815493157 0.544895107 0.195090322
vn -0.906127446 0.375330278 0.195090322
vn -0.961939766 0.191341716 0.195090322
vn -0.980785280 0.000000000 0.195090322
vn -0.961939766 -0.191341716 0.195090322
vn -0.906127446 -0.375330278 0.195090322
vn -0.815493157 -0.544895107 0.195090322
vn -0.693519923 -0.693519923 0.195090322
vn -0.544895107 -0.815493157 0.195090322
vn -0.375330278 -0.906127446 0.195090322
vn -0.191341716 -0.961939766 0.195090322
vn -0.000000000 -0.980785280 0.195090322
vn 0.191341716 -0.961939766 0.195090322
vn 0.375330278 -0.906127446 0.195090322
vn 0.544895107 -0.815493157 0.195090322
vn 0.693519923 -0.693519923 0.195090322
vn 0.815493157 -0.544895107 0.195090322
vn 0.906127446 -0.375330278 0.195090322
vn 0.961939766 -0.191341716 0.195090322
vn 1.000000000 0.000000000 0.000000000
vn 0.980785280 0.195090322 0.000000000
vn 0.923879533 0.382683432 0.000000000
vn 0.831469612 0.555570233 0.000000000
vn 0.707106781 0.707106781 0.000000000
vn 0.555570233 0.831469612 0.000000000
vn 0.382683432 0.923879533 0.000000000
vn 0.195090322 0.980785280 0.000000000
vn 0.000000000 1.000000000 0.000000000
vn -0.195090322 0.980785280 0.000000000
vn -0.382683432 0.923879533 0.000000000
vn -0.555570233 0.831469612 0.000000000
vn -0.707106781 0.707106781 0.000000000
vn -0.831469612 0.555570233 0.000000000
vn -0.923879533 0.382683432 0.000000000
vn -0.980785280 0.195090322 0.000000000
vn -1.000000000 0.000000000 0.000000000
vn -0.980785280 -0.195090322 0.000000000
vn -0.923879533 -0.382683432 0.000000000
vn -0.831469612 -0.555570233 0.000000000
vn -0.707106781 -0.707106781 0.000000000
vn -0.555570233 -0.831469612 0.000000000
vn -0.382683432 -0.923879533 0.000000000
vn -0.195090322 -0.980785280 0.000000000
vn -0.000000000 -1.000000000 0.000000000
vn 0.195090322 -0.980785280 0.000000000
vn 0.382683432 -0.923879533 0.000000000
vn 0.555570233 -0.831469612 0.000000000
vn 0.707106781 -0.707106781 0.000000000
vn 0.831469612 -0.555570233 0.000000000
vn 0.923879533 -0.382683432 0.000000000
vn 0.980785280 -0.195090322 0.000000000
vn 0.980785280 0.000000000 -0.195090322
vn 0.961939766 0.191341716 -0.195090322
vn 0.906127446 0.375330278 -0.195090322
vn 0.815493157 0.544895107 -0.195090322
vn 0.693519923 0.693519923 -0.195090322
vn 0.544895107 0.815493157 -0.195090322
vn 0.375330278 0.906127446 -0.195090322
vn 0.191341716 0.961939766 -0.195090322
vn 0.000000000 0.980785280 -0.195090322
vn -0.191341716 0.961939766 -0.195090322
vn -0.375330278 0.906127446 -0.195090322
vn -0.544895107 0.815493157 -0.195090322
vn -0.693519923 0.693519923 -0.195090322
vn -0.815493157 0.544895107 -0.195090322
vn -0.906127446 0.375330278 -0.195090322
vn -0.961939766 0.191341716 -0.195090322
vn -0.980785280 0.000000000 -0.195090322
vn -0.961939766 -0.191341716 -0.195090322
vn -0.906127446 -0.375330278 -0.195090322
vn -0.815493157 -0.544895107 -0.195090322
vn -0.693519923 -0.693519923 -0.195090322
vn -0.544895107 -0.815493157 -0.195090322
vn -0.375330278 -0.906127446 -0.195090322
vn -0.191341716 -0.961939766 -0.195090322
vn -0.000000000 -0.980785280 -0.195090322
vn 0.191341716 -0.961939766 -0.195090322
vn 0.375330278 -0.906127446 -0.195090322
vn 0.544895107 -0.815493157 -0.195090322
vn 0.693519923 -0.693519923 -0.195090322
vn 0.815493157 -0.544895107 -0.195090322
vn 0.906127446 -0.375330278 -0.195090322
vn 0.961939766 -0.191341716 -0.195090322
vn 0.923879533 0.000000000 -0.382683432
vn 0.906127446 0.180239956 -0.382683432
vn 0.853553391 0.353553391 -0.382683432
vn 0.768177757 0.513279967 -0.382683432
vn 0.653281482 0.653281482 -0.382683432
vn 0.513279967 0.768177757 -0.382683432
vn 0.353553391 0.853553391 -0.382683432
vn 0.180239956 0.906127446 -0.382683432
vn 0.000000000 0.923879533 -0.382683432
vn -0.180239956 0.906127446 -0.382683432
vn -0.353553391 0.853553391 -0.382683432
vn -0.513279967 0.768177757 -0.382683432
vn -0.653281482 0.653281482 -0.382683432
vn -0.768177757 0.513279967 -0.382683432
vn -0.853553391 0.353553391 -0.382683432
vn -0.906127446 0.180239956 -0.382683432
vn -0.923879533 0.000000000 -0.382683432
vn -0.906127446 -0.180239956 -0.382683432
vn -0.853553391 -0.353553391 -0.382683432
vn -0.768177757 -0.513279967 -0.382683432
vn -0.653281482 -0.653281482 -0.382683432
vn -0.513279967 -0.768177757 -0.382683432
vn -0.353553391 -0.853553391 -0.382683432
vn -0.180239956 -0.906127446 -0.382683432
vn -0.000000000 -0.923879533 -0.382683432
vn 0.180239956 -0.906127446 -0.382683432
vn 0.353553391 -0.853553391 -0.382683432
vn 0.513279967 -0.768177757 -0.382683432
vn 0.653281482 -0.653281482 -0.382683432
vn 0.768177757 -0.513279967 -0.382683432
vn 0.853553391 -0.353553391 -0.382683432
vn 0.906127446 -0.180239956 -0.382683432
vn 0.831469612 0.000000000 -0.555570233
vn 0.815493157 0.162211674 -0.555570233
vn 0.768177757 0.318189645 -0.555570233
vn 0.691341716 0.461939766 -0.555570233
vn 0.587937801 0.587937801 -0.555570233
vn 0.461939766 0.691341716 -0.555570233
vn 0.318189645 0.768177757 -0.555570233
vn 0.162211674 0.815493157 -0.555570233
vn 0.000000000 0.831469612 -0.555570233
vn -0.162211674 0.815493157 -0.555570233
vn -0.318189645 0.768177757 -0.555570233
vn -0.461939766 0.691341716 -0.555570233
vn -0.587937801 0.587937801 -0.555570233
vn -0.691341716 0.461939766 -0.555570233
vn -0.768177757 0.318189645 -0.555570233
vn -0.815493157 0.162211674 -0.555570233
vn -0.831469612 0.000000000 -0.555570233
vn -0.815493157 -0.162211674 -0.555570233
vn -0.768177757 -0.318189645 -0.555570233
vn -0.691341716 -0.461939766 -0.555570233
vn -0.587937801 -0.587937801 -0.555570233
vn -0.461939766 -0.691341716 -0.555570233
vn -0.318189645 -0.768177757 -0.555570233
vn -0.162211674 -0.815493157 -0.555570233
vn -0.000000000 -0.831469612 -0.555570233
vn 0.162211674 -0.815493157 -0.555570233
vn 0.318189645 -0.768177757 -0.555570233
vn 0.461939766 -0.691341716 -0.555570233
vn 0.587937801 -0.587937801 -0.555570233
vn 0.691341716 -0.461939766 -0.555570233
vn 0.768177757 -0.318189645 -0.555570233
vn 0.815493157 -0.162211674 -0.555570233
vn 0.707106781 0.000000000 -0.707106781
vn 0.693519923 0.137949690 -0.707106781
vn 0.653281482 0.270598050 -0.707106781
vn 0.587937801 0.392847479 -0.707106781
vn 0.500000000 0.500000000 -0.707106781
vn 0.392847479 0.587937801 -0.707106781
vn 0.270598050 0.653281482 -0.707106781
vn 0.137949690 0.693519923 -0.707106781
vn 0.000000000 0.707106781 -0.707106781
vn -0.137949690 0.693519923 -0.707106781
vn -0.270598050 0.653281482 -0.707106781
vn -0.392847479 0.587937801 -0.707106781
vn -0.500000000 0.500000000 -0.707106781
vn -0.587937801 0.392847479 -0.707106781
vn -0.653281482 0.270598050 -0.707106781
vn -0.693519923 0.137949690 -0.707106781
vn -0.707106781 0.000000000 -0.707106781
vn -0.693519923 -0.137949690 -0.707106781
vn -0.653281482 -0.270598050 -0.707106781
vn -0.587937801 -0.392847479 -0.707106781
vn -0.500000000 -0.500000000 -0.707106781
vn -0.392847479 -0.587937801 -0.707106781
vn -0.270598050 -0.653281482 -0.707106781
vn -0.137949690 -0.693519923 -0.707106781
vn -0.000000000 -0.707106781 -0.707106781
vn 0.137949690 -0.693519923 -0.707106781
vn 0.270598050 -0.653281482 -0.707106781
vn 0.392847479 -0.587937801 -0.707106781
vn 0.500000000 -0.500000000 -0.707106781
vn 0.587937801 -0.392847479 -0.707106781
vn 0.653281482 -0.270598050 -0.707106781
vn 0.693519923 -0.137949690 -0.707106781
vn 0.555570233 0.000000000 -0.831469612
vn 0.544895107 0.108386376 -0.831469612
vn 0.513279967 0.212607524 -0.831469612
vn 0.461939766 0.308658284 -0.831469612
vn 0.392847479 0.392847479 -0.831469612
vn 0.308658284 0.461939766 -0.831469612
vn 0.212607524 0.513279967 -0.831469612
vn 0.108386376 0.544895107 -0.831469612
vn 0.000000000 0.555570233 -0.831469612
vn -0.108386376 0.544895107 -0.831469612
vn -0.212607524 0.513279967 -0.831469612
vn -0.308658284 0.461939766 -0.831469612
vn -0.392847479 0.392847479 -0.831469612
vn -0.461939766 0.308658284 -0.831469612
vn -0.513279967 0.212607524 -0.831469612
vn -0.544895107 0.108386376 -0.831469612
vn -0.555570233 0.000000000 -0.831469612
vn -0.544895107 -0.108386376 -0.831469612
vn -0.513279967 -0.212607524 -0.831469612
vn -0.461939766 -0.308658284 -0.831469612
vn -0.392847479 -0.392847479 -0.831469612
vn -0.308658284 -0.461939766 -0.831469612
vn -0.212607524 -0.513279967 -0.831469612
vn -0.108386376 -0.544895107 -0.831469612
vn -0.000000000 -0.555570233 -0.831469612
vn 0.108386376 -0.544895107 -0.831469612
vn 0.212607524 -0.513279967 -0.831469612
vn 0.308658284 -0.461939766 -0.831469612
vn 0.392847479 -0.392847479 -0.831469612
vn 0.461939766 -0.308658284 -0.831469612
vn 0.513279967 -0.212607524 -0.831469612
vn 0.544895107 -0.108386376 -0.831469612
vn 0.382683432 0.000000000 -0.923879533
vn 0.375330278 0.074657834 -0.923879533
vn 0.353553391 0.146446609 -0.923879533
vn 0.318189645 0.212607524 -0.923879533
vn 0.270598050 0.270598050 -0.923879533
vn 0.212607524 0.318189645 -0.923879533
vn 0.146446609 0.353553391 -0.923879533
vn 0.074657834 0.375330278 -0.923879533
vn 0.000000000 0.382683432 -0.923879533
vn -0.074657834 0.375330278 -0.923879533
vn -0.146446609 0.353553391 -0.923879533
vn -0.212607524 0.318189645 -0.923879533
vn -0.270598050 0.270598050 -0.923879533
vn -0.318189645 0.212607524 -0.923879533
vn -0.353553391 0.146446609 -0.923879533
vn -0.375330278 0.074657834 -0.923879533
vn -0.382683432 0.000000000 -0.923879533
vn -0.375330278 -0.074657834 -0.923879533
vn -0.353553391 -0.146446609 -0.923879533
vn -0.318189645 -0.212607524 -0.923879533
vn -0.270598050 -0.270598050 -0.923879533
vn -0.212607524 -0.318189645 -0.923879533
vn -0.146446609 -0.353553391 -0.923879533
vn -0.074657834 -0.375330278 -0.923879533
vn -0.000000000 -0.382683432 -0.923879533
vn 0.074657834 -0.375330278 -0.923879533
vn 0.146446609 -0.353553391 -0.923879533
vn 0.212607524 -0.318189645 -0.923879533
vn 0.270598050 -0.270598050 -0.923879533
vn 0.318189645 -0.212607524 -0.923879533
vn 0.353553391 -0.146446609 -0.923879533
vn 0.375330278 -0.074657834 -0.923879533
vn 0.195090322 0.000000000 -0.980785280
vn 0.191341716 0.038060234 -0.980785280
vn 0.180239956 0.074657834 -0.980785280
vn 0.162211674 0.108386376 -0.980785280
vn 0.137949690 0.137949690 -0.980785280
vn 0.108386376 0.162211674 -0.980785280
vn 0.074657834 0.180239956 -0.980785280
vn 0.038060234 0.191341716 -0.980785280
vn 0.000000000 0.195090322 -0.980785280
vn -0.038060234 0.191341716 -0.980785280
vn -0.074657834 0.180239956 -0.980785280
vn -0.108386376 0.162211674 -0.980785280
vn -0.137949690 0.137949690 -0.980785280
vn -0.162211674 0.108386376 -0.980785280
vn -0.180239956 0.074657834 -0.980785280
vn -0.191341716 0.038060234 -0.980785280
vn -0.195090322 0.000000000 -0.980785280
vn -0.191341716 -0.038060234 -0.980785280
vn -0.180239956 -0.074657834 -0.980785280
vn -0.162211674 -0.108386376 -0.980785280
vn -0.137949690 -0.137949690 -0.980785280
vn -0.108386376 -0.162211674 -0.980785280
vn -0.074657834 -0.180239956 -0.980785280
vn -0.038060234 -0.191341716 -0.980785280
vn -0.000000000 -0.195090322 -0.980785280
vn 0.038060234 -0.191341716 -0.980785280
vn 0.074657834 -0.180239956 -0.980785280
vn 0.108386376 -0.162211674 -0.980785280
vn 0.137949690 -0.137949690 -0.980785280
vn 0.162211674 -0.108386376 -0.980785280
vn 0.180239956 -0.074657834 -0.980785280
vn 0.191341716 -0.038060234 -0.980785280
vn 0.000000000 0.000000000 -1.000000000
vn -0.081417673 0.014047717 -0.996581068
vn -0.081417673 0.014047717 -0.996581068
vn -0.081417673 0.014047717 -0.996581068
vn -0.115186659 0.019874182 -0.993145030
vn -0.115186659 0.019874182 -0.993145030
vn -0.115186659 0.019874182 -0.993145030
vn 0.122328403 -0.013969935 -0.992391356
vn 0.122328403 -0.013969935 -0.992391356
vn 0.122328403 -0.013969935 -0.992391356
vn -0.201494347 0.010058271 -0.979438032
vn -0.201494347 0.010058271 -0.979438032
vn -0.201494347 0.010058271 -0.979438032
vn -0.347213989 0.099684425 -0.932472767
vn -0.347213989 0.099684425 -0.932472767
vn -0.347213989 0.099684425 -0.932472767
vn 0.289567238 -0.282501419 -0.914518323
vn 0.289567238 -0.282501419 -0.914518323
vn 0.289567238 -0.282501419 -0.914518323
vn 0.049090246 -0.218618785 -0.974574766
vn 0.049090246 -0.218618785 -0.974574766
vn 0.049090246 -0.218618785 -0.974574766
vn -0.345810776 0.045613628 -0.937194913
vn -0.345810776 0.045613628 -0.937194913
vn -0.345810776 0.045613628 -0.937194913
vn -0.464034166 0.094374824 -0.880775616
vn -0.464034166 0.094374824 -0.880775616
vn -0.464034166 0.094374824 -0.880775616
vn -0.362435747 0.037025512 -0.931273022
vn -0.362435747 0.037025512 -0.931273022
vn -0.362435747 0.037025512 -0.931273022
vn -0.441215227 0.111792919 -0.890410841
vn -0.441215227 0.111792919 -0.890410841
vn -0.441215227 0.111792919 -0.890410841
vn -0.383729917 0.109098495 -0.916978118
vn -0.383729917 0.109098495 -0.916978118
vn -0.383729917 0.109098495 -0.916978118
vn -0.618000701 0.143408828 -0.772987090
vn -0.618000701 0.143408828 -0.772987090
vn -0.618000701 0.143408828 -0.772987090
vn -0.579845961 0.129507685 -0.804367094
vn -0.579845961 0.129507685 -0.804367094
vn -0.579845961 0.129507685 -0.804367094
vn -0.410058603 0.066086071 -0.909661791
vn -0.410058603 0.066086071 -0.909661791
vn -0.410058603 0.066086071 -0.909661791
vn -0.617667537 0.314942720 -0.720623270
vn -0.617667537 0.314942720 -0.720623270
vn -0.617667537 0.314942720 -0.720623270
vn -0.571724732 0.273520585 -0.773509742
vn -0.571724732 0.273520585 -0.773509742
vn -0.571724732 0.273520585 -0.773509742
vn -0.170026661 -0.985439463 0.000000000
vn -0.170026661 -0.985439463 0.000000000
vn -0.170026661 -0.985439463 0.000000000
vn -0.141056006 -0.989995602 -0.003451241
vn -0.141056006 -0.989995602 -0.003451241
vn -0.141056006 -0.989995602 -0.003451241
vn -0.073800808 -0.997260760 0.004941330
vn -0.073800808 -0.997260760 0.004941330
vn -0.073800808 -0.997260760 0.004941330
vn -0.499447881 -0.861239697 0.093904198
vn -0.499447881 -0.861239697 0.093904198
vn -0.499447881 -0.861239697 0.093904198
vn -0.514092278 -0.851843097 0.100361689
vn -0.514092278 -0.851843097 0.100361689
vn -0.514092278 -0.851843097 0.100361689
vn -0.296968778 -0.934818234 0.194741915
vn -0.296968778 -0.934818234 0.194741915
vn -0.296968778 -0.934818234 0.194741915
vn -0.538670621 -0.827475428 0.158487788
vn -0.538670621 -0.827475428 0.158487788
vn -0.538670621 -0.827475428 0.158487788
vn -0.346198711 -0.934548121 0.082257291
vn -0.346198711 -0.934548121 0.082257291
vn -0.346198711 -0.934548121 0.082257291
vn -0.435704021 -0.890032012 0.134182800
vn -0.435704021 -0.890032012 0.134182800
vn -0.435704021 -0.890032012 0.134182800
vn -0.614096242 -0.761127782 0.208735011
vn -0.614096242 -0.761127782 0.208735011
vn -0.614096242 -0.761127782 0.208735011
vn -0.084750138 -0.992966500 -0.082673715
vn -0.084750138 -0.992966500 -0.082673715
vn -0.084750138 -0.992966500 -0.082673715
vn -0.171878978 -0.984082606 -0.045155740
vn -0.171878978 -0.984082606 -0.045155740
vn -0.171878978 -0.984082606 -0.045155740
vn -0.297167369 -0.952887711 0.060799376
vn -0.297167369 -0.952887711 0.060799376
vn -0.297167369 -0.952887711 0.060799376
vn -0.310139110 -0.948041444 0.070930622
vn -0.310139110 -0.948041444 0.070930622
vn -0.310139110 -0.948041444 0.070930622
vn -0.648168471 -0.722796700 0.239671783
vn -0.648168471 -0.722796700 0.239671783
vn -0.648168471 -0.722796700 0.239671783
vn -0.571905541 -0.808850019 0.136695644
vn -0.571905541 -0.808850019 0.136695644
vn -0.571905541 -0.808850019 0.136695644
vn -0.468842914 -0.882610016 0.034436647
vn -0.468842914 -0.882610016 0.034436647
vn -0.468842914 -0.882610016 0.034436647
vn -0.294291248 -0.664843603 -0.686568019
vn -0.294291248 -0.664843603 -0.686568019
vn -0.294291248 -0.664843603 -0.686568019
vn -0.295054360 -0.666567576 -0.684565988
vn -0.295054360 -0.666567576 -0.684565988
vn -0.295054360 -0.666567576 -0.684565988
vn -0.274094472 -0.617526359 -0.737247188
vn -0.274094472 -0.617526359 -0.737247188
vn -0.274094472 -0.617526359 -0.737247188
vn -0.278491646 -0.533911355 -0.798361490
vn -0.278491646 -0.533911355 -0.798361490
vn -0.278491646 -0.533911355 -0.798361490
vn -0.278492816 -0.571280544 -0.772062362
vn -0.278492816 -0.571280544 -0.772062362
vn -0.278492816 -0.571280544 -0.772062362
vn -0.305792085 -0.627667532 -0.715908283
vn -0.305792085 -0.627667532 -0.715908283
vn -0.305792085 -0.627667532 -0.715908283
vn -0.289641791 -0.607474989 -0.739649762
vn -0.289641791 -0.607474989 -0.739649762
vn -0.289641791 -0.607474989 -0.739649762
vn -0.284353271 -0.584837799 -0.759676225
vn -0.284353271 -0.584837799 -0.759676225
vn -0.284353271 -0.584837799 -0.759676225
vn -0.284489424 -0.593137583 -0.753162383
vn -0.284489424 -0.593137583 -0.753162383
vn -0.284489424 -0.593137583 -0.753162383
vn -0.914420408 0.404765756 0.000000000
vn -0.914420408 0.404765756 0.000000000
vn -0.914420408 0.404765756 0.000000000
vn -0.916912516 0.399032742 0.006656404
vn -0.916912516 0.399032742 0.006656404
vn -0.916912516 0.399032742 0.006656404
vn -0.960029785 0.130496236 0.247615717
vn -0.960029785 0.130496236 0.247615717
vn -0.960029785 0.130496236 0.247615717
vn -0.960417393 0.160341740 0.227791480
vn -0.960417393 0.160341740 0.227791480
vn -0.960417393 0.160341740 0.227791480
vn -0.899561441 0.436792363 0.001282824
vn -0.899561441 0.436792363 0.001282824
vn -0.899561441 0.436792363 0.001282824
vn -0.836458192 0.536276794 -0.112893284
vn -0.836458192 0.536276794 -0.112893284
vn -0.836458192 0.536276794 -0.112893284
vn -0.942287544 0.316565363 0.108997955
vn -0.942287544 0.316565363 0.108997955
vn -0.942287544 0.316565363 0.108997955
vn -0.958611362 0.185346443 0.216127167
vn -0.958611362 0.185346443 0.216127167
vn -0.958611362 0.185346443 0.216127167
vn -0.953591198 0.255913407 0.158657354
vn -0.953591198 0.255913407 0.158657354
vn -0.953591198 0.255913407 0.158657354
vn 0.072170223 -0.387053410 -0.919228544
vn 0.072170223 -0.387053410 -0.919228544
vn 0.072170223 -0.387053410 -0.919228544
vn 0.052455532 -0.281322291 -0.958178577
vn 0.052455532 -0.281322291 -0.958178577
vn 0.052455532 -0.281322291 -0.958178577
vn 0.062541830 -0.312515754 -0.947851477
vn 0.062541830 -0.312515754 -0.947851477
vn 0.062541830 -0.312515754 -0.947851477
vn 0.038138192 -0.553972929 -0.831660672
vn 0.038138192 -0.553972929 -0.831660672
vn 0.038138192 -0.553972929 -0.831660672
vn 0.041420137 -0.464764787 -0.884464846
vn 0.041420137 -0.464764787 -0.884464846
vn 0.041420137 -0.464764787 -0.884464846
vn -0.004052916 -0.180610133 -0.983546417
vn -0.004052916 -0.180610133 -0.983546417
vn -0.004052916 -0.180610133 -0.983546417
vn -0.003780322 -0.198418852 -0.980110029
vn -0.003780322 -0.198418852 -0.980110029
vn -0.003780322 -0.198418852 -0.980110029
vn 0.006875236 -0.284006437 -0.958797724
vn 0.006875236 -0.284006437 -0.958797724
vn 0.006875236 -0.284006437 -0.958797724
vn -0.002694746 -0.236376505 -0.971657803
vn -0.002694746 -0.236376505 -0.971657803
vn -0.002694746 -0.236376505 -0.971657803
vn -0.983056765 -0.183301384 0.000000000
vn -0.983056765 -0.183301384 0.000000000
vn -0.983056765 -0.183301384 0.000000000
vn -0.954243887 -0.296979568 0.034953403
vn -0.954243887 -0.296979568 0.034953403
vn -0.954243887 -0.296979568 0.034953403
vn -0.994581933 0.059500957 -0.085243271
vn -0.994581933 0.059500957 -0.085243271
vn -0.994581933 0.059500957 -0.085243271
vn -0.998705186 0.006908949 -0.050400581
vn -0.998705186 0.006908949 -0.050400581
vn -0.998705186 0.006908949 -0.050400581
vn -0.988594537 -0.147348789 0.031131602
vn -0.988594537 -0.147348789 0.031131602
vn -0.988594537 -0.147348789 0.031131602
vn -0.999879404 -0.014013344 0.006693512
vn -0.999879404 -0.014013344 0.006693512
vn -0.999879404 -0.014013344 0.006693512
vn -0.992780221 -0.116760463 0.027466821
vn -0.992780221 -0.116760463 0.027466821
vn -0.992780221 -0.116760463 0.027466821
vn -0.981698936 -0.184399514 0.047581712
vn -0.981698936 -0.184399514 0.047581712
vn -0.981698936 -0.184399514 0.047581712
vn -0.943358910 -0.321761573 0.080891635
vn -0.943358910 -0.321761573 0.080891635
vn -0.943358910 -0.321761573 0.080891635
vn 0.579085471 0.367773657 -0.727600546
vn 0.579085471 0.367773657 -0.727600546
vn 0.579085471 0.367773657 -0.727600546
vn 0.592272361 0.376148570 -0.712548738
vn 0.592272361 0.376148570 -0.712548738
vn 0.592272361 0.376148570 -0.712548738
vn 0.626978336 0.415644238 -0.658891520
vn 0.626978336 0.415644238 -0.658891520
vn 0.626978336 0.415644238 -0.658891520
vn 0.488793532 0.294019125 -0.821360845
vn 0.488793532 0.294019125 -0.821360845
vn 0.488793532 0.294019125 -0.821360845
vn 0.561632990 0.349451677 -0.749967939
vn 0.561632990 0.349451677 -0.749967939
vn 0.561632990 0.349451677 -0.749967939
vn 0.729226994 0.450311899 -0.515215668
vn 0.729226994 0.450311899 -0.515215668
vn 0.729226994 0.450311899 -0.515215668
vn 0.686146547 0.436889723 -0.581661660
vn 0.686146547 0.436889723 -0.581661660
vn 0.686146547 0.436889723 -0.581661660
vn 0.267210235 0.184902535 -0.945732384
vn 0.267210235 0.184902535 -0.945732384
vn 0.267210235 0.184902535 -0.945732384
vn 0.187641997 0.137994478 -0.972495761
vn 0.187641997 0.137994478 -0.972495761
vn 0.187641997 0.137994478 -0.972495761
vn -0.108175297 -0.175876779 -0.978450542
vn -0.108175297 -0.175876779 -0.978450542
vn -0.108175297 -0.175876779 -0.978450542
vn -0.173644499 -0.214383670 -0.961190527
vn -0.173644499 -0.214383670 -0.961190527
vn -0.173644499 -0.214383670 -0.961190527
vn 0.509371224 -0.001100711 -0.860546190
vn 0.509371224 -0.001100711 -0.860546190
vn 0.509371224 -0.001100711 -0.860546190
vn 0.283760005 -0.067009026 -0.956551123
vn 0.283760005 -0.067009026 -0.956551123
vn 0.283760005 -0.067009026 -0.956551123
vn 0.128110789 -0.139698049 -0.981871723
vn 0.128110789 -0.139698049 -0.981871723
vn 0.128110789 -0.139698049 -0.981871723
vn 0.047770365 -0.175881683 -0.983251558
vn 0.047770365 -0.175881683 -0.983251558
vn 0.047770365 -0.175881683 -0.983251558
vn -0.065487213 -0.209970381 -0.975512104
vn -0.065487213 -0.209970381 -0.975512104
vn -0.065487213 -0.209970381 -0.975512104
vn -0.018037868 -0.182835207 -0.982978089
vn -0.018037868 -0.182835207 -0.982978089
vn -0.018037868 -0.182835207 -0.982978089
vn 0.536112379 -0.844146621 -0.000000000
vn 0.536112379 -0.844146621 -0.000000000
vn 0.536112379 -0.844146621 -0.000000000
vn 0.643739077 -0.752753081 0.137705483
vn 0.643739077 -0.752753081 0.137705483
vn 0.643739077 -0.752753081 0.137705483
vn 0.606011082 -0.791697475 0.077237792
vn 0.606011082 -0.791697475 0.077237792
vn 0.606011082 -0.791697475 0.077237792
vn 0.574013803 -0.817378016 0.049003389
vn 0.574013803 -0.817378016 0.049003389
vn 0.574013803 -0.817378016 0.049003389
vn 0.522148541 -0.852830870 -0.006356713
vn 0.522148541 -0.852830870 -0.006356713
vn 0.522148541 -0.852830870 -0.006356713
vn 0.459000424 -0.880326324 -0.119767165
vn 0.459000424 -0.880326324 -0.119767165
vn 0.459000424 -0.880326324 -0.119767165
vn 0.526447945 -0.850028332 -0.017446917
vn 0.526447945 -0.850028332 -0.017446917
vn 0.526447945 -0.850028332 -0.017446917
vn 0.513368430 -0.857868687 -0.022675332
vn 0.513368430 -0.857868687 -0.022675332
vn 0.513368430 -0.857868687 -0.022675332
vn 0.726649663 -0.685666700 0.042912038
vn 0.726649663 -0.685666700 0.042912038
vn 0.726649663 -0.685666700 0.042912038
vn 0.523089699 -0.847031030 0.094422458
vn 0.523089699 -0.847031030 0.094422458
vn 0.523089699 -0.847031030 0.094422458
vn 0.272240261 -0.948433230 0.162356545
vn 0.272240261 -0.948433230 0.162356545
vn 0.272240261 -0.948433230 0.162356545
vn 0.224793076 -0.965107990 0.134293116
vn 0.224793076 -0.965107990 0.134293116
vn 0.224793076 -0.965107990 0.134293116
vn 0.392135651 -0.902218800 0.179529576
vn 0.392135651 -0.902218800 0.179529576
vn 0.392135651 -0.902218800 0.179529576
vn 0.401360545 -0.898031304 0.180137419
vn 0.401360545 -0.898031304 0.180137419
vn 0.401360545 -0.898031304 0.180137419
vn 0.294782636 -0.938049214 0.182117737
vn 0.294782636 -0.938049214 0.182117737
vn 0.294782636 -0.938049214 0.182117737
vn 0.508429561 -0.848212985 0.148438925
vn 0.508429561 -0.848212985 0.148438925
vn 0.508429561 -0.848212985 0.148438925
vn 0.426812818 -0.890466886 0.157795891
vn 0.426812818 -0.890466886 0.157795891
vn 0.426812818 -0.890466886 0.157795891
vn 0.051175798 -0.118672854 -0.991613731
vn 0.051175798 -0.118672854 -0.991613731
vn 0.051175798 -0.118672854 -0.991613731
vn 0.095023383 -0.220352131 -0.970780869
vn 0.095023383 -0.220352131 -0.970780869
vn 0.095023383 -0.220352131 -0.970780869
vn 0.129562502 -0.282290484 -0.950539658
vn 0.129562502 -0.282290484 -0.950539658
vn 0.129562502 -0.282290484 -0.950539658
vn 0.056728535 -0.153601671 -0.986503117
vn 0.056728535 -0.153601671 -0.986503117
vn 0.056728535 -0.153601671 -0.986503117
vn 0.034270198 0.468282676 -0.882913863
vn 0.034270198 0.468282676 -0.882913863
vn 0.034270198 0.468282676 -0.882913863
vn 0.221011356 0.194269827 -0.955726538
vn 0.221011356 0.194269827 -0.955726538
vn 0.221011356 0.194269827 -0.955726538
vn 0.462685106 -0.191649506 -0.865559333
vn 0.462685106 -0.191649506 -0.865559333
vn 0.462685106 -0.191649506 -0.865559333
vn 0.410579679 0.158907667 -0.897871194
vn 0.410579679 0.158907667 -0.897871194
vn 0.410579679 0.158907667 -0.897871194
vn 0.477067160 -0.000332738 -0.878866778
vn 0.477067160 -0.000332738 -0.878866778
vn 0.477067160 -0.000332738 -0.878866778
vn -0.918257398 -0.395984028 -0.000000000
vn -0.918257398 -0.395984028 -0.000000000
vn -0.918257398 -0.395984028 -0.000000000
vn -0.876379528 -0.481051949 0.023408243
vn -0.876379528 -0.481051949 0.023408243
vn -0.876379528 -0.481051949 0.023408243
vn -0.873048489 -0.486960071 0.025616867
vn -0.873048489 -0.486960071 0.025616867
vn -0.873048489 -0.486960071 0.025616867
vn -0.998215268 -0.027192538 -0.053168074
vn -0.998215268 -0.027192538 -0.053168074
vn -0.998215268 -0.027192538 -0.053168074
vn -0.825023355 -0.485345011 -0.289442023
vn -0.825023355 -0.485345011 -0.289442023
vn -0.825023355 -0.485345011 -0.289442023
vn -0.778088875 -0.555692671 -0.292887961
vn -0.778088875 -0.555692671 -0.292887961
vn -0.778088875 -0.555692671 -0.292887961
vn -0.884127523 -0.171475513 -0.434643155
vn -0.884127523 -0.171475513 -0.434643155
vn -0.884127523 -0.171475513 -0.434643155
vn -0.809230075 -0.390283306 -0.439119149
vn -0.809230075 -0.390283306 -0.439119149
vn -0.809230075 -0.390283306 -0.439119149
vn -0.836660890 -0.306341926 -0.454040946
vn -0.836660890 -0.306341926 -0.454040946
vn -0.836660890 -0.306341926 -0.454040946
vn -0.049424273 -0.960187208 -0.274950482
vn -0.049424273 -0.960187208 -0.274950482
vn -0.049424273 -0.960187208 -0.274950482
vn -0.020291492 -0.993401080 -0.112882906
vn -0.020291492 -0.993401080 -0.112882906
vn -0.020291492 -0.993401080 -0.112882906
vn -0.036852565 -0.981770469 -0.186463494
vn -0.036852565 -0.981770469 -0.186463494
vn -0.036852565 -0.981770469 -0.186463494
vn -0.030202898 -0.985826254 -0.165028425
vn -0.030202898 -0.985826254 -0.165028425
vn -0.030202898 -0.985826254 -0.165028425
vn -0.066040275 -0.968531339 -0.239970263
vn -0.066040275 -0.968531339 -0.239970263
vn -0.066040275 -0.968531339 -0.239970263
vn -0.150542327 -0.919404493 -0.363362610
vn -0.150542327 -0.919404493 -0.363362610
vn -0.150542327 -0.919404493 -0.363362610
vn -0.134526238 -0.945889418 -0.295289519
vn -0.134526238 -0.945889418 -0.295289519
vn -0.134526238 -0.945889418 -0.295289519
vn -0.143388308 -0.903897495 -0.403000139
vn -0.143388308 -0.903897495 -0.403000139
vn -0.143388308 -0.903897495 -0.403000139
vn -0.121738318 -0.936582791 -0.328622059
vn -0.121738318 -0.936582791 -0.328622059
vn -0.121738318 -0.936582791 -0.328622059
vn -0.984224996 0.000000000 0.176921330
vn -0.984224996 0.000000000 0.176921330
vn -0.984224996 0.000000000 0.176921330
vn -0.975749275 -0.004935954 0.218835528
vn -0.975749275 -0.004935954 0.218835528
vn -0.975749275 -0.004935954 0.218835528
vn -0.955961391 -0.019731880 0.292828401
vn -0.955961391 -0.019731880 0.292828401
vn -0.955961391 -0.019731880 0.292828401
vn -0.905149453 -0.043063846 0.422906577
vn -0.905149453 -0.043063846 0.422906577
vn -0.905149453 -0.043063846 0.422906577
vn -0.836682078 -0.077291257 0.542207674
vn -0.836682078 -0.077291257 0.542207674
vn -0.836682078 -0.077291257 0.542207674
vn -0.966324487 0.059258973 0.250410384
vn -0.966324487 0.059258973 0.250410384
vn -0.966324487 0.059258973 0.250410384
vn -0.987311390 0.102574022 0.121222063
vn -0.987311390 0.102574022 0.121222063
vn -0.987311390 0.102574022 0.121222063
vn -0.957126195 0.023094138 0.288749212
vn -0.957126195 0.023094138 0.288749212
vn -0.957126195 0.023094138 0.288749212
vn -0.937376349 -0.000374087 0.348318016
vn -0.937376349 -0.000374087 0.348318016
vn -0.937376349 -0.000374087 0.348318016
vn 0.027914771 -0.057607037 -0.997948994
vn 0.027914771 -0.057607037 -0.997948994
vn 0.027914771 -0.057607037 -0.997948994
vn 0.116373478 -0.240157136 -0.963733243
vn 0.116373478 -0.240157136 -0.963733243
vn 0.116373478 -0.240157136 -0.963733243
vn 0.068729348 -0.030865005 -0.997157775
vn 0.068729348 -0.030865005 -0.997157775
vn 0.068729348 -0.030865005 -0.997157775
vn 0.035922498 0.048019588 -0.998200227
vn 0.035922498 0.048019588 -0.998200227
vn 0.035922498 0.048019588 -0.998200227
vn 0.168638112 -0.218761012 -0.961095628
vn 0.168638112 -0.218761012 -0.961095628
vn 0.168638112 -0.218761012 -0.961095628
vn 0.150134514 -0.294210190 -0.943874987
vn 0.150134514 -0.294210190 -0.943874987
vn 0.150134514 -0.294210190 -0.943874987
vn 0.248535466 0.035138089 -0.967985246
vn 0.248535466 0.035138089 -0.967985246
vn 0.248535466 0.035138089 -0.967985246
vn 0.220282649 0.520271755 -0.825101725
vn 0.220282649 0.520271755 -0.825101725
vn 0.220282649 0.520271755 -0.825101725
vn 0.275265259 0.128961990 -0.952679297
vn 0.275265259 0.128961990 -0.952679297
vn 0.275265259 0.128961990 -0.952679297
vn 0.297063320 -0.396583094 -0.868605338
vn 0.297063320 -0.396583094 -0.868605338
vn 0.297063320 -0.396583094 -0.868605338
vn -0.249865401 0.412421778 -0.876056824
vn -0.249865401 0.412421778 -0.876056824
vn -0.249865401 0.412421778 -0.876056824
vn -0.413747619 0.580862372 -0.701007712
vn -0.413747619 0.580862372 -0.701007712
vn -0.413747619 0.580862372 -0.701007712
vn -0.372973766 0.173003787 -0.911570217
vn -0.372973766 0.173003787 -0.911570217
vn -0.372973766 0.173003787 -0.911570217
vn -0.396131306 0.051535956 -0.916746439
vn -0.396131306 0.051535956 -0.916746439
vn -0.396131306 0.051535956 -0.916746439
vn -0.342335820 0.382969874 -0.857986166
vn -0.342335820 0.382969874 -0.857986166
vn -0.342335820 0.382969874 -0.857986166
vn -0.310341082 0.542185427 -0.780847857
vn -0.310341082 0.542185427 -0.780847857
vn -0.310341082 0.542185427 -0.780847857
vn -0.328791963 0.455288066 -0.827410794
vn -0.328791963 0.455288066 -0.827410794
vn -0.328791963 0.455288066 -0.827410794
vn 0.899911679 0.436072208 0.000000000
vn 0.899911679 0.436072208 0.000000000
vn 0.899911679 0.436072208 0.000000000
vn 0.971200138 0.230638464 0.059801263
vn 0.971200138 0.230638464 0.059801263
vn 0.971200138 0.230638464 0.059801263
vn 0.921858569 0.384068910 0.051651254
vn 0.921858569 0.384068910 0.051651254
vn 0.921858569 0.384068910 0.051651254
vn 0.891035617 0.450739993 0.053749310
vn 0.891035617 0.450739993 0.053749310
vn 0.891035617 0.450739993 0.053749310
vn 0.959416322 -0.187147319 0.210941230
vn 0.959416322 -0.187147319 0.210941230
vn 0.959416322 -0.187147319 0.210941230
vn 0.936749882 -0.262968852 0.230969786
vn 0.936749882 -0.262968852 0.230969786
vn 0.936749882 -0.262968852 0.230969786
vn 0.968594462 -0.016659415 0.248087145
vn 0.968594462 -0.016659415 0.248087145
vn 0.968594462 -0.016659415 0.248087145
vn 0.958284662 0.042500143 0.282638009
vn 0.958284662 0.042500143 0.282638009
vn 0.958284662 0.042500143 0.282638009
vn 0.954035105 0.085520719 0.287233746
vn 0.954035105 0.085520719 0.287233746
vn 0.954035105 0.085520719 0.287233746
vn 0.828014189 0.560033141 0.027484252
vn 0.828014189 0.560033141 0.027484252
vn 0.828014189 0.560033141 0.027484252
vn 0.758107985 0.646168043 0.087972396
vn 0.758107985 0.646168043 0.087972396
vn 0.758107985 0.646168043 0.087972396
vn 0.910364429 0.258026305 -0.323510483
vn 0.910364429 0.258026305 -0.323510483
vn 0.910364429 0.258026305 -0.323510483
vn 0.903626298 -0.155263036 -0.399190309
vn 0.903626298 -0.155263036 -0.399190309
vn 0.903626298 -0.155263036 -0.399190309
vn 0.913609212 -0.077526262 -0.399133920
vn 0.913609212 -0.077526262 -0.399133920
vn 0.913609212 -0.077526262 -0.399133920
vn 0.927882733 -0.005829548 -0.372826568
vn 0.927882733 -0.005829548 -0.372826568
vn 0.927882733 -0.005829548 -0.372826568
vn 0.929396722 0.000429866 -0.369082035
vn 0.929396722 0.000429866 -0.369082035
vn 0.929396722 0.000429866 -0.369082035
vn 0.918744481 -0.048632845 -0.391846176
vn 0.918744481 -0.048632845 -0.391846176
vn 0.918744481 -0.048632845 -0.391846176
vn 0.049586811 -0.962756780 0.265782864
vn 0.049586811 -0.962756780 0.265782864
vn 0.049586811 -0.962756780 0.265782864
vn 0.030242971 -0.986310642 0.162100836
vn 0.030242971 -0.986310642 0.162100836
vn 0.030242971 -0.986310642 0.162100836
vn 0.132770130 -0.753765253 0.643591513
vn 0.132770130 -0.753765253 0.643591513
vn 0.132770130 -0.753765253 0.643591513
vn 0.092075970 -0.789068494 0.607365563
vn 0.092075970 -0.789068494 0.607365563
vn 0.092075970 -0.789068494 0.607365563
vn -0.179856117 -0.978393601 0.101969299
vn -0.179856117 -0.978393601 0.101969299
vn -0.179856117 -0.978393601 0.101969299
vn -0.207358274 -0.978252374 -0.004983834
vn -0.207358274 -0.978252374 -0.004983834
vn -0.207358274 -0.978252374 -0.004983834
vn 0.050799847 -0.954852658 0.292704249
vn 0.050799847 -0.954852658 0.292704249
vn 0.050799847 -0.954852658 0.292704249
vn 0.059719421 -0.951037215 0.303252052
vn 0.059719421 -0.951037215 0.303252052
vn 0.059719421 -0.951037215 0.303252052
vn 0.212286448 -0.805343769 0.553494244
vn 0.212286448 -0.805343769 0.553494244
vn 0.212286448 -0.805343769 0.553494244
vn -0.983037584 0.000000000 0.183404219
vn -0.983037584 0.000000000 0.183404219
vn -0.983037584 0.000000000 0.183404219
vn -0.978449122 0.003928397 0.206450680
vn -0.978449122 0.003928397 0.206450680
vn -0.978449122 0.003928397 0.206450680
vn -0.770992433 0.329510887 0.544970864
vn -0.770992433 0.329510887 0.544970864
vn -0.770992433 0.329510887 0.544970864
vn -0.891855082 0.205920853 0.402729581
vn -0.891855082 0.205920853 0.402729581
vn -0.891855082 0.205920853 0.402729581
vn -0.948883877 0.199888666 0.244261969
vn -0.948883877 0.199888666 0.244261969
vn -0.948883877 0.199888666 0.244261969
vn -0.752257457 0.156193556 0.640087721
vn -0.752257457 0.156193556 0.640087721
vn -0.752257457 0.156193556 0.640087721
vn -0.780742278 0.144794436 0.607845430
vn -0.780742278 0.144794436 0.607845430
vn -0.780742278 0.144794436 0.607845430
vn -0.873903691 0.097006133 0.476321476
vn -0.873903691 0.097006133 0.476321476
vn -0.873903691 0.097006133 0.476321476
vn -0.950508449 -0.038676295 0.308282066
vn -0.950508449 -0.038676295 0.308282066
vn -0.950508449 -0.038676295 0.308282066
vn -0.296726695 -0.335166376 -0.894212932
vn -0.296726695 -0.335166376 -0.894212932
vn -0.296726695 -0.335166376 -0.894212932
vn -0.307649252 -0.347503903 -0.885772530
vn -0.307649252 -0.347503903 -0.885772530
vn -0.307649252 -0.347503903 -0.885772530
vn -0.297999825 -0.341737148 -0.891297832
vn -0.297999825 -0.341737148 -0.891297832
vn -0.297999825 -0.341737148 -0.891297832
vn -0.322542469 -0.353806960 -0.877944754
vn -0.322542469 -0.353806960 -0.877944754
vn -0.322542469 -0.353806960 -0.877944754
vn -0.172984668 -0.087553334 -0.981025340
vn -0.172984668 -0.087553334 -0.981025340
vn -0.172984668 -0.087553334 -0.981025340
vn -0.399128229 -0.191599419 -0.896652842
vn -0.399128229 -0.191599419 -0.896652842
vn -0.399128229 -0.191599419 -0.896652842
vn -0.589525283 -0.251878072 -0.767474675
vn -0.589525283 -0.251878072 -0.767474675
vn -0.589525283 -0.251878072 -0.767474675
vn -0.348757420 -0.009338841 -0.937166500
vn -0.348757420 -0.009338841 -0.937166500
vn -0.348757420 -0.009338841 -0.937166500
vn -0.353775131 -0.012748472 -0.935243622
vn -0.353775131 -0.012748472 -0.935243622
vn -0.353775131 -0.012748472 -0.935243622
vn 0.748737794 -0.662866288 0.000000000
vn 0.748737794 -0.662866288 0.000000000
vn 0.748737794 -0.662866288 0.000000000
vn 0.561100359 -0.818091186 0.126068229
vn 0.561100359 -0.818091186 0.126068229
vn 0.561100359 -0.818091186 0.126068229
vn 0.503450190 -0.849564492 0.157410545
vn 0.503450190 -0.849564492 0.157410545
vn 0.503450190 -0.849564492 0.157410545
vn 0.849508147 -0.517298128 -0.103626996
vn 0.849508147 -0.517298128 -0.103626996
vn 0.849508147 -0.517298128 -0.103626996
vn 0.420089530 -0.907456334 0.006912950
vn 0.420089530 -0.907456334 0.006912950
vn 0.420089530 -0.907456334 0.006912950
vn 0.333670145 -0.941221493 0.052595961
vn 0.333670145 -0.941221493 0.052595961
vn 0.333670145 -0.941221493 0.052595961
vn 0.611085173 -0.760426786 -0.219831784
vn 0.611085173 -0.760426786 -0.219831784
vn 0.611085173 -0.760426786 -0.219831784
vn 0.504928823 -0.844292521 -0.179491009
vn 0.504928823 -0.844292521 -0.179491009
vn 0.504928823 -0.844292521 -0.179491009
vn 0.582331820 -0.785473874 -0.209572051
vn 0.582331820 -0.785473874 -0.209572051
vn 0.582331820 -0.785473874 -0.209572051
vn 0.551743358 -0.064946127 -0.831481369
vn 0.551743358 -0.064946127 -0.831481369
vn 0.551743358 -0.064946127 -0.831481369
vn 0.505745162 -0.059531644 -0.860626408
vn 0.505745162 -0.059531644 -0.860626408
vn 0.505745162 -0.059531644 -0.860626408
vn 0.526732541 -0.068283044 -0.847284047
vn 0.526732541 -0.068283044 -0.847284047
vn 0.526732541 -0.068283044 -0.847284047
vn 0.279657180 0.056145506 -0.958456856
vn 0.279657180 0.056145506 -0.958456856
vn 0.279657180 0.056145506 -0.958456856
vn -0.032744234 -0.003858611 -0.999456315
vn -0.032744234 -0.003858611 -0.999456315
vn -0.032744234 -0.003858611 -0.999456315
vn 0.086339983 0.002219412 -0.996263259
vn 0.086339983 0.002219412 -0.996263259
vn 0.086339983 0.002219412 -0.996263259
vn 0.311544679 -0.074980611 -0.947268611
vn 0.311544679 -0.074980611 -0.947268611
vn 0.311544679 -0.074980611 -0.947268611
vn 0.227362874 0.002215828 -0.973807585
vn 0.227362874 0.002215828 -0.973807585
vn 0.227362874 0.002215828 -0.973807585
vn 0.211903904 0.012726806 -0.977207636
vn 0.211903904 0.012726806 -0.977207636
vn 0.211903904 0.012726806 -0.977207636
vn 0.653586139 0.138346259 -0.744100445
vn 0.653586139 0.138346259 -0.744100445
vn 0.653586139 0.138346259 -0.744100445
vn 0.450013983 0.286909080 -0.845677595
vn 0.450013983 0.286909080 -0.845677595
vn 0.450013983 0.286909080 -0.845677595
vn 0.144355405 0.676097898 -0.722532455
vn 0.144355405 0.676097898 -0.722532455
vn 0.144355405 0.676097898 -0.722532455
vn 0.117101972 0.686611795 -0.717531442
vn 0.117101972 0.686611795 -0.717531442
vn 0.117101972 0.686611795 -0.717531442
vn 0.407881779 0.573936137 -0.710091378
vn 0.407881779 0.573936137 -0.710091378
vn 0.407881779 0.573936137 -0.710091378
vn 0.387496756 0.592445616 -0.706296295
vn 0.387496756 0.592445616 -0.706296295
vn 0.387496756 0.592445616 -0.706296295
vn 0.352484532 0.616776060 -0.703805333
vn 0.352484532 0.616776060 -0.703805333
vn 0.352484532 0.616776060 -0.703805333
vn 0.392500775 0.588455826 -0.706868363
vn 0.392500775 0.588455826 -0.706868363
vn 0.392500775 0.588455826 -0.706868363
vn 0.116903642 0.993143262 0.000000000
vn 0.116903642 0.993143262 0.000000000
vn 0.116903642 0.993143262 0.000000000
vn 0.315832611 0.941132308 0.120497884
vn 0.315832611 0.941132308 0.120497884
vn 0.315832611 0.941132308 0.120497884
vn 0.383357483 0.908726059 0.165087824
vn 0.383357483 0.908726059 0.165087824
vn 0.383357483 0.908726059 0.165087824
vn -0.188928886 0.981987843 0.002398527
vn -0.188928886 0.981987843 0.002398527
vn -0.188928886 0.981987843 0.002398527
vn -0.050914722 0.998700608 -0.002187623
vn -0.050914722 0.998700608 -0.002187623
vn -0.050914722 0.998700608 -0.002187623
vn 0.318344375 0.947509781 0.029699743
vn 0.318344375 0.947509781 0.029699743
vn 0.318344375 0.947509781 0.029699743
vn 0.641688190 0.751847474 0.151530999
vn 0.641688190 0.751847474 0.151530999
vn 0.641688190 0.751847474 0.151530999
vn 0.538331762 0.833019316 0.127584223
vn 0.538331762 0.833019316 0.127584223
vn 0.538331762 0.833019316 0.127584223
vn -0.252651838 0.966636654 -0.042197495
vn -0.252651838 0.966636654 -0.042197495
vn -0.252651838 0.966636654 -0.042197495
vn 0.358445232 0.809319967 0.465315170
vn 0.358445232 0.809319967 0.465315170
vn 0.358445232 0.809319967 0.465315170
vn 0.739112544 0.411822597 0.533024199
vn 0.739112544 0.411822597 0.533024199
vn 0.739112544 0.411822597 0.533024199
vn 0.370460034 0.640152160 0.673026429
vn 0.370460034 0.640152160 0.673026429
vn 0.370460034 0.640152160 0.673026429
vn 0.245814133 0.679981478 0.690797077
vn 0.245814133 0.679981478 0.690797077
vn 0.245814133 0.679981478 0.690797077
vn 0.551290859 0.465141619 0.692619422
vn 0.551290859 0.465141619 0.692619422
vn 0.551290859 0.465141619 0.692619422
vn 0.437019341 0.556542251 0.706593814
vn 0.437019341 0.556542251 0.706593814
vn 0.437019341 0.556542251 0.706593814
vn 0.444380630 0.551556717 0.705911499
vn 0.444380630 0.551556717 0.705911499
vn 0.444380630 0.551556717 0.705911499
vn 0.620620299 0.397757377 0.675736275
vn 0.620620299 0.397757377 0.675736275
vn 0.620620299 0.397757377 0.675736275
vn 0.096967714 0.244761357 -0.964722313
vn 0.096967714 0.244761357 -0.964722313
vn 0.096967714 0.244761357 -0.964722313
vn 0.108453157 0.273752376 -0.955666024
vn 0.108453157 0.273752376 -0.955666024
vn 0.108453157 0.273752376 -0.955666024
vn -0.085976986 -0.098807328 -0.991385429
vn -0.085976986 -0.098807328 -0.991385429
vn -0.085976986 -0.098807328 -0.991385429
vn -0.007905793 0.153686957 -0.988087961
vn -0.007905793 0.153686957 -0.988087961
vn -0.007905793 0.153686957 -0.988087961
vn 0.265061068 0.556071807 -0.787735219
vn 0.265061068 0.556071807 -0.787735219
vn 0.265061068 0.556071807 -0.787735219
vn -0.120522000 0.150867135 -0.981179675
vn -0.120522000 0.150867135 -0.981179675
vn -0.120522000 0.150867135 -0.981179675
vn -0.175528487 0.060918857 -0.982587728
vn -0.175528487 0.060918857 -0.982587728
vn -0.175528487 0.060918857 -0.982587728
vn -0.134863872 0.131352915 -0.982119213
vn -0.134863872 0.131352915 -0.982119213
vn -0.134863872 0.131352915 -0.982119213
vn -0.157972603 0.063187690 -0.985419694
vn -0.157972603 0.063187690 -0.985419694
vn -0.157972603 0.063187690 -0.985419694
vn 0.929698672 -0.368321028 0.000000000
vn 0.929698672 -0.368321028 0.000000000
vn 0.929698672 -0.368321028 0.000000000
vn 0.887325942 -0.460093093 -0.031096928
vn 0.887325942 -0.460093093 -0.031096928
vn 0.887325942 -0.460093093 -0.031096928
vn 0.954205958 -0.294342735 -0.053416695
vn 0.954205958 -0.294342735 -0.053416695
vn 0.954205958 -0.294342735 -0.053416695
vn 0.844289626 -0.528453210 -0.088950729
vn 0.844289626 -0.528453210 -0.088950729
vn 0.844289626 -0.528453210 -0.088950729
vn 0.754876684 -0.627960364 -0.189280143
vn 0.754876684 -0.627960364 -0.189280143
vn 0.754876684 -0.627960364 -0.189280143
vn 0.840173483 -0.510949809 -0.181765814
vn 0.840173483 -0.510949809 -0.181765814
vn 0.840173483 -0.510949809 -0.181765814
vn 0.851990156 -0.490675850 -0.182619780
vn 0.851990156 -0.490675850 -0.182619780
vn 0.851990156 -0.490675850 -0.182619780
vn 0.935771826 -0.309013642 -0.169828318
vn 0.935771826 -0.309013642 -0.169828318
vn 0.935771826 -0.309013642 -0.169828318
vn 0.920923658 -0.350655688 -0.170118206
vn 0.920923658 -0.350655688 -0.170118206
vn 0.920923658 -0.350655688 -0.170118206
vn -0.019556187 -0.246770010 -0.968876730
vn -0.019556187 -0.246770010 -0.968876730
vn -0.019556187 -0.246770010 -0.968876730
vn -0.010395725 -0.131178603 -0.991304243
vn -0.010395725 -0.131178603 -0.991304243
vn -0.010395725 -0.131178603 -0.991304243
vn -0.008800791 -0.182423124 -0.983180731
vn -0.008800791 -0.182423124 -0.983180731
vn -0.008800791 -0.182423124 -0.983180731
vn 0.146498303 0.359774092 -0.921466684
vn 0.146498303 0.359774092 -0.921466684
vn 0.146498303 0.359774092 -0.921466684
vn 0.118499901 0.467205361 -0.876171743
vn 0.118499901 0.467205361 -0.876171743
vn 0.118499901 0.467205361 -0.876171743
vn 0.114039745 -0.313687104 -0.942653349
vn 0.114039745 -0.313687104 -0.942653349
vn 0.114039745 -0.313687104 -0.942653349
vn 0.228951421 -0.135663999 -0.963938030
vn 0.228951421 -0.135663999 -0.963938030
vn 0.228951421 -0.135663999 -0.963938030
vn 0.290375228 0.187818331 -0.938299793
vn 0.290375228 0.187818331 -0.938299793
vn 0.290375228 0.187818331 -0.938299793
vn 0.346845792 -0.184092874 -0.919678102
vn 0.346845792 -0.184092874 -0.919678102
vn 0.346845792 -0.184092874 -0.919678102
vn 0.996874541 -0.079000948 0.000000000
vn 0.996874541 -0.079000948 0.000000000
vn 0.996874541 -0.079000948 0.000000000
vn 0.999481739 0.028841281 -0.014298029
vn 0.999481739 0.028841281 -0.014298029
vn 0.999481739 0.028841281 -0.014298029
vn 0.959126003 -0.279646762 0.043301264
vn 0.959126003 -0.279646762 0.043301264
vn 0.959126003 -0.279646762 0.043301264
vn 0.963252518 0.160115280 0.215656402
vn 0.963252518 0.160115280 0.215656402
vn 0.963252518 0.160115280 0.215656402
vn 0.991965945 -0.016345517 0.125444759
vn 0.991965945 -0.016345517 0.125444759
vn 0.991965945 -0.016345517 0.125444759
vn 0.824062359 -0.500105057 0.266113061
vn 0.824062359 -0.500105057 0.266113061
vn 0.824062359 -0.500105057 0.266113061
vn 0.946622319 -0.199796195 0.252957834
vn 0.946622319 -0.199796195 0.252957834
vn 0.946622319 -0.199796195 0.252957834
vn 0.933956428 0.157864921 0.320630718
vn 0.933956428 0.157864921 0.320630718
vn 0.933956428 0.157864921 0.320630718
vn 0.914075115 0.286051984 0.287473383
vn 0.914075115 0.286051984 0.287473383
vn 0.914075115 0.286051984 0.287473383
vn -0.405337329 -0.511479693 -0.757687385
vn -0.405337329 -0.511479693 -0.757687385
vn -0.405337329 -0.511479693 -0.757687385
vn -0.359849796 -0.454080714 -0.815057562
vn -0.359849796 -0.454080714 -0.815057562
vn -0.359849796 -0.454080714 -0.815057562
vn -0.268142932 -0.376691671 -0.886680750
vn -0.268142932 -0.376691671 -0.886680750
vn -0.268142932 -0.376691671 -0.886680750
vn -0.353962986 -0.409140934 -0.841019560
vn -0.353962986 -0.409140934 -0.841019560
vn -0.353962986 -0.409140934 -0.841019560
vn -0.283510041 -0.340352253 -0.896539124
vn -0.283510041 -0.340352253 -0.896539124
vn -0.283510041 -0.340352253 -0.896539124
vn -0.170714203 -0.137589176 -0.975666890
vn -0.170714203 -0.137589176 -0.975666890
vn -0.170714203 -0.137589176 -0.975666890
vn -0.238569794 -0.219914693 -0.945897448
vn -0.238569794 -0.219914693 -0.945897448
vn -0.238569794 -0.219914693 -0.945897448
vn -0.452000275 -0.233035853 -0.861040093
vn -0.452000275 -0.233035853 -0.861040093
vn -0.452000275 -0.233035853 -0.861040093
vn -0.646634345 0.361230861 0.671845435
vn -0.646634345 0.361230861 0.671845435
vn -0.646634345 0.361230861 0.671845435
vn -0.544720789 0.679892170 0.490943886
vn -0.544720789 0.679892170 0.490943886
vn -0.544720789 0.679892170 0.490943886
vn -0.684637482 0.571798225 0.452015828
vn -0.684637482 0.571798225 0.452015828
vn -0.684637482 0.571798225 0.452015828
vn -0.405192922 0.758900968 0.509792131
vn -0.405192922 0.758900968 0.509792131
vn -0.405192922 0.758900968 0.509792131
vn -0.058420374 0.836814300 0.544360989
vn -0.058420374 0.836814300 0.544360989
vn -0.058420374 0.836814300 0.544360989
vn -0.624898017 0.655471475 0.424098590
vn -0.624898017 0.655471475 0.424098590
vn -0.624898017 0.655471475 0.424098590
vn -0.688164465 0.590268767 0.421915219
vn -0.688164465 0.590268767 0.421915219
vn -0.688164465 0.590268767 0.421915219
vn -0.596231210 0.644555903 0.478597986
vn -0.596231210 0.644555903 0.478597986
vn -0.596231210 0.644555903 0.478597986
vn -0.580822879 0.651945354 0.487454653
vn -0.580822879 0.651945354 0.487454653
vn -0.580822879 0.651945354 0.487454653
vn -0.783735585 0.621094625 -0.000000000
vn -0.783735585 0.621094625 -0.000000000
vn -0.783735585 0.621094625 -0.000000000
vn -0.685766285 0.721064376 -0.098948310
vn -0.685766285 0.721064376 -0.098948310
vn -0.685766285 0.721064376 -0.098948310
vn -0.449170403 0.863109147 -0.230843128
vn -0.449170403 0.863109147 -0.230843128
vn -0.449170403 0.863109147 -0.230843128
vn -0.713882921 0.699140806 -0.039664942
vn -0.713882921 0.699140806 -0.039664942
vn -0.713882921 0.699140806 -0.039664942
vn -0.857861944 0.507851483 0.078484114
vn -0.857861944 0.507851483 0.078484114
vn -0.857861944 0.507851483 0.078484114
vn -0.763334297 0.644593508 0.042660992
vn -0.763334297 0.644593508 0.042660992
vn -0.763334297 0.644593508 0.042660992
vn -0.135968446 0.971991890 -0.191688152
vn -0.135968446 0.971991890 -0.191688152
vn -0.135968446 0.971991890 -0.191688152
vn 0.166297660 0.926335578 -0.338005155
vn 0.166297660 0.926335578 -0.338005155
vn 0.166297660 0.926335578 -0.338005155
vn 0.748367849 0.129907276 0.650438054
vn 0.748367849 0.129907276 0.650438054
vn 0.748367849 0.129907276 0.650438054
vn 0.147539086 -0.498594366 0.854187260
vn 0.147539086 -0.498594366 0.854187260
vn 0.147539086 -0.498594366 0.854187260
vn 0.153282490 -0.493331685 0.856229132
vn 0.153282490 -0.493331685 0.856229132
vn 0.153282490 -0.493331685 0.856229132
vn 0.038380545 -0.543006424 0.838850975
vn 0.038380545 -0.543006424 0.838850975
vn 0.038380545 -0.543006424 0.838850975
vn -0.003322816 -0.545452288 0.838135288
vn -0.003322816 -0.545452288 0.838135288
vn -0.003322816 -0.545452288 0.838135288
vn 0.288830759 -0.310578591 0.905603518
vn 0.288830759 -0.310578591 0.905603518
vn 0.288830759 -0.310578591 0.905603518
vn -0.087466143 -0.644756602 0.759367235
vn -0.087466143 -0.644756602 0.759367235
vn -0.087466143 -0.644756602 0.759367235
vn -0.112853904 -0.657523815 0.744933842
vn -0.112853904 -0.657523815 0.744933842
vn -0.112853904 -0.657523815 0.744933842
vn 0.048616652 -0.569965964 0.820228761
vn 0.048616652 -0.569965964 0.820228761
vn 0.048616652 -0.569965964 0.820228761
vn -0.078088783 -0.920112090 0.383791459
vn -0.078088783 -0.920112090 0.383791459
vn -0.078088783 -0.920112090 0.383791459
vn -0.089920762 -0.892524680 0.441943381
vn -0.089920762 -0.892524680 0.441943381
vn -0.089920762 -0.892524680 0.441943381
vn -0.112381717 -0.841891069 0.527816046
vn -0.112381717 -0.841891069 0.527816046
vn -0.112381717 -0.841891069 0.527816046
vn -0.120215265 -0.823393141 0.554591765
vn -0.120215265 -0.823393141 0.554591765
vn -0.120215265 -0.823393141 0.554591765
vn -0.064356498 -0.946767686 0.315419070
vn -0.064356498 -0.946767686 0.315419070
vn -0.064356498 -0.946767686 0.315419070
vn -0.095922471 -0.901825481 0.421318979
vn -0.095922471 -0.901825481 0.421318979
vn -0.095922471 -0.901825481 0.421318979
vn -0.125954591 -0.870827401 0.475178996
vn -0.125954591 -0.870827401 0.475178996
vn -0.125954591 -0.870827401 0.475178996
vn -0.093901439 -0.913732447 0.395317006
vn -0.093901439 -0.913732447 0.395317006
vn -0.093901439 -0.913732447 0.395317006
vn -0.108718454 -0.861133115 0.496618623
vn -0.108718454 -0.861133115 0.496618623
vn -0.108718454 -0.861133115 0.496618623
vn -0.979921947 0.000000000 -0.199381487
vn -0.979921947 0.000000000 -0.199381487
vn -0.979921947 0.000000000 -0.199381487
vn -0.970272847 -0.021603512 -0.241047488
vn -0.970272847 -0.021603512 -0.241047488
vn -0.970272847 -0.021603512 -0.241047488
vn -0.965248401 -0.033630429 -0.259161181
vn -0.965248401 -0.033630429 -0.259161181
vn -0.965248401 -0.033630429 -0.259161181
vn -0.974688075 -0.008178622 -0.223419486
vn -0.974688075 -0.008178622 -0.223419486
vn -0.974688075 -0.008178622 -0.223419486
vn -0.961008761 -0.026378286 -0.275256875
vn -0.961008761 -0.026378286 -0.275256875
vn -0.961008761 -0.026378286 -0.275256875
vn -0.893501450 -0.108536908 -0.435746370
vn -0.893501450 -0.108536908 -0.435746370
vn -0.893501450 -0.108536908 -0.435746370
vn -0.936360639 -0.053849262 -0.346884723
vn -0.936360639 -0.053849262 -0.346884723
vn -0.936360639 -0.053849262 -0.346884723
vn -0.986473846 0.031806987 -0.160803194
vn -0.986473846 0.031806987 -0.160803194
vn -0.986473846 0.031806987 -0.160803194
vn -0.977223827 0.000993326 -0.212208871
vn -0.977223827 0.000993326 -0.212208871
vn -0.977223827 0.000993326 -0.212208871
vn -0.040538721 -0.992251988 0.117441916
vn -0.040538721 -0.992251988 0.117441916
vn -0.040538721 -0.992251988 0.117441916
vn -0.043065770 -0.991251517 0.124762853
vn -0.043065770 -0.991251517 0.124762853
vn -0.043065770 -0.991251517 0.124762853
vn -0.143301982 -0.925618782 0.350277622
vn -0.143301982 -0.925618782 0.350277622
vn -0.143301982 -0.925618782 0.350277622
vn 0.011133713 -0.991937719 0.126236295
vn 0.011133713 -0.991937719 0.126236295
vn 0.011133713 -0.991937719 0.126236295
vn 0.013512419 -0.993227966 0.115393334
vn 0.013512419 -0.993227966 0.115393334
vn 0.013512419 -0.993227966 0.115393334
vn -0.030930898 -0.930893854 0.363977900
vn -0.030930898 -0.930893854 0.363977900
vn -0.030930898 -0.930893854 0.363977900
vn 0.061254960 -0.972913028 0.222908211
vn 0.061254960 -0.972913028 0.222908211
vn 0.061254960 -0.972913028 0.222908211
vn 0.016620493 -0.945174077 0.326143716
vn 0.016620493 -0.945174077 0.326143716
vn 0.016620493 -0.945174077 0.326143716
vn 0.014272177 -0.943023521 0.332419831
vn 0.014272177 -0.943023521 0.332419831
vn 0.014272177 -0.943023521 0.332419831
vn -0.945269971 -0.000000000 -0.326289260
vn -0.945269971 -0.000000000 -0.326289260
vn -0.945269971 -0.000000000 -0.326289260
vn -0.914932363 -0.011030611 -0.403456437
vn -0.914932363 -0.011030611 -0.403456437
vn -0.914932363 -0.011030611 -0.403456437
vn -0.831563951 -0.079294794 -0.549739693
vn -0.831563951 -0.079294794 -0.549739693
vn -0.831563951 -0.079294794 -0.549739693
vn -0.977007350 -0.037672255 -0.209850991
vn -0.977007350 -0.037672255 -0.209850991
vn -0.977007350 -0.037672255 -0.209850991
vn -0.985255071 -0.032910229 -0.167896879
vn -0.985255071 -0.032910229 -0.167896879
vn -0.985255071 -0.032910229 -0.167896879
vn -0.847371686 -0.168706876 -0.503487055
vn -0.847371686 -0.168706876 -0.503487055
vn -0.847371686 -0.168706876 -0.503487055
vn -0.921964082 -0.140713308 -0.360807422
vn -0.921964082 -0.140713308 -0.360807422
vn -0.921964082 -0.140713308 -0.360807422
vn -0.942560918 -0.123649338 -0.310305910
vn -0.942560918 -0.123649338 -0.310305910
vn -0.942560918 -0.123649338 -0.310305910
vn -0.903243146 -0.154760392 -0.400251221
vn -0.903243146 -0.154760392 -0.400251221
vn -0.903243146 -0.154760392 -0.400251221
vn 0.136357349 -0.405577402 -0.903832752
vn 0.136357349 -0.405577402 -0.903832752
vn 0.136357349 -0.405577402 -0.903832752
vn 0.182853207 -0.543873355 -0.819003344
vn 0.182853207 -0.543873355 -0.819003344
vn 0.182853207 -0.543873355 -0.819003344
vn 0.149205511 -0.362971878 -0.919776675
vn 0.149205511 -0.362971878 -0.919776675
vn 0.149205511 -0.362971878 -0.919776675
vn 0.139379646 -0.201541479 -0.969512427
vn 0.139379646 -0.201541479 -0.969512427
vn 0.139379646 -0.201541479 -0.969512427
vn 0.144198908 -0.210352771 -0.966932462
vn 0.144198908 -0.210352771 -0.966932462
vn 0.144198908 -0.210352771 -0.966932462
vn 0.139476501 -0.202376871 -0.969324459
vn 0.139476501 -0.202376871 -0.969324459
vn 0.139476501 -0.202376871 -0.969324459
vn 0.202245488 0.260044225 -0.944178883
vn 0.202245488 0.260044225 -0.944178883
vn 0.202245488 0.260044225 -0.944178883
vn 0.137385098 -0.210615862 -0.967866878
vn 0.137385098 -0.210615862 -0.967866878
vn 0.137385098 -0.210615862 -0.967866878
vn 0.149495707 -0.246634235 -0.957508531
vn 0.149495707 -0.246634235 -0.957508531
vn 0.149495707 -0.246634235 -0.957508531
vn -0.081964414 0.399709217 -0.912970085
vn -0.081964414 0.399709217 -0.912970085
vn -0.081964414 0.399709217 -0.912970085
vn -0.082137072 0.374593650 -0.923543772
vn -0.082137072 0.374593650 -0.923543772
vn -0.082137072 0.374593650 -0.923543772
vn -0.019198022 0.480589995 -0.876735246
vn -0.019198022 0.480589995 -0.876735246
vn -0.019198022 0.480589995 -0.876735246
vn -0.096069703 0.239991801 -0.966009600
vn -0.096069703 0.239991801 -0.966009600
vn -0.096069703 0.239991801 -0.966009600
vn -0.229995723 0.503841223 -0.832613950
vn -0.229995723 0.503841223 -0.832613950
vn -0.229995723 0.503841223 -0.832613950
vn -0.247701288 0.735929758 -0.630120197
vn -0.247701288 0.735929758 -0.630120197
vn -0.247701288 0.735929758 -0.630120197
vn -0.297330833 0.478029945 -0.826487597
vn -0.297330833 0.478029945 -0.826487597
vn -0.297330833 0.478029945 -0.826487597
vn -0.295236350 0.573124718 -0.764436757
vn -0.295236350 0.573124718 -0.764436757
vn -0.295236350 0.573124718 -0.764436757
vn -0.947863411 -0.318676882 0.000000000
vn -0.947863411 -0.318676882 0.000000000
vn -0.947863411 -0.318676882 0.000000000
vn -0.972832954 -0.220405676 -0.070833473
vn -0.972832954 -0.220405676 -0.070833473
vn -0.972832954 -0.220405676 -0.070833473
vn -0.987753663 -0.097619895 -0.121708907
vn -0.987753663 -0.097619895 -0.121708907
vn -0.987753663 -0.097619895 -0.121708907
vn -0.874006286 -0.485282905 -0.024769205
vn -0.874006286 -0.485282905 -0.024769205
vn -0.874006286 -0.485282905 -0.024769205
vn -0.858207280 -0.513042056 -0.016374189
vn -0.858207280 -0.513042056 -0.016374189
vn -0.858207280 -0.513042056 -0.016374189
vn -0.975233749 0.141616615 -0.169893699
vn -0.975233749 0.141616615 -0.169893699
vn -0.975233749 0.141616615 -0.169893699
vn -0.975111711 0.142908903 -0.169511638
vn -0.975111711 0.142908903 -0.169511638
vn -0.975111711 0.142908903 -0.169511638
vn -0.940676089 -0.333798017 -0.060888250
vn -0.940676089 -0.333798017 -0.060888250
vn -0.940676089 -0.333798017 -0.060888250
vn -0.941020179 -0.332768236 -0.061207222
vn -0.941020179 -0.332768236 -0.061207222
vn -0.941020179 -0.332768236 -0.061207222
vn -0.996607387 -0.026020969 0.078080893
vn -0.996607387 -0.026020969 0.078080893
vn -0.996607387 -0.026020969 0.078080893
vn -0.877266647 0.412557199 0.245356449
vn -0.877266647 0.412557199 0.245356449
vn -0.877266647 0.412557199 0.245356449
vn -0.956178753 0.247410331 0.156557720
vn -0.956178753 0.247410331 0.156557720
vn -0.956178753 0.247410331 0.156557720
vn -0.895792076 -0.443966950 -0.021210916
vn -0.895792076 -0.443966950 -0.021210916
vn -0.895792076 -0.443966950 -0.021210916
vn -0.968641963 -0.201147858 0.145850218
vn -0.968641963 -0.201147858 0.145850218
vn -0.968641963 -0.201147858 0.145850218
vn -0.949093464 -0.053689384 0.310385319
vn -0.949093464 -0.053689384 0.310385319
vn -0.949093464 -0.053689384 0.310385319
vn -0.954773239 -0.147449733 0.258198835
vn -0.954773239 -0.147449733 0.258198835
vn -0.954773239 -0.147449733 0.258198835
vn -0.939589783 -0.029103432 0.341063089
vn -0.939589783 -0.029103432 0.341063089
vn -0.939589783 -0.029103432 0.341063089
vn -0.782428747 -0.328489740 -0.529055523
vn -0.782428747 -0.328489740 -0.529055523
vn -0.782428747 -0.328489740 -0.529055523
vn -0.795788839 -0.334098754 -0.505072417
vn -0.795788839 -0.334098754 -0.505072417
vn -0.795788839 -0.334098754 -0.505072417
vn -0.716474410 -0.337305175 -0.610646902
vn -0.716474410 -0.337305175 -0.610646902
vn -0.716474410 -0.337305175 -0.610646902
vn -0.697063503 -0.335926584 -0.633447554
vn -0.697063503 -0.335926584 -0.633447554
vn -0.697063503 -0.335926584 -0.633447554
vn -0.752867558 -0.368758623 -0.545167422
vn -0.752867558 -0.368758623 -0.545167422
vn -0.752867558 -0.368758623 -0.545167422
vn -0.813435037 -0.354458948 -0.461174907
vn -0.813435037 -0.354458948 -0.461174907
vn -0.813435037 -0.354458948 -0.461174907
vn -0.830609050 -0.357178320 -0.427214528
vn -0.830609050 -0.357178320 -0.427214528
vn -0.830609050 -0.357178320 -0.427214528
vn -0.775190409 -0.319998003 -0.544684411
vn -0.775190409 -0.319998003 -0.544684411
vn -0.775190409 -0.319998003 -0.544684411
vn -0.786084543 -0.318914160 -0.529494900
vn -0.786084543 -0.318914160 -0.529494900
vn -0.786084543 -0.318914160 -0.529494900
vn -0.387101922 0.922036931 0.000000000
vn -0.387101922 0.922036931 0.000000000
vn -0.387101922 0.922036931 0.000000000
vn -0.255334805 0.941393228 -0.220415354
vn -0.255334805 0.941393228 -0.220415354
vn -0.255334805 0.941393228 -0.220415354
vn -0.284681139 0.940504764 -0.185492421
vn -0.284681139 0.940504764 -0.185492421
vn -0.284681139 0.940504764 -0.185492421
vn -0.461543032 0.886309048 0.037872167
vn -0.461543032 0.886309048 0.037872167
vn -0.461543032 0.886309048 0.037872167
vn -0.222020279 0.922045898 -0.317077842
vn -0.222020279 0.922045898 -0.317077842
vn -0.222020279 0.922045898 -0.317077842
vn -0.348441700 0.931808356 -0.101595124
vn -0.348441700 0.931808356 -0.101595124
vn -0.348441700 0.931808356 -0.101595124
vn -0.429110853 0.899498425 0.082258491
vn -0.429110853 0.899498425 0.082258491
vn -0.429110853 0.899498425 0.082258491
vn -0.228076756 0.945826660 -0.231069085
vn -0.228076756 0.945826660 -0.231069085
vn -0.228076756 0.945826660 -0.231069085
vn -0.204856436 0.942624952 -0.263613430
vn -0.204856436 0.942624952 -0.263613430
vn -0.204856436 0.942624952 -0.263613430
vn -0.207511027 -0.164209694 -0.964351777
vn -0.207511027 -0.164209694 -0.964351777
vn -0.207511027 -0.164209694 -0.964351777
vn -0.048851887 -0.038657962 -0.998057641
vn -0.048851887 -0.038657962 -0.998057641
vn -0.048851887 -0.038657962 -0.998057641
vn 0.072368770 0.013843074 -0.997281871
vn 0.072368770 0.013843074 -0.997281871
vn 0.072368770 0.013843074 -0.997281871
vn -0.017313927 -0.026991199 -0.999485719
vn -0.017313927 -0.026991199 -0.999485719
vn -0.017313927 -0.026991199 -0.999485719
vn -0.088661430 -0.092909132 -0.991719236
vn -0.088661430 -0.092909132 -0.991719236
vn -0.088661430 -0.092909132 -0.991719236
vn -0.224896501 -0.467561765 -0.854872833
vn -0.224896501 -0.467561765 -0.854872833
vn -0.224896501 -0.467561765 -0.854872833
vn -0.101096293 -0.307634755 -0.946118596
vn -0.101096293 -0.307634755 -0.946118596
vn -0.101096293 -0.307634755 -0.946118596
vn 0.052227443 -0.230684655 -0.971625897
vn 0.052227443 -0.230684655 -0.971625897
vn 0.052227443 -0.230684655 -0.971625897
vn -0.113059620 -0.309984543 -0.943995289
vn -0.113059620 -0.309984543 -0.943995289
vn -0.113059620 -0.309984543 -0.943995289
vn -0.620540623 0.784174301 -0.000000000
vn -0.620540623 0.784174301 -0.000000000
vn -0.620540623 0.784174301 -0.000000000
vn -0.397291322 0.917551418 -0.016093497
vn -0.397291322 0.917551418 -0.016093497
vn -0.397291322 0.917551418 -0.016093497
vn -0.413969504 0.910124305 -0.017406860
vn -0.413969504 0.910124305 -0.017406860
vn -0.413969504 0.910124305 -0.017406860
vn -0.679057452 0.734040884 -0.008059637
vn -0.679057452 0.734040884 -0.008059637
vn -0.679057452 0.734040884 -0.008059637
vn -0.932632727 0.357360058 0.049899746
vn -0.932632727 0.357360058 0.049899746
vn -0.932632727 0.357360058 0.049899746
vn -0.813492551 0.573018773 -0.099394948
vn -0.813492551 0.573018773 -0.099394948
vn -0.813492551 0.573018773 -0.099394948
vn -0.466775864 0.854489618 -0.227964439
vn -0.466775864 0.854489618 -0.227964439
vn -0.466775864 0.854489618 -0.227964439
vn -0.451921640 0.862166478 -0.228988635
vn -0.451921640 0.862166478 -0.228988635
vn -0.451921640 0.862166478 -0.228988635
vn -0.565320082 0.801382300 -0.195447217
vn -0.565320082 0.801382300 -0.195447217
vn -0.565320082 0.801382300 -0.195447217
f 1/1/1 2/2/2 3/3/3
f 2/2/2 34/34/34 3/3/3
f 3/3/3 34/34/34 35/35/35
f 34/34/34 66/66/66 35/35/35
f 35/35/35 66/66/66 67/67/67
f 66/66/66 98/98/98 67/67/67
f 67/67/67 98/98/98 99/99/99
f 98/98/98 130/130/130 99/99/99
f 99/99/99 130/130/130 131/131/131
f 130/130/130 162/162/162 131/131/131
f 131/131/131 162/162/162 163/163/163
f 162/162/162 194/194/194 163/163/163
f 163/163/163 194/194/194 195/195/195
f 194/194/194 226/226/226 195/195/195
f 195/195/195 226/226/226 227/227/227
f 226/226/226 258/258/258 227/227/227
f 227/227/227 258/258/258 259/259/259
f 258/258/258 290/290/290 259/259/259
f 259/259/259 290/290/290 291/291/291
f 290/290/290 322/322/322 291/291/291
f 291/291/291 322/322/322 323/323/323
f 322/322/322 354/354/354 323/323/323
f 323/323/323 354/354/354 355/355/355
f 354/354/354 386/386/386 355/355/355
f 355/355/355 386/386/386 387/387/387
f 386/386/386 418/418/418 387/387/387
f 387/387/387 418/418/418 419/419/419
f 418/418/418 450/450/450 419/419/419
f 419/419/419 450/450/450 451/451/451
f 450/450/450 482/482/482 451/451/451
f 1/1/1 3/3/3 4/4/4
f 3/3/3 35/35/35 4/4/4
f 4/4/4 35/35/35 36/36/36
f 35/35/35 67/67/67 36/36/36
f 36/36/36 67/67/67 68/68/68
f 67/67/67 99/99/99 68/68/68
f 68/68/68 99/99/99 100/100/100
f 99/99/99 131/131/131 100/100/100
f 100/100/100 131/131/131 132/132/132
f 131/131/131 163/163/163 132/132/132
f 132/132/132 163/163/163 164/164/164
f 163/163/163 195/195/195 164/164/164
f 164/164/164 195/195/195 196/196/196
f 195/195/195 227/227/227 196/196/196
f 196/196/196 227/227/227 228/228/228
f 227/227/227 259/259/259 228/228/228
f 228/228/228 259/259/259 260/260/260
f 259/259/259 291/291/291 260/260/260
f 260/260/260 291/291/291 292/292/292
f 291/291/291 323/323/323 292/292/292
f 292/292/292 323/323/323 324/324/324
f 323/323/323 355/355/355 324/324/324
f 324/324/324 355/355/355 356/356/356
f 355/355/355 387/387/387 356/356/356
f 356/356/356 387/387/387 388/388/388
f 387/387/387 419/419/419 388/388/388
f 388/388/388 419/419/419 420/420/420
f 419/419/419 451/451/451 420/420/420
f 420/420/420 451/451/451 452/452/452
f 451/451/451 482/482/482 452/452/452
f 1/1/1 4/4/4 5/5/5
f 4/4/4 36/36/36 5/5/5
f 5/5/5 36/36/36 37/37/37
f 36/36/36 68/68/68 37/37/37
f 37/37/37 68/68/68 69/69/69
f 68/68/68 100/100/100 69/69/69
f 69/69/69 100/100/100 101/101/101
f 100/100/100 132/132/132 101/101/101
f 101/101/101 132/132/132 133/133/133
f 132/132/132 164/164/164 133/133/133
f 133/133/133 164/164/164 165/165/165
f 164/164/164 196/196/196 165/165/165
f 165/165/165 196/196/196 197/197/197
f 196/196/196 228/228/228 197/197/197
f 197/197/197 228/228/228 229/229/229
f 228/228/228 260/260/260 229/229/229
f 229/229/229 260/260/260 261/261/261
f 260/260/260 292/292/292 261/261/261
f 261/261/261 292/292/292 293/293/293
f 292/292/292 324/324/324 293/293/293
f 293/293/293 324/324/324 325/325/325
f 324/324/324 356/356/356 325/325/325
f 325/325/325 356/356/356 357/357/357
f 356/356/356 388/388/388 357/357/357
f 357/357/357 388/388/388 389/389/389
f 388/388/388 420/420/420 389/389/389
f 389/389/389 420/420/420 421/421/421
f 420/420/420 452/452/452 421/421/421
f 421/421/421 452/452/452 453/453/453
f 452/452/452 482/482/482 453/453/453
f 1/1/1 5/5/5 6/6/6
f 5/5/5 37/37/37 6/6/6
f 6/6/6 37/37/37 38/38/38
f 37/37/37 69/69/69 38/38/38
f 38/38/38 69/69/69 70/70/70
f 69/69/69 101/101/101 70/70/70
f 70/70/70 101/101/101 102/102/102
f 101/101/101 133/133/133 102/102/102
f 102/102/102 133/133/133 134/134/134
f 133/133/133 165/165/165 134/134/134
f 134/134/134 165/165/165 166/166/166
f 165/165/165 197/197/197 166/166/166
f 166/166/166 197/197/197 198/198/198
f 197/197/197 229/229/229 198/198/198
f 198/198/198 229/229/229 230/230/230
f 229/229/229 261/261/261 230/230/230
f 230/230/230 261/261/261 262/262/262
f 261/261/261 293/293/293 262/262/262
f 262/262/262 293/293/293 294/294/294
f 293/293/293 325/325/325 294/294/294
f 294/294/294 325/325/325 326/326/326
f 325/325/325 357/357/357 326/326/326
f 326/326/326 357/357/357 358/358/358
f 357/357/357 389/389/389 358/358/358
f 358/358/358 389/389/389 390/390/390
f 389/389/389 421/421/421 390/390/390
f 390/390/390 421/421/421 422/422/422
f 421/421/421 453/453/453 422/422/422
f 422/422/422 453/453/453 454/454/454
f 453/453/453 482/482/482 454/454/454
f 1/1/1 6/6/6 7/7/7
f 6/6/6 38/38/38 7/7/7
f 7/7/7 38/38/38 39/39/39
f 38/38/38 70/70/70 39/39/39
f 39/39/39 70/70/70 71/71/71
f 70/70/70 102/102/102 71/71/71
f 71/71/71 102/102/102 103/103/103
f 102/102/102 134/134/134 103/103/103
f 103/103/103 134/134/134 135/135/135
f 134/134/134 166/166/166 135/135/135
f 135/135/135 166/166/166 167/167/167
f 166/166/166 198/198/198 167/167/167
f 167/167/167 198/198/198 199/199/199
f 198/198/198 230/230/230 199/199/199
f 199/199/199 230/230/230 231/231/231
f 230/230/230 262/262/262 231/231/231
f 231/231/231 262/262/262 263/263/263
f 262/262/262 294/294/294 263/263/263
f 263/263/263 294/294/294 295/295/295
f 294/294/294 326/326/326 295/295/295
f 295/295/295 326/326/326 327/327/327
f 326/326/326 358/358/358 327/327/327
f 327/327/327 358/358/358 359/359/359
f 358/358/358 390/390/390 359/359/359
f 359/359/359 390/390/390 391/391/391
f 390/390/390 422/422/422 391/391/391
f 391/391/391 422/422/422 423/423/423
f 422/422/422 454/454/454 423/423/423
f 423/423/423 454/454/454 455/455/455
f 454/454/454 482/482/482 455/455/455
f 1/1/1 7/7/7 8/8/8
f 7/7/7 39/39/39 8/8/8
f 8/8/8 39/39/39 40/40/40
f 39/39/39 71/71/71 40/40/40
f 40/40/40 71/71/71 72/72/72
f 71/71/71 103/103/103 72/72/72
f 72/72/72 103/103/103 104/104/104
f 103/103/103 135/135/135 104/104/104
f 104/104/104 135/135/135 136/136/136
f 135/135/135 167/167/167 136/136/136
f 136/136/136 167/167/167 168/168/168
f 167/167/167 199/199/199 168/168/168
f 168/168/168 199/199/199 200/200/200
f 199/199/199 231/231/231 200/200/200
f 200/200/200 231/231/231 232/232/232
f 231/231/231 263/263/263 232/232/232
f 232/232/232 263/263/263 264/264/264
f 263/263/263 295/295/295 264/264/264
f 264/264/264 295/295/295 296/296/296
f 295/295/295 327/327/327 296/296/296
f 296/296/296 327/327/327 328/328/328
f 327/327/327 359/359/359 328/328/328
f 328/328/328 359/359/359 360/360/360
f 359/359/359 391/391/391 360/360/360
f 360/360/360 391/391/391 392/392/392
f 391/391/391 423/423/423 392/392/392
f 392/392/392 423/423/423 424/424/424
f 423/423/423 455/455/455 424/424/424
f 424/424/424 455/455/455 456/456/456
f 455/455/455 482/482/482 456/456/456
f 1/1/1 8/8/8 9/9/9
f 8/8/8 40/40/40 9/9/9
f 9/9/9 40/40/40 41/41/41
f 40/40/40 72/72/72 41/41/41
f 41/41/41 72/72/72 73/73/73
f 72/72/72 104/104/104 73/73/73
f 73/73/73 104/104/104 105/105/105
f 104/104/104 136/136/136 105/105/105
f 105/105/105 136/136/136 137/137/137
f 136/136/136 168/168/168 137/137/137
f 137/137/137 168/168/168 169/169/169
f 168/168/168 200/200/200 169/169/169
f 169/169/169 200/200/200 201/201/201
f 200/200/200 232/232/232 201/201/201
f 201/201/201 232/232/232 233/233/233
f 232/232/232 264/264/264 233/233/233
f 233/233/233 264/264/264 265/265/265
f 264/264/264 296/296/296 265/265/265
f 265/265/265 296/296/296 297/297/297
f 296/296/296 328/328/328 297/297/297
f 297/297/297 328/328/328 329/329/329
f 328/328/328 360/360/360 329/329/329
f 329/329/329 360/360/360 361/361/361
f 360/360/360 392/392/392 361/361/361
f 361/361/361 392/392/392 393/393/393
f 392/392/392 424/424/424 393/393/393
f 393/393/393 424/424/424 425/425/425
f 424/424/424 456/456/456 425/425/425
f 425/425/425 456/456/456 457/457/457
f 456/456/456 482/482/482 457/457/457
f 1/1/1 9/9/9 10/10/10
f 9/9/9 41/41/41 10/10/10
f 10/10/10 41/41/41 42/42/42
f 41/41/41 73/73/73 42/42/42
f 42/42/42 73/73/73 74/74/74
f 73/73/73 105/105/105 74/74/74
f 74/74/74 105/105/105 106/106/106
f 105/105/105 137/137/137 106/106/106
f 106/106/106 137/137/137 138/138/138
f 137/137/137 169/169/169 138/138/138
f 138/138/138 169/169/169 170/170/170
f 169/169/169 201/201/201 170/170/170
f 170/170/170 201/201/201 202/202/202
f 201/201/201 233/233/233 202/202/202
f 202/202/202 233/233/233 234/234/234
f 233/233/233 265/265/265 234/234/234
f 234/234/234 265/265/265 266/266/266
f 265/265/265 297/297/297 266/266/266
f 266/266/266 297/297/297 298/298/298
f 297/297/297 329/329/329 298/298/298
f 298/298/298 329/329/329 330/330/330
f 329/329/329 361/361/361 330/330/330
f 330/330/330 361/361/361 362/362/362
f 361/361/361 393/393/393 362/362/362
f 362/362/362 393/393/393 394/394/394
f 393/393/393 425/425/425 394/394/394
f 394/394/394 425/425/425 426/426/426
f 425/425/425 457/457/457 426/426/426
f 426/426/426 457/457/457 458/458/458
f 457/457/457 482/482/482 458/458/458
f 1/1/1 10/10/10 11/11/11
f 10/10/10 42/42/42 11/11/11
f 11/11/11 42/42/42 43/43/43
f 42/42/42 74/74/74 43/43/43
f 43/43/43 74/74/74 75/75/75
f 74/74/74 106/106/106 75/75/75
f 75/75/75 106/106/106 107/107/107
f 106/106/106 138/138/138 107/107/107
f 107/107/107 138/138/138 139/139/139
f 138/138/138 170/170/170 139/139/139
f 139/139/139 170/170/170 171/171/171
f 170/170/170 202/202/202 171/171/171
f 171/171/171 202/202/202 203/203/203
f 202/202/202 234/234/234 203/203/203
f 203/203/203 234/234/234 235/235/235
f 234/234/234 266/266/266 235/235/235
f 235/235/235 266/266/266 267/267/267
f 266/266/266 298/298/298 267/267/267
f 267/267/267 298/298/298 299/299/299
f 298/298/298 330/330/330 299/299/299
f 299/299/299 330/330/330 331/331/331
f 330/330/330 362/362/362 331/331/331
f 331/331/331 362/362/362 363/363/363
f 362/362/362 394/394/394 363/363/363
f 363/363/363 394/394/394 395/395/395
f 394/394/394 426/426/426 395/395/395
f 395/395/395 426/426/426 427/427/427
f 426/426/426 458/458/458 427/427/427
f 427/427/427 458/458/458 459/459/459
f 458/458/458 482/482/482 459/459/459
f 1/1/1 11/11/11 12/12/12
f 11/11/11 43/43/43 12/12/12
f 12/12/12 43/43/43 44/44/44
f 43/43/43 75/75/75 44/44/44
f 44/44/44 75/75/75 76/76/76
f 75/75/75 107/107/107 76/76/76
f 76/76/76 107/107/107 108/108/108
f 107/107/107 139/139/139 108/108/108
f 108/108/108 139/139/139 140/140/140
f 139/139/139 171/171/171 140/140/140
f 140/140/140 171/171/171 172/172/172
f 171/171/171 203/203/203 172/172/172
f 172/172/172 203/203/203 204/204/204
f 203/203/203 235/235/235 204/204/204
f 204/204/204 235/235/235 236/236/236
f 235/235/235 267/267/267 236/236/236
f 236/236/236 267/267/267 268/268/268
f 267/267/267 299/299/299 268/268/268
f 268/268/268 299/299/299 300/300/300
f 299/299/299 331/331/331 300/300/300
f 300/300/300 331/331/331 332/332/332
f 331/331/331 363/363/363 332/332/332
f 332/332/332 363/363/363 364/364/364
f 363/363/363 395/395/395 364/364/364
f 364/364/364 395/395/395 396/396/396
f 395/395/395 427/427/427 396/396/396
f 396/396/396 427/427/427 428/428/428
f 427/427/427 459/459/459 428/428/428
f 428/428/428 459/459/459 460/460/460
f 459/459/459 482/482/482 460/460/460
f 1/1/1 12/12/12 13/13/13
f 12/12/12 44/44/44 13/13/13
f 13/13/13 44/44/44 45/45/45
f 44/44/44 76/76/76 45/45/45
f 45/45/45 76/76/76 77/77/77
f 76/76/76 108/108/108 77/77/77
f 77/77/77 108/108/108 109/109/109
f 108/108/108 140/140/140 109/109/109
f 109/109/109 140/140/140 141/141/141
f 140/140/140 172/172/172 141/141/141
f 141/141/141 172/172/172 173/173/173
f 172/172/172 204/204/204 173/173/173
f 173/173/173 204/204/204 205/205/205
f 204/204/204 236/236/236 205/205/205
f 205/205/205 236/236/236 237/237/237
f 236/236/236 268/268/268 237/237/237
f 237/237/237 268/268/268 269/269/269
f 268/268/268 300/300/300 269/269/269
f 269/269/269 300/300/300 301/301/301
f 300/300/300 332/332/332 301/301/301
f 301/301/301 332/332/332 333/333/333
f 332/332/332 364/364/364 333/333/333
f 333/333/333 364/364/364 365/365/365
f 364/364/364 396/396/396 365/365/365
f 365/365/365 396/396/396 397/397/397
f 396/396/396 428/428/428 397/397/397
f 397/397/397 428/428/428 429/429/429
f 428/428/428 460/460/460 429/429/429
f 429/429/429 460/460/460 461/461/461
f 460/460/460 482/482/482 461/461/461
f 1/1/1 13/13/13 14/14/14
f 13/13/13 45/45/45 14/14/14
f 14/14/14 45/45/45 46/46/46
f 45/45/45 77/77/77 46/46/46
f 46/46/46 77/77/77 78/78/78
f 77/77/77 109/109/109 78/78/78
f 78/78/78 109/109/109 110/110/110
f 109/109/109 141/141/141 110/110/110
f 110/110/110 141/141/141 142/142/142
f 141/141/141 173/173/173 142/142/142
f 142/142/142 173/173/173 174/174/174
f 173/173/173 205/205/205 174/174/174
f 174/174/174 205/205/205 206/206/206
f 205/205/205 237/237/237 206/206/206
f 206/206/206 237/237/237 238/238/238
f 237/237/237 269/269/269 238/238/238
f 238/238/238 269/269/269 270/270/270
f 269/269/269 301/301/301 270/270/270
f 270/270/270 301/301/301 302/302/302
f 301/301/301 333/333/333 302/302/302
f 302/302/302 333/333/333 334/334/334
f 333/333/333 365/365/365 334/334/334
f 334/334/334 365/365/365 366/366/366
f 365/365/365 397/397/397 366/366/366
f 366/366/366 397/397/397 398/398/398
f 397/397/397 429/429/429 398/398/398
f 398/398/398 429/429/429 430/430/430
f 429/429/429 461/461/461 430/430/430
f 430/430/430 461/461/461 462/462/462
f 461/461/461 482/482/482 462/462/462
f 1/1/1 14/14/14 15/15/15
f 14/14/14 46/46/46 15/15/15
f 15/15/15 46/46/46 47/47/47
f 46/46/46 78/78/78 47/47/47
f 47/47/47 78/78/78 79/79/79
f 78/78/78 110/110/110 79/79/79
f 79/79/79 110/110/110 111/111/111
f 110/110/110 142/142/142 111/111/111
f 111/111/111 142/142/142 143/143/143
f 142/142/142 174/174/174 143/143/143
f 143/143/143 174/174/174 175/175/175
f 174/174/174 206/206/206 175/175/175
f 175/175/175 206/206/206 207/207/207
f 206/206/206 238/238/238 207/207/207
f 207/207/207 238/238/238 239/239/239
f 238/238/238 270/270/270 239/239/239
f 239/239/239 270/270/270 271/271/271
f 270/270/270 302/302/302 271/271/271
f 271/271/271 302/302/302 303/303/303
f 302/302/302 334/334/334 303/303/303
f 303/303/303 334/334/334 335/335/335
f 334/334/334 366/366/366 335/335/335
f 335/335/335 366/366/366 367/367/367
f 366/366/366 398/398/398 367/367/367
f 367/367/367 398/398/398 399/399/399
f 398/398/398 430/430/430 399/399/399
f 399/399/399 430/430/430 431/431/431
f 430/430/430 462/462/462 431/431/431
f 431/431/431 462/462/462 463/463/463
f 462/462/462 482/482/482 463/463/463
f 1/1/1 15/15/15 16/16/16
f 15/15/15 47/47/47 16/16/16
f 16/16/16 47/47/47 48/48/48
f 47/47/47 79/79/79 48/48/48
f 48/48/48 79/79/79 80/80/80
f 79/79/79 111/111/111 80/80/80
f 80/80/80 111/111/111 112/112/112
f 111/111/111 143/143/143 112/112/112
f 112/112/112 143/143/143 144/144/144
f 143/143/143 175/175/175 144/144/144
f 144/144/144 175/175/175 176/176/176
f 175/175/175 207/207/207 176/176/176
f 176/176/176 207/207/207 208/208/208
f 207/207/207 239/239/239 208/208/208
f 208/208/208 239/239/239 240/240/240
f 239/239/239 271/271/271 240/240/240
f 240/240/240 271/271/271 272/272/272
f 271/271/271 303/303/303 272/272/272
f 272/272/272 303/303/303 304/304/304
f 303/303/303 335/335/335 304/304/304
f 304/304/304 335/335/335 336/336/336
f 335/335/335 367/367/367 336/336/336
f 336/336/336 367/367/367 368/368/368
f 367/367/367 399/399/399 368/368/368
f 368/368/368 399/399/399 400/400/400
f 399/399/399 431/431/431 400/400/400
f 400/400/400 431/431/431 432/432/432
f 431/431/431 463/463/463 432/432/432
f 432/432/432 463/463/463 464/464/464
f 463/463/463 482/482/482 464/464/464
f 1/1/1 16/16/16 17/17/17
f 16/16/16 48/48/48 17/17/17
f 17/17/17 48/48/48 49/49/49
f 48/48/48 80/80/80 49/49/49
f 49/49/49 80/80/80 81/81/81
f 80/80/80 112/112/112 81/81/81
f 81/81/81 112/112/112 113/113/113
f 112/112/112 144/144/144 113/113/113
f 113/113/113 144/144/144 145/145/145
f 144/144/144 176/176/176 145/145/145
f 145/145/145 176/176/176 177/177/177
f 176/176/176 208/208/208 177/177/177
f 177/177/177 208/208/208 209/209/209
f 208/208/208 240/240/240 209/209/209
f 209/209/209 240/240/240 241/241/241
f 240/240/240 272/272/272 241/241/241
f 241/241/241 272/272/272 273/273/273
f 272/272/272 304/304/304 273/273/273
f 273/273/273 304/304/304 305/305/305
f 304/304/304 336/336/336 305/305/305
f 305/305/305 336/336/336 337/337/337
f 336/336/336 368/368/368 337/337/337
f 337/337/337 368/368/368 369/369/369
f 368/368/368 400/400/400 369/369/369
f 369/369/369 400/400/400 401/401/401
f 400/400/400 432/432/432 401/401/401
f 401/401/401 432/432/432 433/433/433
f 432/432/432 464/464/464 433/433/433
f 433/433/433 464/464/464 465/465/465
f 464/464/464 482/482/482 465/465/465
f 1/1/1 17/17/17 18/18/18
f 17/17/17 49/49/49 18/18/18
f 18/18/18 49/49/49 50/50/50
f 49/49/49 81/81/81 50/50/50
f 50/50/50 81/81/81 82/82/82
f 81/81/81 113/113/113 82/82/82
f 82/82/82 113/113/113 114/114/114
f 113/113/113 145/145/145 114/114/114
f 114/114/114 145/145/145 146/146/146
f 145/145/145 177/177/177 146/146/146
f 146/146/146 177/177/177 178/178/178
f 177/177/177 209/209/209 178/178/178
f 178/178/178 209/209/209 210/210/210
f 209/209/209 241/241/241 210/210/210
f 210/210/210 241/241/241 242/242/242
f 241/241/241 273/273/273 242/242/242
f 242/242/242 273/273/273 274/274/274
f 273/273/273 305/305/305 274/274/274
f 274/274/274 305/305/305 306/306/306
f 305/305/305 337/337/337 306/306/306
f 306/306/306 337/337/337 338/338/338
f 337/337/337 369/369/369 338/338/338
f 338/338/338 369/369/369 370/370/370
f 369/369/369 401/401/401 370/370/370
f 370/370/370 401/401/401 402/402/402
f 401/401/401 433/433/433 402/402/402
f 402/402/402 433/433/433 434/434/434
f 433/433/433 465/465/465 434/434/434
f 434/434/434 465/465/465 466/466/466
f 465/465/465 482/482/482 466/466/466
f 1/1/1 18/18/18 19/19/19
f 18/18/18 50/50/50 19/19/19
f 19/19/19 50/50/50 51/51/51
f 50/50/50 82/82/82 51/51/51
f 51/51/51 82/82/82 83/83/83
f 82/82/82 114/114/114 83/83/83
f 83/83/83 114/114/114 115/115/115
f 114/114/114 146/146/146 115/115/115
f 115/115/115 146/146/146 147/147/147
f 146/146/146 178/178/178 147/147/147
f 147/147/147 178/178/178 179/179/179
f 178/178/178 210/210/210 179/179/179
f 179/179/179 210/210/210 211/211/211
f 210/210/210 242/242/242 211/211/211
f 211/211/211 242/242/242 243/243/243
f 242/242/242 274/274/274 243/243/243
f 243/243/243 274/274/274 275/275/275
f 274/274/274 306/306/306 275/275/275
f 275/275/275 306/306/306 307/307/307
f 306/306/306 338/338/338 307/307/307
f 307/307/307 338/338/338 339/339/339
f 338/338/338 370/370/370 339/339/339
f 339/339/339 370/370/370 371/371/371
f 370/370/370 402/402/402 371/371/371
f 371/371/371 402/402/402 403/403/403
f 402/402/402 434/434/434 403/403/403
f 403/403/403 434/434/434 435/435/435
f 434/434/434 466/466/466 435/435/435
f 435/435/435 466/466/466 467/467/467
f 466/466/466 482/482/482 467/467/467
f 1/1/1 19/19/19 20/20/20
f 19/19/19 51/51/51 20/20/20
f 20/20/20 51/51/51 52/52/52
f 51/51/51 83/83/83 52/52/52
f 52/52/52 83/83/83 84/84/84
f 83/83/83 115/115/115 84/84/84
f 84/84/84 115/115/115 116/116/116
f 115/115/115 147/147/147 116/116/116
f 116/116/116 147/147/147 148/148/148
f 147/147/147 179/179/179 148/148/148
f 148/148/148 179/179/179 180/180/180
f 179/179/179 211/211/211 180/180/180
f 180/180/180 211/211/211 212/212/212
f 211/211/211 243/243/243 212/212/212
f 212/212/212 243/243/243 244/244/244
f 243/243/243 275/275/275 244/244/244
f 244/244/244 275/275/275 276/276/276
f 275/275/275 307/307/307 276/276/276
f 276/276/276 307/307/307 308/308/308
f 307/307/307 339/339/339 308/308/308
f 308/308/308 339/339/339 340/340/340
f 339/339/339 371/371/371 340/340/340
f 340/340/340 371/371/371 372/372/372
f 371/371/371 403/403/403 372/372/372
f 372/372/372 403/403/403 404/404/404
f 403/403/403 435/435/435 404/404/404
f 404/404/404 435/435/435 436/436/436
f 435/435/435 467/467/467 436/436/436
f 436/436/436 467/467/467 468/468/468
f 467/467/467 482/482/482 468/468/468
f 1/1/1 20/20/20 21/21/21
f 20/20/20 52/52/52 21/21/21
f 21/21/21 52/52/52 53/53/53
f 52/52/52 84/84/84 53/53/53
f 53/53/53 84/84/84 85/85/85
f 84/84/84 116/116/116 85/85/85
f 85/85/85 116/116/116 117/117/117
f 116/116/116 148/148/148 117/117/117
f 117/117/117 148/148/148 149/149/149
f 148/148/148 180/180/180 149/149/149
f 149/149/149 180/180/180 181/181/181
f 180/180/180 212/212/212 181/181/181
f 181/181/181 212/212/212 213/213/213
f 212/212/212 244/244/244 213/213/213
f 213/213/213 244/244/244 245/245/245
f 244/244/244 276/276/276 245/245/245
f 245/245/245 276/276/276 277/277/277
f 276/276/276 308/308/308 277/277/277
f 277/277/277 308/308/308 309/309/309
f 308/308/308 340/340/340 309/309/309
f 309/309/309 340/340/340 341/341/341
f 340/340/340 372/372/372 341/341/341
f 341/341/341 372/372/372 373/373/373
f 372/372/372 404/404/404 373/373/373
f 373/373/373 404/404/404 405/405/405
f 404/404/404 436/436/436 405/405/405
f 405/405/405 436/436/436 437/437/437
f 436/436/436 468/468/468 437/437/437
f 437/437/437 468/468/468 469/469/469
f 468/468/468 482/482/482 469/469/469
f 1/1/1 21/21/21 22/22/22
f 21/21/21 53/53/53 22/22/22
f 22/22/22 53/53/53 54/54/54
f 53/53/53 85/85/85 54/54/54
f 54/54/54 85/85/85 86/86/86
f 85/85/85 117/117/117 86/86/86
f 86/86/86 117/117/117 118/118/118
f 117/117/117 149/149/149 118/118/118
f 118/118/118 149/149/149 150/150/150
f 149/149/149 181/181/181 150/150/150
f 150/150/150 181/181/181 182/182/182
f 181/181/181 213/213/213 182/182/182
f 182/182/182 213/213/213 214/214/214
f 213/213/213 245/245/245 214/214/214
f 214/214/214 245/245/245 246/246/246
f 245/245/245 277/277/277 246/246/246
f 246/246/246 277/277/277 278/278/278
f 277/277/277 309/309/309 278/278/278
f 278/278/278 309/309/309 310/310/310
f 309/309/309 341/341/341 310/310/310
f 310/310/310 341/341/341 342/342/342
f 341/341/341 373/373/373 342/342/342
f 342/342/342 373/373/373 374/374/374
f 373/373/373 405/405/405 374/374/374
f 374/374/374 405/405/405 406/406/406
f 405/405/405 437/437/437 406/406/406
f 406/406/406 437/437/437 438/438/438
f 437/437/437 469/469/469 438/438/438
f 438/438/438 469/469/469 470/470/470
f 469/469/469 482/482/482 470/470/470
f 1/1/1 22/22/22 23/23/23
f 22/22/22 54/54/54 23/23/23
f 23/23/23 54/54/54 55/55/55
f 54/54/54 86/86/86 55/55/55
f 55/55/55 86/86/86 87/87/87
f 86/86/86 118/118/118 87/87/87
f 87/87/87 118/118/118 119/119/119
f 118/118/118 150/150/150 119/119/119
f 119/119/119 150/150/150 151/151/151
f 150/150/150 182/182/182 151/151/151
f 151/151/151 182/182/182 183/183/183
f 182/182/182 214/214/214 183/183/183
f 183/183/183 214/214/214 215/215/215
f 214/214/214 246/246/246 215/215/215
f 215/215/215 246/246/246 247/247/247
f 246/246/246 278/278/278 247/247/247
f 247/247/247 278/278/278 279/279/279
f 278/278/278 310/310/310 279/279/279
f 279/279/279 310/310/310 311/311/311
f 310/310/310 342/342/342 311/311/311
f 311/311/311 342/342/342 343/343/343
f 342/342/342 374/374/374 343/343/343
f 343/343/343 374/374/374 375/375/375
f 374/374/374 406/406/406 375/375/375
f 375/375/375 406/406/406 407/407/407
f 406/406/406 438/438/438 407/407/407
f 407/407/407 438/438/438 439/439/439
f 438/438/438 470/470/470 439/439/439
f 439/439/439 470/470/470 471/471/471
f 470/470/470 482/482/482 471/471/471
f 1/1/1 23/23/23 24/24/24
f 23/23/23 55/55/55 24/24/24
f 24/24/24 55/55/55 56/56/56
f 55/55/55 87/87/87 56/56/56
f 56/56/56 87/87/87 88/88/88
f 87/87/87 119/119/119 88/88/88
f 88/88/88 119/119/119 120/120/120
f 119/119/119 151/151/151 120/120/120
f 120/120/120 151/151/151 152/152/152
f 151/151/151 183/183/183 152/152/152
f 152/152/152 183/183/183 184/184/184
f 183/183/183 215/215/215 184/184/184
f 184/184/184 215/215/215 216/216/216
f 215/215/215 247/247/247 216/216/216
f 216/216/216 247/247/247 248/248/248
f 247/247/247 279/279/279 248/248/248
f 248/248/248 279/279/279 280/280/280
f 279/279/279 311/311/311 280/280/280
f 280/280/280 311/311/311 312/312/312
f 311/311/311 343/343/343 312/312/312
f 312/312/312 343/343/343 344/344/344
f 343/343/343 375/375/375 344/344/344
f 344/344/344 375/375/375 376/376/376
f 375/375/375 407/407/407 376/376/376
f 376/376/376 407/407/407 408/408/408
f 407/407/407 439/439/439 408/408/408
f 408/408/408 439/439/439 440/440/440
f 439/439/439 471/471/471 440/440/440
f 440/440/440 471/471/471 472/472/472
f 471/471/471 482/482/482 472/472/472
f 1/1/1 24/24/24 25/25/25
f 24/24/24 56/56/56 25/25/25
f 25/25/25 56/56/56 57/57/57
f 56/56/56 88/88/88 57/57/57
f 57/57/57 88/88/88 89/89/89
f 88/88/88 120/120/120 89/89/89
f 89/89/89 120/120/120 121/121/121
f 120/120/120 152/152/152 121/121/121
f 121/121/121 152/152/152 153/153/153
f 152/152/152 184/184/184 153/153/153
f 153/153/153 184/184/184 185/185/185
f 184/184/184 216/216/216 185/185/185
f 185/185/185 216/216/216 217/217/217
f 216/216/216 248/248/248 217/217/217
f 217/217/217 248/248/248 249/249/249
f 248/248/248 280/280/280 249/249/249
f 249/249/249 280/280/280 281/281/281
f 280/280/280 312/312/312 281/281/281
f 281/281/281 312/312/312 313/313/313
f 312/312/312 344/344/344 313/313/313
f 313/313/313 344/344/344 345/345/345
f 344/344/344 376/376/376 345/345/345
f 345/345/345 376/376/376 377/377/377
f 376/376/376 408/408/408 377/377/377
f 377/377/377 408/408/408 409/409/409
f 408/408/408 440/440/440 409/409/409
f 409/409/409 440/440/440 441/441/441
f 440/440/440 472/472/472 441/441/441
f 441/441/441 472/472/472 473/473/473
f 472/472/472 482/482/482 473/473/473
f 1/1/1 25/25/25 26/26/26
f 25/25/25 57/57/57 26/26/26
f 26/26/26 57/57/57 58/58/58
f 57/57/57 89/89/89 58/58/58
f 58/58/58 89/89/89 90/90/90
f 89/89/89 121/121/121 90/90/90
f 90/90/90 121/121/121 122/122/122
f 121/121/121 153/153/153 122/122/122
f 122/122/122 153/153/153 154/154/154
f 153/153/153 185/185/185 154/154/154
f 154/154/154 185/185/185 186/186/186
f 185/185/185 217/217/217 186/186/186
f 186/186/186 217/217/217 218/218/218
f 217/217/217 249/249/249 218/218/218
f 218/218/218 249/249/249 250/250/250
f 249/249/249 281/281/281 250/250/250
f 250/250/250 281/281/281 282/282/282
f 281/281/281 313/313/313 282/282/282
f 282/282/282 313/313/313 314/314/314
f 313/313/313 345/345/345 314/314/314
f 314/314/314 345/345/345 346/346/346
f 345/345/345 377/377/377 346/346/346
f 346/346/346 377/377/377 378/378/378
f 377/377/377 409/409/409 378/378/378
f 378/378/378 409/409/409 410/410/410
f 409/409/409 441/441/441 410/410/410
f 410/410/410 441/441/441 442/442/442
f 441/441/441 473/473/473 442/442/442
f 442/442/442 473/473/473 474/474/474
f 473/473/473 482/482/482 474/474/474
f 1/1/1 26/26/26 27/27/27
f 26/26/26 58/58/58 27/27/27
f 27/27/27 58/58/58 59/59/59
f 58/58/58 90/90/90 59/59/59
f 59/59/59 90/90/90 91/91/91
f 90/90/90 122/122/122 91/91/91
f 91/91/91 122/122/122 123/123/123
f 122/122/122 154/154/154 123/123/123
f 123/123/123 154/154/154 155/155/155
f 154/154/154 186/186/186 155/155/155
f 155/155/155 186/186/186 187/187/187
f 186/186/186 218/218/218 187/187/187
f 187/187/187 218/218/218 219/219/219
f 218/218/218 250/250/250 219/219/219
f 219/219/219 250/250/250 251/251/251
f 250/250/250 282/282/282 251/251/251
f 251/251/251 282/282/282 283/283/283
f 282/282/282 314/314/314 283/283/283
f 283/283/283 314/314/314 315/315/315
f 314/314/314 346/346/346 315/315/315
f 315/315/315 346/346/346 347/347/347
f 346/346/346 378/378/378 347/347/347
f 347/347/347 378/378/378 379/379/379
f 378/378/378 410/410/410 379/379/379
f 379/379/379 410/410/410 411/411/411
f 410/410/410 442/442/442 411/411/411
f 411/411/411 442/442/442 443/443/443
f 442/442/442 474/474/474 443/443/443
f 443/443/443 474/474/474 475/475/475
f 474/474/474 482/482/482 475/475/475
f 1/1/1 27/27/27 28/28/28
f 27/27/27 59/59/59 28/28/28
f 28/28/28 59/59/59 60/60/60
f 59/59/59 91/91/91 60/60/60
f 60/60/60 91/91/91 92/92/92
f 91/91/91 123/123/123 92/92/92
f 92/92/92 123/123/123 124/124/124
f 123/123/123 155/155/155 124/124/124
f 124/124/124 155/155/155 156/156/156
f 155/155/155 187/187/187 156/156/156
f 156/156/156 187/187/187 188/188/188
f 187/187/187 219/219/219 188/188/188
f 188/188/188 219/219/219 220/220/220
f 219/219/219 251/251/251 220/220/220
f 220/220/220 251/251/251 252/252/252
f 251/251/251 283/283/283 252/252/252
f 252/252/252 283/283/283 284/284/284
f 283/283/283 315/315/315 284/284/284
f 284/284/284 315/315/315 316/316/316
f 315/315/315 347/347/347 316/316/316
f 316/316/316 347/347/347 348/348/348
f 347/347/347 379/379/379 348/348/348
f 348/348/348 379/379/379 380/380/380
f 379/379/379 411/411/411 380/380/380
f 380/380/380 411/411/411 412/412/412
f 411/411/411 443/443/443 412/412/412
f 412/412/412 443/443/443 444/444/444
f 443/443/443 475/475/475 444/444/444
f 444/444/444 475/475/475 476/476/476
f 475/475/475 482/482/482 476/476/476
f 1/1/1 28/28/28 29/29/29
f 28/28/28 60/60/60 29/29/29
f 29/29/29 60/60/60 61/61/61
f 60/60/60 92/92/92 61/61/61
f 61/61/61 92/92/92 93/93/93
f 92/92/92 124/124/124 93/93/93
f 93/93/93 124/124/124 125/125/125
f 124/124/124 156/156/156 125/125/125
f 125/125/125 156/156/156 157/157/157
f 156/156/156 188/188/188 157/157/157
f 157/157/157 188/188/188 189/189/189
f 188/188/188 220/220/220 189/189/189
f 189/189/189 220/220/220 221/221/221
f 220/220/220 252/252/252 221/221/221
f 221/221/221 252/252/252 253/253/253
f 252/252/252 284/284/284 253/253/253
f 253/253/253 284/284/284 285/285/285
f 284/284/284 316/316/316 285/285/285
f 285/285/285 316/316/316 317/317/317
f 316/316/316 348/348/348 317/317/317
f 317/317/317 348/348/348 349/349/349
f 348/348/348 380/380/380 349/349/349
f 349/349/349 380/380/380 381/381/381
f 380/380/380 412/412/412 381/381/381
f 381/381/381 412/412/412 413/413/413
f 412/412/412 444/444/444 413/413/413
f 413/413/413 444/444/444 445/445/445
f 444/444/444 476/476/476 445/445/445
f 445/445/445 476/476/476 477/477/477
f 476/476/476 482/482/482 477/477/477
f 1/1/1 29/29/29 30/30/30
f 29/29/29 61/61/61 30/30/30
f 30/30/30 61/61/61 62/62/62
f 61/61/61 93/93/93 62/62/62
f 62/62/62 93/93/93 94/94/94
f 93/93/93 125/125/125 94/94/94
f 94/94/94 125/125/125 126/126/126
f 125/125/125 157/157/157 126/126/126
f 126/126/126 157/157/157 158/158/158
f 157/157/157 189/189/189 158/158/158
f 158/158/158 189/189/189 190/190/190
f 189/189/189 221/221/221 190/190/190
f 190/190/190 221/221/221 222/222/222
f 221/221/221 253/253/253 222/222/222
f 222/222/222 253/253/253 254/254/254
f 253/253/253 285/285/285 254/254/254
f 254/254/254 285/285/285 286/286/286
f 285/285/285 317/317/317 286/286/286
f 286/286/286 317/317/317 318/318/318
f 317/317/317 349/349/349 318/318/318
f 318/318/318 349/349/349 350/350/350
f 349/349/349 381/381/381 350/350/350
f 350/350/350 381/381/381 382/382/382
f 381/381/381 413/413/413 382/382/382
f 382/382/382 413/413/413 414/414/414
f 413/413/413 445/445/445 414/414/414
f 414/414/414 445/445/445 446/446/446
f 445/445/445 477/477/477 446/446/446
f 446/446/446 477/477/477 478/478/478
f 477/477/477 482/482/482 478/478/478
f 1/1/1 30/30/30 31/31/31
f 30/30/30 62/62/62 31/31/31
f 31/31/31 62/62/62 63/63/63
f 62/62/62 94/94/94 63/63/63
f 63/63/63 94/94/94 95/95/95
f 94/94/94 126/126/126 95/95/95
f 95/95/95 126/126/126 127/127/127
f 126/126/126 158/158/158 127/127/127
f 127/127/127 158/158/158 159/159/159
f 158/158/158 190/190/190 159/159/159
f 159/159/159 190/190/190 191/191/191
f 190/190/190 222/222/222 191/191/191
f 191/191/191 222/222/222 223/223/223
f 222/222/222 254/254/254 223/223/223
f 223/223/223 254/254/254 255/255/255
f 254/254/254 286/286/286 255/255/255
f 255/255/255 286/286/286 287/287/287
f 286/286/286 318/318/318 287/287/287
f 287/287/287 318/318/318 319/319/319
f 318/318/318 350/350/350 319/319/319
f 319/319/319 350/350/350 351/351/351
f 350/350/350 382/382/382 351/351/351
f 351/351/351 382/382/382 383/383/383
f 382/382/382 414/414/414 383/383/383
f 383/383/383 414/414/414 415/415/415
f 414/414/414 446/446/446 415/415/415
f 415/415/415 446/446/446 447/447/447
f 446/446/446 478/478/478 447/447/447
f 447/447/447 478/478/478 479/479/479
f 478/478/478 482/482/482 479/479/479
f 1/1/1 31/31/31 32/32/32
f 31/31/31 63/63/63 32/32/32
f 32/32/32 63/63/63 64/64/64
f 63/63/63 95/95/95 64/64/64
f 64/64/64 95/95/95 96/96/96
f 95/95/95 127/127/127 96/96/96
f 96/96/96 127/127/127 128/128/128
f 127/127/127 159/159/159 128/128/128
f 128/128/128 159/159/159 160/160/160
f 159/159/159 191/191/191 160/160/160
f 160/160/160 191/191/191 192/192/192
f 191/191/191 223/223/223 192/192/192
f 192/192/192 223/223/223 224/224/224
f 223/223/223 255/255/255 224/224/224
f 224/224/224 255/255/255 256/256/256
f 255/255/255 287/287/287 256/256/256
f 256/256/256 287/287/287 288/288/288
f 287/287/287 319/319/319 288/288/288
f 288/288/288 319/319/319 320/320/320
f 319/319/319 351/351/351 320/320/320
f 320/320/320 351/351/351 352/352/352
f 351/351/351 383/383/383 352/352/352
f 352/352/352 383/383/383 384/384/384
f 383/383/383 415/415/415 384/384/384
f 384/384/384 415/415/415 416/416/416
f 415/415/415 447/447/447 416/416/416
f 416/416/416 447/447/447 448/448/448
f 447/447/447 479/479/479 448/448/448
f 448/448/448 479/479/479 480/480/480
f 479/479/479 482/482/482 480/480/480
f 1/1/1 32/32/32 33/33/33
f 32/32/32 64/64/64 33/33/33
f 33/33/33 64/64/64 65/65/65
f 64/64/64 96/96/96 65/65/65
f 65/65/65 96/96/96 97/97/97
f 96/96/96 128/128/128 97/97/97
f 97/97/97 128/128/128 129/129/129
f 128/128/128 160/160/160 129/129/129
f 129/129/129 160/160/160 161/161/161
f 160/160/160 192/192/192 161/161/161
f 161/161/161 192/192/192 193/193/193
f 192/192/192 224/224/224 193/193/193
f 193/193/193 224/224/224 225/225/225
f 224/224/224 256/256/256 225/225/225
f 225/225/225 256/256/256 257/257/257
f 256/256/256 288/288/288 257/257/257
f 257/257/257 288/288/288 289/289/289
f 288/288/288 320/320/320 289/289/289
f 289/289/289 320/320/320 321/321/321
f 320/320/320 352/352/352 321/321/321
f 321/321/321 352/352/352 353/353/353
f 352/352/352 384/384/384 353/353/353
f 353/353/353 384/384/384 385/385/385
f 384/384/384 416/416/416 385/385/385
f 385/385/385 416/416/416 417/417/417
f 416/416/416 448/448/448 417/417/417
f 417/417/417 448/448/448 449/449/449
f 448/448/448 480/480/480 449/449/449
f 449/449/449 480/480/480 481/481/481
f 480/480/480 482/482/482 481/481/481
f 1/1/1 33/33/33 2/2/2
f 33/33/33 65/65/65 2/2/2
f 2/2/2 65/65/65 34/34/34
f 65/65/65 97/97/97 34/34/34
f 34/34/34 97/97/97 66/66/66
f 97/97/97 129/129/129 66/66/66
f 66/66/66 129/129/129 98/98/98
f 129/129/129 161/161/161 98/98/98
f 98/98/98 161/161/161 130/130/130
f 161/161/161 193/193/193 130/130/130
f 130/130/130 193/193/193 162/162/162
f 193/193/193 225/225/225 162/162/162
f 162/162/162 225/225/225 194/194/194
f 225/225/225 257/257/257 194/194/194
f 194/194/194 257/257/257 226/226/226
f 257/257/257 289/289/289 226/226/226
f 226/226/226 289/289/289 258/258/258
f 289/289/289 321/321/321 258/258/258
f 258/258/258 321/321/321 290/290/290
f 321/321/321 353/353/353 290/290/290
f 290/290/290 353/353/353 322/322/322
f 353/353/353 385/385/385 322/322/322
f 322/322/322 385/385/385 354/354/354
f 385/385/385 417/417/417 354/354/354
f 354/354/354 417/417/417 386/386/386
f 417/417/417 449/449/449 386/386/386
f 386/386/386 449/449/449 418/418/418
f 449/449/449 481/481/481 418/418/418
f 418/418/418 481/481/481 450/450/450
f 481/481/481 482/482/482 450/450/450
f 483/483/483 486/486/486 484/484/484
f 484/484/484 486/486/486 487/487/487
f 484/484/484 487/487/487 485/485/485
f 485/485/485 487/487/487 488/488/488
f 486/486/486 489/489/489 487/487/487
f 487/487/487 489/489/489 490/490/490
f 487/487/487 490/490/490 488/488/488
f 488/488/488 490/490/490 491/491/491
f 489/489/489 492/492/492 490/490/490
f 490/490/490 492/492/492 493/493/493
f 490/490/490 493/493/493 491/491/491
f 491/491/491 493/493/493 494/494/494
f 492/492/492 495/495/495 493/493/493
f 493/493/493 495/495/495 496/496/496
f 493/493/493 496/496/496 494/494/494
f 494/494/494 496/496/496 497/497/497
f 495/495/495 498/498/498 496/496/496
f 496/496/496 498/498/498 499/499/499
f 496/496/496 499/499/499 497/497/497
f 497/497/497 499/499/499 500/500/500
f 498/498/498 501/501/501 499/499/499
f 499/499/499 501/501/501 502/502/502
f 499/499/499 502/502/502 500/500/500
f 500/500/500 502/502/502 503/503/503
f 501/501/501 504/504/504 502/502/502
f 502/502/502 504/504/504 505/505/505
f 502/502/502 505/505/505 503/503/503
f 503/503/503 505/505/505 506/506/506
f 504/504/504 507/507/507 505/505/505
f 505/505/505 507/507/507 508/508/508
f 505/505/505 508/508/508 506/506/506
f 506/506/506 508/508/508 509/509/509
f 507/507/507 510/510/510 508/508/508
f 508/508/508 510/510/510 511/511/511
f 508/508/508 511/511/511 509/509/509
f 509/509/509 511/511/511 512/512/512
f 510/510/510 513/513/513 511/511/511
f 511/511/511 513/513/513 514/514/514
f 511/511/511 514/514/514 512/512/512
f 512/512/512 514/514/514 515/515/515
f 513/513/513 516/516/516 514/514/514
f 514/514/514 516/516/516 517/517/517
f 514/514/514 517/517/517 515/515/515
f 515/515/515 517/517/517 518/518/518
f 516/516/516 519/519/519 517/517/517
f 517/517/517 519/519/519 520/520/520
f 517/517/517 520/520/520 518/518/518
f 518/518/518 520/520/520 521/521/521
f 519/519/519 522/522/522 520/520/520
f 520/520/520 522/522/522 523/523/523
f 520/520/520 523/523/523 521/521/521
f 521/521/521 523/523/523 524/524/524
f 522/522/522 525/525/525 523/523/523
f 523/523/523 525/525/525 526/526/526
f 523/523/523 526/526/526 524/524/524
f 524/524/524 526/526/526 527/527/527
f 525/525/525 528/528/528 526/526/526
f 526/526/526 528/528/528 529/529/529
f 526/526/526 529/529/529 527/527/527
f 527/527/527 529/529/529 530/530/530
f 528/528/528 531/531/531 529/529/529
f 529/529/529 531/531/531 532/532/532
f 529/529/529 532/532/532 530/530/530
f 530/530/530 532/532/532 533/533/533
f 534/534/534 537/537/537 535/535/535
f 535/535/535 537/537/537 538/538/538
f 535/535/535 538/538/538 536/536/536
f 536/536/536 538/538/538 539/539/539
f 537/537/537 540/540/540 538/538/538
f 538/538/538 540/540/540 541/541/541
f 538/538/538 541/541/541 539/539/539
f 539/539/539 541/541/541 542/542/542
f 540/540/540 543/543/543 541/541/541
f 541/541/541 543/543/543 544/544/544
f 541/541/541 544/544/544 542/542/542
f 542/542/542 544/544/544 545/545/545
f 543/543/543 546/546/546 544/544/544
f 544/544/544 546/546/546 547/547/547
f 544/544/544 547/547/547 545/545/545
f 545/545/545 547/547/547 548/548/548
f 546/546/546 549/549/549 547/547/547
f 547/547/547 549/549/549 550/550/550
f 547/547/547 550/550/550 548/548/548
f 548/548/548 550/550/550 551/551/551
f 549/549/549 552/552/552 550/550/550
f 550/550/550 552/552/552 553/553/553
f 550/550/550 553/553/553 551/551/551
f 551/551/551 553/553/553 554/554/554
f 552/552/552 555/555/555 553/553/553
f 553/553/553 555/555/555 556/556/556
f 553/553/553 556/556/556 554/554/554
f 554/554/554 556/556/556 557/557/557
f 555/555/555 558/558/558 556/556/556
f 556/556/556 558/558/558 559/559/559
f 556/556/556 559/559/559 557/557/557
f 557/557/557 559/559/559 560/560/560
f 558/558/558 561/561/561 559/559/559
f 559/559/559 561/561/561 562/562/562
f 559/559/559 562/562/562 560/560/560
f 560/560/560 562/562/562 563/563/563
f 561/561/561 564/564/564 562/562/562
f 562/562/562 564/564/564 565/565/565
f 562/562/562 565/565/565 563/563/563
f 563/563/563 565/565/565 566/566/566
f 564/564/564 567/567/567 565/565/565
f 565/565/565 567/567/567 568/568/568
f 565/565/565 568/568/568 566/566/566
f 566/566/566 568/568/568 569/569/569
f 567/567/567 570/570/570 568/568/568
f 568/568/568 570/570/570 571/571/571
f 568/568/568 571/571/571 569/569/569
f 569/569/569 571/571/571 572/572/572
f 570/570/570 573/573/573 571/571/571
f 571/571/571 573/573/573 574/574/574
f 571/571/571 574/574/574 572/572/572
f 572/572/572 574/574/574 575/575/575
f 573/573/573 576/576/576 574/574/574
f 574/574/574 576/576/576 577/577/577
f 574/574/574 577/577/577 575/575/575
f 575/575/575 577/577/577 578/578/578
f 576/576/576 579/579/579 577/577/577
f 577/577/577 579/579/579 580/580/580
f 577/577/577 580/580/580 578/578/578
f 578/578/578 580/580/580 581/581/581
f 579/579/579 582/582/582 580/580/580
f 580/580/580 582/582/582 583/583/583
f 580/580/580 583/583/583 581/581/581
f 581/581/581 583/583/583 584/584/584
f 585/585/585 588/588/588 586/586/586
f 586/586/586 588/588/588 589/589/589
f 586/586/586 589/589/589 587/587/587
f 587/587/587 589/589/589 590/590/590
f 588/588/588 591/591/591 589/589/589
f 589/589/589 591/591/591 592/592/592
f 589/589/589 592/592/592 590/590/590
f 590/590/590 592/592/592 593/593/593
f 591/591/591 594/594/594 592/592/592
f 592/592/592 594/594/594 595/595/595
f 592/592/592 595/595/595 593/593/593
f 593/593/593 595/595/595 596/596/596
f 594/594/594 597/597/597 595/595/595
f 595/595/595 597/597/597 598/598/598
f 595/595/595 598/598/598 596/596/596
f 596/596/596 598/598/598 599/599/599
f 597/597/597 600/600/600 598/598/598
f 598/598/598 600/600/600 601/601/601
f 598/598/598 601/601/601 599/599/599
f 599/599/599 601/601/601 602/602/602
f 600/600/600 603/603/603 601/601/601
f 601/601/601 603/603/603 604/604/604
f 601/601/601 604/604/604 602/602/602
f 602/602/602 604/604/604 605/605/605
f 603/603/603 606/606/606 604/604/604
f 604/604/604 606/606/606 607/607/607
f 604/604/604 607/607/607 605/605/605
f 605/605/605 607/607/607 608/608/608
f 606/606/606 609/609/609 607/607/607
f 607/607/607 609/609/609 610/610/610
f 607/607/607 610/610/610 608/608/608
f 608/608/608 610/610/610 611/611/611
f 612/612/612 615/615/615 613/613/613
f 613/613/613 615/615/615 616/616/616
f 613/613/613 616/616/616 614/614/614
f 614/614/614 616/616/616 617/617/617
f 615/615/615 618/618/618 616/616/616
f 616/616/616 618/618/618 619/619/619
f 616/616/616 619/619/619 617/617/617
f 617/617/617 619/619/619 620/620/620
f 618/618/618 621/621/621 619/619/619
f 619/619/619 621/621/621 622/622/622
f 619/619/619 622/622/622 620/620/620
f 620/620/620 622/622/622 623/623/623
f 621/621/621 624/624/624 622/622/622
f 622/622/622 624/624/624 625/625/625
f 622/622/622 625/625/625 623/623/623
f 623/623/623 625/625/625 626/626/626
f 624/624/624 627/627/627 625/625/625
f 625/625/625 627/627/627 628/628/628
f 625/625/625 628/628/628 626/626/626
f 626/626/626 628/628/628 629/629/629
f 627/627/627 630/630/630 628/628/628
f 628/628/628 630/630/630 631/631/631
f 628/628/628 631/631/631 629/629/629
f 629/629/629 631/631/631 632/632/632
f 630/630/630 633/633/633 631/631/631
f 631/631/631 633/633/633 634/634/634
f 631/631/631 634/634/634 632/632/632
f 632/632/632 634/634/634 635/635/635
f 633/633/633 636/636/636 634/634/634
f 634/634/634 636/636/636 637/637/637
f 634/634/634 637/637/637 635/635/635
f 635/635/635 637/637/637 638/638/638
f 639/639/639 642/642/642 640/640/640
f 640/640/640 642/642/642 643/643/643
f 640/640/640 643/643/643 641/641/641
f 641/641/641 643/643/643 644/644/644
f 642/642/642 645/645/645 643/643/643
f 643/643/643 645/645/645 646/646/646
f 643/643/643 646/646/646 644/644/644
f 644/644/644 646/646/646 647/647/647
f 645/645/645 648/648/648 646/646/646
f 646/646/646 648/648/648 649/649/649
f 646/646/646 649/649/649 647/647/647
f 647/647/647 649/649/649 650/650/650
f 648/648/648 651/651/651 649/649/649
f 649/649/649 651/651/651 652/652/652
f 649/649/649 652/652/652 650/650/650
f 650/650/650 652/652/652 653/653/653
f 651/651/651 654/654/654 652/652/652
f 652/652/652 654/654/654 655/655/655
f 652/652/652 655/655/655 653/653/653
f 653/653/653 655/655/655 656/656/656
f 654/654/654 657/657/657 655/655/655
f 655/655/655 657/657/657 658/658/658
f 655/655/655 658/658/658 656/656/656
f 656/656/656 658/658/658 659/659/659
f 657/657/657 660/660/660 658/658/658
f 658/658/658 660/660/660 661/661/661
f 658/658/658 661/661/661 659/659/659
f 659/659/659 661/661/661 662/662/662
f 660/660/660 663/663/663 661/661/661
f 661/661/661 663/663/663 664/664/664
f 661/661/661 664/664/664 662/662/662
f 662/662/662 664/664/664 665/665/665
f 666/666/666 669/669/669 667/667/667
f 667/667/667 669/669/669 670/670/670
f 667/667/667 670/670/670 668/668/668
f 668/668/668 670/670/670 671/671/671
f 669/669/669 672/672/672 670/670/670
f 670/670/670 672/672/672 673/673/673
f 670/670/670 673/673/673 671/671/671
f 671/671/671 673/673/673 674/674/674
f 672/672/672 675/675/675 673/673/673
f 673/673/673 675/675/675 676/676/676
f 673/673/673 676/676/676 674/674/674
f 674/674/674 676/676/676 677/677/677
f 675/675/675 678/678/678 676/676/676
f 676/676/676 678/678/678 679/679/679
f 676/676/676 679/679/679 677/677/677
f 677/677/677 679/679/679 680/680/680
f 678/678/678 681/681/681 679/679/679
f 679/679/679 681/681/681 682/682/682
f 679/679/679 682/682/682 680/680/680
f 680/680/680 682/682/682 683/683/683
f 681/681/681 684/684/684 682/682/682
f 682/682/682 684/684/684 685/685/685
f 682/682/682 685/685/685 683/683/683
f 683/683/683 685/685/685 686/686/686
f 684/684/684 687/687/687 685/685/685
f 685/685/685 687/687/687 688/688/688
f 685/685/685 688/688/688 686/686/686
f 686/686/686 688/688/688 689/689/689
f 687/687/687 690/690/690 688/688/688
f 688/688/688 690/690/690 691/691/691
f 688/688/688 691/691/691 689/689/689
f 689/689/689 691/691/691 692/692/692
f 693/693/693 696/696/696 694/694/694
f 694/694/694 696/696/696 697/697/697
f 694/694/694 697/697/697 695/695/695
f 695/695/695 697/697/697 698/698/698
f 696/696/696 699/699/699 697/697/697
f 697/697/697 699/699/699 700/700/700
f 697/697/697 700/700/700 698/698/698
f 698/698/698 700/700/700 701/701/701
f 699/699/699 702/702/702 700/700/700
f 700/700/700 702/702/702 703/703/703
f 700/700/700 703/703/703 701/701/701
f 701/701/701 703/703/703 704/704/704
f 702/702/702 705/705/705 703/703/703
f 703/703/703 705/705/705 706/706/706
f 703/703/703 706/706/706 704/704/704
f 704/704/704 706/706/706 707/707/707
f 705/705/705 708/708/708 706/706/706
f 706/706/706 708/708/708 709/709/709
f 706/706/706 709/709/709 707/707/707
f 707/707/707 709/709/709 710/710/710
f 708/708/708 711/711/711 709/709/709
f 709/709/709 711/711/711 712/712/712
f 709/709/709 712/712/712 710/710/710
f 710/710/710 712/712/712 713/713/713
f 711/711/711 714/714/714 712/712/712
f 712/712/712 714/714/714 715/715/715
f 712/712/712 715/715/715 713/713/713
f 713/713/713 715/715/715 716/716/716
f 714/714/714 717/717/717 715/715/715
f 715/715/715 717/717/717 718/718/718
f 715/715/715 718/718/718 716/716/716
f 716/716/716 718/718/718 719/719/719
f 717/717/717 720/720/720 718/718/718
f 718/718/718 720/720/720 721/721/721
f 718/718/718 721/721/721 719/719/719
f 719/719/719 721/721/721 722/722/722
f 720/720/720 723/723/723 721/721/721
f 721/721/721 723/723/723 724/724/724
f 721/721/721 724/724/724 722/722/722
f 722/722/722 724/724/724 725/725/725
f 723/723/723 726/726/726 724/724/724
f 724/724/724 726/726/726 727/727/727
f 724/724/724 727/727/727 725/725/725
f 725/725/725 727/727/727 728/728/728
f 726/726/726 729/729/729 727/727/727
f 727/727/727 729/729/729 730/730/730
f 727/727/727 730/730/730 728/728/728
f 728/728/728 730/730/730 731/731/731
f 729/729/729 732/732/732 730/730/730
f 730/730/730 732/732/732 733/733/733
f 730/730/730 733/733/733 731/731/731
f 731/731/731 733/733/733 734/734/734
f 732/732/732 735/735/735 733/733/733
f 733/733/733 735/735/735 736/736/736
f 733/733/733 736/736/736 734/734/734
f 734/734/734 736/736/736 737/737/737
f 735/735/735 738/738/738 736/736/736
f 736/736/736 738/738/738 739/739/739
f 736/736/736 739/739/739 737/737/737
f 737/737/737 739/739/739 740/740/740
f 738/738/738 741/741/741 739/739/739
f 739/739/739 741/741/741 742/742/742
f 739/739/739 742/742/742 740/740/740
f 740/740/740 742/742/742 743/743/743
f 744/744/744 747/747/747 745/745/745
f 745/745/745 747/747/747 748/748/748
f 745/745/745 748/748/748 746/746/746
f 746/746/746 748/748/748 749/749/749
f 747/747/747 750/750/750 748/748/748
f 748/748/748 750/750/750 751/751/751
f 748/748/748 751/751/751 749/749/749
f 749/749/749 751/751/751 752/752/752
f 750/750/750 753/753/753 751/751/751
f 751/751/751 753/753/753 754/754/754
f 751/751/751 754/754/754 752/752/752
f 752/752/752 754/754/754 755/755/755
f 753/753/753 756/756/756 754/754/754
f 754/754/754 756/756/756 757/757/757
f 754/754/754 757/757/757 755/755/755
f 755/755/755 757/757/757 758/758/758
f 756/756/756 759/759/759 757/757/757
f 757/757/757 759/759/759 760/760/760
f 757/757/757 760/760/760 758/758/758
f 758/758/758 760/760/760 761/761/761
f 759/759/759 762/762/762 760/760/760
f 760/760/760 762/762/762 763/763/763
f 760/760/760 763/763/763 761/761/761
f 761/761/761 763/763/763 764/764/764
f 762/762/762 765/765/765 763/763/763
f 763/763/763 765/765/765 766/766/766
f 763/763/763 766/766/766 764/764/764
f 764/764/764 766/766/766 767/767/767
f 765/765/765 768/768/768 766/766/766
f 766/766/766 768/768/768 769/769/769
f 766/766/766 769/769/769 767/767/767
f 767/767/767 769/769/769 770/770/770
f 768/768/768 771/771/771 769/769/769
f 769/769/769 771/771/771 772/772/772
f 769/769/769 772/772/772 770/770/770
f 770/770/770 772/772/772 773/773/773
f 771/771/771 774/774/774 772/772/772
f 772/772/772 774/774/774 775/775/775
f 772/772/772 775/775/775 773/773/773
f 773/773/773 775/775/775 776/776/776
f 774/774/774 777/777/777 775/775/775
f 775/775/775 777/777/777 778/778/778
f 775/775/775 778/778/778 776/776/776
f 776/776/776 778/778/778 779/779/779
f 777/777/777 780/780/780 778/778/778
f 778/778/778 780/780/780 781/781/781
f 778/778/778 781/781/781 779/779/779
f 779/779/779 781/781/781 782/782/782
f 780/780/780 783/783/783 781/781/781
f 781/781/781 783/783/783 784/784/784
f 781/781/781 784/784/784 782/782/782
f 782/782/782 784/784/784 785/785/785
f 783/783/783 786/786/786 784/784/784
f 784/784/784 786/786/786 787/787/787
f 784/784/784 787/787/787 785/785/785
f 785/785/785 787/787/787 788/788/788
f 786/786/786 789/789/789 787/787/787
f 787/787/787 789/789/789 790/790/790
f 787/787/787 790/790/790 788/788/788
f 788/788/788 790/790/790 791/791/791
f 789/789/789 792/792/792 790/790/790
f 790/790/790 792/792/792 793/793/793
f 790/790/790 793/793/793 791/791/791
f 791/791/791 793/793/793 794/794/794
f 795/795/795 798/798/798 796/796/796
f 796/796/796 798/798/798 799/799/799
f 796/796/796 799/799/799 797/797/797
f 797/797/797 799/799/799 800/800/800
f 798/798/798 801/801/801 799/799/799
f 799/799/799 801/801/801 802/802/802
f 799/799/799 802/802/802 800/800/800
f 800/800/800 802/802/802 803/803/803
f 801/801/801 804/804/804 802/802/802
f 802/802/802 804/804/804 805/805/805
f 802/802/802 805/805/805 803/803/803
f 803/803/803 805/805/805 806/806/806
f 804/804/804 807/807/807 805/805/805
f 805/805/805 807/807/807 808/808/808
f 805/805/805 808/808/808 806/806/806
f 806/806/806 808/808/808 809/809/809
f 807/807/807 810/810/810 808/808/808
f 808/808/808 810/810/810 811/811/811
f 808/808/808 811/811/811 809/809/809
f 809/809/809 811/811/811 812/812/812
f 810/810/810 813/813/813 811/811/811
f 811/811/811 813/813/813 814/814/814
f 811/811/811 814/814/814 812/812/812
f 812/812/812 814/814/814 815/815/815
f 813/813/813 816/816/816 814/814/814
f 814/814/814 816/816/816 817/817/817
f 814/814/814 817/817/817 815/815/815
f 815/815/815 817/817/817 818/818/818
f 816/816/816 819/819/819 817/817/817
f 817/817/817 819/819/819 820/820/820
f 817/817/817 820/820/820 818/818/818
f 818/818/818 820/820/820 821/821/821
f 822/822/822 825/825/825 823/823/823
f 823/823/823 825/825/825 826/826/826
f 823/823/823 826/826/826 824/824/824
f 824/824/824 826/826/826 827/827/827
f 825/825/825 828/828/828 826/826/826
f 826/826/826 828/828/828 829/829/829
f 826/826/826 829/829/829 827/827/827
f 827/827/827 829/829/829 830/830/830
f 828/828/828 831/831/831 829/829/829
f 829/829/829 831/831/831 832/832/832
f 829/829/829 832/832/832 830/830/830
f 830/830/830 832/832/832 833/833/833
f 831/831/831 834/834/834 832/832/832
f 832/832/832 834/834/834 835/835/835
f 832/832/832 835/835/835 833/833/833
f 833/833/833 835/835/835 836/836/836
f 834/834/834 837/837/837 835/835/835
f 835/835/835 837/837/837 838/838/838
f 835/835/835 838/838/838 836/836/836
f 836/836/836 838/838/838 839/839/839
f 837/837/837 840/840/840 838/838/838
f 838/838/838 840/840/840 841/841/841
f 838/838/838 841/841/841 839/839/839
f 839/839/839 841/841/841 842/842/842
f 840/840/840 843/843/843 841/841/841
f 841/841/841 843/843/843 844/844/844
f 841/841/841 844/844/844 842/842/842
f 842/842/842 844/844/844 845/845/845
f 843/843/843 846/846/846 844/844/844
f 844/844/844 846/846/846 847/847/847
f 844/844/844 847/847/847 845/845/845
f 845/845/845 847/847/847 848/848/848
f 849/849/849 852/852/852 850/850/850
f 850/850/850 852/852/852 853/853/853
f 850/850/850 853/853/853 851/851/851
f 851/851/851 853/853/853 854/854/854
f 852/852/852 855/855/855 853/853/853
f 853/853/853 855/855/855 856/856/856
f 853/853/853 856/856/856 854/854/854
f 854/854/854 856/856/856 857/857/857
f 855/855/855 858/858/858 856/856/856
f 856/856/856 858/858/858 859/859/859
f 856/856/856 859/859/859 857/857/857
f 857/857/857 859/859/859 860/860/860
f 858/858/858 861/861/861 859/859/859
f 859/859/859 861/861/861 862/862/862
f 859/859/859 862/862/862 860/860/860
f 860/860/860 862/862/862 863/863/863
f 861/861/861 864/864/864 862/862/862
f 862/862/862 864/864/864 865/865/865
f 862/862/862 865/865/865 863/863/863
f 863/863/863 865/865/865 866/866/866
f 864/864/864 867/867/867 865/865/865
f 865/865/865 867/867/867 868/868/868
f 865/865/865 868/868/868 866/866/866
f 866/866/866 868/868/868 869/869/869
f 867/867/867 870/870/870 868/868/868
f 868/868/868 870/870/870 871/871/871
f 868/868/868 871/871/871 869/869/869
f 869/869/869 871/871/871 872/872/872
f 870/870/870 873/873/873 871/871/871
f 871/871/871 873/873/873 874/874/874
f 871/871/871 874/874/874 872/872/872
f 872/872/872 874/874/874 875/875/875
f 876/876/876 879/879/879 877/877/877
f 877/877/877 879/879/879 880/880/880
f 877/877/877 880/880/880 878/878/878
f 878/878/878 880/880/880 881/881/881
f 879/879/879 882/882/882 880/880/880
f 880/880/880 882/882/882 883/883/883
f 880/880/880 883/883/883 881/881/881
f 881/881/881 883/883/883 884/884/884
f 882/882/882 885/885/885 883/883/883
f 883/883/883 885/885/885 886/886/886
f 883/883/883 886/886/886 884/884/884
f 884/884/884 886/886/886 887/887/887
f 885/885/885 888/888/888 886/886/886
f 886/886/886 888/888/888 889/889/889
f 886/886/886 889/889/889 887/887/887
f 887/887/887 889/889/889 890/890/890
f 888/888/888 891/891/891 889/889/889
f 889/889/889 891/891/891 892/892/892
f 889/889/889 892/892/892 890/890/890
f 890/890/890 892/892/892 893/893/893
f 891/891/891 894/894/894 892/892/892
f 892/892/892 894/894/894 895/895/895
f 892/892/892 895/895/895 893/893/893
f 893/893/893 895/895/895 896/896/896
f 894/894/894 897/897/897 895/895/895
f 895/895/895 897/897/897 898/898/898
f 895/895/895 898/898/898 896/896/896
f 896/896/896 898/898/898 899/899/899
f 897/897/897 900/900/900 898/898/898
f 898/898/898 900/900/900 901/901/901
f 898/898/898 901/901/901 899/899/899
f 899/899/899 901/901/901 902/902/902
f 903/903/903 906/906/906 904/904/904
f 904/904/904 906/906/906 907/907/907
f 904/904/904 907/907/907 905/905/905
f 905/905/905 907/907/907 908/908/908
f 906/906/906 909/909/909 907/907/907
f 907/907/907 909/909/909 910/910/910
f 907/907/907 910/910/910 908/908/908
f 908/908/908 910/910/910 911/911/911
f 909/909/909 912/912/912 910/910/910
f 910/910/910 912/912/912 913/913/913
f 910/910/910 913/913/913 911/911/911
f 911/911/911 913/913/913 914/914/914
f 912/912/912 915/915/915 913/913/913
f 913/913/913 915/915/915 916/916/916
f 913/913/913 916/916/916 914/914/914
f 914/914/914 916/916/916 917/917/917
f 915/915/915 918/918/918 916/916/916
f 916/916/916 918/918/918 919/919/919
f 916/916/916 919/919/919 917/917/917
f 917/917/917 919/919/919 920/920/920
f 918/918/918 921/921/921 919/919/919
f 919/919/919 921/921/921 922/922/922
f 919/919/919 922/922/922 920/920/920
f 920/920/920 922/922/922 923/923/923
f 921/921/921 924/924/924 922/922/922
f 922/922/922 924/924/924 925/925/925
f 922/922/922 925/925/925 923/923/923
f 923/923/923 925/925/925 926/926/926
f 924/924/924 927/927/927 925/925/925
f 925/925/925 927/927/927 928/928/928
f 925/925/925 928/928/928 926/926/926
f 926/926/926 928/928/928 929/929/929
f 927/927/927 930/930/930 928/928/928
f 928/928/928 930/930/930 931/931/931
f 928/928/928 931/931/931 929/929/929
f 929/929/929 931/931/931 932/932/932
f 930/930/930 933/933/933 931/931/931
f 931/931/931 933/933/933 934/934/934
f 931/931/931 934/934/934 932/932/932
f 932/932/932 934/934/934 935/935/935
f 933/933/933 936/936/936 934/934/934
f 934/934/934 936/936/936 937/937/937
f 934/934/934 937/937/937 935/935/935
f 935/935/935 937/937/937 938/938/938
f 936/936/936 939/939/939 937/937/937
f 937/937/937 939/939/939 940/940/940
f 937/937/937 940/940/940 938/938/938
f 938/938/938 940/940/940 941/941/941
f 939/939/939 942/942/942 940/940/940
f 940/940/940 942/942/942 943/943/943
f 940/940/940 943/943/943 941/941/941
f 941/941/941 943/943/943 944/944/944
f 942/942/942 945/945/945 943/943/943
f 943/943/943 945/945/945 946/946/946
f 943/943/943 946/946/946 944/944/944
f 944/944/944 946/946/946 947/947/947
f 945/945/945 948/948/948 946/946/946
f 946/946/946 948/948/948 949/949/949
f 946/946/946 949/949/949 947/947/947
f 947/947/947 949/949/949 950/950/950
f 948/948/948 951/951/951 949/949/949
f 949/949/949 951/951/951 952/952/952
f 949/949/949 952/952/952 950/950/950
f 950/950/950 952/952/952 953/953/953
f 954/954/954 957/957/957 955/955/955
f 955/955/955 957/957/957 958/958/958
f 955/955/955 958/958/958 956/956/956
f 956/956/956 958/958/958 959/959/959
f 957/957/957 960/960/960 958/958/958
f 958/958/958 960/960/960 961/961/961
f 958/958/958 961/961/961 959/959/959
f 959/959/959 961/961/961 962/962/962
f 960/960/960 963/963/963 961/961/961
f 961/961/961 963/963/963 964/964/964
f 961/961/961 964/964/964 962/962/962
f 962/962/962 964/964/964 965/965/965
f 963/963/963 966/966/966 964/964/964
f 964/964/964 966/966/966 967/967/967
f 964/964/964 967/967/967 965/965/965
f 965/965/965 967/967/967 968/968/968
f 966/966/966 969/969/969 967/967/967
f 967/967/967 969/969/969 970/970/970
f 967/967/967 970/970/970 968/968/968
f 968/968/968 970/970/970 971/971/971
f 969/969/969 972/972/972 970/970/970
f 970/970/970 972/972/972 973/973/973
f 970/970/970 973/973/973 971/971/971
f 971/971/971 973/973/973 974/974/974
f 972/972/972 975/975/975 973/973/973
f 973/973/973 975/975/975 976/976/976
f 973/973/973 976/976/976 974/974/974
f 974/974/974 976/976/976 977/977/977
f 975/975/975 978/978/978 976/976/976
f 976/976/976 978/978/978 979/979/979
f 976/976/976 979/979/979 977/977/977
f 977/977/977 979/979/979 980/980/980
f 978/978/978 981/981/981 979/979/979
f 979/979/979 981/981/981 982/982/982
f 979/979/979 982/982/982 980/980/980
f 980/980/980 982/982/982 983/983/983
f 981/981/981 984/984/984 982/982/982
f 982/982/982 984/984/984 985/985/985
f 982/982/982 985/985/985 983/983/983
f 983/983/983 985/985/985 986/986/986
f 984/984/984 987/987/987 985/985/985
f 985/985/985 987/987/987 988/988/988
f 985/985/985 988/988/988 986/986/986
f 986/986/986 988/988/988 989/989/989
f 987/987/987 990/990/990 988/988/988
f 988/988/988 990/990/990 991/991/991
f 988/988/988 991/991/991 989/989/989
f 989/989/989 991/991/991 992/992/992
f 990/990/990 993/993/993 991/991/991
f 991/991/991 993/993/993 994/994/994
f 991/991/991 994/994/994 992/992/992
f 992/992/992 994/994/994 995/995/995
f 993/993/993 996/996/996 994/994/994
f 994/994/994 996/996/996 997/997/997
f 994/994/994 997/997/997 995/995/995
f 995/995/995 997/997/997 998/998/998
f 996/996/996 999/999/999 997/997/997
f 997/997/997 999/999/999 1000/1000/1000
f 997/997/997 1000/1000/1000 998/998/998
f 998/998/998 1000/1000/1000 1001/1001/1001
f 999/999/999 1002/1002/1002 1000/1000/1000
f 1000/1000/1000 1002/1002/1002 1003/1003/1003
f 1000/1000/1000 1003/1003/1003 1001/1001/1001
f 1001/1001/1001 1003/1003/1003 1004/1004/1004
f 1005/1005/1005 1008/1008/1008 1006/1006/1006
f 1006/1006/1006 1008/1008/1008 1009/1009/1009
f 1006/1006/1006 1009/1009/1009 1007/1007/1007
f 1007/1007/1007 1009/1009/1009 1010/1010/1010
f 1008/1008/1008 1011/1011/1011 1009/1009/1009
f 1009/1009/1009 1011/1011/1011 1012/1012/1012
f 1009/1009/1009 1012/1012/1012 1010/1010/1010
f 1010/1010/1010 1012/1012/1012 1013/1013/1013
f 1011/1011/1011 1014/1014/1014 1012/1012/1012
f 1012/1012/1012 1014/1014/1014 1015/1015/1015
f 1012/1012/1012 1015/1015/1015 1013/1013/1013
f 1013/1013/1013 1015/1015/1015 1016/1016/1016
f 1014/1014/1014 1017/1017/1017 1015/1015/1015
f 1015/1015/1015 1017/1017/1017 1018/1018/1018
f 1015/1015/1015 1018/1018/1018 1016/1016/1016
f 1016/1016/1016 1018/1018/1018 1019/1019/1019
f 1017/1017/1017 1020/1020/1020 1018/1018/1018
f 1018/1018/1018 1020/1020/1020 1021/1021/1021
f 1018/1018/1018 1021/1021/1021 1019/1019/1019
f 1019/1019/1019 1021/1021/1021 1022/1022/1022
f 1020/1020/1020 1023/1023/1023 1021/1021/1021
f 1021/1021/1021 1023/1023/1023 1024/1024/1024
f 1021/1021/1021 1024/1024/1024 1022/1022/1022
f 1022/1022/1022 1024/1024/1024 1025/1025/1025
f 1023/1023/1023 1026/1026/1026 1024/1024/1024
f 1024/1024/1024 1026/1026/1026 1027/1027/1027
f 1024/1024/1024 1027/1027/1027 1025/1025/1025
f 1025/1025/1025 1027/1027/1027 1028/1028/1028
f 1026/1026/1026 1029/1029/1029 1027/1027/1027
f 1027/1027/1027 1029/1029/1029 1030/1030/1030
f 1027/1027/1027 1030/1030/1030 1028/1028/1028
f 1028/1028/1028 1030/1030/1030 1031/1031/1031
f 1032/1032/1032 1035/1035/1035 1033/1033/1033
f 1033/1033/1033 1035/1035/1035 1036/1036/1036
f 1033/1033/1033 1036/1036/1036 1034/1034/1034
f 1034/1034/1034 1036/1036/1036 1037/1037/1037
f 1035/1035/1035 1038/1038/1038 1036/1036/1036
f 1036/1036/1036 1038/1038/1038 1039/1039/1039
f 1036/1036/1036 1039/1039/1039 1037/1037/1037
f 1037/1037/1037 1039/1039/1039 1040/1040/1040
f 1038/1038/1038 1041/1041/1041 1039/1039/1039
f 1039/1039/1039 1041/1041/1041 1042/1042/1042
f 1039/1039/1039 1042/1042/1042 1040/1040/1040
f 1040/1040/1040 1042/1042/1042 1043/1043/1043
f 1041/1041/1041 1044/1044/1044 1042/1042/1042
f 1042/1042/1042 1044/1044/1044 1045/1045/1045
f 1042/1042/1042 1045/1045/1045 1043/1043/1043
f 1043/1043/1043 1045/1045/1045 1046/1046/1046
f 1044/1044/1044 1047/1047/1047 1045/1045/1045
f 1045/1045/1045 1047/1047/1047 1048/1048/1048
f 1045/1045/1045 1048/1048/1048 1046/1046/1046
f 1046/1046/1046 1048/1048/1048 1049/1049/1049
f 1047/1047/1047 1050/1050/1050 1048/1048/1048
f 1048/1048/1048 1050/1050/1050 1051/1051/1051
f 1048/1048/1048 1051/1051/1051 1049/1049/1049
f 1049/1049/1049 1051/1051/1051 1052/1052/1052
f 1050/1050/1050 1053/1053/1053 1051/1051/1051
f 1051/1051/1051 1053/1053/1053 1054/1054/1054
f 1051/1051/1051 1054/1054/1054 1052/1052/1052
f 1052/1052/1052 1054/1054/1054 1055/1055/1055
f 1053/1053/1053 1056/1056/1056 1054/1054/1054
f 1054/1054/1054 1056/1056/1056 1057/1057/1057
f 1054/1054/1054 1057/1057/1057 1055/1055/1055
f 1055/1055/1055 1057/1057/1057 1058/1058/1058
f 1059/1059/1059 1062/1062/1062 1060/1060/1060
f 1060/1060/1060 1062/1062/1062 1063/1063/1063
f 1060/1060/1060 1063/1063/1063 1061/1061/1061
f 1061/1061/1061 1063/1063/1063 1064/1064/1064
f 1062/1062/1062 1065/1065/1065 1063/1063/1063
f 1063/1063/1063 1065/1065/1065 1066/1066/1066
f 1063/1063/1063 1066/1066/1066 1064/1064/1064
f 1064/1064/1064 1066/1066/1066 1067/1067/1067
f 1065/1065/1065 1068/1068/1068 1066/1066/1066
f 1066/1066/1066 1068/1068/1068 1069/1069/1069
f 1066/1066/1066 1069/1069/1069 1067/1067/1067
f 1067/1067/1067 1069/1069/1069 1070/1070/1070
f 1068/1068/1068 1071/1071/1071 1069/1069/1069
f 1069/1069/1069 1071/1071/1071 1072/1072/1072
f 1069/1069/1069 1072/1072/1072 1070/1070/1070
f 1070/1070/1070 1072/1072/1072 1073/1073/1073
f 1071/1071/1071 1074/1074/1074 1072/1072/1072
f 1072/1072/1072 1074/1074/1074 1075/1075/1075
f 1072/1072/1072 1075/1075/1075 1073/1073/1073
f 1073/1073/1073 1075/1075/1075 1076/1076/1076
f 1074/1074/1074 1077/1077/1077 1075/1075/1075
f 1075/1075/1075 1077/1077/1077 1078/1078/1078
f 1075/1075/1075 1078/1078/1078 1076/1076/1076
f 1076/1076/1076 1078/1078/1078 1079/1079/1079
f 1077/1077/1077 1080/1080/1080 1078/1078/1078
f 1078/1078/1078 1080/1080/1080 1081/1081/1081
f 1078/1078/1078 1081/1081/1081 1079/1079/1079
f 1079/1079/1079 1081/1081/1081 1082/1082/1082
f 1080/1080/1080 1083/1083/1083 1081/1081/1081
f 1081/1081/1081 1083/1083/1083 1084/1084/1084
f 1081/1081/1081 1084/1084/1084 1082/1082/1082
f 1082/1082/1082 1084/1084/1084 1085/1085/1085
f 1086/1086/1086 1089/1089/1089 1087/1087/1087
f 1087/1087/1087 1089/1089/1089 1090/1090/1090
f 1087/1087/1087 1090/1090/1090 1088/1088/1088
f 1088/1088/1088 1090/1090/1090 1091/1091/1091
f 1089/1089/1089 1092/1092/1092 1090/1090/1090
f 1090/1090/1090 1092/1092/1092 1093/1093/1093
f 1090/1090/1090 1093/1093/1093 1091/1091/1091
f 1091/1091/1091 1093/1093/1093 1094/1094/1094
f 1092/1092/1092 1095/1095/1095 1093/1093/1093
f 1093/1093/1093 1095/1095/1095 1096/1096/1096
f 1093/1093/1093 1096/1096/1096 1094/1094/1094
f 1094/1094/1094 1096/1096/1096 1097/1097/1097
f 1095/1095/1095 1098/1098/1098 1096/1096/1096
f 1096/1096/1096 1098/1098/1098 1099/1099/1099
f 1096/1096/1096 1099/1099/1099 1097/1097/1097
f 1097/1097/1097 1099/1099/1099 1100/1100/1100
f 1098/1098/1098 1101/1101/1101 1099/1099/1099
f 1099/1099/1099 1101/1101/1101 1102/1102/1102
f 1099/1099/1099 1102/1102/1102 1100/1100/1100
f 1100/1100/1100 1102/1102/1102 1103/1103/1103
f 1101/1101/1101 1104/1104/1104 1102/1102/1102
f 1102/1102/1102 1104/1104/1104 1105/1105/1105
f 1102/1102/1102 1105/1105/1105 1103/1103/1103
f 1103/1103/1103 1105/1105/1105 1106/1106/1106
f 1104/1104/1104 1107/1107/1107 1105/1105/1105
f 1105/1105/1105 1107/1107/1107 1108/1108/1108
f 1105/1105/1105 1108/1108/1108 1106/1106/1106
f 1106/1106/1106 1108/1108/1108 1109/1109/1109
f 1107/1107/1107 1110/1110/1110 1108/1108/1108
f 1108/1108/1108 1110/1110/1110 1111/1111/1111
f 1108/1108/1108 1111/1111/1111 1109/1109/1109
f 1109/1109/1109 1111/1111/1111 1112/1112/1112
f 1113/1113/1113 1116/1116/1116 1114/1114/1114
f 1114/1114/1114 1116/1116/1116 1117/1117/1117
f 1114/1114/1114 1117/1117/1117 1115/1115/1115
f 1115/1115/1115 1117/1117/1117 1118/1118/1118
f 1116/1116/1116 1119/1119/1119 1117/1117/1117
f 1117/1117/1117 1119/1119/1119 1120/1120/1120
f 1117/1117/1117 1120/1120/1120 1118/1118/1118
f 1118/1118/1118 1120/1120/1120 1121/1121/1121
f 1119/1119/1119 1122/1122/1122 1120/1120/1120
f 1120/1120/1120 1122/1122/1122 1123/1123/1123
f 1120/1120/1120 1123/1123/1123 1121/1121/1121
f 1121/1121/1121 1123/1123/1123 1124/1124/1124
f 1122/1122/1122 1125/1125/1125 1123/1123/1123
f 1123/1123/1123 1125/1125/1125 1126/1126/1126
f 1123/1123/1123 1126/1126/1126 1124/1124/1124
f 1124/1124/1124 1126/1126/1126 1127/1127/1127
f 1125/1125/1125 1128/1128/1128 1126/1126/1126
f 1126/1126/1126 1128/1128/1128 1129/1129/1129
f 1126/1126/1126 1129/1129/1129 1127/1127/1127
f 1127/1127/1127 1129/1129/1129 1130/1130/1130
f 1128/1128/1128 1131/1131/1131 1129/1129/1129
f 1129/1129/1129 1131/1131/1131 1132/1132/1132
f 1129/1129/1129 1132/1132/1132 1130/1130/1130
f 1130/1130/1130 1132/1132/1132 1133/1133/1133
f 1131/1131/1131 1134/1134/1134 1132/1132/1132
f 1132/1132/1132 1134/1134/1134 1135/1135/1135
f 1132/1132/1132 1135/1135/1135 1133/1133/1133
f 1133/1133/1133 1135/1135/1135 1136/1136/1136
f 1134/1134/1134 1137/1137/1137 1135/1135/1135
f 1135/1135/1135 1137/1137/1137 1138/1138/1138
f 1135/1135/1135 1138/1138/1138 1136/1136/1136
f 1136/1136/1136 1138/1138/1138 1139/1139/1139
f 1137/1137/1137 1140/1140/1140 1138/1138/1138
f 1138/1138/1138 1140/1140/1140 1141/1141/1141
f 1138/1138/1138 1141/1141/1141 1139/1139/1139
f 1139/1139/1139 1141/1141/1141 1142/1142/1142
f 1140/1140/1140 1143/1143/1143 1141/1141/1141
f 1141/1141/1141 1143/1143/1143 1144/1144/1144
f 1141/1141/1141 1144/1144/1144 1142/1142/1142
f 1142/1142/1142 1144/1144/1144 1145/1145/1145
f 1143/1143/1143 1146/1146/1146 1144/1144/1144
f 1144/1144/1144 1146/1146/1146 1147/1147/1147
f 1144/1144/1144 1147/1147/1147 1145/1145/1145
f 1145/1145/1145 1147/1147/1147 1148/1148/1148
f 1146/1146/1146 1149/1149/1149 1147/1147/1147
f 1147/1147/1147 1149/1149/1149 1150/1150/1150
f 1147/1147/1147 1150/1150/1150 1148/1148/1148
f 1148/1148/1148 1150/1150/1150 1151/1151/1151
f 1149/1149/1149 1152/1152/1152 1150/1150/1150
f 1150/1150/1150 1152/1152/1152 1153/1153/1153
f 1150/1150/1150 1153/1153/1153 1151/1151/1151
f 1151/1151/1151 1153/1153/1153 1154/1154/1154
f 1152/1152/1152 1155/1155/1155 1153/1153/1153
f 1153/1153/1153 1155/1155/1155 1156/1156/1156
f 1153/1153/1153 1156/1156/1156 1154/1154/1154
f 1154/1154/1154 1156/1156/1156 1157/1157/1157
f 1155/1155/1155 1158/1158/1158 1156/1156/1156
f 1156/1156/1156 1158/1158/1158 1159/1159/1159
f 1156/1156/1156 1159/1159/1159 1157/1157/1157
f 1157/1157/1157 1159/1159/1159 1160/1160/1160
f 1158/1158/1158 1161/1161/1161 1159/1159/1159
f 1159/1159/1159 1161/1161/1161 1162/1162/1162
f 1159/1159/1159 1162/1162/1162 1160/1160/1160
f 1160/1160/1160 1162/1162/1162 1163/1163/1163
f 1164/1164/1164 1167/1167/1167 1165/1165/1165
f 1165/1165/1165 1167/1167/1167 1168/1168/1168
f 1165/1165/1165 1168/1168/1168 1166/1166/1166
f 1166/1166/1166 1168/1168/1168 1169/1169/1169
f 1167/1167/1167 1170/1170/1170 1168/1168/1168
f 1168/1168/1168 1170/1170/1170 1171/1171/1171
f 1168/1168/1168 1171/1171/1171 1169/1169/1169
f 1169/1169/1169 1171/1171/1171 1172/1172/1172
f 1170/1170/1170 1173/1173/1173 1171/1171/1171
f 1171/1171/1171 1173/1173/1173 1174/1174/1174
f 1171/1171/1171 1174/1174/1174 1172/1172/1172
f 1172/1172/1172 1174/1174/1174 1175/1175/1175
f 1173/1173/1173 1176/1176/1176 1174/1174/1174
f 1174/1174/1174 1176/1176/1176 1177/1177/1177
f 1174/1174/1174 1177/1177/1177 1175/1175/1175
f 1175/1175/1175 1177/1177/1177 1178/1178/1178
f 1176/1176/1176 1179/1179/1179 1177/1177/1177
f 1177/1177/1177 1179/1179/1179 1180/1180/1180
f 1177/1177/1177 1180/1180/1180 1178/1178/1178
f 1178/1178/1178 1180/1180/1180 1181/1181/1181
f 1179/1179/1179 1182/1182/1182 1180/1180/1180
f 1180/1180/1180 1182/1182/1182 1183/1183/1183
f 1180/1180/1180 1183/1183/1183 1181/1181/1181
f 1181/1181/1181 1183/1183/1183 1184/1184/1184
f 1182/1182/1182 1185/1185/1185 1183/1183/1183
f 1183/1183/1183 1185/1185/1185 1186/1186/1186
f 1183/1183/1183 1186/1186/1186 1184/1184/1184
f 1184/1184/1184 1186/1186/1186 1187/1187/1187
f 1185/1185/1185 1188/1188/1188 1186/1186/1186
f 1186/1186/1186 1188/1188/1188 1189/1189/1189
f 1186/1186/1186 1189/1189/1189 1187/1187/1187
f 1187/1187/1187 1189/1189/1189 1190/1190/1190
f 1188/1188/1188 1191/1191/1191 1189/1189/1189
f 1189/1189/1189 1191/1191/1191 1192/1192/1192
f 1189/1189/1189 1192/1192/1192 1190/1190/1190
f 1190/1190/1190 1192/1192/1192 1193/1193/1193
f 1191/1191/1191 1194/1194/1194 1192/1192/1192
f 1192/1192/1192 1194/1194/1194 1195/1195/1195
f 1192/1192/1192 1195/1195/1195 1193/1193/1193
f 1193/1193/1193 1195/1195/1195 1196/1196/1196
f 1194/1194/1194 1197/1197/1197 1195/1195/1195
f 1195/1195/1195 1197/1197/1197 1198/1198/1198
f 1195/1195/1195 1198/1198/1198 1196/1196/1196
f 1196/1196/1196 1198/1198/1198 1199/1199/1199
f 1197/1197/1197 1200/1200/1200 1198/1198/1198
f 1198/1198/1198 1200/1200/1200 1201/1201/1201
f 1198/1198/1198 1201/1201/1201 1199/1199/1199
f 1199/1199/1199 1201/1201/1201 1202/1202/1202
f 1200/1200/1200 1203/1203/1203 1201/1201/1201
f 1201/1201/1201 1203/1203/1203 1204/1204/1204
f 1201/1201/1201 1204/1204/1204 1202/1202/1202
f 1202/1202/1202 1204/1204/1204 1205/1205/1205
f 1203/1203/1203 1206/1206/1206 1204/1204/1204
f 1204/1204/1204 1206/1206/1206 1207/1207/1207
f 1204/1204/1204 1207/1207/1207 1205/1205/1205
f 1205/1205/1205 1207/1207/1207 1208/1208/1208
f 1206/1206/1206 1209/1209/1209 1207/1207/1207
f 1207/1207/1207 1209/1209/1209 1210/1210/1210
f 1207/1207/1207 1210/1210/1210 1208/1208/1208
f 1208/1208/1208 1210/1210/1210 1211/1211/1211
f 1209/1209/1209 1212/1212/1212 1210/1210/1210
f 1210/1210/1210 1212/1212/1212 1213/1213/1213
f 1210/1210/1210 1213/1213/1213 1211/1211/1211
f 1211/1211/1211 1213/1213/1213 1214/1214/1214
f 1215/1215/1215 1218/1218/1218 1216/1216/1216
f 1216/1216/1216 1218/1218/1218 1219/1219/1219
f 1216/1216/1216 1219/1219/1219 1217/1217/1217
f 1217/1217/1217 1219/1219/1219 1220/1220/1220
f 1218/1218/1218 1221/1221/1221 1219/1219/1219
f 1219/1219/1219 1221/1221/1221 1222/1222/1222
f 1219/1219/1219 1222/1222/1222 1220/1220/1220
f 1220/1220/1220 1222/1222/1222 1223/1223/1223
f 1221/1221/1221 1224/1224/1224 1222/1222/1222
f 1222/1222/1222 1224/1224/1224 1225/1225/1225
f 1222/1222/1222 1225/1225/1225 1223/1223/1223
f 1223/1223/1223 1225/1225/1225 1226/1226/1226
f 1224/1224/1224 1227/1227/1227 1225/1225/1225
f 1225/1225/1225 1227/1227/1227 1228/1228/1228
f 1225/1225/1225 1228/1228/1228 1226/1226/1226
f 1226/1226/1226 1228/1228/1228 1229/1229/1229
f 1227/1227/1227 1230/1230/1230 1228/1228/1228
f 1228/1228/1228 1230/1230/1230 1231/1231/1231
f 1228/1228/1228 1231/1231/1231 1229/1229/1229
f 1229/1229/1229 1231/1231/1231 1232/1232/1232
f 1230/1230/1230 1233/1233/1233 1231/1231/1231
f 1231/1231/1231 1233/1233/1233 1234/1234/1234
f 1231/1231/1231 1234/1234/1234 1232/1232/1232
f 1232/1232/1232 1234/1234/1234 1235/1235/1235
f 1233/1233/1233 1236/1236/1236 1234/1234/1234
f 1234/1234/1234 1236/1236/1236 1237/1237/1237
f 1234/1234/1234 1237/1237/1237 1235/1235/1235
f 1235/1235/1235 1237/1237/1237 1238/1238/1238
f 1236/1236/1236 1239/1239/1239 1237/1237/1237
f 1237/1237/1237 1239/1239/1239 1240/1240/1240
f 1237/1237/1237 1240/1240/1240 1238/1238/1238
f 1238/1238/1238 1240/1240/1240 1241/1241/1241
f 1242/1242/1242 1245/1245/1245 1243/1243/1243
f 1243/1243/1243 1245/1245/1245 1246/1246/1246
f 1243/1243/1243 1246/1246/1246 1244/1244/1244
f 1244/1244/1244 1246/1246/1246 1247/1247/1247
f 1245/1245/1245 1248/1248/1248 1246/1246/1246
f 1246/1246/1246 1248/1248/1248 1249/1249/1249
f 1246/1246/1246 1249/1249/1249 1247/1247/1247
f 1247/1247/1247 1249/1249/1249 1250/1250/1250
f 1248/1248/1248 1251/1251/1251 1249/1249/1249
f 1249/1249/1249 1251/1251/1251 1252/1252/1252
f 1249/1249/1249 1252/1252/1252 1250/1250/1250
f 1250/1250/1250 1252/1252/1252 1253/1253/1253
f 1251/1251/1251 1254/1254/1254 1252/1252/1252
f 1252/1252/1252 1254/1254/1254 1255/1255/1255
f 1252/1252/1252 1255/1255/1255 1253/1253/1253
f 1253/1253/1253 1255/1255/1255 1256/1256/1256
f 1254/1254/1254 1257/1257/1257 1255/1255/1255
f 1255/1255/1255 1257/1257/1257 1258/1258/1258
f 1255/1255/1255 1258/1258/1258 1256/1256/1256
f 1256/1256/1256 1258/1258/1258 1259/1259/1259
f 1257/1257/1257 1260/1260/1260 1258/1258/1258
f 1258/1258/1258 1260/1260/1260 1261/1261/1261
f 1258/1258/1258 1261/1261/1261 1259/1259/1259
f 1259/1259/1259 1261/1261/1261 1262/1262/1262
f 1260/1260/1260 1263/1263/1263 1261/1261/1261
f 1261/1261/1261 1263/1263/1263 1264/1264/1264
f 1261/1261/1261 1264/1264/1264 1262/1262/1262
f 1262/1262/1262 1264/1264/1264 1265/1265/1265
f 1263/1263/1263 1266/1266/1266 1264/1264/1264
f 1264/1264/1264 1266/1266/1266 1267/1267/1267
f 1264/1264/1264 1267/1267/1267 1265/1265/1265
f 1265/1265/1265 1267/1267/1267 1268/1268/1268
f 1269/1269/1269 1272/1272/1272 1270/1270/1270
f 1270/1270/1270 1272/1272/1272 1273/1273/1273
f 1270/1270/1270 1273/1273/1273 1271/1271/1271
f 1271/1271/1271 1273/1273/1273 1274/1274/1274
f 1272/1272/1272 1275/1275/1275 1273/1273/1273
f 1273/1273/1273 1275/1275/1275 1276/1276/1276
f 1273/1273/1273 1276/1276/1276 1274/1274/1274
f 1274/1274/1274 1276/1276/1276 1277/1277/1277
f 1275/1275/1275 1278/1278/1278 1276/1276/1276
f 1276/1276/1276 1278/1278/1278 1279/1279/1279
f 1276/1276/1276 1279/1279/1279 1277/1277/1277
f 1277/1277/1277 1279/1279/1279 1280/1280/1280
f 1278/1278/1278 1281/1281/1281 1279/1279/1279
f 1279/1279/1279 1281/1281/1281 1282/1282/1282
f 1279/1279/1279 1282/1282/1282 1280/1280/1280
f 1280/1280/1280 1282/1282/1282 1283/1283/1283
f 1281/1281/1281 1284/1284/1284 1282/1282/1282
f 1282/1282/1282 1284/1284/1284 1285/1285/1285
f 1282/1282/1282 1285/1285/1285 1283/1283/1283
f 1283/1283/1283 1285/1285/1285 1286/1286/1286
f 1284/1284/1284 1287/1287/1287 1285/1285/1285
f 1285/1285/1285 1287/1287/1287 1288/1288/1288
f 1285/1285/1285 1288/1288/1288 1286/1286/1286
f 1286/1286/1286 1288/1288/1288 1289/1289/1289
f 1287/1287/1287 1290/1290/1290 1288/1288/1288
f 1288/1288/1288 1290/1290/1290 1291/1291/1291
f 1288/1288/1288 1291/1291/1291 1289/1289/1289
f 1289/1289/1289 1291/1291/1291 1292/1292/1292
f 1290/1290/1290 1293/1293/1293 1291/1291/1291
f 1291/1291/1291 1293/1293/1293 1294/1294/1294
f 1291/1291/1291 1294/1294/1294 1292/1292/1292
f 1292/1292/1292 1294/1294/1294 1295/1295/1295
f 1296/1296/1296 1299/1299/1299 1297/1297/1297
f 1297/1297/1297 1299/1299/1299 1300/1300/1300
f 1297/1297/1297 1300/1300/1300 1298/1298/1298
f 1298/1298/1298 1300/1300/1300 1301/1301/1301
f 1299/1299/1299 1302/1302/1302 1300/1300/1300
f 1300/1300/1300 1302/1302/1302 1303/1303/1303
f 1300/1300/1300 1303/1303/1303 1301/1301/1301
f 1301/1301/1301 1303/1303/1303 1304/1304/1304
f 1302/1302/1302 1305/1305/1305 1303/1303/1303
f 1303/1303/1303 1305/1305/1305 1306/1306/1306
f 1303/1303/1303 1306/1306/1306 1304/1304/1304
f 1304/1304/1304 1306/1306/1306 1307/1307/1307
f 1305/1305/1305 1308/1308/1308 1306/1306/1306
f 1306/1306/1306 1308/1308/1308 1309/1309/1309
f 1306/1306/1306 1309/1309/1309 1307/1307/1307
f 1307/1307/1307 1309/1309/1309 1310/1310/1310
f 1308/1308/1308 1311/1311/1311 1309/1309/1309
f 1309/1309/1309 1311/1311/1311 1312/1312/1312
f 1309/1309/1309 1312/1312/1312 1310/1310/1310
f 1310/1310/1310 1312/1312/1312 1313/1313/1313
f 1311/1311/1311 1314/1314/1314 1312/1312/1312
f 1312/1312/1312 1314/1314/1314 1315/1315/1315
f 1312/1312/1312 1315/1315/1315 1313/1313/1313
f 1313/1313/1313 1315/1315/1315 1316/1316/1316
f 1314/1314/1314 1317/1317/1317 1315/1315/1315
f 1315/1315/1315 1317/1317/1317 1318/1318/1318
f 1315/1315/1315 1318/1318/1318 1316/1316/1316
f 1316/1316/1316 1318/1318/1318 1319/1319/1319
f 1317/1317/1317 1320/1320/1320 1318/1318/1318
f 1318/1318/1318 1320/1320/1320 1321/1321/1321
f 1318/1318/1318 1321/1321/1321 1319/1319/1319
f 1319/1319/1319 1321/1321/1321 1322/1322/1322
f 1323/1323/1323 1326/1326/1326 1324/1324/1324
f 1324/1324/1324 1326/1326/1326 1327/1327/1327
f 1324/1324/1324 1327/1327/1327 1325/1325/1325
f 1325/1325/1325 1327/1327/1327 1328/1328/1328
f 1326/1326/1326 1329/1329/1329 1327/1327/1327
f 1327/1327/1327 1329/1329/1329 1330/1330/1330
f 1327/1327/1327 1330/1330/1330 1328/1328/1328
f 1328/1328/1328 1330/1330/1330 1331/1331/1331
f 1329/1329/1329 1332/1332/1332 1330/1330/1330
f 1330/1330/1330 1332/1332/1332 1333/1333/1333
f 1330/1330/1330 1333/1333/1333 1331/1331/1331
f 1331/1331/1331 1333/1333/1333 1334/1334/1334
f 1332/1332/1332 1335/1335/1335 1333/1333/1333
f 1333/1333/1333 1335/1335/1335 1336/1336/1336
f 1333/1333/1333 1336/1336/1336 1334/1334/1334
f 1334/1334/1334 1336/1336/1336 1337/1337/1337
f 1335/1335/1335 1338/1338/1338 1336/1336/1336
f 1336/1336/1336 1338/1338/1338 1339/1339/1339
f 1336/1336/1336 1339/1339/1339 1337/1337/1337
f 1337/1337/1337 1339/1339/1339 1340/1340/1340
f 1338/1338/1338 1341/1341/1341 1339/1339/1339
f 1339/1339/1339 1341/1341/1341 1342/1342/1342
f 1339/1339/1339 1342/1342/1342 1340/1340/1340
f 1340/1340/1340 1342/1342/1342 1343/1343/1343
f 1341/1341/1341 1344/1344/1344 1342/1342/1342
f 1342/1342/1342 1344/1344/1344 1345/1345/1345
f 1342/1342/1342 1345/1345/1345 1343/1343/1343
f 1343/1343/1343 1345/1345/1345 1346/1346/1346
f 1344/1344/1344 1347/1347/1347 1345/1345/1345
f 1345/1345/1345 1347/1347/1347 1348/1348/1348
f 1345/1345/1345 1348/1348/1348 1346/1346/1346
f 1346/1346/1346 1348/1348/1348 1349/1349/1349
f 1347/1347/1347 1350/1350/1350 1348/1348/1348
f 1348/1348/1348 1350/1350/1350 1351/1351/1351
f 1348/1348/1348 1351/1351/1351 1349/1349/1349
f 1349/1349/1349 1351/1351/1351 1352/1352/1352
f 1350/1350/1350 1353/1353/1353 1351/1351/1351
f 1351/1351/1351 1353/1353/1353 1354/1354/1354
f 1351/1351/1351 1354/1354/1354 1352/1352/1352
f 1352/1352/1352 1354/1354/1354 1355/1355/1355
f 1353/1353/1353 1356/1356/1356 1354/1354/1354
f 1354/1354/1354 1356/1356/1356 1357/1357/1357
f 1354/1354/1354 1357/1357/1357 1355/1355/1355
f 1355/1355/1355 1357/1357/1357 1358/1358/1358
f 1356/1356/1356 1359/1359/1359 1357/1357/1357
f 1357/1357/1357 1359/1359/1359 1360/1360/1360
f 1357/1357/1357 1360/1360/1360 1358/1358/1358
f 1358/1358/1358 1360/1360/1360 1361/1361/1361
f 1359/1359/1359 1362/1362/1362 1360/1360/1360
f 1360/1360/1360 1362/1362/1362 1363/1363/1363
f 1360/1360/1360 1363/1363/1363 1361/1361/1361
f 1361/1361/1361 1363/1363/1363 1364/1364/1364
f 1362/1362/1362 1365/1365/1365 1363/1363/1363
f 1363/1363/1363 1365/1365/1365 1366/1366/1366
f 1363/1363/1363 1366/1366/1366 1364/1364/1364
f 1364/1364/1364 1366/1366/1366 1367/1367/1367
f 1365/1365/1365 1368/1368/1368 1366/1366/1366
f 1366/1366/1366 1368/1368/1368 1369/1369/1369
f 1366/1366/1366 1369/1369/1369 1367/1367/1367
f 1367/1367/1367 1369/1369/1369 1370/1370/1370
f 1368/1368/1368 1371/1371/1371 1369/1369/1369
f 1369/1369/1369 1371/1371/1371 1372/1372/1372
f 1369/1369/1369 1372/1372/1372 1370/1370/1370
f 1370/1370/1370 1372/1372/1372 1373/1373/1373
f 1374/1374/1374 1377/1377/1377 1375/1375/1375
f 1375/1375/1375 1377/1377/1377 1378/1378/1378
f 1375/1375/1375 1378/1378/1378 1376/1376/1376
f 1376/1376/1376 1378/1378/1378 1379/1379/1379
f 1377/1377/1377 1380/1380/1380 1378/1378/1378
f 1378/1378/1378 1380/1380/1380 1381/1381/1381
f 1378/1378/1378 1381/1381/1381 1379/1379/1379
f 1379/1379/1379 1381/1381/1381 1382/1382/1382
f 1380/1380/1380 1383/1383/1383 1381/1381/1381
f 1381/1381/1381 1383/1383/1383 1384/1384/1384
f 1381/1381/1381 1384/1384/1384 1382/1382/1382
f 1382/1382/1382 1384/1384/1384 1385/1385/1385
f 1383/1383/1383 1386/1386/1386 1384/1384/1384
f 1384/1384/1384 1386/1386/1386 1387/1387/1387
f 1384/1384/1384 1387/1387/1387 1385/1385/1385
f 1385/1385/1385 1387/1387/1387 1388/1388/1388
f 1386/1386/1386 1389/1389/1389 1387/1387/1387
f 1387/1387/1387 1389/1389/1389 1390/1390/1390
f 1387/1387/1387 1390/1390/1390 1388/1388/1388
f 1388/1388/1388 1390/1390/1390 1391/1391/1391
f 1389/1389/1389 1392/1392/1392 1390/1390/1390
f 1390/1390/1390 1392/1392/1392 1393/1393/1393
f 1390/1390/1390 1393/1393/1393 1391/1391/1391
f 1391/1391/1391 1393/1393/1393 1394/1394/1394
f 1392/1392/1392 1395/1395/1395 1393/1393/1393
f 1393/1393/1393 1395/1395/1395 1396/1396/1396
f 1393/1393/1393 1396/1396/1396 1394/1394/1394
f 1394/1394/1394 1396/1396/1396 1397/1397/1397
f 1395/1395/1395 1398/1398/1398 1396/1396/1396
f 1396/1396/1396 1398/1398/1398 1399/1399/1399
f 1396/1396/1396 1399/1399/1399 1397/1397/1397
f 1397/1397/1397 1399/1399/1399 1400/1400/1400
f 1398/1398/1398 1401/1401/1401 1399/1399/1399
f 1399/1399/1399 1401/1401/1401 1402/1402/1402
f 1399/1399/1399 1402/1402/1402 1400/1400/1400
f 1400/1400/1400 1402/1402/1402 1403/1403/1403
f 1401/1401/1401 1404/1404/1404 1402/1402/1402
f 1402/1402/1402 1404/1404/1404 1405/1405/1405
f 1402/1402/1402 1405/1405/1405 1403/1403/1403
f 1403/1403/1403 1405/1405/1405 1406/1406/1406
f 1404/1404/1404 1407/1407/1407 1405/1405/1405
f 1405/1405/1405 1407/1407/1407 1408/1408/1408
f 1405/1405/1405 1408/1408/1408 1406/1406/1406
f 1406/1406/1406 1408/1408/1408 1409/1409/1409
f 1407/1407/1407 1410/1410/1410 1408/1408/1408
f 1408/1408/1408 1410/1410/1410 1411/1411/1411
f 1408/1408/1408 1411/1411/1411 1409/1409/1409
f 1409/1409/1409 1411/1411/1411 1412/1412/1412
f 1410/1410/1410 1413/1413/1413 1411/1411/1411
f 1411/1411/1411 1413/1413/1413 1414/1414/1414
f 1411/1411/1411 1414/1414/1414 1412/1412/1412
f 1412/1412/1412 1414/1414/1414 1415/1415/1415
f 1413/1413/1413 1416/1416/1416 1414/1414/1414
f 1414/1414/1414 1416/1416/1416 1417/1417/1417
f 1414/1414/1414 1417/1417/1417 1415/1415/1415
f 1415/1415/1415 1417/1417/1417 1418/1418/1418
f 1416/1416/1416 1419/1419/1419 1417/1417/1417
f 1417/1417/1417 1419/1419/1419 1420/1420/1420
f 1417/1417/1417 1420/1420/1420 1418/1418/1418
f 1418/1418/1418 1420/1420/1420 1421/1421/1421
f 1419/1419/1419 1422/1422/1422 1420/1420/1420
f 1420/1420/1420 1422/1422/1422 1423/1423/1423
f 1420/1420/1420 1423/1423/1423 1421/1421/1421
f 1421/1421/1421 1423/1423/1423 1424/1424/1424
f 1425/1425/1425 1428/1428/1428 1426/1426/1426
f 1426/1426/1426 1428/1428/1428 1429/1429/1429
f 1426/1426/1426 1429/1429/1429 1427/1427/1427
f 1427/1427/1427 1429/1429/1429 1430/1430/1430
f 1428/1428/1428 1431/1431/1431 1429/1429/1429
f 1429/1429/1429 1431/1431/1431 1432/1432/1432
f 1429/1429/1429 1432/1432/1432 1430/1430/1430
f 1430/1430/1430 1432/1432/1432 1433/1433/1433
f 1431/1431/1431 1434/1434/1434 1432/1432/1432
f 1432/1432/1432 1434/1434/1434 1435/1435/1435
f 1432/1432/1432 1435/1435/1435 1433/1433/1433
f 1433/1433/1433 1435/1435/1435 1436/1436/1436
f 1434/1434/1434 1437/1437/1437 1435/1435/1435
f 1435/1435/1435 1437/1437/1437 1438/1438/1438
f 1435/1435/1435 1438/1438/1438 1436/1436/1436
f 1436/1436/1436 1438/1438/1438 1439/1439/1439
f 1437/1437/1437 1440/1440/1440 1438/1438/1438
f 1438/1438/1438 1440/1440/1440 1441/1441/1441
f 1438/1438/1438 1441/1441/1441 1439/1439/1439
f 1439/1439/1439 1441/1441/1441 1442/1442/1442
f 1440/1440/1440 1443/1443/1443 1441/1441/1441
f 1441/1441/1441 1443/1443/1443 1444/1444/1444
f 1441/1441/1441 1444/1444/1444 1442/1442/1442
f 1442/1442/1442 1444/1444/1444 1445/1445/1445
f 1443/1443/1443 1446/1446/1446 1444/1444/1444
f 1444/1444/1444 1446/1446/1446 1447/1447/1447
f 1444/1444/1444 1447/1447/1447 1445/1445/1445
f 1445/1445/1445 1447/1447/1447 1448/1448/1448
f 1446/1446/1446 1449/1449/1449 1447/1447/1447
f 1447/1447/1447 1449/1449/1449 1450/1450/1450
f 1447/1447/1447 1450/1450/1450 1448/1448/1448
f 1448/1448/1448 1450/1450/1450 1451/1451/1451
f 1452/1452/1452 1455/1455/1455 1453/1453/1453
f 1453/1453/1453 1455/1455/1455 1456/1456/1456
f 1453/1453/1453 1456/1456/1456 1454/1454/1454
f 1454/1454/1454 1456/1456/1456 1457/1457/1457
f 1455/1455/1455 1458/1458/1458 1456/1456/1456
f 1456/1456/1456 1458/1458/1458 1459/1459/1459
f 1456/1456/1456 1459/1459/1459 1457/1457/1457
f 1457/1457/1457 1459/1459/1459 1460/1460/1460
f 1458/1458/1458 1461/1461/1461 1459/1459/1459
f 1459/1459/1459 1461/1461/1461 1462/1462/1462
f 1459/1459/1459 1462/1462/1462 1460/1460/1460
f 1460/1460/1460 1462/1462/1462 1463/1463/1463
f 1461/1461/1461 1464/1464/1464 1462/1462/1462
f 1462/1462/1462 1464/1464/1464 1465/1465/1465
f 1462/1462/1462 1465/1465/1465 1463/1463/1463
f 1463/1463/1463 1465/1465/1465 1466/1466/1466
f 1464/1464/1464 1467/1467/1467 1465/1465/1465
f 1465/1465/1465 1467/1467/1467 1468/1468/1468
f 1465/1465/1465 1468/1468/1468 1466/1466/1466
f 1466/1466/1466 1468/1468/1468 1469/1469/1469
f 1467/1467/1467 1470/1470/1470 1468/1468/1468
f 1468/1468/1468 1470/1470/1470 1471/1471/1471
f 1468/1468/1468 1471/1471/1471 1469/1469/1469
f 1469/1469/1469 1471/1471/1471 1472/1472/1472
f 1470/1470/1470 1473/1473/1473 1471/1471/1471
f 1471/1471/1471 1473/1473/1473 1474/1474/1474
f 1471/1471/1471 1474/1474/1474 1472/1472/1472
f 1472/1472/1472 1474/1474/1474 1475/1475/1475
f 1473/1473/1473 1476/1476/1476 1474/1474/1474
f 1474/1474/1474 1476/1476/1476 1477/1477/1477
f 1474/1474/1474 1477/1477/1477 1475/1475/1475
f 1475/1475/1475 1477/1477/1477 1478/1478/1478
f 1479/1479/1479 1482/1482/1482 1480/1480/1480
f 1480/1480/1480 1482/1482/1482 1483/1483/1483
f 1480/1480/1480 1483/1483/1483 1481/1481/1481
f 1481/1481/1481 1483/1483/1483 1484/1484/1484
f 1482/1482/1482 1485/1485/1485 1483/1483/1483
f 1483/1483/1483 1485/1485/1485 1486/1486/1486
f 1483/1483/1483 1486/1486/1486 1484/1484/1484
f 1484/1484/1484 1486/1486/1486 1487/1487/1487
f 1485/1485/1485 1488/1488/1488 1486/1486/1486
f 1486/1486/1486 1488/1488/1488 1489/1489/1489
f 1486/1486/1486 1489/1489/1489 1487/1487/1487
f 1487/1487/1487 1489/1489/1489 1490/1490/1490
f 1488/1488/1488 1491/1491/1491 1489/1489/1489
f 1489/1489/1489 1491/1491/1491 1492/1492/1492
f 1489/1489/1489 1492/1492/1492 1490/1490/1490
f 1490/1490/1490 1492/1492/1492 1493/1493/1493
f 1491/1491/1491 1494/1494/1494 1492/1492/1492
f 1492/1492/1492 1494/1494/1494 1495/1495/1495
f 1492/1492/1492 1495/1495/1495 1493/1493/1493
f 1493/1493/1493 1495/1495/1495 1496/1496/1496
f 1494/1494/1494 1497/1497/1497 1495/1495/1495
f 1495/1495/1495 1497/1497/1497 1498/1498/1498
f 1495/1495/1495 1498/1498/1498 1496/1496/1496
f 1496/1496/1496 1498/1498/1498 1499/1499/1499
f 1497/1497/1497 1500/1500/1500 1498/1498/1498
f 1498/1498/1498 1500/1500/1500 1501/1501/1501
f 1498/1498/1498 1501/1501/1501 1499/1499/1499
f 1499/1499/1499 1501/1501/1501 1502/1502/1502
f 1500/1500/1500 1503/1503/1503 1501/1501/1501
f 1501/1501/1501 1503/1503/1503 1504/1504/1504
f 1501/1501/1501 1504/1504/1504 1502/1502/1502
f 1502/1502/1502 1504/1504/1504 1505/1505/1505
f 1506/1506/1506 1509/1509/1509 1507/1507/1507
f 1507/1507/1507 1509/1509/1509 1510/1510/1510
f 1507/1507/1507 1510/1510/1510 1508/1508/1508
f 1508/1508/1508 1510/1510/1510 1511/1511/1511
f 1509/1509/1509 1512/1512/1512 1510/1510/1510
f 1510/1510/1510 1512/1512/1512 1513/1513/1513
f 1510/1510/1510 1513/1513/1513 1511/1511/1511
f 1511/1511/1511 1513/1513/1513 1514/1514/1514
f 1512/1512/1512 1515/1515/1515 1513/1513/1513
f 1513/1513/1513 1515/1515/1515 1516/1516/1516
f 1513/1513/1513 1516/1516/1516 1514/1514/1514
f 1514/1514/1514 1516/1516/1516 1517/1517/1517
f 1515/1515/1515 1518/1518/1518 1516/1516/1516
f 1516/1516/1516 1518/1518/1518 1519/1519/1519
f 1516/1516/1516 1519/1519/1519 1517/1517/1517
f 1517/1517/1517 1519/1519/1519 1520/1520/1520
f 1518/1518/1518 1521/1521/1521 1519/1519/1519
f 1519/1519/1519 1521/1521/1521 1522/1522/1522
f 1519/1519/1519 1522/1522/1522 1520/1520/1520
f 1520/1520/1520 1522/1522/1522 1523/1523/1523
f 1521/1521/1521 1524/1524/1524 1522/1522/1522
f 1522/1522/1522 1524/1524/1524 1525/1525/1525
f 1522/1522/1522 1525/1525/1525 1523/1523/1523
f 1523/1523/1523 1525/1525/1525 1526/1526/1526
f 1524/1524/1524 1527/1527/1527 1525/1525/1525
f 1525/1525/1525 1527/1527/1527 1528/1528/1528
f 1525/1525/1525 1528/1528/1528 1526/1526/1526
f 1526/1526/1526 1528/1528/1528 1529/1529/1529
f 1527/1527/1527 1530/1530/1530 1528/1528/1528
f 1528/1528/1528 1530/1530/1530 1531/1531/1531
f 1528/1528/1528 1531/1531/1531 1529/1529/1529
f 1529/1529/1529 1531/1531/1531 1532/1532/1532
f 1533/1533/1533 1536/1536/1536 1534/1534/1534
f 1534/1534/1534 1536/1536/1536 1537/1537/1537
f 1534/1534/1534 1537/1537/1537 1535/1535/1535
f 1535/1535/1535 1537/1537/1537 1538/1538/1538
f 1536/1536/1536 1539/1539/1539 1537/1537/1537
f 1537/1537/1537 1539/1539/1539 1540/1540/1540
f 1537/1537/1537 1540/1540/1540 1538/1538/1538
f 1538/1538/1538 1540/1540/1540 1541/1541/1541
f 1539/1539/1539 1542/1542/1542 1540/1540/1540
f 1540/1540/1540 1542/1542/1542 1543/1543/1543
f 1540/1540/1540 1543/1543/1543 1541/1541/1541
f 1541/1541/1541 1543/1543/1543 1544/1544/1544
f 1542/1542/1542 1545/1545/1545 1543/1543/1543
f 1543/1543/1543 1545/1545/1545 1546/1546/1546
f 1543/1543/1543 1546/1546/1546 1544/1544/1544
f 1544/1544/1544 1546/1546/1546 1547/1547/1547
f 1545/1545/1545 1548/1548/1548 1546/1546/1546
f 1546/1546/1546 1548/1548/1548 1549/1549/1549
f 1546/1546/1546 1549/1549/1549 1547/1547/1547
f 1547/1547/1547 1549/1549/1549 1550/1550/1550
f 1548/1548/1548 1551/1551/1551 1549/1549/1549
f 1549/1549/1549 1551/1551/1551 1552/1552/1552
f 1549/1549/1549 1552/1552/1552 1550/1550/1550
f 1550/1550/1550 1552/1552/1552 1553/1553/1553
f 1551/1551/1551 1554/1554/1554 1552/1552/1552
f 1552/1552/1552 1554/1554/1554 1555/1555/1555
f 1552/1552/1552 1555/1555/1555 1553/1553/1553
f 1553/1553/1553 1555/1555/1555 1556/1556/1556
f 1554/1554/1554 1557/1557/1557 1555/1555/1555
f 1555/1555/1555 1557/1557/1557 1558/1558/1558
f 1555/1555/1555 1558/1558/1558 1556/1556/1556
f 1556/1556/1556 1558/1558/1558 1559/1559/1559
f 1557/1557/1557 1560/1560/1560 1558/1558/1558
f 1558/1558/1558 1560/1560/1560 1561/1561/1561
f 1558/1558/1558 1561/1561/1561 1559/1559/1559
f 1559/1559/1559 1561/1561/1561 1562/1562/1562
f 1560/1560/1560 1563/1563/1563 1561/1561/1561
f 1561/1561/1561 1563/1563/1563 1564/1564/1564
f 1561/1561/1561 1564/1564/1564 1562/1562/1562
f 1562/1562/1562 1564/1564/1564 1565/1565/1565
f 1563/1563/1563 1566/1566/1566 1564/1564/1564
f 1564/1564/1564 1566/1566/1566 1567/1567/1567
f 1564/1564/1564 1567/1567/1567 1565/1565/1565
f 1565/1565/1565 1567/1567/1567 1568/1568/1568
f 1566/1566/1566 1569/1569/1569 1567/1567/1567
f 1567/1567/1567 1569/1569/1569 1570/1570/1570
f 1567/1567/1567 1570/1570/1570 1568/1568/1568
f 1568/1568/1568 1570/1570/1570 1571/1571/1571
f 1569/1569/1569 1572/1572/1572 1570/1570/1570
f 1570/1570/1570 1572/1572/1572 1573/1573/1573
f 1570/1570/1570 1573/1573/1573 1571/1571/1571
f 1571/1571/1571 1573/1573/1573 1574/1574/1574
f 1572/1572/1572 1575/1575/1575 1573/1573/1573
f 1573/1573/1573 1575/1575/1575 1576/1576/1576
f 1573/1573/1573 1576/1576/1576 1574/1574/1574
f 1574/1574/1574 1576/1576/1576 1577/1577/1577
f 1575/1575/1575 1578/1578/1578 1576/1576/1576
f 1576/1576/1576 1578/1578/1578 1579/1579/1579
f 1576/1576/1576 1579/1579/1579 1577/1577/1577
f 1577/1577/1577 1579/1579/1579 1580/1580/1580
f 1578/1578/1578 1581/1581/1581 1579/1579/1579
f 1579/1579/1579 1581/1581/1581 1582/1582/1582
f 1579/1579/1579 1582/1582/1582 1580/1580/1580
f 1580/1580/1580 1582/1582/1582 1583/1583/1583
f 1584/1584/1584 1587/1587/1587 1585/1585/1585
f 1585/1585/1585 1587/1587/1587 1588/1588/1588
f 1585/1585/1585 1588/1588/1588 1586/1586/1586
f 1586/1586/1586 1588/1588/1588 1589/1589/1589
f 1587/1587/1587 1590/1590/1590 1588/1588/1588
f 1588/1588/1588 1590/1590/1590 1591/1591/1591
f 1588/1588/1588 1591/1591/1591 1589/1589/1589
f 1589/1589/1589 1591/1591/1591 1592/1592/1592
f 1590/1590/1590 1593/1593/1593 1591/1591/1591
f 1591/1591/1591 1593/1593/1593 1594/1594/1594
f 1591/1591/1591 1594/1594/1594 1592/1592/1592
f 1592/1592/1592 1594/1594/1594 1595/1595/1595
f 1593/1593/1593 1596/1596/1596 1594/1594/1594
f 1594/1594/1594 1596/1596/1596 1597/1597/1597
f 1594/1594/1594 1597/1597/1597 1595/1595/1595
f 1595/1595/1595 1597/1597/1597 1598/1598/1598
f 1596/1596/1596 1599/1599/1599 1597/1597/1597
f 1597/1597/1597 1599/1599/1599 1600/1600/1600
f 1597/1597/1597 1600/1600/1600 1598/1598/1598
f 1598/1598/1598 1600/1600/1600 1601/1601/1601
f 1599/1599/1599 1602/1602/1602 1600/1600/1600
f 1600/1600/1600 1602/1602/1602 1603/1603/1603
f 1600/1600/1600 1603/1603/1603 1601/1601/1601
f 1601/1601/1601 1603/1603/1603 1604/1604/1604
f 1602/1602/1602 1605/1605/1605 1603/1603/1603
f 1603/1603/1603 1605/1605/1605 1606/1606/1606
f 1603/1603/1603 1606/1606/1606 1604/1604/1604
f 1604/1604/1604 1606/1606/1606 1607/1607/1607
f 1605/1605/1605 1608/1608/1608 1606/1606/1606
f 1606/1606/1606 1608/1608/1608 1609/1609/1609
f 1606/1606/1606 1609/1609/1609 1607/1607/1607
f 1607/1607/1607 1609/1609/1609 1610/1610/1610
f 1608/1608/1608 1611/1611/1611 1609/1609/1609
f 1609/1609/1609 1611/1611/1611 1612/1612/1612
f 1609/1609/1609 1612/1612/1612 1610/1610/1610
f 1610/1610/1610 1612/1612/1612 1613/1613/1613
f 1611/1611/1611 1614/1614/1614 1612/1612/1612
f 1612/1612/1612 1614/1614/1614 1615/1615/1615
f 1612/1612/1612 1615/1615/1615 1613/1613/1613
f 1613/1613/1613 1615/1615/1615 1616/1616/1616
f 1614/1614/1614 1617/1617/1617 1615/1615/1615
f 1615/1615/1615 1617/1617/1617 1618/1618/1618
f 1615/1615/1615 1618/1618/1618 1616/1616/1616
f 1616/1616/1616 1618/1618/1618 1619/1619/1619
f 1617/1617/1617 1620/1620/1620 1618/1618/1618
f 1618/1618/1618 1620/1620/1620 1621/1621/1621
f 1618/1618/1618 1621/1621/1621 1619/1619/1619
f 1619/1619/1619 1621/1621/1621 1622/1622/1622
f 1620/1620/1620 1623/1623/1623 1621/1621/1621
f 1621/1621/1621 1623/1623/1623 1624/1624/1624
f 1621/1621/1621 1624/1624/1624 1622/1622/1622
f 1622/1622/1622 1624/1624/1624 1625/1625/1625
f 1623/1623/1623 1626/1626/1626 1624/1624/1624
f 1624/1624/1624 1626/1626/1626 1627/1627/1627
f 1624/1624/1624 1627/1627/1627 1625/1625/1625
f 1625/1625/1625 1627/1627/1627 1628/1628/1628
f 1626/1626/1626 1629/1629/1629 1627/1627/1627
f 1627/1627/1627 1629/1629/1629 1630/1630/1630
f 1627/1627/1627 1630/1630/1630 1628/1628/1628
f 1628/1628/1628 1630/1630/1630 1631/1631/1631
f 1629/1629/1629 1632/1632/1632 1630/1630/1630
f 1630/1630/1630 1632/1632/1632 1633/1633/1633
f 1630/1630/1630 1633/1633/1633 1631/1631/1631
f 1631/1631/1631 1633/1633/1633 1634/1634/1634
f 1635/1635/1635 1638/1638/1638 1636/1636/1636
f 1636/1636/1636 1638/1638/1638 1639/1639/1639
f 1636/1636/1636 1639/1639/1639 1637/1637/1637
f 1637/1637/1637 1639/1639/1639 1640/1640/1640
f 1638/1638/1638 1641/1641/1641 1639/1639/1639
f 1639/1639/1639 1641/1641/1641 1642/1642/1642
f 1639/1639/1639 1642/1642/1642 1640/1640/1640
f 1640/1640/1640 1642/1642/1642 1643/1643/1643
f 1641/1641/1641 1644/1644/1644 1642/1642/1642
f 1642/1642/1642 1644/1644/1644 1645/1645/1645
f 1642/1642/1642 1645/1645/1645 1643/1643/1643
f 1643/1643/1643 1645/1645/1645 1646/1646/1646
f 1644/1644/1644 1647/1647/1647 1645/1645/1645
f 1645/1645/1645 1647/1647/1647 1648/1648/1648
f 1645/1645/1645 1648/1648/1648 1646/1646/1646
f 1646/1646/1646 1648/1648/1648 1649/1649/1649
f 1647/1647/1647 1650/1650/1650 1648/1648/1648
f 1648/1648/1648 1650/1650/1650 1651/1651/1651
f 1648/1648/1648 1651/1651/1651 1649/1649/1649
f 1649/1649/1649 1651/1651/1651 1652/1652/1652
f 1650/1650/1650 1653/1653/1653 1651/1651/1651
f 1651/1651/1651 1653/1653/1653 1654/1654/1654
f 1651/1651/1651 1654/1654/1654 1652/1652/1652
f 1652/1652/1652 1654/1654/1654 1655/1655/1655
f 1653/1653/1653 1656/1656/1656 1654/1654/1654
f 1654/1654/1654 1656/1656/1656 1657/1657/1657
f 1654/1654/1654 1657/1657/1657 1655/1655/1655
f 1655/1655/1655 1657/1657/1657 1658/1658/1658
f 1656/1656/1656 1659/1659/1659 1657/1657/1657
f 1657/1657/1657 1659/1659/1659 1660/1660/1660
f 1657/1657/1657 1660/1660/1660 1658/1658/1658
f 1658/1658/1658 1660/1660/1660 1661/1661/1661
f 1662/1662/1662 1665/1665/1665 1663/1663/1663
f 1663/1663/1663 1665/1665/1665 1666/1666/1666
f 1663/1663/1663 1666/1666/1666 1664/1664/1664
f 1664/1664/1664 1666/1666/1666 1667/1667/1667
f 1665/1665/1665 1668/1668/1668 1666/1666/1666
f 1666/1666/1666 1668/1668/1668 1669/1669/1669
f 1666/1666/1666 1669/1669/1669 1667/1667/1667
f 1667/1667/1667 1669/1669/1669 1670/1670/1670
f 1668/1668/1668 1671/1671/1671 1669/1669/1669
f 1669/1669/1669 1671/1671/1671 1672/1672/1672
f 1669/1669/1669 1672/1672/1672 1670/1670/1670
f 1670/1670/1670 1672/1672/1672 1673/1673/1673
f 1671/1671/1671 1674/1674/1674 1672/1672/1672
f 1672/1672/1672 1674/1674/1674 1675/1675/1675
f 1672/1672/1672 1675/1675/1675 1673/1673/1673
f 1673/1673/1673 1675/1675/1675 1676/1676/1676
f 1674/1674/1674 1677/1677/1677 1675/1675/1675
f 1675/1675/1675 1677/1677/1677 1678/1678/1678
f 1675/1675/1675 1678/1678/1678 1676/1676/1676
f 1676/1676/1676 1678/1678/1678 1679/1679/1679
f 1677/1677/1677 1680/1680/1680 1678/1678/1678
f 1678/1678/1678 1680/1680/1680 1681/1681/1681
f 1678/1678/1678 1681/1681/1681 1679/1679/1679
f 1679/1679/1679 1681/1681/1681 1682/1682/1682
f 1680/1680/1680 1683/1683/1683 1681/1681/1681
f 1681/1681/1681 1683/1683/1683 1684/1684/1684
f 1681/1681/1681 1684/1684/1684 1682/1682/1682
f 1682/1682/1682 1684/1684/1684 1685/1685/1685
f 1683/1683/1683 1686/1686/1686 1684/1684/1684
f 1684/1684/1684 1686/1686/1686 1687/1687/1687
f 1684/1684/1684 1687/1687/1687 1685/1685/1685
f 1685/1685/1685 1687/1687/1687 1688/1688/1688
f 1689/1689/1689 1692/1692/1692 1690/1690/1690
f 1690/1690/1690 1692/1692/1692 1693/1693/1693
f 1690/1690/1690 1693/1693/1693 1691/1691/1691
f 1691/1691/1691 1693/1693/1693 1694/1694/1694
f 1692/1692/1692 1695/1695/1695 1693/1693/1693
f 1693/1693/1693 1695/1695/1695 1696/1696/1696
f 1693/1693/1693 1696/1696/1696 1694/1694/1694
f 1694/1694/1694 1696/1696/1696 1697/1697/1697
f 1695/1695/1695 1698/1698/1698 1696/1696/1696
f 1696/1696/1696 1698/1698/1698 1699/1699/1699
f 1696/1696/1696 1699/1699/1699 1697/1697/1697
f 1697/1697/1697 1699/1699/1699 1700/1700/1700
f 1698/1698/1698 1701/1701/1701 1699/1699/1699
f 1699/1699/1699 1701/1701/1701 1702/1702/1702
f 1699/1699/1699 1702/1702/1702 1700/1700/1700
f 1700/1700/1700 1702/1702/1702 1703/1703/1703
f 1701/1701/1701 1704/1704/1704 1702/1702/1702
f 1702/1702/1702 1704/1704/1704 1705/1705/1705
f 1702/1702/1702 1705/1705/1705 1703/1703/1703
f 1703/1703/1703 1705/1705/1705 1706/1706/1706
f 1704/1704/1704 1707/1707/1707 1705/1705/1705
f 1705/1705/1705 1707/1707/1707 1708/1708/1708
f 1705/1705/1705 1708/1708/1708 1706/1706/1706
f 1706/1706/1706 1708/1708/1708 1709/1709/1709
f 1707/1707/1707 1710/1710/1710 1708/1708/1708
f 1708/1708/1708 1710/1710/1710 1711/1711/1711
f 1708/1708/1708 1711/1711/1711 1709/1709/1709
f 1709/1709/1709 1711/1711/1711 1712/1712/1712
f 1710/1710/1710 1713/1713/1713 1711/1711/1711
f 1711/1711/1711 1713/1713/1713 1714/1714/1714
f 1711/1711/1711 1714/1714/1714 1712/1712/1712
f 1712/1712/1712 1714/1714/1714 1715/1715/1715
f 1716/1716/1716 1719/1719/1719 1717/1717/1717
f 1717/1717/1717 1719/1719/1719 1720/1720/1720
f 1717/1717/1717 1720/1720/1720 1718/1718/1718
f 1718/1718/1718 1720/1720/1720 1721/1721/1721
f 1719/1719/1719 1722/1722/1722 1720/1720/1720
f 1720/1720/1720 1722/1722/1722 1723/1723/1723
f 1720/1720/1720 1723/1723/1723 1721/1721/1721
f 1721/1721/1721 1723/1723/1723 1724/1724/1724
f 1722/1722/1722 1725/1725/1725 1723/1723/1723
f 1723/1723/1723 1725/1725/1725 1726/1726/1726
f 1723/1723/1723 1726/1726/1726 1724/1724/1724
f 1724/1724/1724 1726/1726/1726 1727/1727/1727
f 1725/1725/1725 1728/1728/1728 1726/1726/1726
f 1726/1726/1726 1728/1728/1728 1729/1729/1729
f 1726/1726/1726 1729/1729/1729 1727/1727/1727
f 1727/1727/1727 1729/1729/1729 1730/1730/1730
f 1728/1728/1728 1731/1731/1731 1729/1729/1729
f 1729/1729/1729 1731/1731/1731 1732/1732/1732
f 1729/1729/1729 1732/1732/1732 1730/1730/1730
f 1730/1730/1730 1732/1732/1732 1733/1733/1733
f 1731/1731/1731 1734/1734/1734 1732/1732/1732
f 1732/1732/1732 1734/1734/1734 1735/1735/1735
f 1732/1732/1732 1735/1735/1735 1733/1733/1733
f 1733/1733/1733 1735/1735/1735 1736/1736/1736
f 1734/1734/1734 1737/1737/1737 1735/1735/1735
f 1735/1735/1735 1737/1737/1737 1738/1738/1738
f 1735/1735/1735 1738/1738/1738 1736/1736/1736
f 1736/1736/1736 1738/1738/1738 1739/1739/1739
f 1737/1737/1737 1740/1740/1740 1738/1738/1738
f 1738/1738/1738 1740/1740/1740 1741/1741/1741
f 1738/1738/1738 1741/1741/1741 1739/1739/1739
f 1739/1739/1739 1741/1741/1741 1742/1742/1742
