# Original field candidate; centimeters +X forward +Z up
mtllib FieldPalette.mtl
o SM_GravityFieldCandidateV3
usemtl M_GravityFieldCandidateV3
v 0.000000000 0.000000000 100.000000000
v 19.509032202 0.000000000 98.078528040
v 19.134171618 3.806023374 98.078528040
v 18.023995550 7.465783405 98.078528040
v 16.221167441 10.838637566 98.078528040
v 13.794968964 13.794968964 98.078528040
v 10.838637566 16.221167441 98.078528040
v 7.465783405 18.023995550 98.078528040
v 3.806023374 19.134171618 98.078528040
v 0.000000000 19.509032202 98.078528040
v -3.806023374 19.134171618 98.078528040
v -7.465783405 18.023995550 98.078528040
v -10.838637566 16.221167441 98.078528040
v -13.794968964 13.794968964 98.078528040
v -16.221167441 10.838637566 98.078528040
v -18.023995550 7.465783405 98.078528040
v -19.134171618 3.806023374 98.078528040
v -19.509032202 0.000000000 98.078528040
v -19.134171618 -3.806023374 98.078528040
v -18.023995550 -7.465783405 98.078528040
v -16.221167441 -10.838637566 98.078528040
v -13.794968964 -13.794968964 98.078528040
v -10.838637566 -16.221167441 98.078528040
v -7.465783405 -18.023995550 98.078528040
v -3.806023374 -19.134171618 98.078528040
v -0.000000000 -19.509032202 98.078528040
v 3.806023374 -19.134171618 98.078528040
v 7.465783405 -18.023995550 98.078528040
v 10.838637566 -16.221167441 98.078528040
v 13.794968964 -13.794968964 98.078528040
v 16.221167441 -10.838637566 98.078528040
v 18.023995550 -7.465783405 98.078528040
v 19.134171618 -3.806023374 98.078528040
v 38.268343237 0.000000000 92.387953251
v 37.533027752 7.465783405 92.387953251
v 35.355339059 14.644660941 92.387953251
v 31.818964514 21.260752369 92.387953251
v 27.059805007 27.059805007 92.387953251
v 21.260752369 31.818964514 92.387953251
v 14.644660941 35.355339059 92.387953251
v 7.465783405 37.533027752 92.387953251
v 0.000000000 38.268343237 92.387953251
v -7.465783405 37.533027752 92.387953251
v -14.644660941 35.355339059 92.387953251
v -21.260752369 31.818964514 92.387953251
v -27.059805007 27.059805007 92.387953251
v -31.818964514 21.260752369 92.387953251
v -35.355339059 14.644660941 92.387953251
v -37.533027752 7.465783405 92.387953251
v -38.268343237 0.000000000 92.387953251
v -37.533027752 -7.465783405 92.387953251
v -35.355339059 -14.644660941 92.387953251
v -31.818964514 -21.260752369 92.387953251
v -27.059805007 -27.059805007 92.387953251
v -21.260752369 -31.818964514 92.387953251
v -14.644660941 -35.355339059 92.387953251
v -7.465783405 -37.533027752 92.387953251
v -0.000000000 -38.268343237 92.387953251
v 7.465783405 -37.533027752 92.387953251
v 14.644660941 -35.355339059 92.387953251
v 21.260752369 -31.818964514 92.387953251
v 27.059805007 -27.059805007 92.387953251
v 31.818964514 -21.260752369 92.387953251
v 35.355339059 -14.644660941 92.387953251
v 37.533027752 -7.465783405 92.387953251
v 55.557023302 0.000000000 83.146961230
v 54.489510678 10.838637566 83.146961230
v 51.327996716 21.260752369 83.146961230
v 46.193976626 30.865828382 83.146961230
v 39.284747919 39.284747919 83.146961230
v 30.865828382 46.193976626 83.146961230
v 21.260752369 51.327996716 83.146961230
v 10.838637566 54.489510678 83.146961230
v 0.000000000 55.557023302 83.146961230
v -10.838637566 54.489510678 83.146961230
v -21.260752369 51.327996716 83.146961230
v -30.865828382 46.193976626 83.146961230
v -39.284747919 39.284747919 83.146961230
v -46.193976626 30.865828382 83.146961230
v -51.327996716 21.260752369 83.146961230
v -54.489510678 10.838637566 83.146961230
v -55.557023302 0.000000000 83.146961230
v -54.489510678 -10.838637566 83.146961230
v -51.327996716 -21.260752369 83.146961230
v -46.193976626 -30.865828382 83.146961230
v -39.284747919 -39.284747919 83.146961230
v -30.865828382 -46.193976626 83.146961230
v -21.260752369 -51.327996716 83.146961230
v -10.838637566 -54.489510678 83.146961230
v -0.000000000 -55.557023302 83.146961230
v 10.838637566 -54.489510678 83.146961230
v 21.260752369 -51.327996716 83.146961230
v 30.865828382 -46.193976626 83.146961230
v 39.284747919 -39.284747919 83.146961230
v 46.193976626 -30.865828382 83.146961230
v 51.327996716 -21.260752369 83.146961230
v 54.489510678 -10.838637566 83.146961230
v 70.710678119 0.000000000 70.710678119
v 69.351992266 13.794968964 70.710678119
v 65.328148244 27.059805007 70.710678119
v 58.793780121 39.284747919 70.710678119
v 50.000000000 50.000000000 70.710678119
v 39.284747919 58.793780121 70.710678119
v 27.059805007 65.328148244 70.710678119
v 13.794968964 69.351992266 70.710678119
v 0.000000000 70.710678119 70.710678119
v -13.794968964 69.351992266 70.710678119
v -27.059805007 65.328148244 70.710678119
v -39.284747919 58.793780121 70.710678119
v -50.000000000 50.000000000 70.710678119
v -58.793780121 39.284747919 70.710678119
v -65.328148244 27.059805007 70.710678119
v -69.351992266 13.794968964 70.710678119
v -70.710678119 0.000000000 70.710678119
v -69.351992266 -13.794968964 70.710678119
v -65.328148244 -27.059805007 70.710678119
v -58.793780121 -39.284747919 70.710678119
v -50.000000000 -50.000000000 70.710678119
v -39.284747919 -58.793780121 70.710678119
v -27.059805007 -65.328148244 70.710678119
v -13.794968964 -69.351992266 70.710678119
v -0.000000000 -70.710678119 70.710678119
v 13.794968964 -69.351992266 70.710678119
v 27.059805007 -65.328148244 70.710678119
v 39.284747919 -58.793780121 70.710678119
v 50.000000000 -50.000000000 70.710678119
v 58.793780121 -39.284747919 70.710678119
v 65.328148244 -27.059805007 70.710678119
v 69.351992266 -13.794968964 70.710678119
v 83.146961230 0.000000000 55.557023302
v 81.549315685 16.221167441 55.557023302
v 76.817775671 31.818964514 55.557023302
v 69.134171618 46.193976626 55.557023302
v 58.793780121 58.793780121 55.557023302
v 46.193976626 69.134171618 55.557023302
v 31.818964514 76.817775671 55.557023302
v 16.221167441 81.549315685 55.557023302
v 0.000000000 83.146961230 55.557023302
v -16.221167441 81.549315685 55.557023302
v -31.818964514 76.817775671 55.557023302
v -46.193976626 69.134171618 55.557023302
v -58.793780121 58.793780121 55.557023302
v -69.134171618 46.193976626 55.557023302
v -76.817775671 31.818964514 55.557023302
v -81.549315685 16.221167441 55.557023302
v -83.146961230 0.000000000 55.557023302
v -81.549315685 -16.221167441 55.557023302
v -76.817775671 -31.818964514 55.557023302
v -69.134171618 -46.193976626 55.557023302
v -58.793780121 -58.793780121 55.557023302
v -46.193976626 -69.134171618 55.557023302
v -31.818964514 -76.817775671 55.557023302
v -16.221167441 -81.549315685 55.557023302
v -0.000000000 -83.146961230 55.557023302
v 16.221167441 -81.549315685 55.557023302
v 31.818964514 -76.817775671 55.557023302
v 46.193976626 -69.134171618 55.557023302
v 58.793780121 -58.793780121 55.557023302
v 69.134171618 -46.193976626 55.557023302
v 76.817775671 -31.818964514 55.557023302
v 81.549315685 -16.221167441 55.557023302
v 92.387953251 0.000000000 38.268343237
v 90.612744635 18.023995550 38.268343237
v 85.355339059 35.355339059 38.268343237
v 76.817775671 51.327996716 38.268343237
v 65.328148244 65.328148244 38.268343237
v 51.327996716 76.817775671 38.268343237
v 35.355339059 85.355339059 38.268343237
v 18.023995550 90.612744635 38.268343237
v 0.000000000 92.387953251 38.268343237
v -18.023995550 90.612744635 38.268343237
v -35.355339059 85.355339059 38.268343237
v -51.327996716 76.817775671 38.268343237
v -65.328148244 65.328148244 38.268343237
v -76.817775671 51.327996716 38.268343237
v -85.355339059 35.355339059 38.268343237
v -90.612744635 18.023995550 38.268343237
v -92.387953251 0.000000000 38.268343237
v -90.612744635 -18.023995550 38.268343237
v -85.355339059 -35.355339059 38.268343237
v -76.817775671 -51.327996716 38.268343237
v -65.328148244 -65.328148244 38.268343237
v -51.327996716 -76.817775671 38.268343237
v -35.355339059 -85.355339059 38.268343237
v -18.023995550 -90.612744635 38.268343237
v -0.000000000 -92.387953251 38.268343237
v 18.023995550 -90.612744635 38.268343237
v 35.355339059 -85.355339059 38.268343237
v 51.327996716 -76.817775671 38.268343237
v 65.328148244 -65.328148244 38.268343237
v 76.817775671 -51.327996716 38.268343237
v 85.355339059 -35.355339059 38.268343237
v 90.612744635 -18.023995550 38.268343237
v 98.078528040 0.000000000 19.509032202
v 96.193976626 19.134171618 19.509032202
v 90.612744635 37.533027752 19.509032202
v 81.549315685 54.489510678 19.509032202
v 69.351992266 69.351992266 19.509032202
v 54.489510678 81.549315685 19.509032202
v 37.533027752 90.612744635 19.509032202
v 19.134171618 96.193976626 19.509032202
v 0.000000000 98.078528040 19.509032202
v -19.134171618 96.193976626 19.509032202
v -37.533027752 90.612744635 19.509032202
v -54.489510678 81.549315685 19.509032202
v -69.351992266 69.351992266 19.509032202
v -81.549315685 54.489510678 19.509032202
v -90.612744635 37.533027752 19.509032202
v -96.193976626 19.134171618 19.509032202
v -98.078528040 0.000000000 19.509032202
v -96.193976626 -19.134171618 19.509032202
v -90.612744635 -37.533027752 19.509032202
v -81.549315685 -54.489510678 19.509032202
v -69.351992266 -69.351992266 19.509032202
v -54.489510678 -81.549315685 19.509032202
v -37.533027752 -90.612744635 19.509032202
v -19.134171618 -96.193976626 19.509032202
v -0.000000000 -98.078528040 19.509032202
v 19.134171618 -96.193976626 19.509032202
v 37.533027752 -90.612744635 19.509032202
v 54.489510678 -81.549315685 19.509032202
v 69.351992266 -69.351992266 19.509032202
v 81.549315685 -54.489510678 19.509032202
v 90.612744635 -37.533027752 19.509032202
v 96.193976626 -19.134171618 19.509032202
v 100.000000000 0.000000000 0.000000000
v 98.078528040 19.509032202 0.000000000
v 92.387953251 38.268343237 0.000000000
v 83.146961230 55.557023302 0.000000000
v 70.710678119 70.710678119 0.000000000
v 55.557023302 83.146961230 0.000000000
v 38.268343237 92.387953251 0.000000000
v 19.509032202 98.078528040 0.000000000
v 0.000000000 100.000000000 0.000000000
v -19.509032202 98.078528040 0.000000000
v -38.268343237 92.387953251 0.000000000
v -55.557023302 83.146961230 0.000000000
v -70.710678119 70.710678119 0.000000000
v -83.146961230 55.557023302 0.000000000
v -92.387953251 38.268343237 0.000000000
v -98.078528040 19.509032202 0.000000000
v -100.000000000 0.000000000 0.000000000
v -98.078528040 -19.509032202 0.000000000
v -92.387953251 -38.268343237 0.000000000
v -83.146961230 -55.557023302 0.000000000
v -70.710678119 -70.710678119 0.000000000
v -55.557023302 -83.146961230 0.000000000
v -38.268343237 -92.387953251 0.000000000
v -19.509032202 -98.078528040 0.000000000
v -0.000000000 -100.000000000 0.000000000
v 19.509032202 -98.078528040 0.000000000
v 38.268343237 -92.387953251 0.000000000
v 55.557023302 -83.146961230 0.000000000
v 70.710678119 -70.710678119 0.000000000
v 83.146961230 -55.557023302 0.000000000
v 92.387953251 -38.268343237 0.000000000
v 98.078528040 -19.509032202 0.000000000
v 98.078528040 0.000000000 -19.509032202
v 96.193976626 19.134171618 -19.509032202
v 90.612744635 37.533027752 -19.509032202
v 81.549315685 54.489510678 -19.509032202
v 69.351992266 69.351992266 -19.509032202
v 54.489510678 81.549315685 -19.509032202
v 37.533027752 90.612744635 -19.509032202
v 19.134171618 96.193976626 -19.509032202
v 0.000000000 98.078528040 -19.509032202
v -19.134171618 96.193976626 -19.509032202
v -37.533027752 90.612744635 -19.509032202
v -54.489510678 81.549315685 -19.509032202
v -69.351992266 69.351992266 -19.509032202
v -81.549315685 54.489510678 -19.509032202
v -90.612744635 37.533027752 -19.509032202
v -96.193976626 19.134171618 -19.509032202
v -98.078528040 0.000000000 -19.509032202
v -96.193976626 -19.134171618 -19.509032202
v -90.612744635 -37.533027752 -19.509032202
v -81.549315685 -54.489510678 -19.509032202
v -69.351992266 -69.351992266 -19.509032202
v -54.489510678 -81.549315685 -19.509032202
v -37.533027752 -90.612744635 -19.509032202
v -19.134171618 -96.193976626 -19.509032202
v -0.000000000 -98.078528040 -19.509032202
v 19.134171618 -96.193976626 -19.509032202
v 37.533027752 -90.612744635 -19.509032202
v 54.489510678 -81.549315685 -19.509032202
v 69.351992266 -69.351992266 -19.509032202
v 81.549315685 -54.489510678 -19.509032202
v 90.612744635 -37.533027752 -19.509032202
v 96.193976626 -19.134171618 -19.509032202
v 92.387953251 0.000000000 -38.268343237
v 90.612744635 18.023995550 -38.268343237
v 85.355339059 35.355339059 -38.268343237
v 76.817775671 51.327996716 -38.268343237
v 65.328148244 65.328148244 -38.268343237
v 51.327996716 76.817775671 -38.268343237
v 35.355339059 85.355339059 -38.268343237
v 18.023995550 90.612744635 -38.268343237
v 0.000000000 92.387953251 -38.268343237
v -18.023995550 90.612744635 -38.268343237
v -35.355339059 85.355339059 -38.268343237
v -51.327996716 76.817775671 -38.268343237
v -65.328148244 65.328148244 -38.268343237
v -76.817775671 51.327996716 -38.268343237
v -85.355339059 35.355339059 -38.268343237
v -90.612744635 18.023995550 -38.268343237
v -92.387953251 0.000000000 -38.268343237
v -90.612744635 -18.023995550 -38.268343237
v -85.355339059 -35.355339059 -38.268343237
v -76.817775671 -51.327996716 -38.268343237
v -65.328148244 -65.328148244 -38.268343237
v -51.327996716 -76.817775671 -38.268343237
v -35.355339059 -85.355339059 -38.268343237
v -18.023995550 -90.612744635 -38.268343237
v -0.000000000 -92.387953251 -38.268343237
v 18.023995550 -90.612744635 -38.268343237
v 35.355339059 -85.355339059 -38.268343237
v 51.327996716 -76.817775671 -38.268343237
v 65.328148244 -65.328148244 -38.268343237
v 76.817775671 -51.327996716 -38.268343237
v 85.355339059 -35.355339059 -38.268343237
v 90.612744635 -18.023995550 -38.268343237
v 83.146961230 0.000000000 -55.557023302
v 81.549315685 16.221167441 -55.557023302
v 76.817775671 31.818964514 -55.557023302
v 69.134171618 46.193976626 -55.557023302
v 58.793780121 58.793780121 -55.557023302
v 46.193976626 69.134171618 -55.557023302
v 31.818964514 76.817775671 -55.557023302
v 16.221167441 81.549315685 -55.557023302
v 0.000000000 83.146961230 -55.557023302
v -16.221167441 81.549315685 -55.557023302
v -31.818964514 76.817775671 -55.557023302
v -46.193976626 69.134171618 -55.557023302
v -58.793780121 58.793780121 -55.557023302
v -69.134171618 46.193976626 -55.557023302
v -76.817775671 31.818964514 -55.557023302
v -81.549315685 16.221167441 -55.557023302
v -83.146961230 0.000000000 -55.557023302
v -81.549315685 -16.221167441 -55.557023302
v -76.817775671 -31.818964514 -55.557023302
v -69.134171618 -46.193976626 -55.557023302
v -58.793780121 -58.793780121 -55.557023302
v -46.193976626 -69.134171618 -55.557023302
v -31.818964514 -76.817775671 -55.557023302
v -16.221167441 -81.549315685 -55.557023302
v -0.000000000 -83.146961230 -55.557023302
v 16.221167441 -81.549315685 -55.557023302
v 31.818964514 -76.817775671 -55.557023302
v 46.193976626 -69.134171618 -55.557023302
v 58.793780121 -58.793780121 -55.557023302
v 69.134171618 -46.193976626 -55.557023302
v 76.817775671 -31.818964514 -55.557023302
v 81.549315685 -16.221167441 -55.557023302
v 70.710678119 0.000000000 -70.710678119
v 69.351992266 13.794968964 -70.710678119
v 65.328148244 27.059805007 -70.710678119
v 58.793780121 39.284747919 -70.710678119
v 50.000000000 50.000000000 -70.710678119
v 39.284747919 58.793780121 -70.710678119
v 27.059805007 65.328148244 -70.710678119
v 13.794968964 69.351992266 -70.710678119
v 0.000000000 70.710678119 -70.710678119
v -13.794968964 69.351992266 -70.710678119
v -27.059805007 65.328148244 -70.710678119
v -39.284747919 58.793780121 -70.710678119
v -50.000000000 50.000000000 -70.710678119
v -58.793780121 39.284747919 -70.710678119
v -65.328148244 27.059805007 -70.710678119
v -69.351992266 13.794968964 -70.710678119
v -70.710678119 0.000000000 -70.710678119
v -69.351992266 -13.794968964 -70.710678119
v -65.328148244 -27.059805007 -70.710678119
v -58.793780121 -39.284747919 -70.710678119
v -50.000000000 -50.000000000 -70.710678119
v -39.284747919 -58.793780121 -70.710678119
v -27.059805007 -65.328148244 -70.710678119
v -13.794968964 -69.351992266 -70.710678119
v -0.000000000 -70.710678119 -70.710678119
v 13.794968964 -69.351992266 -70.710678119
v 27.059805007 -65.328148244 -70.710678119
v 39.284747919 -58.793780121 -70.710678119
v 50.000000000 -50.000000000 -70.710678119
v 58.793780121 -39.284747919 -70.710678119
v 65.328148244 -27.059805007 -70.710678119
v 69.351992266 -13.794968964 -70.710678119
v 55.557023302 0.000000000 -83.146961230
v 54.489510678 10.838637566 -83.146961230
v 51.327996716 21.260752369 -83.146961230
v 46.193976626 30.865828382 -83.146961230
v 39.284747919 39.284747919 -83.146961230
v 30.865828382 46.193976626 -83.146961230
v 21.260752369 51.327996716 -83.146961230
v 10.838637566 54.489510678 -83.146961230
v 0.000000000 55.557023302 -83.146961230
v -10.838637566 54.489510678 -83.146961230
v -21.260752369 51.327996716 -83.146961230
v -30.865828382 46.193976626 -83.146961230
v -39.284747919 39.284747919 -83.146961230
v -46.193976626 30.865828382 -83.146961230
v -51.327996716 21.260752369 -83.146961230
v -54.489510678 10.838637566 -83.146961230
v -55.557023302 0.000000000 -83.146961230
v -54.489510678 -10.838637566 -83.146961230
v -51.327996716 -21.260752369 -83.146961230
v -46.193976626 -30.865828382 -83.146961230
v -39.284747919 -39.284747919 -83.146961230
v -30.865828382 -46.193976626 -83.146961230
v -21.260752369 -51.327996716 -83.146961230
v -10.838637566 -54.489510678 -83.146961230
v -0.000000000 -55.557023302 -83.146961230
v 10.838637566 -54.489510678 -83.146961230
v 21.260752369 -51.327996716 -83.146961230
v 30.865828382 -46.193976626 -83.146961230
v 39.284747919 -39.284747919 -83.146961230
v 46.193976626 -30.865828382 -83.146961230
v 51.327996716 -21.260752369 -83.146961230
v 54.489510678 -10.838637566 -83.146961230
v 38.268343237 0.000000000 -92.387953251
v 37.533027752 7.465783405 -92.387953251
v 35.355339059 14.644660941 -92.387953251
v 31.818964514 21.260752369 -92.387953251
v 27.059805007 27.059805007 -92.387953251
v 21.260752369 31.818964514 -92.387953251
v 14.644660941 35.355339059 -92.387953251
v 7.465783405 37.533027752 -92.387953251
v 0.000000000 38.268343237 -92.387953251
v -7.465783405 37.533027752 -92.387953251
v -14.644660941 35.355339059 -92.387953251
v -21.260752369 31.818964514 -92.387953251
v -27.059805007 27.059805007 -92.387953251
v -31.818964514 21.260752369 -92.387953251
v -35.355339059 14.644660941 -92.387953251
v -37.533027752 7.465783405 -92.387953251
v -38.268343237 0.000000000 -92.387953251
v -37.533027752 -7.465783405 -92.387953251
v -35.355339059 -14.644660941 -92.387953251
v -31.818964514 -21.260752369 -92.387953251
v -27.059805007 -27.059805007 -92.387953251
v -21.260752369 -31.818964514 -92.387953251
v -14.644660941 -35.355339059 -92.387953251
v -7.465783405 -37.533027752 -92.387953251
v -0.000000000 -38.268343237 -92.387953251
v 7.465783405 -37.533027752 -92.387953251
v 14.644660941 -35.355339059 -92.387953251
v 21.260752369 -31.818964514 -92.387953251
v 27.059805007 -27.059805007 -92.387953251
v 31.818964514 -21.260752369 -92.387953251
v 35.355339059 -14.644660941 -92.387953251
v 37.533027752 -7.465783405 -92.387953251
v 19.509032202 0.000000000 -98.078528040
v 19.134171618 3.806023374 -98.078528040
v 18.023995550 7.465783405 -98.078528040
v 16.221167441 10.838637566 -98.078528040
v 13.794968964 13.794968964 -98.078528040
v 10.838637566 16.221167441 -98.078528040
v 7.465783405 18.023995550 -98.078528040
v 3.806023374 19.134171618 -98.078528040
v 0.000000000 19.509032202 -98.078528040
v -3.806023374 19.134171618 -98.078528040
v -7.465783405 18.023995550 -98.078528040
v -10.838637566 16.221167441 -98.078528040
v -13.794968964 13.794968964 -98.078528040
v -16.221167441 10.838637566 -98.078528040
v -18.023995550 7.465783405 -98.078528040
v -19.134171618 3.806023374 -98.078528040
v -19.509032202 0.000000000 -98.078528040
v -19.134171618 -3.806023374 -98.078528040
v -18.023995550 -7.465783405 -98.078528040
v -16.221167441 -10.838637566 -98.078528040
v -13.794968964 -13.794968964 -98.078528040
v -10.838637566 -16.221167441 -98.078528040
v -7.465783405 -18.023995550 -98.078528040
v -3.806023374 -19.134171618 -98.078528040
v -0.000000000 -19.509032202 -98.078528040
v 3.806023374 -19.134171618 -98.078528040
v 7.465783405 -18.023995550 -98.078528040
v 10.838637566 -16.221167441 -98.078528040
v 13.794968964 -13.794968964 -98.078528040
v 16.221167441 -10.838637566 -98.078528040
v 18.023995550 -7.465783405 -98.078528040
v 19.134171618 -3.806023374 -98.078528040
v 0.000000000 0.000000000 -100.000000000
v 92.346296926 -0.348376440 0.000000000
v 94.000000000 0.000000000 0.000000000
v 95.653703074 0.348376440 0.000000000
v 90.713928196 6.271746280 3.834217188
v 92.580590189 6.737775857 3.874014167
v 94.447252182 7.203805435 3.913811146
v 88.625267569 12.616808377 7.518000678
v 90.529775380 13.247210258 7.642404479
v 92.434283192 13.877612139 7.766808280
v 85.980269416 18.668812707 11.078635596
v 87.883870495 19.463270369 11.291501888
v 89.787471574 20.257728031 11.504368180
v 82.812644923 24.370334881 14.504848145
v 84.687093143 25.326811246 14.808427064
v 86.561541363 26.283287611 15.112005984
v 79.169278360 29.671334656 17.785685342
v 80.990568503 30.785651632 18.181135656
v 82.811858646 31.899968609 18.576585971
v 75.104510745 34.529622368 20.910873216
v 76.851191982 35.795483567 21.398459135
v 78.597873220 37.061344766 21.886045053
v 70.677756694 38.911481566 23.870953687
v 72.330374648 40.320598561 24.450141084
v 73.982992602 41.729715556 25.029328481
v 65.951768981 42.792148091 26.657358970
v 67.492698077 44.334416045 27.326868834
v 69.033627173 45.876683999 27.996378698
v 60.991076117 46.156093847 29.262459816
v 62.404506673 47.819802688 30.020300328
v 63.817937229 49.483511529 30.778140841
v 55.860481141 48.997098750 31.679599448
v 57.132466678 50.769173949 32.523086172
v 58.404452215 52.541249147 33.366572896
v 50.623601624 51.318103353 33.903117854
v 51.742122214 53.184371859 34.828886795
v 52.860642804 55.050640364 35.754655736
v 45.341461098 53.130838601 35.928368468
v 46.296479923 55.076315513 36.932384722
v 47.251498748 57.021792425 37.936400976
v 40.071154369 54.455231956 37.751728004
v 40.854655192 56.464423210 38.829291935
v 41.638156016 58.473614465 39.906855866
v 34.864615652 55.318591833 39.370599499
v 35.470614874 57.375807869 40.516352354
v 36.076614096 59.433023904 41.662105210
v 29.767523064 55.754575639 40.783407989
v 30.192053846 57.844250645 41.991339476
v 30.616584627 59.933925652 43.199270962
v 24.818377154 55.801951450 41.989587654
v 25.059445712 57.908962283 43.253049232
v 25.300514271 60.015973117 44.516510810
v 20.047795371 55.503170563 42.989558638
v 20.105311116 57.613148421 44.301288164
v 20.162826861 59.723126280 45.613017690
v 15.478068158 54.902778831 43.784691300
v 15.353749635 57.002404937 45.136857000
v 15.229431111 59.102031042 46.489022701
v 11.123024787 54.045709976 44.377255745
v 10.820281804 56.122983217 45.761529783
v 10.517538821 58.200256457 47.145803822
v 6.988255868 52.975524093 44.770355965
v 6.512044171 55.019983399 46.178028677
v 6.035832475 57.064442705 47.585701388
v 3.071731492 51.732677794 44.967851703
v 2.428369947 53.735555218 46.389994626
v 1.785008402 55.738432642 47.812137549
v -0.635165171 50.352934510 44.974277748
v -1.438231772 52.307208452 46.401954049
v -2.241298373 54.261482393 47.829630351
v -4.146203690 48.866036892 44.794778344
v -5.100715407 50.766353125 46.219281764
v -6.055227125 52.666669358 47.643785184
v -7.478537691 47.294759400 44.435078643
v -8.575813684 49.137196821 45.848160358
v -9.673089677 50.979634242 47.261242073
v -10.650728478 45.654433218 43.901508438
v -11.882128456 47.436115826 45.295536234
v -13.113528435 49.217798434 46.689564031
v -13.680739710 43.952991177 43.201072124
v -15.038138098 45.671583920 44.569072585
v -16.395536485 47.390176663 45.937073045
v -16.584101122 42.191529338 42.341531420
v -18.060287189 43.844688733 43.677099527
v -19.536473256 45.497848128 45.012667634
v -19.372412673 40.365335117 41.331453251
v -20.961326092 41.950198583 42.628561697
v -22.550239510 43.535062049 43.925670143
v -22.052298409 38.465292702 40.180187953
v -23.749042954 39.978076393 41.432963547
v -25.445787499 41.490860084 42.685739140
v -24.624849088 36.479543144 38.897775225
v -26.425482812 37.915286352 40.100312658
v -28.226116536 39.351029561 41.302850090
v -27.085537081 34.395252243 37.494804178
v -28.986688123 35.747714319 38.641061343
v -30.887839165 37.100176395 39.787318507
v -29.424551521 32.200332809 35.982262964
v -31.422935529 33.462027644 37.066046844
v -33.421319537 34.723722479 38.149830725
v -31.627480418 29.884984648 34.371404366
v -33.719396220 31.047329178 35.386430430
v -35.811312022 32.209673707 36.401456493
v -33.676253878 27.442951590 32.673638246
v -35.857118252 28.496503698 33.613635684
v -38.037982626 29.550055806 34.553633122
v -35.550257699 24.872439038 30.900449645
v -37.814219122 25.807201838 31.759286313
v -40.078180544 26.741964638 32.618122980
v -37.227529677 22.176676853 29.063335782
v -39.567182097 22.982448149 29.835143757
v -41.906834516 23.788219446 30.606951731
v -38.685961040 19.364144237 27.173754517
v -41.092164701 20.030891518 27.853044928
v -43.498368362 20.697638798 28.532335339
v -39.904439795 16.448493768 25.243078516
v -42.366246891 16.966736603 25.824840360
v -44.828053987 17.484979438 26.406602204
v -40.863888528 13.448222246 23.282551536
v -43.368565846 13.809405736 23.762333087
v -45.873243165 14.170589225 24.242114638
v -41.548163933 10.386139171 21.303244967
v -44.081301516 10.582984167 21.677218520
v -46.614439100 10.779829163 22.051192072
v -41.944797932 7.288682215 19.316013997
v -44.490491161 7.315500357 19.581025633
v -47.036184390 7.342318498 19.846037268
v -42.045570166 4.185125111 17.331453396
v -44.586662008 4.038089160 17.485059712
v -47.127753851 3.891053209 17.638666028
v -41.846909236 1.106718413 15.359853275
v -44.365279303 0.784080819 15.400346950
v -46.883649370 0.461443226 15.440840626
v -41.350125709 -1.914201465 13.411155289
v -43.827013001 -2.411946465 13.337581140
v -46.303900293 -2.909691466 13.264006990
v -40.561484017 -4.845104329 11.494909725
v -42.977830762 -5.515117540 11.307072702
v -45.394177507 -6.185130751 11.119235679
v -39.492123498 -7.654133158 9.620233921
v -41.828928177 -8.491186519 9.318700303
v -44.165732855 -9.328239881 9.017166685
v -38.157841141 -10.310923551 7.795772296
v -40.396509685 -11.307413930 7.381865248
v -42.635178229 -12.303904310 6.967958200
v -36.578750350 -12.787356824 6.029658266
v -38.701435591 -13.933374169 5.505448887
v -40.824120832 -15.079391515 4.981239509
v -34.778831455 -15.058231129 4.329478126
v -36.768752152 -16.341676096 3.697773192
v -38.758672850 -17.625121064 3.066068259
v -32.785390645 -17.101837977 2.702236956
v -34.627122924 -18.508582809 1.966564696
v -36.468855202 -19.915327640 1.230892437
v -30.628444760 -18.900434401 1.154326426
v -32.308180451 -20.414519742 0.318921941
v -33.987916142 -21.928605082 -0.516482545
v -28.340049713 -20.440603719 -0.308505730
v -29.845818032 -22.044463251 -1.238713438
v -31.351586350 -23.648322784 -2.168921147
v -25.953590456 -21.713500519 -1.681185012
v -27.275441550 -23.388204772 -2.700581856
v -28.597292644 -25.062909025 -3.719978701
v -23.503050108 -22.714978053 -2.959338910
v -24.633201435 -24.440488515 -4.061627072
v -25.763352762 -26.165998977 -5.163915234
v -21.022275273 -23.445598738 -4.139326290
v -21.955224459 -25.201023447 -5.317513539
v -22.888173645 -26.956448156 -6.495700789
v -18.544253429 -23.910531099 -5.218269341
v -19.276864503 -25.674372975 -6.464639762
v -20.009475578 -27.438214852 -7.711010184
v -16.100416460 -24.119339283 -6.194091630
v -16.631990523 -25.869728276 -7.500147616
v -17.163564585 -27.620117268 -8.806203602
v -13.719981167 -24.085675097 -7.065569191
v -14.052328761 -25.800573599 -8.421927608
v -14.384676355 -27.515472100 -9.778286025
v -11.429331291 -23.826888884 -7.832409665
v -11.566874843 -25.484254042 -9.228620094
v -11.704418394 -27.141619201 -10.624830524
v -9.251430912 -23.363590358 -8.495396153
v -9.201389743 -24.941458270 -9.919612449
v -9.151348575 -26.519326183 -11.343828746
v -7.205216742 -22.719235134 -9.056700596
v -6.977991787 -24.195630394 -10.495032255
v -6.750766832 -25.672025654 -11.933363913
v -5.304757573 -21.919993564 -9.520744030
v -4.914854855 -23.272326800 -10.955736549
v -4.524952137 -24.624660036 -12.390729069
v -3.557044198 -20.996304036 -9.897648217
v -3.026020847 -22.198535059 -11.303297225
v -2.494997495 -23.400766081 -12.708946233
v -1.856700995 -19.992893788 -10.294495207
v -1.321332160 -21.001973272 -11.539982669
v -0.785963325 -22.011052756 -12.785470131
v 94.170823234 -0.810878333 1.472886877
v 94.000000000 0.000000000 0.000000000
v 93.829176766 0.810878333 -1.472886877
v 92.774080302 5.819300447 5.553942397
v 92.580590189 6.737775857 3.874014167
v 92.387100077 7.656251268 2.194085936
v 90.729831432 12.295670674 9.401547122
v 90.529775380 13.247210258 7.642404479
v 90.329719329 14.198749842 5.883261837
v 88.089087260 18.484770624 13.108256256
v 87.883870495 19.463270369 11.291501888
v 87.678653731 20.441770114 9.474747520
v 84.898116926 24.322280905 16.670402113
v 84.687093143 25.326811246 14.808427064
v 84.476069359 26.331341587 12.946452015
v 81.209342225 29.754382383 20.079504128
v 80.990568503 30.785651632 18.181135656
v 80.771794781 31.816920882 16.282767185
v 77.080616974 34.736341441 23.326313403
v 76.851191982 35.795483567 21.398459135
v 76.621766991 36.854625694 19.470604867
v 72.574039501 39.232621351 26.401844924
v 72.330374648 40.320598561 24.450141084
v 72.086709795 41.408575771 22.498437245
v 67.754604478 43.217156414 29.297765161
v 67.492698077 44.334416045 27.326868834
v 67.230791676 45.451675676 25.355972506
v 62.688775072 46.673525818 32.006572239
v 62.404506673 47.819802688 30.020300328
v 62.120238275 48.966079558 28.034028418
v 57.443020634 49.594948331 34.521690187
v 57.132466678 50.769173949 32.523086172
v 56.821912722 51.943399566 30.524482157
v 52.082357195 51.984067866 36.837519429
v 51.742122214 53.184371859 34.828886795
v 51.401887233 54.384675851 32.820254160
v 46.668926494 53.852517931 38.949460090
v 46.296479923 55.076315513 36.932384722
v 45.924033352 56.300113095 34.915309354
v 41.260649903 55.220261973 40.853914906
v 40.854655192 56.464423210 38.829291935
v 40.448660482 57.708584448 36.804668964
v 35.909995496 56.114712955 42.548274293
v 35.470614874 57.375807869 40.516352354
v 35.031234253 58.636902782 38.484430416
v 30.662899355 56.569641577 44.030884209
v 30.192053846 57.844250645 41.991339476
v 29.721208336 59.118859714 39.951794742
v 25.557885845 56.623889833 45.300997008
v 25.059445712 57.908962283 43.253049232
v 24.561005580 59.194034733 41.205101456
v 20.625435550 56.319916100 46.358706378
v 20.105311116 57.613148421 44.301288164
v 19.585186682 58.906380743 42.243869949
v 15.887652498 55.702210333 47.204870222
v 15.353749635 57.002404937 45.136857000
v 14.819846771 58.302599540 43.068843779
v 11.358281677 54.815633113 47.841030658
v 10.820281804 56.122983217 45.761529783
v 10.282281931 57.430333320 43.682028909
v 7.043119530 53.703748212 48.269348307
v 6.512044171 55.019983399 46.178028677
v 5.980968813 56.336218586 44.086709047
v 2.940838452 52.407231080 48.492577220
v 2.428369947 53.735555218 46.389994626
v 1.915901441 55.063879355 44.287412032
v -0.955793440 50.962439127 48.514111937
v -1.438231772 52.307208452 46.401954049
v -1.920670103 53.651977777 44.289796162
v -4.658373152 49.400219718 48.338129857
v -5.100715407 50.766353125 46.219281764
v -5.543057663 52.132486531 44.100433671
v -8.181141544 47.745011016 47.969820739
v -8.575813684 49.137196821 45.848160358
v -8.970485825 50.529382627 43.726499977
v -11.539255468 46.014272421 47.415642780
v -11.882128456 47.436115826 45.295536234
v -12.225001445 48.857959230 43.175429689
v -14.747215122 44.218281187 46.683497245
v -15.038138098 45.671583920 44.569072585
v -15.329061073 47.124886653 42.454647924
v -17.817540249 42.360348264 45.782713631
v -18.060287189 43.844688733 43.677099527
v -18.303034129 45.329029202 41.571485424
v -20.759706621 40.437510352 44.723806858
v -20.961326092 41.950198583 42.628561697
v -21.162945562 43.462886813 40.533316536
v -23.579314514 38.441711595 43.518072345
v -23.749042954 39.978076393 41.432963547
v -23.918771394 41.514441190 39.347854748
v -26.277482517 36.361398588 42.177152895
v -26.425482812 37.915286352 40.100312658
v -26.573483107 39.469174117 38.023472420
v -28.850505813 34.183361364 40.712700464
v -28.986688123 35.747714319 38.641061343
v -29.122870433 37.312067274 36.569422221
v -31.289836306 31.894609968 39.136188488
v -31.422935529 33.462027644 37.066046844
v -31.556034752 35.029445321 34.995905201
v -33.582415057 29.484094200 37.458860646
v -33.719396220 31.047329178 35.386430430
v -33.856377383 32.610564156 33.314000213
v -35.711335924 26.944131225 35.691765579
v -35.857118252 28.496503698 33.613635684
v -36.002900580 30.048876171 31.535505789
v -37.656772986 24.271470927 33.845825198
v -37.814219122 25.807201838 31.759286313
v -37.971665257 27.342932749 29.672747427
v -39.397079714 21.467982573 31.931900198
v -39.567182097 22.982448149 29.835143757
v -39.737284479 24.496913726 27.738387315
v -40.909965466 18.540982348 29.960834662
v -41.092164701 20.030891518 27.853044928
v -41.274363936 21.520800687 25.745255194
v -42.173666826 15.503241691 27.943474877
v -42.366246891 16.966736603 25.824840360
v -42.558826957 18.430231515 23.706205843
v -43.168049387 12.372725465 25.890664656
v -43.368565846 13.809405736 23.762333087
v -43.569082305 15.246086007 21.634001518
v -43.875593952 9.172111047 23.813222178
v -44.081301516 10.582984167 21.677218520
v -44.287009081 11.993857286 19.541214862
v -44.282237040 5.928137496 21.721903702
v -44.490491161 7.315500357 19.581025633
v -44.698745282 8.702863218 17.440147563
v -44.378048178 2.670830052 19.627358717
v -44.586662008 4.038089160 17.485059712
v -44.795275839 5.405348269 15.342760707
v -44.157735915 -0.567359332 17.540080067
v -44.365279303 0.784080819 15.400346950
v -44.572822691 2.135520970 13.260613834
v -43.620981499 -3.752459351 15.470351667
v -43.827013001 -2.411946465 13.337581140
v -44.033044503 -1.071433580 11.204810612
v -42.772604268 -6.849902834 13.428195600
v -42.977830762 -5.515117540 11.307072702
v -43.183057256 -4.180332246 9.185949804
v -41.622566654 -9.825438517 11.423319861
v -41.828928177 -8.491186519 9.318700303
v -42.035289699 -7.156934521 7.214080744
v -40.185829617 -12.646006845 9.465067564
v -40.396509685 -11.307413930 7.381865248
v -40.607189753 -9.968821015 5.298662932
v -38.482071646 -15.280558818 7.562368148
v -38.701435591 -13.933374169 5.505448887
v -38.920799536 -12.586189521 3.448529627
v -36.535286319 -17.700799970 5.723690884
v -36.768752152 -16.341676096 3.697773192
v -37.002217986 -14.982552223 1.671855500
v -34.373274873 -19.881844502 3.957000821
v -34.627122924 -18.508582809 1.966564696
v -34.880970974 -17.135321115 -0.023871428
v -32.027051464 -21.802767421 2.269717147
v -32.308180451 -20.414519742 0.318921941
v -32.589309439 -19.026272063 -1.631873266
v -29.530179627 -23.447045306 0.668673776
v -29.845818032 -22.044463251 -1.238713438
v -30.161456436 -20.641881196 -3.146100653
v -26.918059134 -24.802879018 -0.839918221
v -27.275441550 -23.388204772 -2.700581856
v -27.632823965 -21.973530526 -4.561245492
v -24.227182786 -25.863394223 -2.250507040
v -24.633201435 -24.440488515 -4.061627072
v -25.039220084 -23.017582806 -5.872747104
v -21.494382924 -26.626717988 -3.558236574
v -21.955224459 -25.201023447 -5.317513539
v -22.416065994 -23.775328906 -7.076790505
v -18.756087587 -27.095931672 -4.758984857
v -19.276864503 -25.674372975 -6.464639762
v -19.797641419 -24.252814279 -8.170294668
v -16.047606759 -27.278901608 -5.849408090
v -16.631990523 -25.869728276 -7.500147616
v -17.216374286 -24.460554943 -9.150887142
v -13.402470675 -27.187988802 -6.826997054
v -14.052328761 -25.800573599 -8.421927608
v -14.702186846 -24.413158396 -10.016858162
v -10.851846983 -26.839634990 -7.690160245
v -11.566874843 -25.484254042 -9.228620094
v -12.281902702 -24.128873095 -10.767079944
v -8.424078092 -26.253808638 -8.438367555
v -9.201389743 -24.941458270 -9.919612449
v -9.978701395 -23.629107903 -11.400857343
v -6.144427872 -25.453247417 -9.072449137
v -6.977991787 -24.195630394 -10.495032255
v -7.811555702 -22.938013371 -11.917615372
v -4.035319941 -24.462241082 -9.595385426
v -4.914854855 -23.272326800 -10.955736549
v -5.794389769 -22.082412517 -12.316087672
v -2.118521104 -23.303504655 -10.015399413
v -3.026020847 -22.198535059 -11.303297225
v -3.933520589 -21.093565463 -12.591195036
v -0.496411691 -21.954422937 -10.413729559
v -1.321332160 -21.001973272 -11.539982669
v -2.146252629 -20.049523607 -12.666235779
v 34.306384811 59.293326525 62.523194639
v 35.095762323 60.787643474 62.523194639
v 35.885139835 62.281960423 62.523194639
v 29.722250093 61.450304278 60.886721134
v 30.588042179 63.168860467 60.873951999
v 31.453834266 64.887416656 60.861182865
v 25.143567754 63.527113255 59.063928783
v 25.975424202 65.356352820 59.019993560
v 26.807280650 67.185592386 58.976058337
v 20.468182863 65.403147048 57.056353915
v 21.243529426 67.324648635 56.973640793
v 22.018875989 69.246150222 56.890927671
v 15.683062882 67.039530129 54.877063602
v 16.384577460 69.042462633 54.747827355
v 17.086092037 71.045395137 54.618591107
v 10.785967368 68.399688555 52.539512291
v 11.398650736 70.474811361 52.356030709
v 12.011334104 72.549934167 52.172549126
v 5.783776069 69.447403998 50.057423920
v 6.294369294 71.585206799 49.812202209
v 6.804962519 73.723009601 49.566980498
v 0.692059053 70.147801442 47.444741749
v 1.089016516 72.337782004 47.130695962
v 1.485973979 74.527762566 46.816650175
v -4.465436758 70.468814920 44.715593675
v -4.191811801 72.699239957 44.326196809
v -3.918186844 74.929664993 43.936799943
v -9.657561719 70.382628806 41.884257784
v -9.514947250 72.640553212 41.413647775
v -9.372332782 74.898477617 40.943037765
v -14.846783442 69.866932372 38.965123093
v -14.840686854 72.138372839 38.408177309
v -14.834590266 74.409813305 37.851231524
v -19.990395030 68.905925492 35.972644551
v -20.124043771 71.176128933 35.325026666
v -20.257692512 73.446332375 34.677408780
v -25.041847867 67.491054586 32.921293019
v -25.316134296 69.744821893 32.179477753
v -25.590420725 71.998589200 31.437662486
v -29.952150147 65.621478461 29.825501517
v -30.365635382 67.843514960 28.986781767
v -30.779120618 70.065551460 28.148062017
v -34.671280167 63.304275009 26.699609080
v -35.220257271 65.479545712 25.762088954
v -35.769234376 67.654816415 24.824568829
v -39.149571481 60.554406088 23.557803396
v -39.828185173 62.668478512 22.520379791
v -40.506798864 64.782550936 21.482956186
v -43.339034272 57.394461614 20.414063207
v -44.139451999 59.433822536 19.276397899
v -44.939869726 61.473183458 18.138732591
v -47.194583670 53.854206052 17.282101238
v -48.107211067 55.806541507 16.044584986
v -49.019838464 57.758876963 14.807068733
v -50.675151155 49.969951759 14.175308254
v -51.688883552 51.824382177 12.839018086
v -52.702615948 53.678812595 11.502727918
v -53.744659959 45.783784451 11.106698720
v -54.847160622 47.531049168 9.673349378
v -55.949661286 49.278313886 8.240000035
v -56.372849577 41.342666510 8.088858425
v -57.550844770 42.975254113 6.560748828
v -58.728839963 44.607841716 5.032639231
v -58.535938387 36.697444109 5.133894327
v -59.775519014 38.209667129 3.513849896
v -61.015099640 39.721890149 1.893805466
v -60.217116953 31.901784118 2.253386867
v -61.504036606 33.289798601 0.544698532
v -62.790956260 34.677813083 -1.163989803
v -61.406867976 27.011066560 -0.541655117
v -62.726827553 28.272838900 -2.335294342
v -64.046787130 29.534611241 -4.128933568
v -62.103112137 22.081257929 -3.240836736
v -63.442021795 23.216483101 -5.115396665
v -64.780931452 24.351708273 -6.989956594
v -62.311182084 17.167789998 -5.834416592
v -63.655392249 18.177766879 -7.785595223
v -64.999602414 19.187743759 -9.736773855
v -62.043629807 12.324467759 -8.313343453
v -63.380124090 13.211938647 -10.336631646
v -64.716618372 14.099409535 -12.359919839
v -61.319875289 7.602428987 -10.669290094
v -62.636419561 8.371391555 -12.760034270
v -63.952963833 9.140354123 -14.850778445
v -60.165706870 3.049176473 -12.894684325
v -61.450950357 3.704677315 -15.048145772
v -62.736193844 4.360178158 -17.201607218
v -58.612645999 -1.292297604 -14.982737332
v -59.856172026 -0.744378057 -17.194146482
v -61.099698053 -0.196458511 -19.405555631
v -56.697191023 -5.384277393 -16.927469492
v -57.889517008 -4.937438527 -19.192073303
v -59.081842992 -4.490599660 -21.456677113
v -54.459956403 -9.194963203 -18.723733914
v -55.592484807 -8.842286406 -21.036834199
v -56.725013211 -8.489609609 -23.349934484
v -51.944725160 -12.698971183 -20.367238021
v -53.009649421 -12.433301023 -22.724218225
v -54.074573681 -12.167630864 -25.081198430
v -49.197433609 -15.877680277 -21.854563558
v -50.187605555 -15.691776004 -24.250901088
v -51.177777500 -15.505871731 -26.647238618
v -46.265108450 -18.719415382 -23.183185465
v -47.173876493 -18.606065548 -25.614446271
v -48.082644535 -18.492715713 -28.045707076
v -43.194777300 -21.219456965 -24.351489953
v -44.015807788 -21.171552043 -26.813301744
v -44.836838277 -21.123647122 -29.275113534
v -40.032374786 -23.379868687 -25.358791965
v -40.759472450 -23.390429396 -27.846792333
v -41.486570114 -23.400990105 -30.334792702
v -36.821667661 -25.209135887 -26.205351630
v -37.448615111 -25.271298653 -28.715107822
v -38.075562561 -25.333461419 -31.224864014
v -33.603224259 -26.721609615 -26.892388292
v -34.123664965 -26.828575348 -29.419286877
v -34.644105671 -26.935541081 -31.946185462
v -30.413456388 -27.936753879 -27.422088844
v -30.820850048 -28.081711926 -29.961196933
v -31.228243708 -28.226669973 -32.500305023
v -27.283765912 -28.878198965 -27.797604246
v -27.571448483 -29.054244436 -30.343510159
v -27.859131054 -29.230289908 -32.889416072
v -24.239834536 -29.572612510 -28.023024290
v -24.401215114 -29.772681181 -30.569675666
v -24.562595692 -29.972749851 -33.116327043
v -21.301104131 -30.048414091 -28.103316827
v -21.330023294 -30.265262808 -30.643888129
v -21.358942456 -30.482111526 -33.184459431
v -18.480506145 -30.334379631 -28.044216319
v -18.371759858 -30.560638644 -30.571053007
v -18.263013571 -30.786897656 -33.097889696
v -15.784509259 -30.458208331 -27.852052083
v -15.534504399 -30.686521709 -30.356748566
v -15.284499539 -30.914835087 -32.861445048
v -13.213556459 -30.445152863 -27.533523914
v -12.821009805 -30.668402509 -30.007184918
v -12.428463150 -30.891652155 -32.480845922
v -10.762942105 -30.316834038 -27.095462033
v -10.229478704 -30.528414844 -29.529160313
v -9.696015303 -30.739995650 -31.962858594
v -8.424122158 -30.090361902 -26.544638628
v -7.754601010 -30.284450452 -28.930014916
v -7.085079861 -30.478539002 -31.315391205
v -6.186357342 -29.777857769 -25.887705911
v -5.388785097 -29.949608394 -28.217582324
v -4.591212853 -30.121359019 -30.547458737
v -4.038489970 -29.386419859 -25.131300338
v -3.123485786 -29.532037750 -27.400139086
v -2.208481602 -29.677655642 -29.668977834
v -1.970602895 -28.918515458 -24.282281846
v -0.950513733 -29.035190916 -26.486352493
v 0.069575429 -29.151866374 -28.690423140
v 0.024660558 -28.372733606 -23.348012767
v 1.136791067 -28.458456856 -25.485226916
v 2.248921576 -28.544180107 -27.622441066
v 1.951238636 -27.744802233 -22.336567389
v 3.142622462 -27.798099265 -24.406048970
v 4.334006288 -27.851396297 -26.475530552
v 3.809267223 -27.028759597 -21.256805708
v 5.068077159 -27.048393168 -23.258331787
v 6.326887095 -27.068026738 -25.259857866
v 5.595106982 -26.218167096 -20.118308811
v 6.910859320 -26.202840840 -22.051758697
v 8.226611657 -26.187514585 -23.985208583
v 7.301691020 -25.307257957 -18.931219125
v 8.665311718 -25.255354000 -20.796126592
v 10.028932415 -25.203450044 -22.661034058
v 8.919105714 -24.291934291 -17.706041953
v 10.322733380 -24.201309722 -19.501289273
v 11.726361047 -24.110685152 -21.296536594
v 10.435331459 -23.170550362 -16.453454461
v 11.871923813 -23.038415438 -18.177101065
v 13.308516167 -22.906280514 -19.900747670
v 11.837085580 -21.944446927 -15.184151534
v 13.299885595 -21.767347282 -16.833360975
v 14.762685611 -21.590247637 -18.482570416
v 13.110727672 -20.618223136 -13.908747452
v 14.592618121 -20.392151057 -15.479757692
v 16.074508570 -20.166078978 -17.050767932
v 14.243218524 -19.199741308 -12.637758174
v 15.735942384 -18.920414198 -14.125815689
v 17.228666244 -18.641087087 -15.613873205
v 15.223201996 -17.699840128 -11.381734657
v 16.716306881 -17.363229700 -12.780842704
v 18.209411765 -17.026619272 -14.179950750
v 16.042565453 -16.131615163 -10.151818672
v 17.521535662 -15.734980253 -11.453878851
v 19.000505871 -15.338345343 -12.755939031
v 16.700539566 -14.508410660 -8.962247548
v 18.141489808 -14.052973935 -10.153647630
v 19.582440049 -13.597537210 -11.345047712
v 17.293973030 -12.772235223 -7.867770489
v 18.568622537 -12.336963318 -8.888509051
v 19.843272045 -11.901691412 -9.909247614
v 34.635810152 61.030614619 64.131146449
v 35.095762323 60.787643474 62.523194639
v 35.555714494 60.544672329 60.915242829
v 30.035250653 63.460874286 62.693936566
v 30.588042179 63.168860467 60.873951999
v 31.140833705 62.876846647 59.053967433
v 25.340272905 65.690286243 60.897519629
v 25.975424202 65.356352820 59.019993560
v 26.610575500 65.022419398 57.142467491
v 20.533214978 67.693614427 58.886620075
v 21.243529426 67.324648635 56.973640793
v 21.953843874 66.955682843 55.060661512
v 15.603589752 69.440978043 56.684785536
v 16.384577460 69.042462633 54.747827355
v 17.165565167 68.643947223 52.810869174
v 10.549853846 70.898133299 54.309367197
v 11.398650736 70.474811361 52.356030709
v 12.247447625 70.051489423 50.402694220
v 5.379231048 72.029042688 51.776017792
v 6.294369294 71.585206799 49.812202209
v 7.209507540 71.141370911 47.848386626
v 0.107731905 72.798025847 49.099825456
v 1.089016516 72.337782004 47.130695962
v 2.070301127 71.877538161 45.161566468
v -5.240174660 73.171698649 46.295718192
v -4.191811801 72.699239957 44.326196809
v -3.143448943 72.226781264 42.356675425
v -10.632254661 73.120676807 43.378626342
v -9.514947250 72.640553212 41.413647775
v -8.397639839 72.160429616 39.448669207
v -16.029502009 72.621009064 40.363541308
v -14.840686854 72.138372839 38.408177309
v -13.651871699 71.655736614 36.452813309
v -21.387352840 71.655319329 37.265521793
v -20.124043771 71.176128933 35.325026666
v -18.860734702 70.696938538 33.384531539
v -26.657047247 70.213652091 34.099670638
v -25.316134296 69.744821893 32.179477753
v -23.975221346 69.275991695 30.259284868
v -31.787073446 68.294026772 30.881094308
v -30.365635382 67.843514960 28.986781767
v -28.944197319 67.393003149 27.092469226
v -36.724639110 65.902714473 27.624851946
v -35.220257271 65.479545712 25.762088954
v -33.715875433 65.056376952 23.899325963
v -41.417123469 63.054255577 24.345898248
v -39.828185173 62.668478512 22.520379791
v -38.239246876 62.282701446 20.694861334
v -45.813471501 59.771239906 21.059022954
v -44.139451999 59.433822536 19.276397899
v -42.465432497 59.096405166 17.493772844
v -49.865498091 56.083873196 17.778788795
v -48.107211067 55.806541507 16.044584986
v -46.348924044 55.529209819 14.310381177
v -53.529075658 52.029355087 14.519469238
v -51.688883552 51.824382177 12.839018086
v -49.848691445 51.619409267 11.158566933
v -56.765183696 47.651094808 11.294987000
v -54.847160622 47.531049168 9.673349378
v -52.929137549 47.411003529 8.051711755
v -59.540803079 42.997791480 8.118854053
v -57.550844770 42.975254113 6.560748828
v -55.560886461 42.952716747 5.002643603
v -61.829642141 38.122406451 5.004113732
v -59.775519014 38.209667129 3.513849896
v -57.721395886 38.296927807 2.023586061
v -63.612685394 33.081055318 1.963285420
v -61.504036606 33.289798601 0.544698532
v -59.395387819 33.498541884 -0.873888356
v -64.878559535 27.931847266 -0.991687785
v -62.726827553 28.272838900 -2.335294342
v -60.575095572 28.613830534 -3.678900899
v -65.623714993 22.733699082 -3.849488072
v -63.442021795 23.216483101 -5.115396665
v -61.260328596 23.699267120 -6.381305259
v -65.852424742 17.545150505 -6.599468305
v -63.655392249 18.177766879 -7.785595223
v -61.458359756 18.810383252 -8.971722142
v -65.576605463 12.423206690 -9.231693578
v -63.380124090 13.211938647 -10.336631646
v -61.183642717 14.000670604 -11.441569714
v -64.815469224 7.422232218 -11.736978759
v -62.636419561 8.371391555 -12.760034270
v -60.457369898 9.320550892 -13.783089781
v -63.595016768 2.592919569 -14.106921932
v -61.450950357 3.704677315 -15.048145772
v -59.306883946 4.816435061 -15.989369612
v -61.947386089 -2.018646877 -16.333933743
v -59.856172026 -0.744378057 -17.194146482
v -57.764957964 0.529890762 -18.054359221
v -59.910072264 -6.371812237 -18.411262724
v -57.889517008 -4.937438527 -19.192073303
v -55.868961751 -3.503064817 -19.972883881
v -57.525036509 -10.432040937 -20.333016830
v -55.592484807 -8.842286406 -21.036834199
v -53.659933105 -7.252531876 -21.740651569
v -54.837724028 -14.171460108 -22.094181539
v -53.009649421 -12.433301023 -22.724218225
v -51.181574813 -10.695141939 -23.354254912
v -51.896011612 -17.569243761 -23.690635077
v -50.187605555 -15.691776004 -24.250901088
v -48.479199497 -13.814308248 -24.811167100
v -48.749107060 -20.611826820 -25.119161483
v -47.173876493 -18.606065548 -25.614446271
v -45.598645925 -16.600304275 -26.109731058
v -45.446423474 -23.292939833 -26.377462504
v -44.015807788 -21.171552043 -26.813301744
v -42.585192103 -19.050164254 -27.249140983
v -42.036452469 -25.613456638 -27.464169427
v -40.759472450 -23.390429396 -27.846792333
v -39.482492431 -21.167402154 -28.229415240
v -38.565661412 -27.581048815 -28.378856121
v -37.448615111 -25.271298653 -28.715107822
v -36.331568809 -22.961548491 -29.051359523
v -35.077441125 -29.209642441 -29.122054322
v -34.123664965 -26.828575348 -29.419286877
v -33.169888805 -24.447508255 -29.716519433
v -31.611132157 -30.518675238 -29.695271522
v -30.820850048 -28.081711926 -29.961196933
v -30.030567940 -25.644748614 -30.227122345
v -28.201159809 -31.532156378 -30.101010173
v -27.571448483 -29.054244436 -30.343510159
v -26.941737157 -26.576332495 -30.586010146
v -24.876310849 -32.277538161 -30.342783743
v -24.401215114 -29.772681181 -30.569675666
v -23.926119379 -27.267824200 -30.796567590
v -21.659188587 -32.784420025 -30.425120329
v -21.330023294 -30.265262808 -30.643888129
v -21.000858000 -27.746105591 -30.862655930
v -18.565888422 -33.083122348 -30.353538391
v -18.371759858 -30.560638644 -30.571053007
v -18.177631293 -28.038154939 -30.788567624
v -15.605943267 -33.203191055 -30.134474442
v -15.534504399 -30.686521709 -30.356748566
v -15.463065531 -28.169852362 -30.579022689
v -12.782595332 -33.171922748 -29.775144441
v -12.821009805 -30.668402509 -30.007184918
v -12.859424277 -28.164882270 -30.239225395
v -10.093449900 -33.013028173 -29.283335725
v -10.229478704 -30.528414844 -29.529160313
v -10.365507507 -28.043801515 -29.774984902
v -7.531543836 -32.745568068 -28.667156496
v -7.754601010 -30.284450452 -28.930014916
v -7.977658183 -27.823332836 -29.192873337
v -5.086802880 -32.383286081 -27.934804107
v -5.388785097 -29.949608394 -28.217582324
v -5.690767315 -27.515930707 -28.500360541
v -2.747771036 -31.934420999 -27.094427385
v -3.123485786 -29.532037750 -27.400139086
v -3.499200536 -27.129654501 -27.705850786
v -0.503406564 -31.402012975 -26.154131188
v -0.950513733 -29.035190916 -26.486352493
v -1.397620902 -26.668368856 -26.818573797
v 1.655298197 -30.784647805 -25.122111106
v 1.136791067 -28.458456856 -25.485226916
v 0.618283937 -26.132265908 -25.848342727
v 3.734075562 -30.077531984 -24.006850126
v 3.142622462 -27.798099265 -24.406048970
v 2.551169362 -25.518666545 -24.805247815
v 5.734626115 -29.273767724 -22.817293069
v 5.068077159 -27.048393168 -23.258331787
v 4.401528203 -24.823018611 -23.699370505
v 7.654351762 -28.365696443 -21.562941557
v 6.910859320 -26.202840840 -22.051758697
v 6.167366877 -24.039985237 -22.540575836
v 9.486512860 -27.346192782 -20.253856217
v 8.665311718 -25.255354000 -20.796126592
v 7.844110575 -23.164515219 -21.338396966
v 11.220713204 -26.209812920 -18.900586755
v 10.322733380 -24.201309722 -19.501289273
v 9.424753556 -22.192806523 -20.101991792
v 12.843612059 -24.953727326 -17.514064738
v 11.871923813 -23.038415438 -18.177101065
v 10.900235567 -21.123103550 -18.840137393
v 14.339768559 -23.578394815 -16.105494089
v 13.299885595 -21.767347282 -16.833360975
v 12.260002632 -19.956299748 -17.561227861
v 15.692529574 -22.087956610 -14.686272101
v 14.592618121 -20.392151057 -15.479757692
v 13.492706668 -18.696345504 -16.273243283
v 16.884866550 -20.490337674 -13.267983035
v 15.735942384 -18.920414198 -14.125815689
v 14.587018217 -17.350490721 -14.983648344
v 17.900020660 -18.797016562 -11.862556786
v 16.716306881 -17.363229700 -12.780842704
v 15.532593101 -15.929442838 -13.699128621
v 18.721593427 -17.022265067 -10.482904079
v 17.521535662 -15.734980253 -11.453878851
v 16.321477897 -14.447695439 -12.424853624
v 19.331302837 -15.180592805 -9.145671934
v 18.141489808 -14.052973935 -10.153647630
v 16.951676779 -12.925355065 -11.161623326
v 19.627467155 -13.279138253 -7.968044669
v 18.568622537 -12.336963318 -8.888509051
v 17.509777920 -11.394788382 -9.808973434
v -43.867029166 77.150350293 -25.998606225
v -45.166559738 78.230776270 -25.998606225
v -46.466090310 79.311202247 -25.998606225
v -48.004597570 71.809697001 -29.153573532
v -49.529464324 72.983098028 -29.186826741
v -51.054331077 74.156499054 -29.220079949
v -51.641938322 66.358710781 -32.081694821
v -53.322169209 67.457041168 -32.184297785
v -55.002400096 68.555371555 -32.286900750
v -54.723218220 60.730794248 -34.809542171
v -56.535163351 61.724334169 -34.982473867
v -58.347108481 62.717874091 -35.155405563
v -57.243699993 54.987113242 -37.331260202
v -59.169116536 55.855722948 -37.573853772
v -61.094533079 56.724332655 -37.816447342
v -59.212622903 49.190973647 -39.641611468
v -61.234548284 49.919437369 -39.951997395
v -63.256473664 50.647901091 -40.262383321
v -60.649435360 43.403017465 -41.736260464
v -62.751250336 43.979715740 -42.111537504
v -64.853065311 44.556414015 -42.486814544
v -61.582181986 37.679019888 -43.611861411
v -63.747463113 38.095424666 -44.048186458
v -65.912744241 38.511829444 -44.484511505
v -62.046148783 32.068371845 -45.266085953
v -64.258809845 32.318814402 -45.758737886
v -66.471470908 32.569256960 -46.251389819
v -62.082434806 26.612922011 -46.697620858
v -64.326996711 26.694453316 -47.241063392
v -66.571558616 26.775984621 -47.784505926
v -61.736376008 21.346121117 -47.906144485
v -63.998294178 21.258388758 -48.494104343
v -66.260212348 21.170656398 -49.082064200
v -61.055819796 16.292483224 -48.892284994
v -63.321824834 16.037584989 -49.517858839
v -65.587829871 15.782686755 -50.143432685
v -60.089284192 11.467403104 -49.657562600
v -62.347697452 11.049690154 -50.313363980
v -64.606110711 10.631977204 -50.969165361
v -58.884063090 6.877375468 -50.204320680
v -61.125046308 6.303181546 -50.882673552
v -63.366029526 5.728987624 -51.561026425
v -57.484364798 2.520654834 -50.535655950
v -59.700058225 1.797928713 -51.228831301
v -61.915751652 1.075202592 -51.922006653
v -55.929592489 -1.611627861 -50.655365069
v -58.114094907 -2.473805692 -51.355839956
v -60.298597325 -3.335983522 -52.056314843
v -54.252885875 -5.533917379 -50.567930059
v -56.402039794 -6.525938661 -51.268626192
v -58.551193713 -7.517959943 -51.969322325
v -52.480037044 -9.264339141 -50.278560903
v -54.591009731 -10.376766755 -50.973001749
v -56.701982418 -11.489194370 -51.667442596
v -50.628868934 -12.822604553 -49.793294195
v -52.699564360 -14.046895227 -50.475620917
v -54.770259786 -15.271185902 -51.157947640
v -48.709129620 -16.227908964 -49.119114822
v -50.737514762 -17.557044164 -49.783934633
v -52.765899904 -18.886179363 -50.448754444
v -46.722919625 -19.497017527 -48.264041558
v -48.706377372 -20.925911156 -48.906141441
v -50.689835119 -22.354804785 -49.548241323
v -44.665635162 -22.642691714 -47.237121025
v -46.600447174 -24.168277228 -47.851135572
v -48.535259186 -25.693862743 -48.465150120
v -42.527369581 -25.672544261 -46.048312766
v -44.408389723 -27.293520330 -46.628452435
v -46.289409864 -28.914496399 -47.208592104
v -40.294664349 -28.588353905 -44.708296738
v -42.115191232 -30.304651670 -45.248211774
v -43.935718115 -32.020949435 -45.788126810
v -37.952452125 -31.385836797 -43.228260447
v -39.704272904 -33.197925070 -43.721058818
v -41.456093684 -35.010013343 -44.213857189
v -35.486009929 -34.054849756 -41.619715077
v -37.159574934 -35.963002766 -42.058103701
v -38.833139938 -37.871155776 -42.496492324
v -32.882751834 -36.579979073 -39.894363121
v -34.467443218 -38.583605880 -40.270859459
v -36.052134603 -40.587232687 -40.647355796
v -30.133731562 -38.941445397 -38.064015184
v -31.618197452 -41.038542179 -38.371178928
v -33.102663342 -43.135638961 -38.678342671
v -27.234778792 -41.116237040 -36.140540962
v -28.607310652 -43.302989268 -36.371190835
v -29.979842512 -45.489741496 -36.601840708
v -24.187243262 -43.079377012 -34.135838015
v -25.436177247 -45.349914645 -34.283235412
v -26.685111233 -47.620452278 -34.430632810
v -20.998359243 -44.805233952 -32.061806106
v -22.112483535 -47.151528996 -32.119799836
v -23.226607827 -49.497824040 -32.177793566
v -17.681267771 -46.268800537 -29.930320054
v -18.650218864 -48.680689651 -29.893453807
v -19.619169957 -51.092578765 -29.856587560
v -14.254746947 -47.446880015 -27.753198132
v -15.069379370 -49.912192496 -27.616785577
v -15.884011793 -52.377504978 -27.480373021
v -10.742705004 -48.319138646 -25.542165514
v -11.395421135 -50.823909934 -25.302338732
v -12.048137266 -53.328681221 -25.062511949
v -7.173489757 -48.868996750 -23.308813504
v -7.658519049 -51.397748384 -22.962550017
v -8.143548340 -53.926500018 -22.616286530
v -3.579064103 -49.084343058 -21.064555746
v -3.892683898 -51.620411207 -20.609688509
v -4.206303693 -54.156479356 -20.154821272
v 0.005907968 -48.958066172 -18.820582657
v -0.134785006 -51.483962122 -18.255796401
v -0.275477979 -54.009858072 -17.691010145
v 3.545025793 -48.488403690 -16.587815158
v 3.576479812 -50.986190988 -15.912631689
v 3.607933831 -53.483978286 -15.237448220
v 7.001132947 -47.679114474 -14.376858608
v 7.201630515 -50.130788744 -13.591613006
v 7.402128084 -52.582463014 -12.806367404
v 10.337285306 -46.539483164 -12.197957626
v 10.701435757 -48.927341963 -11.303766860
v 11.065586209 -51.315200762 -10.409576094
v 13.517681047 -45.084168750 -10.060952323
v 14.037901217 -47.391160281 -9.059677515
v 14.558121387 -49.698151811 -8.058402706
v 16.508531026 -43.332911106 -7.975236309
v 17.175192076 -45.542952135 -6.869439722
v 17.841853126 -47.752993163 -5.763643135
v 19.278851313 -41.310111017 -5.949716733
v 20.080469965 -43.408366011 -4.742614524
v 20.882088616 -45.506621005 -3.535512314
v 21.801162752 -39.044300513 -3.992776525
v 22.724628103 -41.017415786 -2.688188309
v 23.648093453 -42.990531059 -1.383600093
v 24.052085314 -36.567521275 -2.112238904
v 25.082911580 -38.403809850 -0.714535295
v 26.113737846 -40.240098425 0.683168313
v 26.012817817 -33.914629616 -0.315334184
v 27.135412873 -35.604204485 1.170616404
v 28.258007930 -37.293779353 2.656566991
v 27.669496258 -31.122546958 1.391331168
v 28.867435749 -32.657402480 2.960214995
v 30.065375240 -34.192258001 4.529098823
v 29.013426615 -28.229474900 3.001803309
v 30.269723697 -29.603518138 4.647911385
v 31.526020779 -30.977561375 6.294019461
v 30.041190495 -25.274093902 4.510807772
v 31.338551980 -26.483129709 6.228081616
v 32.635913465 -27.692165516 7.945355461
v 30.754624348 -22.294764253 5.913774386
v 32.075685172 -23.336439851 7.695845300
v 33.396745996 -24.378115448 9.477916213
v 31.160675283 -19.328747425 7.206860600
v 32.488204784 -20.202463966 9.047079964
v 33.815734285 -21.076180506 10.887299329
v 31.271138504 -16.411465100 8.386973511
v 32.588214070 -17.118265255 10.278431298
v 33.905289636 -17.825065411 12.169889084
v 31.102283334 -13.575812157 9.451790975
v 32.392429488 -14.118254038 11.387319254
v 33.682575642 -14.660695920 13.322847532
v 30.674376371 -10.851538759 10.399782242
v 31.921670384 -11.233567391 12.371940031
v 33.168964397 -11.615596024 14.344097821
v 30.011111751 -8.264715345 11.230228707
v 31.200260414 -8.491543485 13.231263944
v 32.389409078 -8.718371625 15.232299182
v 29.138959637 -5.837292926 11.943245592
v 30.255355908 -5.915303179 13.965029224
v 31.371752180 -5.993313432 15.986812855
v 28.086445012 -3.586769451 12.539805863
v 29.116217895 -3.523449517 14.573731814
v 30.145990777 -3.460129583 16.607657766
v 26.883369712 -1.525970944 13.021768885
v 27.813445921 -1.329893722 15.058611249
v 28.743522130 -1.133816499 17.095453613
v 25.559991338 0.337046934 13.391919365
v 26.378193105 0.656185810 15.421632693
v 27.196394872 0.975324686 17.451346022
v 24.146173396 1.998977280 13.654030369
v 24.841383247 2.430247388 15.665465285
v 25.536593097 2.861517496 17.676900200
v 22.670520700 3.461135106 13.812988318
v 23.232952286 3.992151341 15.793456897
v 23.795383871 4.523167576 17.773925477
v 21.159509425 4.729283061 13.875097206
v 21.581138059 5.345788620 15.809605488
v 22.002766692 5.962294178 17.744113770
v 19.636595103 5.813632570 13.849003321
v 19.911844024 6.498578839 15.718527186
v 20.187092944 7.183525109 17.588051051
v 18.121131871 6.730221209 13.749680715
v 18.248104194 7.460849501 15.525421318
v 18.375076517 8.191477793 17.301161922
v 16.561455807 7.572560915 13.686372831
v 16.609677387 8.245115459 15.236032560
v 16.657898966 8.917670002 16.785692290
v -45.623865920 77.680730846 -24.467455975
v -45.166559738 78.230776270 -25.998606225
v -44.709253556 78.780821693 -27.529756475
v -50.041983294 72.366642958 -27.437397744
v -49.529464324 72.983098028 -29.186826741
v -49.016945353 73.599553097 -30.936255738
v -53.841854922 66.833808154 -30.345401319
v -53.322169209 67.457041168 -32.184297785
v -52.802483497 68.080274181 -34.023194252
v -57.058516781 61.101906378 -33.074895052
v -56.535163351 61.724334169 -34.982473867
v -56.011809920 62.346761961 -36.890052682
v -59.695414360 55.237951208 -35.608673881
v -59.169116536 55.855722948 -37.573853772
v -58.642818712 56.473494689 -39.539033663
v -61.763884466 49.308991394 -37.936472654
v -61.234548284 49.919437369 -39.951997395
v -60.705212102 50.529883344 -41.967522135
v -63.283994019 43.379054715 -40.050850616
v -62.751250336 43.979715740 -42.111537504
v -62.218506652 44.580376765 -44.172224392
v -64.284126063 37.507361131 -41.946190025
v -63.747463113 38.095424666 -44.048186458
v -63.210800163 38.683488200 -46.150182891
v -64.800099999 31.746909305 -43.618358034
v -64.258809845 32.318814402 -45.758737886
v -63.717519691 32.890719500 -47.899117737
v -64.873976407 26.143301253 -45.064580012
v -64.326996711 26.694453316 -47.241063392
v -63.780017014 27.245605379 -49.417546772
v -64.552594975 20.733798073 -46.283397938
v -63.998294178 21.258388758 -48.494104343
v -63.443993381 21.782979442 -50.704810748
v -63.885874648 15.546634337 -47.274666952
v -63.321824834 16.037584989 -49.517858839
v -62.757775019 16.528535641 -51.761050726
v -62.924909292 10.600631192 -48.039564836
v -62.347697452 11.049690154 -50.313363980
v -61.770485611 11.498749115 -52.587163125
v -61.719909334 5.905153241 -48.580592209
v -61.125046308 6.303181546 -50.882673552
v -60.530183282 6.701209851 -53.184754896
v -60.318068887 1.460455580 -48.901537340
v -59.700058225 1.797928713 -51.228831301
v -59.082047563 2.135401846 -53.556125263
v -58.761478124 -2.741534446 -49.007376037
v -58.114094907 -2.473805692 -51.355839956
v -57.466711691 -2.206076937 -53.704303875
v -57.085246891 -6.715963574 -48.904083434
v -56.402039794 -6.525938661 -51.268626192
v -55.718832697 -6.335913748 -53.633168951
v -55.316043060 -10.483310991 -48.598359888
v -54.591009731 -10.376766755 -50.973001749
v -53.865976402 -10.270222520 -53.347643611
v -53.471252258 -14.067191676 -48.097318413
v -52.699564360 -14.046895227 -50.475620917
v -51.927876462 -14.026598779 -52.853923422
v -51.558908795 -17.491824721 -47.408226253
v -50.737514762 -17.557044164 -49.783934633
v -49.916120729 -17.622263606 -52.159643014
v -49.578428764 -20.779398286 -46.538401116
v -48.706377372 -20.925911156 -48.906141441
v -47.834325980 -21.072424025 -51.273881765
v -47.522034666 -23.947649618 -45.495308223
v -46.600447174 -24.168277228 -47.851135572
v -45.678859682 -24.388904839 -50.206962922
v -45.376658409 -27.007980154 -44.286810963
v -44.408389723 -27.293520330 -46.628452435
v -43.440121037 -27.579060506 -48.970093907
v -43.126082236 -29.964323057 -42.921458626
v -42.115191232 -30.304651670 -45.248211774
v -41.104300228 -30.644980283 -47.574964921
v -40.753109338 -32.812820024 -41.408695000
v -39.704272904 -33.197925070 -43.721058818
v -38.655436471 -33.583030116 -46.033422636
v -38.241605813 -35.542220454 -39.758929122
v -37.159574934 -35.963002766 -42.058103701
v -36.077544054 -36.383785078 -44.357278279
v -35.578296992 -38.134835328 -37.983475464
v -34.467443218 -38.583605880 -40.270859459
v -33.356589444 -39.032376432 -42.558243454
v -32.754233559 -40.567860279 -36.094408415
v -31.618197452 -41.038542179 -38.371178928
v -30.482161344 -41.509224079 -40.647949440
v -29.765874544 -42.814901800 -34.104380585
v -28.607310652 -43.302989268 -36.371190835
v -27.448746760 -43.791076736 -38.638001084
v -26.615767737 -44.847573279 -32.026440635
v -25.436177247 -45.349914645 -34.283235412
v -24.256586757 -45.852256010 -36.540030189
v -23.312839386 -46.637060143 -29.873869233
v -22.112483535 -47.151528996 -32.119799836
v -20.912127684 -47.665997849 -34.365730439
v -19.872329354 -48.155581382 -27.660039001
v -18.650218864 -48.680689651 -29.893453807
v -17.428108374 -49.205797920 -32.126868612
v -16.315423007 -49.377697492 -25.398297275
v -15.069379370 -49.912192496 -27.616785577
v -13.823335733 -50.446687501 -29.835273878
v -12.668637737 -50.281432902 -23.101867738
v -11.395421135 -50.823909934 -25.302338732
v -10.122204533 -51.366386965 -27.502809725
v -8.963022271 -50.849194943 -20.783766616
v -7.658519049 -51.397748384 -22.962550017
v -6.354015827 -51.946301825 -25.141333418
v -5.233223366 -51.068481991 -18.456729774
v -3.892683898 -51.620411207 -20.609688509
v -2.552144431 -52.172340423 -22.762647243
v -1.516468997 -50.932381255 -16.133147991
v -0.134785006 -51.483962122 -18.255796401
v 1.246898986 -52.035542989 -20.378444811
v 2.148488907 -50.439862402 -13.825008516
v 3.576479812 -50.986190988 -15.912631689
v 5.004470717 -51.532519574 -18.000254862
v 5.722435026 -49.595877433 -11.543841718
v 7.201630515 -50.130788744 -13.591613006
v 8.680826005 -50.665700055 -15.639384294
v 9.166722754 -48.411280287 -9.300672089
v 10.701435757 -48.927341963 -11.303766860
v 12.236148761 -49.443403639 -13.306861631
v 12.444250992 -46.902582026 -7.105973228
v 14.037901217 -47.391160281 -9.059677515
v 15.631551442 -47.879738535 -11.013381801
v 15.520363087 -45.091559236 -4.969626608
v 17.175192076 -45.542952135 -6.869439722
v 18.830021065 -45.994345033 -8.769252835
v 18.363649351 -43.004734687 -2.900884098
v 20.080469965 -43.408366011 -4.742614524
v 21.797290579 -43.811997334 -6.584344949
v 20.946638248 -40.672750381 -0.908334275
v 22.724628103 -41.017415786 -2.688188309
v 24.502617957 -41.362081191 -4.468042343
v 23.246364751 -38.129653857 1.000127393
v 25.082911580 -38.403809850 -0.714535295
v 26.919458408 -38.677965843 -2.429197984
v 25.244807639 -35.412119139 2.817324365
v 27.135412873 -35.604204485 1.170616404
v 29.026018108 -35.796289830 -0.476091558
v 26.929190641 -32.558623878 4.536820731
v 28.867435749 -32.657402480 2.960214995
v 30.805680857 -32.756181082 1.383609259
v 28.292145358 -29.608604141 6.152938633
v 30.269723697 -29.603518138 4.647911385
v 32.247302036 -29.598432134 3.142884137
v 29.331736766 -26.601607922 7.660771210
v 31.338551980 -26.483129709 6.228081616
v 33.345367194 -26.364651496 4.795392023
v 30.051354892 -23.576467731 9.056190853
v 32.075685172 -23.336439851 7.695845300
v 34.100015453 -23.096411971 6.335499746
v 30.459478876 -20.570511709 10.335852453
v 32.488204784 -20.202463966 9.047079964
v 34.516930692 -19.834416222 7.758307476
v 30.569322114 -17.618831462 11.497191244
v 32.588214070 -17.118265255 10.278431298
v 34.607106026 -16.617699048 9.059671351
v 30.398369546 -14.753623360 12.538414724
v 32.392429488 -14.118254038 11.387319254
v 34.386489430 -13.482884717 10.236223783
v 29.967820389 -12.003618332 13.458487925
v 31.921670384 -11.233567391 12.371940031
v 33.875520378 -10.463516450 11.285392138
v 29.301951845 -9.393613195 14.257111098
v 31.200260414 -8.491543485 13.231263944
v 33.098568983 -7.589473774 12.205416791
v 28.427421520 -6.944114127 14.934688540
v 30.255355908 -5.915303179 13.965029224
v 32.083290297 -4.886492231 12.995369907
v 27.372528814 -4.671099924 15.492286828
v 29.116217895 -3.523449517 14.573731814
v 30.859906975 -2.375799109 13.655176801
v 26.166458500 -2.585908404 15.931579977
v 27.813445921 -1.329893722 15.058611249
v 29.460433342 -0.073879039 14.185642521
v 24.838533771 -0.695242564 16.254777599
v 26.378193105 0.656185810 15.421632693
v 27.917852439 2.007614184 14.588487787
v 23.417512682 0.998719731 16.464528638
v 24.841383247 2.430247388 15.665465285
v 26.265253812 3.861775045 14.866401931
v 21.930975305 2.498157987 16.563783536
v 23.232952286 3.992151341 15.793456897
v 24.534929266 5.486144694 15.023130259
v 20.404885725 3.809511664 16.555565048
v 21.581138059 5.345788620 15.809605488
v 22.757390392 6.882065576 15.063645928
v 18.863555413 4.943895278 16.442462857
v 19.911844024 6.498578839 15.718527186
v 20.960132634 8.053262400 14.994591515
v 17.331125110 5.920340052 16.224831327
v 18.248104194 7.460849501 15.525421318
v 19.165083277 9.001358950 14.826011309
v 15.843121773 6.872331861 15.855675925
v 16.609677387 8.245115459 15.236032560
v 17.376233000 9.617899056 14.616389196
v -76.811226234 -0.114657892 -51.712366280
v -78.497332271 0.000000000 -51.712366280
v -80.183438308 0.114657892 -51.712366280
v -76.964956650 -5.812678259 -48.768570390
v -78.887746135 -5.741246089 -48.737387005
v -80.810535621 -5.669813920 -48.706203620
v -76.820434478 -11.485679243 -45.737081626
v -78.827324222 -11.534792102 -45.637010019
v -80.834213965 -11.583904960 -45.536938412
v -76.231026775 -17.157882763 -42.603650062
v -78.289283362 -17.338397598 -42.427110212
v -80.347539950 -17.518912432 -42.250570363
v -75.167963454 -22.785060550 -39.383069593
v -77.254032018 -23.103854605 -39.123740418
v -79.340100583 -23.422648661 -38.864411243
v -73.616767790 -28.317506893 -36.090538962
v -75.710079859 -28.778463798 -35.743056049
v -77.803391928 -29.239420703 -35.395573136
v -71.573251024 -33.702281336 -32.741385559
v -73.654624217 -34.306597241 -32.301240278
v -75.735997410 -34.910913145 -31.861094998
v -69.042648237 -38.884947678 -29.350937204
v -71.093831450 -39.631287022 -28.814430114
v -73.145014663 -40.377626365 -28.277923024
v -66.039213008 -43.811162789 -25.934431926
v -68.042836165 -44.695789225 -25.298643682
v -70.046459323 -45.580415660 -24.662855438
v -62.585795868 -48.428158372 -22.506941850
v -64.525484100 -49.445081493 -21.769709043
v -66.465172333 -50.462004615 -21.032476235
v -58.713293269 -52.686108235 -19.083303988
v -60.573846166 -53.827259902 -18.243194851
v -62.434399062 -54.968411570 -17.403085715
v -54.459944994 -56.539364055 -15.678055401
v -56.227532128 -57.794807199 -14.734343152
v -57.995119263 -59.050250344 -13.790630903
v -49.870487411 -59.947542495 -12.305371827
v -51.532833035 -61.305709985 -11.258004601
v -53.195178658 -62.663877476 -10.210637375
v -44.995181236 -62.876449050 -8.979009427
v -46.541721850 -64.324407270 -7.828576384
v -48.088262464 -65.772365490 -6.678143341
v -39.888737190 -65.298827226 -5.712249596
v -41.310741971 -66.822557282 -4.459943085
v -42.732746753 -68.346287337 -3.207636575
v -34.609165094 -67.194925107 -2.517846838
v -35.899813257 -68.779613562 -1.165420754
v -37.190461419 -70.364302016 0.187005331
v -29.216572729 -68.552874754 0.592020231
v -30.370984956 -70.183205266 2.042295616
v -31.525397182 -71.813535779 3.492571001
v -23.771940884 -69.368883249 3.605794726
v -24.787164450 -71.029320370 5.151180974
v -25.802388016 -72.689757490 6.696567221
v -18.335900615 -69.647237384 6.512584135
v -19.210849902 -71.322293990 8.149925294
v -20.085799189 -72.997350595 9.787266454
v -12.967537901 -69.400127072 9.302199751
v -13.702893856 -71.074607464 11.027974673
v -14.438249810 -72.749087856 12.753749594
v -7.723249790 -68.647295430 11.965192936
v -8.321323463 -70.306506947 13.775568289
v -8.919397135 -71.965718465 15.585943642
v -2.655674736 -67.415526140 14.492888252
v -3.120241392 -69.045453249 16.383771112
v -3.584808048 -70.675380358 18.274653973
v 2.187281757 -65.737981095 16.877413588
v 1.851170365 -67.325417265 18.844502240
v 1.515058972 -68.912853434 20.811590892
v 6.763306785 -63.653403482 19.111727414
v 6.549523585 -65.186037756 21.150558775
v 6.335740386 -66.718672031 23.189390137
v 11.036407366 -61.205203346 21.189643400
v 10.937955701 -62.671660311 23.295635192
v 10.839504037 -64.138117276 25.401626984
v 14.977489586 -58.440444271 23.105852673
v 14.986704503 -59.830278157 25.274338129
v 14.995919420 -61.220112042 27.442823586
v 18.564775387 -55.408751245 24.855944062
v 18.673511778 -56.712397155 27.082196608
v 18.782248169 -58.016043064 29.308449153
v 21.784044323 -52.161161027 26.436422729
v 21.983843985 -53.369848807 28.715667649
v 22.183643648 -54.578536587 30.994912568
v 24.628688979 -48.748937597 27.844727581
v 24.910919972 -49.854576716 30.172137339
v 25.193150966 -50.960215835 32.499547097
v 27.099573970 -45.222376627 29.079247745
v 27.455537625 -46.217423696 31.449917364
v 27.811501280 -47.212470765 33.820586983
v 29.204689778 -41.629624607 30.139338048
v 29.625693405 -42.506948949 32.548237088
v 30.046697033 -43.384273291 34.957136129
v 30.958594481 -38.015540526 31.025332706
v 31.435991376 -38.768307517 33.467231250
v 31.913388272 -39.521074507 35.909129794
v 32.381639434 -34.420631142 31.738555070
v 32.906842113 -35.042227657 34.207923394
v 33.432044793 -35.663824173 36.677291718
v 33.498980140 -30.880095197 32.281318979
v 34.063457719 -31.364125794 34.772205143
v 34.627935297 -31.848156390 37.263091307
v 34.339382375 -27.423017965 32.656914027
v 34.934657922 -27.763402560 35.162811470
v 35.529933468 -28.103787154 37.668708913
v 34.933847658 -24.071765514 32.869563268
v 35.551514899 -24.262966206 35.383292114
v 36.169182141 -24.454166898 37.897020959
v 35.314102623 -20.841637956 32.924339345
v 35.945881305 -20.879029274 35.437979327
v 36.577659986 -20.916420591 37.951619310
v 35.511023430 -17.740850616 32.827027374
v 36.148866329 -17.621218673 35.331952142
v 36.786709229 -17.501586729 37.836876909
v 35.553095567 -14.770915350 32.583934956
v 36.189345941 -14.493025592 35.070997359
v 36.825596316 -14.215135834 37.558059763
v 35.465033306 -11.927479121 32.201673779
v 36.092611210 -11.492598442 34.661567494
v 36.720189114 -11.057717763 37.121461209
v 35.266690158 -9.201628681 31.686966918
v 35.879266813 -8.613849853 34.110735900
v 36.491843469 -8.026071026 36.534504882
v 34.972372771 -6.581583840 31.046551452
v 35.564484504 -5.847811348 33.426149321
v 36.156596237 -5.114038856 35.805747191
v 34.590625817 -4.054598951 30.287225169
v 35.157690052 -3.184133566 32.615978138
v 35.724754286 -2.313668181 34.944731108
v 34.124496854 -1.608821710 29.416026820
v 34.662718518 -0.612604567 31.688864560
v 35.200940182 0.383612575 33.961702301
v 33.572234655 0.765135124 28.440474622
v 34.078418815 1.875448865 30.653869049
v 34.584602974 2.985762607 32.867263476
v 32.928332344 3.073070106 27.368762343
v 33.399635516 4.285998441 29.520415246
v 33.870938688 5.498926777 31.672068149
v 32.184799781 5.316566089 26.209841786
v 32.618455438 6.621479468 28.298233704
v 33.052111095 7.926392847 30.386625621
v 31.332537239 7.492820446 24.973378093
v 31.725586181 8.880329958 26.997304687
v 32.118635124 10.267839469 29.021231281
v 30.362685371 9.594851088 23.669610940
v 30.711735496 11.056905139 25.627800365
v 31.060785621 12.518959189 27.585989791
v 29.267844536 11.611989377 22.309171207
v 29.568879765 13.141731154 24.200026669
v 29.869914995 14.671472931 26.090882131
v 28.043085638 13.530578247 20.902894827
v 28.291339813 15.122036181 22.724365108
v 28.539593988 16.713494115 24.545835389
v 26.686707582 15.334803538 19.461658147
v 26.876614837 16.982484823 21.211214856
v 27.066522093 18.630166109 22.960771566
v 25.200726532 17.007595406 17.996243575
v 25.325954674 18.706040375 19.670935370
v 25.451182816 20.404485343 21.345627166
v 23.591105409 18.531545416 16.517234628
v 23.644673626 20.274886019 18.113789846
v 23.698241844 22.018226622 19.710345064
v 21.867747216 19.889794232 15.034935261
v 21.842224916 21.671346641 16.549889780
v 21.816702615 23.452899050 18.064844299
v 20.044283840 21.066854660 13.559307586
v 19.932064256 22.878764897 14.989140915
v 19.819844671 24.690675133 16.418974244
v 18.137694407 22.049344592 12.099923117
v 17.931335555 23.882296673 13.441190827
v 17.724976703 25.715248754 14.782458538
v 16.167785651 22.826614078 10.665924379
v 15.860412941 24.669601186 11.915378413
v 15.553040231 26.512588294 13.164832447
v 14.156561489 23.391260858 9.265996077
v 13.742332440 25.231409368 10.420685518
v 13.328103391 27.071557878 11.575374960
v 12.127498693 23.739541945 7.908348494
v 11.602144726 25.561961002 8.965690942
v 11.076790760 27.384380058 10.023033391
v 10.104722966 23.871713967 6.600723565
v 9.466217950 25.659306534 7.558527034
v 8.827712933 27.446899101 8.516330503
v 8.112017347 23.792403962 5.350457046
v 7.361517104 25.525473865 6.206839087
v 6.611016861 27.258543768 7.063221129
v 6.171361308 23.511380494 4.164723517
v 5.314883869 25.166503989 4.917747723
v 4.458406431 26.821627485 5.670771928
v 4.299328432 23.046749822 3.051682724
v 3.352338380 24.592362327 3.697814436
v 2.405348329 26.137974832 4.343946149
v 2.386489201 22.481521881 2.019491450
v 1.498421962 23.816735065 2.553010469
v 0.610354722 25.151948249 3.086529489
v -78.444676599 0.774330003 -50.211119989
v -78.497332271 0.000000000 -51.712366280
v -78.549987943 -0.774330003 -53.213612572
v -78.826887023 -4.846280075 -47.034881097
v -78.887746135 -5.741246089 -48.737387005
v -78.948605248 -6.636212103 -50.439892913
v -78.762962243 -10.572050694 -43.873768867
v -78.827324222 -11.534792102 -45.637010019
v -78.891686200 -12.497533509 -47.400251171
v -78.224459354 -16.314887335 -40.624779307
v -78.289283362 -17.338397598 -42.427110212
v -78.354107370 -18.361907860 -44.229441118
v -77.192105222 -22.021328458 -37.294843062
v -77.254032018 -23.103854605 -39.123740418
v -77.315958814 -24.186380753 -40.952637774
v -75.655094948 -27.636513757 -33.896949924
v -75.710079859 -28.778463798 -35.743056049
v -75.765064770 -29.920413839 -37.589162174
v -73.611509606 -33.103763344 -30.445877323
v -73.654624217 -34.306597241 -32.301240278
v -73.697738827 -35.509431137 -34.156603234
v -71.068514112 -38.365690941 -26.957055504
v -71.093831450 -39.631287022 -28.814430114
v -71.119148788 -40.896883102 -30.671804724
v -68.042287200 -43.365599504 -23.446107208
v -68.042836165 -44.695789225 -25.298643682
v -68.043385131 -46.025978945 -27.151180155
v -64.557699544 -48.048898034 -19.928603614
v -64.525484100 -49.445081493 -21.769709043
v -64.493268656 -50.841264953 -23.610814472
v -60.647766837 -52.364445105 -16.419907663
v -60.573846166 -53.827259902 -18.243194851
v -60.499925494 -55.290074699 -20.066482040
v -56.352907428 -56.265770823 -12.935059025
v -56.227532128 -57.794807199 -14.734343152
v -56.102156829 -59.323843576 -16.533627279
v -51.720035035 -59.712147226 -9.488681806
v -51.532833035 -61.305709985 -11.258004601
v -51.345631035 -62.899272745 -13.027327396
v -46.801517306 -62.669486892 -6.094906309
v -46.541721850 -64.324407270 -7.828576384
v -46.281926394 -65.979327647 -9.562246459
v -41.654030935 -65.111056076 -2.767300539
v -41.310741971 -66.822557282 -4.459943085
v -40.967453008 -68.534058488 -6.152585631
v -36.337343786 -67.017993871 0.481190796
v -35.899813257 -68.779613562 -1.165420754
v -35.462282727 -70.541233252 -2.812032303
v -30.913053945 -68.379633298 3.638301013
v -30.370984956 -70.183205266 2.042295616
v -29.828915966 -71.986777235 0.446290219
v -25.443314879 -69.193624225 6.692490563
v -24.787164450 -71.029320370 5.151180974
v -24.131014020 -72.865016515 3.609871385
v -19.989574855 -69.465861697 9.632990885
v -19.210849902 -71.322293990 8.149925294
v -18.432124949 -73.178726283 6.666859704
v -14.611357465 -69.210226638 12.449843180
v -13.702893856 -71.074607464 11.027974673
v -12.794430246 -72.938988290 9.606106166
v -9.365108580 -68.448149032 15.133932152
v -8.321323463 -70.306506947 13.775568289
v -7.277538346 -72.164864863 12.417204425
v -4.303133221 -67.208006518 17.677014701
v -3.120241392 -69.045453249 16.383771112
v -1.937349563 -70.882899980 15.090527524
v 0.527356106 -65.524373943 20.071743450
v 1.851170365 -67.325417265 18.844502240
v 3.174984624 -69.126460586 17.617261030
v 5.085060224 -63.437141672 22.311684929
v 6.549523585 -65.186037756 21.150558775
v 8.013986947 -66.934933840 19.989432621
v 9.335266067 -60.990522505 24.391332141
v 10.937955701 -62.671660311 23.295635192
v 12.540645335 -64.352798116 22.199938242
v 13.250356513 -58.231968890 26.306111100
v 14.986704503 -59.830278157 25.274338129
v 16.723052493 -61.428587424 24.242565159
v 16.810144591 -55.211023790 28.052380818
v 18.673511778 -56.712397155 27.082196608
v 20.536878965 -58.213770519 26.112012397
v 20.002021650 -51.978130301 29.627425998
v 21.983843985 -53.369848807 28.715667649
v 23.965666321 -54.761567313 27.803909299
v 22.820911306 -48.583426963 31.029441520
v 24.910919972 -49.854576716 30.172137339
v 27.000928638 -51.125726469 29.314833158
v 25.269023488 -45.075558039 32.257507601
v 27.455537625 -46.217423696 31.449917364
v 29.642051761 -47.359289352 30.642327128
v 27.355405723 -41.500530963 33.311554403
v 29.625693405 -42.506948949 32.548237088
v 31.895981087 -43.513366935 31.784919773
v 29.095292631 -37.900657027 34.192315004
v 31.435991376 -38.768307517 33.467231250
v 33.776690121 -39.635958007 32.742147497
v 30.509259831 -34.313616105 34.901266313
v 32.906842113 -35.042227657 34.207923394
v 35.304424396 -35.770839210 33.514580475
v 31.622195981 -30.771691469 35.440559192
v 34.063457719 -31.364125794 34.772205143
v 36.504719457 -31.956560118 34.103851094
v 32.462117014 -27.301225119 35.812942315
v 34.934657922 -27.763402560 35.162811470
v 37.407198830 -28.225580000 34.512680625
v 33.058859912 -23.922344856 36.021689677
v 35.551514899 -24.262966206 35.383292114
v 38.044169886 -24.603587556 34.744894551
v 33.442708532 -20.649006990 36.070548845
v 35.945881305 -20.879029274 35.437979327
v 38.449054078 -21.109051557 34.805409810
v 33.643018440 -17.489377576 35.963733542
v 36.148866329 -17.621218673 35.331952142
v 38.654714219 -17.753059769 34.700170741
v 33.686917715 -14.446536970 35.705984315
v 36.189345941 -14.493025592 35.070997359
v 38.691774168 -14.539514214 34.436010404
v 33.598162903 -11.519441514 35.302706648
v 36.092611210 -11.492598442 34.661567494
v 38.587059517 -11.465755370 34.020428341
v 33.396223773 -8.704030020 34.760162560
v 35.879266813 -8.613849853 34.110735900
v 38.362309854 -8.523669686 33.461309240
v 33.095660619 -5.994348196 34.085649112
v 35.564484504 -5.847811348 33.426149321
v 38.033308389 -5.701274499 32.766649531
v 32.705846656 -3.383597850 33.287573396
v 35.157690052 -3.184133566 32.615978138
v 37.609533447 -2.984669283 31.944382880
v 32.231072005 -0.865082274 32.375357672
v 34.662718518 -0.612604567 31.688864560
v 37.094365031 -0.360126861 31.002371449
v 31.671036323 1.566933152 31.359178550
v 34.078418815 1.875448865 30.653869049
v 36.485801306 2.183964579 29.948559548
v 31.021691828 3.916431572 30.249617679
v 33.399635516 4.285998441 29.520415246
v 35.777579204 4.655565311 28.791212813
v 30.276349339 6.184959085 29.057329176
v 32.618455438 6.621479468 28.298233704
v 34.960561537 7.057999851 27.539138231
v 29.426926519 8.371115801 27.792800551
v 31.725586181 8.880329958 26.997304687
v 34.024245844 9.389544114 26.201808823
v 28.465211270 10.470296654 26.466229402
v 30.711735496 11.056905139 25.627800365
v 32.958259722 11.643513624 24.789371329
v 27.384031438 12.474718788 25.087494291
v 29.568879765 13.141731154 24.200026669
v 31.753728093 13.808743521 23.312559046
v 26.178252995 14.373724654 23.666180607
v 28.291339813 15.122036181 22.724365108
v 30.404426631 15.870347708 21.782549609
v 24.845561649 16.154312938 22.211625442
v 26.876614837 16.982484823 21.211214856
v 28.907668025 17.810656708 20.210804271
v 23.387010490 17.801831192 20.732957600
v 25.325954674 18.706040375 19.670935370
v 27.264898857 19.610249558 18.608913141
v 21.807336666 19.300761916 19.239120776
v 23.644673626 20.274886019 18.113789846
v 25.482010587 21.249010123 16.988458916
v 20.115063424 20.635541442 17.738876044
v 21.842224916 21.671346641 16.549889780
v 23.569386408 22.707151841 15.360903516
v 18.322411655 21.791362607 16.240783857
v 19.932064256 22.878764897 14.989140915
v 21.541716856 23.966167186 13.737497973
v 16.445048923 22.754924512 14.753166603
v 17.931335555 23.882296673 13.441190827
v 19.417622187 25.009668834 12.129215052
v 14.501705418 23.515104066 13.284051169
v 15.860412941 24.669601186 11.915378413
v 17.219120464 25.824098306 10.546705657
v 12.513686723 24.063534802 11.841086395
v 13.742332440 25.231409368 10.420685518
v 14.970978156 26.399283934 9.000284641
v 10.504314059 24.395090361 10.431420043
v 11.602144726 25.561961002 8.965690942
v 12.699975393 26.728831642 7.499961841
v 8.498326913 24.508289153 9.061493852
v 9.466217950 25.659306534 7.558527034
v 10.434108986 26.810323915 6.055560216
v 6.521300192 24.405684252 7.736636089
v 7.361517104 25.525473865 6.206839087
v 8.201734016 26.645263478 4.677042086
v 4.599205601 24.094480860 6.460020029
v 5.314883869 25.166503989 4.917747723
v 6.030562138 26.238527119 3.375475416
v 2.758754989 23.588711138 5.228676092
v 3.352338380 24.592362327 3.697814436
v 3.945921772 25.596013517 2.166952780
v 1.016438530 22.949501812 3.921110857
v 1.498421962 23.816735065 2.553010469
v 1.980405393 24.683968318 1.184910082
v -40.412177870 -68.563541182 47.501817245
v -40.557296996 -70.247299015 47.501817245
v -40.702416122 -71.931056847 47.501817245
v -34.179018223 -68.866787270 49.433292028
v -34.277685865 -70.788523923 49.452971817
v -34.376353508 -72.710260577 49.472651607
v -28.195266064 -68.837673913 51.103442564
v -28.157432779 -70.846469990 51.161233619
v -28.119599495 -72.855266067 51.219024675
v -22.416229528 -68.406700203 52.532352004
v -22.236163974 -70.470489932 52.624658308
v -22.056098420 -72.534279661 52.716964612
v -16.866737918 -67.615312955 53.720437446
v -16.543764907 -69.713257679 53.842419815
v -16.220791897 -71.811202402 53.964402184
v -11.563163660 -66.512316552 54.668751237
v -11.100071429 -68.628775298 54.814795831
v -10.636979198 -70.745234044 54.960840425
v -6.512688078 -65.147328468 55.379092147
v -5.914963387 -67.270262915 55.543148468
v -5.317238697 -69.393197362 55.707204788
v -1.713711241 -63.567655335 55.853996161
v -0.988906942 -65.688016469 56.029900228
v -0.264102644 -67.808377602 56.205804295
v 2.843081496 -61.816021193 56.096716424
v 3.686027559 -63.927345674 56.278505453
v 4.528973623 -66.038670154 56.460294481
v 7.173125945 -59.928779193 56.111238445
v 8.124677391 -62.026729610 56.293417423
v 9.076228837 -64.124680028 56.475596402
v 11.295979027 -57.934587676 55.902356889
v 12.346878731 -60.016342242 56.080051318
v 13.397778436 -62.098096807 56.257745747
v 15.233081939 -55.853596305 55.475812568
v 16.375239832 -57.917096330 55.644743235
v 17.517397726 -59.980596355 55.813673901
v 19.005498040 -53.697183551 54.838448945
v 20.232750063 -55.740324848 54.994705524
v 21.460002087 -57.783466146 55.150962103
v 22.631836123 -51.468267286 53.998316683
v 23.940417096 -53.488162687 54.137978658
v 25.248998070 -55.508058089 54.277640632
v 26.126520243 -49.162186816 52.964660404
v 27.515137489 -51.154615059 53.083379917
v 28.903754734 -53.147043301 53.202099430
v 29.498495544 -46.768116945 51.747770080
v 30.967986813 -48.727216863 51.840449155
v 32.437478083 -50.686316781 51.933128230
v 32.750402482 -44.270914959 50.358740156
v 34.303066004 -46.189117558 50.419391923
v 35.855729527 -48.107320158 50.480043689
v 35.878223066 -41.653235824 48.809210980
v 37.516971190 -43.521384082 48.831020258
v 39.155719315 -45.389532339 48.852829535
v 38.871387552 -38.897710473 47.111154962
v 40.598880446 -40.705307440 47.086691421
v 42.326373340 -42.512904407 47.062227881
v 41.713309524 -35.988986409 45.276733717
v 43.531187705 -37.724523926 45.198244912
v 45.349065885 -39.460061443 45.119756108
v 44.382288424 -32.915472962 43.318219814
v 46.290571356 -34.566809141 43.177938051
v 48.198854288 -36.218145320 43.037656288
v 46.852691793 -29.670694552 41.247961143
v 48.849365717 -31.225458755 41.038380464
v 50.846039641 -32.780222958 40.828799786
v 49.096315091 -26.254214088 39.078365343
v 51.177104461 -27.700222530 38.792467788
v 53.257893830 -29.146230971 38.506570234
v 51.083817895 -22.672134144 36.821888207
v 53.242119885 -23.997800254 36.453314900
v 55.400421875 -25.323466364 36.084741594
v 52.786147846 -18.937213144 34.491017366
v 55.013103763 -20.131937125 34.034189015
v 57.240059680 -21.326661105 33.577360665
v 54.175882175 -15.068649606 32.098247999
v 56.460558939 -16.123172633 31.548442951
v 58.745235702 -17.177695660 30.998637903
v 55.228435854 -11.091593310 29.656050497
v 57.558092286 -11.998303803 29.009448883
v 59.887748718 -12.905014297 28.362847269
v 55.923102615 -7.036441715 27.176831434
v 58.283517548 -7.789623833 26.430532900
v 60.643932480 -8.542805950 25.684234366
v 56.243908940 -2.937975944 24.672889653
v 58.619750487 -3.533993512 23.824910655
v 60.995592034 -4.130011079 22.976931658
v 56.180271690 1.165614821 22.156369176
v 58.555489199 0.728202620 21.205624422
v 60.930706709 0.290790419 20.254879668
v 55.727457831 5.233777500 19.639210404
v 58.085680051 4.954169414 18.585481824
v 60.443902272 4.674561328 17.531753244
v 54.886850320 9.224670281 17.133100747
v 57.211775205 9.099843332 15.976996534
v 59.536700090 8.975016383 14.820892322
v 53.666028388 13.096236197 14.649425572
v 55.941791787 13.121028807 13.392331192
v 58.217555186 13.145821416 12.135236813
v 52.078673464 16.807246871 12.199220113
v 54.290185811 16.974498496 10.843242802
v 56.501698159 17.141750120 9.487265491
v 50.144314430 20.318292065 9.793122830
v 52.277556411 20.619031413 8.341030844
v 54.410798393 20.919770760 6.888938857
v 47.887927709 23.592694136 7.441330554
v 49.930197835 24.016366735 5.896488329
v 51.972467960 24.440039333 4.351646104
v 45.339409262 26.597329739 5.153555676
v 47.279518282 27.132054655 3.519855999
v 49.219627301 27.666779571 1.886156322
v 42.532936750 29.303344100 2.938985549
v 44.361345895 29.936189027 1.220779870
v 46.189755039 30.569033954 -0.497425810
v 39.506241105 31.686746138 0.806244218
v 41.215143205 32.404009829 -0.991727714
v 42.924045304 33.121273520 -2.789699645
v 36.299807416 33.728875528 -1.236643454
v 37.883151992 34.516366662 -3.109323348
v 39.466496568 35.303857795 -4.982003243
v 32.956025486 35.416735554 -3.182285234
v 34.409490901 36.260037633 -5.124364037
v 35.862956317 37.103339711 -7.066442841
v 29.518310537 36.743188360 -5.023952556
v 30.839228165 37.627901058 -7.029934724
v 32.160145792 38.512613756 -9.035916893
v 26.030214460 37.707011777 -6.755609193
v 27.217451545 38.618960357 -8.819871801
v 28.404688630 39.530908937 -10.884134410
v 22.534547576 38.312819455 -8.371937666
v 23.588356993 39.238225398 -10.488782513
v 24.642166409 40.163631340 -12.605627359
v 19.072530278 38.570848389 -9.868363521
v 19.994376649 39.496456233 -12.032060193
v 20.916223020 40.422064076 -14.195756864
v 15.682993041 38.496620098 -11.241077647
v 16.475365677 39.409777683 -13.445895299
v 17.267738313 40.322935267 -15.650712950
v 12.401642289 38.110483693 -12.487056860
v 13.067866037 38.999175525 -14.727282228
v 13.734089785 39.887867358 -16.967507597
v 9.260408411 37.437050779 -13.604082958
v 9.804463778 38.289887142 -15.874021915
v 10.348519145 39.142723505 -18.143960872
v 6.286891075 36.504533626 -14.590760440
v 6.713254765 37.310701324 -16.884720228
v 7.139618456 38.116869022 -19.178680016
v 3.503915708 35.343999268 -15.446532933
v 3.817432006 36.093183648 -17.758782225
v 4.130948303 36.842368028 -20.071031517
v 0.929213948 33.988553308 -16.171698101
v 1.135005958 34.670845380 -18.496402309
v 1.340797968 35.353137451 -20.821106517
v -1.424760265 32.472468303 -16.767420291
v -1.321332643 33.078275419 -19.098550388
v -1.217905021 33.684082535 -21.429680485
v -3.550868225 30.830272936 -17.235739264
v -3.544199880 31.350256438 -19.566954119
v -3.537531534 31.870239940 -21.898168974
v -5.447168062 29.095820268 -17.579572029
v -5.531350367 29.520888255 -19.904077379
v -5.615532672 29.945956241 -22.228582730
v -7.116632369 27.301356709 -17.802702920
v -7.285351125 27.622743738 -20.113095078
v -7.454069881 27.944130766 -22.423487237
v -8.566696458 25.476618914 -17.909755010
v -8.813098983 25.686085154 -20.197864487
v -9.059501508 25.895551395 -22.485973963
v -9.808636593 23.647994379 -17.906134624
v -10.125188297 23.738171755 -20.162893237
v -10.441740001 23.828349130 -22.419651851
v -10.856785970 21.837793111 -17.797942254
v -11.235143244 21.802691934 -20.013304194
v -11.613500519 21.767590758 -22.228666135
v -11.727610293 20.063690165 -17.591851648
v -12.158538986 19.899354670 -19.754797384
v -12.589467678 19.735019175 -21.917743120
v -12.438686568 18.338404805 -17.294980303
v -12.912048267 18.043673625 -19.393609211
v -13.385409966 17.748942445 -21.492238119
v -13.007660617 16.669665006 -16.914819468
v -13.512463653 16.246971608 -18.936469169
v -14.017266688 15.824278210 -20.958118870
v -13.451308189 15.060431263 -16.459390091
v -13.975758145 14.516621443 -18.390554307
v -14.500208101 13.972811624 -20.321718522
v -13.784940425 13.509110889 -15.938102251
v -14.316255171 12.856521070 -17.763441674
v -14.847569917 12.203931251 -19.588781098
v -14.023004561 12.008332251 -15.365628554
v -14.545978992 11.267777112 -17.063059022
v -15.068953422 10.527221973 -18.760489490
v -14.210535436 10.449743415 -14.831074793
v -14.674245719 9.749545546 -16.297634007
v -15.137956002 9.049347676 -17.764193222
v -41.055217246 -70.204384440 49.116231616
v -40.557296996 -70.247299015 47.501817245
v -40.059376746 -70.290213589 45.887402873
v -34.820136790 -70.741771354 51.298711657
v -34.277685865 -70.788523923 49.452971817
v -33.735234941 -70.835276492 47.607231978
v -28.670398872 -70.800236541 53.104108062
v -28.157432779 -70.846469990 51.161233619
v -27.644466687 -70.892703440 49.218359177
v -22.707061551 -70.421276647 54.643570299
v -22.236163974 -70.470489932 52.624658308
v -21.765266397 -70.519703216 50.605746317
v -16.962924395 -69.656634039 55.926085435
v -16.543764907 -69.713257679 53.842419815
v -16.124605420 -69.769881319 51.758754195
v -11.458505439 -68.559496309 56.955334675
v -11.100071429 -68.628775298 54.814795831
v -10.741637419 -68.698054286 52.674256987
v -6.203834565 -67.182291051 57.734005456
v -5.914963387 -67.270262915 55.543148468
v -5.626092210 -67.358234779 53.352291479
v -1.199569129 -65.574617404 58.264844733
v -0.988906942 -65.688016469 56.029900228
v -0.778244756 -65.801415534 53.794955722
v 3.561656656 -63.781329438 58.551060736
v 3.686027559 -63.927345674 56.278505453
v 3.810398463 -64.073361909 54.005950169
v 8.093519620 -61.840863436 58.596571401
v 8.124677391 -62.026729610 56.293417423
v 8.155835162 -62.212595785 53.990263445
v 12.413989860 -59.783905053 58.406236310
v 12.346878731 -60.016342242 56.080051318
v 12.279767603 -60.248779430 53.753866325
v 16.543152722 -57.632478997 57.986087467
v 16.375239832 -57.917096330 55.644743235
v 16.207326942 -58.201713664 53.303399003
v 20.501050577 -55.399532010 57.343506300
v 20.232750063 -55.740324848 54.994705524
v 19.964449550 -56.081117686 52.645904748
v 24.305703982 -53.089075731 56.487268371
v 23.940417096 -53.488162687 54.137978658
v 23.575130211 -53.887249644 51.788688944
v 27.971415535 -50.696943627 55.427408433
v 27.515137489 -51.154615059 53.083379917
v 27.058859443 -51.612286490 50.739351401
v 31.507408895 -48.212167162 54.174932848
v 30.967986813 -48.727216863 51.840449155
v 30.428564732 -49.242266564 49.505965461
v 34.916840184 -45.618884216 52.741472683
v 34.303066004 -46.189117558 50.419391923
v 33.689291825 -46.759350901 48.097311163
v 38.196228425 -42.898592768 51.138982467
v 37.516971190 -43.521384082 48.831020258
v 36.837713955 -44.144175395 46.523058048
v 41.335350301 -40.032505316 49.379546937
v 40.598880446 -40.705307440 47.086691421
v 39.862410591 -41.378109563 44.793835906
v 44.317611871 -37.003767386 47.475299827
v 43.531187705 -37.724523926 45.198244912
v 42.744763538 -38.445280465 42.921189998
v 47.120856856 -33.799360855 45.438420967
v 46.290571356 -34.566809141 43.177938051
v 45.460285856 -35.334257427 40.917455135
v 49.718522842 -30.411587326 43.281169295
v 48.849365717 -31.225458755 41.038380464
v 47.980208592 -32.039330184 38.795591634
v 52.081030326 -26.839093418 41.015919364
v 51.177104461 -27.700222530 38.792467788
v 50.273178595 -28.561351641 36.569016213
v 54.177286987 -23.087448111 38.655183621
v 53.242119885 -23.997800254 36.453314900
v 52.306952782 -24.908152397 34.251446180
v 55.976203668 -19.169311969 36.211614461
v 55.013103763 -20.131937125 34.034189015
v 54.050003858 -21.094562281 31.856763570
v 57.448140216 -15.104253281 33.697986832
v 56.460558939 -16.123172633 31.548442951
v 55.472977662 -17.142091984 29.398899070
v 58.566221778 -10.918271439 31.127165029
v 57.558092286 -11.998303803 29.009448883
v 56.549962794 -13.078336167 26.891732737
v 59.307485788 -6.643087223 28.512057895
v 58.283517548 -7.789623833 26.430532900
v 57.259549308 -8.936160443 24.349007905
v 59.653835490 -2.315255780 25.865566169
v 58.619750487 -3.533993512 23.824910655
v 57.585665483 -4.752731243 21.784255142
v 59.592787619 2.024847136 23.200524977
v 58.555489199 0.728202620 21.205624422
v 57.518190780 -0.568441895 19.210723867
v 59.118010425 6.334120616 20.529643680
v 58.085680051 4.954169414 18.585481824
v 57.053349678 3.574218211 16.641319968
v 58.229654514 10.567875884 17.865444727
v 57.211775205 9.099843332 15.976996534
v 56.193895896 7.631810781 14.088548341
v 56.934483617 14.680980303 15.220202703
v 55.941791787 13.121028807 13.392331192
v 54.949099957 11.561077310 11.564459682
v 55.245815933 18.628977252 12.605884442
v 54.290185811 16.974498496 10.843242802
v 53.334555690 15.320019739 9.080601162
v 53.183289563 22.369154766 10.034090899
v 52.277556411 20.619031413 8.341030844
v 51.371823259 18.868908060 6.647970788
v 50.772467840 25.861539435 7.516001274
v 49.930197835 24.016366735 5.896488329
v 49.087927829 22.171194035 4.276975383
v 48.044302350 29.069795343 5.062319850
v 47.279518282 27.132054655 3.519855999
v 46.514734213 25.194313967 1.977392148
v 45.034473038 31.962011079 2.683225876
v 44.361345895 29.936189027 1.220779870
v 43.688218752 27.910366975 -0.241666136
v 41.782626138 34.511361075 0.388326816
v 41.215143205 32.404009829 -0.991727714
v 40.647660271 30.296658584 -2.371782243
v 38.331531640 36.696630697 -1.813384791
v 37.883151992 34.516366662 -3.109323348
v 37.434772344 32.336102626 -4.405261906
v 34.726182669 38.502597758 -3.913570663
v 34.409490901 36.260037633 -5.124364037
v 34.092799133 34.017477507 -6.335157412
v 31.012859459 39.920266240 -5.904582138
v 30.839228165 37.627901058 -7.029934724
v 30.665596871 35.335535876 -8.155287310
v 27.238180530 40.946951198 -7.779491497
v 27.217451545 38.618960357 -8.819871801
v 27.196722560 36.290969516 -9.860252106
v 23.448163253 41.586216804 -9.532119241
v 23.588356993 39.238225398 -10.488782513
v 23.728550732 36.890233991 -11.445445785
v 19.687315200 41.847672363 -11.157057409
v 19.994376649 39.496456233 -12.032060193
v 20.301438098 37.145240102 -12.907062976
v 15.997776600 41.746633795 -12.649689152
v 16.475365677 39.409777683 -13.445895299
v 16.952954754 37.072921570 -14.242101445
v 12.418532852 41.303660465 -14.006204885
v 13.067866037 38.999175525 -14.727282228
v 13.717199221 36.694690585 -15.448359571
v 8.984714503 40.543979338 -15.223615527
v 9.804463778 38.289887142 -15.874021915
v 10.624213052 36.035794945 -16.524428303
v 5.727000408 39.496810150 -16.299763474
v 6.713254765 37.310701324 -16.884720228
v 7.699509122 35.124592497 -17.469676982
v 2.671138090 38.194606734 -17.233332166
v 3.817432006 36.093183648 -17.758782225
v 4.963725922 33.991760562 -18.284232284
v -0.162406348 36.672230657 -18.023855214
v 1.135005958 34.670845380 -18.496402309
v 2.432418264 32.669460102 -18.968949404
v -2.758657966 34.966074156 -18.671726175
v -1.321332643 33.078275419 -19.098550388
v 0.115992680 31.190476682 -19.525374600
v -5.108192984 33.113149944 -19.178209903
v -3.544199880 31.350256438 -19.566954119
v -1.980206775 29.587362932 -19.955698336
v -7.207040928 31.150166136 -19.545455980
v -5.531350367 29.520888255 -19.904077379
v -3.855659806 27.891610374 -20.262698779
v -9.056422114 29.112605493 -19.776513631
v -7.285351125 27.622743738 -20.113095078
v -5.514280136 26.132881983 -20.449676526
v -10.662315180 27.033830045 -19.875345568
v -8.813098983 25.686085154 -20.197864487
v -6.963882787 24.338340263 -20.520383406
v -12.034851473 24.944235690 -19.846835149
v -10.125188297 23.738171755 -20.162893237
v -8.215525120 22.532107819 -20.478951326
v -13.187536114 22.870487696 -19.696777515
v -11.235143244 21.802691934 -20.013304194
v -9.282750374 20.734896173 -20.329830873
v -14.136299320 20.834878121 -19.431842465
v -12.158538986 19.899354670 -19.754797384
v -10.180778651 18.963831219 -20.077752303
v -14.898383898 18.854859263 -19.059498923
v -12.912048267 18.043673625 -19.393609211
v -10.925712636 17.232487987 -19.727719499
v -15.491065208 16.942818096 -18.587905145
v -13.512463653 16.246971608 -18.936469169
v -11.533862098 15.551125121 -19.285033193
v -15.930135212 15.106149903 -18.025809768
v -13.975758145 14.516621443 -18.390554307
v -12.021381078 13.927092984 -18.755298846
v -16.227754880 13.347621852 -17.382624494
v -14.316255171 12.856521070 -17.763441674
v -12.404755462 12.365420287 -18.144258854
v -16.387150071 11.665648568 -16.669381839
v -14.545978992 11.267777112 -17.063059022
v -12.704807913 10.869905656 -17.456736205
v -16.294403327 10.068029646 -15.937415443
v -14.674245719 9.749545546 -16.297634007
v -13.054088110 9.431061446 -16.657852571
v 43.331854378 -75.106661638 31.960000000
v 44.199995475 -76.556637857 31.960000000
v 45.068136573 -78.006614076 31.960000000
v 48.668512180 -71.640153875 28.213641597
v 49.714112571 -73.255182561 28.173685032
v 50.759712963 -74.870211247 28.133728467
v 53.688176862 -67.841990276 24.488929218
v 54.893812580 -69.445302582 24.362972847
v 56.099448298 -71.048614888 24.237016476
v 58.329477253 -63.603612746 20.762327172
v 59.682173494 -65.160197696 20.544546837
v 61.034869736 -66.716782646 20.326766502
v 62.538137850 -58.956107576 17.048686478
v 64.026779977 -60.441363553 16.734803335
v 65.515422104 -61.926619530 16.420920192
v 66.268123994 -53.943710442 13.362993685
v 67.880956053 -55.337701170 12.949782283
v 69.493788111 -56.731691898 12.536570880
v 69.480748871 -48.618587374 9.720002818
v 71.204821169 -49.904468478 9.205100456
v 72.928893468 -51.190349583 8.690198093
v 72.145059684 -43.038633355 6.134079212
v 73.966154694 -44.202105250 5.515887529
v 75.787249705 -45.365577146 4.897695845
v 74.238322000 -37.265854852 2.619101744
v 76.141058298 -38.294962784 1.896725231
v 78.043794596 -39.324070715 1.174348719
v 75.746390078 -31.364906160 -0.811611227
v 77.714409803 -32.249969539 -1.638410154
v 79.682429527 -33.135032918 -2.465209081
v 76.663906099 -25.401679539 -4.145363396
v 78.680106027 -26.135263492 -5.076201730
v 80.696305955 -26.868847446 -6.007040064
v 76.994311366 -19.441931935 -7.370133940
v 79.041095938 -20.018821269 -8.404042150
v 81.087880510 -20.595710603 -9.437950361
v 76.749667146 -13.549956942 -10.474624801
v 78.809209003 -13.967113082 -11.610079822
v 80.868750860 -14.384269223 -12.745534843
v 75.950290118 -7.787319606 -13.448302859
v 78.004787029 -8.043811233 -14.683260976
v 80.059283941 -8.300302859 -15.918219094
v 74.624211933 -2.211674465 -16.281437540
v 76.656130930 -2.308578299 -17.613367460
v 78.688049927 -2.405482133 -18.945297381
v 72.806475791 3.124312469 -18.965134262
v 74.798776724 3.184040634 -20.391050119
v 76.791077656 3.243768799 -21.816965977
v 70.538285644 8.173917909 -21.491363998
v 72.474617687 8.385599373 -23.007857665
v 74.410949729 8.597280836 -24.524351332
v 67.866025860 12.897173199 -23.852989232
v 69.730891888 13.254585404 -25.456260946
v 71.595757916 13.611997609 -27.059532659
v 64.840171087 17.261517013 -26.043786572
v 66.619056378 17.757089958 -27.729672551
v 68.397941669 18.252662903 -29.415558531
v 61.514107699 21.242273584 -28.058466297
v 63.193571170 21.867297306 -29.822461716
v 64.873034642 22.492321029 -31.586457135
v 57.942889718 24.822942696 -29.892689133
v 59.510617907 25.567779218 -31.729964501
v 61.078346096 26.312615739 -33.567239869
v 54.181953616 27.995289093 -31.543080478
v 55.626779899 28.849582342 -33.448489254
v 57.071606182 29.703875591 -35.353898030
v 50.285818153 30.759220246 -33.007242233
v 51.597712318 31.712098073 -34.975317378
v 52.909606482 32.664975900 -36.943392522
v 46.306797555 33.122442859 -34.283762091
v 47.476833841 34.162706374 -36.308699449
v 48.646870128 35.202969889 -38.333636807
v 42.293759214 35.099890431 -35.372219609
v 43.314074312 36.216187536 -37.447846759
v 44.334389409 37.332484640 -39.523473909
v 38.290960977 36.712917351 -36.273187481
v 39.154717037 37.893899475 -38.392918363
v 40.018473096 39.074881599 -40.512649245
v 34.337008136 37.988260438 -36.988224856
v 35.038379138 39.222723971 -39.145003742
v 35.739750139 40.457187504 -41.301782627
v 30.463976713 38.956777872 -37.519857528
v 30.998178319 40.233794173 -39.706101218
v 31.532379924 41.510810475 -41.892344907
v 26.696757215 39.651989610 -37.871537434
v 27.060138388 40.961029034 -40.079092255
v 27.423519560 42.270068457 -42.286647076
v 23.052680974 40.108463668 -38.047572647
v 23.242886917 41.439518506 -40.267711821
v 23.433092859 42.770573345 -42.487850995
v 19.541496828 40.360118775 -38.053021116
v 19.557693822 41.703826070 -40.276514989
v 19.573890816 43.047533366 -42.500008863
v 16.165763820 40.438542657 -37.893550086
v 16.008886555 41.786299868 -40.110839977
v 15.852009290 43.134057078 -42.328129869
v 12.921706396 40.371449829 -37.575279760
v 12.594653796 41.715505943 -39.776767838
v 12.267601195 43.059562058 -41.978255916
v 9.800531817 40.181413409 -37.104649506
v 9.308215039 41.514909995 -39.281079033
v 8.815898261 42.848406581 -41.457508559
v 6.790132989 39.884993651 -36.488354070
v 6.139291714 41.201930657 -38.631207122
v 5.488450439 42.518867662 -40.774060173
v 3.877011679 39.492349699 -35.733380449
v 3.075773639 40.787462885 -37.835189830
v 2.274535599 42.082576071 -39.936999212
v 1.048195779 39.007368139 -34.847132777
v 0.105442365 40.275924747 -36.901617752
v -0.837311048 41.544481354 -38.956102726
v -1.707074448 38.428284388 -33.837587332
v -2.782400641 39.665821688 -35.839580955
v -3.857726834 40.903358988 -37.841574579
v -4.396051624 37.748721163 -32.713405139
v -5.595543120 38.950761145 -34.658613788
v -6.795034616 40.152801127 -36.603822437
v -7.021646973 36.959028287 -31.483955155
v -8.337818523 38.120800551 -33.368638145
v -9.653990074 39.282572816 -35.253321136
v -9.582049230 36.047784644 -30.159244976
v -11.008473388 37.163983328 -31.979905517
v -12.434897547 38.280182011 -33.800566059
v -12.070746139 35.003319866 -28.749788721
v -13.601958550 36.067913794 -30.502938092
v -15.133170962 37.132507722 -32.256087462
v -14.476880528 33.815130066 -27.266450592
v -16.108112854 34.821239730 -28.948469220
v -17.739345180 35.827349394 -30.630487849
v -16.785868146 32.475092770 -25.720293694
v -18.512676425 33.414942715 -27.327383547
v -20.239484705 34.354792659 -28.934473400
v -18.980204320 30.978422507 -24.122449351
v -20.798053693 31.843372597 -25.650657091
v -22.615903065 32.708322688 -27.178864832
v -21.040389401 29.324342385 -22.484010539
v -22.944242560 30.104996289 -23.929297594
v -24.848095720 30.885650193 -25.374584649
v -22.945908900 27.516473749 -20.815946654
v -24.929851694 28.202858322 -22.174285405
v -26.913794489 28.889242895 -23.532624157
v -24.676212987 25.562964349 -19.129034546
v -26.733138856 26.144769900 -20.396515214
v -28.790064724 26.726575451 -21.663995882
v -26.211650201 23.476386058 -17.433800877
v -28.333016178 23.943255035 -18.606738902
v -30.454382155 24.410124013 -19.779676927
v -27.534320657 21.273438040 -15.740471871
v -29.709981081 21.615288426 -16.815509790
v -31.885641505 21.957138812 -17.890547709
v -28.628823573 18.974492147 -14.058927754
v -30.846942854 19.181861713 -15.033128552
v -33.065062135 19.389231278 -16.007329350
v -29.482882144 16.603015953 -12.398660114
v -31.729924473 16.667414253 -13.269591050
v -33.976966802 16.731812552 -14.140521986
v -30.087835572 14.184906294 -10.768731184
v -32.348626902 14.099162663 -11.534538340
v -34.609418233 14.013419033 -12.300345497
v -30.438993500 11.747763097 -9.177734425
v -32.696849282 11.506360898 -9.837209082
v -34.954705064 11.264958699 -10.496683739
v -30.535852549 9.320130135 -7.633756057
v -32.772763301 8.919519933 -8.186394569
v -35.009674052 8.518909731 -8.739033081
v -30.382178313 6.930725982 -6.144337181
v -32.579044044 6.369613479 -6.590396602
v -34.775909775 5.808500976 -7.036456024
v -29.985959311 4.607684887 -4.716435951
v -32.122862848 3.887293535 -5.056988378
v -34.259766384 3.166902183 -5.397540805
v -29.359242475 2.377822828 -3.356388754
v -31.415750484 1.502137112 -3.593378585
v -33.472258494 0.626451396 -3.830368416
v -28.517863172 0.265937429 -2.069868224
v -30.473341311 -0.758057008 -2.206178866
v -32.428819449 -1.782051445 -2.342489509
v -27.481088172 -1.705861803 -0.861833275
v -29.315011011 -2.867905069 -0.901374778
v -31.148933850 -4.029948335 -0.940916282
v -26.271201868 -3.518824888 0.263540386
v -27.963422256 -4.804994745 0.315699612
v -29.655642644 -6.091164602 0.367858837
v -24.913102312 -5.158349874 1.302981366
v -26.443993943 -6.550349731 1.440383395
v -27.974885573 -7.942349588 1.577785423
v -23.434123885 -6.615327118 2.254406510
v -24.784310781 -8.088793654 2.468706664
v -26.134497676 -9.562260190 2.683006818
v -21.865279981 -7.890421964 3.117943655
v -23.013490709 -9.409207052 3.397404467
v -24.161701436 -10.927992140 3.676865279
v -20.222800011 -9.127028162 3.946469836
v -21.161528092 -10.504673772 4.223926816
v -22.100256173 -11.882319382 4.501383796
v 44.935997619 -76.115972900 33.416095890
v 44.199995475 -76.556637857 31.960000000
v 43.463993331 -76.997302815 30.503904110
v 50.555433720 -72.751460186 29.829473925
v 49.714112571 -73.255182561 28.173685032
v 48.872791423 -73.758904936 26.517896139
v 55.781010565 -68.913551728 26.086386206
v 54.893812580 -69.445302582 24.362972847
v 54.006614595 -69.977053436 22.639559488
v 60.609302738 -64.601993439 22.313448043
v 59.682173494 -65.160197696 20.544546837
v 58.755044251 -65.718401953 18.775645631
v 64.992125345 -59.854463866 18.535975288
v 64.026779977 -60.441363553 16.734803335
v 63.061434609 -61.028263240 14.933631382
v 68.883881318 -54.717852052 14.773270435
v 67.880956053 -55.337701170 12.949782283
v 66.878030787 -55.957550289 11.126294130
v 72.244660516 -49.246051955 11.042561139
v 71.204821169 -49.904468478 9.205100456
v 70.164981822 -50.562885002 7.367639772
v 75.041642744 -43.498530839 7.359938328
v 73.966154694 -44.202105250 5.515887529
v 72.890666645 -44.905679661 3.671836729
v 77.249983351 -37.538988783 3.740657149
v 76.141058298 -38.294962784 1.896725231
v 75.032133246 -39.050936785 0.052793313
v 78.853394664 -31.434007240 0.199238969
v 77.714409803 -32.249969539 -1.638410154
v 76.575424941 -33.065931838 -3.476059277
v 79.844481447 -25.251679506 -3.250502743
v 78.680106027 -26.135263492 -5.076201730
v 77.515730607 -27.018847479 -6.901900716
v 80.224852249 -19.060239347 -6.595469156
v 79.041095938 -20.018821269 -8.404042150
v 77.857339627 -20.977403190 -10.212615144
v 80.005019213 -12.926710918 -9.823297438
v 78.809209003 -13.967113082 -11.610079822
v 77.613398793 -15.007515247 -13.396862206
v 79.204097353 -6.915604858 -12.922388412
v 78.004787029 -8.043811233 -14.683260976
v 76.805476706 -9.172017607 -16.444133541
v 77.849315369 -1.087685332 -15.881936337
v 76.656130930 -2.308578299 -17.613367460
v 75.462946491 -3.529471265 -19.344798584
v 75.975351941 4.501168306 -18.691958613
v 74.798776724 3.184040634 -20.391050119
v 73.622201506 1.866912962 -22.090141625
v 73.623513533 9.800983011 -21.343324291
v 72.474617687 8.385599373 -23.007857665
v 71.325721841 6.970215734 -24.672391039
v 70.840771745 14.768576257 -23.827780866
v 69.730891888 13.254585404 -25.456260946
v 68.621012031 11.740594550 -27.084741026
v 67.678680094 19.368284268 -26.137979291
v 66.619056378 17.757089958 -27.729672551
v 65.559432662 16.145895648 -29.321365812
v 64.192191742 23.572517326 -28.267497510
v 63.193571170 21.867297306 -29.822461716
v 62.194950598 20.162077287 -31.377425922
v 60.438401185 27.362126745 -30.210863110
v 59.510617907 25.567779218 -31.729964501
v 58.582834629 23.773431690 -33.249065893
v 56.475234320 30.726569410 -31.963576062
v 55.626779899 28.849582342 -33.448489254
v 54.778325477 26.972595274 -34.933402446
v 52.360112833 33.663856838 -33.522132805
v 51.597712318 31.712098073 -34.975317378
v 50.835311803 29.760339308 -36.428501950
v 48.148620482 36.180276693 -34.884053137
v 47.476833841 34.162706374 -36.308699449
v 46.805047200 32.145136055 -37.733345761
v 43.893200975 38.289875873 -36.047911340
v 43.314074312 36.216187536 -37.447846759
v 42.734947648 34.142499199 -38.847782178
v 39.641919637 40.013696313 -37.013372310
v 39.154717037 37.893899475 -38.392918363
v 38.667514436 35.774102637 -39.772464415
v 35.437324333 41.378758586 -37.781231721
v 35.038379138 39.222723971 -39.145003742
v 34.639433943 37.066689356 -40.508775763
v 31.315445216 42.416795574 -38.353455639
v 30.998178319 40.233794173 -39.706101218
v 30.680911421 38.050792773 -41.058746796
v 27.304978631 43.162751022 -38.733208932
v 27.060138388 40.961029034 -40.079092255
v 26.815298145 38.759307045 -41.424975577
v 23.426708917 43.653077619 -38.924853392
v 23.242886917 41.439518506 -40.267711821
v 23.059064916 39.225959393 -41.610570250
v 19.693234299 43.923897942 -38.933888345
v 19.557693822 41.703826070 -40.276514989
v 19.422153345 39.483754199 -41.619141634
v 16.109078425 44.009128251 -38.766805006
v 16.008886555 41.786299868 -40.110839977
v 15.908694685 39.563471484 -41.454874948
v 12.671279580 43.938703894 -38.430840886
v 12.594653796 41.715505943 -39.776767838
v 12.518028011 39.492307992 -41.122694790
v 9.370535898 43.737073139 -37.933658716
v 9.308215039 41.514909995 -39.281079033
v 9.245894180 39.292746851 -40.628499349
v 6.192921599 43.422126368 -37.283026317
v 6.139291714 41.201930657 -38.631207122
v 6.085661829 38.981734945 -39.979387926
v 3.122067731 43.004687367 -36.486606985
v 3.075773639 40.787462885 -37.835189830
v 3.029479546 38.570238403 -39.183772675
v 0.141557346 42.488618066 -35.551946548
v 0.105442365 40.275924747 -36.901617752
v 0.069327385 38.063231427 -38.251288956
v -2.762804096 41.871501816 -34.486660187
v -2.782400641 39.665821688 -35.839580955
v -2.801997187 37.460141559 -37.192501724
v -5.601156747 41.145800871 -33.298729328
v -5.595543120 38.950761145 -34.658613788
v -5.589929493 36.755721418 -36.018498247
v -8.378379165 40.300344409 -31.996779652
v -8.337818523 38.120800551 -33.368638145
v -8.297257881 35.941256693 -34.740496638
v -11.093537664 39.321990372 -30.590243741
v -11.008473388 37.163983328 -31.979905517
v -10.923409112 35.005976283 -33.369567293
v -13.739912673 38.197309497 -29.089379817
v -13.601958550 36.067913794 -30.502938092
v -13.464004428 33.938518091 -31.916496367
v -16.305475093 36.914158546 -27.505173963
v -16.108112854 34.821239730 -28.948469220
v -15.910750615 32.728320914 -30.391764478
v -18.773683547 35.463039295 -25.849175771
v -18.512676425 33.414942715 -27.327383547
v -18.251669304 31.366846134 -28.805591322
v -21.124490145 33.838175658 -24.133312737
v -20.798053693 31.843372597 -25.650657091
v -20.471617241 29.848569537 -27.168001445
v -23.335462066 32.038277089 -22.369712813
v -22.944242560 30.104996289 -23.929297594
v -22.553023054 28.171715489 -25.488882376
v -25.382943601 30.066986594 -20.570548996
v -24.929851694 28.202858322 -22.174285405
v -24.476759788 26.338730050 -23.778021814
v -27.243198222 27.933033616 -18.747909350
v -26.733138856 26.144769900 -20.396515214
v -26.223079490 24.356506183 -22.045121078
v -28.893483401 25.650125571 -16.913690371
v -28.333016178 23.943255035 -18.606738902
v -27.772548955 22.236384500 -20.299787433
v -30.313022620 23.236618473 -15.079509711
v -29.709981081 21.615288426 -16.815509790
v -29.106939542 19.993958379 -18.551509869
v -31.483849180 20.715008937 -13.256634139
v -30.846942854 19.181861713 -15.033128552
v -30.210036528 17.648714488 -16.809622965
v -32.391505111 18.111288642 -11.455919395
v -31.729924473 16.667414253 -13.269591050
v -31.068343835 15.223539863 -15.083262704
v -33.025585524 15.454199653 -9.687759580
v -32.348626902 14.099162663 -11.534538340
v -31.671668281 12.744125673 -13.381317101
v -33.380124541 12.774425558 -7.962044685
v -32.696849282 11.506360898 -9.837209082
v -32.013574022 10.238296237 -11.712373478
v -33.453823540 10.103749856 -6.288125882
v -32.772763301 8.919519933 -8.186394569
v -32.091703062 7.735290010 -10.084663257
v -33.250126183 7.474209469 -4.674789193
v -32.579044044 6.369613479 -6.590396602
v -31.907961905 5.265017489 -8.506004012
v -32.777147657 4.917267807 -3.130239623
v -32.122862848 3.887293535 -5.056988378
v -31.468578038 2.857319262 -6.983737133
v -32.047467878 2.463028114 -1.662100132
v -31.415750484 1.502137112 -3.593378585
v -30.784033091 0.541246110 -5.524657038
v -31.077799814 0.139503532 -0.277434470
v -30.473341311 -0.758057008 -2.206178866
v -29.868882808 -1.655617548 -4.134923262
v -29.888544040 -2.028046048 1.017186597
v -29.315011011 -2.867905069 -0.901374778
v -28.741477982 -3.707764090 -2.819936154
v -28.503236768 -4.017712469 2.215528614
v -27.963422256 -4.804994745 0.315699612
v -27.423607744 -5.592277021 -1.584129390
v -26.947882349 -5.811507568 3.311313868
v -26.443993943 -6.550349731 1.440383395
v -25.940105536 -7.289191894 -0.430547079
v -25.250090895 -7.396056238 4.297147693
v -24.784310781 -8.088793654 2.468706664
v -24.318530666 -8.781531071 0.640265634
v -23.437497606 -8.764293197 5.160214336
v -23.013490709 -9.409207052 3.397404467
v -22.589483811 -10.054120907 1.634594598
v -21.523660729 -9.945138611 5.776949858
v -21.161528092 -10.504673772 4.223926816
v -20.799395455 -11.064208933 2.670903774
vt 0.000000000 0.000000000
vt 0.000000000 0.062500000
vt 0.031250000 0.062500000
vt 0.062500000 0.062500000
vt 0.093750000 0.062500000
vt 0.125000000 0.062500000
vt 0.156250000 0.062500000
vt 0.187500000 0.062500000
vt 0.218750000 0.062500000
vt 0.250000000 0.062500000
vt 0.281250000 0.062500000
vt 0.312500000 0.062500000
vt 0.343750000 0.062500000
vt 0.375000000 0.062500000
vt 0.406250000 0.062500000
vt 0.437500000 0.062500000
vt 0.468750000 0.062500000
vt 0.500000000 0.062500000
vt 0.531250000 0.062500000
vt 0.562500000 0.062500000
vt 0.593750000 0.062500000
vt 0.625000000 0.062500000
vt 0.656250000 0.062500000
vt 0.687500000 0.062500000
vt 0.718750000 0.062500000
vt 0.750000000 0.062500000
vt 0.781250000 0.062500000
vt 0.812500000 0.062500000
vt 0.843750000 0.062500000
vt 0.875000000 0.062500000
vt 0.906250000 0.062500000
vt 0.937500000 0.062500000
vt 0.968750000 0.062500000
vt 0.000000000 0.125000000
vt 0.031250000 0.125000000
vt 0.062500000 0.125000000
vt 0.093750000 0.125000000
vt 0.125000000 0.125000000
vt 0.156250000 0.125000000
vt 0.187500000 0.125000000
vt 0.218750000 0.125000000
vt 0.250000000 0.125000000
vt 0.281250000 0.125000000
vt 0.312500000 0.125000000
vt 0.343750000 0.125000000
vt 0.375000000 0.125000000
vt 0.406250000 0.125000000
vt 0.437500000 0.125000000
vt 0.468750000 0.125000000
vt 0.500000000 0.125000000
vt 0.531250000 0.125000000
vt 0.562500000 0.125000000
vt 0.593750000 0.125000000
vt 0.625000000 0.125000000
vt 0.656250000 0.125000000
vt 0.687500000 0.125000000
vt 0.718750000 0.125000000
vt 0.750000000 0.125000000
vt 0.781250000 0.125000000
vt 0.812500000 0.125000000
vt 0.843750000 0.125000000
vt 0.875000000 0.125000000
vt 0.906250000 0.125000000
vt 0.937500000 0.125000000
vt 0.968750000 0.125000000
vt 0.000000000 0.187500000
vt 0.031250000 0.187500000
vt 0.062500000 0.187500000
vt 0.093750000 0.187500000
vt 0.125000000 0.187500000
vt 0.156250000 0.187500000
vt 0.187500000 0.187500000
vt 0.218750000 0.187500000
vt 0.250000000 0.187500000
vt 0.281250000 0.187500000
vt 0.312500000 0.187500000
vt 0.343750000 0.187500000
vt 0.375000000 0.187500000
vt 0.406250000 0.187500000
vt 0.437500000 0.187500000
vt 0.468750000 0.187500000
vt 0.500000000 0.187500000
vt 0.531250000 0.187500000
vt 0.562500000 0.187500000
vt 0.593750000 0.187500000
vt 0.625000000 0.187500000
vt 0.656250000 0.187500000
vt 0.687500000 0.187500000
vt 0.718750000 0.187500000
vt 0.750000000 0.187500000
vt 0.781250000 0.187500000
vt 0.812500000 0.187500000
vt 0.843750000 0.187500000
vt 0.875000000 0.187500000
vt 0.906250000 0.187500000
vt 0.937500000 0.187500000
vt 0.968750000 0.187500000
vt 0.000000000 0.250000000
vt 0.031250000 0.250000000
vt 0.062500000 0.250000000
vt 0.093750000 0.250000000
vt 0.125000000 0.250000000
vt 0.156250000 0.250000000
vt 0.187500000 0.250000000
vt 0.218750000 0.250000000
vt 0.250000000 0.250000000
vt 0.281250000 0.250000000
vt 0.312500000 0.250000000
vt 0.343750000 0.250000000
vt 0.375000000 0.250000000
vt 0.406250000 0.250000000
vt 0.437500000 0.250000000
vt 0.468750000 0.250000000
vt 0.500000000 0.250000000
vt 0.531250000 0.250000000
vt 0.562500000 0.250000000
vt 0.593750000 0.250000000
vt 0.625000000 0.250000000
vt 0.656250000 0.250000000
vt 0.687500000 0.250000000
vt 0.718750000 0.250000000
vt 0.750000000 0.250000000
vt 0.781250000 0.250000000
vt 0.812500000 0.250000000
vt 0.843750000 0.250000000
vt 0.875000000 0.250000000
vt 0.906250000 0.250000000
vt 0.937500000 0.250000000
vt 0.968750000 0.250000000
vt 0.000000000 0.312500000
vt 0.031250000 0.312500000
vt 0.062500000 0.312500000
vt 0.093750000 0.312500000
vt 0.125000000 0.312500000
vt 0.156250000 0.312500000
vt 0.187500000 0.312500000
vt 0.218750000 0.312500000
vt 0.250000000 0.312500000
vt 0.281250000 0.312500000
vt 0.312500000 0.312500000
vt 0.343750000 0.312500000
vt 0.375000000 0.312500000
vt 0.406250000 0.312500000
vt 0.437500000 0.312500000
vt 0.468750000 0.312500000
vt 0.500000000 0.312500000
vt 0.531250000 0.312500000
vt 0.562500000 0.312500000
vt 0.593750000 0.312500000
vt 0.625000000 0.312500000
vt 0.656250000 0.312500000
vt 0.687500000 0.312500000
vt 0.718750000 0.312500000
vt 0.750000000 0.312500000
vt 0.781250000 0.312500000
vt 0.812500000 0.312500000
vt 0.843750000 0.312500000
vt 0.875000000 0.312500000
vt 0.906250000 0.312500000
vt 0.937500000 0.312500000
vt 0.968750000 0.312500000
vt 0.000000000 0.375000000
vt 0.031250000 0.375000000
vt 0.062500000 0.375000000
vt 0.093750000 0.375000000
vt 0.125000000 0.375000000
vt 0.156250000 0.375000000
vt 0.187500000 0.375000000
vt 0.218750000 0.375000000
vt 0.250000000 0.375000000
vt 0.281250000 0.375000000
vt 0.312500000 0.375000000
vt 0.343750000 0.375000000
vt 0.375000000 0.375000000
vt 0.406250000 0.375000000
vt 0.437500000 0.375000000
vt 0.468750000 0.375000000
vt 0.500000000 0.375000000
vt 0.531250000 0.375000000
vt 0.562500000 0.375000000
vt 0.593750000 0.375000000
vt 0.625000000 0.375000000
vt 0.656250000 0.375000000
vt 0.687500000 0.375000000
vt 0.718750000 0.375000000
vt 0.750000000 0.375000000
vt 0.781250000 0.375000000
vt 0.812500000 0.375000000
vt 0.843750000 0.375000000
vt 0.875000000 0.375000000
vt 0.906250000 0.375000000
vt 0.937500000 0.375000000
vt 0.968750000 0.375000000
vt 0.000000000 0.437500000
vt 0.031250000 0.437500000
vt 0.062500000 0.437500000
vt 0.093750000 0.437500000
vt 0.125000000 0.437500000
vt 0.156250000 0.437500000
vt 0.187500000 0.437500000
vt 0.218750000 0.437500000
vt 0.250000000 0.437500000
vt 0.281250000 0.437500000
vt 0.312500000 0.437500000
vt 0.343750000 0.437500000
vt 0.375000000 0.437500000
vt 0.406250000 0.437500000
vt 0.437500000 0.437500000
vt 0.468750000 0.437500000
vt 0.500000000 0.437500000
vt 0.531250000 0.437500000
vt 0.562500000 0.437500000
vt 0.593750000 0.437500000
vt 0.625000000 0.437500000
vt 0.656250000 0.437500000
vt 0.687500000 0.437500000
vt 0.718750000 0.437500000
vt 0.750000000 0.437500000
vt 0.781250000 0.437500000
vt 0.812500000 0.437500000
vt 0.843750000 0.437500000
vt 0.875000000 0.437500000
vt 0.906250000 0.437500000
vt 0.937500000 0.437500000
vt 0.968750000 0.437500000
vt 0.000000000 0.500000000
vt 0.031250000 0.500000000
vt 0.062500000 0.500000000
vt 0.093750000 0.500000000
vt 0.125000000 0.500000000
vt 0.156250000 0.500000000
vt 0.187500000 0.500000000
vt 0.218750000 0.500000000
vt 0.250000000 0.500000000
vt 0.281250000 0.500000000
vt 0.312500000 0.500000000
vt 0.343750000 0.500000000
vt 0.375000000 0.500000000
vt 0.406250000 0.500000000
vt 0.437500000 0.500000000
vt 0.468750000 0.500000000
vt 0.500000000 0.500000000
vt 0.531250000 0.500000000
vt 0.562500000 0.500000000
vt 0.593750000 0.500000000
vt 0.625000000 0.500000000
vt 0.656250000 0.500000000
vt 0.687500000 0.500000000
vt 0.718750000 0.500000000
vt 0.750000000 0.500000000
vt 0.781250000 0.500000000
vt 0.812500000 0.500000000
vt 0.843750000 0.500000000
vt 0.875000000 0.500000000
vt 0.906250000 0.500000000
vt 0.937500000 0.500000000
vt 0.968750000 0.500000000
vt 0.000000000 0.562500000
vt 0.031250000 0.562500000
vt 0.062500000 0.562500000
vt 0.093750000 0.562500000
vt 0.125000000 0.562500000
vt 0.156250000 0.562500000
vt 0.187500000 0.562500000
vt 0.218750000 0.562500000
vt 0.250000000 0.562500000
vt 0.281250000 0.562500000
vt 0.312500000 0.562500000
vt 0.343750000 0.562500000
vt 0.375000000 0.562500000
vt 0.406250000 0.562500000
vt 0.437500000 0.562500000
vt 0.468750000 0.562500000
vt 0.500000000 0.562500000
vt 0.531250000 0.562500000
vt 0.562500000 0.562500000
vt 0.593750000 0.562500000
vt 0.625000000 0.562500000
vt 0.656250000 0.562500000
vt 0.687500000 0.562500000
vt 0.718750000 0.562500000
vt 0.750000000 0.562500000
vt 0.781250000 0.562500000
vt 0.812500000 0.562500000
vt 0.843750000 0.562500000
vt 0.875000000 0.562500000
vt 0.906250000 0.562500000
vt 0.937500000 0.562500000
vt 0.968750000 0.562500000
vt 0.000000000 0.625000000
vt 0.031250000 0.625000000
vt 0.062500000 0.625000000
vt 0.093750000 0.625000000
vt 0.125000000 0.625000000
vt 0.156250000 0.625000000
vt 0.187500000 0.625000000
vt 0.218750000 0.625000000
vt 0.250000000 0.625000000
vt 0.281250000 0.625000000
vt 0.312500000 0.625000000
vt 0.343750000 0.625000000
vt 0.375000000 0.625000000
vt 0.406250000 0.625000000
vt 0.437500000 0.625000000
vt 0.468750000 0.625000000
vt 0.500000000 0.625000000
vt 0.531250000 0.625000000
vt 0.562500000 0.625000000
vt 0.593750000 0.625000000
vt 0.625000000 0.625000000
vt 0.656250000 0.625000000
vt 0.687500000 0.625000000
vt 0.718750000 0.625000000
vt 0.750000000 0.625000000
vt 0.781250000 0.625000000
vt 0.812500000 0.625000000
vt 0.843750000 0.625000000
vt 0.875000000 0.625000000
vt 0.906250000 0.625000000
vt 0.937500000 0.625000000
vt 0.968750000 0.625000000
vt 0.000000000 0.687500000
vt 0.031250000 0.687500000
vt 0.062500000 0.687500000
vt 0.093750000 0.687500000
vt 0.125000000 0.687500000
vt 0.156250000 0.687500000
vt 0.187500000 0.687500000
vt 0.218750000 0.687500000
vt 0.250000000 0.687500000
vt 0.281250000 0.687500000
vt 0.312500000 0.687500000
vt 0.343750000 0.687500000
vt 0.375000000 0.687500000
vt 0.406250000 0.687500000
vt 0.437500000 0.687500000
vt 0.468750000 0.687500000
vt 0.500000000 0.687500000
vt 0.531250000 0.687500000
vt 0.562500000 0.687500000
vt 0.593750000 0.687500000
vt 0.625000000 0.687500000
vt 0.656250000 0.687500000
vt 0.687500000 0.687500000
vt 0.718750000 0.687500000
vt 0.750000000 0.687500000
vt 0.781250000 0.687500000
vt 0.812500000 0.687500000
vt 0.843750000 0.687500000
vt 0.875000000 0.687500000
vt 0.906250000 0.687500000
vt 0.937500000 0.687500000
vt 0.968750000 0.687500000
vt 0.000000000 0.750000000
vt 0.031250000 0.750000000
vt 0.062500000 0.750000000
vt 0.093750000 0.750000000
vt 0.125000000 0.750000000
vt 0.156250000 0.750000000
vt 0.187500000 0.750000000
vt 0.218750000 0.750000000
vt 0.250000000 0.750000000
vt 0.281250000 0.750000000
vt 0.312500000 0.750000000
vt 0.343750000 0.750000000
vt 0.375000000 0.750000000
vt 0.406250000 0.750000000
vt 0.437500000 0.750000000
vt 0.468750000 0.750000000
vt 0.500000000 0.750000000
vt 0.531250000 0.750000000
vt 0.562500000 0.750000000
vt 0.593750000 0.750000000
vt 0.625000000 0.750000000
vt 0.656250000 0.750000000
vt 0.687500000 0.750000000
vt 0.718750000 0.750000000
vt 0.750000000 0.750000000
vt 0.781250000 0.750000000
vt 0.812500000 0.750000000
vt 0.843750000 0.750000000
vt 0.875000000 0.750000000
vt 0.906250000 0.750000000
vt 0.937500000 0.750000000
vt 0.968750000 0.750000000
vt 0.000000000 0.812500000
vt 0.031250000 0.812500000
vt 0.062500000 0.812500000
vt 0.093750000 0.812500000
vt 0.125000000 0.812500000
vt 0.156250000 0.812500000
vt 0.187500000 0.812500000
vt 0.218750000 0.812500000
vt 0.250000000 0.812500000
vt 0.281250000 0.812500000
vt 0.312500000 0.812500000
vt 0.343750000 0.812500000
vt 0.375000000 0.812500000
vt 0.406250000 0.812500000
vt 0.437500000 0.812500000
vt 0.468750000 0.812500000
vt 0.500000000 0.812500000
vt 0.531250000 0.812500000
vt 0.562500000 0.812500000
vt 0.593750000 0.812500000
vt 0.625000000 0.812500000
vt 0.656250000 0.812500000
vt 0.687500000 0.812500000
vt 0.718750000 0.812500000
vt 0.750000000 0.812500000
vt 0.781250000 0.812500000
vt 0.812500000 0.812500000
vt 0.843750000 0.812500000
vt 0.875000000 0.812500000
vt 0.906250000 0.812500000
vt 0.937500000 0.812500000
vt 0.968750000 0.812500000
vt 0.000000000 0.875000000
vt 0.031250000 0.875000000
vt 0.062500000 0.875000000
vt 0.093750000 0.875000000
vt 0.125000000 0.875000000
vt 0.156250000 0.875000000
vt 0.187500000 0.875000000
vt 0.218750000 0.875000000
vt 0.250000000 0.875000000
vt 0.281250000 0.875000000
vt 0.312500000 0.875000000
vt 0.343750000 0.875000000
vt 0.375000000 0.875000000
vt 0.406250000 0.875000000
vt 0.437500000 0.875000000
vt 0.468750000 0.875000000
vt 0.500000000 0.875000000
vt 0.531250000 0.875000000
vt 0.562500000 0.875000000
vt 0.593750000 0.875000000
vt 0.625000000 0.875000000
vt 0.656250000 0.875000000
vt 0.687500000 0.875000000
vt 0.718750000 0.875000000
vt 0.750000000 0.875000000
vt 0.781250000 0.875000000
vt 0.812500000 0.875000000
vt 0.843750000 0.875000000
vt 0.875000000 0.875000000
vt 0.906250000 0.875000000
vt 0.937500000 0.875000000
vt 0.968750000 0.875000000
vt 0.000000000 0.937500000
vt 0.031250000 0.937500000
vt 0.062500000 0.937500000
vt 0.093750000 0.937500000
vt 0.125000000 0.937500000
vt 0.156250000 0.937500000
vt 0.187500000 0.937500000
vt 0.218750000 0.937500000
vt 0.250000000 0.937500000
vt 0.281250000 0.937500000
vt 0.312500000 0.937500000
vt 0.343750000 0.937500000
vt 0.375000000 0.937500000
vt 0.406250000 0.937500000
vt 0.437500000 0.937500000
vt 0.468750000 0.937500000
vt 0.500000000 0.937500000
vt 0.531250000 0.937500000
vt 0.562500000 0.937500000
vt 0.593750000 0.937500000
vt 0.625000000 0.937500000
vt 0.656250000 0.937500000
vt 0.687500000 0.937500000
vt 0.718750000 0.937500000
vt 0.750000000 0.937500000
vt 0.781250000 0.937500000
vt 0.812500000 0.937500000
vt 0.843750000 0.937500000
vt 0.875000000 0.937500000
vt 0.906250000 0.937500000
vt 0.937500000 0.937500000
vt 0.968750000 0.937500000
vt 0.000000000 1.000000000
vt 4.000000000 4.000000000
vt 4.000000000 4.500000000
vt 4.000000000 5.000000000
vt 4.015625000 4.000000000
vt 4.015625000 4.500000000
vt 4.015625000 5.000000000
vt 4.031250000 4.000000000
vt 4.031250000 4.500000000
vt 4.031250000 5.000000000
vt 4.046875000 4.000000000
vt 4.046875000 4.500000000
vt 4.046875000 5.000000000
vt 4.062500000 4.000000000
vt 4.062500000 4.500000000
vt 4.062500000 5.000000000
vt 4.078125000 4.000000000
vt 4.078125000 4.500000000
vt 4.078125000 5.000000000
vt 4.093750000 4.000000000
vt 4.093750000 4.500000000
vt 4.093750000 5.000000000
vt 4.109375000 4.000000000
vt 4.109375000 4.500000000
vt 4.109375000 5.000000000
vt 4.125000000 4.000000000
vt 4.125000000 4.500000000
vt 4.125000000 5.000000000
vt 4.140625000 4.000000000
vt 4.140625000 4.500000000
vt 4.140625000 5.000000000
vt 4.156250000 4.000000000
vt 4.156250000 4.500000000
vt 4.156250000 5.000000000
vt 4.171875000 4.000000000
vt 4.171875000 4.500000000
vt 4.171875000 5.000000000
vt 4.187500000 4.000000000
vt 4.187500000 4.500000000
vt 4.187500000 5.000000000
vt 4.203125000 4.000000000
vt 4.203125000 4.500000000
vt 4.203125000 5.000000000
vt 4.218750000 4.000000000
vt 4.218750000 4.500000000
vt 4.218750000 5.000000000
vt 4.234375000 4.000000000
vt 4.234375000 4.500000000
vt 4.234375000 5.000000000
vt 4.250000000 4.000000000
vt 4.250000000 4.500000000
vt 4.250000000 5.000000000
vt 4.265625000 4.000000000
vt 4.265625000 4.500000000
vt 4.265625000 5.000000000
vt 4.281250000 4.000000000
vt 4.281250000 4.500000000
vt 4.281250000 5.000000000
vt 4.296875000 4.000000000
vt 4.296875000 4.500000000
vt 4.296875000 5.000000000
vt 4.312500000 4.000000000
vt 4.312500000 4.500000000
vt 4.312500000 5.000000000
vt 4.328125000 4.000000000
vt 4.328125000 4.500000000
vt 4.328125000 5.000000000
vt 4.343750000 4.000000000
vt 4.343750000 4.500000000
vt 4.343750000 5.000000000
vt 4.359375000 4.000000000
vt 4.359375000 4.500000000
vt 4.359375000 5.000000000
vt 4.375000000 4.000000000
vt 4.375000000 4.500000000
vt 4.375000000 5.000000000
vt 4.390625000 4.000000000
vt 4.390625000 4.500000000
vt 4.390625000 5.000000000
vt 4.406250000 4.000000000
vt 4.406250000 4.500000000
vt 4.406250000 5.000000000
vt 4.421875000 4.000000000
vt 4.421875000 4.500000000
vt 4.421875000 5.000000000
vt 4.437500000 4.000000000
vt 4.437500000 4.500000000
vt 4.437500000 5.000000000
vt 4.453125000 4.000000000
vt 4.453125000 4.500000000
vt 4.453125000 5.000000000
vt 4.468750000 4.000000000
vt 4.468750000 4.500000000
vt 4.468750000 5.000000000
vt 4.484375000 4.000000000
vt 4.484375000 4.500000000
vt 4.484375000 5.000000000
vt 4.500000000 4.000000000
vt 4.500000000 4.500000000
vt 4.500000000 5.000000000
vt 4.515625000 4.000000000
vt 4.515625000 4.500000000
vt 4.515625000 5.000000000
vt 4.531250000 4.000000000
vt 4.531250000 4.500000000
vt 4.531250000 5.000000000
vt 4.546875000 4.000000000
vt 4.546875000 4.500000000
vt 4.546875000 5.000000000
vt 4.562500000 4.000000000
vt 4.562500000 4.500000000
vt 4.562500000 5.000000000
vt 4.578125000 4.000000000
vt 4.578125000 4.500000000
vt 4.578125000 5.000000000
vt 4.593750000 4.000000000
vt 4.593750000 4.500000000
vt 4.593750000 5.000000000
vt 4.609375000 4.000000000
vt 4.609375000 4.500000000
vt 4.609375000 5.000000000
vt 4.625000000 4.000000000
vt 4.625000000 4.500000000
vt 4.625000000 5.000000000
vt 4.640625000 4.000000000
vt 4.640625000 4.500000000
vt 4.640625000 5.000000000
vt 4.656250000 4.000000000
vt 4.656250000 4.500000000
vt 4.656250000 5.000000000
vt 4.671875000 4.000000000
vt 4.671875000 4.500000000
vt 4.671875000 5.000000000
vt 4.687500000 4.000000000
vt 4.687500000 4.500000000
vt 4.687500000 5.000000000
vt 4.703125000 4.000000000
vt 4.703125000 4.500000000
vt 4.703125000 5.000000000
vt 4.718750000 4.000000000
vt 4.718750000 4.500000000
vt 4.718750000 5.000000000
vt 4.734375000 4.000000000
vt 4.734375000 4.500000000
vt 4.734375000 5.000000000
vt 4.750000000 4.000000000
vt 4.750000000 4.500000000
vt 4.750000000 5.000000000
vt 4.765625000 4.000000000
vt 4.765625000 4.500000000
vt 4.765625000 5.000000000
vt 4.781250000 4.000000000
vt 4.781250000 4.500000000
vt 4.781250000 5.000000000
vt 4.796875000 4.000000000
vt 4.796875000 4.500000000
vt 4.796875000 5.000000000
vt 4.812500000 4.000000000
vt 4.812500000 4.500000000
vt 4.812500000 5.000000000
vt 4.828125000 4.000000000
vt 4.828125000 4.500000000
vt 4.828125000 5.000000000
vt 4.843750000 4.000000000
vt 4.843750000 4.500000000
vt 4.843750000 5.000000000
vt 4.859375000 4.000000000
vt 4.859375000 4.500000000
vt 4.859375000 5.000000000
vt 4.875000000 4.000000000
vt 4.875000000 4.500000000
vt 4.875000000 5.000000000
vt 4.890625000 4.000000000
vt 4.890625000 4.500000000
vt 4.890625000 5.000000000
vt 4.906250000 4.000000000
vt 4.906250000 4.500000000
vt 4.906250000 5.000000000
vt 4.921875000 4.000000000
vt 4.921875000 4.500000000
vt 4.921875000 5.000000000
vt 4.937500000 4.000000000
vt 4.937500000 4.500000000
vt 4.937500000 5.000000000
vt 4.953125000 4.000000000
vt 4.953125000 4.500000000
vt 4.953125000 5.000000000
vt 4.968750000 4.000000000
vt 4.968750000 4.500000000
vt 4.968750000 5.000000000
vt 4.984375000 4.000000000
vt 4.984375000 4.500000000
vt 4.984375000 5.000000000
vt 5.000000000 4.000000000
vt 5.000000000 4.500000000
vt 5.000000000 5.000000000
vt 4.000000000 4.000000000
vt 4.000000000 4.500000000
vt 4.000000000 5.000000000
vt 4.015625000 4.000000000
vt 4.015625000 4.500000000
vt 4.015625000 5.000000000
vt 4.031250000 4.000000000
vt 4.031250000 4.500000000
vt 4.031250000 5.000000000
vt 4.046875000 4.000000000
vt 4.046875000 4.500000000
vt 4.046875000 5.000000000
vt 4.062500000 4.000000000
vt 4.062500000 4.500000000
vt 4.062500000 5.000000000
vt 4.078125000 4.000000000
vt 4.078125000 4.500000000
vt 4.078125000 5.000000000
vt 4.093750000 4.000000000
vt 4.093750000 4.500000000
vt 4.093750000 5.000000000
vt 4.109375000 4.000000000
vt 4.109375000 4.500000000
vt 4.109375000 5.000000000
vt 4.125000000 4.000000000
vt 4.125000000 4.500000000
vt 4.125000000 5.000000000
vt 4.140625000 4.000000000
vt 4.140625000 4.500000000
vt 4.140625000 5.000000000
vt 4.156250000 4.000000000
vt 4.156250000 4.500000000
vt 4.156250000 5.000000000
vt 4.171875000 4.000000000
vt 4.171875000 4.500000000
vt 4.171875000 5.000000000
vt 4.187500000 4.000000000
vt 4.187500000 4.500000000
vt 4.187500000 5.000000000
vt 4.203125000 4.000000000
vt 4.203125000 4.500000000
vt 4.203125000 5.000000000
vt 4.218750000 4.000000000
vt 4.218750000 4.500000000
vt 4.218750000 5.000000000
vt 4.234375000 4.000000000
vt 4.234375000 4.500000000
vt 4.234375000 5.000000000
vt 4.250000000 4.000000000
vt 4.250000000 4.500000000
vt 4.250000000 5.000000000
vt 4.265625000 4.000000000
vt 4.265625000 4.500000000
vt 4.265625000 5.000000000
vt 4.281250000 4.000000000
vt 4.281250000 4.500000000
vt 4.281250000 5.000000000
vt 4.296875000 4.000000000
vt 4.296875000 4.500000000
vt 4.296875000 5.000000000
vt 4.312500000 4.000000000
vt 4.312500000 4.500000000
vt 4.312500000 5.000000000
vt 4.328125000 4.000000000
vt 4.328125000 4.500000000
vt 4.328125000 5.000000000
vt 4.343750000 4.000000000
vt 4.343750000 4.500000000
vt 4.343750000 5.000000000
vt 4.359375000 4.000000000
vt 4.359375000 4.500000000
vt 4.359375000 5.000000000
vt 4.375000000 4.000000000
vt 4.375000000 4.500000000
vt 4.375000000 5.000000000
vt 4.390625000 4.000000000
vt 4.390625000 4.500000000
vt 4.390625000 5.000000000
vt 4.406250000 4.000000000
vt 4.406250000 4.500000000
vt 4.406250000 5.000000000
vt 4.421875000 4.000000000
vt 4.421875000 4.500000000
vt 4.421875000 5.000000000
vt 4.437500000 4.000000000
vt 4.437500000 4.500000000
vt 4.437500000 5.000000000
vt 4.453125000 4.000000000
vt 4.453125000 4.500000000
vt 4.453125000 5.000000000
vt 4.468750000 4.000000000
vt 4.468750000 4.500000000
vt 4.468750000 5.000000000
vt 4.484375000 4.000000000
vt 4.484375000 4.500000000
vt 4.484375000 5.000000000
vt 4.500000000 4.000000000
vt 4.500000000 4.500000000
vt 4.500000000 5.000000000
vt 4.515625000 4.000000000
vt 4.515625000 4.500000000
vt 4.515625000 5.000000000
vt 4.531250000 4.000000000
vt 4.531250000 4.500000000
vt 4.531250000 5.000000000
vt 4.546875000 4.000000000
vt 4.546875000 4.500000000
vt 4.546875000 5.000000000
vt 4.562500000 4.000000000
vt 4.562500000 4.500000000
vt 4.562500000 5.000000000
vt 4.578125000 4.000000000
vt 4.578125000 4.500000000
vt 4.578125000 5.000000000
vt 4.593750000 4.000000000
vt 4.593750000 4.500000000
vt 4.593750000 5.000000000
vt 4.609375000 4.000000000
vt 4.609375000 4.500000000
vt 4.609375000 5.000000000
vt 4.625000000 4.000000000
vt 4.625000000 4.500000000
vt 4.625000000 5.000000000
vt 4.640625000 4.000000000
vt 4.640625000 4.500000000
vt 4.640625000 5.000000000
vt 4.656250000 4.000000000
vt 4.656250000 4.500000000
vt 4.656250000 5.000000000
vt 4.671875000 4.000000000
vt 4.671875000 4.500000000
vt 4.671875000 5.000000000
vt 4.687500000 4.000000000
vt 4.687500000 4.500000000
vt 4.687500000 5.000000000
vt 4.703125000 4.000000000
vt 4.703125000 4.500000000
vt 4.703125000 5.000000000
vt 4.718750000 4.000000000
vt 4.718750000 4.500000000
vt 4.718750000 5.000000000
vt 4.734375000 4.000000000
vt 4.734375000 4.500000000
vt 4.734375000 5.000000000
vt 4.750000000 4.000000000
vt 4.750000000 4.500000000
vt 4.750000000 5.000000000
vt 4.765625000 4.000000000
vt 4.765625000 4.500000000
vt 4.765625000 5.000000000
vt 4.781250000 4.000000000
vt 4.781250000 4.500000000
vt 4.781250000 5.000000000
vt 4.796875000 4.000000000
vt 4.796875000 4.500000000
vt 4.796875000 5.000000000
vt 4.812500000 4.000000000
vt 4.812500000 4.500000000
vt 4.812500000 5.000000000
vt 4.828125000 4.000000000
vt 4.828125000 4.500000000
vt 4.828125000 5.000000000
vt 4.843750000 4.000000000
vt 4.843750000 4.500000000
vt 4.843750000 5.000000000
vt 4.859375000 4.000000000
vt 4.859375000 4.500000000
vt 4.859375000 5.000000000
vt 4.875000000 4.000000000
vt 4.875000000 4.500000000
vt 4.875000000 5.000000000
vt 4.890625000 4.000000000
vt 4.890625000 4.500000000
vt 4.890625000 5.000000000
vt 4.906250000 4.000000000
vt 4.906250000 4.500000000
vt 4.906250000 5.000000000
vt 4.921875000 4.000000000
vt 4.921875000 4.500000000
vt 4.921875000 5.000000000
vt 4.937500000 4.000000000
vt 4.937500000 4.500000000
vt 4.937500000 5.000000000
vt 4.953125000 4.000000000
vt 4.953125000 4.500000000
vt 4.953125000 5.000000000
vt 4.968750000 4.000000000
vt 4.968750000 4.500000000
vt 4.968750000 5.000000000
vt 4.984375000 4.000000000
vt 4.984375000 4.500000000
vt 4.984375000 5.000000000
vt 5.000000000 4.000000000
vt 5.000000000 4.500000000
vt 5.000000000 5.000000000
vt 4.000000000 8.000000000
vt 4.000000000 8.500000000
vt 4.000000000 9.000000000
vt 4.015625000 8.000000000
vt 4.015625000 8.500000000
vt 4.015625000 9.000000000
vt 4.031250000 8.000000000
vt 4.031250000 8.500000000
vt 4.031250000 9.000000000
vt 4.046875000 8.000000000
vt 4.046875000 8.500000000
vt 4.046875000 9.000000000
vt 4.062500000 8.000000000
vt 4.062500000 8.500000000
vt 4.062500000 9.000000000
vt 4.078125000 8.000000000
vt 4.078125000 8.500000000
vt 4.078125000 9.000000000
vt 4.093750000 8.000000000
vt 4.093750000 8.500000000
vt 4.093750000 9.000000000
vt 4.109375000 8.000000000
vt 4.109375000 8.500000000
vt 4.109375000 9.000000000
vt 4.125000000 8.000000000
vt 4.125000000 8.500000000
vt 4.125000000 9.000000000
vt 4.140625000 8.000000000
vt 4.140625000 8.500000000
vt 4.140625000 9.000000000
vt 4.156250000 8.000000000
vt 4.156250000 8.500000000
vt 4.156250000 9.000000000
vt 4.171875000 8.000000000
vt 4.171875000 8.500000000
vt 4.171875000 9.000000000
vt 4.187500000 8.000000000
vt 4.187500000 8.500000000
vt 4.187500000 9.000000000
vt 4.203125000 8.000000000
vt 4.203125000 8.500000000
vt 4.203125000 9.000000000
vt 4.218750000 8.000000000
vt 4.218750000 8.500000000
vt 4.218750000 9.000000000
vt 4.234375000 8.000000000
vt 4.234375000 8.500000000
vt 4.234375000 9.000000000
vt 4.250000000 8.000000000
vt 4.250000000 8.500000000
vt 4.250000000 9.000000000
vt 4.265625000 8.000000000
vt 4.265625000 8.500000000
vt 4.265625000 9.000000000
vt 4.281250000 8.000000000
vt 4.281250000 8.500000000
vt 4.281250000 9.000000000
vt 4.296875000 8.000000000
vt 4.296875000 8.500000000
vt 4.296875000 9.000000000
vt 4.312500000 8.000000000
vt 4.312500000 8.500000000
vt 4.312500000 9.000000000
vt 4.328125000 8.000000000
vt 4.328125000 8.500000000
vt 4.328125000 9.000000000
vt 4.343750000 8.000000000
vt 4.343750000 8.500000000
vt 4.343750000 9.000000000
vt 4.359375000 8.000000000
vt 4.359375000 8.500000000
vt 4.359375000 9.000000000
vt 4.375000000 8.000000000
vt 4.375000000 8.500000000
vt 4.375000000 9.000000000
vt 4.390625000 8.000000000
vt 4.390625000 8.500000000
vt 4.390625000 9.000000000
vt 4.406250000 8.000000000
vt 4.406250000 8.500000000
vt 4.406250000 9.000000000
vt 4.421875000 8.000000000
vt 4.421875000 8.500000000
vt 4.421875000 9.000000000
vt 4.437500000 8.000000000
vt 4.437500000 8.500000000
vt 4.437500000 9.000000000
vt 4.453125000 8.000000000
vt 4.453125000 8.500000000
vt 4.453125000 9.000000000
vt 4.468750000 8.000000000
vt 4.468750000 8.500000000
vt 4.468750000 9.000000000
vt 4.484375000 8.000000000
vt 4.484375000 8.500000000
vt 4.484375000 9.000000000
vt 4.500000000 8.000000000
vt 4.500000000 8.500000000
vt 4.500000000 9.000000000
vt 4.515625000 8.000000000
vt 4.515625000 8.500000000
vt 4.515625000 9.000000000
vt 4.531250000 8.000000000
vt 4.531250000 8.500000000
vt 4.531250000 9.000000000
vt 4.546875000 8.000000000
vt 4.546875000 8.500000000
vt 4.546875000 9.000000000
vt 4.562500000 8.000000000
vt 4.562500000 8.500000000
vt 4.562500000 9.000000000
vt 4.578125000 8.000000000
vt 4.578125000 8.500000000
vt 4.578125000 9.000000000
vt 4.593750000 8.000000000
vt 4.593750000 8.500000000
vt 4.593750000 9.000000000
vt 4.609375000 8.000000000
vt 4.609375000 8.500000000
vt 4.609375000 9.000000000
vt 4.625000000 8.000000000
vt 4.625000000 8.500000000
vt 4.625000000 9.000000000
vt 4.640625000 8.000000000
vt 4.640625000 8.500000000
vt 4.640625000 9.000000000
vt 4.656250000 8.000000000
vt 4.656250000 8.500000000
vt 4.656250000 9.000000000
vt 4.671875000 8.000000000
vt 4.671875000 8.500000000
vt 4.671875000 9.000000000
vt 4.687500000 8.000000000
vt 4.687500000 8.500000000
vt 4.687500000 9.000000000
vt 4.703125000 8.000000000
vt 4.703125000 8.500000000
vt 4.703125000 9.000000000
vt 4.718750000 8.000000000
vt 4.718750000 8.500000000
vt 4.718750000 9.000000000
vt 4.734375000 8.000000000
vt 4.734375000 8.500000000
vt 4.734375000 9.000000000
vt 4.750000000 8.000000000
vt 4.750000000 8.500000000
vt 4.750000000 9.000000000
vt 4.765625000 8.000000000
vt 4.765625000 8.500000000
vt 4.765625000 9.000000000
vt 4.781250000 8.000000000
vt 4.781250000 8.500000000
vt 4.781250000 9.000000000
vt 4.796875000 8.000000000
vt 4.796875000 8.500000000
vt 4.796875000 9.000000000
vt 4.812500000 8.000000000
vt 4.812500000 8.500000000
vt 4.812500000 9.000000000
vt 4.828125000 8.000000000
vt 4.828125000 8.500000000
vt 4.828125000 9.000000000
vt 4.843750000 8.000000000
vt 4.843750000 8.500000000
vt 4.843750000 9.000000000
vt 4.859375000 8.000000000
vt 4.859375000 8.500000000
vt 4.859375000 9.000000000
vt 4.875000000 8.000000000
vt 4.875000000 8.500000000
vt 4.875000000 9.000000000
vt 4.890625000 8.000000000
vt 4.890625000 8.500000000
vt 4.890625000 9.000000000
vt 4.906250000 8.000000000
vt 4.906250000 8.500000000
vt 4.906250000 9.000000000
vt 4.921875000 8.000000000
vt 4.921875000 8.500000000
vt 4.921875000 9.000000000
vt 4.937500000 8.000000000
vt 4.937500000 8.500000000
vt 4.937500000 9.000000000
vt 4.953125000 8.000000000
vt 4.953125000 8.500000000
vt 4.953125000 9.000000000
vt 4.968750000 8.000000000
vt 4.968750000 8.500000000
vt 4.968750000 9.000000000
vt 4.984375000 8.000000000
vt 4.984375000 8.500000000
vt 4.984375000 9.000000000
vt 5.000000000 8.000000000
vt 5.000000000 8.500000000
vt 5.000000000 9.000000000
vt 4.000000000 8.000000000
vt 4.000000000 8.500000000
vt 4.000000000 9.000000000
vt 4.015625000 8.000000000
vt 4.015625000 8.500000000
vt 4.015625000 9.000000000
vt 4.031250000 8.000000000
vt 4.031250000 8.500000000
vt 4.031250000 9.000000000
vt 4.046875000 8.000000000
vt 4.046875000 8.500000000
vt 4.046875000 9.000000000
vt 4.062500000 8.000000000
vt 4.062500000 8.500000000
vt 4.062500000 9.000000000
vt 4.078125000 8.000000000
vt 4.078125000 8.500000000
vt 4.078125000 9.000000000
vt 4.093750000 8.000000000
vt 4.093750000 8.500000000
vt 4.093750000 9.000000000
vt 4.109375000 8.000000000
vt 4.109375000 8.500000000
vt 4.109375000 9.000000000
vt 4.125000000 8.000000000
vt 4.125000000 8.500000000
vt 4.125000000 9.000000000
vt 4.140625000 8.000000000
vt 4.140625000 8.500000000
vt 4.140625000 9.000000000
vt 4.156250000 8.000000000
vt 4.156250000 8.500000000
vt 4.156250000 9.000000000
vt 4.171875000 8.000000000
vt 4.171875000 8.500000000
vt 4.171875000 9.000000000
vt 4.187500000 8.000000000
vt 4.187500000 8.500000000
vt 4.187500000 9.000000000
vt 4.203125000 8.000000000
vt 4.203125000 8.500000000
vt 4.203125000 9.000000000
vt 4.218750000 8.000000000
vt 4.218750000 8.500000000
vt 4.218750000 9.000000000
vt 4.234375000 8.000000000
vt 4.234375000 8.500000000
vt 4.234375000 9.000000000
vt 4.250000000 8.000000000
vt 4.250000000 8.500000000
vt 4.250000000 9.000000000
vt 4.265625000 8.000000000
vt 4.265625000 8.500000000
vt 4.265625000 9.000000000
vt 4.281250000 8.000000000
vt 4.281250000 8.500000000
vt 4.281250000 9.000000000
vt 4.296875000 8.000000000
vt 4.296875000 8.500000000
vt 4.296875000 9.000000000
vt 4.312500000 8.000000000
vt 4.312500000 8.500000000
vt 4.312500000 9.000000000
vt 4.328125000 8.000000000
vt 4.328125000 8.500000000
vt 4.328125000 9.000000000
vt 4.343750000 8.000000000
vt 4.343750000 8.500000000
vt 4.343750000 9.000000000
vt 4.359375000 8.000000000
vt 4.359375000 8.500000000
vt 4.359375000 9.000000000
vt 4.375000000 8.000000000
vt 4.375000000 8.500000000
vt 4.375000000 9.000000000
vt 4.390625000 8.000000000
vt 4.390625000 8.500000000
vt 4.390625000 9.000000000
vt 4.406250000 8.000000000
vt 4.406250000 8.500000000
vt 4.406250000 9.000000000
vt 4.421875000 8.000000000
vt 4.421875000 8.500000000
vt 4.421875000 9.000000000
vt 4.437500000 8.000000000
vt 4.437500000 8.500000000
vt 4.437500000 9.000000000
vt 4.453125000 8.000000000
vt 4.453125000 8.500000000
vt 4.453125000 9.000000000
vt 4.468750000 8.000000000
vt 4.468750000 8.500000000
vt 4.468750000 9.000000000
vt 4.484375000 8.000000000
vt 4.484375000 8.500000000
vt 4.484375000 9.000000000
vt 4.500000000 8.000000000
vt 4.500000000 8.500000000
vt 4.500000000 9.000000000
vt 4.515625000 8.000000000
vt 4.515625000 8.500000000
vt 4.515625000 9.000000000
vt 4.531250000 8.000000000
vt 4.531250000 8.500000000
vt 4.531250000 9.000000000
vt 4.546875000 8.000000000
vt 4.546875000 8.500000000
vt 4.546875000 9.000000000
vt 4.562500000 8.000000000
vt 4.562500000 8.500000000
vt 4.562500000 9.000000000
vt 4.578125000 8.000000000
vt 4.578125000 8.500000000
vt 4.578125000 9.000000000
vt 4.593750000 8.000000000
vt 4.593750000 8.500000000
vt 4.593750000 9.000000000
vt 4.609375000 8.000000000
vt 4.609375000 8.500000000
vt 4.609375000 9.000000000
vt 4.625000000 8.000000000
vt 4.625000000 8.500000000
vt 4.625000000 9.000000000
vt 4.640625000 8.000000000
vt 4.640625000 8.500000000
vt 4.640625000 9.000000000
vt 4.656250000 8.000000000
vt 4.656250000 8.500000000
vt 4.656250000 9.000000000
vt 4.671875000 8.000000000
vt 4.671875000 8.500000000
vt 4.671875000 9.000000000
vt 4.687500000 8.000000000
vt 4.687500000 8.500000000
vt 4.687500000 9.000000000
vt 4.703125000 8.000000000
vt 4.703125000 8.500000000
vt 4.703125000 9.000000000
vt 4.718750000 8.000000000
vt 4.718750000 8.500000000
vt 4.718750000 9.000000000
vt 4.734375000 8.000000000
vt 4.734375000 8.500000000
vt 4.734375000 9.000000000
vt 4.750000000 8.000000000
vt 4.750000000 8.500000000
vt 4.750000000 9.000000000
vt 4.765625000 8.000000000
vt 4.765625000 8.500000000
vt 4.765625000 9.000000000
vt 4.781250000 8.000000000
vt 4.781250000 8.500000000
vt 4.781250000 9.000000000
vt 4.796875000 8.000000000
vt 4.796875000 8.500000000
vt 4.796875000 9.000000000
vt 4.812500000 8.000000000
vt 4.812500000 8.500000000
vt 4.812500000 9.000000000
vt 4.828125000 8.000000000
vt 4.828125000 8.500000000
vt 4.828125000 9.000000000
vt 4.843750000 8.000000000
vt 4.843750000 8.500000000
vt 4.843750000 9.000000000
vt 4.859375000 8.000000000
vt 4.859375000 8.500000000
vt 4.859375000 9.000000000
vt 4.875000000 8.000000000
vt 4.875000000 8.500000000
vt 4.875000000 9.000000000
vt 4.890625000 8.000000000
vt 4.890625000 8.500000000
vt 4.890625000 9.000000000
vt 4.906250000 8.000000000
vt 4.906250000 8.500000000
vt 4.906250000 9.000000000
vt 4.921875000 8.000000000
vt 4.921875000 8.500000000
vt 4.921875000 9.000000000
vt 4.937500000 8.000000000
vt 4.937500000 8.500000000
vt 4.937500000 9.000000000
vt 4.953125000 8.000000000
vt 4.953125000 8.500000000
vt 4.953125000 9.000000000
vt 4.968750000 8.000000000
vt 4.968750000 8.500000000
vt 4.968750000 9.000000000
vt 4.984375000 8.000000000
vt 4.984375000 8.500000000
vt 4.984375000 9.000000000
vt 5.000000000 8.000000000
vt 5.000000000 8.500000000
vt 5.000000000 9.000000000
vt 4.000000000 12.000000000
vt 4.000000000 12.500000000
vt 4.000000000 13.000000000
vt 4.015625000 12.000000000
vt 4.015625000 12.500000000
vt 4.015625000 13.000000000
vt 4.031250000 12.000000000
vt 4.031250000 12.500000000
vt 4.031250000 13.000000000
vt 4.046875000 12.000000000
vt 4.046875000 12.500000000
vt 4.046875000 13.000000000
vt 4.062500000 12.000000000
vt 4.062500000 12.500000000
vt 4.062500000 13.000000000
vt 4.078125000 12.000000000
vt 4.078125000 12.500000000
vt 4.078125000 13.000000000
vt 4.093750000 12.000000000
vt 4.093750000 12.500000000
vt 4.093750000 13.000000000
vt 4.109375000 12.000000000
vt 4.109375000 12.500000000
vt 4.109375000 13.000000000
vt 4.125000000 12.000000000
vt 4.125000000 12.500000000
vt 4.125000000 13.000000000
vt 4.140625000 12.000000000
vt 4.140625000 12.500000000
vt 4.140625000 13.000000000
vt 4.156250000 12.000000000
vt 4.156250000 12.500000000
vt 4.156250000 13.000000000
vt 4.171875000 12.000000000
vt 4.171875000 12.500000000
vt 4.171875000 13.000000000
vt 4.187500000 12.000000000
vt 4.187500000 12.500000000
vt 4.187500000 13.000000000
vt 4.203125000 12.000000000
vt 4.203125000 12.500000000
vt 4.203125000 13.000000000
vt 4.218750000 12.000000000
vt 4.218750000 12.500000000
vt 4.218750000 13.000000000
vt 4.234375000 12.000000000
vt 4.234375000 12.500000000
vt 4.234375000 13.000000000
vt 4.250000000 12.000000000
vt 4.250000000 12.500000000
vt 4.250000000 13.000000000
vt 4.265625000 12.000000000
vt 4.265625000 12.500000000
vt 4.265625000 13.000000000
vt 4.281250000 12.000000000
vt 4.281250000 12.500000000
vt 4.281250000 13.000000000
vt 4.296875000 12.000000000
vt 4.296875000 12.500000000
vt 4.296875000 13.000000000
vt 4.312500000 12.000000000
vt 4.312500000 12.500000000
vt 4.312500000 13.000000000
vt 4.328125000 12.000000000
vt 4.328125000 12.500000000
vt 4.328125000 13.000000000
vt 4.343750000 12.000000000
vt 4.343750000 12.500000000
vt 4.343750000 13.000000000
vt 4.359375000 12.000000000
vt 4.359375000 12.500000000
vt 4.359375000 13.000000000
vt 4.375000000 12.000000000
vt 4.375000000 12.500000000
vt 4.375000000 13.000000000
vt 4.390625000 12.000000000
vt 4.390625000 12.500000000
vt 4.390625000 13.000000000
vt 4.406250000 12.000000000
vt 4.406250000 12.500000000
vt 4.406250000 13.000000000
vt 4.421875000 12.000000000
vt 4.421875000 12.500000000
vt 4.421875000 13.000000000
vt 4.437500000 12.000000000
vt 4.437500000 12.500000000
vt 4.437500000 13.000000000
vt 4.453125000 12.000000000
vt 4.453125000 12.500000000
vt 4.453125000 13.000000000
vt 4.468750000 12.000000000
vt 4.468750000 12.500000000
vt 4.468750000 13.000000000
vt 4.484375000 12.000000000
vt 4.484375000 12.500000000
vt 4.484375000 13.000000000
vt 4.500000000 12.000000000
vt 4.500000000 12.500000000
vt 4.500000000 13.000000000
vt 4.515625000 12.000000000
vt 4.515625000 12.500000000
vt 4.515625000 13.000000000
vt 4.531250000 12.000000000
vt 4.531250000 12.500000000
vt 4.531250000 13.000000000
vt 4.546875000 12.000000000
vt 4.546875000 12.500000000
vt 4.546875000 13.000000000
vt 4.562500000 12.000000000
vt 4.562500000 12.500000000
vt 4.562500000 13.000000000
vt 4.578125000 12.000000000
vt 4.578125000 12.500000000
vt 4.578125000 13.000000000
vt 4.593750000 12.000000000
vt 4.593750000 12.500000000
vt 4.593750000 13.000000000
vt 4.609375000 12.000000000
vt 4.609375000 12.500000000
vt 4.609375000 13.000000000
vt 4.625000000 12.000000000
vt 4.625000000 12.500000000
vt 4.625000000 13.000000000
vt 4.640625000 12.000000000
vt 4.640625000 12.500000000
vt 4.640625000 13.000000000
vt 4.656250000 12.000000000
vt 4.656250000 12.500000000
vt 4.656250000 13.000000000
vt 4.671875000 12.000000000
vt 4.671875000 12.500000000
vt 4.671875000 13.000000000
vt 4.687500000 12.000000000
vt 4.687500000 12.500000000
vt 4.687500000 13.000000000
vt 4.703125000 12.000000000
vt 4.703125000 12.500000000
vt 4.703125000 13.000000000
vt 4.718750000 12.000000000
vt 4.718750000 12.500000000
vt 4.718750000 13.000000000
vt 4.734375000 12.000000000
vt 4.734375000 12.500000000
vt 4.734375000 13.000000000
vt 4.750000000 12.000000000
vt 4.750000000 12.500000000
vt 4.750000000 13.000000000
vt 4.765625000 12.000000000
vt 4.765625000 12.500000000
vt 4.765625000 13.000000000
vt 4.781250000 12.000000000
vt 4.781250000 12.500000000
vt 4.781250000 13.000000000
vt 4.796875000 12.000000000
vt 4.796875000 12.500000000
vt 4.796875000 13.000000000
vt 4.812500000 12.000000000
vt 4.812500000 12.500000000
vt 4.812500000 13.000000000
vt 4.828125000 12.000000000
vt 4.828125000 12.500000000
vt 4.828125000 13.000000000
vt 4.843750000 12.000000000
vt 4.843750000 12.500000000
vt 4.843750000 13.000000000
vt 4.859375000 12.000000000
vt 4.859375000 12.500000000
vt 4.859375000 13.000000000
vt 4.875000000 12.000000000
vt 4.875000000 12.500000000
vt 4.875000000 13.000000000
vt 4.890625000 12.000000000
vt 4.890625000 12.500000000
vt 4.890625000 13.000000000
vt 4.906250000 12.000000000
vt 4.906250000 12.500000000
vt 4.906250000 13.000000000
vt 4.921875000 12.000000000
vt 4.921875000 12.500000000
vt 4.921875000 13.000000000
vt 4.937500000 12.000000000
vt 4.937500000 12.500000000
vt 4.937500000 13.000000000
vt 4.953125000 12.000000000
vt 4.953125000 12.500000000
vt 4.953125000 13.000000000
vt 4.968750000 12.000000000
vt 4.968750000 12.500000000
vt 4.968750000 13.000000000
vt 4.984375000 12.000000000
vt 4.984375000 12.500000000
vt 4.984375000 13.000000000
vt 5.000000000 12.000000000
vt 5.000000000 12.500000000
vt 5.000000000 13.000000000
vt 4.000000000 12.000000000
vt 4.000000000 12.500000000
vt 4.000000000 13.000000000
vt 4.015625000 12.000000000
vt 4.015625000 12.500000000
vt 4.015625000 13.000000000
vt 4.031250000 12.000000000
vt 4.031250000 12.500000000
vt 4.031250000 13.000000000
vt 4.046875000 12.000000000
vt 4.046875000 12.500000000
vt 4.046875000 13.000000000
vt 4.062500000 12.000000000
vt 4.062500000 12.500000000
vt 4.062500000 13.000000000
vt 4.078125000 12.000000000
vt 4.078125000 12.500000000
vt 4.078125000 13.000000000
vt 4.093750000 12.000000000
vt 4.093750000 12.500000000
vt 4.093750000 13.000000000
vt 4.109375000 12.000000000
vt 4.109375000 12.500000000
vt 4.109375000 13.000000000
vt 4.125000000 12.000000000
vt 4.125000000 12.500000000
vt 4.125000000 13.000000000
vt 4.140625000 12.000000000
vt 4.140625000 12.500000000
vt 4.140625000 13.000000000
vt 4.156250000 12.000000000
vt 4.156250000 12.500000000
vt 4.156250000 13.000000000
vt 4.171875000 12.000000000
vt 4.171875000 12.500000000
vt 4.171875000 13.000000000
vt 4.187500000 12.000000000
vt 4.187500000 12.500000000
vt 4.187500000 13.000000000
vt 4.203125000 12.000000000
vt 4.203125000 12.500000000
vt 4.203125000 13.000000000
vt 4.218750000 12.000000000
vt 4.218750000 12.500000000
vt 4.218750000 13.000000000
vt 4.234375000 12.000000000
vt 4.234375000 12.500000000
vt 4.234375000 13.000000000
vt 4.250000000 12.000000000
vt 4.250000000 12.500000000
vt 4.250000000 13.000000000
vt 4.265625000 12.000000000
vt 4.265625000 12.500000000
vt 4.265625000 13.000000000
vt 4.281250000 12.000000000
vt 4.281250000 12.500000000
vt 4.281250000 13.000000000
vt 4.296875000 12.000000000
vt 4.296875000 12.500000000
vt 4.296875000 13.000000000
vt 4.312500000 12.000000000
vt 4.312500000 12.500000000
vt 4.312500000 13.000000000
vt 4.328125000 12.000000000
vt 4.328125000 12.500000000
vt 4.328125000 13.000000000
vt 4.343750000 12.000000000
vt 4.343750000 12.500000000
vt 4.343750000 13.000000000
vt 4.359375000 12.000000000
vt 4.359375000 12.500000000
vt 4.359375000 13.000000000
vt 4.375000000 12.000000000
vt 4.375000000 12.500000000
vt 4.375000000 13.000000000
vt 4.390625000 12.000000000
vt 4.390625000 12.500000000
vt 4.390625000 13.000000000
vt 4.406250000 12.000000000
vt 4.406250000 12.500000000
vt 4.406250000 13.000000000
vt 4.421875000 12.000000000
vt 4.421875000 12.500000000
vt 4.421875000 13.000000000
vt 4.437500000 12.000000000
vt 4.437500000 12.500000000
vt 4.437500000 13.000000000
vt 4.453125000 12.000000000
vt 4.453125000 12.500000000
vt 4.453125000 13.000000000
vt 4.468750000 12.000000000
vt 4.468750000 12.500000000
vt 4.468750000 13.000000000
vt 4.484375000 12.000000000
vt 4.484375000 12.500000000
vt 4.484375000 13.000000000
vt 4.500000000 12.000000000
vt 4.500000000 12.500000000
vt 4.500000000 13.000000000
vt 4.515625000 12.000000000
vt 4.515625000 12.500000000
vt 4.515625000 13.000000000
vt 4.531250000 12.000000000
vt 4.531250000 12.500000000
vt 4.531250000 13.000000000
vt 4.546875000 12.000000000
vt 4.546875000 12.500000000
vt 4.546875000 13.000000000
vt 4.562500000 12.000000000
vt 4.562500000 12.500000000
vt 4.562500000 13.000000000
vt 4.578125000 12.000000000
vt 4.578125000 12.500000000
vt 4.578125000 13.000000000
vt 4.593750000 12.000000000
vt 4.593750000 12.500000000
vt 4.593750000 13.000000000
vt 4.609375000 12.000000000
vt 4.609375000 12.500000000
vt 4.609375000 13.000000000
vt 4.625000000 12.000000000
vt 4.625000000 12.500000000
vt 4.625000000 13.000000000
vt 4.640625000 12.000000000
vt 4.640625000 12.500000000
vt 4.640625000 13.000000000
vt 4.656250000 12.000000000
vt 4.656250000 12.500000000
vt 4.656250000 13.000000000
vt 4.671875000 12.000000000
vt 4.671875000 12.500000000
vt 4.671875000 13.000000000
vt 4.687500000 12.000000000
vt 4.687500000 12.500000000
vt 4.687500000 13.000000000
vt 4.703125000 12.000000000
vt 4.703125000 12.500000000
vt 4.703125000 13.000000000
vt 4.718750000 12.000000000
vt 4.718750000 12.500000000
vt 4.718750000 13.000000000
vt 4.734375000 12.000000000
vt 4.734375000 12.500000000
vt 4.734375000 13.000000000
vt 4.750000000 12.000000000
vt 4.750000000 12.500000000
vt 4.750000000 13.000000000
vt 4.765625000 12.000000000
vt 4.765625000 12.500000000
vt 4.765625000 13.000000000
vt 4.781250000 12.000000000
vt 4.781250000 12.500000000
vt 4.781250000 13.000000000
vt 4.796875000 12.000000000
vt 4.796875000 12.500000000
vt 4.796875000 13.000000000
vt 4.812500000 12.000000000
vt 4.812500000 12.500000000
vt 4.812500000 13.000000000
vt 4.828125000 12.000000000
vt 4.828125000 12.500000000
vt 4.828125000 13.000000000
vt 4.843750000 12.000000000
vt 4.843750000 12.500000000
vt 4.843750000 13.000000000
vt 4.859375000 12.000000000
vt 4.859375000 12.500000000
vt 4.859375000 13.000000000
vt 4.875000000 12.000000000
vt 4.875000000 12.500000000
vt 4.875000000 13.000000000
vt 4.890625000 12.000000000
vt 4.890625000 12.500000000
vt 4.890625000 13.000000000
vt 4.906250000 12.000000000
vt 4.906250000 12.500000000
vt 4.906250000 13.000000000
vt 4.921875000 12.000000000
vt 4.921875000 12.500000000
vt 4.921875000 13.000000000
vt 4.937500000 12.000000000
vt 4.937500000 12.500000000
vt 4.937500000 13.000000000
vt 4.953125000 12.000000000
vt 4.953125000 12.500000000
vt 4.953125000 13.000000000
vt 4.968750000 12.000000000
vt 4.968750000 12.500000000
vt 4.968750000 13.000000000
vt 4.984375000 12.000000000
vt 4.984375000 12.500000000
vt 4.984375000 13.000000000
vt 5.000000000 12.000000000
vt 5.000000000 12.500000000
vt 5.000000000 13.000000000
vt 4.000000000 16.000000000
vt 4.000000000 16.500000000
vt 4.000000000 17.000000000
vt 4.015625000 16.000000000
vt 4.015625000 16.500000000
vt 4.015625000 17.000000000
vt 4.031250000 16.000000000
vt 4.031250000 16.500000000
vt 4.031250000 17.000000000
vt 4.046875000 16.000000000
vt 4.046875000 16.500000000
vt 4.046875000 17.000000000
vt 4.062500000 16.000000000
vt 4.062500000 16.500000000
vt 4.062500000 17.000000000
vt 4.078125000 16.000000000
vt 4.078125000 16.500000000
vt 4.078125000 17.000000000
vt 4.093750000 16.000000000
vt 4.093750000 16.500000000
vt 4.093750000 17.000000000
vt 4.109375000 16.000000000
vt 4.109375000 16.500000000
vt 4.109375000 17.000000000
vt 4.125000000 16.000000000
vt 4.125000000 16.500000000
vt 4.125000000 17.000000000
vt 4.140625000 16.000000000
vt 4.140625000 16.500000000
vt 4.140625000 17.000000000
vt 4.156250000 16.000000000
vt 4.156250000 16.500000000
vt 4.156250000 17.000000000
vt 4.171875000 16.000000000
vt 4.171875000 16.500000000
vt 4.171875000 17.000000000
vt 4.187500000 16.000000000
vt 4.187500000 16.500000000
vt 4.187500000 17.000000000
vt 4.203125000 16.000000000
vt 4.203125000 16.500000000
vt 4.203125000 17.000000000
vt 4.218750000 16.000000000
vt 4.218750000 16.500000000
vt 4.218750000 17.000000000
vt 4.234375000 16.000000000
vt 4.234375000 16.500000000
vt 4.234375000 17.000000000
vt 4.250000000 16.000000000
vt 4.250000000 16.500000000
vt 4.250000000 17.000000000
vt 4.265625000 16.000000000
vt 4.265625000 16.500000000
vt 4.265625000 17.000000000
vt 4.281250000 16.000000000
vt 4.281250000 16.500000000
vt 4.281250000 17.000000000
vt 4.296875000 16.000000000
vt 4.296875000 16.500000000
vt 4.296875000 17.000000000
vt 4.312500000 16.000000000
vt 4.312500000 16.500000000
vt 4.312500000 17.000000000
vt 4.328125000 16.000000000
vt 4.328125000 16.500000000
vt 4.328125000 17.000000000
vt 4.343750000 16.000000000
vt 4.343750000 16.500000000
vt 4.343750000 17.000000000
vt 4.359375000 16.000000000
vt 4.359375000 16.500000000
vt 4.359375000 17.000000000
vt 4.375000000 16.000000000
vt 4.375000000 16.500000000
vt 4.375000000 17.000000000
vt 4.390625000 16.000000000
vt 4.390625000 16.500000000
vt 4.390625000 17.000000000
vt 4.406250000 16.000000000
vt 4.406250000 16.500000000
vt 4.406250000 17.000000000
vt 4.421875000 16.000000000
vt 4.421875000 16.500000000
vt 4.421875000 17.000000000
vt 4.437500000 16.000000000
vt 4.437500000 16.500000000
vt 4.437500000 17.000000000
vt 4.453125000 16.000000000
vt 4.453125000 16.500000000
vt 4.453125000 17.000000000
vt 4.468750000 16.000000000
vt 4.468750000 16.500000000
vt 4.468750000 17.000000000
vt 4.484375000 16.000000000
vt 4.484375000 16.500000000
vt 4.484375000 17.000000000
vt 4.500000000 16.000000000
vt 4.500000000 16.500000000
vt 4.500000000 17.000000000
vt 4.515625000 16.000000000
vt 4.515625000 16.500000000
vt 4.515625000 17.000000000
vt 4.531250000 16.000000000
vt 4.531250000 16.500000000
vt 4.531250000 17.000000000
vt 4.546875000 16.000000000
vt 4.546875000 16.500000000
vt 4.546875000 17.000000000
vt 4.562500000 16.000000000
vt 4.562500000 16.500000000
vt 4.562500000 17.000000000
vt 4.578125000 16.000000000
vt 4.578125000 16.500000000
vt 4.578125000 17.000000000
vt 4.593750000 16.000000000
vt 4.593750000 16.500000000
vt 4.593750000 17.000000000
vt 4.609375000 16.000000000
vt 4.609375000 16.500000000
vt 4.609375000 17.000000000
vt 4.625000000 16.000000000
vt 4.625000000 16.500000000
vt 4.625000000 17.000000000
vt 4.640625000 16.000000000
vt 4.640625000 16.500000000
vt 4.640625000 17.000000000
vt 4.656250000 16.000000000
vt 4.656250000 16.500000000
vt 4.656250000 17.000000000
vt 4.671875000 16.000000000
vt 4.671875000 16.500000000
vt 4.671875000 17.000000000
vt 4.687500000 16.000000000
vt 4.687500000 16.500000000
vt 4.687500000 17.000000000
vt 4.703125000 16.000000000
vt 4.703125000 16.500000000
vt 4.703125000 17.000000000
vt 4.718750000 16.000000000
vt 4.718750000 16.500000000
vt 4.718750000 17.000000000
vt 4.734375000 16.000000000
vt 4.734375000 16.500000000
vt 4.734375000 17.000000000
vt 4.750000000 16.000000000
vt 4.750000000 16.500000000
vt 4.750000000 17.000000000
vt 4.765625000 16.000000000
vt 4.765625000 16.500000000
vt 4.765625000 17.000000000
vt 4.781250000 16.000000000
vt 4.781250000 16.500000000
vt 4.781250000 17.000000000
vt 4.796875000 16.000000000
vt 4.796875000 16.500000000
vt 4.796875000 17.000000000
vt 4.812500000 16.000000000
vt 4.812500000 16.500000000
vt 4.812500000 17.000000000
vt 4.828125000 16.000000000
vt 4.828125000 16.500000000
vt 4.828125000 17.000000000
vt 4.843750000 16.000000000
vt 4.843750000 16.500000000
vt 4.843750000 17.000000000
vt 4.859375000 16.000000000
vt 4.859375000 16.500000000
vt 4.859375000 17.000000000
vt 4.875000000 16.000000000
vt 4.875000000 16.500000000
vt 4.875000000 17.000000000
vt 4.890625000 16.000000000
vt 4.890625000 16.500000000
vt 4.890625000 17.000000000
vt 4.906250000 16.000000000
vt 4.906250000 16.500000000
vt 4.906250000 17.000000000
vt 4.921875000 16.000000000
vt 4.921875000 16.500000000
vt 4.921875000 17.000000000
vt 4.937500000 16.000000000
vt 4.937500000 16.500000000
vt 4.937500000 17.000000000
vt 4.953125000 16.000000000
vt 4.953125000 16.500000000
vt 4.953125000 17.000000000
vt 4.968750000 16.000000000
vt 4.968750000 16.500000000
vt 4.968750000 17.000000000
vt 4.984375000 16.000000000
vt 4.984375000 16.500000000
vt 4.984375000 17.000000000
vt 5.000000000 16.000000000
vt 5.000000000 16.500000000
vt 5.000000000 17.000000000
vt 4.000000000 16.000000000
vt 4.000000000 16.500000000
vt 4.000000000 17.000000000
vt 4.015625000 16.000000000
vt 4.015625000 16.500000000
vt 4.015625000 17.000000000
vt 4.031250000 16.000000000
vt 4.031250000 16.500000000
vt 4.031250000 17.000000000
vt 4.046875000 16.000000000
vt 4.046875000 16.500000000
vt 4.046875000 17.000000000
vt 4.062500000 16.000000000
vt 4.062500000 16.500000000
vt 4.062500000 17.000000000
vt 4.078125000 16.000000000
vt 4.078125000 16.500000000
vt 4.078125000 17.000000000
vt 4.093750000 16.000000000
vt 4.093750000 16.500000000
vt 4.093750000 17.000000000
vt 4.109375000 16.000000000
vt 4.109375000 16.500000000
vt 4.109375000 17.000000000
vt 4.125000000 16.000000000
vt 4.125000000 16.500000000
vt 4.125000000 17.000000000
vt 4.140625000 16.000000000
vt 4.140625000 16.500000000
vt 4.140625000 17.000000000
vt 4.156250000 16.000000000
vt 4.156250000 16.500000000
vt 4.156250000 17.000000000
vt 4.171875000 16.000000000
vt 4.171875000 16.500000000
vt 4.171875000 17.000000000
vt 4.187500000 16.000000000
vt 4.187500000 16.500000000
vt 4.187500000 17.000000000
vt 4.203125000 16.000000000
vt 4.203125000 16.500000000
vt 4.203125000 17.000000000
vt 4.218750000 16.000000000
vt 4.218750000 16.500000000
vt 4.218750000 17.000000000
vt 4.234375000 16.000000000
vt 4.234375000 16.500000000
vt 4.234375000 17.000000000
vt 4.250000000 16.000000000
vt 4.250000000 16.500000000
vt 4.250000000 17.000000000
vt 4.265625000 16.000000000
vt 4.265625000 16.500000000
vt 4.265625000 17.000000000
vt 4.281250000 16.000000000
vt 4.281250000 16.500000000
vt 4.281250000 17.000000000
vt 4.296875000 16.000000000
vt 4.296875000 16.500000000
vt 4.296875000 17.000000000
vt 4.312500000 16.000000000
vt 4.312500000 16.500000000
vt 4.312500000 17.000000000
vt 4.328125000 16.000000000
vt 4.328125000 16.500000000
vt 4.328125000 17.000000000
vt 4.343750000 16.000000000
vt 4.343750000 16.500000000
vt 4.343750000 17.000000000
vt 4.359375000 16.000000000
vt 4.359375000 16.500000000
vt 4.359375000 17.000000000
vt 4.375000000 16.000000000
vt 4.375000000 16.500000000
vt 4.375000000 17.000000000
vt 4.390625000 16.000000000
vt 4.390625000 16.500000000
vt 4.390625000 17.000000000
vt 4.406250000 16.000000000
vt 4.406250000 16.500000000
vt 4.406250000 17.000000000
vt 4.421875000 16.000000000
vt 4.421875000 16.500000000
vt 4.421875000 17.000000000
vt 4.437500000 16.000000000
vt 4.437500000 16.500000000
vt 4.437500000 17.000000000
vt 4.453125000 16.000000000
vt 4.453125000 16.500000000
vt 4.453125000 17.000000000
vt 4.468750000 16.000000000
vt 4.468750000 16.500000000
vt 4.468750000 17.000000000
vt 4.484375000 16.000000000
vt 4.484375000 16.500000000
vt 4.484375000 17.000000000
vt 4.500000000 16.000000000
vt 4.500000000 16.500000000
vt 4.500000000 17.000000000
vt 4.515625000 16.000000000
vt 4.515625000 16.500000000
vt 4.515625000 17.000000000
vt 4.531250000 16.000000000
vt 4.531250000 16.500000000
vt 4.531250000 17.000000000
vt 4.546875000 16.000000000
vt 4.546875000 16.500000000
vt 4.546875000 17.000000000
vt 4.562500000 16.000000000
vt 4.562500000 16.500000000
vt 4.562500000 17.000000000
vt 4.578125000 16.000000000
vt 4.578125000 16.500000000
vt 4.578125000 17.000000000
vt 4.593750000 16.000000000
vt 4.593750000 16.500000000
vt 4.593750000 17.000000000
vt 4.609375000 16.000000000
vt 4.609375000 16.500000000
vt 4.609375000 17.000000000
vt 4.625000000 16.000000000
vt 4.625000000 16.500000000
vt 4.625000000 17.000000000
vt 4.640625000 16.000000000
vt 4.640625000 16.500000000
vt 4.640625000 17.000000000
vt 4.656250000 16.000000000
vt 4.656250000 16.500000000
vt 4.656250000 17.000000000
vt 4.671875000 16.000000000
vt 4.671875000 16.500000000
vt 4.671875000 17.000000000
vt 4.687500000 16.000000000
vt 4.687500000 16.500000000
vt 4.687500000 17.000000000
vt 4.703125000 16.000000000
vt 4.703125000 16.500000000
vt 4.703125000 17.000000000
vt 4.718750000 16.000000000
vt 4.718750000 16.500000000
vt 4.718750000 17.000000000
vt 4.734375000 16.000000000
vt 4.734375000 16.500000000
vt 4.734375000 17.000000000
vt 4.750000000 16.000000000
vt 4.750000000 16.500000000
vt 4.750000000 17.000000000
vt 4.765625000 16.000000000
vt 4.765625000 16.500000000
vt 4.765625000 17.000000000
vt 4.781250000 16.000000000
vt 4.781250000 16.500000000
vt 4.781250000 17.000000000
vt 4.796875000 16.000000000
vt 4.796875000 16.500000000
vt 4.796875000 17.000000000
vt 4.812500000 16.000000000
vt 4.812500000 16.500000000
vt 4.812500000 17.000000000
vt 4.828125000 16.000000000
vt 4.828125000 16.500000000
vt 4.828125000 17.000000000
vt 4.843750000 16.000000000
vt 4.843750000 16.500000000
vt 4.843750000 17.000000000
vt 4.859375000 16.000000000
vt 4.859375000 16.500000000
vt 4.859375000 17.000000000
vt 4.875000000 16.000000000
vt 4.875000000 16.500000000
vt 4.875000000 17.000000000
vt 4.890625000 16.000000000
vt 4.890625000 16.500000000
vt 4.890625000 17.000000000
vt 4.906250000 16.000000000
vt 4.906250000 16.500000000
vt 4.906250000 17.000000000
vt 4.921875000 16.000000000
vt 4.921875000 16.500000000
vt 4.921875000 17.000000000
vt 4.937500000 16.000000000
vt 4.937500000 16.500000000
vt 4.937500000 17.000000000
vt 4.953125000 16.000000000
vt 4.953125000 16.500000000
vt 4.953125000 17.000000000
vt 4.968750000 16.000000000
vt 4.968750000 16.500000000
vt 4.968750000 17.000000000
vt 4.984375000 16.000000000
vt 4.984375000 16.500000000
vt 4.984375000 17.000000000
vt 5.000000000 16.000000000
vt 5.000000000 16.500000000
vt 5.000000000 17.000000000
vt 4.000000000 20.000000000
vt 4.000000000 20.500000000
vt 4.000000000 21.000000000
vt 4.015625000 20.000000000
vt 4.015625000 20.500000000
vt 4.015625000 21.000000000
vt 4.031250000 20.000000000
vt 4.031250000 20.500000000
vt 4.031250000 21.000000000
vt 4.046875000 20.000000000
vt 4.046875000 20.500000000
vt 4.046875000 21.000000000
vt 4.062500000 20.000000000
vt 4.062500000 20.500000000
vt 4.062500000 21.000000000
vt 4.078125000 20.000000000
vt 4.078125000 20.500000000
vt 4.078125000 21.000000000
vt 4.093750000 20.000000000
vt 4.093750000 20.500000000
vt 4.093750000 21.000000000
vt 4.109375000 20.000000000
vt 4.109375000 20.500000000
vt 4.109375000 21.000000000
vt 4.125000000 20.000000000
vt 4.125000000 20.500000000
vt 4.125000000 21.000000000
vt 4.140625000 20.000000000
vt 4.140625000 20.500000000
vt 4.140625000 21.000000000
vt 4.156250000 20.000000000
vt 4.156250000 20.500000000
vt 4.156250000 21.000000000
vt 4.171875000 20.000000000
vt 4.171875000 20.500000000
vt 4.171875000 21.000000000
vt 4.187500000 20.000000000
vt 4.187500000 20.500000000
vt 4.187500000 21.000000000
vt 4.203125000 20.000000000
vt 4.203125000 20.500000000
vt 4.203125000 21.000000000
vt 4.218750000 20.000000000
vt 4.218750000 20.500000000
vt 4.218750000 21.000000000
vt 4.234375000 20.000000000
vt 4.234375000 20.500000000
vt 4.234375000 21.000000000
vt 4.250000000 20.000000000
vt 4.250000000 20.500000000
vt 4.250000000 21.000000000
vt 4.265625000 20.000000000
vt 4.265625000 20.500000000
vt 4.265625000 21.000000000
vt 4.281250000 20.000000000
vt 4.281250000 20.500000000
vt 4.281250000 21.000000000
vt 4.296875000 20.000000000
vt 4.296875000 20.500000000
vt 4.296875000 21.000000000
vt 4.312500000 20.000000000
vt 4.312500000 20.500000000
vt 4.312500000 21.000000000
vt 4.328125000 20.000000000
vt 4.328125000 20.500000000
vt 4.328125000 21.000000000
vt 4.343750000 20.000000000
vt 4.343750000 20.500000000
vt 4.343750000 21.000000000
vt 4.359375000 20.000000000
vt 4.359375000 20.500000000
vt 4.359375000 21.000000000
vt 4.375000000 20.000000000
vt 4.375000000 20.500000000
vt 4.375000000 21.000000000
vt 4.390625000 20.000000000
vt 4.390625000 20.500000000
vt 4.390625000 21.000000000
vt 4.406250000 20.000000000
vt 4.406250000 20.500000000
vt 4.406250000 21.000000000
vt 4.421875000 20.000000000
vt 4.421875000 20.500000000
vt 4.421875000 21.000000000
vt 4.437500000 20.000000000
vt 4.437500000 20.500000000
vt 4.437500000 21.000000000
vt 4.453125000 20.000000000
vt 4.453125000 20.500000000
vt 4.453125000 21.000000000
vt 4.468750000 20.000000000
vt 4.468750000 20.500000000
vt 4.468750000 21.000000000
vt 4.484375000 20.000000000
vt 4.484375000 20.500000000
vt 4.484375000 21.000000000
vt 4.500000000 20.000000000
vt 4.500000000 20.500000000
vt 4.500000000 21.000000000
vt 4.515625000 20.000000000
vt 4.515625000 20.500000000
vt 4.515625000 21.000000000
vt 4.531250000 20.000000000
vt 4.531250000 20.500000000
vt 4.531250000 21.000000000
vt 4.546875000 20.000000000
vt 4.546875000 20.500000000
vt 4.546875000 21.000000000
vt 4.562500000 20.000000000
vt 4.562500000 20.500000000
vt 4.562500000 21.000000000
vt 4.578125000 20.000000000
vt 4.578125000 20.500000000
vt 4.578125000 21.000000000
vt 4.593750000 20.000000000
vt 4.593750000 20.500000000
vt 4.593750000 21.000000000
vt 4.609375000 20.000000000
vt 4.609375000 20.500000000
vt 4.609375000 21.000000000
vt 4.625000000 20.000000000
vt 4.625000000 20.500000000
vt 4.625000000 21.000000000
vt 4.640625000 20.000000000
vt 4.640625000 20.500000000
vt 4.640625000 21.000000000
vt 4.656250000 20.000000000
vt 4.656250000 20.500000000
vt 4.656250000 21.000000000
vt 4.671875000 20.000000000
vt 4.671875000 20.500000000
vt 4.671875000 21.000000000
vt 4.687500000 20.000000000
vt 4.687500000 20.500000000
vt 4.687500000 21.000000000
vt 4.703125000 20.000000000
vt 4.703125000 20.500000000
vt 4.703125000 21.000000000
vt 4.718750000 20.000000000
vt 4.718750000 20.500000000
vt 4.718750000 21.000000000
vt 4.734375000 20.000000000
vt 4.734375000 20.500000000
vt 4.734375000 21.000000000
vt 4.750000000 20.000000000
vt 4.750000000 20.500000000
vt 4.750000000 21.000000000
vt 4.765625000 20.000000000
vt 4.765625000 20.500000000
vt 4.765625000 21.000000000
vt 4.781250000 20.000000000
vt 4.781250000 20.500000000
vt 4.781250000 21.000000000
vt 4.796875000 20.000000000
vt 4.796875000 20.500000000
vt 4.796875000 21.000000000
vt 4.812500000 20.000000000
vt 4.812500000 20.500000000
vt 4.812500000 21.000000000
vt 4.828125000 20.000000000
vt 4.828125000 20.500000000
vt 4.828125000 21.000000000
vt 4.843750000 20.000000000
vt 4.843750000 20.500000000
vt 4.843750000 21.000000000
vt 4.859375000 20.000000000
vt 4.859375000 20.500000000
vt 4.859375000 21.000000000
vt 4.875000000 20.000000000
vt 4.875000000 20.500000000
vt 4.875000000 21.000000000
vt 4.890625000 20.000000000
vt 4.890625000 20.500000000
vt 4.890625000 21.000000000
vt 4.906250000 20.000000000
vt 4.906250000 20.500000000
vt 4.906250000 21.000000000
vt 4.921875000 20.000000000
vt 4.921875000 20.500000000
vt 4.921875000 21.000000000
vt 4.937500000 20.000000000
vt 4.937500000 20.500000000
vt 4.937500000 21.000000000
vt 4.953125000 20.000000000
vt 4.953125000 20.500000000
vt 4.953125000 21.000000000
vt 4.968750000 20.000000000
vt 4.968750000 20.500000000
vt 4.968750000 21.000000000
vt 4.984375000 20.000000000
vt 4.984375000 20.500000000
vt 4.984375000 21.000000000
vt 5.000000000 20.000000000
vt 5.000000000 20.500000000
vt 5.000000000 21.000000000
vt 4.000000000 20.000000000
vt 4.000000000 20.500000000
vt 4.000000000 21.000000000
vt 4.015625000 20.000000000
vt 4.015625000 20.500000000
vt 4.015625000 21.000000000
vt 4.031250000 20.000000000
vt 4.031250000 20.500000000
vt 4.031250000 21.000000000
vt 4.046875000 20.000000000
vt 4.046875000 20.500000000
vt 4.046875000 21.000000000
vt 4.062500000 20.000000000
vt 4.062500000 20.500000000
vt 4.062500000 21.000000000
vt 4.078125000 20.000000000
vt 4.078125000 20.500000000
vt 4.078125000 21.000000000
vt 4.093750000 20.000000000
vt 4.093750000 20.500000000
vt 4.093750000 21.000000000
vt 4.109375000 20.000000000
vt 4.109375000 20.500000000
vt 4.109375000 21.000000000
vt 4.125000000 20.000000000
vt 4.125000000 20.500000000
vt 4.125000000 21.000000000
vt 4.140625000 20.000000000
vt 4.140625000 20.500000000
vt 4.140625000 21.000000000
vt 4.156250000 20.000000000
vt 4.156250000 20.500000000
vt 4.156250000 21.000000000
vt 4.171875000 20.000000000
vt 4.171875000 20.500000000
vt 4.171875000 21.000000000
vt 4.187500000 20.000000000
vt 4.187500000 20.500000000
vt 4.187500000 21.000000000
vt 4.203125000 20.000000000
vt 4.203125000 20.500000000
vt 4.203125000 21.000000000
vt 4.218750000 20.000000000
vt 4.218750000 20.500000000
vt 4.218750000 21.000000000
vt 4.234375000 20.000000000
vt 4.234375000 20.500000000
vt 4.234375000 21.000000000
vt 4.250000000 20.000000000
vt 4.250000000 20.500000000
vt 4.250000000 21.000000000
vt 4.265625000 20.000000000
vt 4.265625000 20.500000000
vt 4.265625000 21.000000000
vt 4.281250000 20.000000000
vt 4.281250000 20.500000000
vt 4.281250000 21.000000000
vt 4.296875000 20.000000000
vt 4.296875000 20.500000000
vt 4.296875000 21.000000000
vt 4.312500000 20.000000000
vt 4.312500000 20.500000000
vt 4.312500000 21.000000000
vt 4.328125000 20.000000000
vt 4.328125000 20.500000000
vt 4.328125000 21.000000000
vt 4.343750000 20.000000000
vt 4.343750000 20.500000000
vt 4.343750000 21.000000000
vt 4.359375000 20.000000000
vt 4.359375000 20.500000000
vt 4.359375000 21.000000000
vt 4.375000000 20.000000000
vt 4.375000000 20.500000000
vt 4.375000000 21.000000000
vt 4.390625000 20.000000000
vt 4.390625000 20.500000000
vt 4.390625000 21.000000000
vt 4.406250000 20.000000000
vt 4.406250000 20.500000000
vt 4.406250000 21.000000000
vt 4.421875000 20.000000000
vt 4.421875000 20.500000000
vt 4.421875000 21.000000000
vt 4.437500000 20.000000000
vt 4.437500000 20.500000000
vt 4.437500000 21.000000000
vt 4.453125000 20.000000000
vt 4.453125000 20.500000000
vt 4.453125000 21.000000000
vt 4.468750000 20.000000000
vt 4.468750000 20.500000000
vt 4.468750000 21.000000000
vt 4.484375000 20.000000000
vt 4.484375000 20.500000000
vt 4.484375000 21.000000000
vt 4.500000000 20.000000000
vt 4.500000000 20.500000000
vt 4.500000000 21.000000000
vt 4.515625000 20.000000000
vt 4.515625000 20.500000000
vt 4.515625000 21.000000000
vt 4.531250000 20.000000000
vt 4.531250000 20.500000000
vt 4.531250000 21.000000000
vt 4.546875000 20.000000000
vt 4.546875000 20.500000000
vt 4.546875000 21.000000000
vt 4.562500000 20.000000000
vt 4.562500000 20.500000000
vt 4.562500000 21.000000000
vt 4.578125000 20.000000000
vt 4.578125000 20.500000000
vt 4.578125000 21.000000000
vt 4.593750000 20.000000000
vt 4.593750000 20.500000000
vt 4.593750000 21.000000000
vt 4.609375000 20.000000000
vt 4.609375000 20.500000000
vt 4.609375000 21.000000000
vt 4.625000000 20.000000000
vt 4.625000000 20.500000000
vt 4.625000000 21.000000000
vt 4.640625000 20.000000000
vt 4.640625000 20.500000000
vt 4.640625000 21.000000000
vt 4.656250000 20.000000000
vt 4.656250000 20.500000000
vt 4.656250000 21.000000000
vt 4.671875000 20.000000000
vt 4.671875000 20.500000000
vt 4.671875000 21.000000000
vt 4.687500000 20.000000000
vt 4.687500000 20.500000000
vt 4.687500000 21.000000000
vt 4.703125000 20.000000000
vt 4.703125000 20.500000000
vt 4.703125000 21.000000000
vt 4.718750000 20.000000000
vt 4.718750000 20.500000000
vt 4.718750000 21.000000000
vt 4.734375000 20.000000000
vt 4.734375000 20.500000000
vt 4.734375000 21.000000000
vt 4.750000000 20.000000000
vt 4.750000000 20.500000000
vt 4.750000000 21.000000000
vt 4.765625000 20.000000000
vt 4.765625000 20.500000000
vt 4.765625000 21.000000000
vt 4.781250000 20.000000000
vt 4.781250000 20.500000000
vt 4.781250000 21.000000000
vt 4.796875000 20.000000000
vt 4.796875000 20.500000000
vt 4.796875000 21.000000000
vt 4.812500000 20.000000000
vt 4.812500000 20.500000000
vt 4.812500000 21.000000000
vt 4.828125000 20.000000000
vt 4.828125000 20.500000000
vt 4.828125000 21.000000000
vt 4.843750000 20.000000000
vt 4.843750000 20.500000000
vt 4.843750000 21.000000000
vt 4.859375000 20.000000000
vt 4.859375000 20.500000000
vt 4.859375000 21.000000000
vt 4.875000000 20.000000000
vt 4.875000000 20.500000000
vt 4.875000000 21.000000000
vt 4.890625000 20.000000000
vt 4.890625000 20.500000000
vt 4.890625000 21.000000000
vt 4.906250000 20.000000000
vt 4.906250000 20.500000000
vt 4.906250000 21.000000000
vt 4.921875000 20.000000000
vt 4.921875000 20.500000000
vt 4.921875000 21.000000000
vt 4.937500000 20.000000000
vt 4.937500000 20.500000000
vt 4.937500000 21.000000000
vt 4.953125000 20.000000000
vt 4.953125000 20.500000000
vt 4.953125000 21.000000000
vt 4.968750000 20.000000000
vt 4.968750000 20.500000000
vt 4.968750000 21.000000000
vt 4.984375000 20.000000000
vt 4.984375000 20.500000000
vt 4.984375000 21.000000000
vt 5.000000000 20.000000000
vt 5.000000000 20.500000000
vt 5.000000000 21.000000000
vt 4.000000000 24.000000000
vt 4.000000000 24.500000000
vt 4.000000000 25.000000000
vt 4.015625000 24.000000000
vt 4.015625000 24.500000000
vt 4.015625000 25.000000000
vt 4.031250000 24.000000000
vt 4.031250000 24.500000000
vt 4.031250000 25.000000000
vt 4.046875000 24.000000000
vt 4.046875000 24.500000000
vt 4.046875000 25.000000000
vt 4.062500000 24.000000000
vt 4.062500000 24.500000000
vt 4.062500000 25.000000000
vt 4.078125000 24.000000000
vt 4.078125000 24.500000000
vt 4.078125000 25.000000000
vt 4.093750000 24.000000000
vt 4.093750000 24.500000000
vt 4.093750000 25.000000000
vt 4.109375000 24.000000000
vt 4.109375000 24.500000000
vt 4.109375000 25.000000000
vt 4.125000000 24.000000000
vt 4.125000000 24.500000000
vt 4.125000000 25.000000000
vt 4.140625000 24.000000000
vt 4.140625000 24.500000000
vt 4.140625000 25.000000000
vt 4.156250000 24.000000000
vt 4.156250000 24.500000000
vt 4.156250000 25.000000000
vt 4.171875000 24.000000000
vt 4.171875000 24.500000000
vt 4.171875000 25.000000000
vt 4.187500000 24.000000000
vt 4.187500000 24.500000000
vt 4.187500000 25.000000000
vt 4.203125000 24.000000000
vt 4.203125000 24.500000000
vt 4.203125000 25.000000000
vt 4.218750000 24.000000000
vt 4.218750000 24.500000000
vt 4.218750000 25.000000000
vt 4.234375000 24.000000000
vt 4.234375000 24.500000000
vt 4.234375000 25.000000000
vt 4.250000000 24.000000000
vt 4.250000000 24.500000000
vt 4.250000000 25.000000000
vt 4.265625000 24.000000000
vt 4.265625000 24.500000000
vt 4.265625000 25.000000000
vt 4.281250000 24.000000000
vt 4.281250000 24.500000000
vt 4.281250000 25.000000000
vt 4.296875000 24.000000000
vt 4.296875000 24.500000000
vt 4.296875000 25.000000000
vt 4.312500000 24.000000000
vt 4.312500000 24.500000000
vt 4.312500000 25.000000000
vt 4.328125000 24.000000000
vt 4.328125000 24.500000000
vt 4.328125000 25.000000000
vt 4.343750000 24.000000000
vt 4.343750000 24.500000000
vt 4.343750000 25.000000000
vt 4.359375000 24.000000000
vt 4.359375000 24.500000000
vt 4.359375000 25.000000000
vt 4.375000000 24.000000000
vt 4.375000000 24.500000000
vt 4.375000000 25.000000000
vt 4.390625000 24.000000000
vt 4.390625000 24.500000000
vt 4.390625000 25.000000000
vt 4.406250000 24.000000000
vt 4.406250000 24.500000000
vt 4.406250000 25.000000000
vt 4.421875000 24.000000000
vt 4.421875000 24.500000000
vt 4.421875000 25.000000000
vt 4.437500000 24.000000000
vt 4.437500000 24.500000000
vt 4.437500000 25.000000000
vt 4.453125000 24.000000000
vt 4.453125000 24.500000000
vt 4.453125000 25.000000000
vt 4.468750000 24.000000000
vt 4.468750000 24.500000000
vt 4.468750000 25.000000000
vt 4.484375000 24.000000000
vt 4.484375000 24.500000000
vt 4.484375000 25.000000000
vt 4.500000000 24.000000000
vt 4.500000000 24.500000000
vt 4.500000000 25.000000000
vt 4.515625000 24.000000000
vt 4.515625000 24.500000000
vt 4.515625000 25.000000000
vt 4.531250000 24.000000000
vt 4.531250000 24.500000000
vt 4.531250000 25.000000000
vt 4.546875000 24.000000000
vt 4.546875000 24.500000000
vt 4.546875000 25.000000000
vt 4.562500000 24.000000000
vt 4.562500000 24.500000000
vt 4.562500000 25.000000000
vt 4.578125000 24.000000000
vt 4.578125000 24.500000000
vt 4.578125000 25.000000000
vt 4.593750000 24.000000000
vt 4.593750000 24.500000000
vt 4.593750000 25.000000000
vt 4.609375000 24.000000000
vt 4.609375000 24.500000000
vt 4.609375000 25.000000000
vt 4.625000000 24.000000000
vt 4.625000000 24.500000000
vt 4.625000000 25.000000000
vt 4.640625000 24.000000000
vt 4.640625000 24.500000000
vt 4.640625000 25.000000000
vt 4.656250000 24.000000000
vt 4.656250000 24.500000000
vt 4.656250000 25.000000000
vt 4.671875000 24.000000000
vt 4.671875000 24.500000000
vt 4.671875000 25.000000000
vt 4.687500000 24.000000000
vt 4.687500000 24.500000000
vt 4.687500000 25.000000000
vt 4.703125000 24.000000000
vt 4.703125000 24.500000000
vt 4.703125000 25.000000000
vt 4.718750000 24.000000000
vt 4.718750000 24.500000000
vt 4.718750000 25.000000000
vt 4.734375000 24.000000000
vt 4.734375000 24.500000000
vt 4.734375000 25.000000000
vt 4.750000000 24.000000000
vt 4.750000000 24.500000000
vt 4.750000000 25.000000000
vt 4.765625000 24.000000000
vt 4.765625000 24.500000000
vt 4.765625000 25.000000000
vt 4.781250000 24.000000000
vt 4.781250000 24.500000000
vt 4.781250000 25.000000000
vt 4.796875000 24.000000000
vt 4.796875000 24.500000000
vt 4.796875000 25.000000000
vt 4.812500000 24.000000000
vt 4.812500000 24.500000000
vt 4.812500000 25.000000000
vt 4.828125000 24.000000000
vt 4.828125000 24.500000000
vt 4.828125000 25.000000000
vt 4.843750000 24.000000000
vt 4.843750000 24.500000000
vt 4.843750000 25.000000000
vt 4.859375000 24.000000000
vt 4.859375000 24.500000000
vt 4.859375000 25.000000000
vt 4.875000000 24.000000000
vt 4.875000000 24.500000000
vt 4.875000000 25.000000000
vt 4.890625000 24.000000000
vt 4.890625000 24.500000000
vt 4.890625000 25.000000000
vt 4.906250000 24.000000000
vt 4.906250000 24.500000000
vt 4.906250000 25.000000000
vt 4.921875000 24.000000000
vt 4.921875000 24.500000000
vt 4.921875000 25.000000000
vt 4.937500000 24.000000000
vt 4.937500000 24.500000000
vt 4.937500000 25.000000000
vt 4.953125000 24.000000000
vt 4.953125000 24.500000000
vt 4.953125000 25.000000000
vt 4.968750000 24.000000000
vt 4.968750000 24.500000000
vt 4.968750000 25.000000000
vt 4.984375000 24.000000000
vt 4.984375000 24.500000000
vt 4.984375000 25.000000000
vt 5.000000000 24.000000000
vt 5.000000000 24.500000000
vt 5.000000000 25.000000000
vt 4.000000000 24.000000000
vt 4.000000000 24.500000000
vt 4.000000000 25.000000000
vt 4.015625000 24.000000000
vt 4.015625000 24.500000000
vt 4.015625000 25.000000000
vt 4.031250000 24.000000000
vt 4.031250000 24.500000000
vt 4.031250000 25.000000000
vt 4.046875000 24.000000000
vt 4.046875000 24.500000000
vt 4.046875000 25.000000000
vt 4.062500000 24.000000000
vt 4.062500000 24.500000000
vt 4.062500000 25.000000000
vt 4.078125000 24.000000000
vt 4.078125000 24.500000000
vt 4.078125000 25.000000000
vt 4.093750000 24.000000000
vt 4.093750000 24.500000000
vt 4.093750000 25.000000000
vt 4.109375000 24.000000000
vt 4.109375000 24.500000000
vt 4.109375000 25.000000000
vt 4.125000000 24.000000000
vt 4.125000000 24.500000000
vt 4.125000000 25.000000000
vt 4.140625000 24.000000000
vt 4.140625000 24.500000000
vt 4.140625000 25.000000000
vt 4.156250000 24.000000000
vt 4.156250000 24.500000000
vt 4.156250000 25.000000000
vt 4.171875000 24.000000000
vt 4.171875000 24.500000000
vt 4.171875000 25.000000000
vt 4.187500000 24.000000000
vt 4.187500000 24.500000000
vt 4.187500000 25.000000000
vt 4.203125000 24.000000000
vt 4.203125000 24.500000000
vt 4.203125000 25.000000000
vt 4.218750000 24.000000000
vt 4.218750000 24.500000000
vt 4.218750000 25.000000000
vt 4.234375000 24.000000000
vt 4.234375000 24.500000000
vt 4.234375000 25.000000000
vt 4.250000000 24.000000000
vt 4.250000000 24.500000000
vt 4.250000000 25.000000000
vt 4.265625000 24.000000000
vt 4.265625000 24.500000000
vt 4.265625000 25.000000000
vt 4.281250000 24.000000000
vt 4.281250000 24.500000000
vt 4.281250000 25.000000000
vt 4.296875000 24.000000000
vt 4.296875000 24.500000000
vt 4.296875000 25.000000000
vt 4.312500000 24.000000000
vt 4.312500000 24.500000000
vt 4.312500000 25.000000000
vt 4.328125000 24.000000000
vt 4.328125000 24.500000000
vt 4.328125000 25.000000000
vt 4.343750000 24.000000000
vt 4.343750000 24.500000000
vt 4.343750000 25.000000000
vt 4.359375000 24.000000000
vt 4.359375000 24.500000000
vt 4.359375000 25.000000000
vt 4.375000000 24.000000000
vt 4.375000000 24.500000000
vt 4.375000000 25.000000000
vt 4.390625000 24.000000000
vt 4.390625000 24.500000000
vt 4.390625000 25.000000000
vt 4.406250000 24.000000000
vt 4.406250000 24.500000000
vt 4.406250000 25.000000000
vt 4.421875000 24.000000000
vt 4.421875000 24.500000000
vt 4.421875000 25.000000000
vt 4.437500000 24.000000000
vt 4.437500000 24.500000000
vt 4.437500000 25.000000000
vt 4.453125000 24.000000000
vt 4.453125000 24.500000000
vt 4.453125000 25.000000000
vt 4.468750000 24.000000000
vt 4.468750000 24.500000000
vt 4.468750000 25.000000000
vt 4.484375000 24.000000000
vt 4.484375000 24.500000000
vt 4.484375000 25.000000000
vt 4.500000000 24.000000000
vt 4.500000000 24.500000000
vt 4.500000000 25.000000000
vt 4.515625000 24.000000000
vt 4.515625000 24.500000000
vt 4.515625000 25.000000000
vt 4.531250000 24.000000000
vt 4.531250000 24.500000000
vt 4.531250000 25.000000000
vt 4.546875000 24.000000000
vt 4.546875000 24.500000000
vt 4.546875000 25.000000000
vt 4.562500000 24.000000000
vt 4.562500000 24.500000000
vt 4.562500000 25.000000000
vt 4.578125000 24.000000000
vt 4.578125000 24.500000000
vt 4.578125000 25.000000000
vt 4.593750000 24.000000000
vt 4.593750000 24.500000000
vt 4.593750000 25.000000000
vt 4.609375000 24.000000000
vt 4.609375000 24.500000000
vt 4.609375000 25.000000000
vt 4.625000000 24.000000000
vt 4.625000000 24.500000000
vt 4.625000000 25.000000000
vt 4.640625000 24.000000000
vt 4.640625000 24.500000000
vt 4.640625000 25.000000000
vt 4.656250000 24.000000000
vt 4.656250000 24.500000000
vt 4.656250000 25.000000000
vt 4.671875000 24.000000000
vt 4.671875000 24.500000000
vt 4.671875000 25.000000000
vt 4.687500000 24.000000000
vt 4.687500000 24.500000000
vt 4.687500000 25.000000000
vt 4.703125000 24.000000000
vt 4.703125000 24.500000000
vt 4.703125000 25.000000000
vt 4.718750000 24.000000000
vt 4.718750000 24.500000000
vt 4.718750000 25.000000000
vt 4.734375000 24.000000000
vt 4.734375000 24.500000000
vt 4.734375000 25.000000000
vt 4.750000000 24.000000000
vt 4.750000000 24.500000000
vt 4.750000000 25.000000000
vt 4.765625000 24.000000000
vt 4.765625000 24.500000000
vt 4.765625000 25.000000000
vt 4.781250000 24.000000000
vt 4.781250000 24.500000000
vt 4.781250000 25.000000000
vt 4.796875000 24.000000000
vt 4.796875000 24.500000000
vt 4.796875000 25.000000000
vt 4.812500000 24.000000000
vt 4.812500000 24.500000000
vt 4.812500000 25.000000000
vt 4.828125000 24.000000000
vt 4.828125000 24.500000000
vt 4.828125000 25.000000000
vt 4.843750000 24.000000000
vt 4.843750000 24.500000000
vt 4.843750000 25.000000000
vt 4.859375000 24.000000000
vt 4.859375000 24.500000000
vt 4.859375000 25.000000000
vt 4.875000000 24.000000000
vt 4.875000000 24.500000000
vt 4.875000000 25.000000000
vt 4.890625000 24.000000000
vt 4.890625000 24.500000000
vt 4.890625000 25.000000000
vt 4.906250000 24.000000000
vt 4.906250000 24.500000000
vt 4.906250000 25.000000000
vt 4.921875000 24.000000000
vt 4.921875000 24.500000000
vt 4.921875000 25.000000000
vt 4.937500000 24.000000000
vt 4.937500000 24.500000000
vt 4.937500000 25.000000000
vt 4.953125000 24.000000000
vt 4.953125000 24.500000000
vt 4.953125000 25.000000000
vt 4.968750000 24.000000000
vt 4.968750000 24.500000000
vt 4.968750000 25.000000000
vt 4.984375000 24.000000000
vt 4.984375000 24.500000000
vt 4.984375000 25.000000000
vt 5.000000000 24.000000000
vt 5.000000000 24.500000000
vt 5.000000000 25.000000000
vn 0.000000000 0.000000000 1.000000000
vn 0.195090322 0.000000000 0.980785280
vn 0.191341716 0.038060234 0.980785280
vn 0.180239956 0.074657834 0.980785280
vn 0.162211674 0.108386376 0.980785280
vn 0.137949690 0.137949690 0.980785280
vn 0.108386376 0.162211674 0.980785280
vn 0.074657834 0.180239956 0.980785280
vn 0.038060234 0.191341716 0.980785280
vn 0.000000000 0.195090322 0.980785280
vn -0.038060234 0.191341716 0.980785280
vn -0.074657834 0.180239956 0.980785280
vn -0.108386376 0.162211674 0.980785280
vn -0.137949690 0.137949690 0.980785280
vn -0.162211674 0.108386376 0.980785280
vn -0.180239956 0.074657834 0.980785280
vn -0.191341716 0.038060234 0.980785280
vn -0.195090322 0.000000000 0.980785280
vn -0.191341716 -0.038060234 0.980785280
vn -0.180239956 -0.074657834 0.980785280
vn -0.162211674 -0.108386376 0.980785280
vn -0.137949690 -0.137949690 0.980785280
vn -0.108386376 -0.162211674 0.980785280
vn -0.074657834 -0.180239956 0.980785280
vn -0.038060234 -0.191341716 0.980785280
vn -0.000000000 -0.195090322 0.980785280
vn 0.038060234 -0.191341716 0.980785280
vn 0.074657834 -0.180239956 0.980785280
vn 0.108386376 -0.162211674 0.980785280
vn 0.137949690 -0.137949690 0.980785280
vn 0.162211674 -0.108386376 0.980785280
vn 0.180239956 -0.074657834 0.980785280
vn 0.191341716 -0.038060234 0.980785280
vn 0.382683432 0.000000000 0.923879533
vn 0.375330278 0.074657834 0.923879533
vn 0.353553391 0.146446609 0.923879533
vn 0.318189645 0.212607524 0.923879533
vn 0.270598050 0.270598050 0.923879533
vn 0.212607524 0.318189645 0.923879533
vn 0.146446609 0.353553391 0.923879533
vn 0.074657834 0.375330278 0.923879533
vn 0.000000000 0.382683432 0.923879533
vn -0.074657834 0.375330278 0.923879533
vn -0.146446609 0.353553391 0.923879533
vn -0.212607524 0.318189645 0.923879533
vn -0.270598050 0.270598050 0.923879533
vn -0.318189645 0.212607524 0.923879533
vn -0.353553391 0.146446609 0.923879533
vn -0.375330278 0.074657834 0.923879533
vn -0.382683432 0.000000000 0.923879533
vn -0.375330278 -0.074657834 0.923879533
vn -0.353553391 -0.146446609 0.923879533
vn -0.318189645 -0.212607524 0.923879533
vn -0.270598050 -0.270598050 0.923879533
vn -0.212607524 -0.318189645 0.923879533
vn -0.146446609 -0.353553391 0.923879533
vn -0.074657834 -0.375330278 0.923879533
vn -0.000000000 -0.382683432 0.923879533
vn 0.074657834 -0.375330278 0.923879533
vn 0.146446609 -0.353553391 0.923879533
vn 0.212607524 -0.318189645 0.923879533
vn 0.270598050 -0.270598050 0.923879533
vn 0.318189645 -0.212607524 0.923879533
vn 0.353553391 -0.146446609 0.923879533
vn 0.375330278 -0.074657834 0.923879533
vn 0.555570233 0.000000000 0.831469612
vn 0.544895107 0.108386376 0.831469612
vn 0.513279967 0.212607524 0.831469612
vn 0.461939766 0.308658284 0.831469612
vn 0.392847479 0.392847479 0.831469612
vn 0.308658284 0.461939766 0.831469612
vn 0.212607524 0.513279967 0.831469612
vn 0.108386376 0.544895107 0.831469612
vn 0.000000000 0.555570233 0.831469612
vn -0.108386376 0.544895107 0.831469612
vn -0.212607524 0.513279967 0.831469612
vn -0.308658284 0.461939766 0.831469612
vn -0.392847479 0.392847479 0.831469612
vn -0.461939766 0.308658284 0.831469612
vn -0.513279967 0.212607524 0.831469612
vn -0.544895107 0.108386376 0.831469612
vn -0.555570233 0.000000000 0.831469612
vn -0.544895107 -0.108386376 0.831469612
vn -0.513279967 -0.212607524 0.831469612
vn -0.461939766 -0.308658284 0.831469612
vn -0.392847479 -0.392847479 0.831469612
vn -0.308658284 -0.461939766 0.831469612
vn -0.212607524 -0.513279967 0.831469612
vn -0.108386376 -0.544895107 0.831469612
vn -0.000000000 -0.555570233 0.831469612
vn 0.108386376 -0.544895107 0.831469612
vn 0.212607524 -0.513279967 0.831469612
vn 0.308658284 -0.461939766 0.831469612
vn 0.392847479 -0.392847479 0.831469612
vn 0.461939766 -0.308658284 0.831469612
vn 0.513279967 -0.212607524 0.831469612
vn 0.544895107 -0.108386376 0.831469612
vn 0.707106781 0.000000000 0.707106781
vn 0.693519923 0.137949690 0.707106781
vn 0.653281482 0.270598050 0.707106781
vn 0.587937801 0.392847479 0.707106781
vn 0.500000000 0.500000000 0.707106781
vn 0.392847479 0.587937801 0.707106781
vn 0.270598050 0.653281482 0.707106781
vn 0.137949690 0.693519923 0.707106781
vn 0.000000000 0.707106781 0.707106781
vn -0.137949690 0.693519923 0.707106781
vn -0.270598050 0.653281482 0.707106781
vn -0.392847479 0.587937801 0.707106781
vn -0.500000000 0.500000000 0.707106781
vn -0.587937801 0.392847479 0.707106781
vn -0.653281482 0.270598050 0.707106781
vn -0.693519923 0.137949690 0.707106781
vn -0.707106781 0.000000000 0.707106781
vn -0.693519923 -0.137949690 0.707106781
vn -0.653281482 -0.270598050 0.707106781
vn -0.587937801 -0.392847479 0.707106781
vn -0.500000000 -0.500000000 0.707106781
vn -0.392847479 -0.587937801 0.707106781
vn -0.270598050 -0.653281482 0.707106781
vn -0.137949690 -0.693519923 0.707106781
vn -0.000000000 -0.707106781 0.707106781
vn 0.137949690 -0.693519923 0.707106781
vn 0.270598050 -0.653281482 0.707106781
vn 0.392847479 -0.587937801 0.707106781
vn 0.500000000 -0.500000000 0.707106781
vn 0.587937801 -0.392847479 0.707106781
vn 0.653281482 -0.270598050 0.707106781
vn 0.693519923 -0.137949690 0.707106781
vn 0.831469612 0.000000000 0.555570233
vn 0.815493157 0.162211674 0.555570233
vn 0.768177757 0.318189645 0.555570233
vn 0.691341716 0.461939766 0.555570233
vn 0.587937801 0.587937801 0.555570233
vn 0.461939766 0.691341716 0.555570233
vn 0.318189645 0.768177757 0.555570233
vn 0.162211674 0.815493157 0.555570233
vn 0.000000000 0.831469612 0.555570233
vn -0.162211674 0.815493157 0.555570233
vn -0.318189645 0.768177757 0.555570233
vn -0.461939766 0.691341716 0.555570233
vn -0.587937801 0.587937801 0.555570233
vn -0.691341716 0.461939766 0.555570233
vn -0.768177757 0.318189645 0.555570233
vn -0.815493157 0.162211674 0.555570233
vn -0.831469612 0.000000000 0.555570233
vn -0.815493157 -0.162211674 0.555570233
vn -0.768177757 -0.318189645 0.555570233
vn -0.691341716 -0.461939766 0.555570233
vn -0.587937801 -0.587937801 0.555570233
vn -0.461939766 -0.691341716 0.555570233
vn -0.318189645 -0.768177757 0.555570233
vn -0.162211674 -0.815493157 0.555570233
vn -0.000000000 -0.831469612 0.555570233
vn 0.162211674 -0.815493157 0.555570233
vn 0.318189645 -0.768177757 0.555570233
vn 0.461939766 -0.691341716 0.555570233
vn 0.587937801 -0.587937801 0.555570233
vn 0.691341716 -0.461939766 0.555570233
vn 0.768177757 -0.318189645 0.555570233
vn 0.815493157 -0.162211674 0.555570233
vn 0.923879533 0.000000000 0.382683432
vn 0.906127446 0.180239956 0.382683432
vn 0.853553391 0.353553391 0.382683432
vn 0.768177757 0.513279967 0.382683432
vn 0.653281482 0.653281482 0.382683432
vn 0.513279967 0.768177757 0.382683432
vn 0.353553391 0.853553391 0.382683432
vn 0.180239956 0.906127446 0.382683432
vn 0.000000000 0.923879533 0.382683432
vn -0.180239956 0.906127446 0.382683432
vn -0.353553391 0.853553391 0.382683432
vn -0.513279967 0.768177757 0.382683432
vn -0.653281482 0.653281482 0.382683432
vn -0.768177757 0.513279967 0.382683432
vn -0.853553391 0.353553391 0.382683432
vn -0.906127446 0.180239956 0.382683432
vn -0.923879533 0.000000000 0.382683432
vn -0.906127446 -0.180239956 0.382683432
vn -0.853553391 -0.353553391 0.382683432
vn -0.768177757 -0.513279967 0.382683432
vn -0.653281482 -0.653281482 0.382683432
vn -0.513279967 -0.768177757 0.382683432
vn -0.353553391 -0.853553391 0.382683432
vn -0.180239956 -0.906127446 0.382683432
vn -0.000000000 -0.923879533 0.382683432
vn 0.180239956 -0.906127446 0.382683432
vn 0.353553391 -0.853553391 0.382683432
vn 0.513279967 -0.768177757 0.382683432
vn 0.653281482 -0.653281482 0.382683432
vn 0.768177757 -0.513279967 0.382683432
vn 0.853553391 -0.353553391 0.382683432
vn 0.906127446 -0.180239956 0.382683432
vn 0.980785280 0.000000000 0.195090322
vn 0.961939766 0.191341716 0.195090322
vn 0.906127446 0.375330278 0.195090322
vn 0.815493157 0.544895107 0.195090322
vn 0.693519923 0.693519923 0.195090322
vn 0.544895107 0.815493157 0.195090322
vn 0.375330278 0.906127446 0.195090322
vn 0.191341716 0.961939766 0.195090322
vn 0.000000000 0.980785280 0.195090322
vn -0.191341716 0.961939766 0.195090322
vn -0.375330278 0.906127446 0.195090322
vn -0.544895107 0.815493157 0.195090322
vn -0.693519923 0.693519923 0.195090322
vn -0.815493157 0.544895107 0.195090322
vn -0.906127446 0.375330278 0.195090322
vn -0.961939766 0.191341716 0.195090322
vn -0.980785280 0.000000000 0.195090322
vn -0.961939766 -0.191341716 0.195090322
vn -0.906127446 -0.375330278 0.195090322
vn -0.815493157 -0.544895107 0.195090322
vn -0.693519923 -0.693519923 0.195090322
vn -0.544895107 -0.815493157 0.195090322
vn -0.375330278 -0.906127446 0.195090322
vn -0.191341716 -0.961939766 0.195090322
vn -0.000000000 -0.980785280 0.195090322
vn 0.191341716 -0.961939766 0.195090322
vn 0.375330278 -0.906127446 0.195090322
vn 0.544895107 -0.815493157 0.195090322
vn 0.693519923 -0.693519923 0.195090322
vn 0.815493157 -0.544895107 0.195090322
vn 0.906127446 -0.375330278 0.195090322
vn 0.961939766 -0.191341716 0.195090322
vn 1.000000000 0.000000000 0.000000000
vn 0.980785280 0.195090322 0.000000000
vn 0.923879533 0.382683432 0.000000000
vn 0.831469612 0.555570233 0.000000000
vn 0.707106781 0.707106781 0.000000000
vn 0.555570233 0.831469612 0.000000000
vn 0.382683432 0.923879533 0.000000000
vn 0.195090322 0.980785280 0.000000000
vn 0.000000000 1.000000000 0.000000000
vn -0.195090322 0.980785280 0.000000000
vn -0.382683432 0.923879533 0.000000000
vn -0.555570233 0.831469612 0.000000000
vn -0.707106781 0.707106781 0.000000000
vn -0.831469612 0.555570233 0.000000000
vn -0.923879533 0.382683432 0.000000000
vn -0.980785280 0.195090322 0.000000000
vn -1.000000000 0.000000000 0.000000000
vn -0.980785280 -0.195090322 0.000000000
vn -0.923879533 -0.382683432 0.000000000
vn -0.831469612 -0.555570233 0.000000000
vn -0.707106781 -0.707106781 0.000000000
vn -0.555570233 -0.831469612 0.000000000
vn -0.382683432 -0.923879533 0.000000000
vn -0.195090322 -0.980785280 0.000000000
vn -0.000000000 -1.000000000 0.000000000
vn 0.195090322 -0.980785280 0.000000000
vn 0.382683432 -0.923879533 0.000000000
vn 0.555570233 -0.831469612 0.000000000
vn 0.707106781 -0.707106781 0.000000000
vn 0.831469612 -0.555570233 0.000000000
vn 0.923879533 -0.382683432 0.000000000
vn 0.980785280 -0.195090322 0.000000000
vn 0.980785280 0.000000000 -0.195090322
vn 0.961939766 0.191341716 -0.195090322
vn 0.906127446 0.375330278 -0.195090322
vn 0.815493157 0.544895107 -0.195090322
vn 0.693519923 0.693519923 -0.195090322
vn 0.544895107 0.815493157 -0.195090322
vn 0.375330278 0.906127446 -0.195090322
vn 0.191341716 0.961939766 -0.195090322
vn 0.000000000 0.980785280 -0.195090322
vn -0.191341716 0.961939766 -0.195090322
vn -0.375330278 0.906127446 -0.195090322
vn -0.544895107 0.815493157 -0.195090322
vn -0.693519923 0.693519923 -0.195090322
vn -0.815493157 0.544895107 -0.195090322
vn -0.906127446 0.375330278 -0.195090322
vn -0.961939766 0.191341716 -0.195090322
vn -0.980785280 0.000000000 -0.195090322
vn -0.961939766 -0.191341716 -0.195090322
vn -0.906127446 -0.375330278 -0.195090322
vn -0.815493157 -0.544895107 -0.195090322
vn -0.693519923 -0.693519923 -0.195090322
vn -0.544895107 -0.815493157 -0.195090322
vn -0.375330278 -0.906127446 -0.195090322
vn -0.191341716 -0.961939766 -0.195090322
vn -0.000000000 -0.980785280 -0.195090322
vn 0.191341716 -0.961939766 -0.195090322
vn 0.375330278 -0.906127446 -0.195090322
vn 0.544895107 -0.815493157 -0.195090322
vn 0.693519923 -0.693519923 -0.195090322
vn 0.815493157 -0.544895107 -0.195090322
vn 0.906127446 -0.375330278 -0.195090322
vn 0.961939766 -0.191341716 -0.195090322
vn 0.923879533 0.000000000 -0.382683432
vn 0.906127446 0.180239956 -0.382683432
vn 0.853553391 0.353553391 -0.382683432
vn 0.768177757 0.513279967 -0.382683432
vn 0.653281482 0.653281482 -0.382683432
vn 0.513279967 0.768177757 -0.382683432
vn 0.353553391 0.853553391 -0.382683432
vn 0.180239956 0.906127446 -0.382683432
vn 0.000000000 0.923879533 -0.382683432
vn -0.180239956 0.906127446 -0.382683432
vn -0.353553391 0.853553391 -0.382683432
vn -0.513279967 0.768177757 -0.382683432
vn -0.653281482 0.653281482 -0.382683432
vn -0.768177757 0.513279967 -0.382683432
vn -0.853553391 0.353553391 -0.382683432
vn -0.906127446 0.180239956 -0.382683432
vn -0.923879533 0.000000000 -0.382683432
vn -0.906127446 -0.180239956 -0.382683432
vn -0.853553391 -0.353553391 -0.382683432
vn -0.768177757 -0.513279967 -0.382683432
vn -0.653281482 -0.653281482 -0.382683432
vn -0.513279967 -0.768177757 -0.382683432
vn -0.353553391 -0.853553391 -0.382683432
vn -0.180239956 -0.906127446 -0.382683432
vn -0.000000000 -0.923879533 -0.382683432
vn 0.180239956 -0.906127446 -0.382683432
vn 0.353553391 -0.853553391 -0.382683432
vn 0.513279967 -0.768177757 -0.382683432
vn 0.653281482 -0.653281482 -0.382683432
vn 0.768177757 -0.513279967 -0.382683432
vn 0.853553391 -0.353553391 -0.382683432
vn 0.906127446 -0.180239956 -0.382683432
vn 0.831469612 0.000000000 -0.555570233
vn 0.815493157 0.162211674 -0.555570233
vn 0.768177757 0.318189645 -0.555570233
vn 0.691341716 0.461939766 -0.555570233
vn 0.587937801 0.587937801 -0.555570233
vn 0.461939766 0.691341716 -0.555570233
vn 0.318189645 0.768177757 -0.555570233
vn 0.162211674 0.815493157 -0.555570233
vn 0.000000000 0.831469612 -0.555570233
vn -0.162211674 0.815493157 -0.555570233
vn -0.318189645 0.768177757 -0.555570233
vn -0.461939766 0.691341716 -0.555570233
vn -0.587937801 0.587937801 -0.555570233
vn -0.691341716 0.461939766 -0.555570233
vn -0.768177757 0.318189645 -0.555570233
vn -0.815493157 0.162211674 -0.555570233
vn -0.831469612 0.000000000 -0.555570233
vn -0.815493157 -0.162211674 -0.555570233
vn -0.768177757 -0.318189645 -0.555570233
vn -0.691341716 -0.461939766 -0.555570233
vn -0.587937801 -0.587937801 -0.555570233
vn -0.461939766 -0.691341716 -0.555570233
vn -0.318189645 -0.768177757 -0.555570233
vn -0.162211674 -0.815493157 -0.555570233
vn -0.000000000 -0.831469612 -0.555570233
vn 0.162211674 -0.815493157 -0.555570233
vn 0.318189645 -0.768177757 -0.555570233
vn 0.461939766 -0.691341716 -0.555570233
vn 0.587937801 -0.587937801 -0.555570233
vn 0.691341716 -0.461939766 -0.555570233
vn 0.768177757 -0.318189645 -0.555570233
vn 0.815493157 -0.162211674 -0.555570233
vn 0.707106781 0.000000000 -0.707106781
vn 0.693519923 0.137949690 -0.707106781
vn 0.653281482 0.270598050 -0.707106781
vn 0.587937801 0.392847479 -0.707106781
vn 0.500000000 0.500000000 -0.707106781
vn 0.392847479 0.587937801 -0.707106781
vn 0.270598050 0.653281482 -0.707106781
vn 0.137949690 0.693519923 -0.707106781
vn 0.000000000 0.707106781 -0.707106781
vn -0.137949690 0.693519923 -0.707106781
vn -0.270598050 0.653281482 -0.707106781
vn -0.392847479 0.587937801 -0.707106781
vn -0.500000000 0.500000000 -0.707106781
vn -0.587937801 0.392847479 -0.707106781
vn -0.653281482 0.270598050 -0.707106781
vn -0.693519923 0.137949690 -0.707106781
vn -0.707106781 0.000000000 -0.707106781
vn -0.693519923 -0.137949690 -0.707106781
vn -0.653281482 -0.270598050 -0.707106781
vn -0.587937801 -0.392847479 -0.707106781
vn -0.500000000 -0.500000000 -0.707106781
vn -0.392847479 -0.587937801 -0.707106781
vn -0.270598050 -0.653281482 -0.707106781
vn -0.137949690 -0.693519923 -0.707106781
vn -0.000000000 -0.707106781 -0.707106781
vn 0.137949690 -0.693519923 -0.707106781
vn 0.270598050 -0.653281482 -0.707106781
vn 0.392847479 -0.587937801 -0.707106781
vn 0.500000000 -0.500000000 -0.707106781
vn 0.587937801 -0.392847479 -0.707106781
vn 0.653281482 -0.270598050 -0.707106781
vn 0.693519923 -0.137949690 -0.707106781
vn 0.555570233 0.000000000 -0.831469612
vn 0.544895107 0.108386376 -0.831469612
vn 0.513279967 0.212607524 -0.831469612
vn 0.461939766 0.308658284 -0.831469612
vn 0.392847479 0.392847479 -0.831469612
vn 0.308658284 0.461939766 -0.831469612
vn 0.212607524 0.513279967 -0.831469612
vn 0.108386376 0.544895107 -0.831469612
vn 0.000000000 0.555570233 -0.831469612
vn -0.108386376 0.544895107 -0.831469612
vn -0.212607524 0.513279967 -0.831469612
vn -0.308658284 0.461939766 -0.831469612
vn -0.392847479 0.392847479 -0.831469612
vn -0.461939766 0.308658284 -0.831469612
vn -0.513279967 0.212607524 -0.831469612
vn -0.544895107 0.108386376 -0.831469612
vn -0.555570233 0.000000000 -0.831469612
vn -0.544895107 -0.108386376 -0.831469612
vn -0.513279967 -0.212607524 -0.831469612
vn -0.461939766 -0.308658284 -0.831469612
vn -0.392847479 -0.392847479 -0.831469612
vn -0.308658284 -0.461939766 -0.831469612
vn -0.212607524 -0.513279967 -0.831469612
vn -0.108386376 -0.544895107 -0.831469612
vn -0.000000000 -0.555570233 -0.831469612
vn 0.108386376 -0.544895107 -0.831469612
vn 0.212607524 -0.513279967 -0.831469612
vn 0.308658284 -0.461939766 -0.831469612
vn 0.392847479 -0.392847479 -0.831469612
vn 0.461939766 -0.308658284 -0.831469612
vn 0.513279967 -0.212607524 -0.831469612
vn 0.544895107 -0.108386376 -0.831469612
vn 0.382683432 0.000000000 -0.923879533
vn 0.375330278 0.074657834 -0.923879533
vn 0.353553391 0.146446609 -0.923879533
vn 0.318189645 0.212607524 -0.923879533
vn 0.270598050 0.270598050 -0.923879533
vn 0.212607524 0.318189645 -0.923879533
vn 0.146446609 0.353553391 -0.923879533
vn 0.074657834 0.375330278 -0.923879533
vn 0.000000000 0.382683432 -0.923879533
vn -0.074657834 0.375330278 -0.923879533
vn -0.146446609 0.353553391 -0.923879533
vn -0.212607524 0.318189645 -0.923879533
vn -0.270598050 0.270598050 -0.923879533
vn -0.318189645 0.212607524 -0.923879533
vn -0.353553391 0.146446609 -0.923879533
vn -0.375330278 0.074657834 -0.923879533
vn -0.382683432 0.000000000 -0.923879533
vn -0.375330278 -0.074657834 -0.923879533
vn -0.353553391 -0.146446609 -0.923879533
vn -0.318189645 -0.212607524 -0.923879533
vn -0.270598050 -0.270598050 -0.923879533
vn -0.212607524 -0.318189645 -0.923879533
vn -0.146446609 -0.353553391 -0.923879533
vn -0.074657834 -0.375330278 -0.923879533
vn -0.000000000 -0.382683432 -0.923879533
vn 0.074657834 -0.375330278 -0.923879533
vn 0.146446609 -0.353553391 -0.923879533
vn 0.212607524 -0.318189645 -0.923879533
vn 0.270598050 -0.270598050 -0.923879533
vn 0.318189645 -0.212607524 -0.923879533
vn 0.353553391 -0.146446609 -0.923879533
vn 0.375330278 -0.074657834 -0.923879533
vn 0.195090322 0.000000000 -0.980785280
vn 0.191341716 0.038060234 -0.980785280
vn 0.180239956 0.074657834 -0.980785280
vn 0.162211674 0.108386376 -0.980785280
vn 0.137949690 0.137949690 -0.980785280
vn 0.108386376 0.162211674 -0.980785280
vn 0.074657834 0.180239956 -0.980785280
vn 0.038060234 0.191341716 -0.980785280
vn 0.000000000 0.195090322 -0.980785280
vn -0.038060234 0.191341716 -0.980785280
vn -0.074657834 0.180239956 -0.980785280
vn -0.108386376 0.162211674 -0.980785280
vn -0.137949690 0.137949690 -0.980785280
vn -0.162211674 0.108386376 -0.980785280
vn -0.180239956 0.074657834 -0.980785280
vn -0.191341716 0.038060234 -0.980785280
vn -0.195090322 0.000000000 -0.980785280
vn -0.191341716 -0.038060234 -0.980785280
vn -0.180239956 -0.074657834 -0.980785280
vn -0.162211674 -0.108386376 -0.980785280
vn -0.137949690 -0.137949690 -0.980785280
vn -0.108386376 -0.162211674 -0.980785280
vn -0.074657834 -0.180239956 -0.980785280
vn -0.038060234 -0.191341716 -0.980785280
vn -0.000000000 -0.195090322 -0.980785280
vn 0.038060234 -0.191341716 -0.980785280
vn 0.074657834 -0.180239956 -0.980785280
vn 0.108386376 -0.162211674 -0.980785280
vn 0.137949690 -0.137949690 -0.980785280
vn 0.162211674 -0.108386376 -0.980785280
vn 0.180239956 -0.074657834 -0.980785280
vn 0.191341716 -0.038060234 -0.980785280
vn 0.000000000 0.000000000 -1.000000000
vn -0.101078837 0.479809664 -0.871530696
vn -0.101078837 0.479809664 -0.871530696
vn -0.101078837 0.479809664 -0.871530696
vn -0.100547326 0.477286643 -0.872976343
vn -0.100547326 0.477286643 -0.872976343
vn -0.100547326 0.477286643 -0.872976343
vn -0.099531201 0.473406713 -0.875202619
vn -0.099531201 0.473406713 -0.875202619
vn -0.099531201 0.473406713 -0.875202619
vn -0.098962331 0.471865036 -0.876099221
vn -0.098962331 0.471865036 -0.876099221
vn -0.098962331 0.471865036 -0.876099221
vn -0.099251054 0.472461887 -0.875744822
vn -0.099251054 0.472461887 -0.875744822
vn -0.099251054 0.472461887 -0.875744822
vn -0.100750212 0.474922649 -0.874241313
vn -0.100750212 0.474922649 -0.874241313
vn -0.100750212 0.474922649 -0.874241313
vn -0.103738537 0.478909704 -0.871713147
vn -0.103738537 0.478909704 -0.871713147
vn -0.103738537 0.478909704 -0.871713147
vn -0.108405666 0.484037370 -0.868306418
vn -0.108405666 0.484037370 -0.868306418
vn -0.108405666 0.484037370 -0.868306418
vn -0.114839241 0.489889698 -0.864187499
vn -0.114839241 0.489889698 -0.864187499
vn -0.114839241 0.489889698 -0.864187499
vn -0.123014561 0.496040876 -0.859541079
vn -0.123014561 0.496040876 -0.859541079
vn -0.123014561 0.496040876 -0.859541079
vn -0.132787318 0.502077876 -0.854567337
vn -0.132787318 0.502077876 -0.854567337
vn -0.132787318 0.502077876 -0.854567337
vn -0.143889977 0.507624800 -0.849477920
vn -0.143889977 0.507624800 -0.849477920
vn -0.143889977 0.507624800 -0.849477920
vn -0.155932462 0.512368175 -0.844490332
vn -0.155932462 0.512368175 -0.844490332
vn -0.155932462 0.512368175 -0.844490332
vn -0.168407930 0.516082141 -0.839820215
vn -0.168407930 0.516082141 -0.839820215
vn -0.168407930 0.516082141 -0.839820215
vn -0.180704592 0.518652007 -0.835670956
vn -0.180704592 0.518652007 -0.835670956
vn -0.180704592 0.518652007 -0.835670956
vn -0.192124772 0.520094111 -0.832220036
vn -0.192124772 0.520094111 -0.832220036
vn -0.192124772 0.520094111 -0.832220036
vn -0.201912766 0.520569103 -0.829601738
vn -0.201912766 0.520569103 -0.829601738
vn -0.201912766 0.520569103 -0.829601738
vn -0.209293339 0.520384918 -0.827886367
vn -0.209293339 0.520384918 -0.827886367
vn -0.209293339 0.520384918 -0.827886367
vn -0.213522937 0.519984795 -0.827057294
vn -0.213522937 0.519984795 -0.827057294
vn -0.213522937 0.519984795 -0.827057294
vn -0.213955234 0.519915361 -0.826989223
vn -0.213955234 0.519915361 -0.826989223
vn -0.213955234 0.519915361 -0.826989223
vn -0.210120848 0.520770640 -0.827434088
vn -0.210120848 0.520770640 -0.827434088
vn -0.210120848 0.520770640 -0.827434088
vn -0.201816781 0.523111368 -0.828024446
vn -0.201816781 0.523111368 -0.828024446
vn -0.201816781 0.523111368 -0.828024446
vn -0.189193507 0.527366107 -0.828305986
vn -0.189193507 0.527366107 -0.828305986
vn -0.189193507 0.527366107 -0.828305986
vn -0.172817576 0.533731203 -0.827807398
vn -0.172817576 0.533731203 -0.827807398
vn -0.172817576 0.533731203 -0.827807398
vn -0.153679601 0.542096938 -0.826143746
vn -0.153679601 0.542096938 -0.826143746
vn -0.153679601 0.542096938 -0.826143746
vn -0.133120159 0.552029544 -0.823129641
vn -0.133120159 0.552029544 -0.823129641
vn -0.133120159 0.552029544 -0.823129641
vn -0.112666802 0.562825850 -0.818860950
vn -0.112666802 0.562825850 -0.818860950
vn -0.112666802 0.562825850 -0.818860950
vn -0.093810708 0.573630427 -0.813724575
vn -0.093810708 0.573630427 -0.813724575
vn -0.093810708 0.573630427 -0.813724575
vn -0.077782601 0.583578686 -0.808322822
vn -0.077782601 0.583578686 -0.808322822
vn -0.077782601 0.583578686 -0.808322822
vn -0.065391976 0.591921606 -0.803338472
vn -0.065391976 0.591921606 -0.803338472
vn -0.065391976 0.591921606 -0.803338472
vn -0.056966451 0.598103347 -0.799391775
vn -0.056966451 0.598103347 -0.799391775
vn -0.056966451 0.598103347 -0.799391775
vn -0.052387754 0.601788420 -0.796935519
vn -0.052387754 0.601788420 -0.796935519
vn -0.052387754 0.601788420 -0.796935519
vn -0.051192009 0.602852952 -0.796208324
vn -0.051192009 0.602852952 -0.796208324
vn -0.051192009 0.602852952 -0.796208324
vn -0.052695063 0.601358347 -0.797239844
vn -0.052695063 0.601358347 -0.797239844
vn -0.052695063 0.601358347 -0.797239844
vn -0.056112739 0.597520100 -0.799888174
vn -0.056112739 0.597520100 -0.799888174
vn -0.056112739 0.597520100 -0.799888174
vn -0.060659922 0.591677386 -0.803889448
vn -0.060659922 0.591677386 -0.803889448
vn -0.060659922 0.591677386 -0.803889448
vn -0.065623651 0.584264367 -0.808905857
vn -0.065623651 0.584264367 -0.808905857
vn -0.065623651 0.584264367 -0.808905857
vn -0.070411760 0.575782478 -0.814565358
vn -0.070411760 0.575782478 -0.814565358
vn -0.070411760 0.575782478 -0.814565358
vn -0.074581184 0.566773012 -0.820491316
vn -0.074581184 0.566773012 -0.820491316
vn -0.074581184 0.566773012 -0.820491316
vn -0.077850352 0.557789946 -0.826322999
vn -0.077850352 0.557789946 -0.826322999
vn -0.077850352 0.557789946 -0.826322999
vn -0.080099539 0.549373507 -0.831728810
vn -0.080099539 0.549373507 -0.831728810
vn -0.080099539 0.549373507 -0.831728810
vn -0.081362275 0.542025285 -0.836414234
vn -0.081362275 0.542025285 -0.836414234
vn -0.081362275 0.542025285 -0.836414234
vn -0.081810212 0.536185723 -0.840126157
vn -0.081810212 0.536185723 -0.840126157
vn -0.081810212 0.536185723 -0.840126157
vn -0.081733293 0.532214756 -0.842654806
vn -0.081733293 0.532214756 -0.842654806
vn -0.081733293 0.532214756 -0.842654806
vn -0.081516706 0.530376151 -0.843834204
vn -0.081516706 0.530376151 -0.843834204
vn -0.081516706 0.530376151 -0.843834204
vn -0.081615786 0.530825963 -0.843541736
vn -0.081615786 0.530825963 -0.843541736
vn -0.081615786 0.530825963 -0.843541736
vn -0.082529841 0.533605316 -0.841697210
vn -0.082529841 0.533605316 -0.841697210
vn -0.082529841 0.533605316 -0.841697210
vn -0.084775742 0.538637608 -0.838261654
vn -0.084775742 0.538637608 -0.838261654
vn -0.084775742 0.538637608 -0.838261654
vn -0.088861988 0.545730091 -0.833235990
vn -0.088861988 0.545730091 -0.833235990
vn -0.088861988 0.545730091 -0.833235990
vn -0.095263880 0.554579706 -0.826659629
vn -0.095263880 0.554579706 -0.826659629
vn -0.095263880 0.554579706 -0.826659629
vn -0.104400390 0.564782972 -0.818609036
vn -0.104400390 0.564782972 -0.818609036
vn -0.104400390 0.564782972 -0.818609036
vn -0.116613221 0.575849667 -0.809196217
vn -0.116613221 0.575849667 -0.809196217
vn -0.116613221 0.575849667 -0.809196217
vn -0.132148548 0.587219994 -0.798567117
vn -0.132148548 0.587219994 -0.798567117
vn -0.132148548 0.587219994 -0.798567117
vn -0.151141859 0.598284881 -0.786899828
vn -0.151141859 0.598284881 -0.786899828
vn -0.151141859 0.598284881 -0.786899828
vn -0.173606314 0.608409036 -0.774402539
vn -0.173606314 0.608409036 -0.774402539
vn -0.173606314 0.608409036 -0.774402539
vn -0.199424977 0.616956328 -0.761311085
vn -0.199424977 0.616956328 -0.761311085
vn -0.199424977 0.616956328 -0.761311085
vn -0.228347323 0.623317035 -0.747885937
vn -0.228347323 0.623317035 -0.747885937
vn -0.228347323 0.623317035 -0.747885937
vn -0.259990354 0.626936436 -0.734408416
vn -0.259990354 0.626936436 -0.734408416
vn -0.259990354 0.626936436 -0.734408416
vn -0.293844741 0.627344138 -0.721175846
vn -0.293844741 0.627344138 -0.721175846
vn -0.293844741 0.627344138 -0.721175846
vn -0.329286387 0.624183364 -0.708495310
vn -0.329286387 0.624183364 -0.708495310
vn -0.329286387 0.624183364 -0.708495310
vn -0.365593865 0.617239227 -0.696675580
vn -0.365593865 0.617239227 -0.696675580
vn -0.365593865 0.617239227 -0.696675580
vn -0.401972171 0.606464646 -0.686016769
vn -0.401972171 0.606464646 -0.686016769
vn -0.401972171 0.606464646 -0.686016769
vn -0.437583196 0.592002076 -0.676797229
vn -0.437583196 0.592002076 -0.676797229
vn -0.437583196 0.592002076 -0.676797229
vn -0.471583126 0.574198528 -0.669257354
vn -0.471583126 0.574198528 -0.669257354
vn -0.471583126 0.574198528 -0.669257354
vn -0.488118602 0.563579663 -0.666421934
vn -0.488118602 0.563579663 -0.666421934
vn -0.488118602 0.563579663 -0.666421934
vn -0.978522529 -0.206139905 0.000000000
vn -0.978522529 -0.206139905 0.000000000
vn -0.978522529 -0.206139905 0.000000000
vn -0.970012725 -0.242172724 -0.020680539
vn -0.970012725 -0.242172724 -0.020680539
vn -0.970012725 -0.242172724 -0.020680539
vn -0.947524199 -0.313635383 -0.061892953
vn -0.947524199 -0.313635383 -0.061892953
vn -0.947524199 -0.313635383 -0.061892953
vn -0.917979586 -0.383113838 -0.102651187
vn -0.917979586 -0.383113838 -0.102651187
vn -0.917979586 -0.383113838 -0.102651187
vn -0.881611343 -0.449860606 -0.142782615
vn -0.881611343 -0.449860606 -0.142782615
vn -0.881611343 -0.449860606 -0.142782615
vn -0.838745011 -0.513167992 -0.182113750
vn -0.838745011 -0.513167992 -0.182113750
vn -0.838745011 -0.513167992 -0.182113750
vn -0.789792582 -0.572381361 -0.220470532
vn -0.789792582 -0.572381361 -0.220470532
vn -0.789792582 -0.572381361 -0.220470532
vn -0.735244122 -0.626911371 -0.257678508
vn -0.735244122 -0.626911371 -0.257678508
vn -0.735244122 -0.626911371 -0.257678508
vn -0.675657894 -0.676244949 -0.293562907
vn -0.675657894 -0.676244949 -0.293562907
vn -0.675657894 -0.676244949 -0.293562907
vn -0.611649200 -0.719954849 -0.327948580
vn -0.611649200 -0.719954849 -0.327948580
vn -0.611649200 -0.719954849 -0.327948580
vn -0.543878270 -0.757707666 -0.360659840
vn -0.543878270 -0.757707666 -0.360659840
vn -0.543878270 -0.757707666 -0.360659840
vn -0.473037492 -0.789270204 -0.391520212
vn -0.473037492 -0.789270204 -0.391520212
vn -0.473037492 -0.789270204 -0.391520212
vn -0.399838388 -0.814514157 -0.420352176
vn -0.399838388 -0.814514157 -0.420352176
vn -0.399838388 -0.814514157 -0.420352176
vn -0.324998698 -0.833419088 -0.446977035
vn -0.324998698 -0.833419088 -0.446977035
vn -0.324998698 -0.833419088 -0.446977035
vn -0.249230022 -0.846073689 -0.471215141
vn -0.249230022 -0.846073689 -0.471215141
vn -0.249230022 -0.846073689 -0.471215141
vn -0.173226415 -0.852675296 -0.492886853
vn -0.173226415 -0.852675296 -0.492886853
vn -0.173226415 -0.852675296 -0.492886853
vn -0.097654294 -0.853527551 -0.511814770
vn -0.097654294 -0.853527551 -0.511814770
vn -0.097654294 -0.853527551 -0.511814770
vn -0.023143812 -0.849035889 -0.527828024
vn -0.023143812 -0.849035889 -0.527828024
vn -0.023143812 -0.849035889 -0.527828024
vn 0.049718513 -0.839700186 -0.540769515
vn 0.049718513 -0.839700186 -0.540769515
vn 0.049718513 -0.839700186 -0.540769515
vn 0.120396768 -0.826103324 -0.550506964
vn 0.120396768 -0.826103324 -0.550506964
vn 0.120396768 -0.826103324 -0.550506964
vn 0.188413949 -0.808893723 -0.556948048
vn 0.188413949 -0.808893723 -0.556948048
vn 0.188413949 -0.808893723 -0.556948048
vn 0.253364167 -0.788759250 -0.560058430
vn 0.253364167 -0.788759250 -0.560058430
vn 0.253364167 -0.788759250 -0.560058430
vn 0.314931415 -0.766390057 -0.559878991
vn 0.314931415 -0.766390057 -0.559878991
vn 0.314931415 -0.766390057 -0.559878991
vn 0.372915767 -0.742429739 -0.556535635
vn 0.372915767 -0.742429739 -0.556535635
vn 0.372915767 -0.742429739 -0.556535635
vn 0.427263339 -0.717418380 -0.550233502
vn 0.427263339 -0.717418380 -0.550233502
vn 0.427263339 -0.717418380 -0.550233502
vn 0.478090039 -0.691736822 -0.541230157
vn 0.478090039 -0.691736822 -0.541230157
vn 0.478090039 -0.691736822 -0.541230157
vn 0.525684624 -0.665565679 -0.529790527
vn 0.525684624 -0.665565679 -0.529790527
vn 0.525684624 -0.665565679 -0.529790527
vn 0.570479119 -0.638871303 -0.516136641
vn 0.570479119 -0.638871303 -0.516136641
vn 0.570479119 -0.638871303 -0.516136641
vn 0.612985536 -0.611423108 -0.500410347
vn 0.612985536 -0.611423108 -0.500410347
vn 0.612985536 -0.611423108 -0.500410347
vn 0.653711774 -0.582836416 -0.482662023
vn 0.653711774 -0.582836416 -0.482662023
vn 0.653711774 -0.582836416 -0.482662023
vn 0.693077764 -0.552628599 -0.462865903
vn 0.693077764 -0.552628599 -0.462865903
vn 0.693077764 -0.552628599 -0.462865903
vn 0.731350734 -0.520276459 -0.440951823
vn 0.731350734 -0.520276459 -0.440951823
vn 0.731350734 -0.520276459 -0.440951823
vn 0.768609234 -0.485267244 -0.416839954
vn 0.768609234 -0.485267244 -0.416839954
vn 0.768609234 -0.485267244 -0.416839954
vn 0.804735722 -0.447140446 -0.390468742
vn 0.804735722 -0.447140446 -0.390468742
vn 0.804735722 -0.447140446 -0.390468742
vn 0.839431464 -0.405520306 -0.361812241
vn 0.839431464 -0.405520306 -0.361812241
vn 0.839431464 -0.405520306 -0.361812241
vn 0.872245761 -0.360139922 -0.330887547
vn 0.872245761 -0.360139922 -0.330887547
vn 0.872245761 -0.360139922 -0.330887547
vn 0.902612487 -0.310857813 -0.297755132
vn 0.902612487 -0.310857813 -0.297755132
vn 0.902612487 -0.310857813 -0.297755132
vn 0.929888838 -0.257667655 -0.262515007
vn 0.929888838 -0.257667655 -0.262515007
vn 0.929888838 -0.257667655 -0.262515007
vn 0.953393012 -0.200701793 -0.225301031
vn 0.953393012 -0.200701793 -0.225301031
vn 0.953393012 -0.200701793 -0.225301031
vn 0.972438930 -0.140229196 -0.186274797
vn 0.972438930 -0.140229196 -0.186274797
vn 0.972438930 -0.140229196 -0.186274797
vn 0.986366994 -0.076648583 -0.145619871
vn 0.986366994 -0.076648583 -0.145619871
vn 0.986366994 -0.076648583 -0.145619871
vn 0.994570444 -0.010477512 -0.103536725
vn 0.994570444 -0.010477512 -0.103536725
vn 0.994570444 -0.010477512 -0.103536725
vn 0.996517162 0.057661768 -0.060238409
vn 0.996517162 0.057661768 -0.060238409
vn 0.996517162 0.057661768 -0.060238409
vn 0.991766975 0.127058892 -0.015946937
vn 0.991766975 0.127058892 -0.015946937
vn 0.991766975 0.127058892 -0.015946937
vn 0.979984574 0.196933637 0.029109734
vn 0.979984574 0.196933637 0.029109734
vn 0.979984574 0.196933637 0.029109734
vn 0.960948246 0.266455144 0.074700230
vn 0.960948246 0.266455144 0.074700230
vn 0.960948246 0.266455144 0.074700230
vn 0.934554642 0.334761442 0.120591868
vn 0.934554642 0.334761442 0.120591868
vn 0.934554642 0.334761442 0.120591868
vn 0.900819850 0.400978661 0.166552429
vn 0.900819850 0.400978661 0.166552429
vn 0.900819850 0.400978661 0.166552429
vn 0.859877085 0.464239368 0.212351612
vn 0.859877085 0.464239368 0.212351612
vn 0.859877085 0.464239368 0.212351612
vn 0.811971342 0.523699529 0.257762183
vn 0.811971342 0.523699529 0.257762183
vn 0.811971342 0.523699529 0.257762183
vn 0.757451427 0.578553622 0.302560806
vn 0.757451427 0.578553622 0.302560806
vn 0.757451427 0.578553622 0.302560806
vn 0.696759845 0.628047540 0.346528507
vn 0.696759845 0.628047540 0.346528507
vn 0.696759845 0.628047540 0.346528507
vn 0.630421057 0.671488974 0.389450701
vn 0.630421057 0.671488974 0.389450701
vn 0.630421057 0.671488974 0.389450701
vn 0.559028714 0.708255089 0.431116719
vn 0.559028714 0.708255089 0.431116719
vn 0.559028714 0.708255089 0.431116719
vn 0.483232498 0.737797418 0.471318707
vn 0.483232498 0.737797418 0.471318707
vn 0.483232498 0.737797418 0.471318707
vn 0.403725264 0.759644055 0.509849802
vn 0.403725264 0.759644055 0.509849802
vn 0.403725264 0.759644055 0.509849802
vn 0.321231169 0.773399432 0.546501468
vn 0.321231169 0.773399432 0.546501468
vn 0.321231169 0.773399432 0.546501468
vn 0.236495497 0.778742125 0.581059878
vn 0.236495497 0.778742125 0.581059878
vn 0.236495497 0.778742125 0.581059878
vn 0.150276798 0.775421460 0.613301267
vn 0.150276798 0.775421460 0.613301267
vn 0.150276798 0.775421460 0.613301267
vn 0.063341894 0.763253875 0.642986257
vn 0.063341894 0.763253875 0.642986257
vn 0.063341894 0.763253875 0.642986257
vn -0.023535919 0.742120393 0.669853255
vn -0.023535919 0.742120393 0.669853255
vn -0.023535919 0.742120393 0.669853255
vn -0.109575411 0.711966769 0.693611238
vn -0.109575411 0.711966769 0.693611238
vn -0.109575411 0.711966769 0.693611238
vn -0.193983064 0.672808197 0.713932560
vn -0.193983064 0.672808197 0.713932560
vn -0.193983064 0.672808197 0.713932560
vn -0.275946802 0.624740523 0.730446878
vn -0.275946802 0.624740523 0.730446878
vn -0.275946802 0.624740523 0.730446878
vn -0.316786281 0.597088430 0.736974802
vn -0.316786281 0.597088430 0.736974802
vn -0.316786281 0.597088430 0.736974802
vn 0.272161048 -0.143769908 -0.951450775
vn 0.272161048 -0.143769908 -0.951450775
vn 0.272161048 -0.143769908 -0.951450775
vn 0.287258656 -0.151745266 -0.945756755
vn 0.287258656 -0.151745266 -0.945756755
vn 0.287258656 -0.151745266 -0.945756755
vn 0.315998297 -0.166137412 -0.934100335
vn 0.315998297 -0.166137412 -0.934100335
vn 0.315998297 -0.166137412 -0.934100335
vn 0.342537189 -0.177927544 -0.922502067
vn 0.342537189 -0.177927544 -0.922502067
vn 0.342537189 -0.177927544 -0.922502067
vn 0.367322828 -0.187434202 -0.911011723
vn 0.367322828 -0.187434202 -0.911011723
vn 0.367322828 -0.187434202 -0.911011723
vn 0.390890029 -0.194949259 -0.899555319
vn 0.390890029 -0.194949259 -0.899555319
vn 0.390890029 -0.194949259 -0.899555319
vn 0.413795821 -0.200688188 -0.887973687
vn 0.413795821 -0.200688188 -0.887973687
vn 0.413795821 -0.200688188 -0.887973687
vn 0.436570195 -0.204760925 -0.876059033
vn 0.436570195 -0.204760925 -0.876059033
vn 0.436570195 -0.204760925 -0.876059033
vn 0.459680230 -0.207161021 -0.863584621
vn 0.459680230 -0.207161021 -0.863584621
vn 0.459680230 -0.207161021 -0.863584621
vn 0.483504606 -0.207769113 -0.850326579
vn 0.483504606 -0.207769113 -0.850326579
vn 0.483504606 -0.207769113 -0.850326579
vn 0.508316102 -0.206366619 -0.836078680
vn 0.508316102 -0.206366619 -0.836078680
vn 0.508316102 -0.206366619 -0.836078680
vn 0.534270499 -0.202656102 -0.820661646
vn 0.534270499 -0.202656102 -0.820661646
vn 0.534270499 -0.202656102 -0.820661646
vn 0.561400947 -0.196285461 -0.803928476
vn 0.561400947 -0.196285461 -0.803928476
vn 0.561400947 -0.196285461 -0.803928476
vn 0.589617147 -0.186873769 -0.785767023
vn 0.589617147 -0.186873769 -0.785767023
vn 0.589617147 -0.186873769 -0.785767023
vn 0.618708910 -0.174037120 -0.766100754
vn 0.618708910 -0.174037120 -0.766100754
vn 0.618708910 -0.174037120 -0.766100754
vn 0.648353657 -0.157413269 -0.744888313
vn 0.648353657 -0.157413269 -0.744888313
vn 0.648353657 -0.157413269 -0.744888313
vn 0.678127394 -0.136684167 -0.722122342
vn 0.678127394 -0.136684167 -0.722122342
vn 0.678127394 -0.136684167 -0.722122342
vn 0.707518698 -0.111595748 -0.697827831
vn 0.707518698 -0.111595748 -0.697827831
vn 0.707518698 -0.111595748 -0.697827831
vn 0.735945152 -0.081974496 -0.672060202
vn 0.735945152 -0.081974496 -0.672060202
vn 0.735945152 -0.081974496 -0.672060202
vn 0.762771697 -0.047740519 -0.644903234
vn 0.762771697 -0.047740519 -0.644903234
vn 0.762771697 -0.047740519 -0.644903234
vn 0.787330313 -0.008916947 -0.616466922
vn 0.787330313 -0.008916947 -0.616466922
vn 0.787330313 -0.008916947 -0.616466922
vn 0.808940476 0.034364393 -0.586885334
vn 0.808940476 0.034364393 -0.586885334
vn 0.808940476 0.034364393 -0.586885334
vn 0.826929854 0.081860978 -0.556314477
vn 0.826929854 0.081860978 -0.556314477
vn 0.826929854 0.081860978 -0.556314477
vn 0.840654722 0.133221158 -0.524930245
vn 0.840654722 0.133221158 -0.524930245
vn 0.840654722 0.133221158 -0.524930245
vn 0.849519654 0.187989087 -0.492926426
vn 0.849519654 0.187989087 -0.492926426
vn 0.849519654 0.187989087 -0.492926426
vn 0.852996077 0.245612792 -0.460512811
vn 0.852996077 0.245612792 -0.460512811
vn 0.852996077 0.245612792 -0.460512811
vn 0.850639352 0.305455101 -0.427913395
vn 0.850639352 0.305455101 -0.427913395
vn 0.850639352 0.305455101 -0.427913395
vn 0.842104096 0.366807136 -0.395364663
vn 0.842104096 0.366807136 -0.395364663
vn 0.842104096 0.366807136 -0.395364663
vn 0.827157529 0.428904061 -0.363113932
vn 0.827157529 0.428904061 -0.363113932
vn 0.827157529 0.428904061 -0.363113932
vn 0.805690673 0.490942807 -0.331417712
vn 0.805690673 0.490942807 -0.331417712
vn 0.805690673 0.490942807 -0.331417712
vn 0.777727253 0.552101469 -0.300539995
vn 0.777727253 0.552101469 -0.300539995
vn 0.777727253 0.552101469 -0.300539995
vn 0.743430203 0.611560111 -0.270750371
vn 0.743430203 0.611560111 -0.270750371
vn 0.743430203 0.611560111 -0.270750371
vn 0.703105618 0.668522725 -0.242321802
vn 0.703105618 0.668522725 -0.242321802
vn 0.703105618 0.668522725 -0.242321802
vn 0.657203976 0.722240049 -0.215527830
vn 0.657203976 0.722240049 -0.215527830
vn 0.657203976 0.722240049 -0.215527830
vn 0.606318356 0.772032935 -0.190638923
vn 0.606318356 0.772032935 -0.190638923
vn 0.606318356 0.772032935 -0.190638923
vn 0.551179210 0.817315829 -0.167917583
vn 0.551179210 0.817315829 -0.167917583
vn 0.551179210 0.817315829 -0.167917583
vn 0.492645019 0.857619760 -0.147611761
vn 0.492645019 0.857619760 -0.147611761
vn 0.492645019 0.857619760 -0.147611761
vn 0.431687851 0.892613925 -0.129946068
vn 0.431687851 0.892613925 -0.129946068
vn 0.431687851 0.892613925 -0.129946068
vn 0.369372372 0.922124537 -0.115110336
vn 0.369372372 0.922124537 -0.115110336
vn 0.369372372 0.922124537 -0.115110336
vn 0.306826385 0.946149022 -0.103245324
vn 0.306826385 0.946149022 -0.103245324
vn 0.306826385 0.946149022 -0.103245324
vn 0.245200447 0.964862931 -0.094425974
vn 0.245200447 0.964862931 -0.094425974
vn 0.245200447 0.964862931 -0.094425974
vn 0.185613950 0.978616234 -0.088643831
vn 0.185613950 0.978616234 -0.088643831
vn 0.185613950 0.978616234 -0.088643831
vn 0.129085797 0.987915257 -0.085792203
vn 0.129085797 0.987915257 -0.085792203
vn 0.129085797 0.987915257 -0.085792203
vn 0.076450360 0.993386979 -0.085660092
vn 0.076450360 0.993386979 -0.085660092
vn 0.076450360 0.993386979 -0.085660092
vn 0.028264907 0.995724410 -0.087943126
vn 0.028264907 0.995724410 -0.087943126
vn 0.028264907 0.995724410 -0.087943126
vn -0.015276913 0.995615959 -0.092279343
vn -0.015276913 0.995615959 -0.092279343
vn -0.015276913 0.995615959 -0.092279343
vn -0.054401787 0.993667524 -0.098312243
vn -0.054401787 0.993667524 -0.098312243
vn -0.054401787 0.993667524 -0.098312243
vn -0.089756177 0.990331332 -0.105771836
vn -0.089756177 0.990331332 -0.105771836
vn -0.089756177 0.990331332 -0.105771836
vn -0.122329766 0.985856798 -0.114550431
vn -0.122329766 0.985856798 -0.114550431
vn -0.122329766 0.985856798 -0.114550431
vn -0.153307421 0.980273411 -0.124743232
vn -0.153307421 0.980273411 -0.124743232
vn -0.153307421 0.980273411 -0.124743232
vn -0.183882298 0.973405727 -0.136633052
vn -0.183882298 0.973405727 -0.136633052
vn -0.183882298 0.973405727 -0.136633052
vn -0.215078449 0.964911596 -0.150621623
vn -0.215078449 0.964911596 -0.150621623
vn -0.215078449 0.964911596 -0.150621623
vn -0.247624076 0.954331664 -0.167132855
vn -0.247624076 0.954331664 -0.167132855
vn -0.247624076 0.954331664 -0.167132855
vn -0.281892573 0.941141012 -0.186521242
vn -0.281892573 0.941141012 -0.186521242
vn -0.281892573 0.941141012 -0.186521242
vn -0.317904073 0.924798379 -0.209009468
vn -0.317904073 0.924798379 -0.209009468
vn -0.317904073 0.924798379 -0.209009468
vn -0.355367315 0.904791441 -0.234662566
vn -0.355367315 0.904791441 -0.234662566
vn -0.355367315 0.904791441 -0.234662566
vn -0.393741125 0.880677147 -0.263392650
vn -0.393741125 0.880677147 -0.263392650
vn -0.393741125 0.880677147 -0.263392650
vn -0.432300805 0.852115762 -0.294982613
vn -0.432300805 0.852115762 -0.294982613
vn -0.432300805 0.852115762 -0.294982613
vn -0.470201335 0.818896932 -0.329117789
vn -0.470201335 0.818896932 -0.329117789
vn -0.470201335 0.818896932 -0.329117789
vn -0.506533925 0.780956540 -0.365417934
vn -0.506533925 0.780956540 -0.365417934
vn -0.506533925 0.780956540 -0.365417934
vn -0.540374798 0.738383877 -0.403465399
vn -0.540374798 0.738383877 -0.403465399
vn -0.540374798 0.738383877 -0.403465399
vn -0.570826050 0.691419586 -0.442827931
vn -0.570826050 0.691419586 -0.442827931
vn -0.570826050 0.691419586 -0.442827931
vn -0.597048626 0.640445529 -0.483076041
vn -0.597048626 0.640445529 -0.483076041
vn -0.597048626 0.640445529 -0.483076041
vn -0.618287501 0.585968245 -0.523795553
vn -0.618287501 0.585968245 -0.523795553
vn -0.618287501 0.585968245 -0.523795553
vn -0.626535253 0.557499941 -0.544653460
vn -0.626535253 0.557499941 -0.544653460
vn -0.626535253 0.557499941 -0.544653460
vn -0.467087285 -0.884211212 -0.000000000
vn -0.467087285 -0.884211212 -0.000000000
vn -0.467087285 -0.884211212 -0.000000000
vn -0.449909702 -0.893049400 0.006635493
vn -0.449909702 -0.893049400 0.006635493
vn -0.449909702 -0.893049400 0.006635493
vn -0.413862369 -0.910077000 0.021858502
vn -0.413862369 -0.910077000 0.021858502
vn -0.413862369 -0.910077000 0.021858502
vn -0.373897832 -0.926611805 0.039887011
vn -0.373897832 -0.926611805 0.039887011
vn -0.373897832 -0.926611805 0.039887011
vn -0.329944142 -0.942041501 0.060783830
vn -0.329944142 -0.942041501 0.060783830
vn -0.329944142 -0.942041501 0.060783830
vn -0.282154450 -0.955640653 0.084497389
vn -0.282154450 -0.955640653 0.084497389
vn -0.282154450 -0.955640653 0.084497389
vn -0.230873689 -0.966645062 0.110881301
vn -0.230873689 -0.966645062 0.110881301
vn -0.230873689 -0.966645062 0.110881301
vn -0.176605029 -0.974314924 0.139717905
vn -0.176605029 -0.974314924 0.139717905
vn -0.176605029 -0.974314924 0.139717905
vn -0.119977527 -0.977984182 0.170740540
vn -0.119977527 -0.977984182 0.170740540
vn -0.119977527 -0.977984182 0.170740540
vn -0.061715112 -0.977096223 0.203652195
vn -0.061715112 -0.977096223 0.203652195
vn -0.061715112 -0.977096223 0.203652195
vn -0.002606792 -0.971227325 0.238140058
vn -0.002606792 -0.971227325 0.238140058
vn -0.002606792 -0.971227325 0.238140058
vn 0.056521861 -0.960099754 0.273886367
vn 0.056521861 -0.960099754 0.273886367
vn 0.056521861 -0.960099754 0.273886367
vn 0.114835688 -0.943586309 0.310576308
vn 0.114835688 -0.943586309 0.310576308
vn 0.114835688 -0.943586309 0.310576308
vn 0.171515025 -0.921707990 0.347903689
vn 0.171515025 -0.921707990 0.347903689
vn 0.171515025 -0.921707990 0.347903689
vn 0.225778467 -0.894626173 0.385575018
vn 0.225778467 -0.894626173 0.385575018
vn 0.225778467 -0.894626173 0.385575018
vn 0.276902929 -0.862630468 0.423312465
vn 0.276902929 -0.862630468 0.423312465
vn 0.276902929 -0.862630468 0.423312465
vn 0.324240659 -0.826123295 0.460856047
vn 0.324240659 -0.826123295 0.460856047
vn 0.324240659 -0.826123295 0.460856047
vn 0.367232960 -0.785602021 0.497965278
vn 0.367232960 -0.785602021 0.497965278
vn 0.367232960 -0.785602021 0.497965278
vn 0.405420412 -0.741639458 0.534420438
vn 0.405420412 -0.741639458 0.534420438
vn 0.405420412 -0.741639458 0.534420438
vn 0.438449523 -0.694863421 0.570023545
vn 0.438449523 -0.694863421 0.570023545
vn 0.438449523 -0.694863421 0.570023545
vn 0.466075756 -0.645935999 0.604599102
vn 0.466075756 -0.645935999 0.604599102
vn 0.466075756 -0.645935999 0.604599102
vn 0.488163016 -0.595533147 0.637994624
vn 0.488163016 -0.595533147 0.637994624
vn 0.488163016 -0.595533147 0.637994624
vn 0.504679721 -0.544325172 0.670080956
vn 0.504679721 -0.544325172 0.670080956
vn 0.504679721 -0.544325172 0.670080956
vn 0.515691666 -0.492958642 0.700752369
vn 0.515691666 -0.492958642 0.700752369
vn 0.515691666 -0.492958642 0.700752369
vn 0.521351980 -0.442040199 0.729926418
vn 0.521351980 -0.442040199 0.729926418
vn 0.521351980 -0.442040199 0.729926418
vn 0.521888502 -0.392122702 0.757543515
vn 0.521888502 -0.392122702 0.757543515
vn 0.521888502 -0.392122702 0.757543515
vn 0.517589015 -0.343694087 0.783566197
vn 0.517589015 -0.343694087 0.783566197
vn 0.517589015 -0.343694087 0.783566197
vn 0.508784789 -0.297169238 0.807978021
vn 0.508784789 -0.297169238 0.807978021
vn 0.508784789 -0.297169238 0.807978021
vn 0.495832975 -0.252885104 0.830782032
vn 0.495832975 -0.252885104 0.830782032
vn 0.495832975 -0.252885104 0.830782032
vn 0.479098405 -0.211099225 0.851998730
vn 0.479098405 -0.211099225 0.851998730
vn 0.479098405 -0.211099225 0.851998730
vn 0.458935438 -0.171991715 0.871663418
vn 0.458935438 -0.171991715 0.871663418
vn 0.458935438 -0.171991715 0.871663418
vn 0.435670529 -0.135670669 0.889822825
vn 0.435670529 -0.135670669 0.889822825
vn 0.435670529 -0.135670669 0.889822825
vn 0.409586254 -0.102180831 0.906530848
vn 0.409586254 -0.102180831 0.906530848
vn 0.409586254 -0.102180831 0.906530848
vn 0.380907652 -0.071515216 0.921843227
vn 0.380907652 -0.071515216 0.921843227
vn 0.380907652 -0.071515216 0.921843227
vn 0.349791806 -0.043629223 0.935810976
vn 0.349791806 -0.043629223 0.935810976
vn 0.349791806 -0.043629223 0.935810976
vn 0.316321805 -0.018456527 0.948472389
vn 0.316321805 -0.018456527 0.948472389
vn 0.316321805 -0.018456527 0.948472389
vn 0.280506380 0.004074207 0.959843514
vn 0.280506380 0.004074207 0.959843514
vn 0.280506380 0.004074207 0.959843514
vn 0.242286821 0.024023096 0.969907205
vn 0.242286821 0.024023096 0.969907205
vn 0.242286821 0.024023096 0.969907205
vn 0.201552970 0.041425009 0.978601231
vn 0.201552970 0.041425009 0.978601231
vn 0.201552970 0.041425009 0.978601231
vn 0.158170257 0.056279844 0.985806649
vn 0.158170257 0.056279844 0.985806649
vn 0.158170257 0.056279844 0.985806649
vn 0.112019416 0.068549550 0.991338797
vn 0.112019416 0.068549550 0.991338797
vn 0.112019416 0.068549550 0.991338797
vn 0.063049370 0.078164322 0.994944780
vn 0.063049370 0.078164322 0.994944780
vn 0.063049370 0.078164322 0.994944780
vn 0.011340968 0.085039614 0.996313026
vn 0.011340968 0.085039614 0.996313026
vn 0.011340968 0.085039614 0.996313026
vn -0.042825706 0.089103750 0.995101241
vn -0.042825706 0.089103750 0.995101241
vn -0.042825706 0.089103750 0.995101241
vn -0.098914838 0.090332567 0.990987327
vn -0.098914838 0.090332567 0.990987327
vn -0.098914838 0.090332567 0.990987327
vn -0.156110467 0.088783349 0.983741348
vn -0.156110467 0.088783349 0.983741348
vn -0.156110467 0.088783349 0.983741348
vn -0.213347184 0.084617181 0.973305148
vn -0.213347184 0.084617181 0.973305148
vn -0.213347184 0.084617181 0.973305148
vn -0.269409217 0.078099466 0.959853711
vn -0.269409217 0.078099466 0.959853711
vn -0.269409217 0.078099466 0.959853711
vn -0.323087985 0.069574341 0.943808013
vn -0.323087985 0.069574341 0.943808013
vn -0.323087985 0.069574341 0.943808013
vn -0.373360193 0.059418225 0.925781638
vn -0.373360193 0.059418225 0.925781638
vn -0.373360193 0.059418225 0.925781638
vn -0.419533285 0.047985255 0.906470760
vn -0.419533285 0.047985255 0.906470760
vn -0.419533285 0.047985255 0.906470760
vn -0.461315364 0.035558284 0.886523403
vn -0.461315364 0.035558284 0.886523403
vn -0.461315364 0.035558284 0.886523403
vn -0.498797486 0.022313905 0.866431277
vn -0.498797486 0.022313905 0.866431277
vn -0.498797486 0.022313905 0.866431277
vn -0.532367755 0.008303303 0.846472462
vn -0.532367755 0.008303303 0.846472462
vn -0.532367755 0.008303303 0.846472462
vn -0.562592171 -0.006553233 0.826708597
vn -0.562592171 -0.006553233 0.826708597
vn -0.562592171 -0.006553233 0.826708597
vn -0.590094438 -0.022460964 0.807021722
vn -0.590094438 -0.022460964 0.807021722
vn -0.590094438 -0.022460964 0.807021722
vn -0.615454738 -0.039736550 0.787169913
vn -0.615454738 -0.039736550 0.787169913
vn -0.615454738 -0.039736550 0.787169913
vn -0.639135065 -0.058786380 0.766844528
vn -0.639135065 -0.058786380 0.766844528
vn -0.639135065 -0.058786380 0.766844528
vn -0.661430704 -0.080078713 0.745718998
vn -0.661430704 -0.080078713 0.745718998
vn -0.661430704 -0.080078713 0.745718998
vn -0.682443830 -0.104111269 0.723485495
vn -0.682443830 -0.104111269 0.723485495
vn -0.682443830 -0.104111269 0.723485495
vn -0.702074495 -0.131376234 0.699879768
vn -0.702074495 -0.131376234 0.699879768
vn -0.702074495 -0.131376234 0.699879768
vn -0.720024704 -0.162324714 0.674696311
vn -0.720024704 -0.162324714 0.674696311
vn -0.720024704 -0.162324714 0.674696311
vn -0.735812190 -0.197332441 0.647796518
vn -0.735812190 -0.197332441 0.647796518
vn -0.735812190 -0.197332441 0.647796518
vn -0.748791198 -0.236668138 0.619112214
vn -0.748791198 -0.236668138 0.619112214
vn -0.748791198 -0.236668138 0.619112214
vn -0.754230450 -0.257557331 0.603987293
vn -0.754230450 -0.257557331 0.603987293
vn -0.754230450 -0.257557331 0.603987293
vn 0.270595374 0.325470665 -0.906006065
vn 0.270595374 0.325470665 -0.906006065
vn 0.270595374 0.325470665 -0.906006065
vn 0.266330983 0.320341478 -0.909092484
vn 0.266330983 0.320341478 -0.909092484
vn 0.266330983 0.320341478 -0.909092484
vn 0.258552255 0.310068753 -0.914881468
vn 0.258552255 0.310068753 -0.914881468
vn 0.258552255 0.310068753 -0.914881468
vn 0.252378385 0.300155328 -0.919897782
vn 0.252378385 0.300155328 -0.919897782
vn 0.252378385 0.300155328 -0.919897782
vn 0.247534248 0.290557279 -0.924285272
vn 0.247534248 0.290557279 -0.924285272
vn 0.247534248 0.290557279 -0.924285272
vn 0.243771199 0.281124080 -0.928194405
vn 0.243771199 0.281124080 -0.928194405
vn 0.243771199 0.281124080 -0.928194405
vn 0.240889408 0.271599426 -0.931775748
vn 0.240889408 0.271599426 -0.931775748
vn 0.240889408 0.271599426 -0.931775748
vn 0.238759526 0.261627472 -0.935171083
vn 0.238759526 0.261627472 -0.935171083
vn 0.238759526 0.261627472 -0.935171083
vn 0.237341852 0.250765719 -0.938501678
vn 0.237341852 0.250765719 -0.938501678
vn 0.237341852 0.250765719 -0.938501678
vn 0.236700482 0.238506036 -0.941853361
vn 0.236700482 0.238506036 -0.941853361
vn 0.236700482 0.238506036 -0.941853361
vn 0.237009109 0.224305596 -0.945258527
vn 0.237009109 0.224305596 -0.945258527
vn 0.237009109 0.224305596 -0.945258527
vn 0.238544299 0.207629674 -0.948676202
vn 0.238544299 0.207629674 -0.948676202
vn 0.238544299 0.207629674 -0.948676202
vn 0.241661678 0.188007824 -0.951973052
vn 0.241661678 0.188007824 -0.951973052
vn 0.241661678 0.188007824 -0.951973052
vn 0.246751124 0.165103440 -0.954910853
vn 0.246751124 0.165103440 -0.954910853
vn 0.246751124 0.165103440 -0.954910853
vn 0.254169981 0.138792977 -0.957148959
vn 0.254169981 0.138792977 -0.957148959
vn 0.254169981 0.138792977 -0.957148959
vn 0.264159582 0.109244593 -0.958272057
vn 0.264159582 0.109244593 -0.958272057
vn 0.264159582 0.109244593 -0.958272057
vn 0.276759887 0.076977060 -0.957850979
vn 0.276759887 0.076977060 -0.957850979
vn 0.276759887 0.076977060 -0.957850979
vn 0.291746814 0.042872431 -0.955534275
vn 0.291746814 0.042872431 -0.955534275
vn 0.291746814 0.042872431 -0.955534275
vn 0.308619934 0.008117127 -0.951150802
vn 0.308619934 0.008117127 -0.951150802
vn 0.308619934 0.008117127 -0.951150802
vn 0.326657239 -0.025936885 -0.944786921
vn 0.326657239 -0.025936885 -0.944786921
vn 0.326657239 -0.025936885 -0.944786921
vn 0.345028583 -0.057968060 -0.936800395
vn 0.345028583 -0.057968060 -0.936800395
vn 0.345028583 -0.057968060 -0.936800395
vn 0.362933173 -0.086886030 -0.927755533
vn 0.362933173 -0.086886030 -0.927755533
vn 0.362933173 -0.086886030 -0.927755533
vn 0.379717233 -0.111977726 -0.918300502
vn 0.379717233 -0.111977726 -0.918300502
vn 0.379717233 -0.111977726 -0.918300502
vn 0.394942448 -0.132962124 -0.909033298
vn 0.394942448 -0.132962124 -0.909033298
vn 0.394942448 -0.132962124 -0.909033298
vn 0.408401678 -0.149954313 -0.900400896
vn 0.408401678 -0.149954313 -0.900400896
vn 0.408401678 -0.149954313 -0.900400896
vn 0.420097608 -0.163368390 -0.892652658
vn 0.420097608 -0.163368390 -0.892652658
vn 0.420097608 -0.163368390 -0.892652658
vn 0.430204392 -0.173797009 -0.885843542
vn 0.430204392 -0.173797009 -0.885843542
vn 0.430204392 -0.173797009 -0.885843542
vn 0.439026552 -0.181897257 -0.879868783
vn 0.439026552 -0.181897257 -0.879868783
vn 0.439026552 -0.181897257 -0.879868783
vn 0.446961364 -0.188298843 -0.874510769
vn 0.446961364 -0.188298843 -0.874510769
vn 0.446961364 -0.188298843 -0.874510769
vn 0.454465696 -0.193539131 -0.869484638
vn 0.454465696 -0.193539131 -0.869484638
vn 0.454465696 -0.193539131 -0.869484638
vn 0.462026196 -0.198023017 -0.864475956
vn 0.462026196 -0.198023017 -0.864475956
vn 0.462026196 -0.198023017 -0.864475956
vn 0.470131717 -0.202003055 -0.859168746
vn 0.470131717 -0.202003055 -0.859168746
vn 0.470131717 -0.202003055 -0.859168746
vn 0.479247553 -0.205575002 -0.853264731
vn 0.479247553 -0.205575002 -0.853264731
vn 0.479247553 -0.205575002 -0.853264731
vn 0.489791645 -0.208684616 -0.846495644
vn 0.489791645 -0.208684616 -0.846495644
vn 0.489791645 -0.208684616 -0.846495644
vn 0.502113319 -0.211142437 -0.838630482
vn 0.502113319 -0.211142437 -0.838630482
vn 0.502113319 -0.211142437 -0.838630482
vn 0.516475173 -0.212644047 -0.829479297
vn 0.516475173 -0.212644047 -0.829479297
vn 0.516475173 -0.212644047 -0.829479297
vn 0.533038674 -0.212793906 -0.818894697
vn 0.533038674 -0.212793906 -0.818894697
vn 0.533038674 -0.212793906 -0.818894697
vn 0.551853870 -0.211131278 -0.806771894
vn 0.551853870 -0.211131278 -0.806771894
vn 0.551853870 -0.211131278 -0.806771894
vn 0.572853432 -0.207157054 -0.793047855
vn 0.572853432 -0.207157054 -0.793047855
vn 0.572853432 -0.207157054 -0.793047855
vn 0.595851074 -0.200360526 -0.777699914
vn 0.595851074 -0.200360526 -0.777699914
vn 0.595851074 -0.200360526 -0.777699914
vn 0.620544258 -0.190245278 -0.760744082
vn 0.620544258 -0.190245278 -0.760744082
vn 0.620544258 -0.190245278 -0.760744082
vn 0.646520949 -0.176353549 -0.742233176
vn 0.646520949 -0.176353549 -0.742233176
vn 0.646520949 -0.176353549 -0.742233176
vn 0.673270119 -0.158288470 -0.722254877
vn 0.673270119 -0.158288470 -0.722254877
vn 0.673270119 -0.158288470 -0.722254877
vn 0.700195592 -0.135733731 -0.700929730
vn 0.700195592 -0.135733731 -0.700929730
vn 0.700195592 -0.135733731 -0.700929730
vn 0.726632806 -0.108470274 -0.678409143
vn 0.726632806 -0.108470274 -0.678409143
vn 0.726632806 -0.108470274 -0.678409143
vn 0.751867996 -0.076389730 -0.654873366
vn 0.751867996 -0.076389730 -0.654873366
vn 0.751867996 -0.076389730 -0.654873366
vn 0.775159336 -0.039504372 -0.630529467
vn 0.775159336 -0.039504372 -0.630529467
vn 0.775159336 -0.039504372 -0.630529467
vn 0.795759527 0.002046562 -0.605609269
vn 0.795759527 0.002046562 -0.605609269
vn 0.795759527 0.002046562 -0.605609269
vn 0.812939377 0.047994257 -0.580367229
vn 0.812939377 0.047994257 -0.580367229
vn 0.812939377 0.047994257 -0.580367229
vn 0.826011899 0.097941471 -0.555078203
vn 0.826011899 0.097941471 -0.555078203
vn 0.826011899 0.097941471 -0.555078203
vn 0.834356520 0.151367434 -0.530034996
vn 0.834356520 0.151367434 -0.530034996
vn 0.834356520 0.151367434 -0.530034996
vn 0.837442971 0.207636496 -0.505545603
vn 0.837442971 0.207636496 -0.505545603
vn 0.837442971 0.207636496 -0.505545603
vn 0.834854447 0.266010511 -0.481929932
vn 0.834854447 0.266010511 -0.481929932
vn 0.834854447 0.266010511 -0.481929932
vn 0.826309600 0.325664963 -0.459515806
vn 0.826309600 0.325664963 -0.459515806
vn 0.826309600 0.325664963 -0.459515806
vn 0.811682798 0.385708877 -0.438633898
vn 0.811682798 0.385708877 -0.438633898
vn 0.811682798 0.385708877 -0.438633898
vn 0.791021959 0.445208568 -0.419611238
vn 0.791021959 0.445208568 -0.419611238
vn 0.791021959 0.445208568 -0.419611238
vn 0.764562947 0.503215274 -0.402762818
vn 0.764562947 0.503215274 -0.402762818
vn 0.764562947 0.503215274 -0.402762818
vn 0.732739117 0.558796672 -0.388380826
vn 0.732739117 0.558796672 -0.388380826
vn 0.732739117 0.558796672 -0.388380826
vn 0.696183994 0.611072061 -0.376721094
vn 0.696183994 0.611072061 -0.376721094
vn 0.696183994 0.611072061 -0.376721094
vn 0.655724371 0.659250633 -0.367986619
vn 0.655724371 0.659250633 -0.367986619
vn 0.655724371 0.659250633 -0.367986619
vn 0.612360300 0.702671577 -0.362308595
vn 0.612360300 0.702671577 -0.362308595
vn 0.612360300 0.702671577 -0.362308595
vn 0.567227894 0.740843709 -0.359726445
vn 0.567227894 0.740843709 -0.359726445
vn 0.567227894 0.740843709 -0.359726445
vn 0.521540957 0.773480837 -0.360169994
vn 0.521540957 0.773480837 -0.360169994
vn 0.521540957 0.773480837 -0.360169994
vn 0.476509075 0.800527238 -0.363449093
vn 0.476509075 0.800527238 -0.363449093
vn 0.476509075 0.800527238 -0.363449093
vn 0.453583186 0.812297956 -0.366652865
vn 0.453583186 0.812297956 -0.366652865
vn 0.453583186 0.812297956 -0.366652865
vn 0.768953001 -0.639305312 -0.000000000
vn 0.768953001 -0.639305312 -0.000000000
vn 0.768953001 -0.639305312 -0.000000000
vn 0.792398496 -0.609758988 0.017280062
vn 0.792398496 -0.609758988 0.017280062
vn 0.792398496 -0.609758988 0.017280062
vn 0.835942713 -0.546437570 0.051046675
vn 0.835942713 -0.546437570 0.051046675
vn 0.835942713 -0.546437570 0.051046675
vn 0.873780047 -0.479117908 0.083393400
vn 0.873780047 -0.479117908 0.083393400
vn 0.873780047 -0.479117908 0.083393400
vn 0.905583332 -0.408534182 0.114099307
vn 0.905583332 -0.408534182 0.114099307
vn 0.905583332 -0.408534182 0.114099307
vn 0.931142044 -0.335473903 0.142939690
vn 0.931142044 -0.335473903 0.142939690
vn 0.931142044 -0.335473903 0.142939690
vn 0.950372535 -0.260764248 0.169688101
vn 0.950372535 -0.260764248 0.169688101
vn 0.950372535 -0.260764248 0.169688101
vn 0.963326229 -0.185257073 0.194119533
vn 0.963326229 -0.185257073 0.194119533
vn 0.963326229 -0.185257073 0.194119533
vn 0.970195135 -0.109812639 0.216015239
vn 0.970195135 -0.109812639 0.216015239
vn 0.970195135 -0.109812639 0.216015239
vn 0.971313722 -0.035281930 0.235169807
vn 0.971313722 -0.035281930 0.235169807
vn 0.971313722 -0.035281930 0.235169807
vn 0.967155761 0.037512788 0.251401121
vn 0.967155761 0.037512788 0.251401121
vn 0.967155761 0.037512788 0.251401121
vn 0.958324192 0.107799912 0.264563644
vn 0.958324192 0.107799912 0.264563644
vn 0.958324192 0.107799912 0.264563644
vn 0.945531433 0.174884168 0.274564815
vn 0.945531433 0.174884168 0.274564815
vn 0.945531433 0.174884168 0.274564815
vn 0.929567151 0.238177512 0.281382985
vn 0.929567151 0.238177512 0.281382985
vn 0.929567151 0.238177512 0.281382985
vn 0.911250875 0.297236432 0.285083052
vn 0.911250875 0.297236432 0.285083052
vn 0.911250875 0.297236432 0.285083052
vn 0.891368868 0.351804819 0.285823216
vn 0.891368868 0.351804819 0.285823216
vn 0.891368868 0.351804819 0.285823216
vn 0.870599264 0.401857210 0.283844508
vn 0.870599264 0.401857210 0.283844508
vn 0.870599264 0.401857210 0.283844508
vn 0.849436199 0.447630749 0.279436677
vn 0.849436199 0.447630749 0.279436677
vn 0.849436199 0.447630749 0.279436677
vn 0.828129984 0.489628655 0.272881859
vn 0.828129984 0.489628655 0.272881859
vn 0.828129984 0.489628655 0.272881859
vn 0.806661192 0.528578997 0.264389799
vn 0.806661192 0.528578997 0.264389799
vn 0.806661192 0.528578997 0.264389799
vn 0.784758355 0.565344140 0.254047886
vn 0.784758355 0.565344140 0.254047886
vn 0.784758355 0.565344140 0.254047886
vn 0.761954203 0.600795471 0.241806936
vn 0.761954203 0.600795471 0.241806936
vn 0.761954203 0.600795471 0.241806936
vn 0.737662772 0.635683624 0.227508163
vn 0.737662772 0.635683624 0.227508163
vn 0.737662772 0.635683624 0.227508163
vn 0.711257040 0.670536030 0.210938039
vn 0.711257040 0.670536030 0.210938039
vn 0.711257040 0.670536030 0.210938039
vn 0.682133575 0.705600863 0.191888530
vn 0.682133575 0.705600863 0.191888530
vn 0.682133575 0.705600863 0.191888530
vn 0.649760251 0.740838853 0.170204026
vn 0.649760251 0.740838853 0.170204026
vn 0.649760251 0.740838853 0.170204026
vn 0.613709212 0.775951861 0.145807110
vn 0.613709212 0.775951861 0.145807110
vn 0.613709212 0.775951861 0.145807110
vn 0.573678897 0.810433016 0.118704888
vn 0.573678897 0.810433016 0.118704888
vn 0.573678897 0.810433016 0.118704888
vn 0.529507881 0.843625254 0.088982215
vn 0.529507881 0.843625254 0.088982215
vn 0.529507881 0.843625254 0.088982215
vn 0.481181951 0.874779405 0.056788404
vn 0.481181951 0.874779405 0.056788404
vn 0.481181951 0.874779405 0.056788404
vn 0.428835006 0.903107001 0.022322233
vn 0.428835006 0.903107001 0.022322233
vn 0.428835006 0.903107001 0.022322233
vn 0.372744236 0.927825740 -0.014182017
vn 0.372744236 0.927825740 -0.014182017
vn 0.372744236 0.927825740 -0.014182017
vn 0.313320163 0.948197108 -0.052466367
vn 0.313320163 0.948197108 -0.052466367
vn 0.313320163 0.948197108 -0.052466367
vn 0.251092318 0.963556435 -0.092258579
vn 0.251092318 0.963556435 -0.092258579
vn 0.251092318 0.963556435 -0.092258579
vn 0.186691503 0.973335946 -0.133279478
vn 0.186691503 0.973335946 -0.133279478
vn 0.186691503 0.973335946 -0.133279478
vn 0.120829593 0.977081443 -0.175248578
vn 0.120829593 0.977081443 -0.175248578
vn 0.120829593 0.977081443 -0.175248578
vn 0.054277821 0.974463218 -0.217888402
vn 0.054277821 0.974463218 -0.217888402
vn 0.054277821 0.974463218 -0.217888402
vn -0.012155555 0.965281770 -0.260927860
vn -0.012155555 0.965281770 -0.260927860
vn -0.012155555 0.965281770 -0.260927860
vn -0.077647425 0.949468836 -0.304104928
vn -0.077647425 0.949468836 -0.304104928
vn -0.077647425 0.949468836 -0.304104928
vn -0.141381116 0.927084235 -0.347168837
vn -0.141381116 0.927084235 -0.347168837
vn -0.141381116 0.927084235 -0.347168837
vn -0.202566181 0.898309005 -0.389881872
vn -0.202566181 0.898309005 -0.389881872
vn -0.202566181 0.898309005 -0.389881872
vn -0.260456118 0.863435336 -0.432020870
vn -0.260456118 0.863435336 -0.432020870
vn -0.260456118 0.863435336 -0.432020870
vn -0.314363586 0.822853813 -0.473378430
vn -0.314363586 0.822853813 -0.473378430
vn -0.314363586 0.822853813 -0.473378430
vn -0.363672698 0.777038527 -0.513763853
vn -0.363672698 0.777038527 -0.513763853
vn -0.363672698 0.777038527 -0.513763853
vn -0.407848126 0.726530627 -0.553003756
vn -0.407848126 0.726530627 -0.553003756
vn -0.407848126 0.726530627 -0.553003756
vn -0.446440790 0.671920952 -0.590942345
vn -0.446440790 0.671920952 -0.590942345
vn -0.446440790 0.671920952 -0.590942345
vn -0.479090068 0.613832369 -0.627441256
vn -0.479090068 0.613832369 -0.627441256
vn -0.479090068 0.613832369 -0.627441256
vn -0.505522513 0.552902495 -0.662378910
vn -0.505522513 0.552902495 -0.662378910
vn -0.505522513 0.552902495 -0.662378910
vn -0.525547260 0.489767473 -0.695649265
vn -0.525547260 0.489767473 -0.695649265
vn -0.525547260 0.489767473 -0.695649265
vn -0.539048381 0.425047457 -0.727159888
vn -0.539048381 0.425047457 -0.727159888
vn -0.539048381 0.425047457 -0.727159888
vn -0.545974639 0.359334442 -0.756829210
vn -0.545974639 0.359334442 -0.756829210
vn -0.545974639 0.359334442 -0.756829210
vn -0.546327242 0.293183011 -0.784582862
vn -0.546327242 0.293183011 -0.784582862
vn -0.546327242 0.293183011 -0.784582862
vn -0.540146378 0.227104516 -0.810348956
vn -0.540146378 0.227104516 -0.810348956
vn -0.540146378 0.227104516 -0.810348956
vn -0.527497515 0.161565078 -0.834052215
vn -0.527497515 0.161565078 -0.834052215
vn -0.527497515 0.161565078 -0.834052215
vn -0.508458704 0.096987656 -0.855606885
vn -0.508458704 0.096987656 -0.855606885
vn -0.508458704 0.096987656 -0.855606885
vn -0.483110319 0.033758226 -0.874908453
vn -0.483110319 0.033758226 -0.874908453
vn -0.483110319 0.033758226 -0.874908453
vn -0.451529002 -0.027764167 -0.891824373
vn -0.451529002 -0.027764167 -0.891824373
vn -0.451529002 -0.027764167 -0.891824373
vn -0.413787751 -0.087234091 -0.906184259
vn -0.413787751 -0.087234091 -0.906184259
vn -0.413787751 -0.087234091 -0.906184259
vn -0.369964291 -0.144304245 -0.917770510
vn -0.369964291 -0.144304245 -0.917770510
vn -0.369964291 -0.144304245 -0.917770510
vn -0.320159748 -0.198609570 -0.926310949
vn -0.320159748 -0.198609570 -0.926310949
vn -0.320159748 -0.198609570 -0.926310949
vn -0.264529081 -0.249753464 -0.931476018
vn -0.264529081 -0.249753464 -0.931476018
vn -0.264529081 -0.249753464 -0.931476018
vn -0.203323313 -0.297299431 -0.932884065
vn -0.203323313 -0.297299431 -0.932884065
vn -0.203323313 -0.297299431 -0.932884065
vn -0.136940900 -0.340772121 -0.930119106
vn -0.136940900 -0.340772121 -0.930119106
vn -0.136940900 -0.340772121 -0.930119106
vn -0.065981291 -0.379671704 -0.922765336
vn -0.065981291 -0.379671704 -0.922765336
vn -0.065981291 -0.379671704 -0.922765336
vn -0.028533478 -0.397961254 -0.916958386
vn -0.028533478 -0.397961254 -0.916958386
vn -0.028533478 -0.397961254 -0.916958386
vn -0.031157202 -0.458183434 -0.888311415
vn -0.031157202 -0.458183434 -0.888311415
vn -0.031157202 -0.458183434 -0.888311415
vn -0.031625497 -0.465069962 -0.884708855
vn -0.031625497 -0.465069962 -0.884708855
vn -0.031625497 -0.465069962 -0.884708855
vn -0.032021151 -0.478979806 -0.877241695
vn -0.032021151 -0.478979806 -0.877241695
vn -0.032021151 -0.478979806 -0.877241695
vn -0.031260287 -0.493570600 -0.869143749
vn -0.031260287 -0.493570600 -0.869143749
vn -0.031260287 -0.493570600 -0.869143749
vn -0.029126100 -0.509145743 -0.860187354
vn -0.029126100 -0.509145743 -0.860187354
vn -0.029126100 -0.509145743 -0.860187354
vn -0.025321786 -0.525893639 -0.850173328
vn -0.025321786 -0.525893639 -0.850173328
vn -0.025321786 -0.525893639 -0.850173328
vn -0.019495028 -0.543882460 -0.838934928
vn -0.019495028 -0.543882460 -0.838934928
vn -0.019495028 -0.543882460 -0.838934928
vn -0.011263598 -0.563059403 -0.826339664
vn -0.011263598 -0.563059403 -0.826339664
vn -0.011263598 -0.563059403 -0.826339664
vn -0.000240707 -0.583254082 -0.812289738
vn -0.000240707 -0.583254082 -0.812289738
vn -0.000240707 -0.583254082 -0.812289738
vn 0.013940940 -0.604185676 -0.796721607
vn 0.013940940 -0.604185676 -0.796721607
vn 0.013940940 -0.604185676 -0.796721607
vn 0.031607157 -0.625473449 -0.779604998
vn 0.031607157 -0.625473449 -0.779604998
vn 0.031607157 -0.625473449 -0.779604998
vn 0.053022911 -0.646650173 -0.760941604
vn 0.053022911 -0.646650173 -0.760941604
vn 0.053022911 -0.646650173 -0.760941604
vn 0.078375990 -0.667178016 -0.740763592
vn 0.078375990 -0.667178016 -0.740763592
vn 0.078375990 -0.667178016 -0.740763592
vn 0.107764003 -0.686466373 -0.719132004
vn 0.107764003 -0.686466373 -0.719132004
vn 0.107764003 -0.686466373 -0.719132004
vn 0.141184861 -0.703891139 -0.696135116
vn 0.141184861 -0.703891139 -0.696135116
vn 0.141184861 -0.703891139 -0.696135116
vn 0.178530859 -0.718814928 -0.671886770
vn 0.178530859 -0.718814928 -0.671886770
vn 0.178530859 -0.718814928 -0.671886770
vn 0.219586349 -0.730607712 -0.646524714
vn 0.219586349 -0.730607712 -0.646524714
vn 0.219586349 -0.730607712 -0.646524714
vn 0.264028962 -0.738667424 -0.620208952
vn 0.264028962 -0.738667424 -0.620208952
vn 0.264028962 -0.738667424 -0.620208952
vn 0.311434253 -0.742440065 -0.593120103
vn 0.311434253 -0.742440065 -0.593120103
vn 0.311434253 -0.742440065 -0.593120103
vn 0.361283625 -0.741438905 -0.565457773
vn 0.361283625 -0.741438905 -0.565457773
vn 0.361283625 -0.741438905 -0.565457773
vn 0.412975317 -0.735262398 -0.537438921
vn 0.412975317 -0.735262398 -0.537438921
vn 0.412975317 -0.735262398 -0.537438921
vn 0.465838229 -0.723610485 -0.509296191
vn 0.465838229 -0.723610485 -0.509296191
vn 0.465838229 -0.723610485 -0.509296191
vn 0.519148346 -0.706298981 -0.481276162
vn 0.519148346 -0.706298981 -0.481276162
vn 0.519148346 -0.706298981 -0.481276162
vn 0.572147484 -0.683271784 -0.453637438
vn 0.572147484 -0.683271784 -0.453637438
vn 0.572147484 -0.683271784 -0.453637438
vn 0.624064073 -0.654610652 -0.426648483
vn 0.624064073 -0.654610652 -0.426648483
vn 0.624064073 -0.654610652 -0.426648483
vn 0.674135694 -0.620542272 -0.400585016
vn 0.674135694 -0.620542272 -0.400585016
vn 0.674135694 -0.620542272 -0.400585016
vn 0.721633006 -0.581442339 -0.375726778
vn 0.721633006 -0.581442339 -0.375726778
vn 0.721633006 -0.581442339 -0.375726778
vn 0.765884658 -0.537836229 -0.352353346
vn 0.765884658 -0.537836229 -0.352353346
vn 0.765884658 -0.537836229 -0.352353346
vn 0.806302639 -0.490395766 -0.330738640
vn 0.806302639 -0.490395766 -0.330738640
vn 0.806302639 -0.490395766 -0.330738640
vn 0.842407325 -0.439931294 -0.311143623
vn 0.842407325 -0.439931294 -0.311143623
vn 0.842407325 -0.439931294 -0.311143623
vn 0.873851183 -0.387378020 -0.293806703
vn 0.873851183 -0.387378020 -0.293806703
vn 0.873851183 -0.387378020 -0.293806703
vn 0.900439632 -0.333775070 -0.278931302
vn 0.900439632 -0.333775070 -0.278931302
vn 0.900439632 -0.333775070 -0.278931302
vn 0.922147032 -0.280235213 -0.266670353
vn 0.922147032 -0.280235213 -0.266670353
vn 0.922147032 -0.280235213 -0.266670353
vn 0.939125048 -0.227902607 -0.257108043
vn 0.939125048 -0.227902607 -0.257108043
vn 0.939125048 -0.227902607 -0.257108043
vn 0.951700005 -0.177895650 -0.250240361
vn 0.951700005 -0.177895650 -0.250240361
vn 0.951700005 -0.177895650 -0.250240361
vn 0.960355474 -0.131232593 -0.245958064
vn 0.960355474 -0.131232593 -0.245958064
vn 0.960355474 -0.131232593 -0.245958064
vn 0.965696863 -0.088740098 -0.244038448
vn 0.965696863 -0.088740098 -0.244038448
vn 0.965696863 -0.088740098 -0.244038448
vn 0.968396823 -0.050950618 -0.244154924
vn 0.968396823 -0.050950618 -0.244154924
vn 0.968396823 -0.050950618 -0.244154924
vn 0.969124506 -0.018003818 -0.245913714
vn 0.969124506 -0.018003818 -0.245913714
vn 0.969124506 -0.018003818 -0.245913714
vn 0.968467525 0.010421801 -0.248921754
vn 0.968467525 0.010421801 -0.248921754
vn 0.968467525 0.010421801 -0.248921754
vn 0.966860907 0.035114848 -0.252877312
vn 0.966860907 0.035114848 -0.252877312
vn 0.966860907 0.035114848 -0.252877312
vn 0.964538555 0.057250110 -0.257658304
vn 0.964538555 0.057250110 -0.257658304
vn 0.964538555 0.057250110 -0.257658304
vn 0.961517400 0.078222116 -0.263373480
vn 0.961517400 0.078222116 -0.263373480
vn 0.961517400 0.078222116 -0.263373480
vn 0.957614109 0.099429013 -0.270349940
vn 0.957614109 0.099429013 -0.270349940
vn 0.957614109 0.099429013 -0.270349940
vn 0.952484885 0.122064755 -0.279056877
vn 0.952484885 0.122064755 -0.279056877
vn 0.952484885 0.122064755 -0.279056877
vn 0.945675873 0.146971719 -0.289993893
vn 0.945675873 0.146971719 -0.289993893
vn 0.945675873 0.146971719 -0.289993893
vn 0.936674830 0.174576914 -0.303583865
vn 0.936674830 0.174576914 -0.303583865
vn 0.936674830 0.174576914 -0.303583865
vn 0.924959730 0.204903143 -0.320100297
vn 0.924959730 0.204903143 -0.320100297
vn 0.924959730 0.204903143 -0.320100297
vn 0.910042934 0.237628822 -0.339638634
vn 0.910042934 0.237628822 -0.339638634
vn 0.910042934 0.237628822 -0.339638634
vn 0.891510014 0.272169100 -0.362124117
vn 0.891510014 0.272169100 -0.362124117
vn 0.891510014 0.272169100 -0.362124117
vn 0.869051732 0.307758973 -0.387341582
vn 0.869051732 0.307758973 -0.387341582
vn 0.869051732 0.307758973 -0.387341582
vn 0.842487490 0.343528400 -0.414973575
vn 0.842487490 0.343528400 -0.414973575
vn 0.842487490 0.343528400 -0.414973575
vn 0.811779095 0.378565881 -0.444637577
vn 0.811779095 0.378565881 -0.444637577
vn 0.811779095 0.378565881 -0.444637577
vn 0.777034662 0.411970264 -0.475917677
vn 0.777034662 0.411970264 -0.475917677
vn 0.777034662 0.411970264 -0.475917677
vn 0.738503369 0.442891781 -0.508389265
vn 0.738503369 0.442891781 -0.508389265
vn 0.738503369 0.442891781 -0.508389265
vn 0.696562503 0.470563437 -0.541637084
vn 0.696562503 0.470563437 -0.541637084
vn 0.696562503 0.470563437 -0.541637084
vn 0.651698575 0.494323783 -0.575267734
vn 0.651698575 0.494323783 -0.575267734
vn 0.651698575 0.494323783 -0.575267734
vn 0.604484368 0.513631853 -0.608917867
vn 0.604484368 0.513631853 -0.608917867
vn 0.604484368 0.513631853 -0.608917867
vn 0.555553727 0.528074985 -0.642259189
vn 0.555553727 0.528074985 -0.642259189
vn 0.555553727 0.528074985 -0.642259189
vn 0.505575676 0.537370134 -0.675001167
vn 0.505575676 0.537370134 -0.675001167
vn 0.505575676 0.537370134 -0.675001167
vn 0.455229282 0.541359301 -0.706892077
vn 0.455229282 0.541359301 -0.706892077
vn 0.455229282 0.541359301 -0.706892077
vn 0.405180467 0.539999697 -0.737718860
vn 0.405180467 0.539999697 -0.737718860
vn 0.405180467 0.539999697 -0.737718860
vn 0.356061799 0.533349273 -0.767306033
vn 0.356061799 0.533349273 -0.767306033
vn 0.356061799 0.533349273 -0.767306033
vn 0.308456188 0.521548320 -0.795513753
vn 0.308456188 0.521548320 -0.795513753
vn 0.308456188 0.521548320 -0.795513753
vn 0.285197286 0.513155752 -0.809526826
vn 0.285197286 0.513155752 -0.809526826
vn 0.285197286 0.513155752 -0.809526826
vn 0.997695880 -0.067844906 0.000000000
vn 0.997695880 -0.067844906 0.000000000
vn 0.997695880 -0.067844906 0.000000000
vn 0.999179431 -0.037119797 -0.016204476
vn 0.999179431 -0.037119797 -0.016204476
vn 0.999179431 -0.037119797 -0.016204476
vn 0.998460907 0.024434461 -0.049787283
vn 0.998460907 0.024434461 -0.049787283
vn 0.998460907 0.024434461 -0.049787283
vn 0.992559603 0.087050241 -0.085133372
vn 0.992559603 0.087050241 -0.085133372
vn 0.992559603 0.087050241 -0.085133372
vn 0.981142978 0.149938767 -0.121970583
vn 0.981142978 0.149938767 -0.121970583
vn 0.981142978 0.149938767 -0.121970583
vn 0.964017217 0.212281006 -0.160023685
vn 0.964017217 0.212281006 -0.160023685
vn 0.964017217 0.212281006 -0.160023685
vn 0.941129424 0.273252044 -0.199019415
vn 0.941129424 0.273252044 -0.199019415
vn 0.941129424 0.273252044 -0.199019415
vn 0.912564454 0.332043842 -0.238690184
vn 0.912564454 0.332043842 -0.238690184
vn 0.912564454 0.332043842 -0.238690184
vn 0.878537375 0.387886007 -0.278776841
vn 0.878537375 0.387886007 -0.278776841
vn 0.878537375 0.387886007 -0.278776841
vn 0.839382417 0.440064219 -0.319030783
vn 0.839382417 0.440064219 -0.319030783
vn 0.839382417 0.440064219 -0.319030783
vn 0.795539148 0.487936047 -0.359215644
vn 0.795539148 0.487936047 -0.359215644
vn 0.795539148 0.487936047 -0.359215644
vn 0.747536517 0.530943893 -0.399108680
vn 0.747536517 0.530943893 -0.399108680
vn 0.747536517 0.530943893 -0.399108680
vn 0.695975385 0.568624917 -0.438501957
vn 0.695975385 0.568624917 -0.438501957
vn 0.695975385 0.568624917 -0.438501957
vn 0.641510093 0.600617794 -0.477203380
vn 0.641510093 0.600617794 -0.477203380
vn 0.641510093 0.600617794 -0.477203380
vn 0.584829600 0.626666275 -0.515037590
vn 0.584829600 0.626666275 -0.515037590
vn 0.584829600 0.626666275 -0.515037590
vn 0.526638736 0.646619542 -0.551846726
vn 0.526638736 0.646619542 -0.551846726
vn 0.526638736 0.646619542 -0.551846726
vn 0.467640045 0.660429451 -0.587491045
vn 0.467640045 0.660429451 -0.587491045
vn 0.467640045 0.660429451 -0.587491045
vn 0.408516724 0.668144787 -0.621849363
vn 0.408516724 0.668144787 -0.621849363
vn 0.408516724 0.668144787 -0.621849363
vn 0.349917100 0.669902769 -0.654819290
vn 0.349917100 0.669902769 -0.654819290
vn 0.349917100 0.669902769 -0.654819290
vn 0.292441065 0.665918085 -0.686317221
vn 0.292441065 0.665918085 -0.686317221
vn 0.292441065 0.665918085 -0.686317221
vn 0.236628843 0.656469795 -0.716278018
vn 0.236628843 0.656469795 -0.716278018
vn 0.236628843 0.656469795 -0.716278018
vn 0.182952408 0.641886552 -0.744654330
vn 0.182952408 0.641886552 -0.744654330
vn 0.182952408 0.641886552 -0.744654330
vn 0.131809786 0.622530583 -0.771415487
vn 0.131809786 0.622530583 -0.771415487
vn 0.131809786 0.622530583 -0.771415487
vn 0.083522417 0.598781005 -0.796545864
vn 0.083522417 0.598781005 -0.796545864
vn 0.083522417 0.598781005 -0.796545864
vn 0.038335649 0.571017050 -0.820042625
vn 0.038335649 0.571017050 -0.820042625
vn 0.038335649 0.571017050 -0.820042625
vn -0.003577684 0.539601875 -0.841912713
vn -0.003577684 0.539601875 -0.841912713
vn -0.003577684 0.539601875 -0.841912713
vn -0.042110739 0.504867706 -0.862168942
vn -0.042110739 0.504867706 -0.862168942
vn -0.042110739 0.504867706 -0.862168942
vn -0.077213529 0.467103136 -0.880825029
vn -0.077213529 0.467103136 -0.880825029
vn -0.077213529 0.467103136 -0.880825029
vn -0.108881651 0.426543561 -0.897889401
vn -0.108881651 0.426543561 -0.897889401
vn -0.108881651 0.426543561 -0.897889401
vn -0.137143586 0.383365891 -0.913357668
vn -0.137143586 0.383365891 -0.913357668
vn -0.137143586 0.383365891 -0.913357668
vn -0.162047533 0.337688884 -0.927203761
vn -0.162047533 0.337688884 -0.927203761
vn -0.162047533 0.337688884 -0.927203761
vn -0.183649043 0.289580722 -0.939370020
vn -0.183649043 0.289580722 -0.939370020
vn -0.183649043 0.289580722 -0.939370020
vn -0.202001031 0.239075583 -0.949757048
vn -0.202001031 0.239075583 -0.949757048
vn -0.202001031 0.239075583 -0.949757048
vn -0.217147971 0.186200951 -0.958214989
vn -0.217147971 0.186200951 -0.958214989
vn -0.217147971 0.186200951 -0.958214989
vn -0.229126135 0.131016648 -0.964539192
vn -0.229126135 0.131016648 -0.964539192
vn -0.229126135 0.131016648 -0.964539192
vn -0.237971208 0.073664680 -0.968474687
vn -0.237971208 0.073664680 -0.968474687
vn -0.237971208 0.073664680 -0.968474687
vn -0.243733352 0.014425164 -0.969734999
vn -0.243733352 0.014425164 -0.969734999
vn -0.243733352 0.014425164 -0.969734999
vn -0.246497419 -0.046232333 -0.968040079
vn -0.246497419 -0.046232333 -0.968040079
vn -0.246497419 -0.046232333 -0.968040079
vn -0.246403003 -0.107619380 -0.963173727
vn -0.246403003 -0.107619380 -0.963173727
vn -0.246403003 -0.107619380 -0.963173727
vn -0.243656610 -0.168842070 -0.955051732
vn -0.243656610 -0.168842070 -0.955051732
vn -0.243656610 -0.168842070 -0.955051732
vn -0.238528455 -0.228872541 -0.943780449
vn -0.238528455 -0.228872541 -0.943780449
vn -0.238528455 -0.228872541 -0.943780449
vn -0.231330634 -0.286675718 -0.929679069
vn -0.231330634 -0.286675718 -0.929679069
vn -0.231330634 -0.286675718 -0.929679069
vn -0.222380487 -0.341362591 -0.913246134
vn -0.222380487 -0.341362591 -0.913246134
vn -0.222380487 -0.341362591 -0.913246134
vn -0.211958710 -0.392323303 -0.895073143
vn -0.211958710 -0.392323303 -0.895073143
vn -0.211958710 -0.392323303 -0.895073143
vn -0.200272604 -0.439297478 -0.875733184
vn -0.200272604 -0.439297478 -0.875733184
vn -0.200272604 -0.439297478 -0.875733184
vn -0.187430863 -0.482365107 -0.855683104
vn -0.187430863 -0.482365107 -0.855683104
vn -0.187430863 -0.482365107 -0.855683104
vn -0.173431229 -0.521871968 -0.835207314
vn -0.173431229 -0.521871968 -0.835207314
vn -0.173431229 -0.521871968 -0.835207314
vn -0.158159318 -0.558321201 -0.814409643
vn -0.158159318 -0.558321201 -0.814409643
vn -0.158159318 -0.558321201 -0.814409643
vn -0.141396472 -0.592262457 -0.793241590
vn -0.141396472 -0.592262457 -0.793241590
vn -0.141396472 -0.592262457 -0.793241590
vn -0.122835035 -0.624198987 -0.771548559
vn -0.122835035 -0.624198987 -0.771548559
vn -0.122835035 -0.624198987 -0.771548559
vn -0.102099790 -0.654520800 -0.749118252
vn -0.102099790 -0.654520800 -0.749118252
vn -0.102099790 -0.654520800 -0.749118252
vn -0.078774149 -0.683463574 -0.725721832
vn -0.078774149 -0.683463574 -0.725721832
vn -0.078774149 -0.683463574 -0.725721832
vn -0.052429352 -0.711089123 -0.701144366
vn -0.052429352 -0.711089123 -0.701144366
vn -0.052429352 -0.711089123 -0.701144366
vn -0.022654724 -0.737282331 -0.675204805
vn -0.022654724 -0.737282331 -0.675204805
vn -0.022654724 -0.737282331 -0.675204805
vn 0.010912879 -0.761759952 -0.647767462
vn 0.010912879 -0.761759952 -0.647767462
vn 0.010912879 -0.761759952 -0.647767462
vn 0.048562003 -0.784087653 -0.618747351
vn 0.048562003 -0.784087653 -0.618747351
vn 0.048562003 -0.784087653 -0.618747351
vn 0.090483065 -0.803702484 -0.588111496
vn 0.090483065 -0.803702484 -0.588111496
vn 0.090483065 -0.803702484 -0.588111496
vn 0.136749076 -0.819938713 -0.555877862
vn 0.136749076 -0.819938713 -0.555877862
vn 0.136749076 -0.819938713 -0.555877862
vn 0.187300936 -0.832055449 -0.522113099
vn 0.187300936 -0.832055449 -0.522113099
vn 0.187300936 -0.832055449 -0.522113099
vn 0.241937299 -0.839264901 -0.486929942
vn 0.241937299 -0.839264901 -0.486929942
vn 0.241937299 -0.839264901 -0.486929942
vn 0.300308784 -0.840760426 -0.450484785
vn 0.300308784 -0.840760426 -0.450484785
vn 0.300308784 -0.840760426 -0.450484785
vn 0.361916113 -0.835743796 -0.412975828
vn 0.361916113 -0.835743796 -0.412975828
vn 0.361916113 -0.835743796 -0.412975828
vn 0.426111720 -0.823451369 -0.374642022
vn 0.426111720 -0.823451369 -0.374642022
vn 0.426111720 -0.823451369 -0.374642022
vn 0.492104304 -0.803179046 -0.335762974
vn 0.492104304 -0.803179046 -0.335762974
vn 0.492104304 -0.803179046 -0.335762974
vn 0.525483554 -0.790066943 -0.315691716
vn 0.525483554 -0.790066943 -0.315691716
vn 0.525483554 -0.790066943 -0.315691716
vn 0.294627367 -0.025393240 -0.955274776
vn 0.294627367 -0.025393240 -0.955274776
vn 0.294627367 -0.025393240 -0.955274776
vn 0.281885152 -0.024295018 -0.959140508
vn 0.281885152 -0.024295018 -0.959140508
vn 0.281885152 -0.024295018 -0.959140508
vn 0.255209132 -0.023001907 -0.966612234
vn 0.255209132 -0.023001907 -0.966612234
vn 0.255209132 -0.023001907 -0.966612234
vn 0.227082432 -0.023732278 -0.973586333
vn 0.227082432 -0.023732278 -0.973586333
vn 0.227082432 -0.023732278 -0.973586333
vn 0.197143754 -0.026631860 -0.980012798
vn 0.197143754 -0.026631860 -0.980012798
vn 0.197143754 -0.026631860 -0.980012798
vn 0.165066911 -0.031904530 -0.985766208
vn 0.165066911 -0.031904530 -0.985766208
vn 0.165066911 -0.031904530 -0.985766208
vn 0.130618174 -0.039778022 -0.990634444
vn 0.130618174 -0.039778022 -0.990634444
vn 0.130618174 -0.039778022 -0.990634444
vn 0.093722892 -0.050450859 -0.994319230
vn 0.093722892 -0.050450859 -0.994319230
vn 0.093722892 -0.050450859 -0.994319230
vn 0.054533452 -0.064024375 -0.996457215
vn 0.054533452 -0.064024375 -0.996457215
vn 0.054533452 -0.064024375 -0.996457215
vn 0.013483242 -0.080431894 -0.996668908
vn 0.013483242 -0.080431894 -0.996668908
vn 0.013483242 -0.080431894 -0.996668908
vn -0.028695518 -0.099385985 -0.994635106
vn -0.028695518 -0.099385985 -0.994635106
vn -0.028695518 -0.099385985 -0.994635106
vn -0.071012633 -0.120368521 -0.990186157
vn -0.071012633 -0.120368521 -0.990186157
vn -0.071012633 -0.120368521 -0.990186157
vn -0.112329560 -0.142679972 -0.983374036
vn -0.112329560 -0.142679972 -0.983374036
vn -0.112329560 -0.142679972 -0.983374036
vn -0.151522192 -0.165542572 -0.974493039
vn -0.151522192 -0.165542572 -0.974493039
vn -0.151522192 -0.165542572 -0.974493039
vn -0.187654015 -0.188227075 -0.964031399
vn -0.187654015 -0.188227075 -0.964031399
vn -0.187654015 -0.188227075 -0.964031399
vn -0.220106898 -0.210161941 -0.952567537
vn -0.220106898 -0.210161941 -0.952567537
vn -0.220106898 -0.210161941 -0.952567537
vn -0.248633355 -0.230995427 -0.940650077
vn -0.248633355 -0.230995427 -0.940650077
vn -0.248633355 -0.230995427 -0.940650077
vn -0.273326930 -0.250605557 -0.928702990
vn -0.273326930 -0.250605557 -0.928702990
vn -0.273326930 -0.250605557 -0.928702990
vn -0.294535238 -0.269072701 -0.916978121
vn -0.294535238 -0.269072701 -0.916978121
vn -0.294535238 -0.269072701 -0.916978121
vn -0.312750198 -0.286635076 -0.905553779
vn -0.312750198 -0.286635076 -0.905553779
vn -0.312750198 -0.286635076 -0.905553779
vn -0.328503838 -0.303642190 -0.894363823
vn -0.328503838 -0.303642190 -0.894363823
vn -0.328503838 -0.303642190 -0.894363823
vn -0.342285411 -0.320513183 -0.883239490
vn -0.342285411 -0.320513183 -0.883239490
vn -0.342285411 -0.320513183 -0.883239490
vn -0.354484487 -0.337701268 -0.871951032
vn -0.354484487 -0.337701268 -0.871951032
vn -0.354484487 -0.337701268 -0.871951032
vn -0.365358068 -0.355663175 -0.860242517
vn -0.365358068 -0.355663175 -0.860242517
vn -0.365358068 -0.355663175 -0.860242517
vn -0.375017119 -0.374832259 -0.847857853
vn -0.375017119 -0.374832259 -0.847857853
vn -0.375017119 -0.374832259 -0.847857853
vn -0.383427627 -0.395594609 -0.834558662
vn -0.383427627 -0.395594609 -0.834558662
vn -0.383427627 -0.395594609 -0.834558662
vn -0.390421985 -0.418268073 -0.820135655
vn -0.390421985 -0.418268073 -0.820135655
vn -0.390421985 -0.418268073 -0.820135655
vn -0.395717392 -0.443084521 -0.804415225
vn -0.395717392 -0.443084521 -0.804415225
vn -0.395717392 -0.443084521 -0.804415225
vn -0.398938761 -0.470175777 -0.787262729
vn -0.398938761 -0.470175777 -0.787262729
vn -0.398938761 -0.470175777 -0.787262729
vn -0.399644243 -0.499563584 -0.768583570
vn -0.399644243 -0.499563584 -0.768583570
vn -0.399644243 -0.499563584 -0.768583570
vn -0.397351898 -0.531153827 -0.748322846
vn -0.397351898 -0.531153827 -0.748322846
vn -0.397351898 -0.531153827 -0.748322846
vn -0.391566353 -0.564735079 -0.726464095
vn -0.391566353 -0.564735079 -0.726464095
vn -0.391566353 -0.564735079 -0.726464095
vn -0.381804550 -0.599981345 -0.703027504
vn -0.381804550 -0.599981345 -0.703027504
vn -0.381804550 -0.599981345 -0.703027504
vn -0.367619813 -0.636458770 -0.678067775
vn -0.367619813 -0.636458770 -0.678067775
vn -0.367619813 -0.636458770 -0.678067775
vn -0.348623654 -0.673635934 -0.651671832
vn -0.348623654 -0.673635934 -0.651671832
vn -0.348623654 -0.673635934 -0.651671832
vn -0.324504841 -0.710897301 -0.623956437
vn -0.324504841 -0.710897301 -0.623956437
vn -0.324504841 -0.710897301 -0.623956437
vn -0.295045385 -0.747559307 -0.595065797
vn -0.295045385 -0.747559307 -0.595065797
vn -0.295045385 -0.747559307 -0.595065797
vn -0.260133183 -0.782888558 -0.565169208
vn -0.260133183 -0.782888558 -0.565169208
vn -0.260133183 -0.782888558 -0.565169208
vn -0.219771185 -0.816121602 -0.534458751
vn -0.219771185 -0.816121602 -0.534458751
vn -0.219771185 -0.816121602 -0.534458751
vn -0.174083033 -0.846485737 -0.503147090
vn -0.174083033 -0.846485737 -0.503147090
vn -0.174083033 -0.846485737 -0.503147090
vn -0.123315176 -0.873220351 -0.471465360
vn -0.123315176 -0.873220351 -0.471465360
vn -0.123315176 -0.873220351 -0.471465360
vn -0.067835571 -0.895598351 -0.439661153
vn -0.067835571 -0.895598351 -0.439661153
vn -0.067835571 -0.895598351 -0.439661153
vn -0.008129100 -0.912947257 -0.407996599
vn -0.008129100 -0.912947257 -0.407996599
vn -0.008129100 -0.912947257 -0.407996599
vn 0.055210123 -0.924669637 -0.376746473
vn 0.055210123 -0.924669637 -0.376746473
vn 0.055210123 -0.924669637 -0.376746473
vn 0.121489373 -0.930262571 -0.346196306
vn 0.121489373 -0.930262571 -0.346196306
vn 0.121489373 -0.930262571 -0.346196306
vn 0.189930682 -0.929335902 -0.316640359
vn 0.189930682 -0.929335902 -0.316640359
vn 0.189930682 -0.929335902 -0.316640359
vn 0.259686805 -0.921629059 -0.288379334
vn 0.259686805 -0.921629059 -0.288379334
vn 0.259686805 -0.921629059 -0.288379334
vn 0.329859648 -0.907026187 -0.261717612
vn 0.329859648 -0.907026187 -0.261717612
vn 0.329859648 -0.907026187 -0.261717612
vn 0.399521090 -0.885569301 -0.236959724
vn 0.399521090 -0.885569301 -0.236959724
vn 0.399521090 -0.885569301 -0.236959724
vn 0.467736131 -0.857469006 -0.214405725
vn 0.467736131 -0.857469006 -0.214405725
vn 0.467736131 -0.857469006 -0.214405725
vn 0.533588304 -0.823112107 -0.194345006
vn 0.533588304 -0.823112107 -0.194345006
vn 0.533588304 -0.823112107 -0.194345006
vn 0.596207234 -0.783065076 -0.177048076
vn 0.596207234 -0.783065076 -0.177048076
vn 0.596207234 -0.783065076 -0.177048076
vn 0.654798069 -0.738071837 -0.162755808
vn 0.654798069 -0.738071837 -0.162755808
vn 0.654798069 -0.738071837 -0.162755808
vn 0.708672212 -0.689043662 -0.151665842
vn 0.708672212 -0.689043662 -0.151665842
vn 0.708672212 -0.689043662 -0.151665842
vn 0.757278284 -0.637038245 -0.143916208
vn 0.757278284 -0.637038245 -0.143916208
vn 0.757278284 -0.637038245 -0.143916208
vn 0.800231468 -0.583224327 -0.139567125
vn 0.800231468 -0.583224327 -0.139567125
vn 0.800231468 -0.583224327 -0.139567125
vn 0.837338332 -0.528828108 -0.138583367
vn 0.837338332 -0.528828108 -0.138583367
vn 0.837338332 -0.528828108 -0.138583367
vn 0.868612965 -0.475058712 -0.140821646
vn 0.868612965 -0.475058712 -0.140821646
vn 0.868612965 -0.475058712 -0.140821646
vn 0.894279052 -0.423013350 -0.146029736
vn 0.894279052 -0.423013350 -0.146029736
vn 0.894279052 -0.423013350 -0.146029736
vn 0.914752165 -0.373569203 -0.153865291
vn 0.914752165 -0.373569203 -0.153865291
vn 0.914752165 -0.373569203 -0.153865291
vn 0.930597898 -0.327278262 -0.163940510
vn 0.930597898 -0.327278262 -0.163940510
vn 0.930597898 -0.327278262 -0.163940510
vn 0.942465452 -0.284290179 -0.175891916
vn 0.942465452 -0.284290179 -0.175891916
vn 0.942465452 -0.284290179 -0.175891916
vn 0.951002785 -0.244330778 -0.189462858
vn 0.951002785 -0.244330778 -0.189462858
vn 0.951002785 -0.244330778 -0.189462858
vn 0.956766347 -0.206754290 -0.204574732
vn 0.956766347 -0.206754290 -0.204574732
vn 0.956766347 -0.206754290 -0.204574732
vn 0.958673106 -0.188452123 -0.213147072
vn 0.958673106 -0.188452123 -0.213147072
vn 0.958673106 -0.188452123 -0.213147072
vn 0.085869305 0.996306410 0.000000000
vn 0.085869305 0.996306410 0.000000000
vn 0.085869305 0.996306410 0.000000000
vn 0.051272737 0.998632326 -0.010226622
vn 0.051272737 0.998632326 -0.010226622
vn 0.051272737 0.998632326 -0.010226622
vn -0.018822686 0.999409340 -0.028752008
vn -0.018822686 0.999409340 -0.028752008
vn -0.018822686 0.999409340 -0.028752008
vn -0.086833583 0.995227867 -0.044513162
vn -0.086833583 0.995227867 -0.044513162
vn -0.086833583 0.995227867 -0.044513162
vn -0.151904260 0.986728705 -0.057372105
vn -0.151904260 0.986728705 -0.057372105
vn -0.151904260 0.986728705 -0.057372105
vn -0.213264372 0.974676782 -0.067256815
vn -0.213264372 0.974676782 -0.067256815
vn -0.213264372 0.974676782 -0.067256815
vn -0.270271711 0.959922075 -0.074180945
vn -0.270271711 0.959922075 -0.074180945
vn -0.270271711 0.959922075 -0.074180945
vn -0.322462974 0.943341476 -0.078259123
vn -0.322462974 0.943341476 -0.078259123
vn -0.322462974 0.943341476 -0.078259123
vn -0.369610233 0.925761643 -0.079709827
vn -0.369610233 0.925761643 -0.079709827
vn -0.369610233 0.925761643 -0.079709827
vn -0.411775222 0.907868936 -0.078836294
vn -0.411775222 0.907868936 -0.078836294
vn -0.411775222 0.907868936 -0.078836294
vn -0.449345921 0.890121026 -0.075978960
vn -0.449345921 0.890121026 -0.075978960
vn -0.449345921 0.890121026 -0.075978960
vn -0.483034028 0.872682082 -0.071443065
vn -0.483034028 0.872682082 -0.071443065
vn -0.483034028 0.872682082 -0.071443065
vn -0.513814449 0.855403372 -0.065420049
vn -0.513814449 0.855403372 -0.065420049
vn -0.513814449 0.855403372 -0.065420049
vn -0.542803658 0.837859203 -0.057932243
vn -0.542803658 0.837859203 -0.057932243
vn -0.542803658 0.837859203 -0.057932243
vn -0.571098268 0.819428336 -0.048825915
vn -0.571098268 0.819428336 -0.048825915
vn -0.571098268 0.819428336 -0.048825915
vn -0.599614246 0.799395168 -0.037816961
vn -0.599614246 0.799395168 -0.037816961
vn -0.599614246 0.799395168 -0.037816961
vn -0.628967385 0.777043354 -0.024569382
vn -0.628967385 0.777043354 -0.024569382
vn -0.628967385 0.777043354 -0.024569382
vn -0.659417332 0.751725858 -0.008775855
vn -0.659417332 0.751725858 -0.008775855
vn -0.659417332 0.751725858 -0.008775855
vn -0.690873532 0.722909429 0.009783665
vn -0.690873532 0.722909429 0.009783665
vn -0.690873532 0.722909429 0.009783665
vn -0.722945435 0.690199673 0.031213930
vn -0.722945435 0.690199673 0.031213930
vn -0.722945435 0.690199673 0.031213930
vn -0.755015314 0.653353904 0.055502713
vn -0.755015314 0.653353904 0.055502713
vn -0.755015314 0.653353904 0.055502713
vn -0.786316231 0.612286419 0.082535604
vn -0.786316231 0.612286419 0.082535604
vn -0.786316231 0.612286419 0.082535604
vn -0.816004476 0.567068142 0.112117876
vn -0.816004476 0.567068142 0.112117876
vn -0.816004476 0.567068142 0.112117876
vn -0.843221541 0.517921137 0.143996972
vn -0.843221541 0.517921137 0.143996972
vn -0.843221541 0.517921137 0.143996972
vn -0.867144299 0.465208171 0.177882327
vn -0.867144299 0.465208171 0.177882327
vn -0.867144299 0.465208171 0.177882327
vn -0.887023894 0.409417707 0.213461362
vn -0.887023894 0.409417707 0.213461362
vn -0.887023894 0.409417707 0.213461362
vn -0.902214543 0.351145080 0.250411765
vn -0.902214543 0.351145080 0.250411765
vn -0.902214543 0.351145080 0.250411765
vn -0.912193566 0.291070808 0.288410615
vn -0.912193566 0.291070808 0.288410615
vn -0.912193566 0.291070808 0.288410615
vn -0.916573859 0.229937103 0.327141085
vn -0.916573859 0.229937103 0.327141085
vn -0.916573859 0.229937103 0.327141085
vn -0.915109853 0.168523604 0.366297355
vn -0.915109853 0.168523604 0.366297355
vn -0.915109853 0.168523604 0.366297355
vn -0.907697863 0.107623302 0.405588232
vn -0.907697863 0.107623302 0.405588232
vn -0.907697863 0.107623302 0.405588232
vn -0.894371611 0.048019478 0.444739868
vn -0.894371611 0.048019478 0.444739868
vn -0.894371611 0.048019478 0.444739868
vn -0.875293615 -0.009535619 0.483497838
vn -0.875293615 -0.009535619 0.483497838
vn -0.875293615 -0.009535619 0.483497838
vn -0.850743125 -0.064339758 0.521628729
vn -0.850743125 -0.064339758 0.521628729
vn -0.850743125 -0.064339758 0.521628729
vn -0.821101240 -0.115756887 0.558921370
vn -0.821101240 -0.115756887 0.558921370
vn -0.821101240 -0.115756887 0.558921370
vn -0.786833840 -0.163230091 0.595187740
vn -0.786833840 -0.163230091 0.595187740
vn -0.786833840 -0.163230091 0.595187740
vn -0.748472983 -0.206291064 0.630263588
vn -0.748472983 -0.206291064 0.630263588
vn -0.748472983 -0.206291064 0.630263588
vn -0.706597402 -0.244565929 0.664008749
vn -0.706597402 -0.244565929 0.664008749
vn -0.706597402 -0.244565929 0.664008749
vn -0.661812749 -0.277777325 0.696307147
vn -0.661812749 -0.277777325 0.696307147
vn -0.661812749 -0.277777325 0.696307147
vn -0.614732243 -0.305742792 0.727066445
vn -0.614732243 -0.305742792 0.727066445
vn -0.614732243 -0.305742792 0.727066445
vn -0.565958329 -0.328369585 0.756217287
vn -0.565958329 -0.328369585 0.756217287
vn -0.565958329 -0.328369585 0.756217287
vn -0.516065965 -0.345646165 0.783712096
vn -0.516065965 -0.345646165 0.783712096
vn -0.516065965 -0.345646165 0.783712096
vn -0.465588103 -0.357630683 0.809523325
vn -0.465588103 -0.357630683 0.809523325
vn -0.465588103 -0.357630683 0.809523325
vn -0.415003891 -0.364436929 0.833641107
vn -0.415003891 -0.364436929 0.833641107
vn -0.415003891 -0.364436929 0.833641107
vn -0.364730049 -0.366218282 0.856070185
vn -0.364730049 -0.366218282 0.856070185
vn -0.364730049 -0.366218282 0.856070185
vn -0.315115824 -0.363150355 0.876826002
vn -0.315115824 -0.363150355 0.876826002
vn -0.315115824 -0.363150355 0.876826002
vn -0.266441822 -0.355413135 0.895929829
vn -0.266441822 -0.355413135 0.895929829
vn -0.266441822 -0.355413135 0.895929829
vn -0.218922929 -0.343173591 0.913402779
vn -0.218922929 -0.343173591 0.913402779
vn -0.218922929 -0.343173591 0.913402779
vn -0.172715370 -0.326569911 0.929258572
vn -0.172715370 -0.326569911 0.929258572
vn -0.172715370 -0.326569911 0.929258572
vn -0.127927836 -0.305698738 0.943494966
vn -0.127927836 -0.305698738 0.943494966
vn -0.127927836 -0.305698738 0.943494966
vn -0.084636325 -0.280607073 0.956083868
vn -0.084636325 -0.280607073 0.956083868
vn -0.084636325 -0.280607073 0.956083868
vn -0.042902115 -0.251290768 0.966960371
vn -0.042902115 -0.251290768 0.966960371
vn -0.042902115 -0.251290768 0.966960371
vn -0.002791841 -0.217701850 0.976011327
vn -0.002791841 -0.217701850 0.976011327
vn -0.002791841 -0.217701850 0.976011327
vn 0.035601836 -0.179767003 0.983064766
vn 0.035601836 -0.179767003 0.983064766
vn 0.035601836 -0.179767003 0.983064766
vn 0.072141123 -0.137419346 0.987882372
vn 0.072141123 -0.137419346 0.987882372
vn 0.072141123 -0.137419346 0.987882372
vn 0.106628449 -0.090644608 0.990158537
vn 0.106628449 -0.090644608 0.990158537
vn 0.106628449 -0.090644608 0.990158537
vn 0.138799805 -0.039540467 0.989530781
vn 0.138799805 -0.039540467 0.989530781
vn 0.138799805 -0.039540467 0.989530781
vn 0.168329868 0.015616394 0.985607013
vn 0.168329868 0.015616394 0.985607013
vn 0.168329868 0.015616394 0.985607013
vn 0.194851972 0.074307179 0.978013881
vn 0.194851972 0.074307179 0.978013881
vn 0.194851972 0.074307179 0.978013881
vn 0.217993693 0.135730327 0.966465741
vn 0.217993693 0.135730327 0.966465741
vn 0.217993693 0.135730327 0.966465741
vn 0.237424580 0.198805862 0.950844781
vn 0.237424580 0.198805862 0.950844781
vn 0.237424580 0.198805862 0.950844781
vn 0.252907166 0.262243134 0.931271445
vn 0.252907166 0.262243134 0.931271445
vn 0.252907166 0.262243134 0.931271445
vn 0.264337892 0.324674250 0.908136614
vn 0.264337892 0.324674250 0.908136614
vn 0.264337892 0.324674250 0.908136614
vn 0.271764173 0.384830200 0.882071398
vn 0.271764173 0.384830200 0.882071398
vn 0.271764173 0.384830200 0.882071398
vn 0.274384773 0.414318251 0.867786485
vn 0.274384773 0.414318251 0.867786485
vn 0.274384773 0.414318251 0.867786485
vn -0.435504227 -0.260748496 -0.861595201
vn -0.435504227 -0.260748496 -0.861595201
vn -0.435504227 -0.260748496 -0.861595201
vn -0.437193355 -0.261759823 -0.860432313
vn -0.437193355 -0.261759823 -0.860432313
vn -0.437193355 -0.261759823 -0.860432313
vn -0.441395701 -0.264554863 -0.857426708
vn -0.441395701 -0.264554863 -0.857426708
vn -0.441395701 -0.264554863 -0.857426708
vn -0.447092476 -0.269184609 -0.853022839
vn -0.447092476 -0.269184609 -0.853022839
vn -0.447092476 -0.269184609 -0.853022839
vn -0.454031974 -0.276037191 -0.847147234
vn -0.454031974 -0.276037191 -0.847147234
vn -0.454031974 -0.276037191 -0.847147234
vn -0.461869607 -0.285454439 -0.839757244
vn -0.461869607 -0.285454439 -0.839757244
vn -0.461869607 -0.285454439 -0.839757244
vn -0.470181613 -0.297714588 -0.830840101
vn -0.470181613 -0.297714588 -0.830840101
vn -0.470181613 -0.297714588 -0.830840101
vn -0.478480985 -0.313017869 -0.820411946
vn -0.478480985 -0.313017869 -0.820411946
vn -0.478480985 -0.313017869 -0.820411946
vn -0.486235199 -0.331475214 -0.808516861
vn -0.486235199 -0.331475214 -0.808516861
vn -0.486235199 -0.331475214 -0.808516861
vn -0.492885326 -0.353100254 -0.795225922
vn -0.492885326 -0.353100254 -0.795225922
vn -0.492885326 -0.353100254 -0.795225922
vn -0.497866108 -0.377804712 -0.780636239
vn -0.497866108 -0.377804712 -0.780636239
vn -0.497866108 -0.377804712 -0.780636239
vn -0.500626561 -0.405397265 -0.764869991
vn -0.500626561 -0.405397265 -0.764869991
vn -0.500626561 -0.405397265 -0.764869991
vn -0.500650683 -0.435585890 -0.748073410
vn -0.500650683 -0.435585890 -0.748073410
vn -0.500650683 -0.435585890 -0.748073410
vn -0.497477836 -0.467983685 -0.730415685
vn -0.497477836 -0.467983685 -0.730415685
vn -0.497477836 -0.467983685 -0.730415685
vn -0.490722385 -0.502118104 -0.712087740
vn -0.490722385 -0.502118104 -0.712087740
vn -0.490722385 -0.502118104 -0.712087740
vn -0.480092176 -0.537443489 -0.693300799
vn -0.480092176 -0.537443489 -0.693300799
vn -0.480092176 -0.537443489 -0.693300799
vn -0.465405418 -0.573356772 -0.674284665
vn -0.465405418 -0.573356772 -0.674284665
vn -0.465405418 -0.573356772 -0.674284665
vn -0.446605554 -0.609216142 -0.655285565
vn -0.446605554 -0.609216142 -0.655285565
vn -0.446605554 -0.609216142 -0.655285565
vn -0.423773656 -0.644362421 -0.636563397
vn -0.423773656 -0.644362421 -0.636563397
vn -0.423773656 -0.644362421 -0.636563397
vn -0.397137824 -0.678142816 -0.618388122
vn -0.397137824 -0.678142816 -0.618388122
vn -0.397137824 -0.678142816 -0.618388122
vn -0.367078996 -0.709936582 -0.601034991
vn -0.367078996 -0.709936582 -0.601034991
vn -0.367078996 -0.709936582 -0.601034991
vn -0.334132416 -0.739181986 -0.584778180
vn -0.334132416 -0.739181986 -0.584778180
vn -0.334132416 -0.739181986 -0.584778180
vn -0.298983762 -0.765403703 -0.569882340
vn -0.298983762 -0.765403703 -0.569882340
vn -0.298983762 -0.765403703 -0.569882340
vn -0.262458622 -0.788239441 -0.556591462
vn -0.262458622 -0.788239441 -0.556591462
vn -0.262458622 -0.788239441 -0.556591462
vn -0.225503514 -0.807464129 -0.545114525
vn -0.225503514 -0.807464129 -0.545114525
vn -0.225503514 -0.807464129 -0.545114525
vn -0.189156013 -0.823009397 -0.535607632
vn -0.189156013 -0.823009397 -0.535607632
vn -0.189156013 -0.823009397 -0.535607632
vn -0.154500961 -0.834975389 -0.528152964
vn -0.154500961 -0.834975389 -0.528152964
vn -0.154500961 -0.834975389 -0.528152964
vn -0.122609300 -0.843631264 -0.522736311
vn -0.122609300 -0.843631264 -0.522736311
vn -0.122609300 -0.843631264 -0.522736311
vn -0.094456706 -0.849400425 -0.519227165
vn -0.094456706 -0.849400425 -0.519227165
vn -0.094456706 -0.849400425 -0.519227165
vn -0.070821861 -0.852827055 -0.517368609
vn -0.070821861 -0.852827055 -0.517368609
vn -0.070821861 -0.852827055 -0.517368609
vn -0.052170572 -0.854522732 -0.516787318
vn -0.052170572 -0.854522732 -0.516787318
vn -0.052170572 -0.854522732 -0.516787318
vn -0.038542649 -0.855096273 -0.517034649
vn -0.038542649 -0.855096273 -0.517034649
vn -0.038542649 -0.855096273 -0.517034649
vn -0.029471455 -0.855076135 -0.517664212
vn -0.029471455 -0.855076135 -0.517664212
vn -0.029471455 -0.855076135 -0.517664212
vn -0.023974111 -0.854840363 -0.518336952
vn -0.023974111 -0.854840363 -0.518336952
vn -0.023974111 -0.854840363 -0.518336952
vn -0.020642555 -0.854570399 -0.518925157
vn -0.020642555 -0.854570399 -0.518925157
vn -0.020642555 -0.854570399 -0.518925157
vn -0.017835916 -0.854239227 -0.519574079
vn -0.017835916 -0.854239227 -0.519574079
vn -0.017835916 -0.854239227 -0.519574079
vn -0.013932767 -0.853633045 -0.520688488
vn -0.013932767 -0.853633045 -0.520688488
vn -0.013932767 -0.853633045 -0.520688488
vn -0.007573178 -0.852395566 -0.522842659
vn -0.007573178 -0.852395566 -0.522842659
vn -0.007573178 -0.852395566 -0.522842659
vn 0.002174010 -0.850081040 -0.526647414
vn 0.002174010 -0.850081040 -0.526647414
vn 0.002174010 -0.850081040 -0.526647414
vn 0.015747636 -0.846206129 -0.532622943
vn 0.015747636 -0.846206129 -0.532622943
vn 0.015747636 -0.846206129 -0.532622943
vn 0.033122794 -0.840296609 -0.541114118
vn 0.033122794 -0.840296609 -0.541114118
vn 0.033122794 -0.840296609 -0.541114118
vn 0.053896947 -0.831928217 -0.552259504
vn 0.053896947 -0.831928217 -0.552259504
vn 0.053896947 -0.831928217 -0.552259504
vn 0.077397776 -0.820761172 -0.566004137
vn 0.077397776 -0.820761172 -0.566004137
vn 0.077397776 -0.820761172 -0.566004137
vn 0.102788008 -0.806567143 -0.582137500
vn 0.102788008 -0.806567143 -0.582137500
vn 0.102788008 -0.806567143 -0.582137500
vn 0.129155125 -0.789247147 -0.600339816
vn 0.129155125 -0.789247147 -0.600339816
vn 0.129155125 -0.789247147 -0.600339816
vn 0.155582678 -0.768839488 -0.620225662
vn 0.155582678 -0.768839488 -0.620225662
vn 0.155582678 -0.768839488 -0.620225662
vn 0.181204338 -0.745517905 -0.641379795
vn 0.181204338 -0.745517905 -0.641379795
vn 0.181204338 -0.745517905 -0.641379795
vn 0.205243247 -0.719581046 -0.663383997
vn 0.205243247 -0.719581046 -0.663383997
vn 0.205243247 -0.719581046 -0.663383997
vn 0.227039277 -0.691434996 -0.685835850
vn 0.227039277 -0.691434996 -0.685835850
vn 0.227039277 -0.691434996 -0.685835850
vn 0.246066312 -0.661570853 -0.708361049
vn 0.246066312 -0.661570853 -0.708361049
vn 0.246066312 -0.661570853 -0.708361049
vn 0.261941223 -0.630539285 -0.730620973
vn 0.261941223 -0.630539285 -0.730620973
vn 0.261941223 -0.630539285 -0.730620973
vn 0.274425807 -0.598923808 -0.752316920
vn 0.274425807 -0.598923808 -0.752316920
vn 0.274425807 -0.598923808 -0.752316920
vn 0.283422732 -0.567314269 -0.773192134
vn 0.283422732 -0.567314269 -0.773192134
vn 0.283422732 -0.567314269 -0.773192134
vn 0.288966353 -0.536281703 -0.793032396
vn 0.288966353 -0.536281703 -0.793032396
vn 0.288966353 -0.536281703 -0.793032396
vn 0.291209179 -0.506355538 -0.811665746
vn 0.291209179 -0.506355538 -0.811665746
vn 0.291209179 -0.506355538 -0.811665746
vn 0.290404684 -0.478003855 -0.828961660
vn 0.290404684 -0.478003855 -0.828961660
vn 0.290404684 -0.478003855 -0.828961660
vn 0.286887111 -0.451617306 -0.844829920
vn 0.286887111 -0.451617306 -0.844829920
vn 0.286887111 -0.451617306 -0.844829920
vn 0.281048926 -0.427497147 -0.859219233
vn 0.281048926 -0.427497147 -0.859219233
vn 0.281048926 -0.427497147 -0.859219233
vn 0.273316522 -0.405847753 -0.872115634
vn 0.273316522 -0.405847753 -0.872115634
vn 0.273316522 -0.405847753 -0.872115634
vn 0.264124839 -0.386773940 -0.883540598
vn 0.264124839 -0.386773940 -0.883540598
vn 0.264124839 -0.386773940 -0.883540598
vn 0.253891567 -0.370283360 -0.893548715
vn 0.253891567 -0.370283360 -0.893548715
vn 0.253891567 -0.370283360 -0.893548715
vn 0.242991704 -0.356294200 -0.902224736
vn 0.242991704 -0.356294200 -0.902224736
vn 0.242991704 -0.356294200 -0.902224736
vn 0.231733326 -0.344648345 -0.909679715
vn 0.231733326 -0.344648345 -0.909679715
vn 0.231733326 -0.344648345 -0.909679715
vn 0.220335598 -0.335130113 -0.916045868
vn 0.220335598 -0.335130113 -0.916045868
vn 0.220335598 -0.335130113 -0.916045868
vn 0.214279659 -0.331085882 -0.918948512
vn 0.214279659 -0.331085882 -0.918948512
vn 0.214279659 -0.331085882 -0.918948512
vn -0.513692957 0.857974094 0.000000000
vn -0.513692957 0.857974094 0.000000000
vn -0.513692957 0.857974094 0.000000000
vn -0.543347263 0.839251232 0.020763468
vn -0.543347263 0.839251232 0.020763468
vn -0.543347263 0.839251232 0.020763468
vn -0.599823751 0.797674444 0.062665382
vn -0.599823751 0.797674444 0.062665382
vn -0.599823751 0.797674444 0.062665382
vn -0.652314999 0.750636898 0.105020902
vn -0.652314999 0.750636898 0.105020902
vn -0.652314999 0.750636898 0.105020902
vn -0.700154728 0.698562117 0.147629012
vn -0.700154728 0.698562117 0.147629012
vn -0.700154728 0.698562117 0.147629012
vn -0.742745382 0.641964035 0.190293130
vn -0.742745382 0.641964035 0.190293130
vn -0.742745382 0.641964035 0.190293130
vn -0.779569553 0.581433713 0.232822141
vn -0.779569553 0.581433713 0.232822141
vn -0.779569553 0.581433713 0.232822141
vn -0.810198993 0.517624700 0.275031383
vn -0.810198993 0.517624700 0.275031383
vn -0.810198993 0.517624700 0.275031383
vn -0.834301074 0.451237438 0.316743576
vn -0.834301074 0.451237438 0.316743576
vn -0.834301074 0.451237438 0.316743576
vn -0.851642612 0.383003117 0.357789706
vn -0.851642612 0.383003117 0.357789706
vn -0.851642612 0.383003117 0.357789706
vn -0.862091035 0.313667380 0.398009826
vn -0.862091035 0.313667380 0.398009826
vn -0.862091035 0.313667380 0.398009826
vn -0.865612891 0.243974305 0.437253772
vn -0.865612891 0.243974305 0.437253772
vn -0.865612891 0.243974305 0.437253772
vn -0.862269806 0.174651048 0.475381734
vn -0.862269806 0.174651048 0.475381734
vn -0.862269806 0.174651048 0.475381734
vn -0.852212022 0.106393564 0.512264657
vn -0.852212022 0.106393564 0.512264657
vn -0.852212022 0.106393564 0.512264657
vn -0.835669746 0.039853755 0.547784405
vn -0.835669746 0.039853755 0.547784405
vn -0.835669746 0.039853755 0.547784405
vn -0.812942578 -0.024371604 0.581833645
vn -0.812942578 -0.024371604 0.581833645
vn -0.812942578 -0.024371604 0.581833645
vn -0.784387398 -0.085749896 0.614315363
vn -0.784387398 -0.085749896 0.614315363
vn -0.784387398 -0.085749896 0.614315363
vn -0.750405119 -0.143819419 0.645141947
vn -0.750405119 -0.143819419 0.645141947
vn -0.750405119 -0.143819419 0.645141947
vn -0.711426813 -0.198193713 0.674233744
vn -0.711426813 -0.198193713 0.674233744
vn -0.711426813 -0.198193713 0.674233744
vn -0.667899787 -0.248563436 0.701516994
vn -0.667899787 -0.248563436 0.701516994
vn -0.667899787 -0.248563436 0.701516994
vn -0.620274264 -0.294695808 0.726921054
vn -0.620274264 -0.294695808 0.726921054
vn -0.620274264 -0.294695808 0.726921054
vn -0.568991433 -0.336431823 0.750374825
vn -0.568991433 -0.336431823 0.750374825
vn -0.568991433 -0.336431823 0.750374825
vn -0.514473750 -0.373681538 0.771802351
vn -0.514473750 -0.373681538 0.771802351
vn -0.514473750 -0.373681538 0.771802351
vn -0.457118515 -0.406417920 0.791117651
vn -0.457118515 -0.406417920 0.791117651
vn -0.457118515 -0.406417920 0.791117651
vn -0.397295884 -0.434669884 0.808219074
vn -0.397295884 -0.434669884 0.808219074
vn -0.397295884 -0.434669884 0.808219074
vn -0.335352587 -0.458515348 0.822983789
vn -0.335352587 -0.458515348 0.822983789
vn -0.335352587 -0.458515348 0.822983789
vn -0.271622506 -0.478075195 0.835263625
vn -0.271622506 -0.478075195 0.835263625
vn -0.271622506 -0.478075195 0.835263625
vn -0.206444749 -0.493509017 0.844884262
vn -0.206444749 -0.493509017 0.844884262
vn -0.206444749 -0.493509017 0.844884262
vn -0.140188509 -0.505013189 0.851650668
vn -0.140188509 -0.505013189 0.851650668
vn -0.140188509 -0.505013189 0.851650668
vn -0.073281428 -0.512820991 0.855362183
vn -0.073281428 -0.512820991 0.855362183
vn -0.073281428 -0.512820991 0.855362183
vn -0.006234348 -0.517203269 0.855839887
vn -0.006234348 -0.517203269 0.855839887
vn -0.006234348 -0.517203269 0.855839887
vn 0.060348862 -0.518466552 0.852965679
vn 0.060348862 -0.518466552 0.852965679
vn 0.060348862 -0.518466552 0.852965679
vn 0.125789462 -0.516944659 0.846726184
vn 0.125789462 -0.516944659 0.846726184
vn 0.125789462 -0.516944659 0.846726184
vn 0.189388549 -0.512980655 0.837247171
vn 0.189388549 -0.512980655 0.837247171
vn 0.189388549 -0.512980655 0.837247171
vn 0.250513811 -0.506899179 0.824800614
vn 0.250513811 -0.506899179 0.824800614
vn 0.250513811 -0.506899179 0.824800614
vn 0.308696287 -0.498973602 0.809772775
vn 0.308696287 -0.498973602 0.809772775
vn 0.308696287 -0.498973602 0.809772775
vn 0.363704025 -0.489395358 0.792597985
vn 0.363704025 -0.489395358 0.792597985
vn 0.363704025 -0.489395358 0.792597985
vn 0.415564917 -0.478252170 0.773679948
vn 0.415564917 -0.478252170 0.773679948
vn 0.415564917 -0.478252170 0.773679948
vn 0.464531446 -0.465518408 0.753328048
vn 0.464531446 -0.465518408 0.753328048
vn 0.464531446 -0.465518408 0.753328048
vn 0.511002533 -0.451057136 0.731726637
vn 0.511002533 -0.451057136 0.731726637
vn 0.511002533 -0.451057136 0.731726637
vn 0.555428856 -0.434631560 0.708938779
vn 0.555428856 -0.434631560 0.708938779
vn 0.555428856 -0.434631560 0.708938779
vn 0.598225501 -0.415923507 0.684933490
vn 0.598225501 -0.415923507 0.684933490
vn 0.598225501 -0.415923507 0.684933490
vn 0.639705728 -0.394556989 0.659622137
vn 0.639705728 -0.394556989 0.659622137
vn 0.639705728 -0.394556989 0.659622137
vn 0.680039620 -0.370125165 0.632892943
vn 0.680039620 -0.370125165 0.632892943
vn 0.680039620 -0.370125165 0.632892943
vn 0.719235126 -0.342218941 0.604637933
vn 0.719235126 -0.342218941 0.604637933
vn 0.719235126 -0.342218941 0.604637933
vn 0.757136515 -0.310455443 0.574771011
vn 0.757136515 -0.310455443 0.574771011
vn 0.757136515 -0.310455443 0.574771011
vn 0.793435140 -0.274504709 0.543238293
vn 0.793435140 -0.274504709 0.543238293
vn 0.793435140 -0.274504709 0.543238293
vn 0.827688251 -0.234113259 0.510022686
vn 0.827688251 -0.234113259 0.510022686
vn 0.827688251 -0.234113259 0.510022686
vn 0.859342666 -0.189123629 0.475144647
vn 0.859342666 -0.189123629 0.475144647
vn 0.859342666 -0.189123629 0.475144647
vn 0.887760962 -0.139489336 0.438660688
vn 0.887760962 -0.139489336 0.438660688
vn 0.887760962 -0.139489336 0.438660688
vn 0.912248558 -0.085285128 0.400660722
vn 0.912248558 -0.085285128 0.400660722
vn 0.912248558 -0.085285128 0.400660722
vn 0.932080490 -0.026712625 0.361264994
vn 0.932080490 -0.026712625 0.361264994
vn 0.932080490 -0.026712625 0.361264994
vn 0.946527061 0.035898345 0.320621009
vn 0.946527061 0.035898345 0.320621009
vn 0.946527061 0.035898345 0.320621009
vn 0.954877762 0.102092256 0.278900756
vn 0.954877762 0.102092256 0.278900756
vn 0.954877762 0.102092256 0.278900756
vn 0.956463037 0.171293759 0.236298345
vn 0.956463037 0.171293759 0.236298345
vn 0.956463037 0.171293759 0.236298345
vn 0.950673637 0.242816325 0.193028152
vn 0.950673637 0.242816325 0.193028152
vn 0.950673637 0.242816325 0.193028152
vn 0.936977403 0.315873134 0.149323506
vn 0.936977403 0.315873134 0.149323506
vn 0.936977403 0.315873134 0.149323506
vn 0.914933438 0.389589605 0.105435972
vn 0.914933438 0.389589605 0.105435972
vn 0.914933438 0.389589605 0.105435972
vn 0.884203765 0.463017059 0.061635250
vn 0.884203765 0.463017059 0.061635250
vn 0.884203765 0.463017059 0.061635250
vn 0.844562651 0.535147020 0.018209750
vn 0.844562651 0.535147020 0.018209750
vn 0.844562651 0.535147020 0.018209750
vn 0.795903921 0.604925718 -0.024532107
vn 0.795903921 0.604925718 -0.024532107
vn 0.795903921 0.604925718 -0.024532107
vn 0.738246727 0.671268506 -0.066259816
vn 0.738246727 0.671268506 -0.066259816
vn 0.738246727 0.671268506 -0.066259816
vn 0.671740357 0.733074021 -0.106617878
vn 0.671740357 0.733074021 -0.106617878
vn 0.671740357 0.733074021 -0.106617878
vn 0.596668824 0.789238152 -0.145222083
vn 0.596668824 0.789238152 -0.145222083
vn 0.596668824 0.789238152 -0.145222083
vn 0.555460382 0.815174887 -0.164175722
vn 0.555460382 0.815174887 -0.164175722
vn 0.555460382 0.815174887 -0.164175722
f 1/1/1 2/2/2 3/3/3
f 2/2/2 34/34/34 3/3/3
f 3/3/3 34/34/34 35/35/35
f 34/34/34 66/66/66 35/35/35
f 35/35/35 66/66/66 67/67/67
f 66/66/66 98/98/98 67/67/67
f 67/67/67 98/98/98 99/99/99
f 98/98/98 130/130/130 99/99/99
f 99/99/99 130/130/130 131/131/131
f 130/130/130 162/162/162 131/131/131
f 131/131/131 162/162/162 163/163/163
f 162/162/162 194/194/194 163/163/163
f 163/163/163 194/194/194 195/195/195
f 194/194/194 226/226/226 195/195/195
f 195/195/195 226/226/226 227/227/227
f 226/226/226 258/258/258 227/227/227
f 227/227/227 258/258/258 259/259/259
f 258/258/258 290/290/290 259/259/259
f 259/259/259 290/290/290 291/291/291
f 290/290/290 322/322/322 291/291/291
f 291/291/291 322/322/322 323/323/323
f 322/322/322 354/354/354 323/323/323
f 323/323/323 354/354/354 355/355/355
f 354/354/354 386/386/386 355/355/355
f 355/355/355 386/386/386 387/387/387
f 386/386/386 418/418/418 387/387/387
f 387/387/387 418/418/418 419/419/419
f 418/418/418 450/450/450 419/419/419
f 419/419/419 450/450/450 451/451/451
f 450/450/450 482/482/482 451/451/451
f 1/1/1 3/3/3 4/4/4
f 3/3/3 35/35/35 4/4/4
f 4/4/4 35/35/35 36/36/36
f 35/35/35 67/67/67 36/36/36
f 36/36/36 67/67/67 68/68/68
f 67/67/67 99/99/99 68/68/68
f 68/68/68 99/99/99 100/100/100
f 99/99/99 131/131/131 100/100/100
f 100/100/100 131/131/131 132/132/132
f 131/131/131 163/163/163 132/132/132
f 132/132/132 163/163/163 164/164/164
f 163/163/163 195/195/195 164/164/164
f 164/164/164 195/195/195 196/196/196
f 195/195/195 227/227/227 196/196/196
f 196/196/196 227/227/227 228/228/228
f 227/227/227 259/259/259 228/228/228
f 228/228/228 259/259/259 260/260/260
f 259/259/259 291/291/291 260/260/260
f 260/260/260 291/291/291 292/292/292
f 291/291/291 323/323/323 292/292/292
f 292/292/292 323/323/323 324/324/324
f 323/323/323 355/355/355 324/324/324
f 324/324/324 355/355/355 356/356/356
f 355/355/355 387/387/387 356/356/356
f 356/356/356 387/387/387 388/388/388
f 387/387/387 419/419/419 388/388/388
f 388/388/388 419/419/419 420/420/420
f 419/419/419 451/451/451 420/420/420
f 420/420/420 451/451/451 452/452/452
f 451/451/451 482/482/482 452/452/452
f 1/1/1 4/4/4 5/5/5
f 4/4/4 36/36/36 5/5/5
f 5/5/5 36/36/36 37/37/37
f 36/36/36 68/68/68 37/37/37
f 37/37/37 68/68/68 69/69/69
f 68/68/68 100/100/100 69/69/69
f 69/69/69 100/100/100 101/101/101
f 100/100/100 132/132/132 101/101/101
f 101/101/101 132/132/132 133/133/133
f 132/132/132 164/164/164 133/133/133
f 133/133/133 164/164/164 165/165/165
f 164/164/164 196/196/196 165/165/165
f 165/165/165 196/196/196 197/197/197
f 196/196/196 228/228/228 197/197/197
f 197/197/197 228/228/228 229/229/229
f 228/228/228 260/260/260 229/229/229
f 229/229/229 260/260/260 261/261/261
f 260/260/260 292/292/292 261/261/261
f 261/261/261 292/292/292 293/293/293
f 292/292/292 324/324/324 293/293/293
f 293/293/293 324/324/324 325/325/325
f 324/324/324 356/356/356 325/325/325
f 325/325/325 356/356/356 357/357/357
f 356/356/356 388/388/388 357/357/357
f 357/357/357 388/388/388 389/389/389
f 388/388/388 420/420/420 389/389/389
f 389/389/389 420/420/420 421/421/421
f 420/420/420 452/452/452 421/421/421
f 421/421/421 452/452/452 453/453/453
f 452/452/452 482/482/482 453/453/453
f 1/1/1 5/5/5 6/6/6
f 5/5/5 37/37/37 6/6/6
f 6/6/6 37/37/37 38/38/38
f 37/37/37 69/69/69 38/38/38
f 38/38/38 69/69/69 70/70/70
f 69/69/69 101/101/101 70/70/70
f 70/70/70 101/101/101 102/102/102
f 101/101/101 133/133/133 102/102/102
f 102/102/102 133/133/133 134/134/134
f 133/133/133 165/165/165 134/134/134
f 134/134/134 165/165/165 166/166/166
f 165/165/165 197/197/197 166/166/166
f 166/166/166 197/197/197 198/198/198
f 197/197/197 229/229/229 198/198/198
f 198/198/198 229/229/229 230/230/230
f 229/229/229 261/261/261 230/230/230
f 230/230/230 261/261/261 262/262/262
f 261/261/261 293/293/293 262/262/262
f 262/262/262 293/293/293 294/294/294
f 293/293/293 325/325/325 294/294/294
f 294/294/294 325/325/325 326/326/326
f 325/325/325 357/357/357 326/326/326
f 326/326/326 357/357/357 358/358/358
f 357/357/357 389/389/389 358/358/358
f 358/358/358 389/389/389 390/390/390
f 389/389/389 421/421/421 390/390/390
f 390/390/390 421/421/421 422/422/422
f 421/421/421 453/453/453 422/422/422
f 422/422/422 453/453/453 454/454/454
f 453/453/453 482/482/482 454/454/454
f 1/1/1 6/6/6 7/7/7
f 6/6/6 38/38/38 7/7/7
f 7/7/7 38/38/38 39/39/39
f 38/38/38 70/70/70 39/39/39
f 39/39/39 70/70/70 71/71/71
f 70/70/70 102/102/102 71/71/71
f 71/71/71 102/102/102 103/103/103
f 102/102/102 134/134/134 103/103/103
f 103/103/103 134/134/134 135/135/135
f 134/134/134 166/166/166 135/135/135
f 135/135/135 166/166/166 167/167/167
f 166/166/166 198/198/198 167/167/167
f 167/167/167 198/198/198 199/199/199
f 198/198/198 230/230/230 199/199/199
f 199/199/199 230/230/230 231/231/231
f 230/230/230 262/262/262 231/231/231
f 231/231/231 262/262/262 263/263/263
f 262/262/262 294/294/294 263/263/263
f 263/263/263 294/294/294 295/295/295
f 294/294/294 326/326/326 295/295/295
f 295/295/295 326/326/326 327/327/327
f 326/326/326 358/358/358 327/327/327
f 327/327/327 358/358/358 359/359/359
f 358/358/358 390/390/390 359/359/359
f 359/359/359 390/390/390 391/391/391
f 390/390/390 422/422/422 391/391/391
f 391/391/391 422/422/422 423/423/423
f 422/422/422 454/454/454 423/423/423
f 423/423/423 454/454/454 455/455/455
f 454/454/454 482/482/482 455/455/455
f 1/1/1 7/7/7 8/8/8
f 7/7/7 39/39/39 8/8/8
f 8/8/8 39/39/39 40/40/40
f 39/39/39 71/71/71 40/40/40
f 40/40/40 71/71/71 72/72/72
f 71/71/71 103/103/103 72/72/72
f 72/72/72 103/103/103 104/104/104
f 103/103/103 135/135/135 104/104/104
f 104/104/104 135/135/135 136/136/136
f 135/135/135 167/167/167 136/136/136
f 136/136/136 167/167/167 168/168/168
f 167/167/167 199/199/199 168/168/168
f 168/168/168 199/199/199 200/200/200
f 199/199/199 231/231/231 200/200/200
f 200/200/200 231/231/231 232/232/232
f 231/231/231 263/263/263 232/232/232
f 232/232/232 263/263/263 264/264/264
f 263/263/263 295/295/295 264/264/264
f 264/264/264 295/295/295 296/296/296
f 295/295/295 327/327/327 296/296/296
f 296/296/296 327/327/327 328/328/328
f 327/327/327 359/359/359 328/328/328
f 328/328/328 359/359/359 360/360/360
f 359/359/359 391/391/391 360/360/360
f 360/360/360 391/391/391 392/392/392
f 391/391/391 423/423/423 392/392/392
f 392/392/392 423/423/423 424/424/424
f 423/423/423 455/455/455 424/424/424
f 424/424/424 455/455/455 456/456/456
f 455/455/455 482/482/482 456/456/456
f 1/1/1 8/8/8 9/9/9
f 8/8/8 40/40/40 9/9/9
f 9/9/9 40/40/40 41/41/41
f 40/40/40 72/72/72 41/41/41
f 41/41/41 72/72/72 73/73/73
f 72/72/72 104/104/104 73/73/73
f 73/73/73 104/104/104 105/105/105
f 104/104/104 136/136/136 105/105/105
f 105/105/105 136/136/136 137/137/137
f 136/136/136 168/168/168 137/137/137
f 137/137/137 168/168/168 169/169/169
f 168/168/168 200/200/200 169/169/169
f 169/169/169 200/200/200 201/201/201
f 200/200/200 232/232/232 201/201/201
f 201/201/201 232/232/232 233/233/233
f 232/232/232 264/264/264 233/233/233
f 233/233/233 264/264/264 265/265/265
f 264/264/264 296/296/296 265/265/265
f 265/265/265 296/296/296 297/297/297
f 296/296/296 328/328/328 297/297/297
f 297/297/297 328/328/328 329/329/329
f 328/328/328 360/360/360 329/329/329
f 329/329/329 360/360/360 361/361/361
f 360/360/360 392/392/392 361/361/361
f 361/361/361 392/392/392 393/393/393
f 392/392/392 424/424/424 393/393/393
f 393/393/393 424/424/424 425/425/425
f 424/424/424 456/456/456 425/425/425
f 425/425/425 456/456/456 457/457/457
f 456/456/456 482/482/482 457/457/457
f 1/1/1 9/9/9 10/10/10
f 9/9/9 41/41/41 10/10/10
f 10/10/10 41/41/41 42/42/42
f 41/41/41 73/73/73 42/42/42
f 42/42/42 73/73/73 74/74/74
f 73/73/73 105/105/105 74/74/74
f 74/74/74 105/105/105 106/106/106
f 105/105/105 137/137/137 106/106/106
f 106/106/106 137/137/137 138/138/138
f 137/137/137 169/169/169 138/138/138
f 138/138/138 169/169/169 170/170/170
f 169/169/169 201/201/201 170/170/170
f 170/170/170 201/201/201 202/202/202
f 201/201/201 233/233/233 202/202/202
f 202/202/202 233/233/233 234/234/234
f 233/233/233 265/265/265 234/234/234
f 234/234/234 265/265/265 266/266/266
f 265/265/265 297/297/297 266/266/266
f 266/266/266 297/297/297 298/298/298
f 297/297/297 329/329/329 298/298/298
f 298/298/298 329/329/329 330/330/330
f 329/329/329 361/361/361 330/330/330
f 330/330/330 361/361/361 362/362/362
f 361/361/361 393/393/393 362/362/362
f 362/362/362 393/393/393 394/394/394
f 393/393/393 425/425/425 394/394/394
f 394/394/394 425/425/425 426/426/426
f 425/425/425 457/457/457 426/426/426
f 426/426/426 457/457/457 458/458/458
f 457/457/457 482/482/482 458/458/458
f 1/1/1 10/10/10 11/11/11
f 10/10/10 42/42/42 11/11/11
f 11/11/11 42/42/42 43/43/43
f 42/42/42 74/74/74 43/43/43
f 43/43/43 74/74/74 75/75/75
f 74/74/74 106/106/106 75/75/75
f 75/75/75 106/106/106 107/107/107
f 106/106/106 138/138/138 107/107/107
f 107/107/107 138/138/138 139/139/139
f 138/138/138 170/170/170 139/139/139
f 139/139/139 170/170/170 171/171/171
f 170/170/170 202/202/202 171/171/171
f 171/171/171 202/202/202 203/203/203
f 202/202/202 234/234/234 203/203/203
f 203/203/203 234/234/234 235/235/235
f 234/234/234 266/266/266 235/235/235
f 235/235/235 266/266/266 267/267/267
f 266/266/266 298/298/298 267/267/267
f 267/267/267 298/298/298 299/299/299
f 298/298/298 330/330/330 299/299/299
f 299/299/299 330/330/330 331/331/331
f 330/330/330 362/362/362 331/331/331
f 331/331/331 362/362/362 363/363/363
f 362/362/362 394/394/394 363/363/363
f 363/363/363 394/394/394 395/395/395
f 394/394/394 426/426/426 395/395/395
f 395/395/395 426/426/426 427/427/427
f 426/426/426 458/458/458 427/427/427
f 427/427/427 458/458/458 459/459/459
f 458/458/458 482/482/482 459/459/459
f 1/1/1 11/11/11 12/12/12
f 11/11/11 43/43/43 12/12/12
f 12/12/12 43/43/43 44/44/44
f 43/43/43 75/75/75 44/44/44
f 44/44/44 75/75/75 76/76/76
f 75/75/75 107/107/107 76/76/76
f 76/76/76 107/107/107 108/108/108
f 107/107/107 139/139/139 108/108/108
f 108/108/108 139/139/139 140/140/140
f 139/139/139 171/171/171 140/140/140
f 140/140/140 171/171/171 172/172/172
f 171/171/171 203/203/203 172/172/172
f 172/172/172 203/203/203 204/204/204
f 203/203/203 235/235/235 204/204/204
f 204/204/204 235/235/235 236/236/236
f 235/235/235 267/267/267 236/236/236
f 236/236/236 267/267/267 268/268/268
f 267/267/267 299/299/299 268/268/268
f 268/268/268 299/299/299 300/300/300
f 299/299/299 331/331/331 300/300/300
f 300/300/300 331/331/331 332/332/332
f 331/331/331 363/363/363 332/332/332
f 332/332/332 363/363/363 364/364/364
f 363/363/363 395/395/395 364/364/364
f 364/364/364 395/395/395 396/396/396
f 395/395/395 427/427/427 396/396/396
f 396/396/396 427/427/427 428/428/428
f 427/427/427 459/459/459 428/428/428
f 428/428/428 459/459/459 460/460/460
f 459/459/459 482/482/482 460/460/460
f 1/1/1 12/12/12 13/13/13
f 12/12/12 44/44/44 13/13/13
f 13/13/13 44/44/44 45/45/45
f 44/44/44 76/76/76 45/45/45
f 45/45/45 76/76/76 77/77/77
f 76/76/76 108/108/108 77/77/77
f 77/77/77 108/108/108 109/109/109
f 108/108/108 140/140/140 109/109/109
f 109/109/109 140/140/140 141/141/141
f 140/140/140 172/172/172 141/141/141
f 141/141/141 172/172/172 173/173/173
f 172/172/172 204/204/204 173/173/173
f 173/173/173 204/204/204 205/205/205
f 204/204/204 236/236/236 205/205/205
f 205/205/205 236/236/236 237/237/237
f 236/236/236 268/268/268 237/237/237
f 237/237/237 268/268/268 269/269/269
f 268/268/268 300/300/300 269/269/269
f 269/269/269 300/300/300 301/301/301
f 300/300/300 332/332/332 301/301/301
f 301/301/301 332/332/332 333/333/333
f 332/332/332 364/364/364 333/333/333
f 333/333/333 364/364/364 365/365/365
f 364/364/364 396/396/396 365/365/365
f 365/365/365 396/396/396 397/397/397
f 396/396/396 428/428/428 397/397/397
f 397/397/397 428/428/428 429/429/429
f 428/428/428 460/460/460 429/429/429
f 429/429/429 460/460/460 461/461/461
f 460/460/460 482/482/482 461/461/461
f 1/1/1 13/13/13 14/14/14
f 13/13/13 45/45/45 14/14/14
f 14/14/14 45/45/45 46/46/46
f 45/45/45 77/77/77 46/46/46
f 46/46/46 77/77/77 78/78/78
f 77/77/77 109/109/109 78/78/78
f 78/78/78 109/109/109 110/110/110
f 109/109/109 141/141/141 110/110/110
f 110/110/110 141/141/141 142/142/142
f 141/141/141 173/173/173 142/142/142
f 142/142/142 173/173/173 174/174/174
f 173/173/173 205/205/205 174/174/174
f 174/174/174 205/205/205 206/206/206
f 205/205/205 237/237/237 206/206/206
f 206/206/206 237/237/237 238/238/238
f 237/237/237 269/269/269 238/238/238
f 238/238/238 269/269/269 270/270/270
f 269/269/269 301/301/301 270/270/270
f 270/270/270 301/301/301 302/302/302
f 301/301/301 333/333/333 302/302/302
f 302/302/302 333/333/333 334/334/334
f 333/333/333 365/365/365 334/334/334
f 334/334/334 365/365/365 366/366/366
f 365/365/365 397/397/397 366/366/366
f 366/366/366 397/397/397 398/398/398
f 397/397/397 429/429/429 398/398/398
f 398/398/398 429/429/429 430/430/430
f 429/429/429 461/461/461 430/430/430
f 430/430/430 461/461/461 462/462/462
f 461/461/461 482/482/482 462/462/462
f 1/1/1 14/14/14 15/15/15
f 14/14/14 46/46/46 15/15/15
f 15/15/15 46/46/46 47/47/47
f 46/46/46 78/78/78 47/47/47
f 47/47/47 78/78/78 79/79/79
f 78/78/78 110/110/110 79/79/79
f 79/79/79 110/110/110 111/111/111
f 110/110/110 142/142/142 111/111/111
f 111/111/111 142/142/142 143/143/143
f 142/142/142 174/174/174 143/143/143
f 143/143/143 174/174/174 175/175/175
f 174/174/174 206/206/206 175/175/175
f 175/175/175 206/206/206 207/207/207
f 206/206/206 238/238/238 207/207/207
f 207/207/207 238/238/238 239/239/239
f 238/238/238 270/270/270 239/239/239
f 239/239/239 270/270/270 271/271/271
f 270/270/270 302/302/302 271/271/271
f 271/271/271 302/302/302 303/303/303
f 302/302/302 334/334/334 303/303/303
f 303/303/303 334/334/334 335/335/335
f 334/334/334 366/366/366 335/335/335
f 335/335/335 366/366/366 367/367/367
f 366/366/366 398/398/398 367/367/367
f 367/367/367 398/398/398 399/399/399
f 398/398/398 430/430/430 399/399/399
f 399/399/399 430/430/430 431/431/431
f 430/430/430 462/462/462 431/431/431
f 431/431/431 462/462/462 463/463/463
f 462/462/462 482/482/482 463/463/463
f 1/1/1 15/15/15 16/16/16
f 15/15/15 47/47/47 16/16/16
f 16/16/16 47/47/47 48/48/48
f 47/47/47 79/79/79 48/48/48
f 48/48/48 79/79/79 80/80/80
f 79/79/79 111/111/111 80/80/80
f 80/80/80 111/111/111 112/112/112
f 111/111/111 143/143/143 112/112/112
f 112/112/112 143/143/143 144/144/144
f 143/143/143 175/175/175 144/144/144
f 144/144/144 175/175/175 176/176/176
f 175/175/175 207/207/207 176/176/176
f 176/176/176 207/207/207 208/208/208
f 207/207/207 239/239/239 208/208/208
f 208/208/208 239/239/239 240/240/240
f 239/239/239 271/271/271 240/240/240
f 240/240/240 271/271/271 272/272/272
f 271/271/271 303/303/303 272/272/272
f 272/272/272 303/303/303 304/304/304
f 303/303/303 335/335/335 304/304/304
f 304/304/304 335/335/335 336/336/336
f 335/335/335 367/367/367 336/336/336
f 336/336/336 367/367/367 368/368/368
f 367/367/367 399/399/399 368/368/368
f 368/368/368 399/399/399 400/400/400
f 399/399/399 431/431/431 400/400/400
f 400/400/400 431/431/431 432/432/432
f 431/431/431 463/463/463 432/432/432
f 432/432/432 463/463/463 464/464/464
f 463/463/463 482/482/482 464/464/464
f 1/1/1 16/16/16 17/17/17
f 16/16/16 48/48/48 17/17/17
f 17/17/17 48/48/48 49/49/49
f 48/48/48 80/80/80 49/49/49
f 49/49/49 80/80/80 81/81/81
f 80/80/80 112/112/112 81/81/81
f 81/81/81 112/112/112 113/113/113
f 112/112/112 144/144/144 113/113/113
f 113/113/113 144/144/144 145/145/145
f 144/144/144 176/176/176 145/145/145
f 145/145/145 176/176/176 177/177/177
f 176/176/176 208/208/208 177/177/177
f 177/177/177 208/208/208 209/209/209
f 208/208/208 240/240/240 209/209/209
f 209/209/209 240/240/240 241/241/241
f 240/240/240 272/272/272 241/241/241
f 241/241/241 272/272/272 273/273/273
f 272/272/272 304/304/304 273/273/273
f 273/273/273 304/304/304 305/305/305
f 304/304/304 336/336/336 305/305/305
f 305/305/305 336/336/336 337/337/337
f 336/336/336 368/368/368 337/337/337
f 337/337/337 368/368/368 369/369/369
f 368/368/368 400/400/400 369/369/369
f 369/369/369 400/400/400 401/401/401
f 400/400/400 432/432/432 401/401/401
f 401/401/401 432/432/432 433/433/433
f 432/432/432 464/464/464 433/433/433
f 433/433/433 464/464/464 465/465/465
f 464/464/464 482/482/482 465/465/465
f 1/1/1 17/17/17 18/18/18
f 17/17/17 49/49/49 18/18/18
f 18/18/18 49/49/49 50/50/50
f 49/49/49 81/81/81 50/50/50
f 50/50/50 81/81/81 82/82/82
f 81/81/81 113/113/113 82/82/82
f 82/82/82 113/113/113 114/114/114
f 113/113/113 145/145/145 114/114/114
f 114/114/114 145/145/145 146/146/146
f 145/145/145 177/177/177 146/146/146
f 146/146/146 177/177/177 178/178/178
f 177/177/177 209/209/209 178/178/178
f 178/178/178 209/209/209 210/210/210
f 209/209/209 241/241/241 210/210/210
f 210/210/210 241/241/241 242/242/242
f 241/241/241 273/273/273 242/242/242
f 242/242/242 273/273/273 274/274/274
f 273/273/273 305/305/305 274/274/274
f 274/274/274 305/305/305 306/306/306
f 305/305/305 337/337/337 306/306/306
f 306/306/306 337/337/337 338/338/338
f 337/337/337 369/369/369 338/338/338
f 338/338/338 369/369/369 370/370/370
f 369/369/369 401/401/401 370/370/370
f 370/370/370 401/401/401 402/402/402
f 401/401/401 433/433/433 402/402/402
f 402/402/402 433/433/433 434/434/434
f 433/433/433 465/465/465 434/434/434
f 434/434/434 465/465/465 466/466/466
f 465/465/465 482/482/482 466/466/466
f 1/1/1 18/18/18 19/19/19
f 18/18/18 50/50/50 19/19/19
f 19/19/19 50/50/50 51/51/51
f 50/50/50 82/82/82 51/51/51
f 51/51/51 82/82/82 83/83/83
f 82/82/82 114/114/114 83/83/83
f 83/83/83 114/114/114 115/115/115
f 114/114/114 146/146/146 115/115/115
f 115/115/115 146/146/146 147/147/147
f 146/146/146 178/178/178 147/147/147
f 147/147/147 178/178/178 179/179/179
f 178/178/178 210/210/210 179/179/179
f 179/179/179 210/210/210 211/211/211
f 210/210/210 242/242/242 211/211/211
f 211/211/211 242/242/242 243/243/243
f 242/242/242 274/274/274 243/243/243
f 243/243/243 274/274/274 275/275/275
f 274/274/274 306/306/306 275/275/275
f 275/275/275 306/306/306 307/307/307
f 306/306/306 338/338/338 307/307/307
f 307/307/307 338/338/338 339/339/339
f 338/338/338 370/370/370 339/339/339
f 339/339/339 370/370/370 371/371/371
f 370/370/370 402/402/402 371/371/371
f 371/371/371 402/402/402 403/403/403
f 402/402/402 434/434/434 403/403/403
f 403/403/403 434/434/434 435/435/435
f 434/434/434 466/466/466 435/435/435
f 435/435/435 466/466/466 467/467/467
f 466/466/466 482/482/482 467/467/467
f 1/1/1 19/19/19 20/20/20
f 19/19/19 51/51/51 20/20/20
f 20/20/20 51/51/51 52/52/52
f 51/51/51 83/83/83 52/52/52
f 52/52/52 83/83/83 84/84/84
f 83/83/83 115/115/115 84/84/84
f 84/84/84 115/115/115 116/116/116
f 115/115/115 147/147/147 116/116/116
f 116/116/116 147/147/147 148/148/148
f 147/147/147 179/179/179 148/148/148
f 148/148/148 179/179/179 180/180/180
f 179/179/179 211/211/211 180/180/180
f 180/180/180 211/211/211 212/212/212
f 211/211/211 243/243/243 212/212/212
f 212/212/212 243/243/243 244/244/244
f 243/243/243 275/275/275 244/244/244
f 244/244/244 275/275/275 276/276/276
f 275/275/275 307/307/307 276/276/276
f 276/276/276 307/307/307 308/308/308
f 307/307/307 339/339/339 308/308/308
f 308/308/308 339/339/339 340/340/340
f 339/339/339 371/371/371 340/340/340
f 340/340/340 371/371/371 372/372/372
f 371/371/371 403/403/403 372/372/372
f 372/372/372 403/403/403 404/404/404
f 403/403/403 435/435/435 404/404/404
f 404/404/404 435/435/435 436/436/436
f 435/435/435 467/467/467 436/436/436
f 436/436/436 467/467/467 468/468/468
f 467/467/467 482/482/482 468/468/468
f 1/1/1 20/20/20 21/21/21
f 20/20/20 52/52/52 21/21/21
f 21/21/21 52/52/52 53/53/53
f 52/52/52 84/84/84 53/53/53
f 53/53/53 84/84/84 85/85/85
f 84/84/84 116/116/116 85/85/85
f 85/85/85 116/116/116 117/117/117
f 116/116/116 148/148/148 117/117/117
f 117/117/117 148/148/148 149/149/149
f 148/148/148 180/180/180 149/149/149
f 149/149/149 180/180/180 181/181/181
f 180/180/180 212/212/212 181/181/181
f 181/181/181 212/212/212 213/213/213
f 212/212/212 244/244/244 213/213/213
f 213/213/213 244/244/244 245/245/245
f 244/244/244 276/276/276 245/245/245
f 245/245/245 276/276/276 277/277/277
f 276/276/276 308/308/308 277/277/277
f 277/277/277 308/308/308 309/309/309
f 308/308/308 340/340/340 309/309/309
f 309/309/309 340/340/340 341/341/341
f 340/340/340 372/372/372 341/341/341
f 341/341/341 372/372/372 373/373/373
f 372/372/372 404/404/404 373/373/373
f 373/373/373 404/404/404 405/405/405
f 404/404/404 436/436/436 405/405/405
f 405/405/405 436/436/436 437/437/437
f 436/436/436 468/468/468 437/437/437
f 437/437/437 468/468/468 469/469/469
f 468/468/468 482/482/482 469/469/469
f 1/1/1 21/21/21 22/22/22
f 21/21/21 53/53/53 22/22/22
f 22/22/22 53/53/53 54/54/54
f 53/53/53 85/85/85 54/54/54
f 54/54/54 85/85/85 86/86/86
f 85/85/85 117/117/117 86/86/86
f 86/86/86 117/117/117 118/118/118
f 117/117/117 149/149/149 118/118/118
f 118/118/118 149/149/149 150/150/150
f 149/149/149 181/181/181 150/150/150
f 150/150/150 181/181/181 182/182/182
f 181/181/181 213/213/213 182/182/182
f 182/182/182 213/213/213 214/214/214
f 213/213/213 245/245/245 214/214/214
f 214/214/214 245/245/245 246/246/246
f 245/245/245 277/277/277 246/246/246
f 246/246/246 277/277/277 278/278/278
f 277/277/277 309/309/309 278/278/278
f 278/278/278 309/309/309 310/310/310
f 309/309/309 341/341/341 310/310/310
f 310/310/310 341/341/341 342/342/342
f 341/341/341 373/373/373 342/342/342
f 342/342/342 373/373/373 374/374/374
f 373/373/373 405/405/405 374/374/374
f 374/374/374 405/405/405 406/406/406
f 405/405/405 437/437/437 406/406/406
f 406/406/406 437/437/437 438/438/438
f 437/437/437 469/469/469 438/438/438
f 438/438/438 469/469/469 470/470/470
f 469/469/469 482/482/482 470/470/470
f 1/1/1 22/22/22 23/23/23
f 22/22/22 54/54/54 23/23/23
f 23/23/23 54/54/54 55/55/55
f 54/54/54 86/86/86 55/55/55
f 55/55/55 86/86/86 87/87/87
f 86/86/86 118/118/118 87/87/87
f 87/87/87 118/118/118 119/119/119
f 118/118/118 150/150/150 119/119/119
f 119/119/119 150/150/150 151/151/151
f 150/150/150 182/182/182 151/151/151
f 151/151/151 182/182/182 183/183/183
f 182/182/182 214/214/214 183/183/183
f 183/183/183 214/214/214 215/215/215
f 214/214/214 246/246/246 215/215/215
f 215/215/215 246/246/246 247/247/247
f 246/246/246 278/278/278 247/247/247
f 247/247/247 278/278/278 279/279/279
f 278/278/278 310/310/310 279/279/279
f 279/279/279 310/310/310 311/311/311
f 310/310/310 342/342/342 311/311/311
f 311/311/311 342/342/342 343/343/343
f 342/342/342 374/374/374 343/343/343
f 343/343/343 374/374/374 375/375/375
f 374/374/374 406/406/406 375/375/375
f 375/375/375 406/406/406 407/407/407
f 406/406/406 438/438/438 407/407/407
f 407/407/407 438/438/438 439/439/439
f 438/438/438 470/470/470 439/439/439
f 439/439/439 470/470/470 471/471/471
f 470/470/470 482/482/482 471/471/471
f 1/1/1 23/23/23 24/24/24
f 23/23/23 55/55/55 24/24/24
f 24/24/24 55/55/55 56/56/56
f 55/55/55 87/87/87 56/56/56
f 56/56/56 87/87/87 88/88/88
f 87/87/87 119/119/119 88/88/88
f 88/88/88 119/119/119 120/120/120
f 119/119/119 151/151/151 120/120/120
f 120/120/120 151/151/151 152/152/152
f 151/151/151 183/183/183 152/152/152
f 152/152/152 183/183/183 184/184/184
f 183/183/183 215/215/215 184/184/184
f 184/184/184 215/215/215 216/216/216
f 215/215/215 247/247/247 216/216/216
f 216/216/216 247/247/247 248/248/248
f 247/247/247 279/279/279 248/248/248
f 248/248/248 279/279/279 280/280/280
f 279/279/279 311/311/311 280/280/280
f 280/280/280 311/311/311 312/312/312
f 311/311/311 343/343/343 312/312/312
f 312/312/312 343/343/343 344/344/344
f 343/343/343 375/375/375 344/344/344
f 344/344/344 375/375/375 376/376/376
f 375/375/375 407/407/407 376/376/376
f 376/376/376 407/407/407 408/408/408
f 407/407/407 439/439/439 408/408/408
f 408/408/408 439/439/439 440/440/440
f 439/439/439 471/471/471 440/440/440
f 440/440/440 471/471/471 472/472/472
f 471/471/471 482/482/482 472/472/472
f 1/1/1 24/24/24 25/25/25
f 24/24/24 56/56/56 25/25/25
f 25/25/25 56/56/56 57/57/57
f 56/56/56 88/88/88 57/57/57
f 57/57/57 88/88/88 89/89/89
f 88/88/88 120/120/120 89/89/89
f 89/89/89 120/120/120 121/121/121
f 120/120/120 152/152/152 121/121/121
f 121/121/121 152/152/152 153/153/153
f 152/152/152 184/184/184 153/153/153
f 153/153/153 184/184/184 185/185/185
f 184/184/184 216/216/216 185/185/185
f 185/185/185 216/216/216 217/217/217
f 216/216/216 248/248/248 217/217/217
f 217/217/217 248/248/248 249/249/249
f 248/248/248 280/280/280 249/249/249
f 249/249/249 280/280/280 281/281/281
f 280/280/280 312/312/312 281/281/281
f 281/281/281 312/312/312 313/313/313
f 312/312/312 344/344/344 313/313/313
f 313/313/313 344/344/344 345/345/345
f 344/344/344 376/376/376 345/345/345
f 345/345/345 376/376/376 377/377/377
f 376/376/376 408/408/408 377/377/377
f 377/377/377 408/408/408 409/409/409
f 408/408/408 440/440/440 409/409/409
f 409/409/409 440/440/440 441/441/441
f 440/440/440 472/472/472 441/441/441
f 441/441/441 472/472/472 473/473/473
f 472/472/472 482/482/482 473/473/473
f 1/1/1 25/25/25 26/26/26
f 25/25/25 57/57/57 26/26/26
f 26/26/26 57/57/57 58/58/58
f 57/57/57 89/89/89 58/58/58
f 58/58/58 89/89/89 90/90/90
f 89/89/89 121/121/121 90/90/90
f 90/90/90 121/121/121 122/122/122
f 121/121/121 153/153/153 122/122/122
f 122/122/122 153/153/153 154/154/154
f 153/153/153 185/185/185 154/154/154
f 154/154/154 185/185/185 186/186/186
f 185/185/185 217/217/217 186/186/186
f 186/186/186 217/217/217 218/218/218
f 217/217/217 249/249/249 218/218/218
f 218/218/218 249/249/249 250/250/250
f 249/249/249 281/281/281 250/250/250
f 250/250/250 281/281/281 282/282/282
f 281/281/281 313/313/313 282/282/282
f 282/282/282 313/313/313 314/314/314
f 313/313/313 345/345/345 314/314/314
f 314/314/314 345/345/345 346/346/346
f 345/345/345 377/377/377 346/346/346
f 346/346/346 377/377/377 378/378/378
f 377/377/377 409/409/409 378/378/378
f 378/378/378 409/409/409 410/410/410
f 409/409/409 441/441/441 410/410/410
f 410/410/410 441/441/441 442/442/442
f 441/441/441 473/473/473 442/442/442
f 442/442/442 473/473/473 474/474/474
f 473/473/473 482/482/482 474/474/474
f 1/1/1 26/26/26 27/27/27
f 26/26/26 58/58/58 27/27/27
f 27/27/27 58/58/58 59/59/59
f 58/58/58 90/90/90 59/59/59
f 59/59/59 90/90/90 91/91/91
f 90/90/90 122/122/122 91/91/91
f 91/91/91 122/122/122 123/123/123
f 122/122/122 154/154/154 123/123/123
f 123/123/123 154/154/154 155/155/155
f 154/154/154 186/186/186 155/155/155
f 155/155/155 186/186/186 187/187/187
f 186/186/186 218/218/218 187/187/187
f 187/187/187 218/218/218 219/219/219
f 218/218/218 250/250/250 219/219/219
f 219/219/219 250/250/250 251/251/251
f 250/250/250 282/282/282 251/251/251
f 251/251/251 282/282/282 283/283/283
f 282/282/282 314/314/314 283/283/283
f 283/283/283 314/314/314 315/315/315
f 314/314/314 346/346/346 315/315/315
f 315/315/315 346/346/346 347/347/347
f 346/346/346 378/378/378 347/347/347
f 347/347/347 378/378/378 379/379/379
f 378/378/378 410/410/410 379/379/379
f 379/379/379 410/410/410 411/411/411
f 410/410/410 442/442/442 411/411/411
f 411/411/411 442/442/442 443/443/443
f 442/442/442 474/474/474 443/443/443
f 443/443/443 474/474/474 475/475/475
f 474/474/474 482/482/482 475/475/475
f 1/1/1 27/27/27 28/28/28
f 27/27/27 59/59/59 28/28/28
f 28/28/28 59/59/59 60/60/60
f 59/59/59 91/91/91 60/60/60
f 60/60/60 91/91/91 92/92/92
f 91/91/91 123/123/123 92/92/92
f 92/92/92 123/123/123 124/124/124
f 123/123/123 155/155/155 124/124/124
f 124/124/124 155/155/155 156/156/156
f 155/155/155 187/187/187 156/156/156
f 156/156/156 187/187/187 188/188/188
f 187/187/187 219/219/219 188/188/188
f 188/188/188 219/219/219 220/220/220
f 219/219/219 251/251/251 220/220/220
f 220/220/220 251/251/251 252/252/252
f 251/251/251 283/283/283 252/252/252
f 252/252/252 283/283/283 284/284/284
f 283/283/283 315/315/315 284/284/284
f 284/284/284 315/315/315 316/316/316
f 315/315/315 347/347/347 316/316/316
f 316/316/316 347/347/347 348/348/348
f 347/347/347 379/379/379 348/348/348
f 348/348/348 379/379/379 380/380/380
f 379/379/379 411/411/411 380/380/380
f 380/380/380 411/411/411 412/412/412
f 411/411/411 443/443/443 412/412/412
f 412/412/412 443/443/443 444/444/444
f 443/443/443 475/475/475 444/444/444
f 444/444/444 475/475/475 476/476/476
f 475/475/475 482/482/482 476/476/476
f 1/1/1 28/28/28 29/29/29
f 28/28/28 60/60/60 29/29/29
f 29/29/29 60/60/60 61/61/61
f 60/60/60 92/92/92 61/61/61
f 61/61/61 92/92/92 93/93/93
f 92/92/92 124/124/124 93/93/93
f 93/93/93 124/124/124 125/125/125
f 124/124/124 156/156/156 125/125/125
f 125/125/125 156/156/156 157/157/157
f 156/156/156 188/188/188 157/157/157
f 157/157/157 188/188/188 189/189/189
f 188/188/188 220/220/220 189/189/189
f 189/189/189 220/220/220 221/221/221
f 220/220/220 252/252/252 221/221/221
f 221/221/221 252/252/252 253/253/253
f 252/252/252 284/284/284 253/253/253
f 253/253/253 284/284/284 285/285/285
f 284/284/284 316/316/316 285/285/285
f 285/285/285 316/316/316 317/317/317
f 316/316/316 348/348/348 317/317/317
f 317/317/317 348/348/348 349/349/349
f 348/348/348 380/380/380 349/349/349
f 349/349/349 380/380/380 381/381/381
f 380/380/380 412/412/412 381/381/381
f 381/381/381 412/412/412 413/413/413
f 412/412/412 444/444/444 413/413/413
f 413/413/413 444/444/444 445/445/445
f 444/444/444 476/476/476 445/445/445
f 445/445/445 476/476/476 477/477/477
f 476/476/476 482/482/482 477/477/477
f 1/1/1 29/29/29 30/30/30
f 29/29/29 61/61/61 30/30/30
f 30/30/30 61/61/61 62/62/62
f 61/61/61 93/93/93 62/62/62
f 62/62/62 93/93/93 94/94/94
f 93/93/93 125/125/125 94/94/94
f 94/94/94 125/125/125 126/126/126
f 125/125/125 157/157/157 126/126/126
f 126/126/126 157/157/157 158/158/158
f 157/157/157 189/189/189 158/158/158
f 158/158/158 189/189/189 190/190/190
f 189/189/189 221/221/221 190/190/190
f 190/190/190 221/221/221 222/222/222
f 221/221/221 253/253/253 222/222/222
f 222/222/222 253/253/253 254/254/254
f 253/253/253 285/285/285 254/254/254
f 254/254/254 285/285/285 286/286/286
f 285/285/285 317/317/317 286/286/286
f 286/286/286 317/317/317 318/318/318
f 317/317/317 349/349/349 318/318/318
f 318/318/318 349/349/349 350/350/350
f 349/349/349 381/381/381 350/350/350
f 350/350/350 381/381/381 382/382/382
f 381/381/381 413/413/413 382/382/382
f 382/382/382 413/413/413 414/414/414
f 413/413/413 445/445/445 414/414/414
f 414/414/414 445/445/445 446/446/446
f 445/445/445 477/477/477 446/446/446
f 446/446/446 477/477/477 478/478/478
f 477/477/477 482/482/482 478/478/478
f 1/1/1 30/30/30 31/31/31
f 30/30/30 62/62/62 31/31/31
f 31/31/31 62/62/62 63/63/63
f 62/62/62 94/94/94 63/63/63
f 63/63/63 94/94/94 95/95/95
f 94/94/94 126/126/126 95/95/95
f 95/95/95 126/126/126 127/127/127
f 126/126/126 158/158/158 127/127/127
f 127/127/127 158/158/158 159/159/159
f 158/158/158 190/190/190 159/159/159
f 159/159/159 190/190/190 191/191/191
f 190/190/190 222/222/222 191/191/191
f 191/191/191 222/222/222 223/223/223
f 222/222/222 254/254/254 223/223/223
f 223/223/223 254/254/254 255/255/255
f 254/254/254 286/286/286 255/255/255
f 255/255/255 286/286/286 287/287/287
f 286/286/286 318/318/318 287/287/287
f 287/287/287 318/318/318 319/319/319
f 318/318/318 350/350/350 319/319/319
f 319/319/319 350/350/350 351/351/351
f 350/350/350 382/382/382 351/351/351
f 351/351/351 382/382/382 383/383/383
f 382/382/382 414/414/414 383/383/383
f 383/383/383 414/414/414 415/415/415
f 414/414/414 446/446/446 415/415/415
f 415/415/415 446/446/446 447/447/447
f 446/446/446 478/478/478 447/447/447
f 447/447/447 478/478/478 479/479/479
f 478/478/478 482/482/482 479/479/479
f 1/1/1 31/31/31 32/32/32
f 31/31/31 63/63/63 32/32/32
f 32/32/32 63/63/63 64/64/64
f 63/63/63 95/95/95 64/64/64
f 64/64/64 95/95/95 96/96/96
f 95/95/95 127/127/127 96/96/96
f 96/96/96 127/127/127 128/128/128
f 127/127/127 159/159/159 128/128/128
f 128/128/128 159/159/159 160/160/160
f 159/159/159 191/191/191 160/160/160
f 160/160/160 191/191/191 192/192/192
f 191/191/191 223/223/223 192/192/192
f 192/192/192 223/223/223 224/224/224
f 223/223/223 255/255/255 224/224/224
f 224/224/224 255/255/255 256/256/256
f 255/255/255 287/287/287 256/256/256
f 256/256/256 287/287/287 288/288/288
f 287/287/287 319/319/319 288/288/288
f 288/288/288 319/319/319 320/320/320
f 319/319/319 351/351/351 320/320/320
f 320/320/320 351/351/351 352/352/352
f 351/351/351 383/383/383 352/352/352
f 352/352/352 383/383/383 384/384/384
f 383/383/383 415/415/415 384/384/384
f 384/384/384 415/415/415 416/416/416
f 415/415/415 447/447/447 416/416/416
f 416/416/416 447/447/447 448/448/448
f 447/447/447 479/479/479 448/448/448
f 448/448/448 479/479/479 480/480/480
f 479/479/479 482/482/482 480/480/480
f 1/1/1 32/32/32 33/33/33
f 32/32/32 64/64/64 33/33/33
f 33/33/33 64/64/64 65/65/65
f 64/64/64 96/96/96 65/65/65
f 65/65/65 96/96/96 97/97/97
f 96/96/96 128/128/128 97/97/97
f 97/97/97 128/128/128 129/129/129
f 128/128/128 160/160/160 129/129/129
f 129/129/129 160/160/160 161/161/161
f 160/160/160 192/192/192 161/161/161
f 161/161/161 192/192/192 193/193/193
f 192/192/192 224/224/224 193/193/193
f 193/193/193 224/224/224 225/225/225
f 224/224/224 256/256/256 225/225/225
f 225/225/225 256/256/256 257/257/257
f 256/256/256 288/288/288 257/257/257
f 257/257/257 288/288/288 289/289/289
f 288/288/288 320/320/320 289/289/289
f 289/289/289 320/320/320 321/321/321
f 320/320/320 352/352/352 321/321/321
f 321/321/321 352/352/352 353/353/353
f 352/352/352 384/384/384 353/353/353
f 353/353/353 384/384/384 385/385/385
f 384/384/384 416/416/416 385/385/385
f 385/385/385 416/416/416 417/417/417
f 416/416/416 448/448/448 417/417/417
f 417/417/417 448/448/448 449/449/449
f 448/448/448 480/480/480 449/449/449
f 449/449/449 480/480/480 481/481/481
f 480/480/480 482/482/482 481/481/481
f 1/1/1 33/33/33 2/2/2
f 33/33/33 65/65/65 2/2/2
f 2/2/2 65/65/65 34/34/34
f 65/65/65 97/97/97 34/34/34
f 34/34/34 97/97/97 66/66/66
f 97/97/97 129/129/129 66/66/66
f 66/66/66 129/129/129 98/98/98
f 129/129/129 161/161/161 98/98/98
f 98/98/98 161/161/161 130/130/130
f 161/161/161 193/193/193 130/130/130
f 130/130/130 193/193/193 162/162/162
f 193/193/193 225/225/225 162/162/162
f 162/162/162 225/225/225 194/194/194
f 225/225/225 257/257/257 194/194/194
f 194/194/194 257/257/257 226/226/226
f 257/257/257 289/289/289 226/226/226
f 226/226/226 289/289/289 258/258/258
f 289/289/289 321/321/321 258/258/258
f 258/258/258 321/321/321 290/290/290
f 321/321/321 353/353/353 290/290/290
f 290/290/290 353/353/353 322/322/322
f 353/353/353 385/385/385 322/322/322
f 322/322/322 385/385/385 354/354/354
f 385/385/385 417/417/417 354/354/354
f 354/354/354 417/417/417 386/386/386
f 417/417/417 449/449/449 386/386/386
f 386/386/386 449/449/449 418/418/418
f 449/449/449 481/481/481 418/418/418
f 418/418/418 481/481/481 450/450/450
f 481/481/481 482/482/482 450/450/450
f 483/483/483 486/486/486 484/484/484
f 484/484/484 486/486/486 487/487/487
f 484/484/484 487/487/487 485/485/485
f 485/485/485 487/487/487 488/488/488
f 486/486/486 489/489/489 487/487/487
f 487/487/487 489/489/489 490/490/490
f 487/487/487 490/490/490 488/488/488
f 488/488/488 490/490/490 491/491/491
f 489/489/489 492/492/492 490/490/490
f 490/490/490 492/492/492 493/493/493
f 490/490/490 493/493/493 491/491/491
f 491/491/491 493/493/493 494/494/494
f 492/492/492 495/495/495 493/493/493
f 493/493/493 495/495/495 496/496/496
f 493/493/493 496/496/496 494/494/494
f 494/494/494 496/496/496 497/497/497
f 495/495/495 498/498/498 496/496/496
f 496/496/496 498/498/498 499/499/499
f 496/496/496 499/499/499 497/497/497
f 497/497/497 499/499/499 500/500/500
f 498/498/498 501/501/501 499/499/499
f 499/499/499 501/501/501 502/502/502
f 499/499/499 502/502/502 500/500/500
f 500/500/500 502/502/502 503/503/503
f 501/501/501 504/504/504 502/502/502
f 502/502/502 504/504/504 505/505/505
f 502/502/502 505/505/505 503/503/503
f 503/503/503 505/505/505 506/506/506
f 504/504/504 507/507/507 505/505/505
f 505/505/505 507/507/507 508/508/508
f 505/505/505 508/508/508 506/506/506
f 506/506/506 508/508/508 509/509/509
f 507/507/507 510/510/510 508/508/508
f 508/508/508 510/510/510 511/511/511
f 508/508/508 511/511/511 509/509/509
f 509/509/509 511/511/511 512/512/512
f 510/510/510 513/513/513 511/511/511
f 511/511/511 513/513/513 514/514/514
f 511/511/511 514/514/514 512/512/512
f 512/512/512 514/514/514 515/515/515
f 513/513/513 516/516/516 514/514/514
f 514/514/514 516/516/516 517/517/517
f 514/514/514 517/517/517 515/515/515
f 515/515/515 517/517/517 518/518/518
f 516/516/516 519/519/519 517/517/517
f 517/517/517 519/519/519 520/520/520
f 517/517/517 520/520/520 518/518/518
f 518/518/518 520/520/520 521/521/521
f 519/519/519 522/522/522 520/520/520
f 520/520/520 522/522/522 523/523/523
f 520/520/520 523/523/523 521/521/521
f 521/521/521 523/523/523 524/524/524
f 522/522/522 525/525/525 523/523/523
f 523/523/523 525/525/525 526/526/526
f 523/523/523 526/526/526 524/524/524
f 524/524/524 526/526/526 527/527/527
f 525/525/525 528/528/528 526/526/526
f 526/526/526 528/528/528 529/529/529
f 526/526/526 529/529/529 527/527/527
f 527/527/527 529/529/529 530/530/530
f 528/528/528 531/531/531 529/529/529
f 529/529/529 531/531/531 532/532/532
f 529/529/529 532/532/532 530/530/530
f 530/530/530 532/532/532 533/533/533
f 531/531/531 534/534/534 532/532/532
f 532/532/532 534/534/534 535/535/535
f 532/532/532 535/535/535 533/533/533
f 533/533/533 535/535/535 536/536/536
f 534/534/534 537/537/537 535/535/535
f 535/535/535 537/537/537 538/538/538
f 535/535/535 538/538/538 536/536/536
f 536/536/536 538/538/538 539/539/539
f 537/537/537 540/540/540 538/538/538
f 538/538/538 540/540/540 541/541/541
f 538/538/538 541/541/541 539/539/539
f 539/539/539 541/541/541 542/542/542
f 540/540/540 543/543/543 541/541/541
f 541/541/541 543/543/543 544/544/544
f 541/541/541 544/544/544 542/542/542
f 542/542/542 544/544/544 545/545/545
f 543/543/543 546/546/546 544/544/544
f 544/544/544 546/546/546 547/547/547
f 544/544/544 547/547/547 545/545/545
f 545/545/545 547/547/547 548/548/548
f 546/546/546 549/549/549 547/547/547
f 547/547/547 549/549/549 550/550/550
f 547/547/547 550/550/550 548/548/548
f 548/548/548 550/550/550 551/551/551
f 549/549/549 552/552/552 550/550/550
f 550/550/550 552/552/552 553/553/553
f 550/550/550 553/553/553 551/551/551
f 551/551/551 553/553/553 554/554/554
f 552/552/552 555/555/555 553/553/553
f 553/553/553 555/555/555 556/556/556
f 553/553/553 556/556/556 554/554/554
f 554/554/554 556/556/556 557/557/557
f 555/555/555 558/558/558 556/556/556
f 556/556/556 558/558/558 559/559/559
f 556/556/556 559/559/559 557/557/557
f 557/557/557 559/559/559 560/560/560
f 558/558/558 561/561/561 559/559/559
f 559/559/559 561/561/561 562/562/562
f 559/559/559 562/562/562 560/560/560
f 560/560/560 562/562/562 563/563/563
f 561/561/561 564/564/564 562/562/562
f 562/562/562 564/564/564 565/565/565
f 562/562/562 565/565/565 563/563/563
f 563/563/563 565/565/565 566/566/566
f 564/564/564 567/567/567 565/565/565
f 565/565/565 567/567/567 568/568/568
f 565/565/565 568/568/568 566/566/566
f 566/566/566 568/568/568 569/569/569
f 567/567/567 570/570/570 568/568/568
f 568/568/568 570/570/570 571/571/571
f 568/568/568 571/571/571 569/569/569
f 569/569/569 571/571/571 572/572/572
f 570/570/570 573/573/573 571/571/571
f 571/571/571 573/573/573 574/574/574
f 571/571/571 574/574/574 572/572/572
f 572/572/572 574/574/574 575/575/575
f 573/573/573 576/576/576 574/574/574
f 574/574/574 576/576/576 577/577/577
f 574/574/574 577/577/577 575/575/575
f 575/575/575 577/577/577 578/578/578
f 576/576/576 579/579/579 577/577/577
f 577/577/577 579/579/579 580/580/580
f 577/577/577 580/580/580 578/578/578
f 578/578/578 580/580/580 581/581/581
f 579/579/579 582/582/582 580/580/580
f 580/580/580 582/582/582 583/583/583
f 580/580/580 583/583/583 581/581/581
f 581/581/581 583/583/583 584/584/584
f 582/582/582 585/585/585 583/583/583
f 583/583/583 585/585/585 586/586/586
f 583/583/583 586/586/586 584/584/584
f 584/584/584 586/586/586 587/587/587
f 585/585/585 588/588/588 586/586/586
f 586/586/586 588/588/588 589/589/589
f 586/586/586 589/589/589 587/587/587
f 587/587/587 589/589/589 590/590/590
f 588/588/588 591/591/591 589/589/589
f 589/589/589 591/591/591 592/592/592
f 589/589/589 592/592/592 590/590/590
f 590/590/590 592/592/592 593/593/593
f 591/591/591 594/594/594 592/592/592
f 592/592/592 594/594/594 595/595/595
f 592/592/592 595/595/595 593/593/593
f 593/593/593 595/595/595 596/596/596
f 594/594/594 597/597/597 595/595/595
f 595/595/595 597/597/597 598/598/598
f 595/595/595 598/598/598 596/596/596
f 596/596/596 598/598/598 599/599/599
f 597/597/597 600/600/600 598/598/598
f 598/598/598 600/600/600 601/601/601
f 598/598/598 601/601/601 599/599/599
f 599/599/599 601/601/601 602/602/602
f 600/600/600 603/603/603 601/601/601
f 601/601/601 603/603/603 604/604/604
f 601/601/601 604/604/604 602/602/602
f 602/602/602 604/604/604 605/605/605
f 603/603/603 606/606/606 604/604/604
f 604/604/604 606/606/606 607/607/607
f 604/604/604 607/607/607 605/605/605
f 605/605/605 607/607/607 608/608/608
f 606/606/606 609/609/609 607/607/607
f 607/607/607 609/609/609 610/610/610
f 607/607/607 610/610/610 608/608/608
f 608/608/608 610/610/610 611/611/611
f 609/609/609 612/612/612 610/610/610
f 610/610/610 612/612/612 613/613/613
f 610/610/610 613/613/613 611/611/611
f 611/611/611 613/613/613 614/614/614
f 612/612/612 615/615/615 613/613/613
f 613/613/613 615/615/615 616/616/616
f 613/613/613 616/616/616 614/614/614
f 614/614/614 616/616/616 617/617/617
f 615/615/615 618/618/618 616/616/616
f 616/616/616 618/618/618 619/619/619
f 616/616/616 619/619/619 617/617/617
f 617/617/617 619/619/619 620/620/620
f 618/618/618 621/621/621 619/619/619
f 619/619/619 621/621/621 622/622/622
f 619/619/619 622/622/622 620/620/620
f 620/620/620 622/622/622 623/623/623
f 621/621/621 624/624/624 622/622/622
f 622/622/622 624/624/624 625/625/625
f 622/622/622 625/625/625 623/623/623
f 623/623/623 625/625/625 626/626/626
f 624/624/624 627/627/627 625/625/625
f 625/625/625 627/627/627 628/628/628
f 625/625/625 628/628/628 626/626/626
f 626/626/626 628/628/628 629/629/629
f 627/627/627 630/630/630 628/628/628
f 628/628/628 630/630/630 631/631/631
f 628/628/628 631/631/631 629/629/629
f 629/629/629 631/631/631 632/632/632
f 630/630/630 633/633/633 631/631/631
f 631/631/631 633/633/633 634/634/634
f 631/631/631 634/634/634 632/632/632
f 632/632/632 634/634/634 635/635/635
f 633/633/633 636/636/636 634/634/634
f 634/634/634 636/636/636 637/637/637
f 634/634/634 637/637/637 635/635/635
f 635/635/635 637/637/637 638/638/638
f 636/636/636 639/639/639 637/637/637
f 637/637/637 639/639/639 640/640/640
f 637/637/637 640/640/640 638/638/638
f 638/638/638 640/640/640 641/641/641
f 639/639/639 642/642/642 640/640/640
f 640/640/640 642/642/642 643/643/643
f 640/640/640 643/643/643 641/641/641
f 641/641/641 643/643/643 644/644/644
f 642/642/642 645/645/645 643/643/643
f 643/643/643 645/645/645 646/646/646
f 643/643/643 646/646/646 644/644/644
f 644/644/644 646/646/646 647/647/647
f 645/645/645 648/648/648 646/646/646
f 646/646/646 648/648/648 649/649/649
f 646/646/646 649/649/649 647/647/647
f 647/647/647 649/649/649 650/650/650
f 648/648/648 651/651/651 649/649/649
f 649/649/649 651/651/651 652/652/652
f 649/649/649 652/652/652 650/650/650
f 650/650/650 652/652/652 653/653/653
f 651/651/651 654/654/654 652/652/652
f 652/652/652 654/654/654 655/655/655
f 652/652/652 655/655/655 653/653/653
f 653/653/653 655/655/655 656/656/656
f 654/654/654 657/657/657 655/655/655
f 655/655/655 657/657/657 658/658/658
f 655/655/655 658/658/658 656/656/656
f 656/656/656 658/658/658 659/659/659
f 657/657/657 660/660/660 658/658/658
f 658/658/658 660/660/660 661/661/661
f 658/658/658 661/661/661 659/659/659
f 659/659/659 661/661/661 662/662/662
f 660/660/660 663/663/663 661/661/661
f 661/661/661 663/663/663 664/664/664
f 661/661/661 664/664/664 662/662/662
f 662/662/662 664/664/664 665/665/665
f 663/663/663 666/666/666 664/664/664
f 664/664/664 666/666/666 667/667/667
f 664/664/664 667/667/667 665/665/665
f 665/665/665 667/667/667 668/668/668
f 666/666/666 669/669/669 667/667/667
f 667/667/667 669/669/669 670/670/670
f 667/667/667 670/670/670 668/668/668
f 668/668/668 670/670/670 671/671/671
f 669/669/669 672/672/672 670/670/670
f 670/670/670 672/672/672 673/673/673
f 670/670/670 673/673/673 671/671/671
f 671/671/671 673/673/673 674/674/674
f 672/672/672 675/675/675 673/673/673
f 673/673/673 675/675/675 676/676/676
f 673/673/673 676/676/676 674/674/674
f 674/674/674 676/676/676 677/677/677
f 678/678/678 681/681/681 679/679/679
f 679/679/679 681/681/681 682/682/682
f 679/679/679 682/682/682 680/680/680
f 680/680/680 682/682/682 683/683/683
f 681/681/681 684/684/684 682/682/682
f 682/682/682 684/684/684 685/685/685
f 682/682/682 685/685/685 683/683/683
f 683/683/683 685/685/685 686/686/686
f 684/684/684 687/687/687 685/685/685
f 685/685/685 687/687/687 688/688/688
f 685/685/685 688/688/688 686/686/686
f 686/686/686 688/688/688 689/689/689
f 687/687/687 690/690/690 688/688/688
f 688/688/688 690/690/690 691/691/691
f 688/688/688 691/691/691 689/689/689
f 689/689/689 691/691/691 692/692/692
f 690/690/690 693/693/693 691/691/691
f 691/691/691 693/693/693 694/694/694
f 691/691/691 694/694/694 692/692/692
f 692/692/692 694/694/694 695/695/695
f 693/693/693 696/696/696 694/694/694
f 694/694/694 696/696/696 697/697/697
f 694/694/694 697/697/697 695/695/695
f 695/695/695 697/697/697 698/698/698
f 696/696/696 699/699/699 697/697/697
f 697/697/697 699/699/699 700/700/700
f 697/697/697 700/700/700 698/698/698
f 698/698/698 700/700/700 701/701/701
f 699/699/699 702/702/702 700/700/700
f 700/700/700 702/702/702 703/703/703
f 700/700/700 703/703/703 701/701/701
f 701/701/701 703/703/703 704/704/704
f 702/702/702 705/705/705 703/703/703
f 703/703/703 705/705/705 706/706/706
f 703/703/703 706/706/706 704/704/704
f 704/704/704 706/706/706 707/707/707
f 705/705/705 708/708/708 706/706/706
f 706/706/706 708/708/708 709/709/709
f 706/706/706 709/709/709 707/707/707
f 707/707/707 709/709/709 710/710/710
f 708/708/708 711/711/711 709/709/709
f 709/709/709 711/711/711 712/712/712
f 709/709/709 712/712/712 710/710/710
f 710/710/710 712/712/712 713/713/713
f 711/711/711 714/714/714 712/712/712
f 712/712/712 714/714/714 715/715/715
f 712/712/712 715/715/715 713/713/713
f 713/713/713 715/715/715 716/716/716
f 714/714/714 717/717/717 715/715/715
f 715/715/715 717/717/717 718/718/718
f 715/715/715 718/718/718 716/716/716
f 716/716/716 718/718/718 719/719/719
f 717/717/717 720/720/720 718/718/718
f 718/718/718 720/720/720 721/721/721
f 718/718/718 721/721/721 719/719/719
f 719/719/719 721/721/721 722/722/722
f 720/720/720 723/723/723 721/721/721
f 721/721/721 723/723/723 724/724/724
f 721/721/721 724/724/724 722/722/722
f 722/722/722 724/724/724 725/725/725
f 723/723/723 726/726/726 724/724/724
f 724/724/724 726/726/726 727/727/727
f 724/724/724 727/727/727 725/725/725
f 725/725/725 727/727/727 728/728/728
f 726/726/726 729/729/729 727/727/727
f 727/727/727 729/729/729 730/730/730
f 727/727/727 730/730/730 728/728/728
f 728/728/728 730/730/730 731/731/731
f 729/729/729 732/732/732 730/730/730
f 730/730/730 732/732/732 733/733/733
f 730/730/730 733/733/733 731/731/731
f 731/731/731 733/733/733 734/734/734
f 732/732/732 735/735/735 733/733/733
f 733/733/733 735/735/735 736/736/736
f 733/733/733 736/736/736 734/734/734
f 734/734/734 736/736/736 737/737/737
f 735/735/735 738/738/738 736/736/736
f 736/736/736 738/738/738 739/739/739
f 736/736/736 739/739/739 737/737/737
f 737/737/737 739/739/739 740/740/740
f 738/738/738 741/741/741 739/739/739
f 739/739/739 741/741/741 742/742/742
f 739/739/739 742/742/742 740/740/740
f 740/740/740 742/742/742 743/743/743
f 741/741/741 744/744/744 742/742/742
f 742/742/742 744/744/744 745/745/745
f 742/742/742 745/745/745 743/743/743
f 743/743/743 745/745/745 746/746/746
f 744/744/744 747/747/747 745/745/745
f 745/745/745 747/747/747 748/748/748
f 745/745/745 748/748/748 746/746/746
f 746/746/746 748/748/748 749/749/749
f 747/747/747 750/750/750 748/748/748
f 748/748/748 750/750/750 751/751/751
f 748/748/748 751/751/751 749/749/749
f 749/749/749 751/751/751 752/752/752
f 750/750/750 753/753/753 751/751/751
f 751/751/751 753/753/753 754/754/754
f 751/751/751 754/754/754 752/752/752
f 752/752/752 754/754/754 755/755/755
f 753/753/753 756/756/756 754/754/754
f 754/754/754 756/756/756 757/757/757
f 754/754/754 757/757/757 755/755/755
f 755/755/755 757/757/757 758/758/758
f 756/756/756 759/759/759 757/757/757
f 757/757/757 759/759/759 760/760/760
f 757/757/757 760/760/760 758/758/758
f 758/758/758 760/760/760 761/761/761
f 759/759/759 762/762/762 760/760/760
f 760/760/760 762/762/762 763/763/763
f 760/760/760 763/763/763 761/761/761
f 761/761/761 763/763/763 764/764/764
f 762/762/762 765/765/765 763/763/763
f 763/763/763 765/765/765 766/766/766
f 763/763/763 766/766/766 764/764/764
f 764/764/764 766/766/766 767/767/767
f 765/765/765 768/768/768 766/766/766
f 766/766/766 768/768/768 769/769/769
f 766/766/766 769/769/769 767/767/767
f 767/767/767 769/769/769 770/770/770
f 768/768/768 771/771/771 769/769/769
f 769/769/769 771/771/771 772/772/772
f 769/769/769 772/772/772 770/770/770
f 770/770/770 772/772/772 773/773/773
f 771/771/771 774/774/774 772/772/772
f 772/772/772 774/774/774 775/775/775
f 772/772/772 775/775/775 773/773/773
f 773/773/773 775/775/775 776/776/776
f 774/774/774 777/777/777 775/775/775
f 775/775/775 777/777/777 778/778/778
f 775/775/775 778/778/778 776/776/776
f 776/776/776 778/778/778 779/779/779
f 777/777/777 780/780/780 778/778/778
f 778/778/778 780/780/780 781/781/781
f 778/778/778 781/781/781 779/779/779
f 779/779/779 781/781/781 782/782/782
f 780/780/780 783/783/783 781/781/781
f 781/781/781 783/783/783 784/784/784
f 781/781/781 784/784/784 782/782/782
f 782/782/782 784/784/784 785/785/785
f 783/783/783 786/786/786 784/784/784
f 784/784/784 786/786/786 787/787/787
f 784/784/784 787/787/787 785/785/785
f 785/785/785 787/787/787 788/788/788
f 786/786/786 789/789/789 787/787/787
f 787/787/787 789/789/789 790/790/790
f 787/787/787 790/790/790 788/788/788
f 788/788/788 790/790/790 791/791/791
f 789/789/789 792/792/792 790/790/790
f 790/790/790 792/792/792 793/793/793
f 790/790/790 793/793/793 791/791/791
f 791/791/791 793/793/793 794/794/794
f 792/792/792 795/795/795 793/793/793
f 793/793/793 795/795/795 796/796/796
f 793/793/793 796/796/796 794/794/794
f 794/794/794 796/796/796 797/797/797
f 795/795/795 798/798/798 796/796/796
f 796/796/796 798/798/798 799/799/799
f 796/796/796 799/799/799 797/797/797
f 797/797/797 799/799/799 800/800/800
f 798/798/798 801/801/801 799/799/799
f 799/799/799 801/801/801 802/802/802
f 799/799/799 802/802/802 800/800/800
f 800/800/800 802/802/802 803/803/803
f 801/801/801 804/804/804 802/802/802
f 802/802/802 804/804/804 805/805/805
f 802/802/802 805/805/805 803/803/803
f 803/803/803 805/805/805 806/806/806
f 804/804/804 807/807/807 805/805/805
f 805/805/805 807/807/807 808/808/808
f 805/805/805 808/808/808 806/806/806
f 806/806/806 808/808/808 809/809/809
f 807/807/807 810/810/810 808/808/808
f 808/808/808 810/810/810 811/811/811
f 808/808/808 811/811/811 809/809/809
f 809/809/809 811/811/811 812/812/812
f 810/810/810 813/813/813 811/811/811
f 811/811/811 813/813/813 814/814/814
f 811/811/811 814/814/814 812/812/812
f 812/812/812 814/814/814 815/815/815
f 813/813/813 816/816/816 814/814/814
f 814/814/814 816/816/816 817/817/817
f 814/814/814 817/817/817 815/815/815
f 815/815/815 817/817/817 818/818/818
f 816/816/816 819/819/819 817/817/817
f 817/817/817 819/819/819 820/820/820
f 817/817/817 820/820/820 818/818/818
f 818/818/818 820/820/820 821/821/821
f 819/819/819 822/822/822 820/820/820
f 820/820/820 822/822/822 823/823/823
f 820/820/820 823/823/823 821/821/821
f 821/821/821 823/823/823 824/824/824
f 822/822/822 825/825/825 823/823/823
f 823/823/823 825/825/825 826/826/826
f 823/823/823 826/826/826 824/824/824
f 824/824/824 826/826/826 827/827/827
f 825/825/825 828/828/828 826/826/826
f 826/826/826 828/828/828 829/829/829
f 826/826/826 829/829/829 827/827/827
f 827/827/827 829/829/829 830/830/830
f 828/828/828 831/831/831 829/829/829
f 829/829/829 831/831/831 832/832/832
f 829/829/829 832/832/832 830/830/830
f 830/830/830 832/832/832 833/833/833
f 831/831/831 834/834/834 832/832/832
f 832/832/832 834/834/834 835/835/835
f 832/832/832 835/835/835 833/833/833
f 833/833/833 835/835/835 836/836/836
f 834/834/834 837/837/837 835/835/835
f 835/835/835 837/837/837 838/838/838
f 835/835/835 838/838/838 836/836/836
f 836/836/836 838/838/838 839/839/839
f 837/837/837 840/840/840 838/838/838
f 838/838/838 840/840/840 841/841/841
f 838/838/838 841/841/841 839/839/839
f 839/839/839 841/841/841 842/842/842
f 840/840/840 843/843/843 841/841/841
f 841/841/841 843/843/843 844/844/844
f 841/841/841 844/844/844 842/842/842
f 842/842/842 844/844/844 845/845/845
f 843/843/843 846/846/846 844/844/844
f 844/844/844 846/846/846 847/847/847
f 844/844/844 847/847/847 845/845/845
f 845/845/845 847/847/847 848/848/848
f 846/846/846 849/849/849 847/847/847
f 847/847/847 849/849/849 850/850/850
f 847/847/847 850/850/850 848/848/848
f 848/848/848 850/850/850 851/851/851
f 849/849/849 852/852/852 850/850/850
f 850/850/850 852/852/852 853/853/853
f 850/850/850 853/853/853 851/851/851
f 851/851/851 853/853/853 854/854/854
f 852/852/852 855/855/855 853/853/853
f 853/853/853 855/855/855 856/856/856
f 853/853/853 856/856/856 854/854/854
f 854/854/854 856/856/856 857/857/857
f 855/855/855 858/858/858 856/856/856
f 856/856/856 858/858/858 859/859/859
f 856/856/856 859/859/859 857/857/857
f 857/857/857 859/859/859 860/860/860
f 858/858/858 861/861/861 859/859/859
f 859/859/859 861/861/861 862/862/862
f 859/859/859 862/862/862 860/860/860
f 860/860/860 862/862/862 863/863/863
f 861/861/861 864/864/864 862/862/862
f 862/862/862 864/864/864 865/865/865
f 862/862/862 865/865/865 863/863/863
f 863/863/863 865/865/865 866/866/866
f 864/864/864 867/867/867 865/865/865
f 865/865/865 867/867/867 868/868/868
f 865/865/865 868/868/868 866/866/866
f 866/866/866 868/868/868 869/869/869
f 867/867/867 870/870/870 868/868/868
f 868/868/868 870/870/870 871/871/871
f 868/868/868 871/871/871 869/869/869
f 869/869/869 871/871/871 872/872/872
f 873/873/873 876/876/876 874/874/874
f 874/874/874 876/876/876 877/877/877
f 874/874/874 877/877/877 875/875/875
f 875/875/875 877/877/877 878/878/878
f 876/876/876 879/879/879 877/877/877
f 877/877/877 879/879/879 880/880/880
f 877/877/877 880/880/880 878/878/878
f 878/878/878 880/880/880 881/881/881
f 879/879/879 882/882/882 880/880/880
f 880/880/880 882/882/882 883/883/883
f 880/880/880 883/883/883 881/881/881
f 881/881/881 883/883/883 884/884/884
f 882/882/882 885/885/885 883/883/883
f 883/883/883 885/885/885 886/886/886
f 883/883/883 886/886/886 884/884/884
f 884/884/884 886/886/886 887/887/887
f 885/885/885 888/888/888 886/886/886
f 886/886/886 888/888/888 889/889/889
f 886/886/886 889/889/889 887/887/887
f 887/887/887 889/889/889 890/890/890
f 888/888/888 891/891/891 889/889/889
f 889/889/889 891/891/891 892/892/892
f 889/889/889 892/892/892 890/890/890
f 890/890/890 892/892/892 893/893/893
f 891/891/891 894/894/894 892/892/892
f 892/892/892 894/894/894 895/895/895
f 892/892/892 895/895/895 893/893/893
f 893/893/893 895/895/895 896/896/896
f 894/894/894 897/897/897 895/895/895
f 895/895/895 897/897/897 898/898/898
f 895/895/895 898/898/898 896/896/896
f 896/896/896 898/898/898 899/899/899
f 897/897/897 900/900/900 898/898/898
f 898/898/898 900/900/900 901/901/901
f 898/898/898 901/901/901 899/899/899
f 899/899/899 901/901/901 902/902/902
f 900/900/900 903/903/903 901/901/901
f 901/901/901 903/903/903 904/904/904
f 901/901/901 904/904/904 902/902/902
f 902/902/902 904/904/904 905/905/905
f 903/903/903 906/906/906 904/904/904
f 904/904/904 906/906/906 907/907/907
f 904/904/904 907/907/907 905/905/905
f 905/905/905 907/907/907 908/908/908
f 906/906/906 909/909/909 907/907/907
f 907/907/907 909/909/909 910/910/910
f 907/907/907 910/910/910 908/908/908
f 908/908/908 910/910/910 911/911/911
f 909/909/909 912/912/912 910/910/910
f 910/910/910 912/912/912 913/913/913
f 910/910/910 913/913/913 911/911/911
f 911/911/911 913/913/913 914/914/914
f 912/912/912 915/915/915 913/913/913
f 913/913/913 915/915/915 916/916/916
f 913/913/913 916/916/916 914/914/914
f 914/914/914 916/916/916 917/917/917
f 915/915/915 918/918/918 916/916/916
f 916/916/916 918/918/918 919/919/919
f 916/916/916 919/919/919 917/917/917
f 917/917/917 919/919/919 920/920/920
f 918/918/918 921/921/921 919/919/919
f 919/919/919 921/921/921 922/922/922
f 919/919/919 922/922/922 920/920/920
f 920/920/920 922/922/922 923/923/923
f 921/921/921 924/924/924 922/922/922
f 922/922/922 924/924/924 925/925/925
f 922/922/922 925/925/925 923/923/923
f 923/923/923 925/925/925 926/926/926
f 924/924/924 927/927/927 925/925/925
f 925/925/925 927/927/927 928/928/928
f 925/925/925 928/928/928 926/926/926
f 926/926/926 928/928/928 929/929/929
f 927/927/927 930/930/930 928/928/928
f 928/928/928 930/930/930 931/931/931
f 928/928/928 931/931/931 929/929/929
f 929/929/929 931/931/931 932/932/932
f 930/930/930 933/933/933 931/931/931
f 931/931/931 933/933/933 934/934/934
f 931/931/931 934/934/934 932/932/932
f 932/932/932 934/934/934 935/935/935
f 933/933/933 936/936/936 934/934/934
f 934/934/934 936/936/936 937/937/937
f 934/934/934 937/937/937 935/935/935
f 935/935/935 937/937/937 938/938/938
f 936/936/936 939/939/939 937/937/937
f 937/937/937 939/939/939 940/940/940
f 937/937/937 940/940/940 938/938/938
f 938/938/938 940/940/940 941/941/941
f 939/939/939 942/942/942 940/940/940
f 940/940/940 942/942/942 943/943/943
f 940/940/940 943/943/943 941/941/941
f 941/941/941 943/943/943 944/944/944
f 942/942/942 945/945/945 943/943/943
f 943/943/943 945/945/945 946/946/946
f 943/943/943 946/946/946 944/944/944
f 944/944/944 946/946/946 947/947/947
f 945/945/945 948/948/948 946/946/946
f 946/946/946 948/948/948 949/949/949
f 946/946/946 949/949/949 947/947/947
f 947/947/947 949/949/949 950/950/950
f 948/948/948 951/951/951 949/949/949
f 949/949/949 951/951/951 952/952/952
f 949/949/949 952/952/952 950/950/950
f 950/950/950 952/952/952 953/953/953
f 951/951/951 954/954/954 952/952/952
f 952/952/952 954/954/954 955/955/955
f 952/952/952 955/955/955 953/953/953
f 953/953/953 955/955/955 956/956/956
f 954/954/954 957/957/957 955/955/955
f 955/955/955 957/957/957 958/958/958
f 955/955/955 958/958/958 956/956/956
f 956/956/956 958/958/958 959/959/959
f 957/957/957 960/960/960 958/958/958
f 958/958/958 960/960/960 961/961/961
f 958/958/958 961/961/961 959/959/959
f 959/959/959 961/961/961 962/962/962
f 960/960/960 963/963/963 961/961/961
f 961/961/961 963/963/963 964/964/964
f 961/961/961 964/964/964 962/962/962
f 962/962/962 964/964/964 965/965/965
f 963/963/963 966/966/966 964/964/964
f 964/964/964 966/966/966 967/967/967
f 964/964/964 967/967/967 965/965/965
f 965/965/965 967/967/967 968/968/968
f 966/966/966 969/969/969 967/967/967
f 967/967/967 969/969/969 970/970/970
f 967/967/967 970/970/970 968/968/968
f 968/968/968 970/970/970 971/971/971
f 969/969/969 972/972/972 970/970/970
f 970/970/970 972/972/972 973/973/973
f 970/970/970 973/973/973 971/971/971
f 971/971/971 973/973/973 974/974/974
f 972/972/972 975/975/975 973/973/973
f 973/973/973 975/975/975 976/976/976
f 973/973/973 976/976/976 974/974/974
f 974/974/974 976/976/976 977/977/977
f 975/975/975 978/978/978 976/976/976
f 976/976/976 978/978/978 979/979/979
f 976/976/976 979/979/979 977/977/977
f 977/977/977 979/979/979 980/980/980
f 978/978/978 981/981/981 979/979/979
f 979/979/979 981/981/981 982/982/982
f 979/979/979 982/982/982 980/980/980
f 980/980/980 982/982/982 983/983/983
f 981/981/981 984/984/984 982/982/982
f 982/982/982 984/984/984 985/985/985
f 982/982/982 985/985/985 983/983/983
f 983/983/983 985/985/985 986/986/986
f 984/984/984 987/987/987 985/985/985
f 985/985/985 987/987/987 988/988/988
f 985/985/985 988/988/988 986/986/986
f 986/986/986 988/988/988 989/989/989
f 987/987/987 990/990/990 988/988/988
f 988/988/988 990/990/990 991/991/991
f 988/988/988 991/991/991 989/989/989
f 989/989/989 991/991/991 992/992/992
f 990/990/990 993/993/993 991/991/991
f 991/991/991 993/993/993 994/994/994
f 991/991/991 994/994/994 992/992/992
f 992/992/992 994/994/994 995/995/995
f 993/993/993 996/996/996 994/994/994
f 994/994/994 996/996/996 997/997/997
f 994/994/994 997/997/997 995/995/995
f 995/995/995 997/997/997 998/998/998
f 996/996/996 999/999/999 997/997/997
f 997/997/997 999/999/999 1000/1000/1000
f 997/997/997 1000/1000/1000 998/998/998
f 998/998/998 1000/1000/1000 1001/1001/1001
f 999/999/999 1002/1002/1002 1000/1000/1000
f 1000/1000/1000 1002/1002/1002 1003/1003/1003
f 1000/1000/1000 1003/1003/1003 1001/1001/1001
f 1001/1001/1001 1003/1003/1003 1004/1004/1004
f 1002/1002/1002 1005/1005/1005 1003/1003/1003
f 1003/1003/1003 1005/1005/1005 1006/1006/1006
f 1003/1003/1003 1006/1006/1006 1004/1004/1004
f 1004/1004/1004 1006/1006/1006 1007/1007/1007
f 1005/1005/1005 1008/1008/1008 1006/1006/1006
f 1006/1006/1006 1008/1008/1008 1009/1009/1009
f 1006/1006/1006 1009/1009/1009 1007/1007/1007
f 1007/1007/1007 1009/1009/1009 1010/1010/1010
f 1008/1008/1008 1011/1011/1011 1009/1009/1009
f 1009/1009/1009 1011/1011/1011 1012/1012/1012
f 1009/1009/1009 1012/1012/1012 1010/1010/1010
f 1010/1010/1010 1012/1012/1012 1013/1013/1013
f 1011/1011/1011 1014/1014/1014 1012/1012/1012
f 1012/1012/1012 1014/1014/1014 1015/1015/1015
f 1012/1012/1012 1015/1015/1015 1013/1013/1013
f 1013/1013/1013 1015/1015/1015 1016/1016/1016
f 1014/1014/1014 1017/1017/1017 1015/1015/1015
f 1015/1015/1015 1017/1017/1017 1018/1018/1018
f 1015/1015/1015 1018/1018/1018 1016/1016/1016
f 1016/1016/1016 1018/1018/1018 1019/1019/1019
f 1017/1017/1017 1020/1020/1020 1018/1018/1018
f 1018/1018/1018 1020/1020/1020 1021/1021/1021
f 1018/1018/1018 1021/1021/1021 1019/1019/1019
f 1019/1019/1019 1021/1021/1021 1022/1022/1022
f 1020/1020/1020 1023/1023/1023 1021/1021/1021
f 1021/1021/1021 1023/1023/1023 1024/1024/1024
f 1021/1021/1021 1024/1024/1024 1022/1022/1022
f 1022/1022/1022 1024/1024/1024 1025/1025/1025
f 1023/1023/1023 1026/1026/1026 1024/1024/1024
f 1024/1024/1024 1026/1026/1026 1027/1027/1027
f 1024/1024/1024 1027/1027/1027 1025/1025/1025
f 1025/1025/1025 1027/1027/1027 1028/1028/1028
f 1026/1026/1026 1029/1029/1029 1027/1027/1027
f 1027/1027/1027 1029/1029/1029 1030/1030/1030
f 1027/1027/1027 1030/1030/1030 1028/1028/1028
f 1028/1028/1028 1030/1030/1030 1031/1031/1031
f 1029/1029/1029 1032/1032/1032 1030/1030/1030
f 1030/1030/1030 1032/1032/1032 1033/1033/1033
f 1030/1030/1030 1033/1033/1033 1031/1031/1031
f 1031/1031/1031 1033/1033/1033 1034/1034/1034
f 1032/1032/1032 1035/1035/1035 1033/1033/1033
f 1033/1033/1033 1035/1035/1035 1036/1036/1036
f 1033/1033/1033 1036/1036/1036 1034/1034/1034
f 1034/1034/1034 1036/1036/1036 1037/1037/1037
f 1035/1035/1035 1038/1038/1038 1036/1036/1036
f 1036/1036/1036 1038/1038/1038 1039/1039/1039
f 1036/1036/1036 1039/1039/1039 1037/1037/1037
f 1037/1037/1037 1039/1039/1039 1040/1040/1040
f 1038/1038/1038 1041/1041/1041 1039/1039/1039
f 1039/1039/1039 1041/1041/1041 1042/1042/1042
f 1039/1039/1039 1042/1042/1042 1040/1040/1040
f 1040/1040/1040 1042/1042/1042 1043/1043/1043
f 1041/1041/1041 1044/1044/1044 1042/1042/1042
f 1042/1042/1042 1044/1044/1044 1045/1045/1045
f 1042/1042/1042 1045/1045/1045 1043/1043/1043
f 1043/1043/1043 1045/1045/1045 1046/1046/1046
f 1044/1044/1044 1047/1047/1047 1045/1045/1045
f 1045/1045/1045 1047/1047/1047 1048/1048/1048
f 1045/1045/1045 1048/1048/1048 1046/1046/1046
f 1046/1046/1046 1048/1048/1048 1049/1049/1049
f 1047/1047/1047 1050/1050/1050 1048/1048/1048
f 1048/1048/1048 1050/1050/1050 1051/1051/1051
f 1048/1048/1048 1051/1051/1051 1049/1049/1049
f 1049/1049/1049 1051/1051/1051 1052/1052/1052
f 1050/1050/1050 1053/1053/1053 1051/1051/1051
f 1051/1051/1051 1053/1053/1053 1054/1054/1054
f 1051/1051/1051 1054/1054/1054 1052/1052/1052
f 1052/1052/1052 1054/1054/1054 1055/1055/1055
f 1053/1053/1053 1056/1056/1056 1054/1054/1054
f 1054/1054/1054 1056/1056/1056 1057/1057/1057
f 1054/1054/1054 1057/1057/1057 1055/1055/1055
f 1055/1055/1055 1057/1057/1057 1058/1058/1058
f 1056/1056/1056 1059/1059/1059 1057/1057/1057
f 1057/1057/1057 1059/1059/1059 1060/1060/1060
f 1057/1057/1057 1060/1060/1060 1058/1058/1058
f 1058/1058/1058 1060/1060/1060 1061/1061/1061
f 1059/1059/1059 1062/1062/1062 1060/1060/1060
f 1060/1060/1060 1062/1062/1062 1063/1063/1063
f 1060/1060/1060 1063/1063/1063 1061/1061/1061
f 1061/1061/1061 1063/1063/1063 1064/1064/1064
f 1062/1062/1062 1065/1065/1065 1063/1063/1063
f 1063/1063/1063 1065/1065/1065 1066/1066/1066
f 1063/1063/1063 1066/1066/1066 1064/1064/1064
f 1064/1064/1064 1066/1066/1066 1067/1067/1067
f 1068/1068/1068 1071/1071/1071 1069/1069/1069
f 1069/1069/1069 1071/1071/1071 1072/1072/1072
f 1069/1069/1069 1072/1072/1072 1070/1070/1070
f 1070/1070/1070 1072/1072/1072 1073/1073/1073
f 1071/1071/1071 1074/1074/1074 1072/1072/1072
f 1072/1072/1072 1074/1074/1074 1075/1075/1075
f 1072/1072/1072 1075/1075/1075 1073/1073/1073
f 1073/1073/1073 1075/1075/1075 1076/1076/1076
f 1074/1074/1074 1077/1077/1077 1075/1075/1075
f 1075/1075/1075 1077/1077/1077 1078/1078/1078
f 1075/1075/1075 1078/1078/1078 1076/1076/1076
f 1076/1076/1076 1078/1078/1078 1079/1079/1079
f 1077/1077/1077 1080/1080/1080 1078/1078/1078
f 1078/1078/1078 1080/1080/1080 1081/1081/1081
f 1078/1078/1078 1081/1081/1081 1079/1079/1079
f 1079/1079/1079 1081/1081/1081 1082/1082/1082
f 1080/1080/1080 1083/1083/1083 1081/1081/1081
f 1081/1081/1081 1083/1083/1083 1084/1084/1084
f 1081/1081/1081 1084/1084/1084 1082/1082/1082
f 1082/1082/1082 1084/1084/1084 1085/1085/1085
f 1083/1083/1083 1086/1086/1086 1084/1084/1084
f 1084/1084/1084 1086/1086/1086 1087/1087/1087
f 1084/1084/1084 1087/1087/1087 1085/1085/1085
f 1085/1085/1085 1087/1087/1087 1088/1088/1088
f 1086/1086/1086 1089/1089/1089 1087/1087/1087
f 1087/1087/1087 1089/1089/1089 1090/1090/1090
f 1087/1087/1087 1090/1090/1090 1088/1088/1088
f 1088/1088/1088 1090/1090/1090 1091/1091/1091
f 1089/1089/1089 1092/1092/1092 1090/1090/1090
f 1090/1090/1090 1092/1092/1092 1093/1093/1093
f 1090/1090/1090 1093/1093/1093 1091/1091/1091
f 1091/1091/1091 1093/1093/1093 1094/1094/1094
f 1092/1092/1092 1095/1095/1095 1093/1093/1093
f 1093/1093/1093 1095/1095/1095 1096/1096/1096
f 1093/1093/1093 1096/1096/1096 1094/1094/1094
f 1094/1094/1094 1096/1096/1096 1097/1097/1097
f 1095/1095/1095 1098/1098/1098 1096/1096/1096
f 1096/1096/1096 1098/1098/1098 1099/1099/1099
f 1096/1096/1096 1099/1099/1099 1097/1097/1097
f 1097/1097/1097 1099/1099/1099 1100/1100/1100
f 1098/1098/1098 1101/1101/1101 1099/1099/1099
f 1099/1099/1099 1101/1101/1101 1102/1102/1102
f 1099/1099/1099 1102/1102/1102 1100/1100/1100
f 1100/1100/1100 1102/1102/1102 1103/1103/1103
f 1101/1101/1101 1104/1104/1104 1102/1102/1102
f 1102/1102/1102 1104/1104/1104 1105/1105/1105
f 1102/1102/1102 1105/1105/1105 1103/1103/1103
f 1103/1103/1103 1105/1105/1105 1106/1106/1106
f 1104/1104/1104 1107/1107/1107 1105/1105/1105
f 1105/1105/1105 1107/1107/1107 1108/1108/1108
f 1105/1105/1105 1108/1108/1108 1106/1106/1106
f 1106/1106/1106 1108/1108/1108 1109/1109/1109
f 1107/1107/1107 1110/1110/1110 1108/1108/1108
f 1108/1108/1108 1110/1110/1110 1111/1111/1111
f 1108/1108/1108 1111/1111/1111 1109/1109/1109
f 1109/1109/1109 1111/1111/1111 1112/1112/1112
f 1110/1110/1110 1113/1113/1113 1111/1111/1111
f 1111/1111/1111 1113/1113/1113 1114/1114/1114
f 1111/1111/1111 1114/1114/1114 1112/1112/1112
f 1112/1112/1112 1114/1114/1114 1115/1115/1115
f 1113/1113/1113 1116/1116/1116 1114/1114/1114
f 1114/1114/1114 1116/1116/1116 1117/1117/1117
f 1114/1114/1114 1117/1117/1117 1115/1115/1115
f 1115/1115/1115 1117/1117/1117 1118/1118/1118
f 1116/1116/1116 1119/1119/1119 1117/1117/1117
f 1117/1117/1117 1119/1119/1119 1120/1120/1120
f 1117/1117/1117 1120/1120/1120 1118/1118/1118
f 1118/1118/1118 1120/1120/1120 1121/1121/1121
f 1119/1119/1119 1122/1122/1122 1120/1120/1120
f 1120/1120/1120 1122/1122/1122 1123/1123/1123
f 1120/1120/1120 1123/1123/1123 1121/1121/1121
f 1121/1121/1121 1123/1123/1123 1124/1124/1124
f 1122/1122/1122 1125/1125/1125 1123/1123/1123
f 1123/1123/1123 1125/1125/1125 1126/1126/1126
f 1123/1123/1123 1126/1126/1126 1124/1124/1124
f 1124/1124/1124 1126/1126/1126 1127/1127/1127
f 1125/1125/1125 1128/1128/1128 1126/1126/1126
f 1126/1126/1126 1128/1128/1128 1129/1129/1129
f 1126/1126/1126 1129/1129/1129 1127/1127/1127
f 1127/1127/1127 1129/1129/1129 1130/1130/1130
f 1128/1128/1128 1131/1131/1131 1129/1129/1129
f 1129/1129/1129 1131/1131/1131 1132/1132/1132
f 1129/1129/1129 1132/1132/1132 1130/1130/1130
f 1130/1130/1130 1132/1132/1132 1133/1133/1133
f 1131/1131/1131 1134/1134/1134 1132/1132/1132
f 1132/1132/1132 1134/1134/1134 1135/1135/1135
f 1132/1132/1132 1135/1135/1135 1133/1133/1133
f 1133/1133/1133 1135/1135/1135 1136/1136/1136
f 1134/1134/1134 1137/1137/1137 1135/1135/1135
f 1135/1135/1135 1137/1137/1137 1138/1138/1138
f 1135/1135/1135 1138/1138/1138 1136/1136/1136
f 1136/1136/1136 1138/1138/1138 1139/1139/1139
f 1137/1137/1137 1140/1140/1140 1138/1138/1138
f 1138/1138/1138 1140/1140/1140 1141/1141/1141
f 1138/1138/1138 1141/1141/1141 1139/1139/1139
f 1139/1139/1139 1141/1141/1141 1142/1142/1142
f 1140/1140/1140 1143/1143/1143 1141/1141/1141
f 1141/1141/1141 1143/1143/1143 1144/1144/1144
f 1141/1141/1141 1144/1144/1144 1142/1142/1142
f 1142/1142/1142 1144/1144/1144 1145/1145/1145
f 1143/1143/1143 1146/1146/1146 1144/1144/1144
f 1144/1144/1144 1146/1146/1146 1147/1147/1147
f 1144/1144/1144 1147/1147/1147 1145/1145/1145
f 1145/1145/1145 1147/1147/1147 1148/1148/1148
f 1146/1146/1146 1149/1149/1149 1147/1147/1147
f 1147/1147/1147 1149/1149/1149 1150/1150/1150
f 1147/1147/1147 1150/1150/1150 1148/1148/1148
f 1148/1148/1148 1150/1150/1150 1151/1151/1151
f 1149/1149/1149 1152/1152/1152 1150/1150/1150
f 1150/1150/1150 1152/1152/1152 1153/1153/1153
f 1150/1150/1150 1153/1153/1153 1151/1151/1151
f 1151/1151/1151 1153/1153/1153 1154/1154/1154
f 1152/1152/1152 1155/1155/1155 1153/1153/1153
f 1153/1153/1153 1155/1155/1155 1156/1156/1156
f 1153/1153/1153 1156/1156/1156 1154/1154/1154
f 1154/1154/1154 1156/1156/1156 1157/1157/1157
f 1155/1155/1155 1158/1158/1158 1156/1156/1156
f 1156/1156/1156 1158/1158/1158 1159/1159/1159
f 1156/1156/1156 1159/1159/1159 1157/1157/1157
f 1157/1157/1157 1159/1159/1159 1160/1160/1160
f 1158/1158/1158 1161/1161/1161 1159/1159/1159
f 1159/1159/1159 1161/1161/1161 1162/1162/1162
f 1159/1159/1159 1162/1162/1162 1160/1160/1160
f 1160/1160/1160 1162/1162/1162 1163/1163/1163
f 1161/1161/1161 1164/1164/1164 1162/1162/1162
f 1162/1162/1162 1164/1164/1164 1165/1165/1165
f 1162/1162/1162 1165/1165/1165 1163/1163/1163
f 1163/1163/1163 1165/1165/1165 1166/1166/1166
f 1164/1164/1164 1167/1167/1167 1165/1165/1165
f 1165/1165/1165 1167/1167/1167 1168/1168/1168
f 1165/1165/1165 1168/1168/1168 1166/1166/1166
f 1166/1166/1166 1168/1168/1168 1169/1169/1169
f 1167/1167/1167 1170/1170/1170 1168/1168/1168
f 1168/1168/1168 1170/1170/1170 1171/1171/1171
f 1168/1168/1168 1171/1171/1171 1169/1169/1169
f 1169/1169/1169 1171/1171/1171 1172/1172/1172
f 1170/1170/1170 1173/1173/1173 1171/1171/1171
f 1171/1171/1171 1173/1173/1173 1174/1174/1174
f 1171/1171/1171 1174/1174/1174 1172/1172/1172
f 1172/1172/1172 1174/1174/1174 1175/1175/1175
f 1173/1173/1173 1176/1176/1176 1174/1174/1174
f 1174/1174/1174 1176/1176/1176 1177/1177/1177
f 1174/1174/1174 1177/1177/1177 1175/1175/1175
f 1175/1175/1175 1177/1177/1177 1178/1178/1178
f 1176/1176/1176 1179/1179/1179 1177/1177/1177
f 1177/1177/1177 1179/1179/1179 1180/1180/1180
f 1177/1177/1177 1180/1180/1180 1178/1178/1178
f 1178/1178/1178 1180/1180/1180 1181/1181/1181
f 1179/1179/1179 1182/1182/1182 1180/1180/1180
f 1180/1180/1180 1182/1182/1182 1183/1183/1183
f 1180/1180/1180 1183/1183/1183 1181/1181/1181
f 1181/1181/1181 1183/1183/1183 1184/1184/1184
f 1182/1182/1182 1185/1185/1185 1183/1183/1183
f 1183/1183/1183 1185/1185/1185 1186/1186/1186
f 1183/1183/1183 1186/1186/1186 1184/1184/1184
f 1184/1184/1184 1186/1186/1186 1187/1187/1187
f 1185/1185/1185 1188/1188/1188 1186/1186/1186
f 1186/1186/1186 1188/1188/1188 1189/1189/1189
f 1186/1186/1186 1189/1189/1189 1187/1187/1187
f 1187/1187/1187 1189/1189/1189 1190/1190/1190
f 1188/1188/1188 1191/1191/1191 1189/1189/1189
f 1189/1189/1189 1191/1191/1191 1192/1192/1192
f 1189/1189/1189 1192/1192/1192 1190/1190/1190
f 1190/1190/1190 1192/1192/1192 1193/1193/1193
f 1191/1191/1191 1194/1194/1194 1192/1192/1192
f 1192/1192/1192 1194/1194/1194 1195/1195/1195
f 1192/1192/1192 1195/1195/1195 1193/1193/1193
f 1193/1193/1193 1195/1195/1195 1196/1196/1196
f 1194/1194/1194 1197/1197/1197 1195/1195/1195
f 1195/1195/1195 1197/1197/1197 1198/1198/1198
f 1195/1195/1195 1198/1198/1198 1196/1196/1196
f 1196/1196/1196 1198/1198/1198 1199/1199/1199
f 1197/1197/1197 1200/1200/1200 1198/1198/1198
f 1198/1198/1198 1200/1200/1200 1201/1201/1201
f 1198/1198/1198 1201/1201/1201 1199/1199/1199
f 1199/1199/1199 1201/1201/1201 1202/1202/1202
f 1200/1200/1200 1203/1203/1203 1201/1201/1201
f 1201/1201/1201 1203/1203/1203 1204/1204/1204
f 1201/1201/1201 1204/1204/1204 1202/1202/1202
f 1202/1202/1202 1204/1204/1204 1205/1205/1205
f 1203/1203/1203 1206/1206/1206 1204/1204/1204
f 1204/1204/1204 1206/1206/1206 1207/1207/1207
f 1204/1204/1204 1207/1207/1207 1205/1205/1205
f 1205/1205/1205 1207/1207/1207 1208/1208/1208
f 1206/1206/1206 1209/1209/1209 1207/1207/1207
f 1207/1207/1207 1209/1209/1209 1210/1210/1210
f 1207/1207/1207 1210/1210/1210 1208/1208/1208
f 1208/1208/1208 1210/1210/1210 1211/1211/1211
f 1209/1209/1209 1212/1212/1212 1210/1210/1210
f 1210/1210/1210 1212/1212/1212 1213/1213/1213
f 1210/1210/1210 1213/1213/1213 1211/1211/1211
f 1211/1211/1211 1213/1213/1213 1214/1214/1214
f 1212/1212/1212 1215/1215/1215 1213/1213/1213
f 1213/1213/1213 1215/1215/1215 1216/1216/1216
f 1213/1213/1213 1216/1216/1216 1214/1214/1214
f 1214/1214/1214 1216/1216/1216 1217/1217/1217
f 1215/1215/1215 1218/1218/1218 1216/1216/1216
f 1216/1216/1216 1218/1218/1218 1219/1219/1219
f 1216/1216/1216 1219/1219/1219 1217/1217/1217
f 1217/1217/1217 1219/1219/1219 1220/1220/1220
f 1218/1218/1218 1221/1221/1221 1219/1219/1219
f 1219/1219/1219 1221/1221/1221 1222/1222/1222
f 1219/1219/1219 1222/1222/1222 1220/1220/1220
f 1220/1220/1220 1222/1222/1222 1223/1223/1223
f 1221/1221/1221 1224/1224/1224 1222/1222/1222
f 1222/1222/1222 1224/1224/1224 1225/1225/1225
f 1222/1222/1222 1225/1225/1225 1223/1223/1223
f 1223/1223/1223 1225/1225/1225 1226/1226/1226
f 1224/1224/1224 1227/1227/1227 1225/1225/1225
f 1225/1225/1225 1227/1227/1227 1228/1228/1228
f 1225/1225/1225 1228/1228/1228 1226/1226/1226
f 1226/1226/1226 1228/1228/1228 1229/1229/1229
f 1227/1227/1227 1230/1230/1230 1228/1228/1228
f 1228/1228/1228 1230/1230/1230 1231/1231/1231
f 1228/1228/1228 1231/1231/1231 1229/1229/1229
f 1229/1229/1229 1231/1231/1231 1232/1232/1232
f 1230/1230/1230 1233/1233/1233 1231/1231/1231
f 1231/1231/1231 1233/1233/1233 1234/1234/1234
f 1231/1231/1231 1234/1234/1234 1232/1232/1232
f 1232/1232/1232 1234/1234/1234 1235/1235/1235
f 1233/1233/1233 1236/1236/1236 1234/1234/1234
f 1234/1234/1234 1236/1236/1236 1237/1237/1237
f 1234/1234/1234 1237/1237/1237 1235/1235/1235
f 1235/1235/1235 1237/1237/1237 1238/1238/1238
f 1236/1236/1236 1239/1239/1239 1237/1237/1237
f 1237/1237/1237 1239/1239/1239 1240/1240/1240
f 1237/1237/1237 1240/1240/1240 1238/1238/1238
f 1238/1238/1238 1240/1240/1240 1241/1241/1241
f 1239/1239/1239 1242/1242/1242 1240/1240/1240
f 1240/1240/1240 1242/1242/1242 1243/1243/1243
f 1240/1240/1240 1243/1243/1243 1241/1241/1241
f 1241/1241/1241 1243/1243/1243 1244/1244/1244
f 1242/1242/1242 1245/1245/1245 1243/1243/1243
f 1243/1243/1243 1245/1245/1245 1246/1246/1246
f 1243/1243/1243 1246/1246/1246 1244/1244/1244
f 1244/1244/1244 1246/1246/1246 1247/1247/1247
f 1245/1245/1245 1248/1248/1248 1246/1246/1246
f 1246/1246/1246 1248/1248/1248 1249/1249/1249
f 1246/1246/1246 1249/1249/1249 1247/1247/1247
f 1247/1247/1247 1249/1249/1249 1250/1250/1250
f 1248/1248/1248 1251/1251/1251 1249/1249/1249
f 1249/1249/1249 1251/1251/1251 1252/1252/1252
f 1249/1249/1249 1252/1252/1252 1250/1250/1250
f 1250/1250/1250 1252/1252/1252 1253/1253/1253
f 1251/1251/1251 1254/1254/1254 1252/1252/1252
f 1252/1252/1252 1254/1254/1254 1255/1255/1255
f 1252/1252/1252 1255/1255/1255 1253/1253/1253
f 1253/1253/1253 1255/1255/1255 1256/1256/1256
f 1254/1254/1254 1257/1257/1257 1255/1255/1255
f 1255/1255/1255 1257/1257/1257 1258/1258/1258
f 1255/1255/1255 1258/1258/1258 1256/1256/1256
f 1256/1256/1256 1258/1258/1258 1259/1259/1259
f 1257/1257/1257 1260/1260/1260 1258/1258/1258
f 1258/1258/1258 1260/1260/1260 1261/1261/1261
f 1258/1258/1258 1261/1261/1261 1259/1259/1259
f 1259/1259/1259 1261/1261/1261 1262/1262/1262
f 1263/1263/1263 1266/1266/1266 1264/1264/1264
f 1264/1264/1264 1266/1266/1266 1267/1267/1267
f 1264/1264/1264 1267/1267/1267 1265/1265/1265
f 1265/1265/1265 1267/1267/1267 1268/1268/1268
f 1266/1266/1266 1269/1269/1269 1267/1267/1267
f 1267/1267/1267 1269/1269/1269 1270/1270/1270
f 1267/1267/1267 1270/1270/1270 1268/1268/1268
f 1268/1268/1268 1270/1270/1270 1271/1271/1271
f 1269/1269/1269 1272/1272/1272 1270/1270/1270
f 1270/1270/1270 1272/1272/1272 1273/1273/1273
f 1270/1270/1270 1273/1273/1273 1271/1271/1271
f 1271/1271/1271 1273/1273/1273 1274/1274/1274
f 1272/1272/1272 1275/1275/1275 1273/1273/1273
f 1273/1273/1273 1275/1275/1275 1276/1276/1276
f 1273/1273/1273 1276/1276/1276 1274/1274/1274
f 1274/1274/1274 1276/1276/1276 1277/1277/1277
f 1275/1275/1275 1278/1278/1278 1276/1276/1276
f 1276/1276/1276 1278/1278/1278 1279/1279/1279
f 1276/1276/1276 1279/1279/1279 1277/1277/1277
f 1277/1277/1277 1279/1279/1279 1280/1280/1280
f 1278/1278/1278 1281/1281/1281 1279/1279/1279
f 1279/1279/1279 1281/1281/1281 1282/1282/1282
f 1279/1279/1279 1282/1282/1282 1280/1280/1280
f 1280/1280/1280 1282/1282/1282 1283/1283/1283
f 1281/1281/1281 1284/1284/1284 1282/1282/1282
f 1282/1282/1282 1284/1284/1284 1285/1285/1285
f 1282/1282/1282 1285/1285/1285 1283/1283/1283
f 1283/1283/1283 1285/1285/1285 1286/1286/1286
f 1284/1284/1284 1287/1287/1287 1285/1285/1285
f 1285/1285/1285 1287/1287/1287 1288/1288/1288
f 1285/1285/1285 1288/1288/1288 1286/1286/1286
f 1286/1286/1286 1288/1288/1288 1289/1289/1289
f 1287/1287/1287 1290/1290/1290 1288/1288/1288
f 1288/1288/1288 1290/1290/1290 1291/1291/1291
f 1288/1288/1288 1291/1291/1291 1289/1289/1289
f 1289/1289/1289 1291/1291/1291 1292/1292/1292
f 1290/1290/1290 1293/1293/1293 1291/1291/1291
f 1291/1291/1291 1293/1293/1293 1294/1294/1294
f 1291/1291/1291 1294/1294/1294 1292/1292/1292
f 1292/1292/1292 1294/1294/1294 1295/1295/1295
f 1293/1293/1293 1296/1296/1296 1294/1294/1294
f 1294/1294/1294 1296/1296/1296 1297/1297/1297
f 1294/1294/1294 1297/1297/1297 1295/1295/1295
f 1295/1295/1295 1297/1297/1297 1298/1298/1298
f 1296/1296/1296 1299/1299/1299 1297/1297/1297
f 1297/1297/1297 1299/1299/1299 1300/1300/1300
f 1297/1297/1297 1300/1300/1300 1298/1298/1298
f 1298/1298/1298 1300/1300/1300 1301/1301/1301
f 1299/1299/1299 1302/1302/1302 1300/1300/1300
f 1300/1300/1300 1302/1302/1302 1303/1303/1303
f 1300/1300/1300 1303/1303/1303 1301/1301/1301
f 1301/1301/1301 1303/1303/1303 1304/1304/1304
f 1302/1302/1302 1305/1305/1305 1303/1303/1303
f 1303/1303/1303 1305/1305/1305 1306/1306/1306
f 1303/1303/1303 1306/1306/1306 1304/1304/1304
f 1304/1304/1304 1306/1306/1306 1307/1307/1307
f 1305/1305/1305 1308/1308/1308 1306/1306/1306
f 1306/1306/1306 1308/1308/1308 1309/1309/1309
f 1306/1306/1306 1309/1309/1309 1307/1307/1307
f 1307/1307/1307 1309/1309/1309 1310/1310/1310
f 1308/1308/1308 1311/1311/1311 1309/1309/1309
f 1309/1309/1309 1311/1311/1311 1312/1312/1312
f 1309/1309/1309 1312/1312/1312 1310/1310/1310
f 1310/1310/1310 1312/1312/1312 1313/1313/1313
f 1311/1311/1311 1314/1314/1314 1312/1312/1312
f 1312/1312/1312 1314/1314/1314 1315/1315/1315
f 1312/1312/1312 1315/1315/1315 1313/1313/1313
f 1313/1313/1313 1315/1315/1315 1316/1316/1316
f 1314/1314/1314 1317/1317/1317 1315/1315/1315
f 1315/1315/1315 1317/1317/1317 1318/1318/1318
f 1315/1315/1315 1318/1318/1318 1316/1316/1316
f 1316/1316/1316 1318/1318/1318 1319/1319/1319
f 1317/1317/1317 1320/1320/1320 1318/1318/1318
f 1318/1318/1318 1320/1320/1320 1321/1321/1321
f 1318/1318/1318 1321/1321/1321 1319/1319/1319
f 1319/1319/1319 1321/1321/1321 1322/1322/1322
f 1320/1320/1320 1323/1323/1323 1321/1321/1321
f 1321/1321/1321 1323/1323/1323 1324/1324/1324
f 1321/1321/1321 1324/1324/1324 1322/1322/1322
f 1322/1322/1322 1324/1324/1324 1325/1325/1325
f 1323/1323/1323 1326/1326/1326 1324/1324/1324
f 1324/1324/1324 1326/1326/1326 1327/1327/1327
f 1324/1324/1324 1327/1327/1327 1325/1325/1325
f 1325/1325/1325 1327/1327/1327 1328/1328/1328
f 1326/1326/1326 1329/1329/1329 1327/1327/1327
f 1327/1327/1327 1329/1329/1329 1330/1330/1330
f 1327/1327/1327 1330/1330/1330 1328/1328/1328
f 1328/1328/1328 1330/1330/1330 1331/1331/1331
f 1329/1329/1329 1332/1332/1332 1330/1330/1330
f 1330/1330/1330 1332/1332/1332 1333/1333/1333
f 1330/1330/1330 1333/1333/1333 1331/1331/1331
f 1331/1331/1331 1333/1333/1333 1334/1334/1334
f 1332/1332/1332 1335/1335/1335 1333/1333/1333
f 1333/1333/1333 1335/1335/1335 1336/1336/1336
f 1333/1333/1333 1336/1336/1336 1334/1334/1334
f 1334/1334/1334 1336/1336/1336 1337/1337/1337
f 1335/1335/1335 1338/1338/1338 1336/1336/1336
f 1336/1336/1336 1338/1338/1338 1339/1339/1339
f 1336/1336/1336 1339/1339/1339 1337/1337/1337
f 1337/1337/1337 1339/1339/1339 1340/1340/1340
f 1338/1338/1338 1341/1341/1341 1339/1339/1339
f 1339/1339/1339 1341/1341/1341 1342/1342/1342
f 1339/1339/1339 1342/1342/1342 1340/1340/1340
f 1340/1340/1340 1342/1342/1342 1343/1343/1343
f 1341/1341/1341 1344/1344/1344 1342/1342/1342
f 1342/1342/1342 1344/1344/1344 1345/1345/1345
f 1342/1342/1342 1345/1345/1345 1343/1343/1343
f 1343/1343/1343 1345/1345/1345 1346/1346/1346
f 1344/1344/1344 1347/1347/1347 1345/1345/1345
f 1345/1345/1345 1347/1347/1347 1348/1348/1348
f 1345/1345/1345 1348/1348/1348 1346/1346/1346
f 1346/1346/1346 1348/1348/1348 1349/1349/1349
f 1347/1347/1347 1350/1350/1350 1348/1348/1348
f 1348/1348/1348 1350/1350/1350 1351/1351/1351
f 1348/1348/1348 1351/1351/1351 1349/1349/1349
f 1349/1349/1349 1351/1351/1351 1352/1352/1352
f 1350/1350/1350 1353/1353/1353 1351/1351/1351
f 1351/1351/1351 1353/1353/1353 1354/1354/1354
f 1351/1351/1351 1354/1354/1354 1352/1352/1352
f 1352/1352/1352 1354/1354/1354 1355/1355/1355
f 1353/1353/1353 1356/1356/1356 1354/1354/1354
f 1354/1354/1354 1356/1356/1356 1357/1357/1357
f 1354/1354/1354 1357/1357/1357 1355/1355/1355
f 1355/1355/1355 1357/1357/1357 1358/1358/1358
f 1356/1356/1356 1359/1359/1359 1357/1357/1357
f 1357/1357/1357 1359/1359/1359 1360/1360/1360
f 1357/1357/1357 1360/1360/1360 1358/1358/1358
f 1358/1358/1358 1360/1360/1360 1361/1361/1361
f 1359/1359/1359 1362/1362/1362 1360/1360/1360
f 1360/1360/1360 1362/1362/1362 1363/1363/1363
f 1360/1360/1360 1363/1363/1363 1361/1361/1361
f 1361/1361/1361 1363/1363/1363 1364/1364/1364
f 1362/1362/1362 1365/1365/1365 1363/1363/1363
f 1363/1363/1363 1365/1365/1365 1366/1366/1366
f 1363/1363/1363 1366/1366/1366 1364/1364/1364
f 1364/1364/1364 1366/1366/1366 1367/1367/1367
f 1365/1365/1365 1368/1368/1368 1366/1366/1366
f 1366/1366/1366 1368/1368/1368 1369/1369/1369
f 1366/1366/1366 1369/1369/1369 1367/1367/1367
f 1367/1367/1367 1369/1369/1369 1370/1370/1370
f 1368/1368/1368 1371/1371/1371 1369/1369/1369
f 1369/1369/1369 1371/1371/1371 1372/1372/1372
f 1369/1369/1369 1372/1372/1372 1370/1370/1370
f 1370/1370/1370 1372/1372/1372 1373/1373/1373
f 1371/1371/1371 1374/1374/1374 1372/1372/1372
f 1372/1372/1372 1374/1374/1374 1375/1375/1375
f 1372/1372/1372 1375/1375/1375 1373/1373/1373
f 1373/1373/1373 1375/1375/1375 1376/1376/1376
f 1374/1374/1374 1377/1377/1377 1375/1375/1375
f 1375/1375/1375 1377/1377/1377 1378/1378/1378
f 1375/1375/1375 1378/1378/1378 1376/1376/1376
f 1376/1376/1376 1378/1378/1378 1379/1379/1379
f 1377/1377/1377 1380/1380/1380 1378/1378/1378
f 1378/1378/1378 1380/1380/1380 1381/1381/1381
f 1378/1378/1378 1381/1381/1381 1379/1379/1379
f 1379/1379/1379 1381/1381/1381 1382/1382/1382
f 1380/1380/1380 1383/1383/1383 1381/1381/1381
f 1381/1381/1381 1383/1383/1383 1384/1384/1384
f 1381/1381/1381 1384/1384/1384 1382/1382/1382
f 1382/1382/1382 1384/1384/1384 1385/1385/1385
f 1383/1383/1383 1386/1386/1386 1384/1384/1384
f 1384/1384/1384 1386/1386/1386 1387/1387/1387
f 1384/1384/1384 1387/1387/1387 1385/1385/1385
f 1385/1385/1385 1387/1387/1387 1388/1388/1388
f 1386/1386/1386 1389/1389/1389 1387/1387/1387
f 1387/1387/1387 1389/1389/1389 1390/1390/1390
f 1387/1387/1387 1390/1390/1390 1388/1388/1388
f 1388/1388/1388 1390/1390/1390 1391/1391/1391
f 1389/1389/1389 1392/1392/1392 1390/1390/1390
f 1390/1390/1390 1392/1392/1392 1393/1393/1393
f 1390/1390/1390 1393/1393/1393 1391/1391/1391
f 1391/1391/1391 1393/1393/1393 1394/1394/1394
f 1392/1392/1392 1395/1395/1395 1393/1393/1393
f 1393/1393/1393 1395/1395/1395 1396/1396/1396
f 1393/1393/1393 1396/1396/1396 1394/1394/1394
f 1394/1394/1394 1396/1396/1396 1397/1397/1397
f 1395/1395/1395 1398/1398/1398 1396/1396/1396
f 1396/1396/1396 1398/1398/1398 1399/1399/1399
f 1396/1396/1396 1399/1399/1399 1397/1397/1397
f 1397/1397/1397 1399/1399/1399 1400/1400/1400
f 1398/1398/1398 1401/1401/1401 1399/1399/1399
f 1399/1399/1399 1401/1401/1401 1402/1402/1402
f 1399/1399/1399 1402/1402/1402 1400/1400/1400
f 1400/1400/1400 1402/1402/1402 1403/1403/1403
f 1401/1401/1401 1404/1404/1404 1402/1402/1402
f 1402/1402/1402 1404/1404/1404 1405/1405/1405
f 1402/1402/1402 1405/1405/1405 1403/1403/1403
f 1403/1403/1403 1405/1405/1405 1406/1406/1406
f 1404/1404/1404 1407/1407/1407 1405/1405/1405
f 1405/1405/1405 1407/1407/1407 1408/1408/1408
f 1405/1405/1405 1408/1408/1408 1406/1406/1406
f 1406/1406/1406 1408/1408/1408 1409/1409/1409
f 1407/1407/1407 1410/1410/1410 1408/1408/1408
f 1408/1408/1408 1410/1410/1410 1411/1411/1411
f 1408/1408/1408 1411/1411/1411 1409/1409/1409
f 1409/1409/1409 1411/1411/1411 1412/1412/1412
f 1410/1410/1410 1413/1413/1413 1411/1411/1411
f 1411/1411/1411 1413/1413/1413 1414/1414/1414
f 1411/1411/1411 1414/1414/1414 1412/1412/1412
f 1412/1412/1412 1414/1414/1414 1415/1415/1415
f 1413/1413/1413 1416/1416/1416 1414/1414/1414
f 1414/1414/1414 1416/1416/1416 1417/1417/1417
f 1414/1414/1414 1417/1417/1417 1415/1415/1415
f 1415/1415/1415 1417/1417/1417 1418/1418/1418
f 1416/1416/1416 1419/1419/1419 1417/1417/1417
f 1417/1417/1417 1419/1419/1419 1420/1420/1420
f 1417/1417/1417 1420/1420/1420 1418/1418/1418
f 1418/1418/1418 1420/1420/1420 1421/1421/1421
f 1419/1419/1419 1422/1422/1422 1420/1420/1420
f 1420/1420/1420 1422/1422/1422 1423/1423/1423
f 1420/1420/1420 1423/1423/1423 1421/1421/1421
f 1421/1421/1421 1423/1423/1423 1424/1424/1424
f 1422/1422/1422 1425/1425/1425 1423/1423/1423
f 1423/1423/1423 1425/1425/1425 1426/1426/1426
f 1423/1423/1423 1426/1426/1426 1424/1424/1424
f 1424/1424/1424 1426/1426/1426 1427/1427/1427
f 1425/1425/1425 1428/1428/1428 1426/1426/1426
f 1426/1426/1426 1428/1428/1428 1429/1429/1429
f 1426/1426/1426 1429/1429/1429 1427/1427/1427
f 1427/1427/1427 1429/1429/1429 1430/1430/1430
f 1428/1428/1428 1431/1431/1431 1429/1429/1429
f 1429/1429/1429 1431/1431/1431 1432/1432/1432
f 1429/1429/1429 1432/1432/1432 1430/1430/1430
f 1430/1430/1430 1432/1432/1432 1433/1433/1433
f 1431/1431/1431 1434/1434/1434 1432/1432/1432
f 1432/1432/1432 1434/1434/1434 1435/1435/1435
f 1432/1432/1432 1435/1435/1435 1433/1433/1433
f 1433/1433/1433 1435/1435/1435 1436/1436/1436
f 1434/1434/1434 1437/1437/1437 1435/1435/1435
f 1435/1435/1435 1437/1437/1437 1438/1438/1438
f 1435/1435/1435 1438/1438/1438 1436/1436/1436
f 1436/1436/1436 1438/1438/1438 1439/1439/1439
f 1437/1437/1437 1440/1440/1440 1438/1438/1438
f 1438/1438/1438 1440/1440/1440 1441/1441/1441
f 1438/1438/1438 1441/1441/1441 1439/1439/1439
f 1439/1439/1439 1441/1441/1441 1442/1442/1442
f 1440/1440/1440 1443/1443/1443 1441/1441/1441
f 1441/1441/1441 1443/1443/1443 1444/1444/1444
f 1441/1441/1441 1444/1444/1444 1442/1442/1442
f 1442/1442/1442 1444/1444/1444 1445/1445/1445
f 1443/1443/1443 1446/1446/1446 1444/1444/1444
f 1444/1444/1444 1446/1446/1446 1447/1447/1447
f 1444/1444/1444 1447/1447/1447 1445/1445/1445
f 1445/1445/1445 1447/1447/1447 1448/1448/1448
f 1446/1446/1446 1449/1449/1449 1447/1447/1447
f 1447/1447/1447 1449/1449/1449 1450/1450/1450
f 1447/1447/1447 1450/1450/1450 1448/1448/1448
f 1448/1448/1448 1450/1450/1450 1451/1451/1451
f 1449/1449/1449 1452/1452/1452 1450/1450/1450
f 1450/1450/1450 1452/1452/1452 1453/1453/1453
f 1450/1450/1450 1453/1453/1453 1451/1451/1451
f 1451/1451/1451 1453/1453/1453 1454/1454/1454
f 1452/1452/1452 1455/1455/1455 1453/1453/1453
f 1453/1453/1453 1455/1455/1455 1456/1456/1456
f 1453/1453/1453 1456/1456/1456 1454/1454/1454
f 1454/1454/1454 1456/1456/1456 1457/1457/1457
f 1458/1458/1458 1461/1461/1461 1459/1459/1459
f 1459/1459/1459 1461/1461/1461 1462/1462/1462
f 1459/1459/1459 1462/1462/1462 1460/1460/1460
f 1460/1460/1460 1462/1462/1462 1463/1463/1463
f 1461/1461/1461 1464/1464/1464 1462/1462/1462
f 1462/1462/1462 1464/1464/1464 1465/1465/1465
f 1462/1462/1462 1465/1465/1465 1463/1463/1463
f 1463/1463/1463 1465/1465/1465 1466/1466/1466
f 1464/1464/1464 1467/1467/1467 1465/1465/1465
f 1465/1465/1465 1467/1467/1467 1468/1468/1468
f 1465/1465/1465 1468/1468/1468 1466/1466/1466
f 1466/1466/1466 1468/1468/1468 1469/1469/1469
f 1467/1467/1467 1470/1470/1470 1468/1468/1468
f 1468/1468/1468 1470/1470/1470 1471/1471/1471
f 1468/1468/1468 1471/1471/1471 1469/1469/1469
f 1469/1469/1469 1471/1471/1471 1472/1472/1472
f 1470/1470/1470 1473/1473/1473 1471/1471/1471
f 1471/1471/1471 1473/1473/1473 1474/1474/1474
f 1471/1471/1471 1474/1474/1474 1472/1472/1472
f 1472/1472/1472 1474/1474/1474 1475/1475/1475
f 1473/1473/1473 1476/1476/1476 1474/1474/1474
f 1474/1474/1474 1476/1476/1476 1477/1477/1477
f 1474/1474/1474 1477/1477/1477 1475/1475/1475
f 1475/1475/1475 1477/1477/1477 1478/1478/1478
f 1476/1476/1476 1479/1479/1479 1477/1477/1477
f 1477/1477/1477 1479/1479/1479 1480/1480/1480
f 1477/1477/1477 1480/1480/1480 1478/1478/1478
f 1478/1478/1478 1480/1480/1480 1481/1481/1481
f 1479/1479/1479 1482/1482/1482 1480/1480/1480
f 1480/1480/1480 1482/1482/1482 1483/1483/1483
f 1480/1480/1480 1483/1483/1483 1481/1481/1481
f 1481/1481/1481 1483/1483/1483 1484/1484/1484
f 1482/1482/1482 1485/1485/1485 1483/1483/1483
f 1483/1483/1483 1485/1485/1485 1486/1486/1486
f 1483/1483/1483 1486/1486/1486 1484/1484/1484
f 1484/1484/1484 1486/1486/1486 1487/1487/1487
f 1485/1485/1485 1488/1488/1488 1486/1486/1486
f 1486/1486/1486 1488/1488/1488 1489/1489/1489
f 1486/1486/1486 1489/1489/1489 1487/1487/1487
f 1487/1487/1487 1489/1489/1489 1490/1490/1490
f 1488/1488/1488 1491/1491/1491 1489/1489/1489
f 1489/1489/1489 1491/1491/1491 1492/1492/1492
f 1489/1489/1489 1492/1492/1492 1490/1490/1490
f 1490/1490/1490 1492/1492/1492 1493/1493/1493
f 1491/1491/1491 1494/1494/1494 1492/1492/1492
f 1492/1492/1492 1494/1494/1494 1495/1495/1495
f 1492/1492/1492 1495/1495/1495 1493/1493/1493
f 1493/1493/1493 1495/1495/1495 1496/1496/1496
f 1494/1494/1494 1497/1497/1497 1495/1495/1495
f 1495/1495/1495 1497/1497/1497 1498/1498/1498
f 1495/1495/1495 1498/1498/1498 1496/1496/1496
f 1496/1496/1496 1498/1498/1498 1499/1499/1499
f 1497/1497/1497 1500/1500/1500 1498/1498/1498
f 1498/1498/1498 1500/1500/1500 1501/1501/1501
f 1498/1498/1498 1501/1501/1501 1499/1499/1499
f 1499/1499/1499 1501/1501/1501 1502/1502/1502
f 1500/1500/1500 1503/1503/1503 1501/1501/1501
f 1501/1501/1501 1503/1503/1503 1504/1504/1504
f 1501/1501/1501 1504/1504/1504 1502/1502/1502
f 1502/1502/1502 1504/1504/1504 1505/1505/1505
f 1503/1503/1503 1506/1506/1506 1504/1504/1504
f 1504/1504/1504 1506/1506/1506 1507/1507/1507
f 1504/1504/1504 1507/1507/1507 1505/1505/1505
f 1505/1505/1505 1507/1507/1507 1508/1508/1508
f 1506/1506/1506 1509/1509/1509 1507/1507/1507
f 1507/1507/1507 1509/1509/1509 1510/1510/1510
f 1507/1507/1507 1510/1510/1510 1508/1508/1508
f 1508/1508/1508 1510/1510/1510 1511/1511/1511
f 1509/1509/1509 1512/1512/1512 1510/1510/1510
f 1510/1510/1510 1512/1512/1512 1513/1513/1513
f 1510/1510/1510 1513/1513/1513 1511/1511/1511
f 1511/1511/1511 1513/1513/1513 1514/1514/1514
f 1512/1512/1512 1515/1515/1515 1513/1513/1513
f 1513/1513/1513 1515/1515/1515 1516/1516/1516
f 1513/1513/1513 1516/1516/1516 1514/1514/1514
f 1514/1514/1514 1516/1516/1516 1517/1517/1517
f 1515/1515/1515 1518/1518/1518 1516/1516/1516
f 1516/1516/1516 1518/1518/1518 1519/1519/1519
f 1516/1516/1516 1519/1519/1519 1517/1517/1517
f 1517/1517/1517 1519/1519/1519 1520/1520/1520
f 1518/1518/1518 1521/1521/1521 1519/1519/1519
f 1519/1519/1519 1521/1521/1521 1522/1522/1522
f 1519/1519/1519 1522/1522/1522 1520/1520/1520
f 1520/1520/1520 1522/1522/1522 1523/1523/1523
f 1521/1521/1521 1524/1524/1524 1522/1522/1522
f 1522/1522/1522 1524/1524/1524 1525/1525/1525
f 1522/1522/1522 1525/1525/1525 1523/1523/1523
f 1523/1523/1523 1525/1525/1525 1526/1526/1526
f 1524/1524/1524 1527/1527/1527 1525/1525/1525
f 1525/1525/1525 1527/1527/1527 1528/1528/1528
f 1525/1525/1525 1528/1528/1528 1526/1526/1526
f 1526/1526/1526 1528/1528/1528 1529/1529/1529
f 1527/1527/1527 1530/1530/1530 1528/1528/1528
f 1528/1528/1528 1530/1530/1530 1531/1531/1531
f 1528/1528/1528 1531/1531/1531 1529/1529/1529
f 1529/1529/1529 1531/1531/1531 1532/1532/1532
f 1530/1530/1530 1533/1533/1533 1531/1531/1531
f 1531/1531/1531 1533/1533/1533 1534/1534/1534
f 1531/1531/1531 1534/1534/1534 1532/1532/1532
f 1532/1532/1532 1534/1534/1534 1535/1535/1535
f 1533/1533/1533 1536/1536/1536 1534/1534/1534
f 1534/1534/1534 1536/1536/1536 1537/1537/1537
f 1534/1534/1534 1537/1537/1537 1535/1535/1535
f 1535/1535/1535 1537/1537/1537 1538/1538/1538
f 1536/1536/1536 1539/1539/1539 1537/1537/1537
f 1537/1537/1537 1539/1539/1539 1540/1540/1540
f 1537/1537/1537 1540/1540/1540 1538/1538/1538
f 1538/1538/1538 1540/1540/1540 1541/1541/1541
f 1539/1539/1539 1542/1542/1542 1540/1540/1540
f 1540/1540/1540 1542/1542/1542 1543/1543/1543
f 1540/1540/1540 1543/1543/1543 1541/1541/1541
f 1541/1541/1541 1543/1543/1543 1544/1544/1544
f 1542/1542/1542 1545/1545/1545 1543/1543/1543
f 1543/1543/1543 1545/1545/1545 1546/1546/1546
f 1543/1543/1543 1546/1546/1546 1544/1544/1544
f 1544/1544/1544 1546/1546/1546 1547/1547/1547
f 1545/1545/1545 1548/1548/1548 1546/1546/1546
f 1546/1546/1546 1548/1548/1548 1549/1549/1549
f 1546/1546/1546 1549/1549/1549 1547/1547/1547
f 1547/1547/1547 1549/1549/1549 1550/1550/1550
f 1548/1548/1548 1551/1551/1551 1549/1549/1549
f 1549/1549/1549 1551/1551/1551 1552/1552/1552
f 1549/1549/1549 1552/1552/1552 1550/1550/1550
f 1550/1550/1550 1552/1552/1552 1553/1553/1553
f 1551/1551/1551 1554/1554/1554 1552/1552/1552
f 1552/1552/1552 1554/1554/1554 1555/1555/1555
f 1552/1552/1552 1555/1555/1555 1553/1553/1553
f 1553/1553/1553 1555/1555/1555 1556/1556/1556
f 1554/1554/1554 1557/1557/1557 1555/1555/1555
f 1555/1555/1555 1557/1557/1557 1558/1558/1558
f 1555/1555/1555 1558/1558/1558 1556/1556/1556
f 1556/1556/1556 1558/1558/1558 1559/1559/1559
f 1557/1557/1557 1560/1560/1560 1558/1558/1558
f 1558/1558/1558 1560/1560/1560 1561/1561/1561
f 1558/1558/1558 1561/1561/1561 1559/1559/1559
f 1559/1559/1559 1561/1561/1561 1562/1562/1562
f 1560/1560/1560 1563/1563/1563 1561/1561/1561
f 1561/1561/1561 1563/1563/1563 1564/1564/1564
f 1561/1561/1561 1564/1564/1564 1562/1562/1562
f 1562/1562/1562 1564/1564/1564 1565/1565/1565
f 1563/1563/1563 1566/1566/1566 1564/1564/1564
f 1564/1564/1564 1566/1566/1566 1567/1567/1567
f 1564/1564/1564 1567/1567/1567 1565/1565/1565
f 1565/1565/1565 1567/1567/1567 1568/1568/1568
f 1566/1566/1566 1569/1569/1569 1567/1567/1567
f 1567/1567/1567 1569/1569/1569 1570/1570/1570
f 1567/1567/1567 1570/1570/1570 1568/1568/1568
f 1568/1568/1568 1570/1570/1570 1571/1571/1571
f 1569/1569/1569 1572/1572/1572 1570/1570/1570
f 1570/1570/1570 1572/1572/1572 1573/1573/1573
f 1570/1570/1570 1573/1573/1573 1571/1571/1571
f 1571/1571/1571 1573/1573/1573 1574/1574/1574
f 1572/1572/1572 1575/1575/1575 1573/1573/1573
f 1573/1573/1573 1575/1575/1575 1576/1576/1576
f 1573/1573/1573 1576/1576/1576 1574/1574/1574
f 1574/1574/1574 1576/1576/1576 1577/1577/1577
f 1575/1575/1575 1578/1578/1578 1576/1576/1576
f 1576/1576/1576 1578/1578/1578 1579/1579/1579
f 1576/1576/1576 1579/1579/1579 1577/1577/1577
f 1577/1577/1577 1579/1579/1579 1580/1580/1580
f 1578/1578/1578 1581/1581/1581 1579/1579/1579
f 1579/1579/1579 1581/1581/1581 1582/1582/1582
f 1579/1579/1579 1582/1582/1582 1580/1580/1580
f 1580/1580/1580 1582/1582/1582 1583/1583/1583
f 1581/1581/1581 1584/1584/1584 1582/1582/1582
f 1582/1582/1582 1584/1584/1584 1585/1585/1585
f 1582/1582/1582 1585/1585/1585 1583/1583/1583
f 1583/1583/1583 1585/1585/1585 1586/1586/1586
f 1584/1584/1584 1587/1587/1587 1585/1585/1585
f 1585/1585/1585 1587/1587/1587 1588/1588/1588
f 1585/1585/1585 1588/1588/1588 1586/1586/1586
f 1586/1586/1586 1588/1588/1588 1589/1589/1589
f 1587/1587/1587 1590/1590/1590 1588/1588/1588
f 1588/1588/1588 1590/1590/1590 1591/1591/1591
f 1588/1588/1588 1591/1591/1591 1589/1589/1589
f 1589/1589/1589 1591/1591/1591 1592/1592/1592
f 1590/1590/1590 1593/1593/1593 1591/1591/1591
f 1591/1591/1591 1593/1593/1593 1594/1594/1594
f 1591/1591/1591 1594/1594/1594 1592/1592/1592
f 1592/1592/1592 1594/1594/1594 1595/1595/1595
f 1593/1593/1593 1596/1596/1596 1594/1594/1594
f 1594/1594/1594 1596/1596/1596 1597/1597/1597
f 1594/1594/1594 1597/1597/1597 1595/1595/1595
f 1595/1595/1595 1597/1597/1597 1598/1598/1598
f 1596/1596/1596 1599/1599/1599 1597/1597/1597
f 1597/1597/1597 1599/1599/1599 1600/1600/1600
f 1597/1597/1597 1600/1600/1600 1598/1598/1598
f 1598/1598/1598 1600/1600/1600 1601/1601/1601
f 1599/1599/1599 1602/1602/1602 1600/1600/1600
f 1600/1600/1600 1602/1602/1602 1603/1603/1603
f 1600/1600/1600 1603/1603/1603 1601/1601/1601
f 1601/1601/1601 1603/1603/1603 1604/1604/1604
f 1602/1602/1602 1605/1605/1605 1603/1603/1603
f 1603/1603/1603 1605/1605/1605 1606/1606/1606
f 1603/1603/1603 1606/1606/1606 1604/1604/1604
f 1604/1604/1604 1606/1606/1606 1607/1607/1607
f 1605/1605/1605 1608/1608/1608 1606/1606/1606
f 1606/1606/1606 1608/1608/1608 1609/1609/1609
f 1606/1606/1606 1609/1609/1609 1607/1607/1607
f 1607/1607/1607 1609/1609/1609 1610/1610/1610
f 1608/1608/1608 1611/1611/1611 1609/1609/1609
f 1609/1609/1609 1611/1611/1611 1612/1612/1612
f 1609/1609/1609 1612/1612/1612 1610/1610/1610
f 1610/1610/1610 1612/1612/1612 1613/1613/1613
f 1611/1611/1611 1614/1614/1614 1612/1612/1612
f 1612/1612/1612 1614/1614/1614 1615/1615/1615
f 1612/1612/1612 1615/1615/1615 1613/1613/1613
f 1613/1613/1613 1615/1615/1615 1616/1616/1616
f 1614/1614/1614 1617/1617/1617 1615/1615/1615
f 1615/1615/1615 1617/1617/1617 1618/1618/1618
f 1615/1615/1615 1618/1618/1618 1616/1616/1616
f 1616/1616/1616 1618/1618/1618 1619/1619/1619
f 1617/1617/1617 1620/1620/1620 1618/1618/1618
f 1618/1618/1618 1620/1620/1620 1621/1621/1621
f 1618/1618/1618 1621/1621/1621 1619/1619/1619
f 1619/1619/1619 1621/1621/1621 1622/1622/1622
f 1620/1620/1620 1623/1623/1623 1621/1621/1621
f 1621/1621/1621 1623/1623/1623 1624/1624/1624
f 1621/1621/1621 1624/1624/1624 1622/1622/1622
f 1622/1622/1622 1624/1624/1624 1625/1625/1625
f 1623/1623/1623 1626/1626/1626 1624/1624/1624
f 1624/1624/1624 1626/1626/1626 1627/1627/1627
f 1624/1624/1624 1627/1627/1627 1625/1625/1625
f 1625/1625/1625 1627/1627/1627 1628/1628/1628
f 1626/1626/1626 1629/1629/1629 1627/1627/1627
f 1627/1627/1627 1629/1629/1629 1630/1630/1630
f 1627/1627/1627 1630/1630/1630 1628/1628/1628
f 1628/1628/1628 1630/1630/1630 1631/1631/1631
f 1629/1629/1629 1632/1632/1632 1630/1630/1630
f 1630/1630/1630 1632/1632/1632 1633/1633/1633
f 1630/1630/1630 1633/1633/1633 1631/1631/1631
f 1631/1631/1631 1633/1633/1633 1634/1634/1634
f 1632/1632/1632 1635/1635/1635 1633/1633/1633
f 1633/1633/1633 1635/1635/1635 1636/1636/1636
f 1633/1633/1633 1636/1636/1636 1634/1634/1634
f 1634/1634/1634 1636/1636/1636 1637/1637/1637
f 1635/1635/1635 1638/1638/1638 1636/1636/1636
f 1636/1636/1636 1638/1638/1638 1639/1639/1639
f 1636/1636/1636 1639/1639/1639 1637/1637/1637
f 1637/1637/1637 1639/1639/1639 1640/1640/1640
f 1638/1638/1638 1641/1641/1641 1639/1639/1639
f 1639/1639/1639 1641/1641/1641 1642/1642/1642
f 1639/1639/1639 1642/1642/1642 1640/1640/1640
f 1640/1640/1640 1642/1642/1642 1643/1643/1643
f 1641/1641/1641 1644/1644/1644 1642/1642/1642
f 1642/1642/1642 1644/1644/1644 1645/1645/1645
f 1642/1642/1642 1645/1645/1645 1643/1643/1643
f 1643/1643/1643 1645/1645/1645 1646/1646/1646
f 1644/1644/1644 1647/1647/1647 1645/1645/1645
f 1645/1645/1645 1647/1647/1647 1648/1648/1648
f 1645/1645/1645 1648/1648/1648 1646/1646/1646
f 1646/1646/1646 1648/1648/1648 1649/1649/1649
f 1647/1647/1647 1650/1650/1650 1648/1648/1648
f 1648/1648/1648 1650/1650/1650 1651/1651/1651
f 1648/1648/1648 1651/1651/1651 1649/1649/1649
f 1649/1649/1649 1651/1651/1651 1652/1652/1652
f 1653/1653/1653 1656/1656/1656 1654/1654/1654
f 1654/1654/1654 1656/1656/1656 1657/1657/1657
f 1654/1654/1654 1657/1657/1657 1655/1655/1655
f 1655/1655/1655 1657/1657/1657 1658/1658/1658
f 1656/1656/1656 1659/1659/1659 1657/1657/1657
f 1657/1657/1657 1659/1659/1659 1660/1660/1660
f 1657/1657/1657 1660/1660/1660 1658/1658/1658
f 1658/1658/1658 1660/1660/1660 1661/1661/1661
f 1659/1659/1659 1662/1662/1662 1660/1660/1660
f 1660/1660/1660 1662/1662/1662 1663/1663/1663
f 1660/1660/1660 1663/1663/1663 1661/1661/1661
f 1661/1661/1661 1663/1663/1663 1664/1664/1664
f 1662/1662/1662 1665/1665/1665 1663/1663/1663
f 1663/1663/1663 1665/1665/1665 1666/1666/1666
f 1663/1663/1663 1666/1666/1666 1664/1664/1664
f 1664/1664/1664 1666/1666/1666 1667/1667/1667
f 1665/1665/1665 1668/1668/1668 1666/1666/1666
f 1666/1666/1666 1668/1668/1668 1669/1669/1669
f 1666/1666/1666 1669/1669/1669 1667/1667/1667
f 1667/1667/1667 1669/1669/1669 1670/1670/1670
f 1668/1668/1668 1671/1671/1671 1669/1669/1669
f 1669/1669/1669 1671/1671/1671 1672/1672/1672
f 1669/1669/1669 1672/1672/1672 1670/1670/1670
f 1670/1670/1670 1672/1672/1672 1673/1673/1673
f 1671/1671/1671 1674/1674/1674 1672/1672/1672
f 1672/1672/1672 1674/1674/1674 1675/1675/1675
f 1672/1672/1672 1675/1675/1675 1673/1673/1673
f 1673/1673/1673 1675/1675/1675 1676/1676/1676
f 1674/1674/1674 1677/1677/1677 1675/1675/1675
f 1675/1675/1675 1677/1677/1677 1678/1678/1678
f 1675/1675/1675 1678/1678/1678 1676/1676/1676
f 1676/1676/1676 1678/1678/1678 1679/1679/1679
f 1677/1677/1677 1680/1680/1680 1678/1678/1678
f 1678/1678/1678 1680/1680/1680 1681/1681/1681
f 1678/1678/1678 1681/1681/1681 1679/1679/1679
f 1679/1679/1679 1681/1681/1681 1682/1682/1682
f 1680/1680/1680 1683/1683/1683 1681/1681/1681
f 1681/1681/1681 1683/1683/1683 1684/1684/1684
f 1681/1681/1681 1684/1684/1684 1682/1682/1682
f 1682/1682/1682 1684/1684/1684 1685/1685/1685
f 1683/1683/1683 1686/1686/1686 1684/1684/1684
f 1684/1684/1684 1686/1686/1686 1687/1687/1687
f 1684/1684/1684 1687/1687/1687 1685/1685/1685
f 1685/1685/1685 1687/1687/1687 1688/1688/1688
f 1686/1686/1686 1689/1689/1689 1687/1687/1687
f 1687/1687/1687 1689/1689/1689 1690/1690/1690
f 1687/1687/1687 1690/1690/1690 1688/1688/1688
f 1688/1688/1688 1690/1690/1690 1691/1691/1691
f 1689/1689/1689 1692/1692/1692 1690/1690/1690
f 1690/1690/1690 1692/1692/1692 1693/1693/1693
f 1690/1690/1690 1693/1693/1693 1691/1691/1691
f 1691/1691/1691 1693/1693/1693 1694/1694/1694
f 1692/1692/1692 1695/1695/1695 1693/1693/1693
f 1693/1693/1693 1695/1695/1695 1696/1696/1696
f 1693/1693/1693 1696/1696/1696 1694/1694/1694
f 1694/1694/1694 1696/1696/1696 1697/1697/1697
f 1695/1695/1695 1698/1698/1698 1696/1696/1696
f 1696/1696/1696 1698/1698/1698 1699/1699/1699
f 1696/1696/1696 1699/1699/1699 1697/1697/1697
f 1697/1697/1697 1699/1699/1699 1700/1700/1700
f 1698/1698/1698 1701/1701/1701 1699/1699/1699
f 1699/1699/1699 1701/1701/1701 1702/1702/1702
f 1699/1699/1699 1702/1702/1702 1700/1700/1700
f 1700/1700/1700 1702/1702/1702 1703/1703/1703
f 1701/1701/1701 1704/1704/1704 1702/1702/1702
f 1702/1702/1702 1704/1704/1704 1705/1705/1705
f 1702/1702/1702 1705/1705/1705 1703/1703/1703
f 1703/1703/1703 1705/1705/1705 1706/1706/1706
f 1704/1704/1704 1707/1707/1707 1705/1705/1705
f 1705/1705/1705 1707/1707/1707 1708/1708/1708
f 1705/1705/1705 1708/1708/1708 1706/1706/1706
f 1706/1706/1706 1708/1708/1708 1709/1709/1709
f 1707/1707/1707 1710/1710/1710 1708/1708/1708
f 1708/1708/1708 1710/1710/1710 1711/1711/1711
f 1708/1708/1708 1711/1711/1711 1709/1709/1709
f 1709/1709/1709 1711/1711/1711 1712/1712/1712
f 1710/1710/1710 1713/1713/1713 1711/1711/1711
f 1711/1711/1711 1713/1713/1713 1714/1714/1714
f 1711/1711/1711 1714/1714/1714 1712/1712/1712
f 1712/1712/1712 1714/1714/1714 1715/1715/1715
f 1713/1713/1713 1716/1716/1716 1714/1714/1714
f 1714/1714/1714 1716/1716/1716 1717/1717/1717
f 1714/1714/1714 1717/1717/1717 1715/1715/1715
f 1715/1715/1715 1717/1717/1717 1718/1718/1718
f 1716/1716/1716 1719/1719/1719 1717/1717/1717
f 1717/1717/1717 1719/1719/1719 1720/1720/1720
f 1717/1717/1717 1720/1720/1720 1718/1718/1718
f 1718/1718/1718 1720/1720/1720 1721/1721/1721
f 1719/1719/1719 1722/1722/1722 1720/1720/1720
f 1720/1720/1720 1722/1722/1722 1723/1723/1723
f 1720/1720/1720 1723/1723/1723 1721/1721/1721
f 1721/1721/1721 1723/1723/1723 1724/1724/1724
f 1722/1722/1722 1725/1725/1725 1723/1723/1723
f 1723/1723/1723 1725/1725/1725 1726/1726/1726
f 1723/1723/1723 1726/1726/1726 1724/1724/1724
f 1724/1724/1724 1726/1726/1726 1727/1727/1727
f 1725/1725/1725 1728/1728/1728 1726/1726/1726
f 1726/1726/1726 1728/1728/1728 1729/1729/1729
f 1726/1726/1726 1729/1729/1729 1727/1727/1727
f 1727/1727/1727 1729/1729/1729 1730/1730/1730
f 1728/1728/1728 1731/1731/1731 1729/1729/1729
f 1729/1729/1729 1731/1731/1731 1732/1732/1732
f 1729/1729/1729 1732/1732/1732 1730/1730/1730
f 1730/1730/1730 1732/1732/1732 1733/1733/1733
f 1731/1731/1731 1734/1734/1734 1732/1732/1732
f 1732/1732/1732 1734/1734/1734 1735/1735/1735
f 1732/1732/1732 1735/1735/1735 1733/1733/1733
f 1733/1733/1733 1735/1735/1735 1736/1736/1736
f 1734/1734/1734 1737/1737/1737 1735/1735/1735
f 1735/1735/1735 1737/1737/1737 1738/1738/1738
f 1735/1735/1735 1738/1738/1738 1736/1736/1736
f 1736/1736/1736 1738/1738/1738 1739/1739/1739
f 1737/1737/1737 1740/1740/1740 1738/1738/1738
f 1738/1738/1738 1740/1740/1740 1741/1741/1741
f 1738/1738/1738 1741/1741/1741 1739/1739/1739
f 1739/1739/1739 1741/1741/1741 1742/1742/1742
f 1740/1740/1740 1743/1743/1743 1741/1741/1741
f 1741/1741/1741 1743/1743/1743 1744/1744/1744
f 1741/1741/1741 1744/1744/1744 1742/1742/1742
f 1742/1742/1742 1744/1744/1744 1745/1745/1745
f 1743/1743/1743 1746/1746/1746 1744/1744/1744
f 1744/1744/1744 1746/1746/1746 1747/1747/1747
f 1744/1744/1744 1747/1747/1747 1745/1745/1745
f 1745/1745/1745 1747/1747/1747 1748/1748/1748
f 1746/1746/1746 1749/1749/1749 1747/1747/1747
f 1747/1747/1747 1749/1749/1749 1750/1750/1750
f 1747/1747/1747 1750/1750/1750 1748/1748/1748
f 1748/1748/1748 1750/1750/1750 1751/1751/1751
f 1749/1749/1749 1752/1752/1752 1750/1750/1750
f 1750/1750/1750 1752/1752/1752 1753/1753/1753
f 1750/1750/1750 1753/1753/1753 1751/1751/1751
f 1751/1751/1751 1753/1753/1753 1754/1754/1754
f 1752/1752/1752 1755/1755/1755 1753/1753/1753
f 1753/1753/1753 1755/1755/1755 1756/1756/1756
f 1753/1753/1753 1756/1756/1756 1754/1754/1754
f 1754/1754/1754 1756/1756/1756 1757/1757/1757
f 1755/1755/1755 1758/1758/1758 1756/1756/1756
f 1756/1756/1756 1758/1758/1758 1759/1759/1759
f 1756/1756/1756 1759/1759/1759 1757/1757/1757
f 1757/1757/1757 1759/1759/1759 1760/1760/1760
f 1758/1758/1758 1761/1761/1761 1759/1759/1759
f 1759/1759/1759 1761/1761/1761 1762/1762/1762
f 1759/1759/1759 1762/1762/1762 1760/1760/1760
f 1760/1760/1760 1762/1762/1762 1763/1763/1763
f 1761/1761/1761 1764/1764/1764 1762/1762/1762
f 1762/1762/1762 1764/1764/1764 1765/1765/1765
f 1762/1762/1762 1765/1765/1765 1763/1763/1763
f 1763/1763/1763 1765/1765/1765 1766/1766/1766
f 1764/1764/1764 1767/1767/1767 1765/1765/1765
f 1765/1765/1765 1767/1767/1767 1768/1768/1768
f 1765/1765/1765 1768/1768/1768 1766/1766/1766
f 1766/1766/1766 1768/1768/1768 1769/1769/1769
f 1767/1767/1767 1770/1770/1770 1768/1768/1768
f 1768/1768/1768 1770/1770/1770 1771/1771/1771
f 1768/1768/1768 1771/1771/1771 1769/1769/1769
f 1769/1769/1769 1771/1771/1771 1772/1772/1772
f 1770/1770/1770 1773/1773/1773 1771/1771/1771
f 1771/1771/1771 1773/1773/1773 1774/1774/1774
f 1771/1771/1771 1774/1774/1774 1772/1772/1772
f 1772/1772/1772 1774/1774/1774 1775/1775/1775
f 1773/1773/1773 1776/1776/1776 1774/1774/1774
f 1774/1774/1774 1776/1776/1776 1777/1777/1777
f 1774/1774/1774 1777/1777/1777 1775/1775/1775
f 1775/1775/1775 1777/1777/1777 1778/1778/1778
f 1776/1776/1776 1779/1779/1779 1777/1777/1777
f 1777/1777/1777 1779/1779/1779 1780/1780/1780
f 1777/1777/1777 1780/1780/1780 1778/1778/1778
f 1778/1778/1778 1780/1780/1780 1781/1781/1781
f 1779/1779/1779 1782/1782/1782 1780/1780/1780
f 1780/1780/1780 1782/1782/1782 1783/1783/1783
f 1780/1780/1780 1783/1783/1783 1781/1781/1781
f 1781/1781/1781 1783/1783/1783 1784/1784/1784
f 1782/1782/1782 1785/1785/1785 1783/1783/1783
f 1783/1783/1783 1785/1785/1785 1786/1786/1786
f 1783/1783/1783 1786/1786/1786 1784/1784/1784
f 1784/1784/1784 1786/1786/1786 1787/1787/1787
f 1785/1785/1785 1788/1788/1788 1786/1786/1786
f 1786/1786/1786 1788/1788/1788 1789/1789/1789
f 1786/1786/1786 1789/1789/1789 1787/1787/1787
f 1787/1787/1787 1789/1789/1789 1790/1790/1790
f 1788/1788/1788 1791/1791/1791 1789/1789/1789
f 1789/1789/1789 1791/1791/1791 1792/1792/1792
f 1789/1789/1789 1792/1792/1792 1790/1790/1790
f 1790/1790/1790 1792/1792/1792 1793/1793/1793
f 1791/1791/1791 1794/1794/1794 1792/1792/1792
f 1792/1792/1792 1794/1794/1794 1795/1795/1795
f 1792/1792/1792 1795/1795/1795 1793/1793/1793
f 1793/1793/1793 1795/1795/1795 1796/1796/1796
f 1794/1794/1794 1797/1797/1797 1795/1795/1795
f 1795/1795/1795 1797/1797/1797 1798/1798/1798
f 1795/1795/1795 1798/1798/1798 1796/1796/1796
f 1796/1796/1796 1798/1798/1798 1799/1799/1799
f 1797/1797/1797 1800/1800/1800 1798/1798/1798
f 1798/1798/1798 1800/1800/1800 1801/1801/1801
f 1798/1798/1798 1801/1801/1801 1799/1799/1799
f 1799/1799/1799 1801/1801/1801 1802/1802/1802
f 1800/1800/1800 1803/1803/1803 1801/1801/1801
f 1801/1801/1801 1803/1803/1803 1804/1804/1804
f 1801/1801/1801 1804/1804/1804 1802/1802/1802
f 1802/1802/1802 1804/1804/1804 1805/1805/1805
f 1803/1803/1803 1806/1806/1806 1804/1804/1804
f 1804/1804/1804 1806/1806/1806 1807/1807/1807
f 1804/1804/1804 1807/1807/1807 1805/1805/1805
f 1805/1805/1805 1807/1807/1807 1808/1808/1808
f 1806/1806/1806 1809/1809/1809 1807/1807/1807
f 1807/1807/1807 1809/1809/1809 1810/1810/1810
f 1807/1807/1807 1810/1810/1810 1808/1808/1808
f 1808/1808/1808 1810/1810/1810 1811/1811/1811
f 1809/1809/1809 1812/1812/1812 1810/1810/1810
f 1810/1810/1810 1812/1812/1812 1813/1813/1813
f 1810/1810/1810 1813/1813/1813 1811/1811/1811
f 1811/1811/1811 1813/1813/1813 1814/1814/1814
f 1812/1812/1812 1815/1815/1815 1813/1813/1813
f 1813/1813/1813 1815/1815/1815 1816/1816/1816
f 1813/1813/1813 1816/1816/1816 1814/1814/1814
f 1814/1814/1814 1816/1816/1816 1817/1817/1817
f 1815/1815/1815 1818/1818/1818 1816/1816/1816
f 1816/1816/1816 1818/1818/1818 1819/1819/1819
f 1816/1816/1816 1819/1819/1819 1817/1817/1817
f 1817/1817/1817 1819/1819/1819 1820/1820/1820
f 1818/1818/1818 1821/1821/1821 1819/1819/1819
f 1819/1819/1819 1821/1821/1821 1822/1822/1822
f 1819/1819/1819 1822/1822/1822 1820/1820/1820
f 1820/1820/1820 1822/1822/1822 1823/1823/1823
f 1821/1821/1821 1824/1824/1824 1822/1822/1822
f 1822/1822/1822 1824/1824/1824 1825/1825/1825
f 1822/1822/1822 1825/1825/1825 1823/1823/1823
f 1823/1823/1823 1825/1825/1825 1826/1826/1826
f 1824/1824/1824 1827/1827/1827 1825/1825/1825
f 1825/1825/1825 1827/1827/1827 1828/1828/1828
f 1825/1825/1825 1828/1828/1828 1826/1826/1826
f 1826/1826/1826 1828/1828/1828 1829/1829/1829
f 1827/1827/1827 1830/1830/1830 1828/1828/1828
f 1828/1828/1828 1830/1830/1830 1831/1831/1831
f 1828/1828/1828 1831/1831/1831 1829/1829/1829
f 1829/1829/1829 1831/1831/1831 1832/1832/1832
f 1830/1830/1830 1833/1833/1833 1831/1831/1831
f 1831/1831/1831 1833/1833/1833 1834/1834/1834
f 1831/1831/1831 1834/1834/1834 1832/1832/1832
f 1832/1832/1832 1834/1834/1834 1835/1835/1835
f 1833/1833/1833 1836/1836/1836 1834/1834/1834
f 1834/1834/1834 1836/1836/1836 1837/1837/1837
f 1834/1834/1834 1837/1837/1837 1835/1835/1835
f 1835/1835/1835 1837/1837/1837 1838/1838/1838
f 1836/1836/1836 1839/1839/1839 1837/1837/1837
f 1837/1837/1837 1839/1839/1839 1840/1840/1840
f 1837/1837/1837 1840/1840/1840 1838/1838/1838
f 1838/1838/1838 1840/1840/1840 1841/1841/1841
f 1839/1839/1839 1842/1842/1842 1840/1840/1840
f 1840/1840/1840 1842/1842/1842 1843/1843/1843
f 1840/1840/1840 1843/1843/1843 1841/1841/1841
f 1841/1841/1841 1843/1843/1843 1844/1844/1844
f 1842/1842/1842 1845/1845/1845 1843/1843/1843
f 1843/1843/1843 1845/1845/1845 1846/1846/1846
f 1843/1843/1843 1846/1846/1846 1844/1844/1844
f 1844/1844/1844 1846/1846/1846 1847/1847/1847
f 1848/1848/1848 1851/1851/1851 1849/1849/1849
f 1849/1849/1849 1851/1851/1851 1852/1852/1852
f 1849/1849/1849 1852/1852/1852 1850/1850/1850
f 1850/1850/1850 1852/1852/1852 1853/1853/1853
f 1851/1851/1851 1854/1854/1854 1852/1852/1852
f 1852/1852/1852 1854/1854/1854 1855/1855/1855
f 1852/1852/1852 1855/1855/1855 1853/1853/1853
f 1853/1853/1853 1855/1855/1855 1856/1856/1856
f 1854/1854/1854 1857/1857/1857 1855/1855/1855
f 1855/1855/1855 1857/1857/1857 1858/1858/1858
f 1855/1855/1855 1858/1858/1858 1856/1856/1856
f 1856/1856/1856 1858/1858/1858 1859/1859/1859
f 1857/1857/1857 1860/1860/1860 1858/1858/1858
f 1858/1858/1858 1860/1860/1860 1861/1861/1861
f 1858/1858/1858 1861/1861/1861 1859/1859/1859
f 1859/1859/1859 1861/1861/1861 1862/1862/1862
f 1860/1860/1860 1863/1863/1863 1861/1861/1861
f 1861/1861/1861 1863/1863/1863 1864/1864/1864
f 1861/1861/1861 1864/1864/1864 1862/1862/1862
f 1862/1862/1862 1864/1864/1864 1865/1865/1865
f 1863/1863/1863 1866/1866/1866 1864/1864/1864
f 1864/1864/1864 1866/1866/1866 1867/1867/1867
f 1864/1864/1864 1867/1867/1867 1865/1865/1865
f 1865/1865/1865 1867/1867/1867 1868/1868/1868
f 1866/1866/1866 1869/1869/1869 1867/1867/1867
f 1867/1867/1867 1869/1869/1869 1870/1870/1870
f 1867/1867/1867 1870/1870/1870 1868/1868/1868
f 1868/1868/1868 1870/1870/1870 1871/1871/1871
f 1869/1869/1869 1872/1872/1872 1870/1870/1870
f 1870/1870/1870 1872/1872/1872 1873/1873/1873
f 1870/1870/1870 1873/1873/1873 1871/1871/1871
f 1871/1871/1871 1873/1873/1873 1874/1874/1874
f 1872/1872/1872 1875/1875/1875 1873/1873/1873
f 1873/1873/1873 1875/1875/1875 1876/1876/1876
f 1873/1873/1873 1876/1876/1876 1874/1874/1874
f 1874/1874/1874 1876/1876/1876 1877/1877/1877
f 1875/1875/1875 1878/1878/1878 1876/1876/1876
f 1876/1876/1876 1878/1878/1878 1879/1879/1879
f 1876/1876/1876 1879/1879/1879 1877/1877/1877
f 1877/1877/1877 1879/1879/1879 1880/1880/1880
f 1878/1878/1878 1881/1881/1881 1879/1879/1879
f 1879/1879/1879 1881/1881/1881 1882/1882/1882
f 1879/1879/1879 1882/1882/1882 1880/1880/1880
f 1880/1880/1880 1882/1882/1882 1883/1883/1883
f 1881/1881/1881 1884/1884/1884 1882/1882/1882
f 1882/1882/1882 1884/1884/1884 1885/1885/1885
f 1882/1882/1882 1885/1885/1885 1883/1883/1883
f 1883/1883/1883 1885/1885/1885 1886/1886/1886
f 1884/1884/1884 1887/1887/1887 1885/1885/1885
f 1885/1885/1885 1887/1887/1887 1888/1888/1888
f 1885/1885/1885 1888/1888/1888 1886/1886/1886
f 1886/1886/1886 1888/1888/1888 1889/1889/1889
f 1887/1887/1887 1890/1890/1890 1888/1888/1888
f 1888/1888/1888 1890/1890/1890 1891/1891/1891
f 1888/1888/1888 1891/1891/1891 1889/1889/1889
f 1889/1889/1889 1891/1891/1891 1892/1892/1892
f 1890/1890/1890 1893/1893/1893 1891/1891/1891
f 1891/1891/1891 1893/1893/1893 1894/1894/1894
f 1891/1891/1891 1894/1894/1894 1892/1892/1892
f 1892/1892/1892 1894/1894/1894 1895/1895/1895
f 1893/1893/1893 1896/1896/1896 1894/1894/1894
f 1894/1894/1894 1896/1896/1896 1897/1897/1897
f 1894/1894/1894 1897/1897/1897 1895/1895/1895
f 1895/1895/1895 1897/1897/1897 1898/1898/1898
f 1896/1896/1896 1899/1899/1899 1897/1897/1897
f 1897/1897/1897 1899/1899/1899 1900/1900/1900
f 1897/1897/1897 1900/1900/1900 1898/1898/1898
f 1898/1898/1898 1900/1900/1900 1901/1901/1901
f 1899/1899/1899 1902/1902/1902 1900/1900/1900
f 1900/1900/1900 1902/1902/1902 1903/1903/1903
f 1900/1900/1900 1903/1903/1903 1901/1901/1901
f 1901/1901/1901 1903/1903/1903 1904/1904/1904
f 1902/1902/1902 1905/1905/1905 1903/1903/1903
f 1903/1903/1903 1905/1905/1905 1906/1906/1906
f 1903/1903/1903 1906/1906/1906 1904/1904/1904
f 1904/1904/1904 1906/1906/1906 1907/1907/1907
f 1905/1905/1905 1908/1908/1908 1906/1906/1906
f 1906/1906/1906 1908/1908/1908 1909/1909/1909
f 1906/1906/1906 1909/1909/1909 1907/1907/1907
f 1907/1907/1907 1909/1909/1909 1910/1910/1910
f 1908/1908/1908 1911/1911/1911 1909/1909/1909
f 1909/1909/1909 1911/1911/1911 1912/1912/1912
f 1909/1909/1909 1912/1912/1912 1910/1910/1910
f 1910/1910/1910 1912/1912/1912 1913/1913/1913
f 1911/1911/1911 1914/1914/1914 1912/1912/1912
f 1912/1912/1912 1914/1914/1914 1915/1915/1915
f 1912/1912/1912 1915/1915/1915 1913/1913/1913
f 1913/1913/1913 1915/1915/1915 1916/1916/1916
f 1914/1914/1914 1917/1917/1917 1915/1915/1915
f 1915/1915/1915 1917/1917/1917 1918/1918/1918
f 1915/1915/1915 1918/1918/1918 1916/1916/1916
f 1916/1916/1916 1918/1918/1918 1919/1919/1919
f 1917/1917/1917 1920/1920/1920 1918/1918/1918
f 1918/1918/1918 1920/1920/1920 1921/1921/1921
f 1918/1918/1918 1921/1921/1921 1919/1919/1919
f 1919/1919/1919 1921/1921/1921 1922/1922/1922
f 1920/1920/1920 1923/1923/1923 1921/1921/1921
f 1921/1921/1921 1923/1923/1923 1924/1924/1924
f 1921/1921/1921 1924/1924/1924 1922/1922/1922
f 1922/1922/1922 1924/1924/1924 1925/1925/1925
f 1923/1923/1923 1926/1926/1926 1924/1924/1924
f 1924/1924/1924 1926/1926/1926 1927/1927/1927
f 1924/1924/1924 1927/1927/1927 1925/1925/1925
f 1925/1925/1925 1927/1927/1927 1928/1928/1928
f 1926/1926/1926 1929/1929/1929 1927/1927/1927
f 1927/1927/1927 1929/1929/1929 1930/1930/1930
f 1927/1927/1927 1930/1930/1930 1928/1928/1928
f 1928/1928/1928 1930/1930/1930 1931/1931/1931
f 1929/1929/1929 1932/1932/1932 1930/1930/1930
f 1930/1930/1930 1932/1932/1932 1933/1933/1933
f 1930/1930/1930 1933/1933/1933 1931/1931/1931
f 1931/1931/1931 1933/1933/1933 1934/1934/1934
f 1932/1932/1932 1935/1935/1935 1933/1933/1933
f 1933/1933/1933 1935/1935/1935 1936/1936/1936
f 1933/1933/1933 1936/1936/1936 1934/1934/1934
f 1934/1934/1934 1936/1936/1936 1937/1937/1937
f 1935/1935/1935 1938/1938/1938 1936/1936/1936
f 1936/1936/1936 1938/1938/1938 1939/1939/1939
f 1936/1936/1936 1939/1939/1939 1937/1937/1937
f 1937/1937/1937 1939/1939/1939 1940/1940/1940
f 1938/1938/1938 1941/1941/1941 1939/1939/1939
f 1939/1939/1939 1941/1941/1941 1942/1942/1942
f 1939/1939/1939 1942/1942/1942 1940/1940/1940
f 1940/1940/1940 1942/1942/1942 1943/1943/1943
f 1941/1941/1941 1944/1944/1944 1942/1942/1942
f 1942/1942/1942 1944/1944/1944 1945/1945/1945
f 1942/1942/1942 1945/1945/1945 1943/1943/1943
f 1943/1943/1943 1945/1945/1945 1946/1946/1946
f 1944/1944/1944 1947/1947/1947 1945/1945/1945
f 1945/1945/1945 1947/1947/1947 1948/1948/1948
f 1945/1945/1945 1948/1948/1948 1946/1946/1946
f 1946/1946/1946 1948/1948/1948 1949/1949/1949
f 1947/1947/1947 1950/1950/1950 1948/1948/1948
f 1948/1948/1948 1950/1950/1950 1951/1951/1951
f 1948/1948/1948 1951/1951/1951 1949/1949/1949
f 1949/1949/1949 1951/1951/1951 1952/1952/1952
f 1950/1950/1950 1953/1953/1953 1951/1951/1951
f 1951/1951/1951 1953/1953/1953 1954/1954/1954
f 1951/1951/1951 1954/1954/1954 1952/1952/1952
f 1952/1952/1952 1954/1954/1954 1955/1955/1955
f 1953/1953/1953 1956/1956/1956 1954/1954/1954
f 1954/1954/1954 1956/1956/1956 1957/1957/1957
f 1954/1954/1954 1957/1957/1957 1955/1955/1955
f 1955/1955/1955 1957/1957/1957 1958/1958/1958
f 1956/1956/1956 1959/1959/1959 1957/1957/1957
f 1957/1957/1957 1959/1959/1959 1960/1960/1960
f 1957/1957/1957 1960/1960/1960 1958/1958/1958
f 1958/1958/1958 1960/1960/1960 1961/1961/1961
f 1959/1959/1959 1962/1962/1962 1960/1960/1960
f 1960/1960/1960 1962/1962/1962 1963/1963/1963
f 1960/1960/1960 1963/1963/1963 1961/1961/1961
f 1961/1961/1961 1963/1963/1963 1964/1964/1964
f 1962/1962/1962 1965/1965/1965 1963/1963/1963
f 1963/1963/1963 1965/1965/1965 1966/1966/1966
f 1963/1963/1963 1966/1966/1966 1964/1964/1964
f 1964/1964/1964 1966/1966/1966 1967/1967/1967
f 1965/1965/1965 1968/1968/1968 1966/1966/1966
f 1966/1966/1966 1968/1968/1968 1969/1969/1969
f 1966/1966/1966 1969/1969/1969 1967/1967/1967
f 1967/1967/1967 1969/1969/1969 1970/1970/1970
f 1968/1968/1968 1971/1971/1971 1969/1969/1969
f 1969/1969/1969 1971/1971/1971 1972/1972/1972
f 1969/1969/1969 1972/1972/1972 1970/1970/1970
f 1970/1970/1970 1972/1972/1972 1973/1973/1973
f 1971/1971/1971 1974/1974/1974 1972/1972/1972
f 1972/1972/1972 1974/1974/1974 1975/1975/1975
f 1972/1972/1972 1975/1975/1975 1973/1973/1973
f 1973/1973/1973 1975/1975/1975 1976/1976/1976
f 1974/1974/1974 1977/1977/1977 1975/1975/1975
f 1975/1975/1975 1977/1977/1977 1978/1978/1978
f 1975/1975/1975 1978/1978/1978 1976/1976/1976
f 1976/1976/1976 1978/1978/1978 1979/1979/1979
f 1977/1977/1977 1980/1980/1980 1978/1978/1978
f 1978/1978/1978 1980/1980/1980 1981/1981/1981
f 1978/1978/1978 1981/1981/1981 1979/1979/1979
f 1979/1979/1979 1981/1981/1981 1982/1982/1982
f 1980/1980/1980 1983/1983/1983 1981/1981/1981
f 1981/1981/1981 1983/1983/1983 1984/1984/1984
f 1981/1981/1981 1984/1984/1984 1982/1982/1982
f 1982/1982/1982 1984/1984/1984 1985/1985/1985
f 1983/1983/1983 1986/1986/1986 1984/1984/1984
f 1984/1984/1984 1986/1986/1986 1987/1987/1987
f 1984/1984/1984 1987/1987/1987 1985/1985/1985
f 1985/1985/1985 1987/1987/1987 1988/1988/1988
f 1986/1986/1986 1989/1989/1989 1987/1987/1987
f 1987/1987/1987 1989/1989/1989 1990/1990/1990
f 1987/1987/1987 1990/1990/1990 1988/1988/1988
f 1988/1988/1988 1990/1990/1990 1991/1991/1991
f 1989/1989/1989 1992/1992/1992 1990/1990/1990
f 1990/1990/1990 1992/1992/1992 1993/1993/1993
f 1990/1990/1990 1993/1993/1993 1991/1991/1991
f 1991/1991/1991 1993/1993/1993 1994/1994/1994
f 1992/1992/1992 1995/1995/1995 1993/1993/1993
f 1993/1993/1993 1995/1995/1995 1996/1996/1996
f 1993/1993/1993 1996/1996/1996 1994/1994/1994
f 1994/1994/1994 1996/1996/1996 1997/1997/1997
f 1995/1995/1995 1998/1998/1998 1996/1996/1996
f 1996/1996/1996 1998/1998/1998 1999/1999/1999
f 1996/1996/1996 1999/1999/1999 1997/1997/1997
f 1997/1997/1997 1999/1999/1999 2000/2000/2000
f 1998/1998/1998 2001/2001/2001 1999/1999/1999
f 1999/1999/1999 2001/2001/2001 2002/2002/2002
f 1999/1999/1999 2002/2002/2002 2000/2000/2000
f 2000/2000/2000 2002/2002/2002 2003/2003/2003
f 2001/2001/2001 2004/2004/2004 2002/2002/2002
f 2002/2002/2002 2004/2004/2004 2005/2005/2005
f 2002/2002/2002 2005/2005/2005 2003/2003/2003
f 2003/2003/2003 2005/2005/2005 2006/2006/2006
f 2004/2004/2004 2007/2007/2007 2005/2005/2005
f 2005/2005/2005 2007/2007/2007 2008/2008/2008
f 2005/2005/2005 2008/2008/2008 2006/2006/2006
f 2006/2006/2006 2008/2008/2008 2009/2009/2009
f 2007/2007/2007 2010/2010/2010 2008/2008/2008
f 2008/2008/2008 2010/2010/2010 2011/2011/2011
f 2008/2008/2008 2011/2011/2011 2009/2009/2009
f 2009/2009/2009 2011/2011/2011 2012/2012/2012
f 2010/2010/2010 2013/2013/2013 2011/2011/2011
f 2011/2011/2011 2013/2013/2013 2014/2014/2014
f 2011/2011/2011 2014/2014/2014 2012/2012/2012
f 2012/2012/2012 2014/2014/2014 2015/2015/2015
f 2013/2013/2013 2016/2016/2016 2014/2014/2014
f 2014/2014/2014 2016/2016/2016 2017/2017/2017
f 2014/2014/2014 2017/2017/2017 2015/2015/2015
f 2015/2015/2015 2017/2017/2017 2018/2018/2018
f 2016/2016/2016 2019/2019/2019 2017/2017/2017
f 2017/2017/2017 2019/2019/2019 2020/2020/2020
f 2017/2017/2017 2020/2020/2020 2018/2018/2018
f 2018/2018/2018 2020/2020/2020 2021/2021/2021
f 2019/2019/2019 2022/2022/2022 2020/2020/2020
f 2020/2020/2020 2022/2022/2022 2023/2023/2023
f 2020/2020/2020 2023/2023/2023 2021/2021/2021
f 2021/2021/2021 2023/2023/2023 2024/2024/2024
f 2022/2022/2022 2025/2025/2025 2023/2023/2023
f 2023/2023/2023 2025/2025/2025 2026/2026/2026
f 2023/2023/2023 2026/2026/2026 2024/2024/2024
f 2024/2024/2024 2026/2026/2026 2027/2027/2027
f 2025/2025/2025 2028/2028/2028 2026/2026/2026
f 2026/2026/2026 2028/2028/2028 2029/2029/2029
f 2026/2026/2026 2029/2029/2029 2027/2027/2027
f 2027/2027/2027 2029/2029/2029 2030/2030/2030
f 2028/2028/2028 2031/2031/2031 2029/2029/2029
f 2029/2029/2029 2031/2031/2031 2032/2032/2032
f 2029/2029/2029 2032/2032/2032 2030/2030/2030
f 2030/2030/2030 2032/2032/2032 2033/2033/2033
f 2031/2031/2031 2034/2034/2034 2032/2032/2032
f 2032/2032/2032 2034/2034/2034 2035/2035/2035
f 2032/2032/2032 2035/2035/2035 2033/2033/2033
f 2033/2033/2033 2035/2035/2035 2036/2036/2036
f 2034/2034/2034 2037/2037/2037 2035/2035/2035
f 2035/2035/2035 2037/2037/2037 2038/2038/2038
f 2035/2035/2035 2038/2038/2038 2036/2036/2036
f 2036/2036/2036 2038/2038/2038 2039/2039/2039
f 2037/2037/2037 2040/2040/2040 2038/2038/2038
f 2038/2038/2038 2040/2040/2040 2041/2041/2041
f 2038/2038/2038 2041/2041/2041 2039/2039/2039
f 2039/2039/2039 2041/2041/2041 2042/2042/2042
f 2043/2043/2043 2046/2046/2046 2044/2044/2044
f 2044/2044/2044 2046/2046/2046 2047/2047/2047
f 2044/2044/2044 2047/2047/2047 2045/2045/2045
f 2045/2045/2045 2047/2047/2047 2048/2048/2048
f 2046/2046/2046 2049/2049/2049 2047/2047/2047
f 2047/2047/2047 2049/2049/2049 2050/2050/2050
f 2047/2047/2047 2050/2050/2050 2048/2048/2048
f 2048/2048/2048 2050/2050/2050 2051/2051/2051
f 2049/2049/2049 2052/2052/2052 2050/2050/2050
f 2050/2050/2050 2052/2052/2052 2053/2053/2053
f 2050/2050/2050 2053/2053/2053 2051/2051/2051
f 2051/2051/2051 2053/2053/2053 2054/2054/2054
f 2052/2052/2052 2055/2055/2055 2053/2053/2053
f 2053/2053/2053 2055/2055/2055 2056/2056/2056
f 2053/2053/2053 2056/2056/2056 2054/2054/2054
f 2054/2054/2054 2056/2056/2056 2057/2057/2057
f 2055/2055/2055 2058/2058/2058 2056/2056/2056
f 2056/2056/2056 2058/2058/2058 2059/2059/2059
f 2056/2056/2056 2059/2059/2059 2057/2057/2057
f 2057/2057/2057 2059/2059/2059 2060/2060/2060
f 2058/2058/2058 2061/2061/2061 2059/2059/2059
f 2059/2059/2059 2061/2061/2061 2062/2062/2062
f 2059/2059/2059 2062/2062/2062 2060/2060/2060
f 2060/2060/2060 2062/2062/2062 2063/2063/2063
f 2061/2061/2061 2064/2064/2064 2062/2062/2062
f 2062/2062/2062 2064/2064/2064 2065/2065/2065
f 2062/2062/2062 2065/2065/2065 2063/2063/2063
f 2063/2063/2063 2065/2065/2065 2066/2066/2066
f 2064/2064/2064 2067/2067/2067 2065/2065/2065
f 2065/2065/2065 2067/2067/2067 2068/2068/2068
f 2065/2065/2065 2068/2068/2068 2066/2066/2066
f 2066/2066/2066 2068/2068/2068 2069/2069/2069
f 2067/2067/2067 2070/2070/2070 2068/2068/2068
f 2068/2068/2068 2070/2070/2070 2071/2071/2071
f 2068/2068/2068 2071/2071/2071 2069/2069/2069
f 2069/2069/2069 2071/2071/2071 2072/2072/2072
f 2070/2070/2070 2073/2073/2073 2071/2071/2071
f 2071/2071/2071 2073/2073/2073 2074/2074/2074
f 2071/2071/2071 2074/2074/2074 2072/2072/2072
f 2072/2072/2072 2074/2074/2074 2075/2075/2075
f 2073/2073/2073 2076/2076/2076 2074/2074/2074
f 2074/2074/2074 2076/2076/2076 2077/2077/2077
f 2074/2074/2074 2077/2077/2077 2075/2075/2075
f 2075/2075/2075 2077/2077/2077 2078/2078/2078
f 2076/2076/2076 2079/2079/2079 2077/2077/2077
f 2077/2077/2077 2079/2079/2079 2080/2080/2080
f 2077/2077/2077 2080/2080/2080 2078/2078/2078
f 2078/2078/2078 2080/2080/2080 2081/2081/2081
f 2079/2079/2079 2082/2082/2082 2080/2080/2080
f 2080/2080/2080 2082/2082/2082 2083/2083/2083
f 2080/2080/2080 2083/2083/2083 2081/2081/2081
f 2081/2081/2081 2083/2083/2083 2084/2084/2084
f 2082/2082/2082 2085/2085/2085 2083/2083/2083
f 2083/2083/2083 2085/2085/2085 2086/2086/2086
f 2083/2083/2083 2086/2086/2086 2084/2084/2084
f 2084/2084/2084 2086/2086/2086 2087/2087/2087
f 2085/2085/2085 2088/2088/2088 2086/2086/2086
f 2086/2086/2086 2088/2088/2088 2089/2089/2089
f 2086/2086/2086 2089/2089/2089 2087/2087/2087
f 2087/2087/2087 2089/2089/2089 2090/2090/2090
f 2088/2088/2088 2091/2091/2091 2089/2089/2089
f 2089/2089/2089 2091/2091/2091 2092/2092/2092
f 2089/2089/2089 2092/2092/2092 2090/2090/2090
f 2090/2090/2090 2092/2092/2092 2093/2093/2093
f 2091/2091/2091 2094/2094/2094 2092/2092/2092
f 2092/2092/2092 2094/2094/2094 2095/2095/2095
f 2092/2092/2092 2095/2095/2095 2093/2093/2093
f 2093/2093/2093 2095/2095/2095 2096/2096/2096
f 2094/2094/2094 2097/2097/2097 2095/2095/2095
f 2095/2095/2095 2097/2097/2097 2098/2098/2098
f 2095/2095/2095 2098/2098/2098 2096/2096/2096
f 2096/2096/2096 2098/2098/2098 2099/2099/2099
f 2097/2097/2097 2100/2100/2100 2098/2098/2098
f 2098/2098/2098 2100/2100/2100 2101/2101/2101
f 2098/2098/2098 2101/2101/2101 2099/2099/2099
f 2099/2099/2099 2101/2101/2101 2102/2102/2102
f 2100/2100/2100 2103/2103/2103 2101/2101/2101
f 2101/2101/2101 2103/2103/2103 2104/2104/2104
f 2101/2101/2101 2104/2104/2104 2102/2102/2102
f 2102/2102/2102 2104/2104/2104 2105/2105/2105
f 2103/2103/2103 2106/2106/2106 2104/2104/2104
f 2104/2104/2104 2106/2106/2106 2107/2107/2107
f 2104/2104/2104 2107/2107/2107 2105/2105/2105
f 2105/2105/2105 2107/2107/2107 2108/2108/2108
f 2106/2106/2106 2109/2109/2109 2107/2107/2107
f 2107/2107/2107 2109/2109/2109 2110/2110/2110
f 2107/2107/2107 2110/2110/2110 2108/2108/2108
f 2108/2108/2108 2110/2110/2110 2111/2111/2111
f 2109/2109/2109 2112/2112/2112 2110/2110/2110
f 2110/2110/2110 2112/2112/2112 2113/2113/2113
f 2110/2110/2110 2113/2113/2113 2111/2111/2111
f 2111/2111/2111 2113/2113/2113 2114/2114/2114
f 2112/2112/2112 2115/2115/2115 2113/2113/2113
f 2113/2113/2113 2115/2115/2115 2116/2116/2116
f 2113/2113/2113 2116/2116/2116 2114/2114/2114
f 2114/2114/2114 2116/2116/2116 2117/2117/2117
f 2115/2115/2115 2118/2118/2118 2116/2116/2116
f 2116/2116/2116 2118/2118/2118 2119/2119/2119
f 2116/2116/2116 2119/2119/2119 2117/2117/2117
f 2117/2117/2117 2119/2119/2119 2120/2120/2120
f 2118/2118/2118 2121/2121/2121 2119/2119/2119
f 2119/2119/2119 2121/2121/2121 2122/2122/2122
f 2119/2119/2119 2122/2122/2122 2120/2120/2120
f 2120/2120/2120 2122/2122/2122 2123/2123/2123
f 2121/2121/2121 2124/2124/2124 2122/2122/2122
f 2122/2122/2122 2124/2124/2124 2125/2125/2125
f 2122/2122/2122 2125/2125/2125 2123/2123/2123
f 2123/2123/2123 2125/2125/2125 2126/2126/2126
f 2124/2124/2124 2127/2127/2127 2125/2125/2125
f 2125/2125/2125 2127/2127/2127 2128/2128/2128
f 2125/2125/2125 2128/2128/2128 2126/2126/2126
f 2126/2126/2126 2128/2128/2128 2129/2129/2129
f 2127/2127/2127 2130/2130/2130 2128/2128/2128
f 2128/2128/2128 2130/2130/2130 2131/2131/2131
f 2128/2128/2128 2131/2131/2131 2129/2129/2129
f 2129/2129/2129 2131/2131/2131 2132/2132/2132
f 2130/2130/2130 2133/2133/2133 2131/2131/2131
f 2131/2131/2131 2133/2133/2133 2134/2134/2134
f 2131/2131/2131 2134/2134/2134 2132/2132/2132
f 2132/2132/2132 2134/2134/2134 2135/2135/2135
f 2133/2133/2133 2136/2136/2136 2134/2134/2134
f 2134/2134/2134 2136/2136/2136 2137/2137/2137
f 2134/2134/2134 2137/2137/2137 2135/2135/2135
f 2135/2135/2135 2137/2137/2137 2138/2138/2138
f 2136/2136/2136 2139/2139/2139 2137/2137/2137
f 2137/2137/2137 2139/2139/2139 2140/2140/2140
f 2137/2137/2137 2140/2140/2140 2138/2138/2138
f 2138/2138/2138 2140/2140/2140 2141/2141/2141
f 2139/2139/2139 2142/2142/2142 2140/2140/2140
f 2140/2140/2140 2142/2142/2142 2143/2143/2143
f 2140/2140/2140 2143/2143/2143 2141/2141/2141
f 2141/2141/2141 2143/2143/2143 2144/2144/2144
f 2142/2142/2142 2145/2145/2145 2143/2143/2143
f 2143/2143/2143 2145/2145/2145 2146/2146/2146
f 2143/2143/2143 2146/2146/2146 2144/2144/2144
f 2144/2144/2144 2146/2146/2146 2147/2147/2147
f 2145/2145/2145 2148/2148/2148 2146/2146/2146
f 2146/2146/2146 2148/2148/2148 2149/2149/2149
f 2146/2146/2146 2149/2149/2149 2147/2147/2147
f 2147/2147/2147 2149/2149/2149 2150/2150/2150
f 2148/2148/2148 2151/2151/2151 2149/2149/2149
f 2149/2149/2149 2151/2151/2151 2152/2152/2152
f 2149/2149/2149 2152/2152/2152 2150/2150/2150
f 2150/2150/2150 2152/2152/2152 2153/2153/2153
f 2151/2151/2151 2154/2154/2154 2152/2152/2152
f 2152/2152/2152 2154/2154/2154 2155/2155/2155
f 2152/2152/2152 2155/2155/2155 2153/2153/2153
f 2153/2153/2153 2155/2155/2155 2156/2156/2156
f 2154/2154/2154 2157/2157/2157 2155/2155/2155
f 2155/2155/2155 2157/2157/2157 2158/2158/2158
f 2155/2155/2155 2158/2158/2158 2156/2156/2156
f 2156/2156/2156 2158/2158/2158 2159/2159/2159
f 2157/2157/2157 2160/2160/2160 2158/2158/2158
f 2158/2158/2158 2160/2160/2160 2161/2161/2161
f 2158/2158/2158 2161/2161/2161 2159/2159/2159
f 2159/2159/2159 2161/2161/2161 2162/2162/2162
f 2160/2160/2160 2163/2163/2163 2161/2161/2161
f 2161/2161/2161 2163/2163/2163 2164/2164/2164
f 2161/2161/2161 2164/2164/2164 2162/2162/2162
f 2162/2162/2162 2164/2164/2164 2165/2165/2165
f 2163/2163/2163 2166/2166/2166 2164/2164/2164
f 2164/2164/2164 2166/2166/2166 2167/2167/2167
f 2164/2164/2164 2167/2167/2167 2165/2165/2165
f 2165/2165/2165 2167/2167/2167 2168/2168/2168
f 2166/2166/2166 2169/2169/2169 2167/2167/2167
f 2167/2167/2167 2169/2169/2169 2170/2170/2170
f 2167/2167/2167 2170/2170/2170 2168/2168/2168
f 2168/2168/2168 2170/2170/2170 2171/2171/2171
f 2169/2169/2169 2172/2172/2172 2170/2170/2170
f 2170/2170/2170 2172/2172/2172 2173/2173/2173
f 2170/2170/2170 2173/2173/2173 2171/2171/2171
f 2171/2171/2171 2173/2173/2173 2174/2174/2174
f 2172/2172/2172 2175/2175/2175 2173/2173/2173
f 2173/2173/2173 2175/2175/2175 2176/2176/2176
f 2173/2173/2173 2176/2176/2176 2174/2174/2174
f 2174/2174/2174 2176/2176/2176 2177/2177/2177
f 2175/2175/2175 2178/2178/2178 2176/2176/2176
f 2176/2176/2176 2178/2178/2178 2179/2179/2179
f 2176/2176/2176 2179/2179/2179 2177/2177/2177
f 2177/2177/2177 2179/2179/2179 2180/2180/2180
f 2178/2178/2178 2181/2181/2181 2179/2179/2179
f 2179/2179/2179 2181/2181/2181 2182/2182/2182
f 2179/2179/2179 2182/2182/2182 2180/2180/2180
f 2180/2180/2180 2182/2182/2182 2183/2183/2183
f 2181/2181/2181 2184/2184/2184 2182/2182/2182
f 2182/2182/2182 2184/2184/2184 2185/2185/2185
f 2182/2182/2182 2185/2185/2185 2183/2183/2183
f 2183/2183/2183 2185/2185/2185 2186/2186/2186
f 2184/2184/2184 2187/2187/2187 2185/2185/2185
f 2185/2185/2185 2187/2187/2187 2188/2188/2188
f 2185/2185/2185 2188/2188/2188 2186/2186/2186
f 2186/2186/2186 2188/2188/2188 2189/2189/2189
f 2187/2187/2187 2190/2190/2190 2188/2188/2188
f 2188/2188/2188 2190/2190/2190 2191/2191/2191
f 2188/2188/2188 2191/2191/2191 2189/2189/2189
f 2189/2189/2189 2191/2191/2191 2192/2192/2192
f 2190/2190/2190 2193/2193/2193 2191/2191/2191
f 2191/2191/2191 2193/2193/2193 2194/2194/2194
f 2191/2191/2191 2194/2194/2194 2192/2192/2192
f 2192/2192/2192 2194/2194/2194 2195/2195/2195
f 2193/2193/2193 2196/2196/2196 2194/2194/2194
f 2194/2194/2194 2196/2196/2196 2197/2197/2197
f 2194/2194/2194 2197/2197/2197 2195/2195/2195
f 2195/2195/2195 2197/2197/2197 2198/2198/2198
f 2196/2196/2196 2199/2199/2199 2197/2197/2197
f 2197/2197/2197 2199/2199/2199 2200/2200/2200
f 2197/2197/2197 2200/2200/2200 2198/2198/2198
f 2198/2198/2198 2200/2200/2200 2201/2201/2201
f 2199/2199/2199 2202/2202/2202 2200/2200/2200
f 2200/2200/2200 2202/2202/2202 2203/2203/2203
f 2200/2200/2200 2203/2203/2203 2201/2201/2201
f 2201/2201/2201 2203/2203/2203 2204/2204/2204
f 2202/2202/2202 2205/2205/2205 2203/2203/2203
f 2203/2203/2203 2205/2205/2205 2206/2206/2206
f 2203/2203/2203 2206/2206/2206 2204/2204/2204
f 2204/2204/2204 2206/2206/2206 2207/2207/2207
f 2205/2205/2205 2208/2208/2208 2206/2206/2206
f 2206/2206/2206 2208/2208/2208 2209/2209/2209
f 2206/2206/2206 2209/2209/2209 2207/2207/2207
f 2207/2207/2207 2209/2209/2209 2210/2210/2210
f 2208/2208/2208 2211/2211/2211 2209/2209/2209
f 2209/2209/2209 2211/2211/2211 2212/2212/2212
f 2209/2209/2209 2212/2212/2212 2210/2210/2210
f 2210/2210/2210 2212/2212/2212 2213/2213/2213
f 2211/2211/2211 2214/2214/2214 2212/2212/2212
f 2212/2212/2212 2214/2214/2214 2215/2215/2215
f 2212/2212/2212 2215/2215/2215 2213/2213/2213
f 2213/2213/2213 2215/2215/2215 2216/2216/2216
f 2214/2214/2214 2217/2217/2217 2215/2215/2215
f 2215/2215/2215 2217/2217/2217 2218/2218/2218
f 2215/2215/2215 2218/2218/2218 2216/2216/2216
f 2216/2216/2216 2218/2218/2218 2219/2219/2219
f 2217/2217/2217 2220/2220/2220 2218/2218/2218
f 2218/2218/2218 2220/2220/2220 2221/2221/2221
f 2218/2218/2218 2221/2221/2221 2219/2219/2219
f 2219/2219/2219 2221/2221/2221 2222/2222/2222
f 2220/2220/2220 2223/2223/2223 2221/2221/2221
f 2221/2221/2221 2223/2223/2223 2224/2224/2224
f 2221/2221/2221 2224/2224/2224 2222/2222/2222
f 2222/2222/2222 2224/2224/2224 2225/2225/2225
f 2223/2223/2223 2226/2226/2226 2224/2224/2224
f 2224/2224/2224 2226/2226/2226 2227/2227/2227
f 2224/2224/2224 2227/2227/2227 2225/2225/2225
f 2225/2225/2225 2227/2227/2227 2228/2228/2228
f 2226/2226/2226 2229/2229/2229 2227/2227/2227
f 2227/2227/2227 2229/2229/2229 2230/2230/2230
f 2227/2227/2227 2230/2230/2230 2228/2228/2228
f 2228/2228/2228 2230/2230/2230 2231/2231/2231
f 2229/2229/2229 2232/2232/2232 2230/2230/2230
f 2230/2230/2230 2232/2232/2232 2233/2233/2233
f 2230/2230/2230 2233/2233/2233 2231/2231/2231
f 2231/2231/2231 2233/2233/2233 2234/2234/2234
f 2232/2232/2232 2235/2235/2235 2233/2233/2233
f 2233/2233/2233 2235/2235/2235 2236/2236/2236
f 2233/2233/2233 2236/2236/2236 2234/2234/2234
f 2234/2234/2234 2236/2236/2236 2237/2237/2237
f 2238/2238/2238 2241/2241/2241 2239/2239/2239
f 2239/2239/2239 2241/2241/2241 2242/2242/2242
f 2239/2239/2239 2242/2242/2242 2240/2240/2240
f 2240/2240/2240 2242/2242/2242 2243/2243/2243
f 2241/2241/2241 2244/2244/2244 2242/2242/2242
f 2242/2242/2242 2244/2244/2244 2245/2245/2245
f 2242/2242/2242 2245/2245/2245 2243/2243/2243
f 2243/2243/2243 2245/2245/2245 2246/2246/2246
f 2244/2244/2244 2247/2247/2247 2245/2245/2245
f 2245/2245/2245 2247/2247/2247 2248/2248/2248
f 2245/2245/2245 2248/2248/2248 2246/2246/2246
f 2246/2246/2246 2248/2248/2248 2249/2249/2249
f 2247/2247/2247 2250/2250/2250 2248/2248/2248
f 2248/2248/2248 2250/2250/2250 2251/2251/2251
f 2248/2248/2248 2251/2251/2251 2249/2249/2249
f 2249/2249/2249 2251/2251/2251 2252/2252/2252
f 2250/2250/2250 2253/2253/2253 2251/2251/2251
f 2251/2251/2251 2253/2253/2253 2254/2254/2254
f 2251/2251/2251 2254/2254/2254 2252/2252/2252
f 2252/2252/2252 2254/2254/2254 2255/2255/2255
f 2253/2253/2253 2256/2256/2256 2254/2254/2254
f 2254/2254/2254 2256/2256/2256 2257/2257/2257
f 2254/2254/2254 2257/2257/2257 2255/2255/2255
f 2255/2255/2255 2257/2257/2257 2258/2258/2258
f 2256/2256/2256 2259/2259/2259 2257/2257/2257
f 2257/2257/2257 2259/2259/2259 2260/2260/2260
f 2257/2257/2257 2260/2260/2260 2258/2258/2258
f 2258/2258/2258 2260/2260/2260 2261/2261/2261
f 2259/2259/2259 2262/2262/2262 2260/2260/2260
f 2260/2260/2260 2262/2262/2262 2263/2263/2263
f 2260/2260/2260 2263/2263/2263 2261/2261/2261
f 2261/2261/2261 2263/2263/2263 2264/2264/2264
f 2262/2262/2262 2265/2265/2265 2263/2263/2263
f 2263/2263/2263 2265/2265/2265 2266/2266/2266
f 2263/2263/2263 2266/2266/2266 2264/2264/2264
f 2264/2264/2264 2266/2266/2266 2267/2267/2267
f 2265/2265/2265 2268/2268/2268 2266/2266/2266
f 2266/2266/2266 2268/2268/2268 2269/2269/2269
f 2266/2266/2266 2269/2269/2269 2267/2267/2267
f 2267/2267/2267 2269/2269/2269 2270/2270/2270
f 2268/2268/2268 2271/2271/2271 2269/2269/2269
f 2269/2269/2269 2271/2271/2271 2272/2272/2272
f 2269/2269/2269 2272/2272/2272 2270/2270/2270
f 2270/2270/2270 2272/2272/2272 2273/2273/2273
f 2271/2271/2271 2274/2274/2274 2272/2272/2272
f 2272/2272/2272 2274/2274/2274 2275/2275/2275
f 2272/2272/2272 2275/2275/2275 2273/2273/2273
f 2273/2273/2273 2275/2275/2275 2276/2276/2276
f 2274/2274/2274 2277/2277/2277 2275/2275/2275
f 2275/2275/2275 2277/2277/2277 2278/2278/2278
f 2275/2275/2275 2278/2278/2278 2276/2276/2276
f 2276/2276/2276 2278/2278/2278 2279/2279/2279
f 2277/2277/2277 2280/2280/2280 2278/2278/2278
f 2278/2278/2278 2280/2280/2280 2281/2281/2281
f 2278/2278/2278 2281/2281/2281 2279/2279/2279
f 2279/2279/2279 2281/2281/2281 2282/2282/2282
f 2280/2280/2280 2283/2283/2283 2281/2281/2281
f 2281/2281/2281 2283/2283/2283 2284/2284/2284
f 2281/2281/2281 2284/2284/2284 2282/2282/2282
f 2282/2282/2282 2284/2284/2284 2285/2285/2285
f 2283/2283/2283 2286/2286/2286 2284/2284/2284
f 2284/2284/2284 2286/2286/2286 2287/2287/2287
f 2284/2284/2284 2287/2287/2287 2285/2285/2285
f 2285/2285/2285 2287/2287/2287 2288/2288/2288
f 2286/2286/2286 2289/2289/2289 2287/2287/2287
f 2287/2287/2287 2289/2289/2289 2290/2290/2290
f 2287/2287/2287 2290/2290/2290 2288/2288/2288
f 2288/2288/2288 2290/2290/2290 2291/2291/2291
f 2289/2289/2289 2292/2292/2292 2290/2290/2290
f 2290/2290/2290 2292/2292/2292 2293/2293/2293
f 2290/2290/2290 2293/2293/2293 2291/2291/2291
f 2291/2291/2291 2293/2293/2293 2294/2294/2294
f 2292/2292/2292 2295/2295/2295 2293/2293/2293
f 2293/2293/2293 2295/2295/2295 2296/2296/2296
f 2293/2293/2293 2296/2296/2296 2294/2294/2294
f 2294/2294/2294 2296/2296/2296 2297/2297/2297
f 2295/2295/2295 2298/2298/2298 2296/2296/2296
f 2296/2296/2296 2298/2298/2298 2299/2299/2299
f 2296/2296/2296 2299/2299/2299 2297/2297/2297
f 2297/2297/2297 2299/2299/2299 2300/2300/2300
f 2298/2298/2298 2301/2301/2301 2299/2299/2299
f 2299/2299/2299 2301/2301/2301 2302/2302/2302
f 2299/2299/2299 2302/2302/2302 2300/2300/2300
f 2300/2300/2300 2302/2302/2302 2303/2303/2303
f 2301/2301/2301 2304/2304/2304 2302/2302/2302
f 2302/2302/2302 2304/2304/2304 2305/2305/2305
f 2302/2302/2302 2305/2305/2305 2303/2303/2303
f 2303/2303/2303 2305/2305/2305 2306/2306/2306
f 2304/2304/2304 2307/2307/2307 2305/2305/2305
f 2305/2305/2305 2307/2307/2307 2308/2308/2308
f 2305/2305/2305 2308/2308/2308 2306/2306/2306
f 2306/2306/2306 2308/2308/2308 2309/2309/2309
f 2307/2307/2307 2310/2310/2310 2308/2308/2308
f 2308/2308/2308 2310/2310/2310 2311/2311/2311
f 2308/2308/2308 2311/2311/2311 2309/2309/2309
f 2309/2309/2309 2311/2311/2311 2312/2312/2312
f 2310/2310/2310 2313/2313/2313 2311/2311/2311
f 2311/2311/2311 2313/2313/2313 2314/2314/2314
f 2311/2311/2311 2314/2314/2314 2312/2312/2312
f 2312/2312/2312 2314/2314/2314 2315/2315/2315
f 2313/2313/2313 2316/2316/2316 2314/2314/2314
f 2314/2314/2314 2316/2316/2316 2317/2317/2317
f 2314/2314/2314 2317/2317/2317 2315/2315/2315
f 2315/2315/2315 2317/2317/2317 2318/2318/2318
f 2316/2316/2316 2319/2319/2319 2317/2317/2317
f 2317/2317/2317 2319/2319/2319 2320/2320/2320
f 2317/2317/2317 2320/2320/2320 2318/2318/2318
f 2318/2318/2318 2320/2320/2320 2321/2321/2321
f 2319/2319/2319 2322/2322/2322 2320/2320/2320
f 2320/2320/2320 2322/2322/2322 2323/2323/2323
f 2320/2320/2320 2323/2323/2323 2321/2321/2321
f 2321/2321/2321 2323/2323/2323 2324/2324/2324
f 2322/2322/2322 2325/2325/2325 2323/2323/2323
f 2323/2323/2323 2325/2325/2325 2326/2326/2326
f 2323/2323/2323 2326/2326/2326 2324/2324/2324
f 2324/2324/2324 2326/2326/2326 2327/2327/2327
f 2325/2325/2325 2328/2328/2328 2326/2326/2326
f 2326/2326/2326 2328/2328/2328 2329/2329/2329
f 2326/2326/2326 2329/2329/2329 2327/2327/2327
f 2327/2327/2327 2329/2329/2329 2330/2330/2330
f 2328/2328/2328 2331/2331/2331 2329/2329/2329
f 2329/2329/2329 2331/2331/2331 2332/2332/2332
f 2329/2329/2329 2332/2332/2332 2330/2330/2330
f 2330/2330/2330 2332/2332/2332 2333/2333/2333
f 2331/2331/2331 2334/2334/2334 2332/2332/2332
f 2332/2332/2332 2334/2334/2334 2335/2335/2335
f 2332/2332/2332 2335/2335/2335 2333/2333/2333
f 2333/2333/2333 2335/2335/2335 2336/2336/2336
f 2334/2334/2334 2337/2337/2337 2335/2335/2335
f 2335/2335/2335 2337/2337/2337 2338/2338/2338
f 2335/2335/2335 2338/2338/2338 2336/2336/2336
f 2336/2336/2336 2338/2338/2338 2339/2339/2339
f 2337/2337/2337 2340/2340/2340 2338/2338/2338
f 2338/2338/2338 2340/2340/2340 2341/2341/2341
f 2338/2338/2338 2341/2341/2341 2339/2339/2339
f 2339/2339/2339 2341/2341/2341 2342/2342/2342
f 2340/2340/2340 2343/2343/2343 2341/2341/2341
f 2341/2341/2341 2343/2343/2343 2344/2344/2344
f 2341/2341/2341 2344/2344/2344 2342/2342/2342
f 2342/2342/2342 2344/2344/2344 2345/2345/2345
f 2343/2343/2343 2346/2346/2346 2344/2344/2344
f 2344/2344/2344 2346/2346/2346 2347/2347/2347
f 2344/2344/2344 2347/2347/2347 2345/2345/2345
f 2345/2345/2345 2347/2347/2347 2348/2348/2348
f 2346/2346/2346 2349/2349/2349 2347/2347/2347
f 2347/2347/2347 2349/2349/2349 2350/2350/2350
f 2347/2347/2347 2350/2350/2350 2348/2348/2348
f 2348/2348/2348 2350/2350/2350 2351/2351/2351
f 2349/2349/2349 2352/2352/2352 2350/2350/2350
f 2350/2350/2350 2352/2352/2352 2353/2353/2353
f 2350/2350/2350 2353/2353/2353 2351/2351/2351
f 2351/2351/2351 2353/2353/2353 2354/2354/2354
f 2352/2352/2352 2355/2355/2355 2353/2353/2353
f 2353/2353/2353 2355/2355/2355 2356/2356/2356
f 2353/2353/2353 2356/2356/2356 2354/2354/2354
f 2354/2354/2354 2356/2356/2356 2357/2357/2357
f 2355/2355/2355 2358/2358/2358 2356/2356/2356
f 2356/2356/2356 2358/2358/2358 2359/2359/2359
f 2356/2356/2356 2359/2359/2359 2357/2357/2357
f 2357/2357/2357 2359/2359/2359 2360/2360/2360
f 2358/2358/2358 2361/2361/2361 2359/2359/2359
f 2359/2359/2359 2361/2361/2361 2362/2362/2362
f 2359/2359/2359 2362/2362/2362 2360/2360/2360
f 2360/2360/2360 2362/2362/2362 2363/2363/2363
f 2361/2361/2361 2364/2364/2364 2362/2362/2362
f 2362/2362/2362 2364/2364/2364 2365/2365/2365
f 2362/2362/2362 2365/2365/2365 2363/2363/2363
f 2363/2363/2363 2365/2365/2365 2366/2366/2366
f 2364/2364/2364 2367/2367/2367 2365/2365/2365
f 2365/2365/2365 2367/2367/2367 2368/2368/2368
f 2365/2365/2365 2368/2368/2368 2366/2366/2366
f 2366/2366/2366 2368/2368/2368 2369/2369/2369
f 2367/2367/2367 2370/2370/2370 2368/2368/2368
f 2368/2368/2368 2370/2370/2370 2371/2371/2371
f 2368/2368/2368 2371/2371/2371 2369/2369/2369
f 2369/2369/2369 2371/2371/2371 2372/2372/2372
f 2370/2370/2370 2373/2373/2373 2371/2371/2371
f 2371/2371/2371 2373/2373/2373 2374/2374/2374
f 2371/2371/2371 2374/2374/2374 2372/2372/2372
f 2372/2372/2372 2374/2374/2374 2375/2375/2375
f 2373/2373/2373 2376/2376/2376 2374/2374/2374
f 2374/2374/2374 2376/2376/2376 2377/2377/2377
f 2374/2374/2374 2377/2377/2377 2375/2375/2375
f 2375/2375/2375 2377/2377/2377 2378/2378/2378
f 2376/2376/2376 2379/2379/2379 2377/2377/2377
f 2377/2377/2377 2379/2379/2379 2380/2380/2380
f 2377/2377/2377 2380/2380/2380 2378/2378/2378
f 2378/2378/2378 2380/2380/2380 2381/2381/2381
f 2379/2379/2379 2382/2382/2382 2380/2380/2380
f 2380/2380/2380 2382/2382/2382 2383/2383/2383
f 2380/2380/2380 2383/2383/2383 2381/2381/2381
f 2381/2381/2381 2383/2383/2383 2384/2384/2384
f 2382/2382/2382 2385/2385/2385 2383/2383/2383
f 2383/2383/2383 2385/2385/2385 2386/2386/2386
f 2383/2383/2383 2386/2386/2386 2384/2384/2384
f 2384/2384/2384 2386/2386/2386 2387/2387/2387
f 2385/2385/2385 2388/2388/2388 2386/2386/2386
f 2386/2386/2386 2388/2388/2388 2389/2389/2389
f 2386/2386/2386 2389/2389/2389 2387/2387/2387
f 2387/2387/2387 2389/2389/2389 2390/2390/2390
f 2388/2388/2388 2391/2391/2391 2389/2389/2389
f 2389/2389/2389 2391/2391/2391 2392/2392/2392
f 2389/2389/2389 2392/2392/2392 2390/2390/2390
f 2390/2390/2390 2392/2392/2392 2393/2393/2393
f 2391/2391/2391 2394/2394/2394 2392/2392/2392
f 2392/2392/2392 2394/2394/2394 2395/2395/2395
f 2392/2392/2392 2395/2395/2395 2393/2393/2393
f 2393/2393/2393 2395/2395/2395 2396/2396/2396
f 2394/2394/2394 2397/2397/2397 2395/2395/2395
f 2395/2395/2395 2397/2397/2397 2398/2398/2398
f 2395/2395/2395 2398/2398/2398 2396/2396/2396
f 2396/2396/2396 2398/2398/2398 2399/2399/2399
f 2397/2397/2397 2400/2400/2400 2398/2398/2398
f 2398/2398/2398 2400/2400/2400 2401/2401/2401
f 2398/2398/2398 2401/2401/2401 2399/2399/2399
f 2399/2399/2399 2401/2401/2401 2402/2402/2402
f 2400/2400/2400 2403/2403/2403 2401/2401/2401
f 2401/2401/2401 2403/2403/2403 2404/2404/2404
f 2401/2401/2401 2404/2404/2404 2402/2402/2402
f 2402/2402/2402 2404/2404/2404 2405/2405/2405
f 2403/2403/2403 2406/2406/2406 2404/2404/2404
f 2404/2404/2404 2406/2406/2406 2407/2407/2407
f 2404/2404/2404 2407/2407/2407 2405/2405/2405
f 2405/2405/2405 2407/2407/2407 2408/2408/2408
f 2406/2406/2406 2409/2409/2409 2407/2407/2407
f 2407/2407/2407 2409/2409/2409 2410/2410/2410
f 2407/2407/2407 2410/2410/2410 2408/2408/2408
f 2408/2408/2408 2410/2410/2410 2411/2411/2411
f 2409/2409/2409 2412/2412/2412 2410/2410/2410
f 2410/2410/2410 2412/2412/2412 2413/2413/2413
f 2410/2410/2410 2413/2413/2413 2411/2411/2411
f 2411/2411/2411 2413/2413/2413 2414/2414/2414
f 2412/2412/2412 2415/2415/2415 2413/2413/2413
f 2413/2413/2413 2415/2415/2415 2416/2416/2416
f 2413/2413/2413 2416/2416/2416 2414/2414/2414
f 2414/2414/2414 2416/2416/2416 2417/2417/2417
f 2415/2415/2415 2418/2418/2418 2416/2416/2416
f 2416/2416/2416 2418/2418/2418 2419/2419/2419
f 2416/2416/2416 2419/2419/2419 2417/2417/2417
f 2417/2417/2417 2419/2419/2419 2420/2420/2420
f 2418/2418/2418 2421/2421/2421 2419/2419/2419
f 2419/2419/2419 2421/2421/2421 2422/2422/2422
f 2419/2419/2419 2422/2422/2422 2420/2420/2420
f 2420/2420/2420 2422/2422/2422 2423/2423/2423
f 2421/2421/2421 2424/2424/2424 2422/2422/2422
f 2422/2422/2422 2424/2424/2424 2425/2425/2425
f 2422/2422/2422 2425/2425/2425 2423/2423/2423
f 2423/2423/2423 2425/2425/2425 2426/2426/2426
f 2424/2424/2424 2427/2427/2427 2425/2425/2425
f 2425/2425/2425 2427/2427/2427 2428/2428/2428
f 2425/2425/2425 2428/2428/2428 2426/2426/2426
f 2426/2426/2426 2428/2428/2428 2429/2429/2429
f 2427/2427/2427 2430/2430/2430 2428/2428/2428
f 2428/2428/2428 2430/2430/2430 2431/2431/2431
f 2428/2428/2428 2431/2431/2431 2429/2429/2429
f 2429/2429/2429 2431/2431/2431 2432/2432/2432
f 2433/2433/2433 2436/2436/2436 2434/2434/2434
f 2434/2434/2434 2436/2436/2436 2437/2437/2437
f 2434/2434/2434 2437/2437/2437 2435/2435/2435
f 2435/2435/2435 2437/2437/2437 2438/2438/2438
f 2436/2436/2436 2439/2439/2439 2437/2437/2437
f 2437/2437/2437 2439/2439/2439 2440/2440/2440
f 2437/2437/2437 2440/2440/2440 2438/2438/2438
f 2438/2438/2438 2440/2440/2440 2441/2441/2441
f 2439/2439/2439 2442/2442/2442 2440/2440/2440
f 2440/2440/2440 2442/2442/2442 2443/2443/2443
f 2440/2440/2440 2443/2443/2443 2441/2441/2441
f 2441/2441/2441 2443/2443/2443 2444/2444/2444
f 2442/2442/2442 2445/2445/2445 2443/2443/2443
f 2443/2443/2443 2445/2445/2445 2446/2446/2446
f 2443/2443/2443 2446/2446/2446 2444/2444/2444
f 2444/2444/2444 2446/2446/2446 2447/2447/2447
f 2445/2445/2445 2448/2448/2448 2446/2446/2446
f 2446/2446/2446 2448/2448/2448 2449/2449/2449
f 2446/2446/2446 2449/2449/2449 2447/2447/2447
f 2447/2447/2447 2449/2449/2449 2450/2450/2450
f 2448/2448/2448 2451/2451/2451 2449/2449/2449
f 2449/2449/2449 2451/2451/2451 2452/2452/2452
f 2449/2449/2449 2452/2452/2452 2450/2450/2450
f 2450/2450/2450 2452/2452/2452 2453/2453/2453
f 2451/2451/2451 2454/2454/2454 2452/2452/2452
f 2452/2452/2452 2454/2454/2454 2455/2455/2455
f 2452/2452/2452 2455/2455/2455 2453/2453/2453
f 2453/2453/2453 2455/2455/2455 2456/2456/2456
f 2454/2454/2454 2457/2457/2457 2455/2455/2455
f 2455/2455/2455 2457/2457/2457 2458/2458/2458
f 2455/2455/2455 2458/2458/2458 2456/2456/2456
f 2456/2456/2456 2458/2458/2458 2459/2459/2459
f 2457/2457/2457 2460/2460/2460 2458/2458/2458
f 2458/2458/2458 2460/2460/2460 2461/2461/2461
f 2458/2458/2458 2461/2461/2461 2459/2459/2459
f 2459/2459/2459 2461/2461/2461 2462/2462/2462
f 2460/2460/2460 2463/2463/2463 2461/2461/2461
f 2461/2461/2461 2463/2463/2463 2464/2464/2464
f 2461/2461/2461 2464/2464/2464 2462/2462/2462
f 2462/2462/2462 2464/2464/2464 2465/2465/2465
f 2463/2463/2463 2466/2466/2466 2464/2464/2464
f 2464/2464/2464 2466/2466/2466 2467/2467/2467
f 2464/2464/2464 2467/2467/2467 2465/2465/2465
f 2465/2465/2465 2467/2467/2467 2468/2468/2468
f 2466/2466/2466 2469/2469/2469 2467/2467/2467
f 2467/2467/2467 2469/2469/2469 2470/2470/2470
f 2467/2467/2467 2470/2470/2470 2468/2468/2468
f 2468/2468/2468 2470/2470/2470 2471/2471/2471
f 2469/2469/2469 2472/2472/2472 2470/2470/2470
f 2470/2470/2470 2472/2472/2472 2473/2473/2473
f 2470/2470/2470 2473/2473/2473 2471/2471/2471
f 2471/2471/2471 2473/2473/2473 2474/2474/2474
f 2472/2472/2472 2475/2475/2475 2473/2473/2473
f 2473/2473/2473 2475/2475/2475 2476/2476/2476
f 2473/2473/2473 2476/2476/2476 2474/2474/2474
f 2474/2474/2474 2476/2476/2476 2477/2477/2477
f 2475/2475/2475 2478/2478/2478 2476/2476/2476
f 2476/2476/2476 2478/2478/2478 2479/2479/2479
f 2476/2476/2476 2479/2479/2479 2477/2477/2477
f 2477/2477/2477 2479/2479/2479 2480/2480/2480
f 2478/2478/2478 2481/2481/2481 2479/2479/2479
f 2479/2479/2479 2481/2481/2481 2482/2482/2482
f 2479/2479/2479 2482/2482/2482 2480/2480/2480
f 2480/2480/2480 2482/2482/2482 2483/2483/2483
f 2481/2481/2481 2484/2484/2484 2482/2482/2482
f 2482/2482/2482 2484/2484/2484 2485/2485/2485
f 2482/2482/2482 2485/2485/2485 2483/2483/2483
f 2483/2483/2483 2485/2485/2485 2486/2486/2486
f 2484/2484/2484 2487/2487/2487 2485/2485/2485
f 2485/2485/2485 2487/2487/2487 2488/2488/2488
f 2485/2485/2485 2488/2488/2488 2486/2486/2486
f 2486/2486/2486 2488/2488/2488 2489/2489/2489
f 2487/2487/2487 2490/2490/2490 2488/2488/2488
f 2488/2488/2488 2490/2490/2490 2491/2491/2491
f 2488/2488/2488 2491/2491/2491 2489/2489/2489
f 2489/2489/2489 2491/2491/2491 2492/2492/2492
f 2490/2490/2490 2493/2493/2493 2491/2491/2491
f 2491/2491/2491 2493/2493/2493 2494/2494/2494
f 2491/2491/2491 2494/2494/2494 2492/2492/2492
f 2492/2492/2492 2494/2494/2494 2495/2495/2495
f 2493/2493/2493 2496/2496/2496 2494/2494/2494
f 2494/2494/2494 2496/2496/2496 2497/2497/2497
f 2494/2494/2494 2497/2497/2497 2495/2495/2495
f 2495/2495/2495 2497/2497/2497 2498/2498/2498
f 2496/2496/2496 2499/2499/2499 2497/2497/2497
f 2497/2497/2497 2499/2499/2499 2500/2500/2500
f 2497/2497/2497 2500/2500/2500 2498/2498/2498
f 2498/2498/2498 2500/2500/2500 2501/2501/2501
f 2499/2499/2499 2502/2502/2502 2500/2500/2500
f 2500/2500/2500 2502/2502/2502 2503/2503/2503
f 2500/2500/2500 2503/2503/2503 2501/2501/2501
f 2501/2501/2501 2503/2503/2503 2504/2504/2504
f 2502/2502/2502 2505/2505/2505 2503/2503/2503
f 2503/2503/2503 2505/2505/2505 2506/2506/2506
f 2503/2503/2503 2506/2506/2506 2504/2504/2504
f 2504/2504/2504 2506/2506/2506 2507/2507/2507
f 2505/2505/2505 2508/2508/2508 2506/2506/2506
f 2506/2506/2506 2508/2508/2508 2509/2509/2509
f 2506/2506/2506 2509/2509/2509 2507/2507/2507
f 2507/2507/2507 2509/2509/2509 2510/2510/2510
f 2508/2508/2508 2511/2511/2511 2509/2509/2509
f 2509/2509/2509 2511/2511/2511 2512/2512/2512
f 2509/2509/2509 2512/2512/2512 2510/2510/2510
f 2510/2510/2510 2512/2512/2512 2513/2513/2513
f 2511/2511/2511 2514/2514/2514 2512/2512/2512
f 2512/2512/2512 2514/2514/2514 2515/2515/2515
f 2512/2512/2512 2515/2515/2515 2513/2513/2513
f 2513/2513/2513 2515/2515/2515 2516/2516/2516
f 2514/2514/2514 2517/2517/2517 2515/2515/2515
f 2515/2515/2515 2517/2517/2517 2518/2518/2518
f 2515/2515/2515 2518/2518/2518 2516/2516/2516
f 2516/2516/2516 2518/2518/2518 2519/2519/2519
f 2517/2517/2517 2520/2520/2520 2518/2518/2518
f 2518/2518/2518 2520/2520/2520 2521/2521/2521
f 2518/2518/2518 2521/2521/2521 2519/2519/2519
f 2519/2519/2519 2521/2521/2521 2522/2522/2522
f 2520/2520/2520 2523/2523/2523 2521/2521/2521
f 2521/2521/2521 2523/2523/2523 2524/2524/2524
f 2521/2521/2521 2524/2524/2524 2522/2522/2522
f 2522/2522/2522 2524/2524/2524 2525/2525/2525
f 2523/2523/2523 2526/2526/2526 2524/2524/2524
f 2524/2524/2524 2526/2526/2526 2527/2527/2527
f 2524/2524/2524 2527/2527/2527 2525/2525/2525
f 2525/2525/2525 2527/2527/2527 2528/2528/2528
f 2526/2526/2526 2529/2529/2529 2527/2527/2527
f 2527/2527/2527 2529/2529/2529 2530/2530/2530
f 2527/2527/2527 2530/2530/2530 2528/2528/2528
f 2528/2528/2528 2530/2530/2530 2531/2531/2531
f 2529/2529/2529 2532/2532/2532 2530/2530/2530
f 2530/2530/2530 2532/2532/2532 2533/2533/2533
f 2530/2530/2530 2533/2533/2533 2531/2531/2531
f 2531/2531/2531 2533/2533/2533 2534/2534/2534
f 2532/2532/2532 2535/2535/2535 2533/2533/2533
f 2533/2533/2533 2535/2535/2535 2536/2536/2536
f 2533/2533/2533 2536/2536/2536 2534/2534/2534
f 2534/2534/2534 2536/2536/2536 2537/2537/2537
f 2535/2535/2535 2538/2538/2538 2536/2536/2536
f 2536/2536/2536 2538/2538/2538 2539/2539/2539
f 2536/2536/2536 2539/2539/2539 2537/2537/2537
f 2537/2537/2537 2539/2539/2539 2540/2540/2540
f 2538/2538/2538 2541/2541/2541 2539/2539/2539
f 2539/2539/2539 2541/2541/2541 2542/2542/2542
f 2539/2539/2539 2542/2542/2542 2540/2540/2540
f 2540/2540/2540 2542/2542/2542 2543/2543/2543
f 2541/2541/2541 2544/2544/2544 2542/2542/2542
f 2542/2542/2542 2544/2544/2544 2545/2545/2545
f 2542/2542/2542 2545/2545/2545 2543/2543/2543
f 2543/2543/2543 2545/2545/2545 2546/2546/2546
f 2544/2544/2544 2547/2547/2547 2545/2545/2545
f 2545/2545/2545 2547/2547/2547 2548/2548/2548
f 2545/2545/2545 2548/2548/2548 2546/2546/2546
f 2546/2546/2546 2548/2548/2548 2549/2549/2549
f 2547/2547/2547 2550/2550/2550 2548/2548/2548
f 2548/2548/2548 2550/2550/2550 2551/2551/2551
f 2548/2548/2548 2551/2551/2551 2549/2549/2549
f 2549/2549/2549 2551/2551/2551 2552/2552/2552
f 2550/2550/2550 2553/2553/2553 2551/2551/2551
f 2551/2551/2551 2553/2553/2553 2554/2554/2554
f 2551/2551/2551 2554/2554/2554 2552/2552/2552
f 2552/2552/2552 2554/2554/2554 2555/2555/2555
f 2553/2553/2553 2556/2556/2556 2554/2554/2554
f 2554/2554/2554 2556/2556/2556 2557/2557/2557
f 2554/2554/2554 2557/2557/2557 2555/2555/2555
f 2555/2555/2555 2557/2557/2557 2558/2558/2558
f 2556/2556/2556 2559/2559/2559 2557/2557/2557
f 2557/2557/2557 2559/2559/2559 2560/2560/2560
f 2557/2557/2557 2560/2560/2560 2558/2558/2558
f 2558/2558/2558 2560/2560/2560 2561/2561/2561
f 2559/2559/2559 2562/2562/2562 2560/2560/2560
f 2560/2560/2560 2562/2562/2562 2563/2563/2563
f 2560/2560/2560 2563/2563/2563 2561/2561/2561
f 2561/2561/2561 2563/2563/2563 2564/2564/2564
f 2562/2562/2562 2565/2565/2565 2563/2563/2563
f 2563/2563/2563 2565/2565/2565 2566/2566/2566
f 2563/2563/2563 2566/2566/2566 2564/2564/2564
f 2564/2564/2564 2566/2566/2566 2567/2567/2567
f 2565/2565/2565 2568/2568/2568 2566/2566/2566
f 2566/2566/2566 2568/2568/2568 2569/2569/2569
f 2566/2566/2566 2569/2569/2569 2567/2567/2567
f 2567/2567/2567 2569/2569/2569 2570/2570/2570
f 2568/2568/2568 2571/2571/2571 2569/2569/2569
f 2569/2569/2569 2571/2571/2571 2572/2572/2572
f 2569/2569/2569 2572/2572/2572 2570/2570/2570
f 2570/2570/2570 2572/2572/2572 2573/2573/2573
f 2571/2571/2571 2574/2574/2574 2572/2572/2572
f 2572/2572/2572 2574/2574/2574 2575/2575/2575
f 2572/2572/2572 2575/2575/2575 2573/2573/2573
f 2573/2573/2573 2575/2575/2575 2576/2576/2576
f 2574/2574/2574 2577/2577/2577 2575/2575/2575
f 2575/2575/2575 2577/2577/2577 2578/2578/2578
f 2575/2575/2575 2578/2578/2578 2576/2576/2576
f 2576/2576/2576 2578/2578/2578 2579/2579/2579
f 2577/2577/2577 2580/2580/2580 2578/2578/2578
f 2578/2578/2578 2580/2580/2580 2581/2581/2581
f 2578/2578/2578 2581/2581/2581 2579/2579/2579
f 2579/2579/2579 2581/2581/2581 2582/2582/2582
f 2580/2580/2580 2583/2583/2583 2581/2581/2581
f 2581/2581/2581 2583/2583/2583 2584/2584/2584
f 2581/2581/2581 2584/2584/2584 2582/2582/2582
f 2582/2582/2582 2584/2584/2584 2585/2585/2585
f 2583/2583/2583 2586/2586/2586 2584/2584/2584
f 2584/2584/2584 2586/2586/2586 2587/2587/2587
f 2584/2584/2584 2587/2587/2587 2585/2585/2585
f 2585/2585/2585 2587/2587/2587 2588/2588/2588
f 2586/2586/2586 2589/2589/2589 2587/2587/2587
f 2587/2587/2587 2589/2589/2589 2590/2590/2590
f 2587/2587/2587 2590/2590/2590 2588/2588/2588
f 2588/2588/2588 2590/2590/2590 2591/2591/2591
f 2589/2589/2589 2592/2592/2592 2590/2590/2590
f 2590/2590/2590 2592/2592/2592 2593/2593/2593
f 2590/2590/2590 2593/2593/2593 2591/2591/2591
f 2591/2591/2591 2593/2593/2593 2594/2594/2594
f 2592/2592/2592 2595/2595/2595 2593/2593/2593
f 2593/2593/2593 2595/2595/2595 2596/2596/2596
f 2593/2593/2593 2596/2596/2596 2594/2594/2594
f 2594/2594/2594 2596/2596/2596 2597/2597/2597
f 2595/2595/2595 2598/2598/2598 2596/2596/2596
f 2596/2596/2596 2598/2598/2598 2599/2599/2599
f 2596/2596/2596 2599/2599/2599 2597/2597/2597
f 2597/2597/2597 2599/2599/2599 2600/2600/2600
f 2598/2598/2598 2601/2601/2601 2599/2599/2599
f 2599/2599/2599 2601/2601/2601 2602/2602/2602
f 2599/2599/2599 2602/2602/2602 2600/2600/2600
f 2600/2600/2600 2602/2602/2602 2603/2603/2603
f 2601/2601/2601 2604/2604/2604 2602/2602/2602
f 2602/2602/2602 2604/2604/2604 2605/2605/2605
f 2602/2602/2602 2605/2605/2605 2603/2603/2603
f 2603/2603/2603 2605/2605/2605 2606/2606/2606
f 2604/2604/2604 2607/2607/2607 2605/2605/2605
f 2605/2605/2605 2607/2607/2607 2608/2608/2608
f 2605/2605/2605 2608/2608/2608 2606/2606/2606
f 2606/2606/2606 2608/2608/2608 2609/2609/2609
f 2607/2607/2607 2610/2610/2610 2608/2608/2608
f 2608/2608/2608 2610/2610/2610 2611/2611/2611
f 2608/2608/2608 2611/2611/2611 2609/2609/2609
f 2609/2609/2609 2611/2611/2611 2612/2612/2612
f 2610/2610/2610 2613/2613/2613 2611/2611/2611
f 2611/2611/2611 2613/2613/2613 2614/2614/2614
f 2611/2611/2611 2614/2614/2614 2612/2612/2612
f 2612/2612/2612 2614/2614/2614 2615/2615/2615
f 2613/2613/2613 2616/2616/2616 2614/2614/2614
f 2614/2614/2614 2616/2616/2616 2617/2617/2617
f 2614/2614/2614 2617/2617/2617 2615/2615/2615
f 2615/2615/2615 2617/2617/2617 2618/2618/2618
f 2616/2616/2616 2619/2619/2619 2617/2617/2617
f 2617/2617/2617 2619/2619/2619 2620/2620/2620
f 2617/2617/2617 2620/2620/2620 2618/2618/2618
f 2618/2618/2618 2620/2620/2620 2621/2621/2621
f 2619/2619/2619 2622/2622/2622 2620/2620/2620
f 2620/2620/2620 2622/2622/2622 2623/2623/2623
f 2620/2620/2620 2623/2623/2623 2621/2621/2621
f 2621/2621/2621 2623/2623/2623 2624/2624/2624
f 2622/2622/2622 2625/2625/2625 2623/2623/2623
f 2623/2623/2623 2625/2625/2625 2626/2626/2626
f 2623/2623/2623 2626/2626/2626 2624/2624/2624
f 2624/2624/2624 2626/2626/2626 2627/2627/2627
f 2628/2628/2628 2631/2631/2631 2629/2629/2629
f 2629/2629/2629 2631/2631/2631 2632/2632/2632
f 2629/2629/2629 2632/2632/2632 2630/2630/2630
f 2630/2630/2630 2632/2632/2632 2633/2633/2633
f 2631/2631/2631 2634/2634/2634 2632/2632/2632
f 2632/2632/2632 2634/2634/2634 2635/2635/2635
f 2632/2632/2632 2635/2635/2635 2633/2633/2633
f 2633/2633/2633 2635/2635/2635 2636/2636/2636
f 2634/2634/2634 2637/2637/2637 2635/2635/2635
f 2635/2635/2635 2637/2637/2637 2638/2638/2638
f 2635/2635/2635 2638/2638/2638 2636/2636/2636
f 2636/2636/2636 2638/2638/2638 2639/2639/2639
f 2637/2637/2637 2640/2640/2640 2638/2638/2638
f 2638/2638/2638 2640/2640/2640 2641/2641/2641
f 2638/2638/2638 2641/2641/2641 2639/2639/2639
f 2639/2639/2639 2641/2641/2641 2642/2642/2642
f 2640/2640/2640 2643/2643/2643 2641/2641/2641
f 2641/2641/2641 2643/2643/2643 2644/2644/2644
f 2641/2641/2641 2644/2644/2644 2642/2642/2642
f 2642/2642/2642 2644/2644/2644 2645/2645/2645
f 2643/2643/2643 2646/2646/2646 2644/2644/2644
f 2644/2644/2644 2646/2646/2646 2647/2647/2647
f 2644/2644/2644 2647/2647/2647 2645/2645/2645
f 2645/2645/2645 2647/2647/2647 2648/2648/2648
f 2646/2646/2646 2649/2649/2649 2647/2647/2647
f 2647/2647/2647 2649/2649/2649 2650/2650/2650
f 2647/2647/2647 2650/2650/2650 2648/2648/2648
f 2648/2648/2648 2650/2650/2650 2651/2651/2651
f 2649/2649/2649 2652/2652/2652 2650/2650/2650
f 2650/2650/2650 2652/2652/2652 2653/2653/2653
f 2650/2650/2650 2653/2653/2653 2651/2651/2651
f 2651/2651/2651 2653/2653/2653 2654/2654/2654
f 2652/2652/2652 2655/2655/2655 2653/2653/2653
f 2653/2653/2653 2655/2655/2655 2656/2656/2656
f 2653/2653/2653 2656/2656/2656 2654/2654/2654
f 2654/2654/2654 2656/2656/2656 2657/2657/2657
f 2655/2655/2655 2658/2658/2658 2656/2656/2656
f 2656/2656/2656 2658/2658/2658 2659/2659/2659
f 2656/2656/2656 2659/2659/2659 2657/2657/2657
f 2657/2657/2657 2659/2659/2659 2660/2660/2660
f 2658/2658/2658 2661/2661/2661 2659/2659/2659
f 2659/2659/2659 2661/2661/2661 2662/2662/2662
f 2659/2659/2659 2662/2662/2662 2660/2660/2660
f 2660/2660/2660 2662/2662/2662 2663/2663/2663
f 2661/2661/2661 2664/2664/2664 2662/2662/2662
f 2662/2662/2662 2664/2664/2664 2665/2665/2665
f 2662/2662/2662 2665/2665/2665 2663/2663/2663
f 2663/2663/2663 2665/2665/2665 2666/2666/2666
f 2664/2664/2664 2667/2667/2667 2665/2665/2665
f 2665/2665/2665 2667/2667/2667 2668/2668/2668
f 2665/2665/2665 2668/2668/2668 2666/2666/2666
f 2666/2666/2666 2668/2668/2668 2669/2669/2669
f 2667/2667/2667 2670/2670/2670 2668/2668/2668
f 2668/2668/2668 2670/2670/2670 2671/2671/2671
f 2668/2668/2668 2671/2671/2671 2669/2669/2669
f 2669/2669/2669 2671/2671/2671 2672/2672/2672
f 2670/2670/2670 2673/2673/2673 2671/2671/2671
f 2671/2671/2671 2673/2673/2673 2674/2674/2674
f 2671/2671/2671 2674/2674/2674 2672/2672/2672
f 2672/2672/2672 2674/2674/2674 2675/2675/2675
f 2673/2673/2673 2676/2676/2676 2674/2674/2674
f 2674/2674/2674 2676/2676/2676 2677/2677/2677
f 2674/2674/2674 2677/2677/2677 2675/2675/2675
f 2675/2675/2675 2677/2677/2677 2678/2678/2678
f 2676/2676/2676 2679/2679/2679 2677/2677/2677
f 2677/2677/2677 2679/2679/2679 2680/2680/2680
f 2677/2677/2677 2680/2680/2680 2678/2678/2678
f 2678/2678/2678 2680/2680/2680 2681/2681/2681
f 2679/2679/2679 2682/2682/2682 2680/2680/2680
f 2680/2680/2680 2682/2682/2682 2683/2683/2683
f 2680/2680/2680 2683/2683/2683 2681/2681/2681
f 2681/2681/2681 2683/2683/2683 2684/2684/2684
f 2682/2682/2682 2685/2685/2685 2683/2683/2683
f 2683/2683/2683 2685/2685/2685 2686/2686/2686
f 2683/2683/2683 2686/2686/2686 2684/2684/2684
f 2684/2684/2684 2686/2686/2686 2687/2687/2687
f 2685/2685/2685 2688/2688/2688 2686/2686/2686
f 2686/2686/2686 2688/2688/2688 2689/2689/2689
f 2686/2686/2686 2689/2689/2689 2687/2687/2687
f 2687/2687/2687 2689/2689/2689 2690/2690/2690
f 2688/2688/2688 2691/2691/2691 2689/2689/2689
f 2689/2689/2689 2691/2691/2691 2692/2692/2692
f 2689/2689/2689 2692/2692/2692 2690/2690/2690
f 2690/2690/2690 2692/2692/2692 2693/2693/2693
f 2691/2691/2691 2694/2694/2694 2692/2692/2692
f 2692/2692/2692 2694/2694/2694 2695/2695/2695
f 2692/2692/2692 2695/2695/2695 2693/2693/2693
f 2693/2693/2693 2695/2695/2695 2696/2696/2696
f 2694/2694/2694 2697/2697/2697 2695/2695/2695
f 2695/2695/2695 2697/2697/2697 2698/2698/2698
f 2695/2695/2695 2698/2698/2698 2696/2696/2696
f 2696/2696/2696 2698/2698/2698 2699/2699/2699
f 2697/2697/2697 2700/2700/2700 2698/2698/2698
f 2698/2698/2698 2700/2700/2700 2701/2701/2701
f 2698/2698/2698 2701/2701/2701 2699/2699/2699
f 2699/2699/2699 2701/2701/2701 2702/2702/2702
f 2700/2700/2700 2703/2703/2703 2701/2701/2701
f 2701/2701/2701 2703/2703/2703 2704/2704/2704
f 2701/2701/2701 2704/2704/2704 2702/2702/2702
f 2702/2702/2702 2704/2704/2704 2705/2705/2705
f 2703/2703/2703 2706/2706/2706 2704/2704/2704
f 2704/2704/2704 2706/2706/2706 2707/2707/2707
f 2704/2704/2704 2707/2707/2707 2705/2705/2705
f 2705/2705/2705 2707/2707/2707 2708/2708/2708
f 2706/2706/2706 2709/2709/2709 2707/2707/2707
f 2707/2707/2707 2709/2709/2709 2710/2710/2710
f 2707/2707/2707 2710/2710/2710 2708/2708/2708
f 2708/2708/2708 2710/2710/2710 2711/2711/2711
f 2709/2709/2709 2712/2712/2712 2710/2710/2710
f 2710/2710/2710 2712/2712/2712 2713/2713/2713
f 2710/2710/2710 2713/2713/2713 2711/2711/2711
f 2711/2711/2711 2713/2713/2713 2714/2714/2714
f 2712/2712/2712 2715/2715/2715 2713/2713/2713
f 2713/2713/2713 2715/2715/2715 2716/2716/2716
f 2713/2713/2713 2716/2716/2716 2714/2714/2714
f 2714/2714/2714 2716/2716/2716 2717/2717/2717
f 2715/2715/2715 2718/2718/2718 2716/2716/2716
f 2716/2716/2716 2718/2718/2718 2719/2719/2719
f 2716/2716/2716 2719/2719/2719 2717/2717/2717
f 2717/2717/2717 2719/2719/2719 2720/2720/2720
f 2718/2718/2718 2721/2721/2721 2719/2719/2719
f 2719/2719/2719 2721/2721/2721 2722/2722/2722
f 2719/2719/2719 2722/2722/2722 2720/2720/2720
f 2720/2720/2720 2722/2722/2722 2723/2723/2723
f 2721/2721/2721 2724/2724/2724 2722/2722/2722
f 2722/2722/2722 2724/2724/2724 2725/2725/2725
f 2722/2722/2722 2725/2725/2725 2723/2723/2723
f 2723/2723/2723 2725/2725/2725 2726/2726/2726
f 2724/2724/2724 2727/2727/2727 2725/2725/2725
f 2725/2725/2725 2727/2727/2727 2728/2728/2728
f 2725/2725/2725 2728/2728/2728 2726/2726/2726
f 2726/2726/2726 2728/2728/2728 2729/2729/2729
f 2727/2727/2727 2730/2730/2730 2728/2728/2728
f 2728/2728/2728 2730/2730/2730 2731/2731/2731
f 2728/2728/2728 2731/2731/2731 2729/2729/2729
f 2729/2729/2729 2731/2731/2731 2732/2732/2732
f 2730/2730/2730 2733/2733/2733 2731/2731/2731
f 2731/2731/2731 2733/2733/2733 2734/2734/2734
f 2731/2731/2731 2734/2734/2734 2732/2732/2732
f 2732/2732/2732 2734/2734/2734 2735/2735/2735
f 2733/2733/2733 2736/2736/2736 2734/2734/2734
f 2734/2734/2734 2736/2736/2736 2737/2737/2737
f 2734/2734/2734 2737/2737/2737 2735/2735/2735
f 2735/2735/2735 2737/2737/2737 2738/2738/2738
f 2736/2736/2736 2739/2739/2739 2737/2737/2737
f 2737/2737/2737 2739/2739/2739 2740/2740/2740
f 2737/2737/2737 2740/2740/2740 2738/2738/2738
f 2738/2738/2738 2740/2740/2740 2741/2741/2741
f 2739/2739/2739 2742/2742/2742 2740/2740/2740
f 2740/2740/2740 2742/2742/2742 2743/2743/2743
f 2740/2740/2740 2743/2743/2743 2741/2741/2741
f 2741/2741/2741 2743/2743/2743 2744/2744/2744
f 2742/2742/2742 2745/2745/2745 2743/2743/2743
f 2743/2743/2743 2745/2745/2745 2746/2746/2746
f 2743/2743/2743 2746/2746/2746 2744/2744/2744
f 2744/2744/2744 2746/2746/2746 2747/2747/2747
f 2745/2745/2745 2748/2748/2748 2746/2746/2746
f 2746/2746/2746 2748/2748/2748 2749/2749/2749
f 2746/2746/2746 2749/2749/2749 2747/2747/2747
f 2747/2747/2747 2749/2749/2749 2750/2750/2750
f 2748/2748/2748 2751/2751/2751 2749/2749/2749
f 2749/2749/2749 2751/2751/2751 2752/2752/2752
f 2749/2749/2749 2752/2752/2752 2750/2750/2750
f 2750/2750/2750 2752/2752/2752 2753/2753/2753
f 2751/2751/2751 2754/2754/2754 2752/2752/2752
f 2752/2752/2752 2754/2754/2754 2755/2755/2755
f 2752/2752/2752 2755/2755/2755 2753/2753/2753
f 2753/2753/2753 2755/2755/2755 2756/2756/2756
f 2754/2754/2754 2757/2757/2757 2755/2755/2755
f 2755/2755/2755 2757/2757/2757 2758/2758/2758
f 2755/2755/2755 2758/2758/2758 2756/2756/2756
f 2756/2756/2756 2758/2758/2758 2759/2759/2759
f 2757/2757/2757 2760/2760/2760 2758/2758/2758
f 2758/2758/2758 2760/2760/2760 2761/2761/2761
f 2758/2758/2758 2761/2761/2761 2759/2759/2759
f 2759/2759/2759 2761/2761/2761 2762/2762/2762
f 2760/2760/2760 2763/2763/2763 2761/2761/2761
f 2761/2761/2761 2763/2763/2763 2764/2764/2764
f 2761/2761/2761 2764/2764/2764 2762/2762/2762
f 2762/2762/2762 2764/2764/2764 2765/2765/2765
f 2763/2763/2763 2766/2766/2766 2764/2764/2764
f 2764/2764/2764 2766/2766/2766 2767/2767/2767
f 2764/2764/2764 2767/2767/2767 2765/2765/2765
f 2765/2765/2765 2767/2767/2767 2768/2768/2768
f 2766/2766/2766 2769/2769/2769 2767/2767/2767
f 2767/2767/2767 2769/2769/2769 2770/2770/2770
f 2767/2767/2767 2770/2770/2770 2768/2768/2768
f 2768/2768/2768 2770/2770/2770 2771/2771/2771
f 2769/2769/2769 2772/2772/2772 2770/2770/2770
f 2770/2770/2770 2772/2772/2772 2773/2773/2773
f 2770/2770/2770 2773/2773/2773 2771/2771/2771
f 2771/2771/2771 2773/2773/2773 2774/2774/2774
f 2772/2772/2772 2775/2775/2775 2773/2773/2773
f 2773/2773/2773 2775/2775/2775 2776/2776/2776
f 2773/2773/2773 2776/2776/2776 2774/2774/2774
f 2774/2774/2774 2776/2776/2776 2777/2777/2777
f 2775/2775/2775 2778/2778/2778 2776/2776/2776
f 2776/2776/2776 2778/2778/2778 2779/2779/2779
f 2776/2776/2776 2779/2779/2779 2777/2777/2777
f 2777/2777/2777 2779/2779/2779 2780/2780/2780
f 2778/2778/2778 2781/2781/2781 2779/2779/2779
f 2779/2779/2779 2781/2781/2781 2782/2782/2782
f 2779/2779/2779 2782/2782/2782 2780/2780/2780
f 2780/2780/2780 2782/2782/2782 2783/2783/2783
f 2781/2781/2781 2784/2784/2784 2782/2782/2782
f 2782/2782/2782 2784/2784/2784 2785/2785/2785
f 2782/2782/2782 2785/2785/2785 2783/2783/2783
f 2783/2783/2783 2785/2785/2785 2786/2786/2786
f 2784/2784/2784 2787/2787/2787 2785/2785/2785
f 2785/2785/2785 2787/2787/2787 2788/2788/2788
f 2785/2785/2785 2788/2788/2788 2786/2786/2786
f 2786/2786/2786 2788/2788/2788 2789/2789/2789
f 2787/2787/2787 2790/2790/2790 2788/2788/2788
f 2788/2788/2788 2790/2790/2790 2791/2791/2791
f 2788/2788/2788 2791/2791/2791 2789/2789/2789
f 2789/2789/2789 2791/2791/2791 2792/2792/2792
f 2790/2790/2790 2793/2793/2793 2791/2791/2791
f 2791/2791/2791 2793/2793/2793 2794/2794/2794
f 2791/2791/2791 2794/2794/2794 2792/2792/2792
f 2792/2792/2792 2794/2794/2794 2795/2795/2795
f 2793/2793/2793 2796/2796/2796 2794/2794/2794
f 2794/2794/2794 2796/2796/2796 2797/2797/2797
f 2794/2794/2794 2797/2797/2797 2795/2795/2795
f 2795/2795/2795 2797/2797/2797 2798/2798/2798
f 2796/2796/2796 2799/2799/2799 2797/2797/2797
f 2797/2797/2797 2799/2799/2799 2800/2800/2800
f 2797/2797/2797 2800/2800/2800 2798/2798/2798
f 2798/2798/2798 2800/2800/2800 2801/2801/2801
f 2799/2799/2799 2802/2802/2802 2800/2800/2800
f 2800/2800/2800 2802/2802/2802 2803/2803/2803
f 2800/2800/2800 2803/2803/2803 2801/2801/2801
f 2801/2801/2801 2803/2803/2803 2804/2804/2804
f 2802/2802/2802 2805/2805/2805 2803/2803/2803
f 2803/2803/2803 2805/2805/2805 2806/2806/2806
f 2803/2803/2803 2806/2806/2806 2804/2804/2804
f 2804/2804/2804 2806/2806/2806 2807/2807/2807
f 2805/2805/2805 2808/2808/2808 2806/2806/2806
f 2806/2806/2806 2808/2808/2808 2809/2809/2809
f 2806/2806/2806 2809/2809/2809 2807/2807/2807
f 2807/2807/2807 2809/2809/2809 2810/2810/2810
f 2808/2808/2808 2811/2811/2811 2809/2809/2809
f 2809/2809/2809 2811/2811/2811 2812/2812/2812
f 2809/2809/2809 2812/2812/2812 2810/2810/2810
f 2810/2810/2810 2812/2812/2812 2813/2813/2813
f 2811/2811/2811 2814/2814/2814 2812/2812/2812
f 2812/2812/2812 2814/2814/2814 2815/2815/2815
f 2812/2812/2812 2815/2815/2815 2813/2813/2813
f 2813/2813/2813 2815/2815/2815 2816/2816/2816
f 2814/2814/2814 2817/2817/2817 2815/2815/2815
f 2815/2815/2815 2817/2817/2817 2818/2818/2818
f 2815/2815/2815 2818/2818/2818 2816/2816/2816
f 2816/2816/2816 2818/2818/2818 2819/2819/2819
f 2817/2817/2817 2820/2820/2820 2818/2818/2818
f 2818/2818/2818 2820/2820/2820 2821/2821/2821
f 2818/2818/2818 2821/2821/2821 2819/2819/2819
f 2819/2819/2819 2821/2821/2821 2822/2822/2822
