# Original SpaceSurvival generated source; centimeters; X forward; Z up
mtllib Palette.mtl
o SM_AgileShip
v -224.250000 20.640000 0.000000
v -224.250000 20.463422 1.831961
v -224.250000 19.936709 3.632577
v -224.250000 19.068874 5.371039
v -224.250000 17.874764 7.017600
v -224.250000 16.374813 8.544088
v -224.250000 14.594684 9.924385
v -224.250000 12.564836 11.134873
v -224.250000 10.320000 12.154840
v -224.250000 7.898586 12.966834
v -224.250000 5.342025 13.556962
v -224.250000 2.694061 13.915127
v -224.250000 0.000000 14.035200
v -224.250000 -2.694061 13.915127
v -224.250000 -5.342025 13.556962
v -224.250000 -7.898586 12.966834
v -224.250000 -10.320000 12.154840
v -224.250000 -12.564836 11.134873
v -224.250000 -14.594684 9.924385
v -224.250000 -16.374813 8.544088
v -224.250000 -17.874764 7.017600
v -224.250000 -19.068874 5.371039
v -224.250000 -19.936709 3.632577
v -224.250000 -20.463422 1.831961
v -224.250000 -20.640000 0.000000
v -224.250000 -20.463422 -1.831961
v -224.250000 -19.936709 -3.632577
v -224.250000 -19.068874 -5.371039
v -224.250000 -17.874764 -7.017600
v -224.250000 -16.374813 -8.544088
v -224.250000 -14.594684 -9.924385
v -224.250000 -12.564836 -11.134873
v -224.250000 -10.320000 -12.154840
v -224.250000 -7.898586 -12.966834
v -224.250000 -5.342025 -13.556962
v -224.250000 -2.694061 -13.915127
v -224.250000 0.000000 -14.035200
v -224.250000 2.694061 -13.915127
v -224.250000 5.342025 -13.556962
v -224.250000 7.898586 -12.966834
v -224.250000 10.320000 -12.154840
v -224.250000 12.564836 -11.134873
v -224.250000 14.594684 -9.924385
v -224.250000 16.374813 -8.544088
v -224.250000 17.874764 -7.017600
v -224.250000 19.068874 -5.371039
v -224.250000 19.936709 -3.632577
v -224.250000 20.463422 -1.831961
v -207.000000 49.880000 0.000000
v -207.000000 49.453270 4.427240
v -207.000000 48.180380 8.778728
v -207.000000 46.083111 12.980010
v -207.000000 43.197347 16.959200
v -207.000000 39.572465 20.648214
v -207.000000 35.270486 23.983931
v -207.000000 30.365020 26.909276
v -207.000000 24.940000 29.374196
v -207.000000 19.088250 31.336516
v -207.000000 12.909894 32.762659
v -207.000000 6.510646 33.628223
v -207.000000 0.000000 33.918400
v -207.000000 -6.510646 33.628223
v -207.000000 -12.909894 32.762659
v -207.000000 -19.088250 31.336516
v -207.000000 -24.940000 29.374196
v -207.000000 -30.365020 26.909276
v -207.000000 -35.270486 23.983931
v -207.000000 -39.572465 20.648214
v -207.000000 -43.197347 16.959200
v -207.000000 -46.083111 12.980010
v -207.000000 -48.180380 8.778728
v -207.000000 -49.453270 4.427240
v -207.000000 -49.880000 0.000000
v -207.000000 -49.453270 -4.427240
v -207.000000 -48.180380 -8.778728
v -207.000000 -46.083111 -12.980010
v -207.000000 -43.197347 -16.959200
v -207.000000 -39.572465 -20.648214
v -207.000000 -35.270486 -23.983931
v -207.000000 -30.365020 -26.909276
v -207.000000 -24.940000 -29.374196
v -207.000000 -19.088250 -31.336516
v -207.000000 -12.909894 -32.762659
v -207.000000 -6.510646 -33.628223
v -207.000000 0.000000 -33.918400
v -207.000000 6.510646 -33.628223
v -207.000000 12.909894 -32.762659
v -207.000000 19.088250 -31.336516
v -207.000000 24.940000 -29.374196
v -207.000000 30.365020 -26.909276
v -207.000000 35.270486 -23.983931
v -207.000000 39.572465 -20.648214
v -207.000000 43.197347 -16.959200
v -207.000000 46.083111 -12.980010
v -207.000000 48.180380 -8.778728
v -207.000000 49.453270 -4.427240
v -161.000000 71.380000 0.000000
v -161.000000 70.769334 6.335533
v -161.000000 68.947785 12.562662
v -161.000000 65.946521 18.574842
v -161.000000 61.816893 24.269200
v -161.000000 56.629561 29.548306
v -161.000000 50.473282 34.321832
v -161.000000 43.453391 38.508102
v -161.000000 35.690000 42.035487
v -161.000000 27.315943 44.843634
v -161.000000 18.474503 46.884494
v -161.000000 9.316960 48.123147
v -161.000000 0.000000 48.538400
v -161.000000 -9.316960 48.123147
v -161.000000 -18.474503 46.884494
v -161.000000 -27.315943 44.843634
v -161.000000 -35.690000 42.035487
v -161.000000 -43.453391 38.508102
v -161.000000 -50.473282 34.321832
v -161.000000 -56.629561 29.548306
v -161.000000 -61.816893 24.269200
v -161.000000 -65.946521 18.574842
v -161.000000 -68.947785 12.562662
v -161.000000 -70.769334 6.335533
v -161.000000 -71.380000 0.000000
v -161.000000 -70.769334 -6.335533
v -161.000000 -68.947785 -12.562662
v -161.000000 -65.946521 -18.574842
v -161.000000 -61.816893 -24.269200
v -161.000000 -56.629561 -29.548306
v -161.000000 -50.473282 -34.321832
v -161.000000 -43.453391 -38.508102
v -161.000000 -35.690000 -42.035487
v -161.000000 -27.315943 -44.843634
v -161.000000 -18.474503 -46.884494
v -161.000000 -9.316960 -48.123147
v -161.000000 0.000000 -48.538400
v -161.000000 9.316960 -48.123147
v -161.000000 18.474503 -46.884494
v -161.000000 27.315943 -44.843634
v -161.000000 35.690000 -42.035487
v -161.000000 43.453391 -38.508102
v -161.000000 50.473282 -34.321832
v -161.000000 56.629561 -29.548306
v -161.000000 61.816893 -24.269200
v -161.000000 65.946521 -18.574842
v -161.000000 68.947785 -12.562662
v -161.000000 70.769334 -6.335533
v -80.500000 79.980000 0.000000
v -80.500000 79.295760 7.098850
v -80.500000 77.254748 14.076236
v -80.500000 73.891885 20.812774
v -80.500000 69.264712 27.193200
v -80.500000 63.452400 33.108343
v -80.500000 56.554400 38.456992
v -80.500000 48.688739 43.147632
v -80.500000 39.990000 47.100004
v -80.500000 30.607021 50.246482
v -80.500000 20.700347 52.533228
v -80.500000 10.439485 53.921117
v -80.500000 0.000000 54.386400
v -80.500000 -10.439485 53.921117
v -80.500000 -20.700347 52.533228
v -80.500000 -30.607021 50.246482
v -80.500000 -39.990000 47.100004
v -80.500000 -48.688739 43.147632
v -80.500000 -56.554400 38.456992
v -80.500000 -63.452400 33.108343
v -80.500000 -69.264712 27.193200
v -80.500000 -73.891885 20.812774
v -80.500000 -77.254748 14.076236
v -80.500000 -79.295760 7.098850
v -80.500000 -79.980000 0.000000
v -80.500000 -79.295760 -7.098850
v -80.500000 -77.254748 -14.076236
v -80.500000 -73.891885 -20.812774
v -80.500000 -69.264712 -27.193200
v -80.500000 -63.452400 -33.108343
v -80.500000 -56.554400 -38.456992
v -80.500000 -48.688739 -43.147632
v -80.500000 -39.990000 -47.100004
v -80.500000 -30.607021 -50.246482
v -80.500000 -20.700347 -52.533228
v -80.500000 -10.439485 -53.921117
v -80.500000 0.000000 -54.386400
v -80.500000 10.439485 -53.921117
v -80.500000 20.700347 -52.533228
v -80.500000 30.607021 -50.246482
v -80.500000 39.990000 -47.100004
v -80.500000 48.688739 -43.147632
v -80.500000 56.554400 -38.456992
v -80.500000 63.452400 -33.108343
v -80.500000 69.264712 -27.193200
v -80.500000 73.891885 -20.812774
v -80.500000 77.254748 -14.076236
v -80.500000 79.295760 -7.098850
v 0.000000 73.100000 0.000000
v 0.000000 72.474619 6.488196
v 0.000000 70.609178 12.865377
v 0.000000 67.535594 19.022428
v 0.000000 63.306457 24.854000
v 0.000000 57.994129 30.260313
v 0.000000 51.689506 35.148864
v 0.000000 44.500460 39.436008
v 0.000000 36.550000 43.048391
v 0.000000 27.974159 45.924204
v 0.000000 18.919672 48.014241
v 0.000000 9.541465 49.282741
v 0.000000 0.000000 49.708000
v 0.000000 -9.541465 49.282741
v 0.000000 -18.919672 48.014241
v 0.000000 -27.974159 45.924204
v 0.000000 -36.550000 43.048391
v 0.000000 -44.500460 39.436008
v 0.000000 -51.689506 35.148864
v 0.000000 -57.994129 30.260313
v 0.000000 -63.306457 24.854000
v 0.000000 -67.535594 19.022428
v 0.000000 -70.609178 12.865377
v 0.000000 -72.474619 6.488196
v 0.000000 -73.100000 0.000000
v 0.000000 -72.474619 -6.488196
v 0.000000 -70.609178 -12.865377
v 0.000000 -67.535594 -19.022428
v 0.000000 -63.306457 -24.854000
v 0.000000 -57.994129 -30.260313
v 0.000000 -51.689506 -35.148864
v 0.000000 -44.500460 -39.436008
v 0.000000 -36.550000 -43.048391
v 0.000000 -27.974159 -45.924204
v 0.000000 -18.919672 -48.014241
v 0.000000 -9.541465 -49.282741
v 0.000000 0.000000 -49.708000
v 0.000000 9.541465 -49.282741
v 0.000000 18.919672 -48.014241
v 0.000000 27.974159 -45.924204
v 0.000000 36.550000 -43.048391
v 0.000000 44.500460 -39.436008
v 0.000000 51.689506 -35.148864
v 0.000000 57.994129 -30.260313
v 0.000000 63.306457 -24.854000
v 0.000000 67.535594 -19.022428
v 0.000000 70.609178 -12.865377
v 0.000000 72.474619 -6.488196
v 97.750000 51.600000 0.000000
v 97.750000 51.158555 4.579903
v 97.750000 49.841773 9.081443
v 97.750000 47.672184 13.427596
v 97.750000 44.686911 17.544000
v 97.750000 40.937032 21.360221
v 97.750000 36.486710 24.810963
v 97.750000 31.412090 27.837182
v 97.750000 25.800000 30.387099
v 97.750000 19.746465 32.417085
v 97.750000 13.355063 33.892405
v 97.750000 6.735152 34.787817
v 97.750000 0.000000 35.088000
v 97.750000 -6.735152 34.787817
v 97.750000 -13.355063 33.892405
v 97.750000 -19.746465 32.417085
v 97.750000 -25.800000 30.387099
v 97.750000 -31.412090 27.837182
v 97.750000 -36.486710 24.810963
v 97.750000 -40.937032 21.360221
v 97.750000 -44.686911 17.544000
v 97.750000 -47.672184 13.427596
v 97.750000 -49.841773 9.081443
v 97.750000 -51.158555 4.579903
v 97.750000 -51.600000 0.000000
v 97.750000 -51.158555 -4.579903
v 97.750000 -49.841773 -9.081443
v 97.750000 -47.672184 -13.427596
v 97.750000 -44.686911 -17.544000
v 97.750000 -40.937032 -21.360221
v 97.750000 -36.486710 -24.810963
v 97.750000 -31.412090 -27.837182
v 97.750000 -25.800000 -30.387099
v 97.750000 -19.746465 -32.417085
v 97.750000 -13.355063 -33.892405
v 97.750000 -6.735152 -34.787817
v 97.750000 0.000000 -35.088000
v 97.750000 6.735152 -34.787817
v 97.750000 13.355063 -33.892405
v 97.750000 19.746465 -32.417085
v 97.750000 25.800000 -30.387099
v 97.750000 31.412090 -27.837182
v 97.750000 36.486710 -24.810963
v 97.750000 40.937032 -21.360221
v 97.750000 44.686911 -17.544000
v 97.750000 47.672184 -13.427596
v 97.750000 49.841773 -9.081443
v 97.750000 51.158555 -4.579903
v 178.250000 26.660000 0.000000
v 178.250000 26.431920 2.366283
v 178.250000 25.751583 4.692079
v 178.250000 24.630628 6.937591
v 178.250000 23.088237 9.064400
v 178.250000 21.150800 11.036114
v 178.250000 18.851467 12.818997
v 178.250000 16.229580 14.382544
v 178.250000 13.330000 15.700001
v 178.250000 10.202340 16.748827
v 178.250000 6.900116 17.511076
v 178.250000 3.479828 17.973706
v 178.250000 0.000000 18.128800
v 178.250000 -3.479828 17.973706
v 178.250000 -6.900116 17.511076
v 178.250000 -10.202340 16.748827
v 178.250000 -13.330000 15.700001
v 178.250000 -16.229580 14.382544
v 178.250000 -18.851467 12.818997
v 178.250000 -21.150800 11.036114
v 178.250000 -23.088237 9.064400
v 178.250000 -24.630628 6.937591
v 178.250000 -25.751583 4.692079
v 178.250000 -26.431920 2.366283
v 178.250000 -26.660000 0.000000
v 178.250000 -26.431920 -2.366283
v 178.250000 -25.751583 -4.692079
v 178.250000 -24.630628 -6.937591
v 178.250000 -23.088237 -9.064400
v 178.250000 -21.150800 -11.036114
v 178.250000 -18.851467 -12.818997
v 178.250000 -16.229580 -14.382544
v 178.250000 -13.330000 -15.700001
v 178.250000 -10.202340 -16.748827
v 178.250000 -6.900116 -17.511076
v 178.250000 -3.479828 -17.973706
v 178.250000 0.000000 -18.128800
v 178.250000 3.479828 -17.973706
v 178.250000 6.900116 -17.511076
v 178.250000 10.202340 -16.748827
v 178.250000 13.330000 -15.700001
v 178.250000 16.229580 -14.382544
v 178.250000 18.851467 -12.818997
v 178.250000 21.150800 -11.036114
v 178.250000 23.088237 -9.064400
v 178.250000 24.630628 -6.937591
v 178.250000 25.751583 -4.692079
v 178.250000 26.431920 -2.366283
v 241.500000 2.580000 0.000000
v 241.500000 2.557928 0.228995
v 241.500000 2.492089 0.454072
v 241.500000 2.383609 0.671380
v 241.500000 2.234346 0.877200
v 241.500000 2.046852 1.068011
v 241.500000 1.824335 1.240548
v 241.500000 1.570604 1.391859
v 241.500000 1.290000 1.519355
v 241.500000 0.987323 1.620854
v 241.500000 0.667753 1.694620
v 241.500000 0.336758 1.739391
v 241.500000 0.000000 1.754400
v 241.500000 -0.336758 1.739391
v 241.500000 -0.667753 1.694620
v 241.500000 -0.987323 1.620854
v 241.500000 -1.290000 1.519355
v 241.500000 -1.570604 1.391859
v 241.500000 -1.824335 1.240548
v 241.500000 -2.046852 1.068011
v 241.500000 -2.234346 0.877200
v 241.500000 -2.383609 0.671380
v 241.500000 -2.492089 0.454072
v 241.500000 -2.557928 0.228995
v 241.500000 -2.580000 0.000000
v 241.500000 -2.557928 -0.228995
v 241.500000 -2.492089 -0.454072
v 241.500000 -2.383609 -0.671380
v 241.500000 -2.234346 -0.877200
v 241.500000 -2.046852 -1.068011
v 241.500000 -1.824335 -1.240548
v 241.500000 -1.570604 -1.391859
v 241.500000 -1.290000 -1.519355
v 241.500000 -0.987323 -1.620854
v 241.500000 -0.667753 -1.694620
v 241.500000 -0.336758 -1.739391
v 241.500000 0.000000 -1.754400
v 241.500000 0.336758 -1.739391
v 241.500000 0.667753 -1.694620
v 241.500000 0.987323 -1.620854
v 241.500000 1.290000 -1.519355
v 241.500000 1.570604 -1.391859
v 241.500000 1.824335 -1.240548
v 241.500000 2.046852 -1.068011
v 241.500000 2.234346 -0.877200
v 241.500000 2.383609 -0.671380
v 241.500000 2.492089 -0.454072
v 241.500000 2.557928 -0.228995
v -224.250000 0.000000 0.000000
v 241.500000 0.000000 0.000000
v -216.200000 58.000000 0.000000
v -216.200000 57.503802 5.223658
v -216.200000 56.023698 10.357938
v -216.200000 53.585013 15.314991
v -216.200000 50.229473 20.010000
v -216.200000 46.014494 24.362632
v -216.200000 41.012193 28.298413
v -216.200000 35.308163 31.750001
v -216.200000 29.000000 34.658337
v -216.200000 22.195639 36.973659
v -216.200000 15.011505 38.656352
v -216.200000 7.570519 39.677623
v -216.200000 0.000000 40.020000
v -216.200000 -7.570519 39.677623
v -216.200000 -15.011505 38.656352
v -216.200000 -22.195639 36.973659
v -216.200000 -29.000000 34.658337
v -216.200000 -35.308163 31.750001
v -216.200000 -41.012193 28.298413
v -216.200000 -46.014494 24.362632
v -216.200000 -50.229473 20.010000
v -216.200000 -53.585013 15.314991
v -216.200000 -56.023698 10.357938
v -216.200000 -57.503802 5.223658
v -216.200000 -58.000000 0.000000
v -216.200000 -57.503802 -5.223658
v -216.200000 -56.023698 -10.357938
v -216.200000 -53.585013 -15.314991
v -216.200000 -50.229473 -20.010000
v -216.200000 -46.014494 -24.362632
v -216.200000 -41.012193 -28.298413
v -216.200000 -35.308163 -31.750001
v -216.200000 -29.000000 -34.658337
v -216.200000 -22.195639 -36.973659
v -216.200000 -15.011505 -38.656352
v -216.200000 -7.570519 -39.677623
v -216.200000 0.000000 -40.020000
v -216.200000 7.570519 -39.677623
v -216.200000 15.011505 -38.656352
v -216.200000 22.195639 -36.973659
v -216.200000 29.000000 -34.658337
v -216.200000 35.308163 -31.750001
v -216.200000 41.012193 -28.298413
v -216.200000 46.014494 -24.362632
v -216.200000 50.229473 -20.010000
v -216.200000 53.585013 -15.314991
v -216.200000 56.023698 -10.357938
v -216.200000 57.503802 -5.223658
v -195.500000 76.000000 0.000000
v -195.500000 75.349809 6.844794
v -195.500000 73.410363 13.572471
v -195.500000 70.214844 20.067919
v -195.500000 65.817931 26.220000
v -195.500000 60.294854 31.923449
v -195.500000 53.740115 37.080680
v -195.500000 46.265869 41.603449
v -195.500000 38.000000 45.414372
v -195.500000 29.083941 48.448243
v -195.500000 19.670247 50.653150
v -195.500000 9.919991 51.991369
v -195.500000 0.000000 52.440000
v -195.500000 -9.919991 51.991369
v -195.500000 -19.670247 50.653150
v -195.500000 -29.083941 48.448243
v -195.500000 -38.000000 45.414372
v -195.500000 -46.265869 41.603449
v -195.500000 -53.740115 37.080680
v -195.500000 -60.294854 31.923449
v -195.500000 -65.817931 26.220000
v -195.500000 -70.214844 20.067919
v -195.500000 -73.410363 13.572471
v -195.500000 -75.349809 6.844794
v -195.500000 -76.000000 0.000000
v -195.500000 -75.349809 -6.844794
v -195.500000 -73.410363 -13.572471
v -195.500000 -70.214844 -20.067919
v -195.500000 -65.817931 -26.220000
v -195.500000 -60.294854 -31.923449
v -195.500000 -53.740115 -37.080680
v -195.500000 -46.265869 -41.603449
v -195.500000 -38.000000 -45.414372
v -195.500000 -29.083941 -48.448243
v -195.500000 -19.670247 -50.653150
v -195.500000 -9.919991 -51.991369
v -195.500000 0.000000 -52.440000
v -195.500000 9.919991 -51.991369
v -195.500000 19.670247 -50.653150
v -195.500000 29.083941 -48.448243
v -195.500000 38.000000 -45.414372
v -195.500000 46.265869 -41.603449
v -195.500000 53.740115 -37.080680
v -195.500000 60.294854 -31.923449
v -195.500000 65.817931 -26.220000
v -195.500000 70.214844 -20.067919
v -195.500000 73.410363 -13.572471
v -195.500000 75.349809 -6.844794
v -149.500000 90.000000 0.000000
v -149.500000 89.230038 8.105677
v -149.500000 86.933324 16.072663
v -149.500000 83.149158 23.764641
v -149.500000 77.942286 31.050000
v -149.500000 71.401801 37.804085
v -149.500000 63.639610 43.911331
v -149.500000 54.788529 49.267242
v -149.500000 45.000000 53.780178
v -149.500000 34.441509 57.372919
v -149.500000 23.293714 59.983994
v -149.500000 11.747357 61.568726
v -149.500000 0.000000 62.100000
v -149.500000 -11.747357 61.568726
v -149.500000 -23.293714 59.983994
v -149.500000 -34.441509 57.372919
v -149.500000 -45.000000 53.780178
v -149.500000 -54.788529 49.267242
v -149.500000 -63.639610 43.911331
v -149.500000 -71.401801 37.804085
v -149.500000 -77.942286 31.050000
v -149.500000 -83.149158 23.764641
v -149.500000 -86.933324 16.072663
v -149.500000 -89.230038 8.105677
v -149.500000 -90.000000 0.000000
v -149.500000 -89.230038 -8.105677
v -149.500000 -86.933324 -16.072663
v -149.500000 -83.149158 -23.764641
v -149.500000 -77.942286 -31.050000
v -149.500000 -71.401801 -37.804085
v -149.500000 -63.639610 -43.911331
v -149.500000 -54.788529 -49.267242
v -149.500000 -45.000000 -53.780178
v -149.500000 -34.441509 -57.372919
v -149.500000 -23.293714 -59.983994
v -149.500000 -11.747357 -61.568726
v -149.500000 0.000000 -62.100000
v -149.500000 11.747357 -61.568726
v -149.500000 23.293714 -59.983994
v -149.500000 34.441509 -57.372919
v -149.500000 45.000000 -53.780178
v -149.500000 54.788529 -49.267242
v -149.500000 63.639610 -43.911331
v -149.500000 71.401801 -37.804085
v -149.500000 77.942286 -31.050000
v -149.500000 83.149158 -23.764641
v -149.500000 86.933324 -16.072663
v -149.500000 89.230038 -8.105677
v -115.000000 94.000000 0.000000
v -115.000000 93.195817 8.465929
v -115.000000 90.797028 16.787003
v -115.000000 86.844676 24.820847
v -115.000000 81.406388 32.430000
v -115.000000 74.575214 39.484266
v -115.000000 66.468037 45.862946
v -115.000000 57.223574 51.456898
v -115.000000 47.000000 56.170408
v -115.000000 35.972243 59.922826
v -115.000000 24.328990 62.649949
v -115.000000 12.269462 64.305114
v -115.000000 0.000000 64.860000
v -115.000000 -12.269462 64.305114
v -115.000000 -24.328990 62.649949
v -115.000000 -35.972243 59.922826
v -115.000000 -47.000000 56.170408
v -115.000000 -57.223574 51.456898
v -115.000000 -66.468037 45.862946
v -115.000000 -74.575214 39.484266
v -115.000000 -81.406388 32.430000
v -115.000000 -86.844676 24.820847
v -115.000000 -90.797028 16.787003
v -115.000000 -93.195817 8.465929
v -115.000000 -94.000000 0.000000
v -115.000000 -93.195817 -8.465929
v -115.000000 -90.797028 -16.787003
v -115.000000 -86.844676 -24.820847
v -115.000000 -81.406388 -32.430000
v -115.000000 -74.575214 -39.484266
v -115.000000 -66.468037 -45.862946
v -115.000000 -57.223574 -51.456898
v -115.000000 -47.000000 -56.170408
v -115.000000 -35.972243 -59.922826
v -115.000000 -24.328990 -62.649949
v -115.000000 -12.269462 -64.305114
v -115.000000 0.000000 -64.860000
v -115.000000 12.269462 -64.305114
v -115.000000 24.328990 -62.649949
v -115.000000 35.972243 -59.922826
v -115.000000 47.000000 -56.170408
v -115.000000 57.223574 -51.456898
v -115.000000 66.468037 -45.862946
v -115.000000 74.575214 -39.484266
v -115.000000 81.406388 -32.430000
v -115.000000 86.844676 -24.820847
v -115.000000 90.797028 -16.787003
v -115.000000 93.195817 -8.465929
v -103.500000 88.000000 0.000000
v -103.500000 87.247148 7.925550
v -103.500000 85.001473 15.715492
v -103.500000 81.301399 23.236538
v -103.500000 76.210236 30.360000
v -103.500000 69.815094 36.963994
v -103.500000 62.225397 42.935524
v -103.500000 53.571006 48.172415
v -103.500000 44.000000 52.585063
v -103.500000 33.676142 56.097965
v -103.500000 22.776076 58.651016
v -103.500000 11.486305 60.200532
v -103.500000 0.000000 60.720000
v -103.500000 -11.486305 60.200532
v -103.500000 -22.776076 58.651016
v -103.500000 -33.676142 56.097965
v -103.500000 -44.000000 52.585063
v -103.500000 -53.571006 48.172415
v -103.500000 -62.225397 42.935524
v -103.500000 -69.815094 36.963994
v -103.500000 -76.210236 30.360000
v -103.500000 -81.301399 23.236538
v -103.500000 -85.001473 15.715492
v -103.500000 -87.247148 7.925550
v -103.500000 -88.000000 0.000000
v -103.500000 -87.247148 -7.925550
v -103.500000 -85.001473 -15.715492
v -103.500000 -81.301399 -23.236538
v -103.500000 -76.210236 -30.360000
v -103.500000 -69.815094 -36.963994
v -103.500000 -62.225397 -42.935524
v -103.500000 -53.571006 -48.172415
v -103.500000 -44.000000 -52.585063
v -103.500000 -33.676142 -56.097965
v -103.500000 -22.776076 -58.651016
v -103.500000 -11.486305 -60.200532
v -103.500000 0.000000 -60.720000
v -103.500000 11.486305 -60.200532
v -103.500000 22.776076 -58.651016
v -103.500000 33.676142 -56.097965
v -103.500000 44.000000 -52.585063
v -103.500000 53.571006 -48.172415
v -103.500000 62.225397 -42.935524
v -103.500000 69.815094 -36.963994
v -103.500000 76.210236 -30.360000
v -103.500000 81.301399 -23.236538
v -103.500000 85.001473 -15.715492
v -103.500000 87.247148 -7.925550
v -216.200000 0.000000 0.000000
v -103.500000 0.000000 0.000000
v -195.500000 79.400000 0.000000
v -193.802944 78.697056 0.000000
v -193.100000 77.000000 0.000000
v -193.802944 75.302944 0.000000
v -195.500000 74.600000 0.000000
v -197.197056 75.302944 0.000000
v -197.900000 77.000000 0.000000
v -197.197056 78.697056 0.000000
v -195.500000 78.422454 8.570419
v -193.802944 77.728165 8.494543
v -193.100000 76.052002 8.311363
v -193.802944 74.375840 8.128183
v -195.500000 73.681550 8.052308
v -197.197056 74.375840 8.128183
v -197.900000 76.052002 8.311363
v -197.197056 77.728165 8.494543
v -195.500000 75.513887 16.929805
v -193.802944 74.845348 16.779922
v -193.100000 73.231352 16.418073
v -193.802944 71.617355 16.056224
v -195.500000 70.948816 15.906341
v -197.197056 71.617355 16.056224
v -197.900000 73.231352 16.418073
v -197.197056 74.845348 16.779922
v -195.500000 70.745918 24.872324
v -193.802944 70.119591 24.652124
v -193.100000 68.607502 24.120515
v -193.802944 67.095414 23.588907
v -195.500000 66.469087 23.368707
v -197.197056 67.095414 23.588907
v -197.900000 68.607502 24.120515
v -197.197056 70.119591 24.652124
v -195.500000 64.235949 32.202403
v -193.802944 63.667256 31.917309
v -193.100000 62.294309 31.229030
v -193.802944 60.921361 30.540752
v -195.500000 60.352668 30.255658
v -197.197056 60.921361 30.540752
v -197.900000 62.294309 31.229030
v -197.197056 63.667256 31.917309
v -195.500000 56.144278 38.739552
v -193.802944 55.647222 38.396583
v -193.100000 54.447222 37.568583
v -193.802944 53.247222 36.740583
v -195.500000 52.750166 36.397614
v -197.197056 53.247222 36.740583
v -197.900000 54.447222 37.568583
v -197.197056 55.647222 38.396583
v -195.500000 46.670149 44.322805
v -193.802944 46.256969 43.930407
v -193.100000 45.259464 42.983073
v -193.802944 44.261960 42.035739
v -195.500000 43.848780 41.643341
v -197.197056 44.261960 42.035739
v -197.900000 45.259464 42.983073
v -197.197056 46.256969 43.930407
v -195.500000 36.046846 48.814683
v -193.802944 35.727716 48.382517
v -193.100000 34.957268 47.339177
v -193.802944 34.186821 46.295836
v -195.500000 33.867691 45.863670
v -197.197056 34.186821 46.295836
v -197.900000 34.957268 47.339177
v -197.197056 35.727716 48.382517
v -195.500000 24.535949 52.104582
v -193.802944 24.318728 51.643290
v -193.100000 23.794309 50.529633
v -193.802944 23.269889 49.415975
v -195.500000 23.052668 48.954683
v -197.197056 23.269889 49.415975
v -197.900000 23.794309 50.529633
v -197.197056 24.318728 51.643290
v -195.500000 12.420897 54.111493
v -193.802944 12.310932 53.632434
v -193.100000 12.045454 52.475882
v -193.802944 11.779976 51.319329
v -195.500000 11.670011 50.840270
v -197.197056 11.779976 51.319329
v -197.900000 12.045454 52.475882
v -197.197056 12.310932 53.632434
v -195.500000 0.000000 54.786000
v -193.802944 0.000000 54.300969
v -193.100000 0.000000 53.130000
v -193.802944 0.000000 51.959031
v -195.500000 0.000000 51.474000
v -197.197056 0.000000 51.959031
v -197.900000 0.000000 53.130000
v -197.197056 0.000000 54.300969
v -195.500000 -12.420897 54.111493
v -193.802944 -12.310932 53.632434
v -193.100000 -12.045454 52.475882
v -193.802944 -11.779976 51.319329
v -195.500000 -11.670011 50.840270
v -197.197056 -11.779976 51.319329
v -197.900000 -12.045454 52.475882
v -197.197056 -12.310932 53.632434
v -195.500000 -24.535949 52.104582
v -193.802944 -24.318728 51.643290
v -193.100000 -23.794309 50.529633
v -193.802944 -23.269889 49.415975
v -195.500000 -23.052668 48.954683
v -197.197056 -23.269889 49.415975
v -197.900000 -23.794309 50.529633
v -197.197056 -24.318728 51.643290
v -195.500000 -36.046846 48.814683
v -193.802944 -35.727716 48.382517
v -193.100000 -34.957268 47.339177
v -193.802944 -34.186821 46.295836
v -195.500000 -33.867691 45.863670
v -197.197056 -34.186821 46.295836
v -197.900000 -34.957268 47.339177
v -197.197056 -35.727716 48.382517
v -195.500000 -46.670149 44.322805
v -193.802944 -46.256969 43.930407
v -193.100000 -45.259464 42.983073
v -193.802944 -44.261960 42.035739
v -195.500000 -43.848780 41.643341
v -197.197056 -44.261960 42.035739
v -197.900000 -45.259464 42.983073
v -197.197056 -46.256969 43.930407
v -195.500000 -56.144278 38.739552
v -193.802944 -55.647222 38.396583
v -193.100000 -54.447222 37.568583
v -193.802944 -53.247222 36.740583
v -195.500000 -52.750166 36.397614
v -197.197056 -53.247222 36.740583
v -197.900000 -54.447222 37.568583
v -197.197056 -55.647222 38.396583
v -195.500000 -64.235949 32.202403
v -193.802944 -63.667256 31.917309
v -193.100000 -62.294309 31.229030
v -193.802944 -60.921361 30.540752
v -195.500000 -60.352668 30.255658
v -197.197056 -60.921361 30.540752
v -197.900000 -62.294309 31.229030
v -197.197056 -63.667256 31.917309
v -195.500000 -70.745918 24.872324
v -193.802944 -70.119591 24.652124
v -193.100000 -68.607502 24.120515
v -193.802944 -67.095414 23.588907
v -195.500000 -66.469087 23.368707
v -197.197056 -67.095414 23.588907
v -197.900000 -68.607502 24.120515
v -197.197056 -70.119591 24.652124
v -195.500000 -75.513887 16.929805
v -193.802944 -74.845348 16.779922
v -193.100000 -73.231352 16.418073
v -193.802944 -71.617355 16.056224
v -195.500000 -70.948816 15.906341
v -197.197056 -71.617355 16.056224
v -197.900000 -73.231352 16.418073
v -197.197056 -74.845348 16.779922
v -195.500000 -78.422454 8.570419
v -193.802944 -77.728165 8.494543
v -193.100000 -76.052002 8.311363
v -193.802944 -74.375840 8.128183
v -195.500000 -73.681550 8.052308
v -197.197056 -74.375840 8.128183
v -197.900000 -76.052002 8.311363
v -197.197056 -77.728165 8.494543
v -195.500000 -79.400000 0.000000
v -193.802944 -78.697056 0.000000
v -193.100000 -77.000000 0.000000
v -193.802944 -75.302944 0.000000
v -195.500000 -74.600000 0.000000
v -197.197056 -75.302944 0.000000
v -197.900000 -77.000000 0.000000
v -197.197056 -78.697056 0.000000
v -195.500000 -78.422454 -8.570419
v -193.802944 -77.728165 -8.494543
v -193.100000 -76.052002 -8.311363
v -193.802944 -74.375840 -8.128183
v -195.500000 -73.681550 -8.052308
v -197.197056 -74.375840 -8.128183
v -197.900000 -76.052002 -8.311363
v -197.197056 -77.728165 -8.494543
v -195.500000 -75.513887 -16.929805
v -193.802944 -74.845348 -16.779922
v -193.100000 -73.231352 -16.418073
v -193.802944 -71.617355 -16.056224
v -195.500000 -70.948816 -15.906341
v -197.197056 -71.617355 -16.056224
v -197.900000 -73.231352 -16.418073
v -197.197056 -74.845348 -16.779922
v -195.500000 -70.745918 -24.872324
v -193.802944 -70.119591 -24.652124
v -193.100000 -68.607502 -24.120515
v -193.802944 -67.095414 -23.588907
v -195.500000 -66.469087 -23.368707
v -197.197056 -67.095414 -23.588907
v -197.900000 -68.607502 -24.120515
v -197.197056 -70.119591 -24.652124
v -195.500000 -64.235949 -32.202403
v -193.802944 -63.667256 -31.917309
v -193.100000 -62.294309 -31.229030
v -193.802944 -60.921361 -30.540752
v -195.500000 -60.352668 -30.255658
v -197.197056 -60.921361 -30.540752
v -197.900000 -62.294309 -31.229030
v -197.197056 -63.667256 -31.917309
v -195.500000 -56.144278 -38.739552
v -193.802944 -55.647222 -38.396583
v -193.100000 -54.447222 -37.568583
v -193.802944 -53.247222 -36.740583
v -195.500000 -52.750166 -36.397614
v -197.197056 -53.247222 -36.740583
v -197.900000 -54.447222 -37.568583
v -197.197056 -55.647222 -38.396583
v -195.500000 -46.670149 -44.322805
v -193.802944 -46.256969 -43.930407
v -193.100000 -45.259464 -42.983073
v -193.802944 -44.261960 -42.035739
v -195.500000 -43.848780 -41.643341
v -197.197056 -44.261960 -42.035739
v -197.900000 -45.259464 -42.983073
v -197.197056 -46.256969 -43.930407
v -195.500000 -36.046846 -48.814683
v -193.802944 -35.727716 -48.382517
v -193.100000 -34.957268 -47.339177
v -193.802944 -34.186821 -46.295836
v -195.500000 -33.867691 -45.863670
v -197.197056 -34.186821 -46.295836
v -197.900000 -34.957268 -47.339177
v -197.197056 -35.727716 -48.382517
v -195.500000 -24.535949 -52.104582
v -193.802944 -24.318728 -51.643290
v -193.100000 -23.794309 -50.529633
v -193.802944 -23.269889 -49.415975
v -195.500000 -23.052668 -48.954683
v -197.197056 -23.269889 -49.415975
v -197.900000 -23.794309 -50.529633
v -197.197056 -24.318728 -51.643290
v -195.500000 -12.420897 -54.111493
v -193.802944 -12.310932 -53.632434
v -193.100000 -12.045454 -52.475882
v -193.802944 -11.779976 -51.319329
v -195.500000 -11.670011 -50.840270
v -197.197056 -11.779976 -51.319329
v -197.900000 -12.045454 -52.475882
v -197.197056 -12.310932 -53.632434
v -195.500000 0.000000 -54.786000
v -193.802944 0.000000 -54.300969
v -193.100000 0.000000 -53.130000
v -193.802944 0.000000 -51.959031
v -195.500000 0.000000 -51.474000
v -197.197056 0.000000 -51.959031
v -197.900000 0.000000 -53.130000
v -197.197056 0.000000 -54.300969
v -195.500000 12.420897 -54.111493
v -193.802944 12.310932 -53.632434
v -193.100000 12.045454 -52.475882
v -193.802944 11.779976 -51.319329
v -195.500000 11.670011 -50.840270
v -197.197056 11.779976 -51.319329
v -197.900000 12.045454 -52.475882
v -197.197056 12.310932 -53.632434
v -195.500000 24.535949 -52.104582
v -193.802944 24.318728 -51.643290
v -193.100000 23.794309 -50.529633
v -193.802944 23.269889 -49.415975
v -195.500000 23.052668 -48.954683
v -197.197056 23.269889 -49.415975
v -197.900000 23.794309 -50.529633
v -197.197056 24.318728 -51.643290
v -195.500000 36.046846 -48.814683
v -193.802944 35.727716 -48.382517
v -193.100000 34.957268 -47.339177
v -193.802944 34.186821 -46.295836
v -195.500000 33.867691 -45.863670
v -197.197056 34.186821 -46.295836
v -197.900000 34.957268 -47.339177
v -197.197056 35.727716 -48.382517
v -195.500000 46.670149 -44.322805
v -193.802944 46.256969 -43.930407
v -193.100000 45.259464 -42.983073
v -193.802944 44.261960 -42.035739
v -195.500000 43.848780 -41.643341
v -197.197056 44.261960 -42.035739
v -197.900000 45.259464 -42.983073
v -197.197056 46.256969 -43.930407
v -195.500000 56.144278 -38.739552
v -193.802944 55.647222 -38.396583
v -193.100000 54.447222 -37.568583
v -193.802944 53.247222 -36.740583
v -195.500000 52.750166 -36.397614
v -197.197056 53.247222 -36.740583
v -197.900000 54.447222 -37.568583
v -197.197056 55.647222 -38.396583
v -195.500000 64.235949 -32.202403
v -193.802944 63.667256 -31.917309
v -193.100000 62.294309 -31.229030
v -193.802944 60.921361 -30.540752
v -195.500000 60.352668 -30.255658
v -197.197056 60.921361 -30.540752
v -197.900000 62.294309 -31.229030
v -197.197056 63.667256 -31.917309
v -195.500000 70.745918 -24.872324
v -193.802944 70.119591 -24.652124
v -193.100000 68.607502 -24.120515
v -193.802944 67.095414 -23.588907
v -195.500000 66.469087 -23.368707
v -197.197056 67.095414 -23.588907
v -197.900000 68.607502 -24.120515
v -197.197056 70.119591 -24.652124
v -195.500000 75.513887 -16.929805
v -193.802944 74.845348 -16.779922
v -193.100000 73.231352 -16.418073
v -193.802944 71.617355 -16.056224
v -195.500000 70.948816 -15.906341
v -197.197056 71.617355 -16.056224
v -197.900000 73.231352 -16.418073
v -197.197056 74.845348 -16.779922
v -195.500000 78.422454 -8.570419
v -193.802944 77.728165 -8.494543
v -193.100000 76.052002 -8.311363
v -193.802944 74.375840 -8.128183
v -195.500000 73.681550 -8.052308
v -197.197056 74.375840 -8.128183
v -197.900000 76.052002 -8.311363
v -197.197056 77.728165 -8.494543
v -169.050000 89.400000 0.000000
v -167.352944 88.697056 0.000000
v -166.650000 87.000000 0.000000
v -167.352944 85.302944 0.000000
v -169.050000 84.600000 0.000000
v -170.747056 85.302944 0.000000
v -171.450000 87.000000 0.000000
v -170.747056 88.697056 0.000000
v -169.050000 88.299338 9.649816
v -167.352944 87.605048 9.573941
v -166.650000 85.928886 9.390761
v -167.352944 84.252723 9.207581
v -169.050000 83.558434 9.131705
v -170.747056 84.252723 9.207581
v -171.450000 85.928886 9.390761
v -170.747056 87.605048 9.573941
v -169.050000 85.024453 19.062022
v -167.352944 84.355913 18.912139
v -166.650000 82.741917 18.550290
v -167.352944 81.127920 18.188441
v -169.050000 80.459381 18.038558
v -170.747056 81.127920 18.188441
v -171.450000 82.741917 18.550290
v -170.747056 84.355913 18.912139
v -169.050000 79.655983 28.004858
v -167.352944 79.029656 27.784658
v -166.650000 77.517568 27.253050
v -167.352944 76.005479 26.721441
v -169.050000 75.379152 26.501241
v -170.747056 76.005479 26.721441
v -171.450000 77.517568 27.253050
v -170.747056 79.029656 27.784658
v -169.050000 72.326119 36.258121
v -167.352944 71.757426 35.973027
v -166.650000 70.384479 35.284749
v -167.352944 69.011531 34.596470
v -169.050000 68.442838 34.311376
v -170.747056 69.011531 34.596470
v -171.450000 70.384479 35.284749
v -170.747056 71.757426 35.973027
v -169.050000 63.215346 43.618589
v -167.352944 62.718290 43.275620
v -166.650000 61.518290 42.447620
v -167.352944 60.318290 41.619620
v -169.050000 59.821234 41.276651
v -170.747056 60.318290 41.619620
v -171.450000 61.518290 42.447620
v -170.747056 62.718290 43.275620
v -169.050000 52.548002 49.905022
v -167.352944 52.134822 49.512624
v -166.650000 51.137317 48.565290
v -167.352944 50.139812 47.617956
v -169.050000 49.726632 47.225558
v -170.747056 50.139812 47.617956
v -171.450000 51.137317 48.565290
v -170.747056 52.134822 49.512624
v -169.050000 40.586751 54.962628
v -167.352944 40.267621 54.530463
v -166.650000 39.497173 53.487122
v -167.352944 38.726726 52.443781
v -169.050000 38.407596 52.011615
v -170.747056 38.726726 52.443781
v -171.450000 39.497173 53.487122
v -170.747056 40.267621 54.530463
v -169.050000 27.626119 58.666872
v -167.352944 27.408898 58.205580
v -166.650000 26.884479 57.091923
v -167.352944 26.360059 55.978265
v -169.050000 26.142838 55.516973
v -170.747056 26.360059 55.978265
v -171.450000 26.884479 57.091923
v -170.747056 27.408898 58.205580
v -169.050000 13.985241 60.926543
v -167.352944 13.875277 60.447483
v -166.650000 13.609798 59.290931
v -167.352944 13.344320 58.134379
v -169.050000 13.234356 57.655319
v -170.747056 13.344320 58.134379
v -171.450000 13.609798 59.290931
v -170.747056 13.875277 60.447483
v -169.050000 0.000000 61.686000
v -167.352944 0.000000 61.200969
v -166.650000 0.000000 60.030000
v -167.352944 0.000000 58.859031
v -169.050000 0.000000 58.374000
v -170.747056 0.000000 58.859031
v -171.450000 0.000000 60.030000
v -170.747056 0.000000 61.200969
v -169.050000 -13.985241 60.926543
v -167.352944 -13.875277 60.447483
v -166.650000 -13.609798 59.290931
v -167.352944 -13.344320 58.134379
v -169.050000 -13.234356 57.655319
v -170.747056 -13.344320 58.134379
v -171.450000 -13.609798 59.290931
v -170.747056 -13.875277 60.447483
v -169.050000 -27.626119 58.666872
v -167.352944 -27.408898 58.205580
v -166.650000 -26.884479 57.091923
v -167.352944 -26.360059 55.978265
v -169.050000 -26.142838 55.516973
v -170.747056 -26.360059 55.978265
v -171.450000 -26.884479 57.091923
v -170.747056 -27.408898 58.205580
v -169.050000 -40.586751 54.962628
v -167.352944 -40.267621 54.530463
v -166.650000 -39.497173 53.487122
v -167.352944 -38.726726 52.443781
v -169.050000 -38.407596 52.011615
v -170.747056 -38.726726 52.443781
v -171.450000 -39.497173 53.487122
v -170.747056 -40.267621 54.530463
v -169.050000 -52.548002 49.905022
v -167.352944 -52.134822 49.512624
v -166.650000 -51.137317 48.565290
v -167.352944 -50.139812 47.617956
v -169.050000 -49.726632 47.225558
v -170.747056 -50.139812 47.617956
v -171.450000 -51.137317 48.565290
v -170.747056 -52.134822 49.512624
v -169.050000 -63.215346 43.618589
v -167.352944 -62.718290 43.275620
v -166.650000 -61.518290 42.447620
v -167.352944 -60.318290 41.619620
v -169.050000 -59.821234 41.276651
v -170.747056 -60.318290 41.619620
v -171.450000 -61.518290 42.447620
v -170.747056 -62.718290 43.275620
v -169.050000 -72.326119 36.258121
v -167.352944 -71.757426 35.973027
v -166.650000 -70.384479 35.284749
v -167.352944 -69.011531 34.596470
v -169.050000 -68.442838 34.311376
v -170.747056 -69.011531 34.596470
v -171.450000 -70.384479 35.284749
v -170.747056 -71.757426 35.973027
v -169.050000 -79.655983 28.004858
v -167.352944 -79.029656 27.784658
v -166.650000 -77.517568 27.253050
v -167.352944 -76.005479 26.721441
v -169.050000 -75.379152 26.501241
v -170.747056 -76.005479 26.721441
v -171.450000 -77.517568 27.253050
v -170.747056 -79.029656 27.784658
v -169.050000 -85.024453 19.062022
v -167.352944 -84.355913 18.912139
v -166.650000 -82.741917 18.550290
v -167.352944 -81.127920 18.188441
v -169.050000 -80.459381 18.038558
v -170.747056 -81.127920 18.188441
v -171.450000 -82.741917 18.550290
v -170.747056 -84.355913 18.912139
v -169.050000 -88.299338 9.649816
v -167.352944 -87.605048 9.573941
v -166.650000 -85.928886 9.390761
v -167.352944 -84.252723 9.207581
v -169.050000 -83.558434 9.131705
v -170.747056 -84.252723 9.207581
v -171.450000 -85.928886 9.390761
v -170.747056 -87.605048 9.573941
v -169.050000 -89.400000 0.000000
v -167.352944 -88.697056 0.000000
v -166.650000 -87.000000 0.000000
v -167.352944 -85.302944 0.000000
v -169.050000 -84.600000 0.000000
v -170.747056 -85.302944 0.000000
v -171.450000 -87.000000 0.000000
v -170.747056 -88.697056 0.000000
v -169.050000 -88.299338 -9.649816
v -167.352944 -87.605048 -9.573941
v -166.650000 -85.928886 -9.390761
v -167.352944 -84.252723 -9.207581
v -169.050000 -83.558434 -9.131705
v -170.747056 -84.252723 -9.207581
v -171.450000 -85.928886 -9.390761
v -170.747056 -87.605048 -9.573941
v -169.050000 -85.024453 -19.062022
v -167.352944 -84.355913 -18.912139
v -166.650000 -82.741917 -18.550290
v -167.352944 -81.127920 -18.188441
v -169.050000 -80.459381 -18.038558
v -170.747056 -81.127920 -18.188441
v -171.450000 -82.741917 -18.550290
v -170.747056 -84.355913 -18.912139
v -169.050000 -79.655983 -28.004858
v -167.352944 -79.029656 -27.784658
v -166.650000 -77.517568 -27.253050
v -167.352944 -76.005479 -26.721441
v -169.050000 -75.379152 -26.501241
v -170.747056 -76.005479 -26.721441
v -171.450000 -77.517568 -27.253050
v -170.747056 -79.029656 -27.784658
v -169.050000 -72.326119 -36.258121
v -167.352944 -71.757426 -35.973027
v -166.650000 -70.384479 -35.284749
v -167.352944 -69.011531 -34.596470
v -169.050000 -68.442838 -34.311376
v -170.747056 -69.011531 -34.596470
v -171.450000 -70.384479 -35.284749
v -170.747056 -71.757426 -35.973027
v -169.050000 -63.215346 -43.618589
v -167.352944 -62.718290 -43.275620
v -166.650000 -61.518290 -42.447620
v -167.352944 -60.318290 -41.619620
v -169.050000 -59.821234 -41.276651
v -170.747056 -60.318290 -41.619620
v -171.450000 -61.518290 -42.447620
v -170.747056 -62.718290 -43.275620
v -169.050000 -52.548002 -49.905022
v -167.352944 -52.134822 -49.512624
v -166.650000 -51.137317 -48.565290
v -167.352944 -50.139812 -47.617956
v -169.050000 -49.726632 -47.225558
v -170.747056 -50.139812 -47.617956
v -171.450000 -51.137317 -48.565290
v -170.747056 -52.134822 -49.512624
v -169.050000 -40.586751 -54.962628
v -167.352944 -40.267621 -54.530463
v -166.650000 -39.497173 -53.487122
v -167.352944 -38.726726 -52.443781
v -169.050000 -38.407596 -52.011615
v -170.747056 -38.726726 -52.443781
v -171.450000 -39.497173 -53.487122
v -170.747056 -40.267621 -54.530463
v -169.050000 -27.626119 -58.666872
v -167.352944 -27.408898 -58.205580
v -166.650000 -26.884479 -57.091923
v -167.352944 -26.360059 -55.978265
v -169.050000 -26.142838 -55.516973
v -170.747056 -26.360059 -55.978265
v -171.450000 -26.884479 -57.091923
v -170.747056 -27.408898 -58.205580
v -169.050000 -13.985241 -60.926543
v -167.352944 -13.875277 -60.447483
v -166.650000 -13.609798 -59.290931
v -167.352944 -13.344320 -58.134379
v -169.050000 -13.234356 -57.655319
v -170.747056 -13.344320 -58.134379
v -171.450000 -13.609798 -59.290931
v -170.747056 -13.875277 -60.447483
v -169.050000 0.000000 -61.686000
v -167.352944 0.000000 -61.200969
v -166.650000 0.000000 -60.030000
v -167.352944 0.000000 -58.859031
v -169.050000 0.000000 -58.374000
v -170.747056 0.000000 -58.859031
v -171.450000 0.000000 -60.030000
v -170.747056 0.000000 -61.200969
v -169.050000 13.985241 -60.926543
v -167.352944 13.875277 -60.447483
v -166.650000 13.609798 -59.290931
v -167.352944 13.344320 -58.134379
v -169.050000 13.234356 -57.655319
v -170.747056 13.344320 -58.134379
v -171.450000 13.609798 -59.290931
v -170.747056 13.875277 -60.447483
v -169.050000 27.626119 -58.666872
v -167.352944 27.408898 -58.205580
v -166.650000 26.884479 -57.091923
v -167.352944 26.360059 -55.978265
v -169.050000 26.142838 -55.516973
v -170.747056 26.360059 -55.978265
v -171.450000 26.884479 -57.091923
v -170.747056 27.408898 -58.205580
v -169.050000 40.586751 -54.962628
v -167.352944 40.267621 -54.530463
v -166.650000 39.497173 -53.487122
v -167.352944 38.726726 -52.443781
v -169.050000 38.407596 -52.011615
v -170.747056 38.726726 -52.443781
v -171.450000 39.497173 -53.487122
v -170.747056 40.267621 -54.530463
v -169.050000 52.548002 -49.905022
v -167.352944 52.134822 -49.512624
v -166.650000 51.137317 -48.565290
v -167.352944 50.139812 -47.617956
v -169.050000 49.726632 -47.225558
v -170.747056 50.139812 -47.617956
v -171.450000 51.137317 -48.565290
v -170.747056 52.134822 -49.512624
v -169.050000 63.215346 -43.618589
v -167.352944 62.718290 -43.275620
v -166.650000 61.518290 -42.447620
v -167.352944 60.318290 -41.619620
v -169.050000 59.821234 -41.276651
v -170.747056 60.318290 -41.619620
v -171.450000 61.518290 -42.447620
v -170.747056 62.718290 -43.275620
v -169.050000 72.326119 -36.258121
v -167.352944 71.757426 -35.973027
v -166.650000 70.384479 -35.284749
v -167.352944 69.011531 -34.596470
v -169.050000 68.442838 -34.311376
v -170.747056 69.011531 -34.596470
v -171.450000 70.384479 -35.284749
v -170.747056 71.757426 -35.973027
v -169.050000 79.655983 -28.004858
v -167.352944 79.029656 -27.784658
v -166.650000 77.517568 -27.253050
v -167.352944 76.005479 -26.721441
v -169.050000 75.379152 -26.501241
v -170.747056 76.005479 -26.721441
v -171.450000 77.517568 -27.253050
v -170.747056 79.029656 -27.784658
v -169.050000 85.024453 -19.062022
v -167.352944 84.355913 -18.912139
v -166.650000 82.741917 -18.550290
v -167.352944 81.127920 -18.188441
v -169.050000 80.459381 -18.038558
v -170.747056 81.127920 -18.188441
v -171.450000 82.741917 -18.550290
v -170.747056 84.355913 -18.912139
v -169.050000 88.299338 -9.649816
v -167.352944 87.605048 -9.573941
v -166.650000 85.928886 -9.390761
v -167.352944 84.252723 -9.207581
v -169.050000 83.558434 -9.131705
v -170.747056 84.252723 -9.207581
v -171.450000 85.928886 -9.390761
v -170.747056 87.605048 -9.573941
v -139.150000 96.400000 0.000000
v -137.452944 95.697056 0.000000
v -136.750000 94.000000 0.000000
v -137.452944 92.302944 0.000000
v -139.150000 91.600000 0.000000
v -140.847056 92.302944 0.000000
v -141.550000 94.000000 0.000000
v -140.847056 95.697056 0.000000
v -139.150000 95.213156 10.405395
v -137.452944 94.518867 10.329519
v -136.750000 92.842704 10.146339
v -137.452944 91.166541 9.963160
v -139.150000 90.472252 9.887284
v -140.847056 91.166541 9.963160
v -141.550000 92.842704 10.146339
v -140.847056 94.518867 10.329519
v -139.150000 91.681848 20.554574
v -137.452944 91.013309 20.404692
v -136.750000 89.399313 20.042842
v -137.452944 87.785316 19.680993
v -139.150000 87.116777 19.531110
v -140.847056 87.785316 19.680993
v -141.550000 89.399313 20.042842
v -140.847056 91.013309 20.404692
v -139.150000 85.893029 30.197632
v -137.452944 85.266701 29.977433
v -136.750000 83.754613 29.445824
v -137.452944 82.242525 28.914215
v -139.150000 81.616198 28.694016
v -140.847056 82.242525 28.914215
v -141.550000 83.754613 29.445824
v -140.847056 85.266701 29.977433
v -139.150000 77.989238 39.097124
v -137.452944 77.420545 38.812030
v -136.750000 76.047597 38.123751
v -137.452944 74.674650 37.435473
v -139.150000 74.105957 37.150379
v -140.847056 74.674650 37.435473
v -141.550000 76.047597 38.123751
v -140.847056 77.420545 38.812030
v -139.150000 68.165094 47.033915
v -137.452944 67.668037 46.690946
v -136.750000 66.468037 45.862946
v -137.452944 65.268037 45.034946
v -139.150000 64.770981 44.691977
v -140.847056 65.268037 45.034946
v -141.550000 66.468037 45.862946
v -140.847056 67.668037 46.690946
v -139.150000 56.662498 53.812574
v -137.452944 56.249318 53.420176
v -136.750000 55.251814 52.472842
v -137.452944 54.254309 51.525509
v -139.150000 53.841129 51.133110
v -140.847056 54.254309 51.525509
v -141.550000 55.251814 52.472842
v -140.847056 56.249318 53.420176
v -139.150000 43.764684 59.266190
v -137.452944 43.445554 58.834024
v -136.750000 42.675107 57.790683
v -137.452944 41.904660 56.747342
v -139.150000 41.585530 56.315176
v -140.847056 41.904660 56.747342
v -141.550000 42.675107 57.790683
v -140.847056 43.445554 58.834024
v -139.150000 29.789238 63.260475
v -137.452944 29.572017 62.799183
v -136.750000 29.047597 61.685526
v -137.452944 28.523178 60.571868
v -139.150000 28.305957 60.110576
v -140.847056 28.523178 60.571868
v -141.550000 29.047597 61.685526
v -140.847056 29.572017 62.799183
v -139.150000 15.080282 65.697078
v -137.452944 14.970318 65.218018
v -136.750000 14.704840 64.061466
v -137.452944 14.439362 62.904914
v -139.150000 14.329397 62.425854
v -140.847056 14.439362 62.904914
v -141.550000 14.704840 64.061466
v -140.847056 14.970318 65.218018
v -139.150000 0.000000 66.516000
v -137.452944 0.000000 66.030969
v -136.750000 0.000000 64.860000
v -137.452944 0.000000 63.689031
v -139.150000 0.000000 63.204000
v -140.847056 0.000000 63.689031
v -141.550000 0.000000 64.860000
v -140.847056 0.000000 66.030969
v -139.150000 -15.080282 65.697078
v -137.452944 -14.970318 65.218018
v -136.750000 -14.704840 64.061466
v -137.452944 -14.439362 62.904914
v -139.150000 -14.329397 62.425854
v -140.847056 -14.439362 62.904914
v -141.550000 -14.704840 64.061466
v -140.847056 -14.970318 65.218018
v -139.150000 -29.789238 63.260475
v -137.452944 -29.572017 62.799183
v -136.750000 -29.047597 61.685526
v -137.452944 -28.523178 60.571868
v -139.150000 -28.305957 60.110576
v -140.847056 -28.523178 60.571868
v -141.550000 -29.047597 61.685526
v -140.847056 -29.572017 62.799183
v -139.150000 -43.764684 59.266190
v -137.452944 -43.445554 58.834024
v -136.750000 -42.675107 57.790683
v -137.452944 -41.904660 56.747342
v -139.150000 -41.585530 56.315176
v -140.847056 -41.904660 56.747342
v -141.550000 -42.675107 57.790683
v -140.847056 -43.445554 58.834024
v -139.150000 -56.662498 53.812574
v -137.452944 -56.249318 53.420176
v -136.750000 -55.251814 52.472842
v -137.452944 -54.254309 51.525509
v -139.150000 -53.841129 51.133110
v -140.847056 -54.254309 51.525509
v -141.550000 -55.251814 52.472842
v -140.847056 -56.249318 53.420176
v -139.150000 -68.165094 47.033915
v -137.452944 -67.668037 46.690946
v -136.750000 -66.468037 45.862946
v -137.452944 -65.268037 45.034946
v -139.150000 -64.770981 44.691977
v -140.847056 -65.268037 45.034946
v -141.550000 -66.468037 45.862946
v -140.847056 -67.668037 46.690946
v -139.150000 -77.989238 39.097124
v -137.452944 -77.420545 38.812030
v -136.750000 -76.047597 38.123751
v -137.452944 -74.674650 37.435473
v -139.150000 -74.105957 37.150379
v -140.847056 -74.674650 37.435473
v -141.550000 -76.047597 38.123751
v -140.847056 -77.420545 38.812030
v -139.150000 -85.893029 30.197632
v -137.452944 -85.266701 29.977433
v -136.750000 -83.754613 29.445824
v -137.452944 -82.242525 28.914215
v -139.150000 -81.616198 28.694016
v -140.847056 -82.242525 28.914215
v -141.550000 -83.754613 29.445824
v -140.847056 -85.266701 29.977433
v -139.150000 -91.681848 20.554574
v -137.452944 -91.013309 20.404692
v -136.750000 -89.399313 20.042842
v -137.452944 -87.785316 19.680993
v -139.150000 -87.116777 19.531110
v -140.847056 -87.785316 19.680993
v -141.550000 -89.399313 20.042842
v -140.847056 -91.013309 20.404692
v -139.150000 -95.213156 10.405395
v -137.452944 -94.518867 10.329519
v -136.750000 -92.842704 10.146339
v -137.452944 -91.166541 9.963160
v -139.150000 -90.472252 9.887284
v -140.847056 -91.166541 9.963160
v -141.550000 -92.842704 10.146339
v -140.847056 -94.518867 10.329519
v -139.150000 -96.400000 0.000000
v -137.452944 -95.697056 0.000000
v -136.750000 -94.000000 0.000000
v -137.452944 -92.302944 0.000000
v -139.150000 -91.600000 0.000000
v -140.847056 -92.302944 0.000000
v -141.550000 -94.000000 0.000000
v -140.847056 -95.697056 0.000000
v -139.150000 -95.213156 -10.405395
v -137.452944 -94.518867 -10.329519
v -136.750000 -92.842704 -10.146339
v -137.452944 -91.166541 -9.963160
v -139.150000 -90.472252 -9.887284
v -140.847056 -91.166541 -9.963160
v -141.550000 -92.842704 -10.146339
v -140.847056 -94.518867 -10.329519
v -139.150000 -91.681848 -20.554574
v -137.452944 -91.013309 -20.404692
v -136.750000 -89.399313 -20.042842
v -137.452944 -87.785316 -19.680993
v -139.150000 -87.116777 -19.531110
v -140.847056 -87.785316 -19.680993
v -141.550000 -89.399313 -20.042842
v -140.847056 -91.013309 -20.404692
v -139.150000 -85.893029 -30.197632
v -137.452944 -85.266701 -29.977433
v -136.750000 -83.754613 -29.445824
v -137.452944 -82.242525 -28.914215
v -139.150000 -81.616198 -28.694016
v -140.847056 -82.242525 -28.914215
v -141.550000 -83.754613 -29.445824
v -140.847056 -85.266701 -29.977433
v -139.150000 -77.989238 -39.097124
v -137.452944 -77.420545 -38.812030
v -136.750000 -76.047597 -38.123751
v -137.452944 -74.674650 -37.435473
v -139.150000 -74.105957 -37.150379
v -140.847056 -74.674650 -37.435473
v -141.550000 -76.047597 -38.123751
v -140.847056 -77.420545 -38.812030
v -139.150000 -68.165094 -47.033915
v -137.452944 -67.668037 -46.690946
v -136.750000 -66.468037 -45.862946
v -137.452944 -65.268037 -45.034946
v -139.150000 -64.770981 -44.691977
v -140.847056 -65.268037 -45.034946
v -141.550000 -66.468037 -45.862946
v -140.847056 -67.668037 -46.690946
v -139.150000 -56.662498 -53.812574
v -137.452944 -56.249318 -53.420176
v -136.750000 -55.251814 -52.472842
v -137.452944 -54.254309 -51.525509
v -139.150000 -53.841129 -51.133110
v -140.847056 -54.254309 -51.525509
v -141.550000 -55.251814 -52.472842
v -140.847056 -56.249318 -53.420176
v -139.150000 -43.764684 -59.266190
v -137.452944 -43.445554 -58.834024
v -136.750000 -42.675107 -57.790683
v -137.452944 -41.904660 -56.747342
v -139.150000 -41.585530 -56.315176
v -140.847056 -41.904660 -56.747342
v -141.550000 -42.675107 -57.790683
v -140.847056 -43.445554 -58.834024
v -139.150000 -29.789238 -63.260475
v -137.452944 -29.572017 -62.799183
v -136.750000 -29.047597 -61.685526
v -137.452944 -28.523178 -60.571868
v -139.150000 -28.305957 -60.110576
v -140.847056 -28.523178 -60.571868
v -141.550000 -29.047597 -61.685526
v -140.847056 -29.572017 -62.799183
v -139.150000 -15.080282 -65.697078
v -137.452944 -14.970318 -65.218018
v -136.750000 -14.704840 -64.061466
v -137.452944 -14.439362 -62.904914
v -139.150000 -14.329397 -62.425854
v -140.847056 -14.439362 -62.904914
v -141.550000 -14.704840 -64.061466
v -140.847056 -14.970318 -65.218018
v -139.150000 0.000000 -66.516000
v -137.452944 0.000000 -66.030969
v -136.750000 0.000000 -64.860000
v -137.452944 0.000000 -63.689031
v -139.150000 0.000000 -63.204000
v -140.847056 0.000000 -63.689031
v -141.550000 0.000000 -64.860000
v -140.847056 0.000000 -66.030969
v -139.150000 15.080282 -65.697078
v -137.452944 14.970318 -65.218018
v -136.750000 14.704840 -64.061466
v -137.452944 14.439362 -62.904914
v -139.150000 14.329397 -62.425854
v -140.847056 14.439362 -62.904914
v -141.550000 14.704840 -64.061466
v -140.847056 14.970318 -65.218018
v -139.150000 29.789238 -63.260475
v -137.452944 29.572017 -62.799183
v -136.750000 29.047597 -61.685526
v -137.452944 28.523178 -60.571868
v -139.150000 28.305957 -60.110576
v -140.847056 28.523178 -60.571868
v -141.550000 29.047597 -61.685526
v -140.847056 29.572017 -62.799183
v -139.150000 43.764684 -59.266190
v -137.452944 43.445554 -58.834024
v -136.750000 42.675107 -57.790683
v -137.452944 41.904660 -56.747342
v -139.150000 41.585530 -56.315176
v -140.847056 41.904660 -56.747342
v -141.550000 42.675107 -57.790683
v -140.847056 43.445554 -58.834024
v -139.150000 56.662498 -53.812574
v -137.452944 56.249318 -53.420176
v -136.750000 55.251814 -52.472842
v -137.452944 54.254309 -51.525509
v -139.150000 53.841129 -51.133110
v -140.847056 54.254309 -51.525509
v -141.550000 55.251814 -52.472842
v -140.847056 56.249318 -53.420176
v -139.150000 68.165094 -47.033915
v -137.452944 67.668037 -46.690946
v -136.750000 66.468037 -45.862946
v -137.452944 65.268037 -45.034946
v -139.150000 64.770981 -44.691977
v -140.847056 65.268037 -45.034946
v -141.550000 66.468037 -45.862946
v -140.847056 67.668037 -46.690946
v -139.150000 77.989238 -39.097124
v -137.452944 77.420545 -38.812030
v -136.750000 76.047597 -38.123751
v -137.452944 74.674650 -37.435473
v -139.150000 74.105957 -37.150379
v -140.847056 74.674650 -37.435473
v -141.550000 76.047597 -38.123751
v -140.847056 77.420545 -38.812030
v -139.150000 85.893029 -30.197632
v -137.452944 85.266701 -29.977433
v -136.750000 83.754613 -29.445824
v -137.452944 82.242525 -28.914215
v -139.150000 81.616198 -28.694016
v -140.847056 82.242525 -28.914215
v -141.550000 83.754613 -29.445824
v -140.847056 85.266701 -29.977433
v -139.150000 91.681848 -20.554574
v -137.452944 91.013309 -20.404692
v -136.750000 89.399313 -20.042842
v -137.452944 87.785316 -19.680993
v -139.150000 87.116777 -19.531110
v -140.847056 87.785316 -19.680993
v -141.550000 89.399313 -20.042842
v -140.847056 91.013309 -20.404692
v -139.150000 95.213156 -10.405395
v -137.452944 94.518867 -10.329519
v -136.750000 92.842704 -10.146339
v -137.452944 91.166541 -9.963160
v -139.150000 90.472252 -9.887284
v -140.847056 91.166541 -9.963160
v -141.550000 92.842704 -10.146339
v -140.847056 94.518867 -10.329519
v -76.000000 -32.000000 42.000000
v 16.000000 -32.000000 42.000000
v 16.000000 32.000000 42.000000
v -76.000000 32.000000 42.000000
v -76.000000 -32.000000 56.000000
v 16.000000 -32.000000 56.000000
v 16.000000 32.000000 56.000000
v -76.000000 32.000000 56.000000
v -71.000000 -36.000000 50.000000
v -59.000000 -36.000000 50.000000
v -59.000000 36.000000 50.000000
v -71.000000 36.000000 50.000000
v -71.000000 -36.000000 100.000000
v -59.000000 -36.000000 100.000000
v -59.000000 36.000000 100.000000
v -71.000000 36.000000 100.000000
v -205.000000 -155.000000 -25.000000
v -105.000000 -185.000000 -25.000000
v 5.000000 -72.000000 -25.000000
v -155.000000 -62.000000 -25.000000
v -205.000000 -155.000000 -8.000000
v -105.000000 -185.000000 -8.000000
v 5.000000 -72.000000 -8.000000
v -155.000000 -62.000000 -8.000000
v -245.000000 -91.000000 -25.000000
v -245.000000 -91.477038 -21.376533
v -245.000000 -92.875644 -18.000000
v -245.000000 -95.100505 -15.100505
v -245.000000 -98.000000 -12.875644
v -245.000000 -101.376533 -11.477038
v -245.000000 -105.000000 -11.000000
v -245.000000 -108.623467 -11.477038
v -245.000000 -112.000000 -12.875644
v -245.000000 -114.899495 -15.100505
v -245.000000 -117.124356 -18.000000
v -245.000000 -118.522962 -21.376533
v -245.000000 -119.000000 -25.000000
v -245.000000 -118.522962 -28.623467
v -245.000000 -117.124356 -32.000000
v -245.000000 -114.899495 -34.899495
v -245.000000 -112.000000 -37.124356
v -245.000000 -108.623467 -38.522962
v -245.000000 -105.000000 -39.000000
v -245.000000 -101.376533 -38.522962
v -245.000000 -98.000000 -37.124356
v -245.000000 -95.100505 -34.899495
v -245.000000 -92.875644 -32.000000
v -245.000000 -91.477038 -28.623467
v -235.000000 -83.000000 -25.000000
v -235.000000 -83.749632 -19.305981
v -235.000000 -85.947441 -14.000000
v -235.000000 -89.443651 -9.443651
v -235.000000 -94.000000 -5.947441
v -235.000000 -99.305981 -3.749632
v -235.000000 -105.000000 -3.000000
v -235.000000 -110.694019 -3.749632
v -235.000000 -116.000000 -5.947441
v -235.000000 -120.556349 -9.443651
v -235.000000 -124.052559 -14.000000
v -235.000000 -126.250368 -19.305981
v -235.000000 -127.000000 -25.000000
v -235.000000 -126.250368 -30.694019
v -235.000000 -124.052559 -36.000000
v -235.000000 -120.556349 -40.556349
v -235.000000 -116.000000 -44.052559
v -235.000000 -110.694019 -46.250368
v -235.000000 -105.000000 -47.000000
v -235.000000 -99.305981 -46.250368
v -235.000000 -94.000000 -44.052559
v -235.000000 -89.443651 -40.556349
v -235.000000 -85.947441 -36.000000
v -235.000000 -83.749632 -30.694019
v -155.000000 -80.000000 -25.000000
v -155.000000 -80.851854 -18.529524
v -155.000000 -83.349365 -12.500000
v -155.000000 -87.322330 -7.322330
v -155.000000 -92.500000 -3.349365
v -155.000000 -98.529524 -0.851854
v -155.000000 -105.000000 0.000000
v -155.000000 -111.470476 -0.851854
v -155.000000 -117.500000 -3.349365
v -155.000000 -122.677670 -7.322330
v -155.000000 -126.650635 -12.500000
v -155.000000 -129.148146 -18.529524
v -155.000000 -130.000000 -25.000000
v -155.000000 -129.148146 -31.470476
v -155.000000 -126.650635 -37.500000
v -155.000000 -122.677670 -42.677670
v -155.000000 -117.500000 -46.650635
v -155.000000 -111.470476 -49.148146
v -155.000000 -105.000000 -50.000000
v -155.000000 -98.529524 -49.148146
v -155.000000 -92.500000 -46.650635
v -155.000000 -87.322330 -42.677670
v -155.000000 -83.349365 -37.500000
v -155.000000 -80.851854 -31.470476
v -115.000000 -95.000000 -25.000000
v -115.000000 -95.340742 -22.411810
v -115.000000 -96.339746 -20.000000
v -115.000000 -97.928932 -17.928932
v -115.000000 -100.000000 -16.339746
v -115.000000 -102.411810 -15.340742
v -115.000000 -105.000000 -15.000000
v -115.000000 -107.588190 -15.340742
v -115.000000 -110.000000 -16.339746
v -115.000000 -112.071068 -17.928932
v -115.000000 -113.660254 -20.000000
v -115.000000 -114.659258 -22.411810
v -115.000000 -115.000000 -25.000000
v -115.000000 -114.659258 -27.588190
v -115.000000 -113.660254 -30.000000
v -115.000000 -112.071068 -32.071068
v -115.000000 -110.000000 -33.660254
v -115.000000 -107.588190 -34.659258
v -115.000000 -105.000000 -35.000000
v -115.000000 -102.411810 -34.659258
v -115.000000 -100.000000 -33.660254
v -115.000000 -97.928932 -32.071068
v -115.000000 -96.339746 -30.000000
v -115.000000 -95.340742 -27.588190
v -245.000000 -105.000000 -25.000000
v -115.000000 -105.000000 -25.000000
v -247.000000 -88.000000 -25.000000
v -247.000000 -88.579261 -20.600076
v -247.000000 -90.277568 -16.500000
v -247.000000 -92.979185 -12.979185
v -247.000000 -96.500000 -10.277568
v -247.000000 -100.600076 -8.579261
v -247.000000 -105.000000 -8.000000
v -247.000000 -109.399924 -8.579261
v -247.000000 -113.500000 -10.277568
v -247.000000 -117.020815 -12.979185
v -247.000000 -119.722432 -16.500000
v -247.000000 -121.420739 -20.600076
v -247.000000 -122.000000 -25.000000
v -247.000000 -121.420739 -29.399924
v -247.000000 -119.722432 -33.500000
v -247.000000 -117.020815 -37.020815
v -247.000000 -113.500000 -39.722432
v -247.000000 -109.399924 -41.420739
v -247.000000 -105.000000 -42.000000
v -247.000000 -100.600076 -41.420739
v -247.000000 -96.500000 -39.722432
v -247.000000 -92.979185 -37.020815
v -247.000000 -90.277568 -33.500000
v -247.000000 -88.579261 -29.399924
v -243.000000 -88.000000 -25.000000
v -243.000000 -88.579261 -20.600076
v -243.000000 -90.277568 -16.500000
v -243.000000 -92.979185 -12.979185
v -243.000000 -96.500000 -10.277568
v -243.000000 -100.600076 -8.579261
v -243.000000 -105.000000 -8.000000
v -243.000000 -109.399924 -8.579261
v -243.000000 -113.500000 -10.277568
v -243.000000 -117.020815 -12.979185
v -243.000000 -119.722432 -16.500000
v -243.000000 -121.420739 -20.600076
v -243.000000 -122.000000 -25.000000
v -243.000000 -121.420739 -29.399924
v -243.000000 -119.722432 -33.500000
v -243.000000 -117.020815 -37.020815
v -243.000000 -113.500000 -39.722432
v -243.000000 -109.399924 -41.420739
v -243.000000 -105.000000 -42.000000
v -243.000000 -100.600076 -41.420739
v -243.000000 -96.500000 -39.722432
v -243.000000 -92.979185 -37.020815
v -243.000000 -90.277568 -33.500000
v -243.000000 -88.579261 -29.399924
v -247.000000 -105.000000 -25.000000
v -243.000000 -105.000000 -25.000000
v 5.000000 -59.500000 27.500000
v 85.000000 -59.500000 27.500000
v 85.000000 -54.500000 27.500000
v 5.000000 -54.500000 27.500000
v 5.000000 -59.500000 32.500000
v 85.000000 -59.500000 32.500000
v 85.000000 -54.500000 32.500000
v 5.000000 -54.500000 32.500000
v 92.500000 -31.000000 -14.000000
v 157.500000 -31.000000 -14.000000
v 157.500000 -23.000000 -14.000000
v 92.500000 -23.000000 -14.000000
v 92.500000 -31.000000 -6.000000
v 157.500000 -31.000000 -6.000000
v 157.500000 -23.000000 -6.000000
v 92.500000 -23.000000 -6.000000
v -155.000000 62.000000 -25.000000
v 5.000000 72.000000 -25.000000
v -105.000000 185.000000 -25.000000
v -205.000000 155.000000 -25.000000
v -155.000000 62.000000 -8.000000
v 5.000000 72.000000 -8.000000
v -105.000000 185.000000 -8.000000
v -205.000000 155.000000 -8.000000
v -245.000000 119.000000 -25.000000
v -245.000000 118.522962 -21.376533
v -245.000000 117.124356 -18.000000
v -245.000000 114.899495 -15.100505
v -245.000000 112.000000 -12.875644
v -245.000000 108.623467 -11.477038
v -245.000000 105.000000 -11.000000
v -245.000000 101.376533 -11.477038
v -245.000000 98.000000 -12.875644
v -245.000000 95.100505 -15.100505
v -245.000000 92.875644 -18.000000
v -245.000000 91.477038 -21.376533
v -245.000000 91.000000 -25.000000
v -245.000000 91.477038 -28.623467
v -245.000000 92.875644 -32.000000
v -245.000000 95.100505 -34.899495
v -245.000000 98.000000 -37.124356
v -245.000000 101.376533 -38.522962
v -245.000000 105.000000 -39.000000
v -245.000000 108.623467 -38.522962
v -245.000000 112.000000 -37.124356
v -245.000000 114.899495 -34.899495
v -245.000000 117.124356 -32.000000
v -245.000000 118.522962 -28.623467
v -235.000000 127.000000 -25.000000
v -235.000000 126.250368 -19.305981
v -235.000000 124.052559 -14.000000
v -235.000000 120.556349 -9.443651
v -235.000000 116.000000 -5.947441
v -235.000000 110.694019 -3.749632
v -235.000000 105.000000 -3.000000
v -235.000000 99.305981 -3.749632
v -235.000000 94.000000 -5.947441
v -235.000000 89.443651 -9.443651
v -235.000000 85.947441 -14.000000
v -235.000000 83.749632 -19.305981
v -235.000000 83.000000 -25.000000
v -235.000000 83.749632 -30.694019
v -235.000000 85.947441 -36.000000
v -235.000000 89.443651 -40.556349
v -235.000000 94.000000 -44.052559
v -235.000000 99.305981 -46.250368
v -235.000000 105.000000 -47.000000
v -235.000000 110.694019 -46.250368
v -235.000000 116.000000 -44.052559
v -235.000000 120.556349 -40.556349
v -235.000000 124.052559 -36.000000
v -235.000000 126.250368 -30.694019
v -155.000000 130.000000 -25.000000
v -155.000000 129.148146 -18.529524
v -155.000000 126.650635 -12.500000
v -155.000000 122.677670 -7.322330
v -155.000000 117.500000 -3.349365
v -155.000000 111.470476 -0.851854
v -155.000000 105.000000 0.000000
v -155.000000 98.529524 -0.851854
v -155.000000 92.500000 -3.349365
v -155.000000 87.322330 -7.322330
v -155.000000 83.349365 -12.500000
v -155.000000 80.851854 -18.529524
v -155.000000 80.000000 -25.000000
v -155.000000 80.851854 -31.470476
v -155.000000 83.349365 -37.500000
v -155.000000 87.322330 -42.677670
v -155.000000 92.500000 -46.650635
v -155.000000 98.529524 -49.148146
v -155.000000 105.000000 -50.000000
v -155.000000 111.470476 -49.148146
v -155.000000 117.500000 -46.650635
v -155.000000 122.677670 -42.677670
v -155.000000 126.650635 -37.500000
v -155.000000 129.148146 -31.470476
v -115.000000 115.000000 -25.000000
v -115.000000 114.659258 -22.411810
v -115.000000 113.660254 -20.000000
v -115.000000 112.071068 -17.928932
v -115.000000 110.000000 -16.339746
v -115.000000 107.588190 -15.340742
v -115.000000 105.000000 -15.000000
v -115.000000 102.411810 -15.340742
v -115.000000 100.000000 -16.339746
v -115.000000 97.928932 -17.928932
v -115.000000 96.339746 -20.000000
v -115.000000 95.340742 -22.411810
v -115.000000 95.000000 -25.000000
v -115.000000 95.340742 -27.588190
v -115.000000 96.339746 -30.000000
v -115.000000 97.928932 -32.071068
v -115.000000 100.000000 -33.660254
v -115.000000 102.411810 -34.659258
v -115.000000 105.000000 -35.000000
v -115.000000 107.588190 -34.659258
v -115.000000 110.000000 -33.660254
v -115.000000 112.071068 -32.071068
v -115.000000 113.660254 -30.000000
v -115.000000 114.659258 -27.588190
v -245.000000 105.000000 -25.000000
v -115.000000 105.000000 -25.000000
v -247.000000 122.000000 -25.000000
v -247.000000 121.420739 -20.600076
v -247.000000 119.722432 -16.500000
v -247.000000 117.020815 -12.979185
v -247.000000 113.500000 -10.277568
v -247.000000 109.399924 -8.579261
v -247.000000 105.000000 -8.000000
v -247.000000 100.600076 -8.579261
v -247.000000 96.500000 -10.277568
v -247.000000 92.979185 -12.979185
v -247.000000 90.277568 -16.500000
v -247.000000 88.579261 -20.600076
v -247.000000 88.000000 -25.000000
v -247.000000 88.579261 -29.399924
v -247.000000 90.277568 -33.500000
v -247.000000 92.979185 -37.020815
v -247.000000 96.500000 -39.722432
v -247.000000 100.600076 -41.420739
v -247.000000 105.000000 -42.000000
v -247.000000 109.399924 -41.420739
v -247.000000 113.500000 -39.722432
v -247.000000 117.020815 -37.020815
v -247.000000 119.722432 -33.500000
v -247.000000 121.420739 -29.399924
v -243.000000 122.000000 -25.000000
v -243.000000 121.420739 -20.600076
v -243.000000 119.722432 -16.500000
v -243.000000 117.020815 -12.979185
v -243.000000 113.500000 -10.277568
v -243.000000 109.399924 -8.579261
v -243.000000 105.000000 -8.000000
v -243.000000 100.600076 -8.579261
v -243.000000 96.500000 -10.277568
v -243.000000 92.979185 -12.979185
v -243.000000 90.277568 -16.500000
v -243.000000 88.579261 -20.600076
v -243.000000 88.000000 -25.000000
v -243.000000 88.579261 -29.399924
v -243.000000 90.277568 -33.500000
v -243.000000 92.979185 -37.020815
v -243.000000 96.500000 -39.722432
v -243.000000 100.600076 -41.420739
v -243.000000 105.000000 -42.000000
v -243.000000 109.399924 -41.420739
v -243.000000 113.500000 -39.722432
v -243.000000 117.020815 -37.020815
v -243.000000 119.722432 -33.500000
v -243.000000 121.420739 -29.399924
v -247.000000 105.000000 -25.000000
v -243.000000 105.000000 -25.000000
v 5.000000 54.500000 27.500000
v 85.000000 54.500000 27.500000
v 85.000000 59.500000 27.500000
v 5.000000 59.500000 27.500000
v 5.000000 54.500000 32.500000
v 85.000000 54.500000 32.500000
v 85.000000 59.500000 32.500000
v 5.000000 59.500000 32.500000
v 92.500000 23.000000 -14.000000
v 157.500000 23.000000 -14.000000
v 157.500000 31.000000 -14.000000
v 92.500000 31.000000 -14.000000
v 92.500000 23.000000 -6.000000
v 157.500000 23.000000 -6.000000
v 157.500000 31.000000 -6.000000
v 92.500000 31.000000 -6.000000
vt 0.05 0.05
vt 0.95 0.05
vt 0.05 0.95
vn -0.948908 0.315389 0.010133
vn -0.947811 0.310979 0.070333
vn -0.669821 0.727805 0.147101
vn -0.948908 0.315389 0.010133
vn -0.669821 0.727805 0.147101
vn -0.672732 0.739856 0.006659
vn -0.947811 0.310979 0.070333
vn -0.945180 0.300182 0.128548
vn -0.661436 0.695816 0.279897
vn -0.947811 0.310979 0.070333
vn -0.661436 0.695816 0.279897
vn -0.669821 0.727805 0.147101
vn -0.945180 0.300182 0.128548
vn -0.941287 0.283526 0.183283
vn -0.648817 0.647503 0.399721
vn -0.945180 0.300182 0.128548
vn -0.648817 0.647503 0.399721
vn -0.661436 0.695816 0.279897
vn -0.941287 0.283526 0.183283
vn -0.936501 0.261751 0.233351
vn -0.633566 0.587298 0.503661
vn -0.941287 0.283526 0.183283
vn -0.633566 0.587298 0.503661
vn -0.648817 0.647503 0.399721
vn -0.936501 0.261751 0.233351
vn -0.931239 0.235699 0.277921
vn -0.617267 0.519362 0.590969
vn -0.936501 0.261751 0.233351
vn -0.617267 0.519362 0.590969
vn -0.633566 0.587298 0.503661
vn -0.931239 0.235699 0.277921
vn -0.925907 0.206219 0.316495
vn -0.601253 0.446978 0.662348
vn -0.931239 0.235699 0.277921
vn -0.601253 0.446978 0.662348
vn -0.617267 0.519362 0.590969
vn -0.925907 0.206219 0.316495
vn -0.920869 0.174093 0.348845
vn -0.586531 0.372430 0.719220
vn -0.925907 0.206219 0.316495
vn -0.586531 0.372430 0.719220
vn -0.601253 0.446978 0.662348
vn -0.920869 0.174093 0.348845
vn -0.916420 0.139998 0.374932
vn -0.573802 0.297130 0.763194
vn -0.920869 0.174093 0.348845
vn -0.573802 0.297130 0.763194
vn -0.586531 0.372430 0.719220
vn -0.916420 0.139998 0.374932
vn -0.912793 0.104498 0.394828
vn -0.563528 0.221837 0.795754
vn -0.916420 0.139998 0.374932
vn -0.563528 0.221837 0.795754
vn -0.573802 0.297130 0.763194
vn -0.912793 0.104498 0.394828
vn -0.910152 0.068054 0.408646
vn -0.555992 0.146853 0.818112
vn -0.912793 0.104498 0.394828
vn -0.555992 0.146853 0.818112
vn -0.563528 0.221837 0.795754
vn -0.910152 0.068054 0.408646
vn -0.908607 0.031042 0.416498
vn -0.551359 0.072194 0.831138
vn -0.910152 0.068054 0.408646
vn -0.551359 0.072194 0.831138
vn -0.555992 0.146853 0.818112
vn -0.908607 0.031042 0.416498
vn -0.908216 -0.006217 0.418456
vn -0.549717 -0.002294 0.835348
vn -0.908607 0.031042 0.416498
vn -0.549717 -0.002294 0.835348
vn -0.551359 0.072194 0.831138
vn -0.908216 -0.006217 0.418456
vn -0.908995 -0.043428 0.414539
vn -0.551097 -0.076843 0.830895
vn -0.908216 -0.006217 0.418456
vn -0.551097 -0.076843 0.830895
vn -0.549717 -0.002294 0.835348
vn -0.908995 -0.043428 0.414539
vn -0.910913 -0.080289 0.404710
vn -0.555484 -0.151682 0.817576
vn -0.908995 -0.043428 0.414539
vn -0.555484 -0.151682 0.817576
vn -0.551097 -0.076843 0.830895
vn -0.910913 -0.080289 0.404710
vn -0.913897 -0.116466 0.388880
vn -0.562808 -0.226958 0.794819
vn -0.910913 -0.080289 0.404710
vn -0.562808 -0.226958 0.794819
vn -0.555484 -0.151682 0.817576
vn -0.913897 -0.116466 0.388880
vn -0.917819 -0.151556 0.366931
vn -0.572923 -0.302640 0.761688
vn -0.913897 -0.116466 0.388880
vn -0.572923 -0.302640 0.761688
vn -0.562808 -0.226958 0.794819
vn -0.917819 -0.151556 0.366931
vn -0.922493 -0.185066 0.338758
vn -0.585562 -0.378386 0.716897
vn -0.917819 -0.151556 0.366931
vn -0.585562 -0.378386 0.716897
vn -0.572923 -0.302640 0.761688
vn -0.922493 -0.185066 0.338758
vn -0.927667 -0.216394 0.304316
vn -0.600279 -0.453364 0.658883
vn -0.922493 -0.185066 0.338758
vn -0.600279 -0.453364 0.658883
vn -0.585562 -0.378386 0.716897
vn -0.927667 -0.216394 0.304316
vn -0.933018 -0.244824 0.263700
vn -0.616377 -0.526035 0.585975
vn -0.927667 -0.216394 0.304316
vn -0.616377 -0.526035 0.585975
vn -0.600279 -0.453364 0.658883
vn -0.933018 -0.244824 0.263700
vn -0.938169 -0.269547 0.217217
vn -0.632837 -0.593929 0.496756
vn -0.933018 -0.244824 0.263700
vn -0.632837 -0.593929 0.496756
vn -0.616377 -0.526035 0.585975
vn -0.938169 -0.269547 0.217217
vn -0.942703 -0.289705 0.165474
vn -0.648294 -0.653533 0.390654
vn -0.938169 -0.269547 0.217217
vn -0.648294 -0.653533 0.390654
vn -0.632837 -0.593929 0.496756
vn -0.942703 -0.289705 0.165474
vn -0.946214 -0.304478 0.109421
vn -0.661120 -0.700502 0.268732
vn -0.942703 -0.289705 0.165474
vn -0.661120 -0.700502 0.268732
vn -0.648294 -0.653533 0.390654
vn -0.946214 -0.304478 0.109421
vn -0.948356 -0.313184 0.050359
vn -0.669680 -0.730393 0.134369
vn -0.946214 -0.304478 0.109421
vn -0.669680 -0.730393 0.134369
vn -0.661120 -0.700502 0.268732
vn -0.948356 -0.313184 0.050359
vn -0.948908 -0.315389 -0.010133
vn -0.672732 -0.739856 -0.006659
vn -0.948356 -0.313184 0.050359
vn -0.672732 -0.739856 -0.006659
vn -0.669680 -0.730393 0.134369
vn -0.948908 -0.315389 -0.010133
vn -0.947811 -0.310979 -0.070333
vn -0.669821 -0.727805 -0.147101
vn -0.948908 -0.315389 -0.010133
vn -0.669821 -0.727805 -0.147101
vn -0.672732 -0.739856 -0.006659
vn -0.947811 -0.310979 -0.070333
vn -0.945180 -0.300182 -0.128548
vn -0.661436 -0.695816 -0.279897
vn -0.947811 -0.310979 -0.070333
vn -0.661436 -0.695816 -0.279897
vn -0.669821 -0.727805 -0.147101
vn -0.945180 -0.300182 -0.128548
vn -0.941287 -0.283526 -0.183283
vn -0.648817 -0.647503 -0.399721
vn -0.945180 -0.300182 -0.128548
vn -0.648817 -0.647503 -0.399721
vn -0.661436 -0.695816 -0.279897
vn -0.941287 -0.283526 -0.183283
vn -0.936501 -0.261751 -0.233351
vn -0.633566 -0.587298 -0.503661
vn -0.941287 -0.283526 -0.183283
vn -0.633566 -0.587298 -0.503661
vn -0.648817 -0.647503 -0.399721
vn -0.936501 -0.261751 -0.233351
vn -0.931239 -0.235699 -0.277921
vn -0.617267 -0.519362 -0.590969
vn -0.936501 -0.261751 -0.233351
vn -0.617267 -0.519362 -0.590969
vn -0.633566 -0.587298 -0.503661
vn -0.931239 -0.235699 -0.277921
vn -0.925907 -0.206219 -0.316495
vn -0.601253 -0.446978 -0.662348
vn -0.931239 -0.235699 -0.277921
vn -0.601253 -0.446978 -0.662348
vn -0.617267 -0.519362 -0.590969
vn -0.925907 -0.206219 -0.316495
vn -0.920869 -0.174093 -0.348845
vn -0.586531 -0.372430 -0.719220
vn -0.925907 -0.206219 -0.316495
vn -0.586531 -0.372430 -0.719220
vn -0.601253 -0.446978 -0.662348
vn -0.920869 -0.174093 -0.348845
vn -0.916420 -0.139998 -0.374932
vn -0.573802 -0.297130 -0.763194
vn -0.920869 -0.174093 -0.348845
vn -0.573802 -0.297130 -0.763194
vn -0.586531 -0.372430 -0.719220
vn -0.916420 -0.139998 -0.374932
vn -0.912793 -0.104498 -0.394828
vn -0.563528 -0.221837 -0.795754
vn -0.916420 -0.139998 -0.374932
vn -0.563528 -0.221837 -0.795754
vn -0.573802 -0.297130 -0.763194
vn -0.912793 -0.104498 -0.394828
vn -0.910152 -0.068054 -0.408646
vn -0.555992 -0.146853 -0.818112
vn -0.912793 -0.104498 -0.394828
vn -0.555992 -0.146853 -0.818112
vn -0.563528 -0.221837 -0.795754
vn -0.910152 -0.068054 -0.408646
vn -0.908607 -0.031042 -0.416498
vn -0.551359 -0.072194 -0.831138
vn -0.910152 -0.068054 -0.408646
vn -0.551359 -0.072194 -0.831138
vn -0.555992 -0.146853 -0.818112
vn -0.908607 -0.031042 -0.416498
vn -0.908216 0.006217 -0.418456
vn -0.549717 0.002294 -0.835348
vn -0.908607 -0.031042 -0.416498
vn -0.549717 0.002294 -0.835348
vn -0.551359 -0.072194 -0.831138
vn -0.908216 0.006217 -0.418456
vn -0.908995 0.043428 -0.414539
vn -0.551097 0.076843 -0.830895
vn -0.908216 0.006217 -0.418456
vn -0.551097 0.076843 -0.830895
vn -0.549717 0.002294 -0.835348
vn -0.908995 0.043428 -0.414539
vn -0.910913 0.080289 -0.404710
vn -0.555484 0.151682 -0.817576
vn -0.908995 0.043428 -0.414539
vn -0.555484 0.151682 -0.817576
vn -0.551097 0.076843 -0.830895
vn -0.910913 0.080289 -0.404710
vn -0.913897 0.116466 -0.388880
vn -0.562808 0.226958 -0.794819
vn -0.910913 0.080289 -0.404710
vn -0.562808 0.226958 -0.794819
vn -0.555484 0.151682 -0.817576
vn -0.913897 0.116466 -0.388880
vn -0.917819 0.151556 -0.366931
vn -0.572923 0.302640 -0.761688
vn -0.913897 0.116466 -0.388880
vn -0.572923 0.302640 -0.761688
vn -0.562808 0.226958 -0.794819
vn -0.917819 0.151556 -0.366931
vn -0.922493 0.185066 -0.338758
vn -0.585562 0.378386 -0.716897
vn -0.917819 0.151556 -0.366931
vn -0.585562 0.378386 -0.716897
vn -0.572923 0.302640 -0.761688
vn -0.922493 0.185066 -0.338758
vn -0.927667 0.216394 -0.304316
vn -0.600279 0.453364 -0.658883
vn -0.922493 0.185066 -0.338758
vn -0.600279 0.453364 -0.658883
vn -0.585562 0.378386 -0.716897
vn -0.927667 0.216394 -0.304316
vn -0.933018 0.244824 -0.263700
vn -0.616377 0.526035 -0.585975
vn -0.927667 0.216394 -0.304316
vn -0.616377 0.526035 -0.585975
vn -0.600279 0.453364 -0.658883
vn -0.933018 0.244824 -0.263700
vn -0.938169 0.269547 -0.217217
vn -0.632837 0.593929 -0.496756
vn -0.933018 0.244824 -0.263700
vn -0.632837 0.593929 -0.496756
vn -0.616377 0.526035 -0.585975
vn -0.938169 0.269547 -0.217217
vn -0.942703 0.289705 -0.165474
vn -0.648294 0.653533 -0.390654
vn -0.938169 0.269547 -0.217217
vn -0.648294 0.653533 -0.390654
vn -0.632837 0.593929 -0.496756
vn -0.942703 0.289705 -0.165474
vn -0.946214 0.304478 -0.109421
vn -0.661120 0.700502 -0.268732
vn -0.942703 0.289705 -0.165474
vn -0.661120 0.700502 -0.268732
vn -0.648294 0.653533 -0.390654
vn -0.946214 0.304478 -0.109421
vn -0.948356 0.313184 -0.050359
vn -0.669680 0.730393 -0.134369
vn -0.946214 0.304478 -0.109421
vn -0.669680 0.730393 -0.134369
vn -0.661120 0.700502 -0.268732
vn -0.948356 0.313184 -0.050359
vn -0.948908 0.315389 0.010133
vn -0.672732 0.739856 0.006659
vn -0.948356 0.313184 -0.050359
vn -0.672732 0.739856 0.006659
vn -0.669680 0.730393 -0.134369
vn -0.672732 0.739856 0.006659
vn -0.669821 0.727805 0.147101
vn -0.266689 0.946101 0.183765
vn -0.672732 0.739856 0.006659
vn -0.266689 0.946101 0.183765
vn -0.268552 0.963264 0.001428
vn -0.669821 0.727805 0.147101
vn -0.661436 0.695816 0.279897
vn -0.260641 0.898270 0.353805
vn -0.669821 0.727805 0.147101
vn -0.260641 0.898270 0.353805
vn -0.266689 0.946101 0.183765
vn -0.661436 0.695816 0.279897
vn -0.648817 0.647503 0.399721
vn -0.251561 0.826884 0.502972
vn -0.661436 0.695816 0.279897
vn -0.251561 0.826884 0.502972
vn -0.260641 0.898270 0.353805
vn -0.648817 0.647503 0.399721
vn -0.633566 0.587298 0.503661
vn -0.240890 0.740380 0.627542
vn -0.648817 0.647503 0.399721
vn -0.240890 0.740380 0.627542
vn -0.251561 0.826884 0.502972
vn -0.633566 0.587298 0.503661
vn -0.617267 0.519362 0.590969
vn -0.229922 0.646091 0.727806
vn -0.633566 0.587298 0.503661
vn -0.229922 0.646091 0.727806
vn -0.240890 0.740380 0.627542
vn -0.617267 0.519362 0.590969
vn -0.601253 0.446978 0.662348
vn -0.219591 0.549192 0.806330
vn -0.617267 0.519362 0.590969
vn -0.219591 0.549192 0.806330
vn -0.229922 0.646091 0.727806
vn -0.601253 0.446978 0.662348
vn -0.586531 0.372430 0.719220
vn -0.210472 0.452747 0.866442
vn -0.601253 0.446978 0.662348
vn -0.210472 0.452747 0.866442
vn -0.219591 0.549192 0.806330
vn -0.586531 0.372430 0.719220
vn -0.573802 0.297130 0.763194
vn -0.202866 0.358218 0.911332
vn -0.586531 0.372430 0.719220
vn -0.202866 0.358218 0.911332
vn -0.210472 0.452747 0.866442
vn -0.573802 0.297130 0.763194
vn -0.563528 0.221837 0.795754
vn -0.196898 0.266020 0.943644
vn -0.573802 0.297130 0.763194
vn -0.196898 0.266020 0.943644
vn -0.202866 0.358218 0.911332
vn -0.563528 0.221837 0.795754
vn -0.555992 0.146853 0.818112
vn -0.192602 0.175935 0.965376
vn -0.563528 0.221837 0.795754
vn -0.192602 0.175935 0.965376
vn -0.196898 0.266020 0.943644
vn -0.555992 0.146853 0.818112
vn -0.551359 0.072194 0.831138
vn -0.189969 0.087400 0.977892
vn -0.555992 0.146853 0.818112
vn -0.189969 0.087400 0.977892
vn -0.192602 0.175935 0.965376
vn -0.551359 0.072194 0.831138
vn -0.549717 -0.002294 0.835348
vn -0.188986 -0.000331 0.981980
vn -0.551359 0.072194 0.831138
vn -0.188986 -0.000331 0.981980
vn -0.189969 0.087400 0.977892
vn -0.549717 -0.002294 0.835348
vn -0.551097 -0.076843 0.830895
vn -0.189643 -0.088077 0.977895
vn -0.549717 -0.002294 0.835348
vn -0.189643 -0.088077 0.977895
vn -0.188986 -0.000331 0.981980
vn -0.551097 -0.076843 0.830895
vn -0.555484 -0.151682 0.817576
vn -0.191947 -0.176658 0.965375
vn -0.551097 -0.076843 0.830895
vn -0.191947 -0.176658 0.965375
vn -0.189643 -0.088077 0.977895
vn -0.555484 -0.151682 0.817576
vn -0.562808 -0.226958 0.794819
vn -0.195914 -0.266820 0.943623
vn -0.555484 -0.151682 0.817576
vn -0.195914 -0.266820 0.943623
vn -0.191947 -0.176658 0.965375
vn -0.562808 -0.226958 0.794819
vn -0.572923 -0.302640 0.761688
vn -0.201555 -0.359132 0.911263
vn -0.562808 -0.226958 0.794819
vn -0.201555 -0.359132 0.911263
vn -0.195914 -0.266820 0.943623
vn -0.572923 -0.302640 0.761688
vn -0.585562 -0.378386 0.716897
vn -0.208850 -0.453808 0.866279
vn -0.572923 -0.302640 0.761688
vn -0.208850 -0.453808 0.866279
vn -0.201555 -0.359132 0.911263
vn -0.585562 -0.378386 0.716897
vn -0.600279 -0.453364 0.658883
vn -0.217698 -0.550430 0.805999
vn -0.585562 -0.378386 0.716897
vn -0.217698 -0.550430 0.805999
vn -0.208850 -0.453808 0.866279
vn -0.600279 -0.453364 0.658883
vn -0.616377 -0.526035 0.585975
vn -0.227839 -0.647510 0.727200
vn -0.600279 -0.453364 0.658883
vn -0.227839 -0.647510 0.727200
vn -0.217698 -0.550430 0.805999
vn -0.616377 -0.526035 0.585975
vn -0.632837 -0.593929 0.496756
vn -0.238760 -0.741930 0.626525
vn -0.616377 -0.526035 0.585975
vn -0.238760 -0.741930 0.626525
vn -0.227839 -0.647510 0.727200
vn -0.632837 -0.593929 0.496756
vn -0.648294 -0.653533 0.390654
vn -0.249593 -0.828427 0.501411
vn -0.632837 -0.593929 0.496756
vn -0.249593 -0.828427 0.501411
vn -0.238760 -0.741930 0.626525
vn -0.648294 -0.653533 0.390654
vn -0.661120 -0.700502 0.268732
vn -0.259101 -0.899564 0.351641
vn -0.648294 -0.653533 0.390654
vn -0.259101 -0.899564 0.351641
vn -0.249593 -0.828427 0.501411
vn -0.661120 -0.700502 0.268732
vn -0.669680 -0.730393 0.134369
vn -0.265837 -0.946854 0.181104
vn -0.661120 -0.700502 0.268732
vn -0.265837 -0.946854 0.181104
vn -0.259101 -0.899564 0.351641
vn -0.669680 -0.730393 0.134369
vn -0.672732 -0.739856 -0.006659
vn -0.268552 -0.963264 -0.001428
vn -0.669680 -0.730393 0.134369
vn -0.268552 -0.963264 -0.001428
vn -0.265837 -0.946854 0.181104
vn -0.672732 -0.739856 -0.006659
vn -0.669821 -0.727805 -0.147101
vn -0.266689 -0.946101 -0.183765
vn -0.672732 -0.739856 -0.006659
vn -0.266689 -0.946101 -0.183765
vn -0.268552 -0.963264 -0.001428
vn -0.669821 -0.727805 -0.147101
vn -0.661436 -0.695816 -0.279897
vn -0.260641 -0.898270 -0.353805
vn -0.669821 -0.727805 -0.147101
vn -0.260641 -0.898270 -0.353805
vn -0.266689 -0.946101 -0.183765
vn -0.661436 -0.695816 -0.279897
vn -0.648817 -0.647503 -0.399721
vn -0.251561 -0.826884 -0.502972
vn -0.661436 -0.695816 -0.279897
vn -0.251561 -0.826884 -0.502972
vn -0.260641 -0.898270 -0.353805
vn -0.648817 -0.647503 -0.399721
vn -0.633566 -0.587298 -0.503661
vn -0.240890 -0.740380 -0.627542
vn -0.648817 -0.647503 -0.399721
vn -0.240890 -0.740380 -0.627542
vn -0.251561 -0.826884 -0.502972
vn -0.633566 -0.587298 -0.503661
vn -0.617267 -0.519362 -0.590969
vn -0.229922 -0.646091 -0.727806
vn -0.633566 -0.587298 -0.503661
vn -0.229922 -0.646091 -0.727806
vn -0.240890 -0.740380 -0.627542
vn -0.617267 -0.519362 -0.590969
vn -0.601253 -0.446978 -0.662348
vn -0.219591 -0.549192 -0.806330
vn -0.617267 -0.519362 -0.590969
vn -0.219591 -0.549192 -0.806330
vn -0.229922 -0.646091 -0.727806
vn -0.601253 -0.446978 -0.662348
vn -0.586531 -0.372430 -0.719220
vn -0.210472 -0.452747 -0.866442
vn -0.601253 -0.446978 -0.662348
vn -0.210472 -0.452747 -0.866442
vn -0.219591 -0.549192 -0.806330
vn -0.586531 -0.372430 -0.719220
vn -0.573802 -0.297130 -0.763194
vn -0.202866 -0.358218 -0.911332
vn -0.586531 -0.372430 -0.719220
vn -0.202866 -0.358218 -0.911332
vn -0.210472 -0.452747 -0.866442
vn -0.573802 -0.297130 -0.763194
vn -0.563528 -0.221837 -0.795754
vn -0.196898 -0.266020 -0.943644
vn -0.573802 -0.297130 -0.763194
vn -0.196898 -0.266020 -0.943644
vn -0.202866 -0.358218 -0.911332
vn -0.563528 -0.221837 -0.795754
vn -0.555992 -0.146853 -0.818112
vn -0.192602 -0.175935 -0.965376
vn -0.563528 -0.221837 -0.795754
vn -0.192602 -0.175935 -0.965376
vn -0.196898 -0.266020 -0.943644
vn -0.555992 -0.146853 -0.818112
vn -0.551359 -0.072194 -0.831138
vn -0.189969 -0.087400 -0.977892
vn -0.555992 -0.146853 -0.818112
vn -0.189969 -0.087400 -0.977892
vn -0.192602 -0.175935 -0.965376
vn -0.551359 -0.072194 -0.831138
vn -0.549717 0.002294 -0.835348
vn -0.188986 0.000331 -0.981980
vn -0.551359 -0.072194 -0.831138
vn -0.188986 0.000331 -0.981980
vn -0.189969 -0.087400 -0.977892
vn -0.549717 0.002294 -0.835348
vn -0.551097 0.076843 -0.830895
vn -0.189643 0.088077 -0.977895
vn -0.549717 0.002294 -0.835348
vn -0.189643 0.088077 -0.977895
vn -0.188986 0.000331 -0.981980
vn -0.551097 0.076843 -0.830895
vn -0.555484 0.151682 -0.817576
vn -0.191947 0.176658 -0.965375
vn -0.551097 0.076843 -0.830895
vn -0.191947 0.176658 -0.965375
vn -0.189643 0.088077 -0.977895
vn -0.555484 0.151682 -0.817576
vn -0.562808 0.226958 -0.794819
vn -0.195914 0.266820 -0.943623
vn -0.555484 0.151682 -0.817576
vn -0.195914 0.266820 -0.943623
vn -0.191947 0.176658 -0.965375
vn -0.562808 0.226958 -0.794819
vn -0.572923 0.302640 -0.761688
vn -0.201555 0.359132 -0.911263
vn -0.562808 0.226958 -0.794819
vn -0.201555 0.359132 -0.911263
vn -0.195914 0.266820 -0.943623
vn -0.572923 0.302640 -0.761688
vn -0.585562 0.378386 -0.716897
vn -0.208850 0.453808 -0.866279
vn -0.572923 0.302640 -0.761688
vn -0.208850 0.453808 -0.866279
vn -0.201555 0.359132 -0.911263
vn -0.585562 0.378386 -0.716897
vn -0.600279 0.453364 -0.658883
vn -0.217698 0.550430 -0.805999
vn -0.585562 0.378386 -0.716897
vn -0.217698 0.550430 -0.805999
vn -0.208850 0.453808 -0.866279
vn -0.600279 0.453364 -0.658883
vn -0.616377 0.526035 -0.585975
vn -0.227839 0.647510 -0.727200
vn -0.600279 0.453364 -0.658883
vn -0.227839 0.647510 -0.727200
vn -0.217698 0.550430 -0.805999
vn -0.616377 0.526035 -0.585975
vn -0.632837 0.593929 -0.496756
vn -0.238760 0.741930 -0.626525
vn -0.616377 0.526035 -0.585975
vn -0.238760 0.741930 -0.626525
vn -0.227839 0.647510 -0.727200
vn -0.632837 0.593929 -0.496756
vn -0.648294 0.653533 -0.390654
vn -0.249593 0.828427 -0.501411
vn -0.632837 0.593929 -0.496756
vn -0.249593 0.828427 -0.501411
vn -0.238760 0.741930 -0.626525
vn -0.648294 0.653533 -0.390654
vn -0.661120 0.700502 -0.268732
vn -0.259101 0.899564 -0.351641
vn -0.648294 0.653533 -0.390654
vn -0.259101 0.899564 -0.351641
vn -0.249593 0.828427 -0.501411
vn -0.661120 0.700502 -0.268732
vn -0.669680 0.730393 -0.134369
vn -0.265837 0.946854 -0.181104
vn -0.661120 0.700502 -0.268732
vn -0.265837 0.946854 -0.181104
vn -0.259101 0.899564 -0.351641
vn -0.669680 0.730393 -0.134369
vn -0.672732 0.739856 0.006659
vn -0.268552 0.963264 0.001428
vn -0.669680 0.730393 -0.134369
vn -0.268552 0.963264 0.001428
vn -0.265837 0.946854 -0.181104
vn -0.268552 0.963264 0.001428
vn -0.266689 0.946101 0.183765
vn -0.010786 0.981876 0.189215
vn -0.268552 0.963264 0.001428
vn -0.010786 0.981876 0.189215
vn -0.010586 0.999944 0.000032
vn -0.266689 0.946101 0.183765
vn -0.260641 0.898270 0.353805
vn -0.010742 0.930881 0.365166
vn -0.266689 0.946101 0.183765
vn -0.010742 0.930881 0.365166
vn -0.010786 0.981876 0.189215
vn -0.260641 0.898270 0.353805
vn -0.251561 0.826884 0.502972
vn -0.010475 0.854943 0.518617
vn -0.260641 0.898270 0.353805
vn -0.010475 0.854943 0.518617
vn -0.010742 0.930881 0.365166
vn -0.251561 0.826884 0.502972
vn -0.240890 0.740380 0.627542
vn -0.010055 0.763467 0.645769
vn -0.251561 0.826884 0.502972
vn -0.010055 0.763467 0.645769
vn -0.010475 0.854943 0.518617
vn -0.240890 0.740380 0.627542
vn -0.229922 0.646091 0.727806
vn -0.009561 0.664476 0.747248
vn -0.240890 0.740380 0.627542
vn -0.009561 0.664476 0.747248
vn -0.010055 0.763467 0.645769
vn -0.229922 0.646091 0.727806
vn -0.219591 0.549192 0.806330
vn -0.009059 0.563479 0.826081
vn -0.229922 0.646091 0.727806
vn -0.009059 0.563479 0.826081
vn -0.009561 0.664476 0.747248
vn -0.219591 0.549192 0.806330
vn -0.210472 0.452747 0.866442
vn -0.008592 0.463609 0.885998
vn -0.219591 0.549192 0.806330
vn -0.008592 0.463609 0.885998
vn -0.009059 0.563479 0.826081
vn -0.210472 0.452747 0.866442
vn -0.202866 0.358218 0.911332
vn -0.008182 0.366261 0.930476
vn -0.210472 0.452747 0.866442
vn -0.008182 0.366261 0.930476
vn -0.008592 0.463609 0.885998
vn -0.202866 0.358218 0.911332
vn -0.196898 0.266020 0.943644
vn -0.007840 0.271725 0.962343
vn -0.202866 0.358218 0.911332
vn -0.007840 0.271725 0.962343
vn -0.008182 0.366261 0.930476
vn -0.196898 0.266020 0.943644
vn -0.192602 0.175935 0.965376
vn -0.007568 0.179655 0.983701
vn -0.196898 0.266020 0.943644
vn -0.007568 0.179655 0.983701
vn -0.007840 0.271725 0.962343
vn -0.192602 0.175935 0.965376
vn -0.189969 0.087400 0.977892
vn -0.007367 0.089362 0.995972
vn -0.192602 0.175935 0.965376
vn -0.007367 0.089362 0.995972
vn -0.007568 0.179655 0.983701
vn -0.189969 0.087400 0.977892
vn -0.188986 -0.000331 0.981980
vn -0.007234 -0.000007 0.999974
vn -0.189969 0.087400 0.977892
vn -0.007234 -0.000007 0.999974
vn -0.007367 0.089362 0.995972
vn -0.188986 -0.000331 0.981980
vn -0.189643 -0.088077 0.977895
vn -0.007167 -0.089377 0.995972
vn -0.188986 -0.000331 0.981980
vn -0.007167 -0.089377 0.995972
vn -0.007234 -0.000007 0.999974
vn -0.189643 -0.088077 0.977895
vn -0.191947 -0.176658 0.965375
vn -0.007165 -0.179670 0.983701
vn -0.189643 -0.088077 0.977895
vn -0.007165 -0.179670 0.983701
vn -0.007167 -0.089377 0.995972
vn -0.191947 -0.176658 0.965375
vn -0.195914 -0.266820 0.943623
vn -0.007230 -0.271742 0.962343
vn -0.191947 -0.176658 0.965375
vn -0.007230 -0.271742 0.962343
vn -0.007165 -0.179670 0.983701
vn -0.195914 -0.266820 0.943623
vn -0.201555 -0.359132 0.911263
vn -0.007362 -0.366281 0.930475
vn -0.195914 -0.266820 0.943623
vn -0.007362 -0.366281 0.930475
vn -0.007230 -0.271742 0.962343
vn -0.201555 -0.359132 0.911263
vn -0.208850 -0.453808 0.866279
vn -0.007565 -0.463633 0.885995
vn -0.201555 -0.359132 0.911263
vn -0.007565 -0.463633 0.885995
vn -0.007362 -0.366281 0.930475
vn -0.208850 -0.453808 0.866279
vn -0.217698 -0.550430 0.805999
vn -0.007842 -0.563507 0.826074
vn -0.208850 -0.453808 0.866279
vn -0.007842 -0.563507 0.826074
vn -0.007565 -0.463633 0.885995
vn -0.217698 -0.550430 0.805999
vn -0.227839 -0.647510 0.727200
vn -0.008197 -0.664508 0.747236
vn -0.217698 -0.550430 0.805999
vn -0.008197 -0.664508 0.747236
vn -0.007842 -0.563507 0.826074
vn -0.227839 -0.647510 0.727200
vn -0.238760 -0.741930 0.626525
vn -0.008630 -0.763502 0.645747
vn -0.227839 -0.647510 0.727200
vn -0.008630 -0.763502 0.645747
vn -0.008197 -0.664508 0.747236
vn -0.238760 -0.741930 0.626525
vn -0.249593 -0.828427 0.501411
vn -0.009131 -0.854979 0.518583
vn -0.238760 -0.741930 0.626525
vn -0.009131 -0.854979 0.518583
vn -0.008630 -0.763502 0.645747
vn -0.249593 -0.828427 0.501411
vn -0.259101 -0.899564 0.351641
vn -0.009669 -0.930911 0.365118
vn -0.249593 -0.828427 0.501411
vn -0.009669 -0.930911 0.365118
vn -0.009131 -0.854979 0.518583
vn -0.259101 -0.899564 0.351641
vn -0.265837 -0.946854 0.181104
vn -0.010184 -0.981894 0.189155
vn -0.259101 -0.899564 0.351641
vn -0.010184 -0.981894 0.189155
vn -0.009669 -0.930911 0.365118
vn -0.265837 -0.946854 0.181104
vn -0.268552 -0.963264 -0.001428
vn -0.010586 -0.999944 -0.000032
vn -0.265837 -0.946854 0.181104
vn -0.010586 -0.999944 -0.000032
vn -0.010184 -0.981894 0.189155
vn -0.268552 -0.963264 -0.001428
vn -0.266689 -0.946101 -0.183765
vn -0.010786 -0.981876 -0.189215
vn -0.268552 -0.963264 -0.001428
vn -0.010786 -0.981876 -0.189215
vn -0.010586 -0.999944 -0.000032
vn -0.266689 -0.946101 -0.183765
vn -0.260641 -0.898270 -0.353805
vn -0.010742 -0.930881 -0.365166
vn -0.266689 -0.946101 -0.183765
vn -0.010742 -0.930881 -0.365166
vn -0.010786 -0.981876 -0.189215
vn -0.260641 -0.898270 -0.353805
vn -0.251561 -0.826884 -0.502972
vn -0.010475 -0.854943 -0.518617
vn -0.260641 -0.898270 -0.353805
vn -0.010475 -0.854943 -0.518617
vn -0.010742 -0.930881 -0.365166
vn -0.251561 -0.826884 -0.502972
vn -0.240890 -0.740380 -0.627542
vn -0.010055 -0.763467 -0.645769
vn -0.251561 -0.826884 -0.502972
vn -0.010055 -0.763467 -0.645769
vn -0.010475 -0.854943 -0.518617
vn -0.240890 -0.740380 -0.627542
vn -0.229922 -0.646091 -0.727806
vn -0.009561 -0.664476 -0.747248
vn -0.240890 -0.740380 -0.627542
vn -0.009561 -0.664476 -0.747248
vn -0.010055 -0.763467 -0.645769
vn -0.229922 -0.646091 -0.727806
vn -0.219591 -0.549192 -0.806330
vn -0.009059 -0.563479 -0.826081
vn -0.229922 -0.646091 -0.727806
vn -0.009059 -0.563479 -0.826081
vn -0.009561 -0.664476 -0.747248
vn -0.219591 -0.549192 -0.806330
vn -0.210472 -0.452747 -0.866442
vn -0.008592 -0.463609 -0.885998
vn -0.219591 -0.549192 -0.806330
vn -0.008592 -0.463609 -0.885998
vn -0.009059 -0.563479 -0.826081
vn -0.210472 -0.452747 -0.866442
vn -0.202866 -0.358218 -0.911332
vn -0.008182 -0.366261 -0.930476
vn -0.210472 -0.452747 -0.866442
vn -0.008182 -0.366261 -0.930476
vn -0.008592 -0.463609 -0.885998
vn -0.202866 -0.358218 -0.911332
vn -0.196898 -0.266020 -0.943644
vn -0.007840 -0.271725 -0.962343
vn -0.202866 -0.358218 -0.911332
vn -0.007840 -0.271725 -0.962343
vn -0.008182 -0.366261 -0.930476
vn -0.196898 -0.266020 -0.943644
vn -0.192602 -0.175935 -0.965376
vn -0.007568 -0.179655 -0.983701
vn -0.196898 -0.266020 -0.943644
vn -0.007568 -0.179655 -0.983701
vn -0.007840 -0.271725 -0.962343
vn -0.192602 -0.175935 -0.965376
vn -0.189969 -0.087400 -0.977892
vn -0.007367 -0.089362 -0.995972
vn -0.192602 -0.175935 -0.965376
vn -0.007367 -0.089362 -0.995972
vn -0.007568 -0.179655 -0.983701
vn -0.189969 -0.087400 -0.977892
vn -0.188986 0.000331 -0.981980
vn -0.007234 0.000007 -0.999974
vn -0.189969 -0.087400 -0.977892
vn -0.007234 0.000007 -0.999974
vn -0.007367 -0.089362 -0.995972
vn -0.188986 0.000331 -0.981980
vn -0.189643 0.088077 -0.977895
vn -0.007167 0.089377 -0.995972
vn -0.188986 0.000331 -0.981980
vn -0.007167 0.089377 -0.995972
vn -0.007234 0.000007 -0.999974
vn -0.189643 0.088077 -0.977895
vn -0.191947 0.176658 -0.965375
vn -0.007165 0.179670 -0.983701
vn -0.189643 0.088077 -0.977895
vn -0.007165 0.179670 -0.983701
vn -0.007167 0.089377 -0.995972
vn -0.191947 0.176658 -0.965375
vn -0.195914 0.266820 -0.943623
vn -0.007230 0.271742 -0.962343
vn -0.191947 0.176658 -0.965375
vn -0.007230 0.271742 -0.962343
vn -0.007165 0.179670 -0.983701
vn -0.195914 0.266820 -0.943623
vn -0.201555 0.359132 -0.911263
vn -0.007362 0.366281 -0.930475
vn -0.195914 0.266820 -0.943623
vn -0.007362 0.366281 -0.930475
vn -0.007230 0.271742 -0.962343
vn -0.201555 0.359132 -0.911263
vn -0.208850 0.453808 -0.866279
vn -0.007565 0.463633 -0.885995
vn -0.201555 0.359132 -0.911263
vn -0.007565 0.463633 -0.885995
vn -0.007362 0.366281 -0.930475
vn -0.208850 0.453808 -0.866279
vn -0.217698 0.550430 -0.805999
vn -0.007842 0.563507 -0.826074
vn -0.208850 0.453808 -0.866279
vn -0.007842 0.563507 -0.826074
vn -0.007565 0.463633 -0.885995
vn -0.217698 0.550430 -0.805999
vn -0.227839 0.647510 -0.727200
vn -0.008197 0.664508 -0.747236
vn -0.217698 0.550430 -0.805999
vn -0.008197 0.664508 -0.747236
vn -0.007842 0.563507 -0.826074
vn -0.227839 0.647510 -0.727200
vn -0.238760 0.741930 -0.626525
vn -0.008630 0.763502 -0.645747
vn -0.227839 0.647510 -0.727200
vn -0.008630 0.763502 -0.645747
vn -0.008197 0.664508 -0.747236
vn -0.238760 0.741930 -0.626525
vn -0.249593 0.828427 -0.501411
vn -0.009131 0.854979 -0.518583
vn -0.238760 0.741930 -0.626525
vn -0.009131 0.854979 -0.518583
vn -0.008630 0.763502 -0.645747
vn -0.249593 0.828427 -0.501411
vn -0.259101 0.899564 -0.351641
vn -0.009669 0.930911 -0.365118
vn -0.249593 0.828427 -0.501411
vn -0.009669 0.930911 -0.365118
vn -0.009131 0.854979 -0.518583
vn -0.259101 0.899564 -0.351641
vn -0.265837 0.946854 -0.181104
vn -0.010184 0.981894 -0.189155
vn -0.259101 0.899564 -0.351641
vn -0.010184 0.981894 -0.189155
vn -0.009669 0.930911 -0.365118
vn -0.265837 0.946854 -0.181104
vn -0.268552 0.963264 0.001428
vn -0.010586 0.999944 0.000032
vn -0.265837 0.946854 -0.181104
vn -0.010586 0.999944 0.000032
vn -0.010184 0.981894 -0.189155
vn -0.010586 0.999944 0.000032
vn -0.010786 0.981876 0.189215
vn 0.148709 0.971076 0.186809
vn -0.010586 0.999944 0.000032
vn 0.148709 0.971076 0.186809
vn 0.150314 0.988638 -0.000315
vn -0.010786 0.981876 0.189215
vn -0.010742 0.930881 0.365166
vn 0.144635 0.921246 0.361091
vn -0.010786 0.981876 0.189215
vn 0.144635 0.921246 0.361091
vn 0.148709 0.971076 0.186809
vn -0.010742 0.930881 0.365166
vn -0.010475 0.854943 0.518617
vn 0.138890 0.846821 0.513423
vn -0.010742 0.930881 0.365166
vn 0.138890 0.846821 0.513423
vn 0.144635 0.921246 0.361091
vn -0.010475 0.854943 0.518617
vn -0.010055 0.763467 0.645769
vn 0.132384 0.756905 0.639976
vn -0.010475 0.854943 0.518617
vn 0.132384 0.756905 0.639976
vn 0.138890 0.846821 0.513423
vn -0.010055 0.763467 0.645769
vn -0.009561 0.664476 0.747248
vn 0.125876 0.659334 0.741238
vn -0.010055 0.763467 0.645769
vn 0.125876 0.659334 0.741238
vn 0.132384 0.756905 0.639976
vn -0.009561 0.664476 0.747248
vn -0.009059 0.563479 0.826081
vn 0.119879 0.559542 0.820086
vn -0.009561 0.664476 0.747248
vn 0.119879 0.559542 0.820086
vn 0.125876 0.659334 0.741238
vn -0.009059 0.563479 0.826081
vn -0.008592 0.463609 0.885998
vn 0.114683 0.460662 0.880136
vn -0.009059 0.563479 0.826081
vn 0.114683 0.460662 0.880136
vn 0.119879 0.559542 0.820086
vn -0.008592 0.463609 0.885998
vn -0.008182 0.366261 0.930476
vn 0.110421 0.364120 0.924783
vn -0.008592 0.463609 0.885998
vn 0.110421 0.364120 0.924783
vn 0.114683 0.460662 0.880136
vn -0.008182 0.366261 0.930476
vn -0.007840 0.271725 0.962343
vn 0.107136 0.270250 0.956811
vn -0.008182 0.366261 0.930476
vn 0.107136 0.270250 0.956811
vn 0.110421 0.364120 0.924783
vn -0.007840 0.271725 0.962343
vn -0.007568 0.179655 0.983701
vn 0.104827 0.178747 0.978295
vn -0.007840 0.271725 0.962343
vn 0.104827 0.178747 0.978295
vn 0.107136 0.270250 0.956811
vn -0.007568 0.179655 0.983701
vn -0.007367 0.089362 0.995972
vn 0.103478 0.088961 0.990645
vn -0.007568 0.179655 0.983701
vn 0.103478 0.088961 0.990645
vn 0.104827 0.178747 0.978295
vn -0.007367 0.089362 0.995972
vn -0.007234 -0.000007 0.999974
vn 0.103075 0.000069 0.994674
vn -0.007367 0.089362 0.995972
vn 0.103075 0.000069 0.994674
vn 0.103478 0.088961 0.990645
vn -0.007234 -0.000007 0.999974
vn -0.007167 -0.089377 0.995972
vn 0.103613 -0.088819 0.990644
vn -0.007234 -0.000007 0.999974
vn 0.103613 -0.088819 0.990644
vn 0.103075 0.000069 0.994674
vn -0.007167 -0.089377 0.995972
vn -0.007165 -0.179670 0.983701
vn 0.105098 -0.178595 0.978293
vn -0.007167 -0.089377 0.995972
vn 0.105098 -0.178595 0.978293
vn 0.103613 -0.088819 0.990644
vn -0.007165 -0.179670 0.983701
vn -0.007230 -0.271742 0.962343
vn 0.107546 -0.270081 0.956812
vn -0.007165 -0.179670 0.983701
vn 0.107546 -0.270081 0.956812
vn 0.105098 -0.178595 0.978293
vn -0.007230 -0.271742 0.962343
vn -0.007362 -0.366281 0.930475
vn 0.110971 -0.363926 0.924794
vn -0.007230 -0.271742 0.962343
vn 0.110971 -0.363926 0.924794
vn 0.107546 -0.270081 0.956812
vn -0.007362 -0.366281 0.930475
vn -0.007565 -0.463633 0.885995
vn 0.115370 -0.460434 0.880165
vn -0.007362 -0.366281 0.930475
vn 0.115370 -0.460434 0.880165
vn 0.110971 -0.363926 0.924794
vn -0.007565 -0.463633 0.885995
vn -0.007842 -0.563507 0.826074
vn 0.120691 -0.559274 0.820150
vn -0.007565 -0.463633 0.885995
vn 0.120691 -0.559274 0.820150
vn 0.115370 -0.460434 0.880165
vn -0.007842 -0.563507 0.826074
vn -0.008197 -0.664508 0.747236
vn 0.126781 -0.659024 0.741360
vn -0.007842 -0.563507 0.826074
vn 0.126781 -0.659024 0.741360
vn 0.120691 -0.559274 0.820150
vn -0.008197 -0.664508 0.747236
vn -0.008630 -0.763502 0.645747
vn 0.133324 -0.756562 0.640187
vn -0.008197 -0.664508 0.747236
vn 0.133324 -0.756562 0.640187
vn 0.126781 -0.659024 0.741360
vn -0.008630 -0.763502 0.645747
vn -0.009131 -0.854979 0.518583
vn 0.139772 -0.846474 0.513756
vn -0.008630 -0.763502 0.645747
vn 0.139772 -0.846474 0.513756
vn 0.133324 -0.756562 0.640187
vn -0.009131 -0.854979 0.518583
vn -0.009669 -0.930911 0.365118
vn 0.145335 -0.920952 0.361560
vn -0.009131 -0.854979 0.518583
vn 0.145335 -0.920952 0.361560
vn 0.139772 -0.846474 0.513756
vn -0.009669 -0.930911 0.365118
vn -0.010184 -0.981894 0.189155
vn 0.149100 -0.970903 0.187393
vn -0.009669 -0.930911 0.365118
vn 0.149100 -0.970903 0.187393
vn 0.145335 -0.920952 0.361560
vn -0.010184 -0.981894 0.189155
vn -0.010586 -0.999944 -0.000032
vn 0.150314 -0.988638 0.000315
vn -0.010184 -0.981894 0.189155
vn 0.150314 -0.988638 0.000315
vn 0.149100 -0.970903 0.187393
vn -0.010586 -0.999944 -0.000032
vn -0.010786 -0.981876 -0.189215
vn 0.148709 -0.971076 -0.186809
vn -0.010586 -0.999944 -0.000032
vn 0.148709 -0.971076 -0.186809
vn 0.150314 -0.988638 0.000315
vn -0.010786 -0.981876 -0.189215
vn -0.010742 -0.930881 -0.365166
vn 0.144635 -0.921246 -0.361091
vn -0.010786 -0.981876 -0.189215
vn 0.144635 -0.921246 -0.361091
vn 0.148709 -0.971076 -0.186809
vn -0.010742 -0.930881 -0.365166
vn -0.010475 -0.854943 -0.518617
vn 0.138890 -0.846821 -0.513423
vn -0.010742 -0.930881 -0.365166
vn 0.138890 -0.846821 -0.513423
vn 0.144635 -0.921246 -0.361091
vn -0.010475 -0.854943 -0.518617
vn -0.010055 -0.763467 -0.645769
vn 0.132384 -0.756905 -0.639976
vn -0.010475 -0.854943 -0.518617
vn 0.132384 -0.756905 -0.639976
vn 0.138890 -0.846821 -0.513423
vn -0.010055 -0.763467 -0.645769
vn -0.009561 -0.664476 -0.747248
vn 0.125876 -0.659334 -0.741238
vn -0.010055 -0.763467 -0.645769
vn 0.125876 -0.659334 -0.741238
vn 0.132384 -0.756905 -0.639976
vn -0.009561 -0.664476 -0.747248
vn -0.009059 -0.563479 -0.826081
vn 0.119879 -0.559542 -0.820086
vn -0.009561 -0.664476 -0.747248
vn 0.119879 -0.559542 -0.820086
vn 0.125876 -0.659334 -0.741238
vn -0.009059 -0.563479 -0.826081
vn -0.008592 -0.463609 -0.885998
vn 0.114683 -0.460662 -0.880136
vn -0.009059 -0.563479 -0.826081
vn 0.114683 -0.460662 -0.880136
vn 0.119879 -0.559542 -0.820086
vn -0.008592 -0.463609 -0.885998
vn -0.008182 -0.366261 -0.930476
vn 0.110421 -0.364120 -0.924783
vn -0.008592 -0.463609 -0.885998
vn 0.110421 -0.364120 -0.924783
vn 0.114683 -0.460662 -0.880136
vn -0.008182 -0.366261 -0.930476
vn -0.007840 -0.271725 -0.962343
vn 0.107136 -0.270250 -0.956811
vn -0.008182 -0.366261 -0.930476
vn 0.107136 -0.270250 -0.956811
vn 0.110421 -0.364120 -0.924783
vn -0.007840 -0.271725 -0.962343
vn -0.007568 -0.179655 -0.983701
vn 0.104827 -0.178747 -0.978295
vn -0.007840 -0.271725 -0.962343
vn 0.104827 -0.178747 -0.978295
vn 0.107136 -0.270250 -0.956811
vn -0.007568 -0.179655 -0.983701
vn -0.007367 -0.089362 -0.995972
vn 0.103478 -0.088961 -0.990645
vn -0.007568 -0.179655 -0.983701
vn 0.103478 -0.088961 -0.990645
vn 0.104827 -0.178747 -0.978295
vn -0.007367 -0.089362 -0.995972
vn -0.007234 0.000007 -0.999974
vn 0.103075 -0.000069 -0.994674
vn -0.007367 -0.089362 -0.995972
vn 0.103075 -0.000069 -0.994674
vn 0.103478 -0.088961 -0.990645
vn -0.007234 0.000007 -0.999974
vn -0.007167 0.089377 -0.995972
vn 0.103613 0.088819 -0.990644
vn -0.007234 0.000007 -0.999974
vn 0.103613 0.088819 -0.990644
vn 0.103075 -0.000069 -0.994674
vn -0.007167 0.089377 -0.995972
vn -0.007165 0.179670 -0.983701
vn 0.105098 0.178595 -0.978293
vn -0.007167 0.089377 -0.995972
vn 0.105098 0.178595 -0.978293
vn 0.103613 0.088819 -0.990644
vn -0.007165 0.179670 -0.983701
vn -0.007230 0.271742 -0.962343
vn 0.107546 0.270081 -0.956812
vn -0.007165 0.179670 -0.983701
vn 0.107546 0.270081 -0.956812
vn 0.105098 0.178595 -0.978293
vn -0.007230 0.271742 -0.962343
vn -0.007362 0.366281 -0.930475
vn 0.110971 0.363926 -0.924794
vn -0.007230 0.271742 -0.962343
vn 0.110971 0.363926 -0.924794
vn 0.107546 0.270081 -0.956812
vn -0.007362 0.366281 -0.930475
vn -0.007565 0.463633 -0.885995
vn 0.115370 0.460434 -0.880165
vn -0.007362 0.366281 -0.930475
vn 0.115370 0.460434 -0.880165
vn 0.110971 0.363926 -0.924794
vn -0.007565 0.463633 -0.885995
vn -0.007842 0.563507 -0.826074
vn 0.120691 0.559274 -0.820150
vn -0.007565 0.463633 -0.885995
vn 0.120691 0.559274 -0.820150
vn 0.115370 0.460434 -0.880165
vn -0.007842 0.563507 -0.826074
vn -0.008197 0.664508 -0.747236
vn 0.126781 0.659024 -0.741360
vn -0.007842 0.563507 -0.826074
vn 0.126781 0.659024 -0.741360
vn 0.120691 0.559274 -0.820150
vn -0.008197 0.664508 -0.747236
vn -0.008630 0.763502 -0.645747
vn 0.133324 0.756562 -0.640187
vn -0.008197 0.664508 -0.747236
vn 0.133324 0.756562 -0.640187
vn 0.126781 0.659024 -0.741360
vn -0.008630 0.763502 -0.645747
vn -0.009131 0.854979 -0.518583
vn 0.139772 0.846474 -0.513756
vn -0.008630 0.763502 -0.645747
vn 0.139772 0.846474 -0.513756
vn 0.133324 0.756562 -0.640187
vn -0.009131 0.854979 -0.518583
vn -0.009669 0.930911 -0.365118
vn 0.145335 0.920952 -0.361560
vn -0.009131 0.854979 -0.518583
vn 0.145335 0.920952 -0.361560
vn 0.139772 0.846474 -0.513756
vn -0.009669 0.930911 -0.365118
vn -0.010184 0.981894 -0.189155
vn 0.149100 0.970903 -0.187393
vn -0.009669 0.930911 -0.365118
vn 0.149100 0.970903 -0.187393
vn 0.145335 0.920952 -0.361560
vn -0.010184 0.981894 -0.189155
vn -0.010586 0.999944 0.000032
vn 0.150314 0.988638 -0.000315
vn -0.010184 0.981894 -0.189155
vn 0.150314 0.988638 -0.000315
vn 0.149100 0.970903 -0.187393
vn 0.150314 0.988638 -0.000315
vn 0.148709 0.971076 0.186809
vn 0.253187 0.949998 0.182756
vn 0.150314 0.988638 -0.000315
vn 0.253187 0.949998 0.182756
vn 0.255604 0.966781 -0.000342
vn 0.148709 0.971076 0.186809
vn 0.144635 0.921246 0.361091
vn 0.246673 0.902256 0.353675
vn 0.148709 0.971076 0.186809
vn 0.246673 0.902256 0.353675
vn 0.253187 0.949998 0.182756
vn 0.144635 0.921246 0.361091
vn 0.138890 0.846821 0.513423
vn 0.237320 0.830661 0.503668
vn 0.144635 0.921246 0.361091
vn 0.237320 0.830661 0.503668
vn 0.246673 0.902256 0.353675
vn 0.138890 0.846821 0.513423
vn 0.132384 0.756905 0.639976
vn 0.226602 0.743740 0.628890
vn 0.138890 0.846821 0.513423
vn 0.226602 0.743740 0.628890
vn 0.237320 0.830661 0.503668
vn 0.132384 0.756905 0.639976
vn 0.125876 0.659334 0.741238
vn 0.215783 0.648941 0.729598
vn 0.132384 0.756905 0.639976
vn 0.215783 0.648941 0.729598
vn 0.226602 0.743740 0.628890
vn 0.125876 0.659334 0.741238
vn 0.119879 0.559542 0.820086
vn 0.205741 0.551531 0.808384
vn 0.125876 0.659334 0.741238
vn 0.205741 0.551531 0.808384
vn 0.215783 0.648941 0.729598
vn 0.119879 0.559542 0.820086
vn 0.114683 0.460662 0.880136
vn 0.196985 0.454623 0.868628
vn 0.119879 0.559542 0.820086
vn 0.196985 0.454623 0.868628
vn 0.205741 0.551531 0.808384
vn 0.114683 0.460662 0.880136
vn 0.110421 0.364120 0.924783
vn 0.189765 0.359696 0.913569
vn 0.114683 0.460662 0.880136
vn 0.189765 0.359696 0.913569
vn 0.196985 0.454623 0.868628
vn 0.110421 0.364120 0.924783
vn 0.107136 0.270250 0.956811
vn 0.184169 0.267162 0.945889
vn 0.110421 0.364120 0.924783
vn 0.184169 0.267162 0.945889
vn 0.189765 0.359696 0.913569
vn 0.107136 0.270250 0.956811
vn 0.104827 0.178747 0.978295
vn 0.180208 0.176796 0.967609
vn 0.107136 0.270250 0.956811
vn 0.180208 0.176796 0.967609
vn 0.184169 0.267162 0.945889
vn 0.104827 0.178747 0.978295
vn 0.103478 0.088961 0.990645
vn 0.177863 0.088020 0.980111
vn 0.104827 0.178747 0.978295
vn 0.177863 0.088020 0.980111
vn 0.180208 0.176796 0.967609
vn 0.103478 0.088961 0.990645
vn 0.103075 0.000069 0.994674
vn 0.177112 0.000078 0.984191
vn 0.103478 0.088961 0.990645
vn 0.177112 0.000078 0.984191
vn 0.177863 0.088020 0.980111
vn 0.103075 0.000069 0.994674
vn 0.103613 -0.088819 0.990644
vn 0.177947 -0.087861 0.980110
vn 0.103075 0.000069 0.994674
vn 0.177947 -0.087861 0.980110
vn 0.177112 0.000078 0.984191
vn 0.103613 -0.088819 0.990644
vn 0.105098 -0.178595 0.978293
vn 0.180377 -0.176626 0.967609
vn 0.103613 -0.088819 0.990644
vn 0.180377 -0.176626 0.967609
vn 0.177947 -0.087861 0.980110
vn 0.105098 -0.178595 0.978293
vn 0.107546 -0.270081 0.956812
vn 0.184422 -0.266974 0.945893
vn 0.105098 -0.178595 0.978293
vn 0.184422 -0.266974 0.945893
vn 0.180377 -0.176626 0.967609
vn 0.107546 -0.270081 0.956812
vn 0.110971 -0.363926 0.924794
vn 0.190103 -0.359480 0.913584
vn 0.107546 -0.270081 0.956812
vn 0.190103 -0.359480 0.913584
vn 0.184422 -0.266974 0.945893
vn 0.110971 -0.363926 0.924794
vn 0.115370 -0.460434 0.880165
vn 0.197404 -0.454371 0.868665
vn 0.110971 -0.363926 0.924794
vn 0.197404 -0.454371 0.868665
vn 0.190103 -0.359480 0.913584
vn 0.115370 -0.460434 0.880165
vn 0.120691 -0.559274 0.820150
vn 0.206231 -0.551237 0.808459
vn 0.115370 -0.460434 0.880165
vn 0.206231 -0.551237 0.808459
vn 0.197404 -0.454371 0.868665
vn 0.120691 -0.559274 0.820150
vn 0.126781 -0.659024 0.741360
vn 0.216324 -0.648603 0.729739
vn 0.120691 -0.559274 0.820150
vn 0.216324 -0.648603 0.729739
vn 0.206231 -0.551237 0.808459
vn 0.126781 -0.659024 0.741360
vn 0.133324 -0.756562 0.640187
vn 0.227157 -0.743368 0.629129
vn 0.126781 -0.659024 0.741360
vn 0.227157 -0.743368 0.629129
vn 0.216324 -0.648603 0.729739
vn 0.133324 -0.756562 0.640187
vn 0.139772 -0.846474 0.513756
vn 0.237835 -0.830289 0.504038
vn 0.133324 -0.756562 0.640187
vn 0.237835 -0.830289 0.504038
vn 0.227157 -0.743368 0.629129
vn 0.139772 -0.846474 0.513756
vn 0.145335 -0.920952 0.361560
vn 0.247078 -0.901943 0.354191
vn 0.139772 -0.846474 0.513756
vn 0.247078 -0.901943 0.354191
vn 0.237835 -0.830289 0.504038
vn 0.145335 -0.920952 0.361560
vn 0.149100 -0.970903 0.187393
vn 0.253411 -0.949816 0.183392
vn 0.145335 -0.920952 0.361560
vn 0.253411 -0.949816 0.183392
vn 0.247078 -0.901943 0.354191
vn 0.149100 -0.970903 0.187393
vn 0.150314 -0.988638 0.000315
vn 0.255604 -0.966781 0.000342
vn 0.149100 -0.970903 0.187393
vn 0.255604 -0.966781 0.000342
vn 0.253411 -0.949816 0.183392
vn 0.150314 -0.988638 0.000315
vn 0.148709 -0.971076 -0.186809
vn 0.253187 -0.949998 -0.182756
vn 0.150314 -0.988638 0.000315
vn 0.253187 -0.949998 -0.182756
vn 0.255604 -0.966781 0.000342
vn 0.148709 -0.971076 -0.186809
vn 0.144635 -0.921246 -0.361091
vn 0.246673 -0.902256 -0.353675
vn 0.148709 -0.971076 -0.186809
vn 0.246673 -0.902256 -0.353675
vn 0.253187 -0.949998 -0.182756
vn 0.144635 -0.921246 -0.361091
vn 0.138890 -0.846821 -0.513423
vn 0.237320 -0.830661 -0.503668
vn 0.144635 -0.921246 -0.361091
vn 0.237320 -0.830661 -0.503668
vn 0.246673 -0.902256 -0.353675
vn 0.138890 -0.846821 -0.513423
vn 0.132384 -0.756905 -0.639976
vn 0.226602 -0.743740 -0.628890
vn 0.138890 -0.846821 -0.513423
vn 0.226602 -0.743740 -0.628890
vn 0.237320 -0.830661 -0.503668
vn 0.132384 -0.756905 -0.639976
vn 0.125876 -0.659334 -0.741238
vn 0.215783 -0.648941 -0.729598
vn 0.132384 -0.756905 -0.639976
vn 0.215783 -0.648941 -0.729598
vn 0.226602 -0.743740 -0.628890
vn 0.125876 -0.659334 -0.741238
vn 0.119879 -0.559542 -0.820086
vn 0.205741 -0.551531 -0.808384
vn 0.125876 -0.659334 -0.741238
vn 0.205741 -0.551531 -0.808384
vn 0.215783 -0.648941 -0.729598
vn 0.119879 -0.559542 -0.820086
vn 0.114683 -0.460662 -0.880136
vn 0.196985 -0.454623 -0.868628
vn 0.119879 -0.559542 -0.820086
vn 0.196985 -0.454623 -0.868628
vn 0.205741 -0.551531 -0.808384
vn 0.114683 -0.460662 -0.880136
vn 0.110421 -0.364120 -0.924783
vn 0.189765 -0.359696 -0.913569
vn 0.114683 -0.460662 -0.880136
vn 0.189765 -0.359696 -0.913569
vn 0.196985 -0.454623 -0.868628
vn 0.110421 -0.364120 -0.924783
vn 0.107136 -0.270250 -0.956811
vn 0.184169 -0.267162 -0.945889
vn 0.110421 -0.364120 -0.924783
vn 0.184169 -0.267162 -0.945889
vn 0.189765 -0.359696 -0.913569
vn 0.107136 -0.270250 -0.956811
vn 0.104827 -0.178747 -0.978295
vn 0.180208 -0.176796 -0.967609
vn 0.107136 -0.270250 -0.956811
vn 0.180208 -0.176796 -0.967609
vn 0.184169 -0.267162 -0.945889
vn 0.104827 -0.178747 -0.978295
vn 0.103478 -0.088961 -0.990645
vn 0.177863 -0.088020 -0.980111
vn 0.104827 -0.178747 -0.978295
vn 0.177863 -0.088020 -0.980111
vn 0.180208 -0.176796 -0.967609
vn 0.103478 -0.088961 -0.990645
vn 0.103075 -0.000069 -0.994674
vn 0.177112 -0.000078 -0.984191
vn 0.103478 -0.088961 -0.990645
vn 0.177112 -0.000078 -0.984191
vn 0.177863 -0.088020 -0.980111
vn 0.103075 -0.000069 -0.994674
vn 0.103613 0.088819 -0.990644
vn 0.177947 0.087861 -0.980110
vn 0.103075 -0.000069 -0.994674
vn 0.177947 0.087861 -0.980110
vn 0.177112 -0.000078 -0.984191
vn 0.103613 0.088819 -0.990644
vn 0.105098 0.178595 -0.978293
vn 0.180377 0.176626 -0.967609
vn 0.103613 0.088819 -0.990644
vn 0.180377 0.176626 -0.967609
vn 0.177947 0.087861 -0.980110
vn 0.105098 0.178595 -0.978293
vn 0.107546 0.270081 -0.956812
vn 0.184422 0.266974 -0.945893
vn 0.105098 0.178595 -0.978293
vn 0.184422 0.266974 -0.945893
vn 0.180377 0.176626 -0.967609
vn 0.107546 0.270081 -0.956812
vn 0.110971 0.363926 -0.924794
vn 0.190103 0.359480 -0.913584
vn 0.107546 0.270081 -0.956812
vn 0.190103 0.359480 -0.913584
vn 0.184422 0.266974 -0.945893
vn 0.110971 0.363926 -0.924794
vn 0.115370 0.460434 -0.880165
vn 0.197404 0.454371 -0.868665
vn 0.110971 0.363926 -0.924794
vn 0.197404 0.454371 -0.868665
vn 0.190103 0.359480 -0.913584
vn 0.115370 0.460434 -0.880165
vn 0.120691 0.559274 -0.820150
vn 0.206231 0.551237 -0.808459
vn 0.115370 0.460434 -0.880165
vn 0.206231 0.551237 -0.808459
vn 0.197404 0.454371 -0.868665
vn 0.120691 0.559274 -0.820150
vn 0.126781 0.659024 -0.741360
vn 0.216324 0.648603 -0.729739
vn 0.120691 0.559274 -0.820150
vn 0.216324 0.648603 -0.729739
vn 0.206231 0.551237 -0.808459
vn 0.126781 0.659024 -0.741360
vn 0.133324 0.756562 -0.640187
vn 0.227157 0.743368 -0.629129
vn 0.126781 0.659024 -0.741360
vn 0.227157 0.743368 -0.629129
vn 0.216324 0.648603 -0.729739
vn 0.133324 0.756562 -0.640187
vn 0.139772 0.846474 -0.513756
vn 0.237835 0.830289 -0.504038
vn 0.133324 0.756562 -0.640187
vn 0.237835 0.830289 -0.504038
vn 0.227157 0.743368 -0.629129
vn 0.139772 0.846474 -0.513756
vn 0.145335 0.920952 -0.361560
vn 0.247078 0.901943 -0.354191
vn 0.139772 0.846474 -0.513756
vn 0.247078 0.901943 -0.354191
vn 0.237835 0.830289 -0.504038
vn 0.145335 0.920952 -0.361560
vn 0.149100 0.970903 -0.187393
vn 0.253411 0.949816 -0.183392
vn 0.145335 0.920952 -0.361560
vn 0.253411 0.949816 -0.183392
vn 0.247078 0.901943 -0.354191
vn 0.149100 0.970903 -0.187393
vn 0.150314 0.988638 -0.000315
vn 0.255604 0.966781 -0.000342
vn 0.149100 0.970903 -0.187393
vn 0.255604 0.966781 -0.000342
vn 0.253411 0.949816 -0.183392
vn 0.255604 0.966781 -0.000342
vn 0.253187 0.949998 0.182756
vn 0.323140 0.929304 0.178814
vn 0.255604 0.966781 -0.000342
vn 0.323140 0.929304 0.178814
vn 0.326034 0.945358 -0.000329
vn 0.253187 0.949998 0.182756
vn 0.246673 0.902256 0.353675
vn 0.315209 0.883542 0.346404
vn 0.253187 0.949998 0.182756
vn 0.315209 0.883542 0.346404
vn 0.323140 0.929304 0.178814
vn 0.246673 0.902256 0.353675
vn 0.237320 0.830661 0.503668
vn 0.303737 0.814658 0.494041
vn 0.246673 0.902256 0.353675
vn 0.303737 0.814658 0.494041
vn 0.315209 0.883542 0.346404
vn 0.237320 0.830661 0.503668
vn 0.226602 0.743740 0.628890
vn 0.290506 0.730632 0.617886
vn 0.237320 0.830661 0.503668
vn 0.290506 0.730632 0.617886
vn 0.303737 0.814658 0.494041
vn 0.226602 0.743740 0.628890
vn 0.215783 0.648941 0.729598
vn 0.277074 0.638541 0.717980
vn 0.226602 0.743740 0.628890
vn 0.277074 0.638541 0.717980
vn 0.290506 0.730632 0.617886
vn 0.215783 0.648941 0.729598
vn 0.205741 0.551531 0.808384
vn 0.264540 0.543479 0.796649
vn 0.215783 0.648941 0.729598
vn 0.264540 0.543479 0.796649
vn 0.277074 0.638541 0.717980
vn 0.205741 0.551531 0.808384
vn 0.196985 0.454623 0.868628
vn 0.253564 0.448529 0.857046
vn 0.205741 0.551531 0.808384
vn 0.253564 0.448529 0.857046
vn 0.264540 0.543479 0.796649
vn 0.196985 0.454623 0.868628
vn 0.189765 0.359696 0.913569
vn 0.244478 0.355217 0.902248
vn 0.196985 0.454623 0.868628
vn 0.244478 0.355217 0.902248
vn 0.253564 0.448529 0.857046
vn 0.189765 0.359696 0.913569
vn 0.184169 0.267162 0.945889
vn 0.237414 0.264027 0.934839
vn 0.189765 0.359696 0.913569
vn 0.237414 0.264027 0.934839
vn 0.244478 0.355217 0.902248
vn 0.184169 0.267162 0.945889
vn 0.180208 0.176796 0.967609
vn 0.232398 0.174810 0.956783
vn 0.184169 0.267162 0.945889
vn 0.232398 0.174810 0.956783
vn 0.237414 0.264027 0.934839
vn 0.180208 0.176796 0.967609
vn 0.177863 0.088020 0.980111
vn 0.229415 0.087057 0.969427
vn 0.180208 0.176796 0.967609
vn 0.229415 0.087057 0.969427
vn 0.232398 0.174810 0.956783
vn 0.177863 0.088020 0.980111
vn 0.177112 0.000078 0.984191
vn 0.228445 0.000077 0.973557
vn 0.177863 0.088020 0.980111
vn 0.228445 0.000077 0.973557
vn 0.229415 0.087057 0.969427
vn 0.177112 0.000078 0.984191
vn 0.177947 -0.087861 0.980110
vn 0.229477 -0.086899 0.969427
vn 0.177112 0.000078 0.984191
vn 0.229477 -0.086899 0.969427
vn 0.228445 0.000077 0.973557
vn 0.177947 -0.087861 0.980110
vn 0.180377 -0.176626 0.967609
vn 0.232520 -0.174641 0.956784
vn 0.177947 -0.087861 0.980110
vn 0.232520 -0.174641 0.956784
vn 0.229477 -0.086899 0.969427
vn 0.180377 -0.176626 0.967609
vn 0.184422 -0.266974 0.945893
vn 0.237597 -0.263841 0.934845
vn 0.180377 -0.176626 0.967609
vn 0.237597 -0.263841 0.934845
vn 0.232520 -0.174641 0.956784
vn 0.184422 -0.266974 0.945893
vn 0.190103 -0.359480 0.913584
vn 0.244722 -0.355005 0.902266
vn 0.184422 -0.266974 0.945893
vn 0.244722 -0.355005 0.902266
vn 0.237597 -0.263841 0.934845
vn 0.190103 -0.359480 0.913584
vn 0.197404 -0.454371 0.868665
vn 0.253864 -0.448282 0.857086
vn 0.190103 -0.359480 0.913584
vn 0.253864 -0.448282 0.857086
vn 0.244722 -0.355005 0.902266
vn 0.197404 -0.454371 0.868665
vn 0.206231 -0.551237 0.808459
vn 0.264888 -0.543192 0.796728
vn 0.197404 -0.454371 0.868665
vn 0.264888 -0.543192 0.796728
vn 0.253864 -0.448282 0.857086
vn 0.206231 -0.551237 0.808459
vn 0.216324 -0.648603 0.729739
vn 0.277454 -0.638214 0.718124
vn 0.206231 -0.551237 0.808459
vn 0.277454 -0.638214 0.718124
vn 0.264888 -0.543192 0.796728
vn 0.216324 -0.648603 0.729739
vn 0.227157 -0.743368 0.629129
vn 0.290892 -0.730277 0.618125
vn 0.216324 -0.648603 0.729739
vn 0.290892 -0.730277 0.618125
vn 0.277454 -0.638214 0.718124
vn 0.227157 -0.743368 0.629129
vn 0.237835 -0.830289 0.504038
vn 0.304089 -0.814305 0.494405
vn 0.227157 -0.743368 0.629129
vn 0.304089 -0.814305 0.494405
vn 0.290892 -0.730277 0.618125
vn 0.237835 -0.830289 0.504038
vn 0.247078 -0.901943 0.354191
vn 0.315483 -0.883248 0.346905
vn 0.237835 -0.830289 0.504038
vn 0.315483 -0.883248 0.346905
vn 0.304089 -0.814305 0.494405
vn 0.247078 -0.901943 0.354191
vn 0.253411 -0.949816 0.183392
vn 0.323290 -0.929134 0.179428
vn 0.247078 -0.901943 0.354191
vn 0.323290 -0.929134 0.179428
vn 0.315483 -0.883248 0.346905
vn 0.253411 -0.949816 0.183392
vn 0.255604 -0.966781 0.000342
vn 0.326034 -0.945358 0.000329
vn 0.253411 -0.949816 0.183392
vn 0.326034 -0.945358 0.000329
vn 0.323290 -0.929134 0.179428
vn 0.255604 -0.966781 0.000342
vn 0.253187 -0.949998 -0.182756
vn 0.323140 -0.929304 -0.178814
vn 0.255604 -0.966781 0.000342
vn 0.323140 -0.929304 -0.178814
vn 0.326034 -0.945358 0.000329
vn 0.253187 -0.949998 -0.182756
vn 0.246673 -0.902256 -0.353675
vn 0.315209 -0.883542 -0.346404
vn 0.253187 -0.949998 -0.182756
vn 0.315209 -0.883542 -0.346404
vn 0.323140 -0.929304 -0.178814
vn 0.246673 -0.902256 -0.353675
vn 0.237320 -0.830661 -0.503668
vn 0.303737 -0.814658 -0.494041
vn 0.246673 -0.902256 -0.353675
vn 0.303737 -0.814658 -0.494041
vn 0.315209 -0.883542 -0.346404
vn 0.237320 -0.830661 -0.503668
vn 0.226602 -0.743740 -0.628890
vn 0.290506 -0.730632 -0.617886
vn 0.237320 -0.830661 -0.503668
vn 0.290506 -0.730632 -0.617886
vn 0.303737 -0.814658 -0.494041
vn 0.226602 -0.743740 -0.628890
vn 0.215783 -0.648941 -0.729598
vn 0.277074 -0.638541 -0.717980
vn 0.226602 -0.743740 -0.628890
vn 0.277074 -0.638541 -0.717980
vn 0.290506 -0.730632 -0.617886
vn 0.215783 -0.648941 -0.729598
vn 0.205741 -0.551531 -0.808384
vn 0.264540 -0.543479 -0.796649
vn 0.215783 -0.648941 -0.729598
vn 0.264540 -0.543479 -0.796649
vn 0.277074 -0.638541 -0.717980
vn 0.205741 -0.551531 -0.808384
vn 0.196985 -0.454623 -0.868628
vn 0.253564 -0.448529 -0.857046
vn 0.205741 -0.551531 -0.808384
vn 0.253564 -0.448529 -0.857046
vn 0.264540 -0.543479 -0.796649
vn 0.196985 -0.454623 -0.868628
vn 0.189765 -0.359696 -0.913569
vn 0.244478 -0.355217 -0.902248
vn 0.196985 -0.454623 -0.868628
vn 0.244478 -0.355217 -0.902248
vn 0.253564 -0.448529 -0.857046
vn 0.189765 -0.359696 -0.913569
vn 0.184169 -0.267162 -0.945889
vn 0.237414 -0.264027 -0.934839
vn 0.189765 -0.359696 -0.913569
vn 0.237414 -0.264027 -0.934839
vn 0.244478 -0.355217 -0.902248
vn 0.184169 -0.267162 -0.945889
vn 0.180208 -0.176796 -0.967609
vn 0.232398 -0.174810 -0.956783
vn 0.184169 -0.267162 -0.945889
vn 0.232398 -0.174810 -0.956783
vn 0.237414 -0.264027 -0.934839
vn 0.180208 -0.176796 -0.967609
vn 0.177863 -0.088020 -0.980111
vn 0.229415 -0.087057 -0.969427
vn 0.180208 -0.176796 -0.967609
vn 0.229415 -0.087057 -0.969427
vn 0.232398 -0.174810 -0.956783
vn 0.177863 -0.088020 -0.980111
vn 0.177112 -0.000078 -0.984191
vn 0.228445 -0.000077 -0.973557
vn 0.177863 -0.088020 -0.980111
vn 0.228445 -0.000077 -0.973557
vn 0.229415 -0.087057 -0.969427
vn 0.177112 -0.000078 -0.984191
vn 0.177947 0.087861 -0.980110
vn 0.229477 0.086899 -0.969427
vn 0.177112 -0.000078 -0.984191
vn 0.229477 0.086899 -0.969427
vn 0.228445 -0.000077 -0.973557
vn 0.177947 0.087861 -0.980110
vn 0.180377 0.176626 -0.967609
vn 0.232520 0.174641 -0.956784
vn 0.177947 0.087861 -0.980110
vn 0.232520 0.174641 -0.956784
vn 0.229477 0.086899 -0.969427
vn 0.180377 0.176626 -0.967609
vn 0.184422 0.266974 -0.945893
vn 0.237597 0.263841 -0.934845
vn 0.180377 0.176626 -0.967609
vn 0.237597 0.263841 -0.934845
vn 0.232520 0.174641 -0.956784
vn 0.184422 0.266974 -0.945893
vn 0.190103 0.359480 -0.913584
vn 0.244722 0.355005 -0.902266
vn 0.184422 0.266974 -0.945893
vn 0.244722 0.355005 -0.902266
vn 0.237597 0.263841 -0.934845
vn 0.190103 0.359480 -0.913584
vn 0.197404 0.454371 -0.868665
vn 0.253864 0.448282 -0.857086
vn 0.190103 0.359480 -0.913584
vn 0.253864 0.448282 -0.857086
vn 0.244722 0.355005 -0.902266
vn 0.197404 0.454371 -0.868665
vn 0.206231 0.551237 -0.808459
vn 0.264888 0.543192 -0.796728
vn 0.197404 0.454371 -0.868665
vn 0.264888 0.543192 -0.796728
vn 0.253864 0.448282 -0.857086
vn 0.206231 0.551237 -0.808459
vn 0.216324 0.648603 -0.729739
vn 0.277454 0.638214 -0.718124
vn 0.206231 0.551237 -0.808459
vn 0.277454 0.638214 -0.718124
vn 0.264888 0.543192 -0.796728
vn 0.216324 0.648603 -0.729739
vn 0.227157 0.743368 -0.629129
vn 0.290892 0.730277 -0.618125
vn 0.216324 0.648603 -0.729739
vn 0.290892 0.730277 -0.618125
vn 0.277454 0.638214 -0.718124
vn 0.227157 0.743368 -0.629129
vn 0.237835 0.830289 -0.504038
vn 0.304089 0.814305 -0.494405
vn 0.227157 0.743368 -0.629129
vn 0.304089 0.814305 -0.494405
vn 0.290892 0.730277 -0.618125
vn 0.237835 0.830289 -0.504038
vn 0.247078 0.901943 -0.354191
vn 0.315483 0.883248 -0.346905
vn 0.237835 0.830289 -0.504038
vn 0.315483 0.883248 -0.346905
vn 0.304089 0.814305 -0.494405
vn 0.247078 0.901943 -0.354191
vn 0.253411 0.949816 -0.183392
vn 0.323290 0.929134 -0.179428
vn 0.247078 0.901943 -0.354191
vn 0.323290 0.929134 -0.179428
vn 0.315483 0.883248 -0.346905
vn 0.253411 0.949816 -0.183392
vn 0.255604 0.966781 -0.000342
vn 0.326034 0.945358 -0.000329
vn 0.253411 0.949816 -0.183392
vn 0.326034 0.945358 -0.000329
vn 0.323290 0.929134 -0.179428
vn 0.326034 0.945358 -0.000329
vn 0.323140 0.929304 0.178814
vn 0.737871 0.666435 0.106822
vn 0.326034 0.945358 -0.000329
vn 0.737871 0.666435 0.106822
vn 0.738835 0.673538 -0.021640
vn 0.323140 0.929304 0.178814
vn 0.315209 0.883542 0.346404
vn 0.734253 0.639069 0.229049
vn 0.323140 0.929304 0.178814
vn 0.734253 0.639069 0.229049
vn 0.737871 0.666435 0.106822
vn 0.315209 0.883542 0.346404
vn 0.303737 0.814658 0.494041
vn 0.728653 0.595052 0.339085
vn 0.315209 0.883542 0.346404
vn 0.728653 0.595052 0.339085
vn 0.734253 0.639069 0.229049
vn 0.303737 0.814658 0.494041
vn 0.290506 0.730632 0.617886
vn 0.721950 0.539209 0.433638
vn 0.303737 0.814658 0.494041
vn 0.721950 0.539209 0.433638
vn 0.728653 0.595052 0.339085
vn 0.290506 0.730632 0.617886
vn 0.277074 0.638541 0.717980
vn 0.714961 0.476161 0.511959
vn 0.290506 0.730632 0.617886
vn 0.714961 0.476161 0.511959
vn 0.721950 0.539209 0.433638
vn 0.277074 0.638541 0.717980
vn 0.264540 0.543479 0.796649
vn 0.708300 0.409504 0.574994
vn 0.277074 0.638541 0.717980
vn 0.708300 0.409504 0.574994
vn 0.714961 0.476161 0.511959
vn 0.264540 0.543479 0.796649
vn 0.253564 0.448529 0.857046
vn 0.702360 0.341627 0.624485
vn 0.264540 0.543479 0.796649
vn 0.702360 0.341627 0.624485
vn 0.708300 0.409504 0.574994
vn 0.253564 0.448529 0.857046
vn 0.244478 0.355217 0.902248
vn 0.697359 0.273897 0.662322
vn 0.253564 0.448529 0.857046
vn 0.697359 0.273897 0.662322
vn 0.702360 0.341627 0.624485
vn 0.244478 0.355217 0.902248
vn 0.237414 0.264027 0.934839
vn 0.693401 0.206936 0.690197
vn 0.244478 0.355217 0.902248
vn 0.693401 0.206936 0.690197
vn 0.697359 0.273897 0.662322
vn 0.237414 0.264027 0.934839
vn 0.232398 0.174810 0.956783
vn 0.690522 0.140890 0.709458
vn 0.237414 0.264027 0.934839
vn 0.690522 0.140890 0.709458
vn 0.693401 0.206936 0.690197
vn 0.232398 0.174810 0.956783
vn 0.229415 0.087057 0.969427
vn 0.688726 0.075608 0.721068
vn 0.232398 0.174810 0.956783
vn 0.688726 0.075608 0.721068
vn 0.690522 0.140890 0.709458
vn 0.229415 0.087057 0.969427
vn 0.228445 0.000077 0.973557
vn 0.688011 0.010780 0.725620
vn 0.229415 0.087057 0.969427
vn 0.688011 0.010780 0.725620
vn 0.688726 0.075608 0.721068
vn 0.228445 0.000077 0.973557
vn 0.229477 -0.086899 0.969427
vn 0.688372 -0.053980 0.723347
vn 0.228445 0.000077 0.973557
vn 0.688372 -0.053980 0.723347
vn 0.688011 0.010780 0.725620
vn 0.229477 -0.086899 0.969427
vn 0.232520 -0.174641 0.956784
vn 0.689811 -0.119070 0.714131
vn 0.229477 -0.086899 0.969427
vn 0.689811 -0.119070 0.714131
vn 0.688372 -0.053980 0.723347
vn 0.232520 -0.174641 0.956784
vn 0.237597 -0.263841 0.934845
vn 0.692333 -0.184833 0.697504
vn 0.232520 -0.174641 0.956784
vn 0.692333 -0.184833 0.697504
vn 0.689811 -0.119070 0.714131
vn 0.237597 -0.263841 0.934845
vn 0.244722 -0.355005 0.902266
vn 0.695939 -0.251483 0.672625
vn 0.237597 -0.263841 0.934845
vn 0.695939 -0.251483 0.672625
vn 0.692333 -0.184833 0.697504
vn 0.244722 -0.355005 0.902266
vn 0.253864 -0.448282 0.857086
vn 0.700605 -0.318990 0.638277
vn 0.244722 -0.355005 0.902266
vn 0.700605 -0.318990 0.638277
vn 0.695939 -0.251483 0.672625
vn 0.253864 -0.448282 0.857086
vn 0.264888 -0.543192 0.796728
vn 0.706255 -0.386914 0.592875
vn 0.253864 -0.448282 0.857086
vn 0.706255 -0.386914 0.592875
vn 0.700605 -0.318990 0.638277
vn 0.264888 -0.543192 0.796728
vn 0.277454 -0.638214 0.718124
vn 0.712715 -0.454167 0.534574
vn 0.264888 -0.543192 0.796728
vn 0.712715 -0.454167 0.534574
vn 0.706255 -0.386914 0.592875
vn 0.277454 -0.638214 0.718124
vn 0.290892 -0.730277 0.618125
vn 0.719655 -0.518733 0.461533
vn 0.277454 -0.638214 0.718124
vn 0.719655 -0.518733 0.461533
vn 0.712715 -0.454167 0.534574
vn 0.290892 -0.730277 0.618125
vn 0.304089 -0.814305 0.494405
vn 0.726535 -0.577428 0.372457
vn 0.290892 -0.730277 0.618125
vn 0.726535 -0.577428 0.372457
vn 0.719655 -0.518733 0.461533
vn 0.304089 -0.814305 0.494405
vn 0.315483 -0.883248 0.346905
vn 0.732595 -0.625932 0.267421
vn 0.304089 -0.814305 0.494405
vn 0.732595 -0.625932 0.267421
vn 0.726535 -0.577428 0.372457
vn 0.315483 -0.883248 0.346905
vn 0.323290 -0.929134 0.179428
vn 0.736953 -0.659366 0.148785
vn 0.315483 -0.883248 0.346905
vn 0.736953 -0.659366 0.148785
vn 0.732595 -0.625932 0.267421
vn 0.323290 -0.929134 0.179428
vn 0.326034 -0.945358 0.000329
vn 0.738835 -0.673538 0.021640
vn 0.323290 -0.929134 0.179428
vn 0.738835 -0.673538 0.021640
vn 0.736953 -0.659366 0.148785
vn 0.326034 -0.945358 0.000329
vn 0.323140 -0.929304 -0.178814
vn 0.737871 -0.666435 -0.106822
vn 0.326034 -0.945358 0.000329
vn 0.737871 -0.666435 -0.106822
vn 0.738835 -0.673538 0.021640
vn 0.323140 -0.929304 -0.178814
vn 0.315209 -0.883542 -0.346404
vn 0.734253 -0.639069 -0.229049
vn 0.323140 -0.929304 -0.178814
vn 0.734253 -0.639069 -0.229049
vn 0.737871 -0.666435 -0.106822
vn 0.315209 -0.883542 -0.346404
vn 0.303737 -0.814658 -0.494041
vn 0.728653 -0.595052 -0.339085
vn 0.315209 -0.883542 -0.346404
vn 0.728653 -0.595052 -0.339085
vn 0.734253 -0.639069 -0.229049
vn 0.303737 -0.814658 -0.494041
vn 0.290506 -0.730632 -0.617886
vn 0.721950 -0.539209 -0.433638
vn 0.303737 -0.814658 -0.494041
vn 0.721950 -0.539209 -0.433638
vn 0.728653 -0.595052 -0.339085
vn 0.290506 -0.730632 -0.617886
vn 0.277074 -0.638541 -0.717980
vn 0.714961 -0.476161 -0.511959
vn 0.290506 -0.730632 -0.617886
vn 0.714961 -0.476161 -0.511959
vn 0.721950 -0.539209 -0.433638
vn 0.277074 -0.638541 -0.717980
vn 0.264540 -0.543479 -0.796649
vn 0.708300 -0.409504 -0.574994
vn 0.277074 -0.638541 -0.717980
vn 0.708300 -0.409504 -0.574994
vn 0.714961 -0.476161 -0.511959
vn 0.264540 -0.543479 -0.796649
vn 0.253564 -0.448529 -0.857046
vn 0.702360 -0.341627 -0.624485
vn 0.264540 -0.543479 -0.796649
vn 0.702360 -0.341627 -0.624485
vn 0.708300 -0.409504 -0.574994
vn 0.253564 -0.448529 -0.857046
vn 0.244478 -0.355217 -0.902248
vn 0.697359 -0.273897 -0.662322
vn 0.253564 -0.448529 -0.857046
vn 0.697359 -0.273897 -0.662322
vn 0.702360 -0.341627 -0.624485
vn 0.244478 -0.355217 -0.902248
vn 0.237414 -0.264027 -0.934839
vn 0.693401 -0.206936 -0.690197
vn 0.244478 -0.355217 -0.902248
vn 0.693401 -0.206936 -0.690197
vn 0.697359 -0.273897 -0.662322
vn 0.237414 -0.264027 -0.934839
vn 0.232398 -0.174810 -0.956783
vn 0.690522 -0.140890 -0.709458
vn 0.237414 -0.264027 -0.934839
vn 0.690522 -0.140890 -0.709458
vn 0.693401 -0.206936 -0.690197
vn 0.232398 -0.174810 -0.956783
vn 0.229415 -0.087057 -0.969427
vn 0.688726 -0.075608 -0.721068
vn 0.232398 -0.174810 -0.956783
vn 0.688726 -0.075608 -0.721068
vn 0.690522 -0.140890 -0.709458
vn 0.229415 -0.087057 -0.969427
vn 0.228445 -0.000077 -0.973557
vn 0.688011 -0.010780 -0.725620
vn 0.229415 -0.087057 -0.969427
vn 0.688011 -0.010780 -0.725620
vn 0.688726 -0.075608 -0.721068
vn 0.228445 -0.000077 -0.973557
vn 0.229477 0.086899 -0.969427
vn 0.688372 0.053980 -0.723347
vn 0.228445 -0.000077 -0.973557
vn 0.688372 0.053980 -0.723347
vn 0.688011 -0.010780 -0.725620
vn 0.229477 0.086899 -0.969427
vn 0.232520 0.174641 -0.956784
vn 0.689811 0.119070 -0.714131
vn 0.229477 0.086899 -0.969427
vn 0.689811 0.119070 -0.714131
vn 0.688372 0.053980 -0.723347
vn 0.232520 0.174641 -0.956784
vn 0.237597 0.263841 -0.934845
vn 0.692333 0.184833 -0.697504
vn 0.232520 0.174641 -0.956784
vn 0.692333 0.184833 -0.697504
vn 0.689811 0.119070 -0.714131
vn 0.237597 0.263841 -0.934845
vn 0.244722 0.355005 -0.902266
vn 0.695939 0.251483 -0.672625
vn 0.237597 0.263841 -0.934845
vn 0.695939 0.251483 -0.672625
vn 0.692333 0.184833 -0.697504
vn 0.244722 0.355005 -0.902266
vn 0.253864 0.448282 -0.857086
vn 0.700605 0.318990 -0.638277
vn 0.244722 0.355005 -0.902266
vn 0.700605 0.318990 -0.638277
vn 0.695939 0.251483 -0.672625
vn 0.253864 0.448282 -0.857086
vn 0.264888 0.543192 -0.796728
vn 0.706255 0.386914 -0.592875
vn 0.253864 0.448282 -0.857086
vn 0.706255 0.386914 -0.592875
vn 0.700605 0.318990 -0.638277
vn 0.264888 0.543192 -0.796728
vn 0.277454 0.638214 -0.718124
vn 0.712715 0.454167 -0.534574
vn 0.264888 0.543192 -0.796728
vn 0.712715 0.454167 -0.534574
vn 0.706255 0.386914 -0.592875
vn 0.277454 0.638214 -0.718124
vn 0.290892 0.730277 -0.618125
vn 0.719655 0.518733 -0.461533
vn 0.277454 0.638214 -0.718124
vn 0.719655 0.518733 -0.461533
vn 0.712715 0.454167 -0.534574
vn 0.290892 0.730277 -0.618125
vn 0.304089 0.814305 -0.494405
vn 0.726535 0.577428 -0.372457
vn 0.290892 0.730277 -0.618125
vn 0.726535 0.577428 -0.372457
vn 0.719655 0.518733 -0.461533
vn 0.304089 0.814305 -0.494405
vn 0.315483 0.883248 -0.346905
vn 0.732595 0.625932 -0.267421
vn 0.304089 0.814305 -0.494405
vn 0.732595 0.625932 -0.267421
vn 0.726535 0.577428 -0.372457
vn 0.315483 0.883248 -0.346905
vn 0.323290 0.929134 -0.179428
vn 0.736953 0.659366 -0.148785
vn 0.315483 0.883248 -0.346905
vn 0.736953 0.659366 -0.148785
vn 0.732595 0.625932 -0.267421
vn 0.323290 0.929134 -0.179428
vn 0.326034 0.945358 -0.000329
vn 0.738835 0.673538 -0.021640
vn 0.323290 0.929134 -0.179428
vn 0.738835 0.673538 -0.021640
vn 0.736953 0.659366 -0.148785
vn -0.947811 0.310979 0.070333
vn -0.948908 0.315389 0.010133
vn -1.000000 0.000000 0.000000
vn -0.945180 0.300182 0.128548
vn -0.947811 0.310979 0.070333
vn -1.000000 0.000000 0.000000
vn -0.941287 0.283526 0.183283
vn -0.945180 0.300182 0.128548
vn -1.000000 0.000000 0.000000
vn -0.936501 0.261751 0.233351
vn -0.941287 0.283526 0.183283
vn -1.000000 0.000000 0.000000
vn -0.931239 0.235699 0.277921
vn -0.936501 0.261751 0.233351
vn -1.000000 0.000000 0.000000
vn -0.925907 0.206219 0.316495
vn -0.931239 0.235699 0.277921
vn -1.000000 0.000000 0.000000
vn -0.920869 0.174093 0.348845
vn -0.925907 0.206219 0.316495
vn -1.000000 0.000000 0.000000
vn -0.916420 0.139998 0.374932
vn -0.920869 0.174093 0.348845
vn -1.000000 0.000000 0.000000
vn -0.912793 0.104498 0.394828
vn -0.916420 0.139998 0.374932
vn -1.000000 0.000000 0.000000
vn -0.910152 0.068054 0.408646
vn -0.912793 0.104498 0.394828
vn -1.000000 0.000000 0.000000
vn -0.908607 0.031042 0.416498
vn -0.910152 0.068054 0.408646
vn -1.000000 0.000000 0.000000
vn -0.908216 -0.006217 0.418456
vn -0.908607 0.031042 0.416498
vn -1.000000 0.000000 0.000000
vn -0.908995 -0.043428 0.414539
vn -0.908216 -0.006217 0.418456
vn -1.000000 0.000000 0.000000
vn -0.910913 -0.080289 0.404710
vn -0.908995 -0.043428 0.414539
vn -1.000000 0.000000 0.000000
vn -0.913897 -0.116466 0.388880
vn -0.910913 -0.080289 0.404710
vn -1.000000 0.000000 0.000000
vn -0.917819 -0.151556 0.366931
vn -0.913897 -0.116466 0.388880
vn -1.000000 0.000000 0.000000
vn -0.922493 -0.185066 0.338758
vn -0.917819 -0.151556 0.366931
vn -1.000000 0.000000 0.000000
vn -0.927667 -0.216394 0.304316
vn -0.922493 -0.185066 0.338758
vn -1.000000 0.000000 0.000000
vn -0.933018 -0.244824 0.263700
vn -0.927667 -0.216394 0.304316
vn -1.000000 0.000000 0.000000
vn -0.938169 -0.269547 0.217217
vn -0.933018 -0.244824 0.263700
vn -1.000000 0.000000 0.000000
vn -0.942703 -0.289705 0.165474
vn -0.938169 -0.269547 0.217217
vn -1.000000 0.000000 0.000000
vn -0.946214 -0.304478 0.109421
vn -0.942703 -0.289705 0.165474
vn -1.000000 0.000000 0.000000
vn -0.948356 -0.313184 0.050359
vn -0.946214 -0.304478 0.109421
vn -1.000000 0.000000 0.000000
vn -0.948908 -0.315389 -0.010133
vn -0.948356 -0.313184 0.050359
vn -1.000000 0.000000 0.000000
vn -0.947811 -0.310979 -0.070333
vn -0.948908 -0.315389 -0.010133
vn -1.000000 0.000000 0.000000
vn -0.945180 -0.300182 -0.128548
vn -0.947811 -0.310979 -0.070333
vn -1.000000 0.000000 0.000000
vn -0.941287 -0.283526 -0.183283
vn -0.945180 -0.300182 -0.128548
vn -1.000000 0.000000 0.000000
vn -0.936501 -0.261751 -0.233351
vn -0.941287 -0.283526 -0.183283
vn -1.000000 0.000000 0.000000
vn -0.931239 -0.235699 -0.277921
vn -0.936501 -0.261751 -0.233351
vn -1.000000 0.000000 0.000000
vn -0.925907 -0.206219 -0.316495
vn -0.931239 -0.235699 -0.277921
vn -1.000000 0.000000 0.000000
vn -0.920869 -0.174093 -0.348845
vn -0.925907 -0.206219 -0.316495
vn -1.000000 0.000000 0.000000
vn -0.916420 -0.139998 -0.374932
vn -0.920869 -0.174093 -0.348845
vn -1.000000 0.000000 0.000000
vn -0.912793 -0.104498 -0.394828
vn -0.916420 -0.139998 -0.374932
vn -1.000000 0.000000 0.000000
vn -0.910152 -0.068054 -0.408646
vn -0.912793 -0.104498 -0.394828
vn -1.000000 0.000000 0.000000
vn -0.908607 -0.031042 -0.416498
vn -0.910152 -0.068054 -0.408646
vn -1.000000 0.000000 0.000000
vn -0.908216 0.006217 -0.418456
vn -0.908607 -0.031042 -0.416498
vn -1.000000 0.000000 0.000000
vn -0.908995 0.043428 -0.414539
vn -0.908216 0.006217 -0.418456
vn -1.000000 0.000000 0.000000
vn -0.910913 0.080289 -0.404710
vn -0.908995 0.043428 -0.414539
vn -1.000000 0.000000 0.000000
vn -0.913897 0.116466 -0.388880
vn -0.910913 0.080289 -0.404710
vn -1.000000 0.000000 0.000000
vn -0.917819 0.151556 -0.366931
vn -0.913897 0.116466 -0.388880
vn -1.000000 0.000000 0.000000
vn -0.922493 0.185066 -0.338758
vn -0.917819 0.151556 -0.366931
vn -1.000000 0.000000 0.000000
vn -0.927667 0.216394 -0.304316
vn -0.922493 0.185066 -0.338758
vn -1.000000 0.000000 0.000000
vn -0.933018 0.244824 -0.263700
vn -0.927667 0.216394 -0.304316
vn -1.000000 0.000000 0.000000
vn -0.938169 0.269547 -0.217217
vn -0.933018 0.244824 -0.263700
vn -1.000000 0.000000 0.000000
vn -0.942703 0.289705 -0.165474
vn -0.938169 0.269547 -0.217217
vn -1.000000 0.000000 0.000000
vn -0.946214 0.304478 -0.109421
vn -0.942703 0.289705 -0.165474
vn -1.000000 0.000000 0.000000
vn -0.948356 0.313184 -0.050359
vn -0.946214 0.304478 -0.109421
vn -1.000000 0.000000 0.000000
vn -0.948908 0.315389 0.010133
vn -0.948356 0.313184 -0.050359
vn -1.000000 0.000000 0.000000
vn 1.000000 0.000000 0.000000
vn 0.738835 0.673538 -0.021640
vn 0.737871 0.666435 0.106822
vn 1.000000 0.000000 0.000000
vn 0.737871 0.666435 0.106822
vn 0.734253 0.639069 0.229049
vn 1.000000 0.000000 0.000000
vn 0.734253 0.639069 0.229049
vn 0.728653 0.595052 0.339085
vn 1.000000 0.000000 0.000000
vn 0.728653 0.595052 0.339085
vn 0.721950 0.539209 0.433638
vn 1.000000 0.000000 0.000000
vn 0.721950 0.539209 0.433638
vn 0.714961 0.476161 0.511959
vn 1.000000 0.000000 0.000000
vn 0.714961 0.476161 0.511959
vn 0.708300 0.409504 0.574994
vn 1.000000 0.000000 0.000000
vn 0.708300 0.409504 0.574994
vn 0.702360 0.341627 0.624485
vn 1.000000 0.000000 0.000000
vn 0.702360 0.341627 0.624485
vn 0.697359 0.273897 0.662322
vn 1.000000 0.000000 0.000000
vn 0.697359 0.273897 0.662322
vn 0.693401 0.206936 0.690197
vn 1.000000 0.000000 0.000000
vn 0.693401 0.206936 0.690197
vn 0.690522 0.140890 0.709458
vn 1.000000 0.000000 0.000000
vn 0.690522 0.140890 0.709458
vn 0.688726 0.075608 0.721068
vn 1.000000 0.000000 0.000000
vn 0.688726 0.075608 0.721068
vn 0.688011 0.010780 0.725620
vn 1.000000 0.000000 0.000000
vn 0.688011 0.010780 0.725620
vn 0.688372 -0.053980 0.723347
vn 1.000000 0.000000 0.000000
vn 0.688372 -0.053980 0.723347
vn 0.689811 -0.119070 0.714131
vn 1.000000 0.000000 0.000000
vn 0.689811 -0.119070 0.714131
vn 0.692333 -0.184833 0.697504
vn 1.000000 0.000000 0.000000
vn 0.692333 -0.184833 0.697504
vn 0.695939 -0.251483 0.672625
vn 1.000000 0.000000 0.000000
vn 0.695939 -0.251483 0.672625
vn 0.700605 -0.318990 0.638277
vn 1.000000 0.000000 0.000000
vn 0.700605 -0.318990 0.638277
vn 0.706255 -0.386914 0.592875
vn 1.000000 0.000000 0.000000
vn 0.706255 -0.386914 0.592875
vn 0.712715 -0.454167 0.534574
vn 1.000000 0.000000 0.000000
vn 0.712715 -0.454167 0.534574
vn 0.719655 -0.518733 0.461533
vn 1.000000 0.000000 0.000000
vn 0.719655 -0.518733 0.461533
vn 0.726535 -0.577428 0.372457
vn 1.000000 0.000000 0.000000
vn 0.726535 -0.577428 0.372457
vn 0.732595 -0.625932 0.267421
vn 1.000000 0.000000 0.000000
vn 0.732595 -0.625932 0.267421
vn 0.736953 -0.659366 0.148785
vn 1.000000 0.000000 0.000000
vn 0.736953 -0.659366 0.148785
vn 0.738835 -0.673538 0.021640
vn 1.000000 0.000000 0.000000
vn 0.738835 -0.673538 0.021640
vn 0.737871 -0.666435 -0.106822
vn 1.000000 0.000000 0.000000
vn 0.737871 -0.666435 -0.106822
vn 0.734253 -0.639069 -0.229049
vn 1.000000 0.000000 0.000000
vn 0.734253 -0.639069 -0.229049
vn 0.728653 -0.595052 -0.339085
vn 1.000000 0.000000 0.000000
vn 0.728653 -0.595052 -0.339085
vn 0.721950 -0.539209 -0.433638
vn 1.000000 0.000000 0.000000
vn 0.721950 -0.539209 -0.433638
vn 0.714961 -0.476161 -0.511959
vn 1.000000 0.000000 0.000000
vn 0.714961 -0.476161 -0.511959
vn 0.708300 -0.409504 -0.574994
vn 1.000000 0.000000 0.000000
vn 0.708300 -0.409504 -0.574994
vn 0.702360 -0.341627 -0.624485
vn 1.000000 0.000000 0.000000
vn 0.702360 -0.341627 -0.624485
vn 0.697359 -0.273897 -0.662322
vn 1.000000 0.000000 0.000000
vn 0.697359 -0.273897 -0.662322
vn 0.693401 -0.206936 -0.690197
vn 1.000000 0.000000 0.000000
vn 0.693401 -0.206936 -0.690197
vn 0.690522 -0.140890 -0.709458
vn 1.000000 0.000000 0.000000
vn 0.690522 -0.140890 -0.709458
vn 0.688726 -0.075608 -0.721068
vn 1.000000 0.000000 0.000000
vn 0.688726 -0.075608 -0.721068
vn 0.688011 -0.010780 -0.725620
vn 1.000000 0.000000 0.000000
vn 0.688011 -0.010780 -0.725620
vn 0.688372 0.053980 -0.723347
vn 1.000000 0.000000 0.000000
vn 0.688372 0.053980 -0.723347
vn 0.689811 0.119070 -0.714131
vn 1.000000 0.000000 0.000000
vn 0.689811 0.119070 -0.714131
vn 0.692333 0.184833 -0.697504
vn 1.000000 0.000000 0.000000
vn 0.692333 0.184833 -0.697504
vn 0.695939 0.251483 -0.672625
vn 1.000000 0.000000 0.000000
vn 0.695939 0.251483 -0.672625
vn 0.700605 0.318990 -0.638277
vn 1.000000 0.000000 0.000000
vn 0.700605 0.318990 -0.638277
vn 0.706255 0.386914 -0.592875
vn 1.000000 0.000000 0.000000
vn 0.706255 0.386914 -0.592875
vn 0.712715 0.454167 -0.534574
vn 1.000000 0.000000 0.000000
vn 0.712715 0.454167 -0.534574
vn 0.719655 0.518733 -0.461533
vn 1.000000 0.000000 0.000000
vn 0.719655 0.518733 -0.461533
vn 0.726535 0.577428 -0.372457
vn 1.000000 0.000000 0.000000
vn 0.726535 0.577428 -0.372457
vn 0.732595 0.625932 -0.267421
vn 1.000000 0.000000 0.000000
vn 0.732595 0.625932 -0.267421
vn 0.736953 0.659366 -0.148785
vn 1.000000 0.000000 0.000000
vn 0.736953 0.659366 -0.148785
vn 0.738835 0.673538 -0.021640
vn -0.868781 0.494948 0.015672
vn -0.866909 0.486552 0.108332
vn -0.481630 0.860357 0.166790
vn -0.868781 0.494948 0.015672
vn -0.481630 0.860357 0.166790
vn -0.484468 0.874803 0.003250
vn -0.866909 0.486552 0.108332
vn -0.862494 0.466323 0.196587
vn -0.473057 0.820592 0.320696
vn -0.866909 0.486552 0.108332
vn -0.473057 0.820592 0.320696
vn -0.481630 0.860357 0.166790
vn -0.862494 0.466323 0.196587
vn -0.856141 0.435947 0.277439
vn -0.460168 0.760529 0.458083
vn -0.862494 0.466323 0.196587
vn -0.460168 0.760529 0.458083
vn -0.473057 0.820592 0.320696
vn -0.856141 0.435947 0.277439
vn -0.848613 0.397587 0.348970
vn -0.444780 0.686323 0.575440
vn -0.856141 0.435947 0.277439
vn -0.444780 0.686323 0.575440
vn -0.460168 0.760529 0.458083
vn -0.848613 0.397587 0.348970
vn -0.840666 0.353428 0.410328
vn -0.428621 0.603636 0.672241
vn -0.848613 0.397587 0.348970
vn -0.428621 0.603636 0.672241
vn -0.444780 0.686323 0.575440
vn -0.840666 0.353428 0.410328
vn -0.832939 0.305364 0.461481
vn -0.413058 0.516791 0.749874
vn -0.840666 0.353428 0.410328
vn -0.413058 0.516791 0.749874
vn -0.428621 0.603636 0.672241
vn -0.832939 0.305364 0.461481
vn -0.825913 0.254862 0.502904
vn -0.399034 0.428631 0.810585
vn -0.832939 0.305364 0.461481
vn -0.399034 0.428631 0.810585
vn -0.413058 0.516791 0.749874
vn -0.825913 0.254862 0.502904
vn -0.819917 0.202961 0.535297
vn -0.387129 0.340766 0.856743
vn -0.825913 0.254862 0.502904
vn -0.387129 0.340766 0.856743
vn -0.399034 0.428631 0.810585
vn -0.819917 0.202961 0.535297
vn -0.815162 0.150331 0.559385
vn -0.377666 0.253912 0.890448
vn -0.819917 0.202961 0.535297
vn -0.377666 0.253912 0.890448
vn -0.387129 0.340766 0.856743
vn -0.815162 0.150331 0.559385
vn -0.811772 0.097367 0.575800
vn -0.370800 0.168198 0.913355
vn -0.815162 0.150331 0.559385
vn -0.370800 0.168198 0.913355
vn -0.377666 0.253912 0.890448
vn -0.811772 0.097367 0.575800
vn -0.809815 0.044275 0.585013
vn -0.366599 0.083395 0.926634
vn -0.811772 0.097367 0.575800
vn -0.366599 0.083395 0.926634
vn -0.370800 0.168198 0.913355
vn -0.809815 0.044275 0.585013
vn -0.809323 -0.008854 0.587298
vn -0.365086 -0.000924 0.930973
vn -0.809815 0.044275 0.585013
vn -0.365086 -0.000924 0.930973
vn -0.366599 0.083395 0.926634
vn -0.809323 -0.008854 0.587298
vn -0.810302 -0.061976 0.582726
vn -0.366266 -0.085278 0.926594
vn -0.809323 -0.008854 0.587298
vn -0.366266 -0.085278 0.926594
vn -0.365086 -0.000924 0.930973
vn -0.810302 -0.061976 0.582726
vn -0.812739 -0.115042 0.571157
vn -0.370139 -0.170183 0.913255
vn -0.810302 -0.061976 0.582726
vn -0.370139 -0.170183 0.913255
vn -0.366266 -0.085278 0.926594
vn -0.812739 -0.115042 0.571157
vn -0.816592 -0.167929 0.552248
vn -0.376691 -0.256069 0.890243
vn -0.812739 -0.115042 0.571157
vn -0.376691 -0.256069 0.890243
vn -0.370139 -0.170183 0.913255
vn -0.816592 -0.167929 0.552248
vn -0.821775 -0.220377 0.525470
vn -0.385866 -0.343163 0.856357
vn -0.816592 -0.167929 0.552248
vn -0.385866 -0.343163 0.856357
vn -0.376691 -0.256069 0.890243
vn -0.821775 -0.220377 0.525470
vn -0.828142 -0.271910 0.490150
vn -0.397525 -0.431325 0.809897
vn -0.821775 -0.220377 0.525470
vn -0.397525 -0.431325 0.809897
vn -0.385866 -0.343163 0.856357
vn -0.828142 -0.271910 0.490150
vn -0.835444 -0.321744 0.445549
vn -0.411375 -0.519810 0.748711
vn -0.828142 -0.271910 0.490150
vn -0.411375 -0.519810 0.748711
vn -0.397525 -0.431325 0.809897
vn -0.835444 -0.321744 0.445549
vn -0.843306 -0.368702 0.391016
vn -0.426865 -0.606944 0.670377
vn -0.835444 -0.321744 0.445549
vn -0.426865 -0.606944 0.670377
vn -0.411375 -0.519810 0.748711
vn -0.843306 -0.368702 0.391016
vn -0.851193 -0.411166 0.326209
vn -0.443087 -0.689769 0.572619
vn -0.843306 -0.368702 0.391016
vn -0.443087 -0.689769 0.572619
vn -0.426865 -0.606944 0.670377
vn -0.851193 -0.411166 0.326209
vn -0.858420 -0.447118 0.251399
vn -0.458697 -0.763804 0.454093
vn -0.851193 -0.411166 0.326209
vn -0.458697 -0.763804 0.454093
vn -0.443087 -0.689769 0.572619
vn -0.858420 -0.447118 0.251399
vn -0.864211 -0.474331 0.167780
vn -0.471966 -0.823230 0.315500
vn -0.858420 -0.447118 0.251399
vn -0.471966 -0.823230 0.315500
vn -0.458697 -0.763804 0.454093
vn -0.864211 -0.474331 0.167780
vn -0.867835 -0.490747 0.077653
vn -0.481049 -0.861849 0.160651
vn -0.864211 -0.474331 0.167780
vn -0.481049 -0.861849 0.160651
vn -0.471966 -0.823230 0.315500
vn -0.867835 -0.490747 0.077653
vn -0.868781 -0.494948 -0.015672
vn -0.484468 -0.874803 -0.003250
vn -0.867835 -0.490747 0.077653
vn -0.484468 -0.874803 -0.003250
vn -0.481049 -0.861849 0.160651
vn -0.868781 -0.494948 -0.015672
vn -0.866909 -0.486552 -0.108332
vn -0.481630 -0.860357 -0.166790
vn -0.868781 -0.494948 -0.015672
vn -0.481630 -0.860357 -0.166790
vn -0.484468 -0.874803 -0.003250
vn -0.866909 -0.486552 -0.108332
vn -0.862494 -0.466323 -0.196587
vn -0.473057 -0.820592 -0.320696
vn -0.866909 -0.486552 -0.108332
vn -0.473057 -0.820592 -0.320696
vn -0.481630 -0.860357 -0.166790
vn -0.862494 -0.466323 -0.196587
vn -0.856141 -0.435947 -0.277439
vn -0.460168 -0.760529 -0.458083
vn -0.862494 -0.466323 -0.196587
vn -0.460168 -0.760529 -0.458083
vn -0.473057 -0.820592 -0.320696
vn -0.856141 -0.435947 -0.277439
vn -0.848613 -0.397587 -0.348970
vn -0.444780 -0.686323 -0.575440
vn -0.856141 -0.435947 -0.277439
vn -0.444780 -0.686323 -0.575440
vn -0.460168 -0.760529 -0.458083
vn -0.848613 -0.397587 -0.348970
vn -0.840666 -0.353428 -0.410328
vn -0.428621 -0.603636 -0.672241
vn -0.848613 -0.397587 -0.348970
vn -0.428621 -0.603636 -0.672241
vn -0.444780 -0.686323 -0.575440
vn -0.840666 -0.353428 -0.410328
vn -0.832939 -0.305364 -0.461481
vn -0.413058 -0.516791 -0.749874
vn -0.840666 -0.353428 -0.410328
vn -0.413058 -0.516791 -0.749874
vn -0.428621 -0.603636 -0.672241
vn -0.832939 -0.305364 -0.461481
vn -0.825913 -0.254862 -0.502904
vn -0.399034 -0.428631 -0.810585
vn -0.832939 -0.305364 -0.461481
vn -0.399034 -0.428631 -0.810585
vn -0.413058 -0.516791 -0.749874
vn -0.825913 -0.254862 -0.502904
vn -0.819917 -0.202961 -0.535297
vn -0.387129 -0.340766 -0.856743
vn -0.825913 -0.254862 -0.502904
vn -0.387129 -0.340766 -0.856743
vn -0.399034 -0.428631 -0.810585
vn -0.819917 -0.202961 -0.535297
vn -0.815162 -0.150331 -0.559385
vn -0.377666 -0.253912 -0.890448
vn -0.819917 -0.202961 -0.535297
vn -0.377666 -0.253912 -0.890448
vn -0.387129 -0.340766 -0.856743
vn -0.815162 -0.150331 -0.559385
vn -0.811772 -0.097367 -0.575800
vn -0.370800 -0.168198 -0.913355
vn -0.815162 -0.150331 -0.559385
vn -0.370800 -0.168198 -0.913355
vn -0.377666 -0.253912 -0.890448
vn -0.811772 -0.097367 -0.575800
vn -0.809815 -0.044275 -0.585013
vn -0.366599 -0.083395 -0.926634
vn -0.811772 -0.097367 -0.575800
vn -0.366599 -0.083395 -0.926634
vn -0.370800 -0.168198 -0.913355
vn -0.809815 -0.044275 -0.585013
vn -0.809323 0.008854 -0.587298
vn -0.365086 0.000924 -0.930973
vn -0.809815 -0.044275 -0.585013
vn -0.365086 0.000924 -0.930973
vn -0.366599 -0.083395 -0.926634
vn -0.809323 0.008854 -0.587298
vn -0.810302 0.061976 -0.582726
vn -0.366266 0.085278 -0.926594
vn -0.809323 0.008854 -0.587298
vn -0.366266 0.085278 -0.926594
vn -0.365086 0.000924 -0.930973
vn -0.810302 0.061976 -0.582726
vn -0.812739 0.115042 -0.571157
vn -0.370139 0.170183 -0.913255
vn -0.810302 0.061976 -0.582726
vn -0.370139 0.170183 -0.913255
vn -0.366266 0.085278 -0.926594
vn -0.812739 0.115042 -0.571157
vn -0.816592 0.167929 -0.552248
vn -0.376691 0.256069 -0.890243
vn -0.812739 0.115042 -0.571157
vn -0.376691 0.256069 -0.890243
vn -0.370139 0.170183 -0.913255
vn -0.816592 0.167929 -0.552248
vn -0.821775 0.220377 -0.525470
vn -0.385866 0.343163 -0.856357
vn -0.816592 0.167929 -0.552248
vn -0.385866 0.343163 -0.856357
vn -0.376691 0.256069 -0.890243
vn -0.821775 0.220377 -0.525470
vn -0.828142 0.271910 -0.490150
vn -0.397525 0.431325 -0.809897
vn -0.821775 0.220377 -0.525470
vn -0.397525 0.431325 -0.809897
vn -0.385866 0.343163 -0.856357
vn -0.828142 0.271910 -0.490150
vn -0.835444 0.321744 -0.445549
vn -0.411375 0.519810 -0.748711
vn -0.828142 0.271910 -0.490150
vn -0.411375 0.519810 -0.748711
vn -0.397525 0.431325 -0.809897
vn -0.835444 0.321744 -0.445549
vn -0.843306 0.368702 -0.391016
vn -0.426865 0.606944 -0.670377
vn -0.835444 0.321744 -0.445549
vn -0.426865 0.606944 -0.670377
vn -0.411375 0.519810 -0.748711
vn -0.843306 0.368702 -0.391016
vn -0.851193 0.411166 -0.326209
vn -0.443087 0.689769 -0.572619
vn -0.843306 0.368702 -0.391016
vn -0.443087 0.689769 -0.572619
vn -0.426865 0.606944 -0.670377
vn -0.851193 0.411166 -0.326209
vn -0.858420 0.447118 -0.251399
vn -0.458697 0.763804 -0.454093
vn -0.851193 0.411166 -0.326209
vn -0.458697 0.763804 -0.454093
vn -0.443087 0.689769 -0.572619
vn -0.858420 0.447118 -0.251399
vn -0.864211 0.474331 -0.167780
vn -0.471966 0.823230 -0.315500
vn -0.858420 0.447118 -0.251399
vn -0.471966 0.823230 -0.315500
vn -0.458697 0.763804 -0.454093
vn -0.864211 0.474331 -0.167780
vn -0.867835 0.490747 -0.077653
vn -0.481049 0.861849 -0.160651
vn -0.864211 0.474331 -0.167780
vn -0.481049 0.861849 -0.160651
vn -0.471966 0.823230 -0.315500
vn -0.867835 0.490747 -0.077653
vn -0.868781 0.494948 0.015672
vn -0.484468 0.874803 0.003250
vn -0.867835 0.490747 -0.077653
vn -0.484468 0.874803 0.003250
vn -0.481049 0.861849 -0.160651
vn -0.484468 0.874803 0.003250
vn -0.481630 0.860357 0.166790
vn -0.202482 0.961976 0.183309
vn -0.484468 0.874803 0.003250
vn -0.202482 0.961976 0.183309
vn -0.204006 0.978969 0.000578
vn -0.481630 0.860357 0.166790
vn -0.473057 0.820592 0.320696
vn -0.197748 0.914089 0.354031
vn -0.481630 0.860357 0.166790
vn -0.197748 0.914089 0.354031
vn -0.202482 0.961976 0.183309
vn -0.473057 0.820592 0.320696
vn -0.460168 0.760529 0.458083
vn -0.190708 0.842280 0.504177
vn -0.473057 0.820592 0.320696
vn -0.190708 0.842280 0.504177
vn -0.197748 0.914089 0.354031
vn -0.460168 0.760529 0.458083
vn -0.444780 0.686323 0.575440
vn -0.182478 0.754926 0.629912
vn -0.460168 0.760529 0.458083
vn -0.182478 0.754926 0.629912
vn -0.190708 0.842280 0.504177
vn -0.444780 0.686323 0.575440
vn -0.428621 0.603636 0.672241
vn -0.174053 0.659392 0.731374
vn -0.444780 0.686323 0.575440
vn -0.174053 0.659392 0.731374
vn -0.182478 0.754926 0.629912
vn -0.428621 0.603636 0.672241
vn -0.413058 0.516791 0.749874
vn -0.166144 0.560943 0.811011
vn -0.428621 0.603636 0.672241
vn -0.166144 0.560943 0.811011
vn -0.174053 0.659392 0.731374
vn -0.413058 0.516791 0.749874
vn -0.399034 0.428631 0.810585
vn -0.159183 0.462742 0.872084
vn -0.413058 0.516791 0.749874
vn -0.159183 0.462742 0.872084
vn -0.166144 0.560943 0.811011
vn -0.399034 0.428631 0.810585
vn -0.387129 0.340766 0.856743
vn -0.153393 0.366332 0.917754
vn -0.399034 0.428631 0.810585
vn -0.153393 0.366332 0.917754
vn -0.159183 0.462742 0.872084
vn -0.387129 0.340766 0.856743
vn -0.377666 0.253912 0.890448
vn -0.148863 0.272183 0.950661
vn -0.387129 0.340766 0.856743
vn -0.148863 0.272183 0.950661
vn -0.153393 0.366332 0.917754
vn -0.377666 0.253912 0.890448
vn -0.370800 0.168198 0.913355
vn -0.145614 0.180116 0.972808
vn -0.377666 0.253912 0.890448
vn -0.145614 0.180116 0.972808
vn -0.148863 0.272183 0.950661
vn -0.370800 0.168198 0.913355
vn -0.366599 0.083395 0.926634
vn -0.143638 0.089587 0.985567
vn -0.370800 0.168198 0.913355
vn -0.143638 0.089587 0.985567
vn -0.145614 0.180116 0.972808
vn -0.366599 0.083395 0.926634
vn -0.365086 -0.000924 0.930973
vn -0.142921 -0.000137 0.989734
vn -0.366599 0.083395 0.926634
vn -0.142921 -0.000137 0.989734
vn -0.143638 0.089587 0.985567
vn -0.365086 -0.000924 0.930973
vn -0.366266 -0.085278 0.926594
vn -0.143458 -0.089867 0.985568
vn -0.365086 -0.000924 0.930973
vn -0.143458 -0.089867 0.985568
vn -0.142921 -0.000137 0.989734
vn -0.366266 -0.085278 0.926594
vn -0.370139 -0.170183 0.913255
vn -0.145252 -0.180415 0.972806
vn -0.366266 -0.085278 0.926594
vn -0.145252 -0.180415 0.972806
vn -0.143458 -0.089867 0.985568
vn -0.370139 -0.170183 0.913255
vn -0.376691 -0.256069 0.890243
vn -0.148318 -0.272514 0.950651
vn -0.370139 -0.170183 0.913255
vn -0.148318 -0.272514 0.950651
vn -0.145252 -0.180415 0.972806
vn -0.376691 -0.256069 0.890243
vn -0.385866 -0.343163 0.856357
vn -0.152666 -0.366709 0.917724
vn -0.376691 -0.256069 0.890243
vn -0.152666 -0.366709 0.917724
vn -0.148318 -0.272514 0.950651
vn -0.385866 -0.343163 0.856357
vn -0.397525 -0.431325 0.809897
vn -0.158282 -0.463179 0.872016
vn -0.385866 -0.343163 0.856357
vn -0.158282 -0.463179 0.872016
vn -0.152666 -0.366709 0.917724
vn -0.397525 -0.431325 0.809897
vn -0.411375 -0.519810 0.748711
vn -0.165089 -0.561453 0.810874
vn -0.397525 -0.431325 0.809897
vn -0.165089 -0.561453 0.810874
vn -0.158282 -0.463179 0.872016
vn -0.411375 -0.519810 0.748711
vn -0.426865 -0.606944 0.670377
vn -0.172889 -0.659974 0.731125
vn -0.411375 -0.519810 0.748711
vn -0.172889 -0.659974 0.731125
vn -0.165089 -0.561453 0.810874
vn -0.426865 -0.606944 0.670377
vn -0.443087 -0.689769 0.572619
vn -0.181282 -0.755561 0.629496
vn -0.426865 -0.606944 0.670377
vn -0.181282 -0.755561 0.629496
vn -0.172889 -0.659974 0.731125
vn -0.443087 -0.689769 0.572619
vn -0.458697 -0.763804 0.454093
vn -0.189599 -0.842911 0.503541
vn -0.443087 -0.689769 0.572619
vn -0.189599 -0.842911 0.503541
vn -0.181282 -0.755561 0.629496
vn -0.458697 -0.763804 0.454093
vn -0.471966 -0.823230 0.315500
vn -0.196876 -0.914616 0.353152
vn -0.458697 -0.763804 0.454093
vn -0.196876 -0.914616 0.353152
vn -0.189599 -0.842911 0.503541
vn -0.471966 -0.823230 0.315500
vn -0.481049 -0.861849 0.160651
vn -0.201998 -0.962283 0.182232
vn -0.471966 -0.823230 0.315500
vn -0.201998 -0.962283 0.182232
vn -0.196876 -0.914616 0.353152
vn -0.481049 -0.861849 0.160651
vn -0.484468 -0.874803 -0.003250
vn -0.204006 -0.978969 -0.000578
vn -0.481049 -0.861849 0.160651
vn -0.204006 -0.978969 -0.000578
vn -0.201998 -0.962283 0.182232
vn -0.484468 -0.874803 -0.003250
vn -0.481630 -0.860357 -0.166790
vn -0.202482 -0.961976 -0.183309
vn -0.484468 -0.874803 -0.003250
vn -0.202482 -0.961976 -0.183309
vn -0.204006 -0.978969 -0.000578
vn -0.481630 -0.860357 -0.166790
vn -0.473057 -0.820592 -0.320696
vn -0.197748 -0.914089 -0.354031
vn -0.481630 -0.860357 -0.166790
vn -0.197748 -0.914089 -0.354031
vn -0.202482 -0.961976 -0.183309
vn -0.473057 -0.820592 -0.320696
vn -0.460168 -0.760529 -0.458083
vn -0.190708 -0.842280 -0.504177
vn -0.473057 -0.820592 -0.320696
vn -0.190708 -0.842280 -0.504177
vn -0.197748 -0.914089 -0.354031
vn -0.460168 -0.760529 -0.458083
vn -0.444780 -0.686323 -0.575440
vn -0.182478 -0.754926 -0.629912
vn -0.460168 -0.760529 -0.458083
vn -0.182478 -0.754926 -0.629912
vn -0.190708 -0.842280 -0.504177
vn -0.444780 -0.686323 -0.575440
vn -0.428621 -0.603636 -0.672241
vn -0.174053 -0.659392 -0.731374
vn -0.444780 -0.686323 -0.575440
vn -0.174053 -0.659392 -0.731374
vn -0.182478 -0.754926 -0.629912
vn -0.428621 -0.603636 -0.672241
vn -0.413058 -0.516791 -0.749874
vn -0.166144 -0.560943 -0.811011
vn -0.428621 -0.603636 -0.672241
vn -0.166144 -0.560943 -0.811011
vn -0.174053 -0.659392 -0.731374
vn -0.413058 -0.516791 -0.749874
vn -0.399034 -0.428631 -0.810585
vn -0.159183 -0.462742 -0.872084
vn -0.413058 -0.516791 -0.749874
vn -0.159183 -0.462742 -0.872084
vn -0.166144 -0.560943 -0.811011
vn -0.399034 -0.428631 -0.810585
vn -0.387129 -0.340766 -0.856743
vn -0.153393 -0.366332 -0.917754
vn -0.399034 -0.428631 -0.810585
vn -0.153393 -0.366332 -0.917754
vn -0.159183 -0.462742 -0.872084
vn -0.387129 -0.340766 -0.856743
vn -0.377666 -0.253912 -0.890448
vn -0.148863 -0.272183 -0.950661
vn -0.387129 -0.340766 -0.856743
vn -0.148863 -0.272183 -0.950661
vn -0.153393 -0.366332 -0.917754
vn -0.377666 -0.253912 -0.890448
vn -0.370800 -0.168198 -0.913355
vn -0.145614 -0.180116 -0.972808
vn -0.377666 -0.253912 -0.890448
vn -0.145614 -0.180116 -0.972808
vn -0.148863 -0.272183 -0.950661
vn -0.370800 -0.168198 -0.913355
vn -0.366599 -0.083395 -0.926634
vn -0.143638 -0.089587 -0.985567
vn -0.370800 -0.168198 -0.913355
vn -0.143638 -0.089587 -0.985567
vn -0.145614 -0.180116 -0.972808
vn -0.366599 -0.083395 -0.926634
vn -0.365086 0.000924 -0.930973
vn -0.142921 0.000137 -0.989734
vn -0.366599 -0.083395 -0.926634
vn -0.142921 0.000137 -0.989734
vn -0.143638 -0.089587 -0.985567
vn -0.365086 0.000924 -0.930973
vn -0.366266 0.085278 -0.926594
vn -0.143458 0.089867 -0.985568
vn -0.365086 0.000924 -0.930973
vn -0.143458 0.089867 -0.985568
vn -0.142921 0.000137 -0.989734
vn -0.366266 0.085278 -0.926594
vn -0.370139 0.170183 -0.913255
vn -0.145252 0.180415 -0.972806
vn -0.366266 0.085278 -0.926594
vn -0.145252 0.180415 -0.972806
vn -0.143458 0.089867 -0.985568
vn -0.370139 0.170183 -0.913255
vn -0.376691 0.256069 -0.890243
vn -0.148318 0.272514 -0.950651
vn -0.370139 0.170183 -0.913255
vn -0.148318 0.272514 -0.950651
vn -0.145252 0.180415 -0.972806
vn -0.376691 0.256069 -0.890243
vn -0.385866 0.343163 -0.856357
vn -0.152666 0.366709 -0.917724
vn -0.376691 0.256069 -0.890243
vn -0.152666 0.366709 -0.917724
vn -0.148318 0.272514 -0.950651
vn -0.385866 0.343163 -0.856357
vn -0.397525 0.431325 -0.809897
vn -0.158282 0.463179 -0.872016
vn -0.385866 0.343163 -0.856357
vn -0.158282 0.463179 -0.872016
vn -0.152666 0.366709 -0.917724
vn -0.397525 0.431325 -0.809897
vn -0.411375 0.519810 -0.748711
vn -0.165089 0.561453 -0.810874
vn -0.397525 0.431325 -0.809897
vn -0.165089 0.561453 -0.810874
vn -0.158282 0.463179 -0.872016
vn -0.411375 0.519810 -0.748711
vn -0.426865 0.606944 -0.670377
vn -0.172889 0.659974 -0.731125
vn -0.411375 0.519810 -0.748711
vn -0.172889 0.659974 -0.731125
vn -0.165089 0.561453 -0.810874
vn -0.426865 0.606944 -0.670377
vn -0.443087 0.689769 -0.572619
vn -0.181282 0.755561 -0.629496
vn -0.426865 0.606944 -0.670377
vn -0.181282 0.755561 -0.629496
vn -0.172889 0.659974 -0.731125
vn -0.443087 0.689769 -0.572619
vn -0.458697 0.763804 -0.454093
vn -0.189599 0.842911 -0.503541
vn -0.443087 0.689769 -0.572619
vn -0.189599 0.842911 -0.503541
vn -0.181282 0.755561 -0.629496
vn -0.458697 0.763804 -0.454093
vn -0.471966 0.823230 -0.315500
vn -0.196876 0.914616 -0.353152
vn -0.458697 0.763804 -0.454093
vn -0.196876 0.914616 -0.353152
vn -0.189599 0.842911 -0.503541
vn -0.471966 0.823230 -0.315500
vn -0.481049 0.861849 -0.160651
vn -0.201998 0.962283 -0.182232
vn -0.471966 0.823230 -0.315500
vn -0.201998 0.962283 -0.182232
vn -0.196876 0.914616 -0.353152
vn -0.481049 0.861849 -0.160651
vn -0.484468 0.874803 0.003250
vn -0.204006 0.978969 0.000578
vn -0.481049 0.861849 -0.160651
vn -0.204006 0.978969 0.000578
vn -0.201998 0.962283 -0.182232
vn -0.204006 0.978969 0.000578
vn -0.202482 0.961976 0.183309
vn 0.179726 0.966740 0.181970
vn -0.204006 0.978969 0.000578
vn 0.179726 0.966740 0.181970
vn 0.181851 0.983325 -0.001754
vn -0.202482 0.961976 0.183309
vn -0.197748 0.914089 0.354031
vn 0.175314 0.918768 0.353738
vn -0.202482 0.961976 0.183309
vn 0.175314 0.918768 0.353738
vn 0.179726 0.966740 0.181970
vn -0.197748 0.914089 0.354031
vn -0.190708 0.842280 0.504177
vn 0.169362 0.846490 0.504749
vn -0.197748 0.914089 0.354031
vn 0.169362 0.846490 0.504749
vn 0.175314 0.918768 0.353738
vn -0.190708 0.842280 0.504177
vn -0.182478 0.754926 0.629912
vn 0.162687 0.758478 0.631066
vn -0.190708 0.842280 0.504177
vn 0.162687 0.758478 0.631066
vn 0.169362 0.846490 0.504749
vn -0.182478 0.754926 0.629912
vn -0.174053 0.659392 0.731374
vn 0.155989 0.662269 0.732849
vn -0.182478 0.754926 0.629912
vn 0.155989 0.662269 0.732849
vn 0.162687 0.758478 0.631066
vn -0.174053 0.659392 0.731374
vn -0.166144 0.560943 0.811011
vn 0.149767 0.563222 0.812620
vn -0.174053 0.659392 0.731374
vn 0.149767 0.563222 0.812620
vn 0.155989 0.662269 0.732849
vn -0.166144 0.560943 0.811011
vn -0.159183 0.462742 0.872084
vn 0.144331 0.464530 0.873716
vn -0.166144 0.560943 0.811011
vn 0.144331 0.464530 0.873716
vn 0.149767 0.563222 0.812620
vn -0.159183 0.462742 0.872084
vn -0.153393 0.366332 0.917754
vn 0.139852 0.367736 0.919354
vn -0.159183 0.462742 0.872084
vn 0.139852 0.367736 0.919354
vn 0.144331 0.464530 0.873716
vn -0.153393 0.366332 0.917754
vn -0.148863 0.272183 0.950661
vn 0.136409 0.273291 0.952210
vn -0.153393 0.366332 0.917754
vn 0.136409 0.273291 0.952210
vn 0.139852 0.367736 0.919354
vn -0.148863 0.272183 0.950661
vn -0.145614 0.180116 0.972808
vn 0.134031 0.180998 0.974308
vn -0.148863 0.272183 0.950661
vn 0.134031 0.180998 0.974308
vn 0.136409 0.273291 0.952210
vn -0.145614 0.180116 0.972808
vn -0.143638 0.089587 0.985567
vn 0.132723 0.090293 0.987032
vn -0.145614 0.180116 0.972808
vn 0.132723 0.090293 0.987032
vn 0.134031 0.180998 0.974308
vn -0.143638 0.089587 0.985567
vn -0.142921 -0.000137 0.989734
vn 0.132484 0.000430 0.991185
vn -0.143638 0.089587 0.985567
vn 0.132484 0.000430 0.991185
vn 0.132723 0.090293 0.987032
vn -0.142921 -0.000137 0.989734
vn -0.143458 -0.089867 0.985568
vn 0.133314 -0.089414 0.987032
vn -0.142921 -0.000137 0.989734
vn 0.133314 -0.089414 0.987032
vn 0.132484 0.000430 0.991185
vn -0.143458 -0.089867 0.985568
vn -0.145252 -0.180415 0.972806
vn 0.135216 -0.180061 0.974317
vn -0.143458 -0.089867 0.985568
vn 0.135216 -0.180061 0.974317
vn 0.133314 -0.089414 0.987032
vn -0.145252 -0.180415 0.972806
vn -0.148318 -0.272514 0.950651
vn 0.138191 -0.272258 0.952249
vn -0.145252 -0.180415 0.972806
vn 0.138191 -0.272258 0.952249
vn 0.135216 -0.180061 0.974317
vn -0.148318 -0.272514 0.950651
vn -0.152666 -0.366709 0.917724
vn 0.142226 -0.366562 0.919459
vn -0.148318 -0.272514 0.950651
vn 0.142226 -0.366562 0.919459
vn 0.138191 -0.272258 0.952249
vn -0.152666 -0.366709 0.917724
vn -0.158282 -0.463179 0.872016
vn 0.147268 -0.463175 0.873946
vn -0.152666 -0.366709 0.917724
vn 0.147268 -0.463175 0.873946
vn 0.142226 -0.366562 0.919459
vn -0.158282 -0.463179 0.872016
vn -0.165089 -0.561453 0.810874
vn 0.153197 -0.561654 0.813066
vn -0.158282 -0.463179 0.872016
vn 0.153197 -0.561654 0.813066
vn 0.147268 -0.463175 0.873946
vn -0.165089 -0.561453 0.810874
vn -0.172889 -0.659974 0.731125
vn 0.159765 -0.660489 0.733641
vn -0.165089 -0.561453 0.810874
vn 0.159765 -0.660489 0.733641
vn 0.153197 -0.561654 0.813066
vn -0.172889 -0.659974 0.731125
vn -0.181282 -0.755561 0.629496
vn 0.166554 -0.756552 0.632367
vn -0.172889 -0.659974 0.731125
vn 0.166554 -0.756552 0.632367
vn 0.159765 -0.660489 0.733641
vn -0.181282 -0.755561 0.629496
vn -0.189599 -0.842911 0.503541
vn 0.172938 -0.844591 0.506714
vn -0.181282 -0.755561 0.629496
vn 0.172938 -0.844591 0.506714
vn 0.166554 -0.756552 0.632367
vn -0.189599 -0.842911 0.503541
vn -0.196876 -0.914616 0.353152
vn 0.178117 -0.917188 0.356426
vn -0.189599 -0.842911 0.503541
vn 0.178117 -0.917188 0.356426
vn 0.172938 -0.844591 0.506714
vn -0.196876 -0.914616 0.353152
vn -0.201998 -0.962283 0.182232
vn 0.181280 -0.965826 0.185248
vn -0.196876 -0.914616 0.353152
vn 0.181280 -0.965826 0.185248
vn 0.178117 -0.917188 0.356426
vn -0.201998 -0.962283 0.182232
vn -0.204006 -0.978969 -0.000578
vn 0.181851 -0.983325 0.001754
vn -0.201998 -0.962283 0.182232
vn 0.181851 -0.983325 0.001754
vn 0.181280 -0.965826 0.185248
vn -0.204006 -0.978969 -0.000578
vn -0.202482 -0.961976 -0.183309
vn 0.179726 -0.966740 -0.181970
vn -0.204006 -0.978969 -0.000578
vn 0.179726 -0.966740 -0.181970
vn 0.181851 -0.983325 0.001754
vn -0.202482 -0.961976 -0.183309
vn -0.197748 -0.914089 -0.354031
vn 0.175314 -0.918768 -0.353738
vn -0.202482 -0.961976 -0.183309
vn 0.175314 -0.918768 -0.353738
vn 0.179726 -0.966740 -0.181970
vn -0.197748 -0.914089 -0.354031
vn -0.190708 -0.842280 -0.504177
vn 0.169362 -0.846490 -0.504749
vn -0.197748 -0.914089 -0.354031
vn 0.169362 -0.846490 -0.504749
vn 0.175314 -0.918768 -0.353738
vn -0.190708 -0.842280 -0.504177
vn -0.182478 -0.754926 -0.629912
vn 0.162687 -0.758478 -0.631066
vn -0.190708 -0.842280 -0.504177
vn 0.162687 -0.758478 -0.631066
vn 0.169362 -0.846490 -0.504749
vn -0.182478 -0.754926 -0.629912
vn -0.174053 -0.659392 -0.731374
vn 0.155989 -0.662269 -0.732849
vn -0.182478 -0.754926 -0.629912
vn 0.155989 -0.662269 -0.732849
vn 0.162687 -0.758478 -0.631066
vn -0.174053 -0.659392 -0.731374
vn -0.166144 -0.560943 -0.811011
vn 0.149767 -0.563222 -0.812620
vn -0.174053 -0.659392 -0.731374
vn 0.149767 -0.563222 -0.812620
vn 0.155989 -0.662269 -0.732849
vn -0.166144 -0.560943 -0.811011
vn -0.159183 -0.462742 -0.872084
vn 0.144331 -0.464530 -0.873716
vn -0.166144 -0.560943 -0.811011
vn 0.144331 -0.464530 -0.873716
vn 0.149767 -0.563222 -0.812620
vn -0.159183 -0.462742 -0.872084
vn -0.153393 -0.366332 -0.917754
vn 0.139852 -0.367736 -0.919354
vn -0.159183 -0.462742 -0.872084
vn 0.139852 -0.367736 -0.919354
vn 0.144331 -0.464530 -0.873716
vn -0.153393 -0.366332 -0.917754
vn -0.148863 -0.272183 -0.950661
vn 0.136409 -0.273291 -0.952210
vn -0.153393 -0.366332 -0.917754
vn 0.136409 -0.273291 -0.952210
vn 0.139852 -0.367736 -0.919354
vn -0.148863 -0.272183 -0.950661
vn -0.145614 -0.180116 -0.972808
vn 0.134031 -0.180998 -0.974308
vn -0.148863 -0.272183 -0.950661
vn 0.134031 -0.180998 -0.974308
vn 0.136409 -0.273291 -0.952210
vn -0.145614 -0.180116 -0.972808
vn -0.143638 -0.089587 -0.985567
vn 0.132723 -0.090293 -0.987032
vn -0.145614 -0.180116 -0.972808
vn 0.132723 -0.090293 -0.987032
vn 0.134031 -0.180998 -0.974308
vn -0.143638 -0.089587 -0.985567
vn -0.142921 0.000137 -0.989734
vn 0.132484 -0.000430 -0.991185
vn -0.143638 -0.089587 -0.985567
vn 0.132484 -0.000430 -0.991185
vn 0.132723 -0.090293 -0.987032
vn -0.142921 0.000137 -0.989734
vn -0.143458 0.089867 -0.985568
vn 0.133314 0.089414 -0.987032
vn -0.142921 0.000137 -0.989734
vn 0.133314 0.089414 -0.987032
vn 0.132484 -0.000430 -0.991185
vn -0.143458 0.089867 -0.985568
vn -0.145252 0.180415 -0.972806
vn 0.135216 0.180061 -0.974317
vn -0.143458 0.089867 -0.985568
vn 0.135216 0.180061 -0.974317
vn 0.133314 0.089414 -0.987032
vn -0.145252 0.180415 -0.972806
vn -0.148318 0.272514 -0.950651
vn 0.138191 0.272258 -0.952249
vn -0.145252 0.180415 -0.972806
vn 0.138191 0.272258 -0.952249
vn 0.135216 0.180061 -0.974317
vn -0.148318 0.272514 -0.950651
vn -0.152666 0.366709 -0.917724
vn 0.142226 0.366562 -0.919459
vn -0.148318 0.272514 -0.950651
vn 0.142226 0.366562 -0.919459
vn 0.138191 0.272258 -0.952249
vn -0.152666 0.366709 -0.917724
vn -0.158282 0.463179 -0.872016
vn 0.147268 0.463175 -0.873946
vn -0.152666 0.366709 -0.917724
vn 0.147268 0.463175 -0.873946
vn 0.142226 0.366562 -0.919459
vn -0.158282 0.463179 -0.872016
vn -0.165089 0.561453 -0.810874
vn 0.153197 0.561654 -0.813066
vn -0.158282 0.463179 -0.872016
vn 0.153197 0.561654 -0.813066
vn 0.147268 0.463175 -0.873946
vn -0.165089 0.561453 -0.810874
vn -0.172889 0.659974 -0.731125
vn 0.159765 0.660489 -0.733641
vn -0.165089 0.561453 -0.810874
vn 0.159765 0.660489 -0.733641
vn 0.153197 0.561654 -0.813066
vn -0.172889 0.659974 -0.731125
vn -0.181282 0.755561 -0.629496
vn 0.166554 0.756552 -0.632367
vn -0.172889 0.659974 -0.731125
vn 0.166554 0.756552 -0.632367
vn 0.159765 0.660489 -0.733641
vn -0.181282 0.755561 -0.629496
vn -0.189599 0.842911 -0.503541
vn 0.172938 0.844591 -0.506714
vn -0.181282 0.755561 -0.629496
vn 0.172938 0.844591 -0.506714
vn 0.166554 0.756552 -0.632367
vn -0.189599 0.842911 -0.503541
vn -0.196876 0.914616 -0.353152
vn 0.178117 0.917188 -0.356426
vn -0.189599 0.842911 -0.503541
vn 0.178117 0.917188 -0.356426
vn 0.172938 0.844591 -0.506714
vn -0.196876 0.914616 -0.353152
vn -0.201998 0.962283 -0.182232
vn 0.181280 0.965826 -0.185248
vn -0.196876 0.914616 -0.353152
vn 0.181280 0.965826 -0.185248
vn 0.178117 0.917188 -0.356426
vn -0.201998 0.962283 -0.182232
vn -0.204006 0.978969 0.000578
vn 0.181851 0.983325 -0.001754
vn -0.201998 0.962283 -0.182232
vn 0.181851 0.983325 -0.001754
vn 0.181280 0.965826 -0.185248
vn 0.181851 0.983325 -0.001754
vn 0.179726 0.966740 0.181970
vn 0.786014 0.610627 0.096521
vn 0.181851 0.983325 -0.001754
vn 0.786014 0.610627 0.096521
vn 0.787020 0.616618 -0.019524
vn 0.179726 0.966740 0.181970
vn 0.175314 0.918768 0.353738
vn 0.782206 0.587415 0.207597
vn 0.179726 0.966740 0.181970
vn 0.782206 0.587415 0.207597
vn 0.786014 0.610627 0.096521
vn 0.175314 0.918768 0.353738
vn 0.169362 0.846490 0.504749
vn 0.776237 0.549632 0.308804
vn 0.175314 0.918768 0.353738
vn 0.776237 0.549632 0.308804
vn 0.782206 0.587415 0.207597
vn 0.169362 0.846490 0.504749
vn 0.162687 0.758478 0.631066
vn 0.768974 0.500934 0.397169
vn 0.169362 0.846490 0.504749
vn 0.768974 0.500934 0.397169
vn 0.776237 0.549632 0.308804
vn 0.162687 0.758478 0.631066
vn 0.155989 0.662269 0.732849
vn 0.761267 0.444987 0.471656
vn 0.162687 0.758478 0.631066
vn 0.761267 0.444987 0.471656
vn 0.768974 0.500934 0.397169
vn 0.155989 0.662269 0.732849
vn 0.149767 0.563222 0.812620
vn 0.753796 0.384818 0.532641
vn 0.155989 0.662269 0.732849
vn 0.753796 0.384818 0.532641
vn 0.761267 0.444987 0.471656
vn 0.149767 0.563222 0.812620
vn 0.144331 0.464530 0.873716
vn 0.747032 0.322593 0.581272
vn 0.149767 0.563222 0.812620
vn 0.747032 0.322593 0.581272
vn 0.753796 0.384818 0.532641
vn 0.144331 0.464530 0.873716
vn 0.139852 0.367736 0.919354
vn 0.741264 0.259674 0.618948
vn 0.144331 0.464530 0.873716
vn 0.741264 0.259674 0.618948
vn 0.747032 0.322593 0.581272
vn 0.139852 0.367736 0.919354
vn 0.136409 0.273291 0.952210
vn 0.736652 0.196805 0.647002
vn 0.139852 0.367736 0.919354
vn 0.736652 0.196805 0.647002
vn 0.741264 0.259674 0.618948
vn 0.136409 0.273291 0.952210
vn 0.134031 0.180998 0.974308
vn 0.733271 0.134294 0.666543
vn 0.136409 0.273291 0.952210
vn 0.733271 0.134294 0.666543
vn 0.736652 0.196805 0.647002
vn 0.134031 0.180998 0.974308
vn 0.132723 0.090293 0.987032
vn 0.731152 0.072169 0.678387
vn 0.134031 0.180998 0.974308
vn 0.731152 0.072169 0.678387
vn 0.733271 0.134294 0.666543
vn 0.132723 0.090293 0.987032
vn 0.132484 0.000430 0.991185
vn 0.730305 0.010297 0.683044
vn 0.132723 0.090293 0.987032
vn 0.730305 0.010297 0.683044
vn 0.731152 0.072169 0.678387
vn 0.132484 0.000430 0.991185
vn 0.133314 -0.089414 0.987032
vn 0.730731 -0.051536 0.680717
vn 0.132484 0.000430 0.991185
vn 0.730731 -0.051536 0.680717
vn 0.730305 0.010297 0.683044
vn 0.133314 -0.089414 0.987032
vn 0.135216 -0.180061 0.974317
vn 0.732431 -0.113555 0.671305
vn 0.133314 -0.089414 0.987032
vn 0.732431 -0.113555 0.671305
vn 0.730731 -0.051536 0.680717
vn 0.135216 -0.180061 0.974317
vn 0.138191 -0.272258 0.952249
vn 0.735397 -0.175928 0.654401
vn 0.135216 -0.180061 0.974317
vn 0.735397 -0.175928 0.654401
vn 0.732431 -0.113555 0.671305
vn 0.138191 -0.272258 0.952249
vn 0.142226 -0.366562 0.919459
vn 0.739609 -0.238691 0.629289
vn 0.138191 -0.272258 0.952249
vn 0.739609 -0.238691 0.629289
vn 0.735397 -0.175928 0.654401
vn 0.142226 -0.366562 0.919459
vn 0.147268 -0.463175 0.873946
vn 0.745008 -0.301643 0.594957
vn 0.142226 -0.366562 0.919459
vn 0.745008 -0.301643 0.594957
vn 0.739609 -0.238691 0.629289
vn 0.147268 -0.463175 0.873946
vn 0.153197 -0.561654 0.813066
vn 0.751469 -0.364204 0.550136
vn 0.147268 -0.463175 0.873946
vn 0.751469 -0.364204 0.550136
vn 0.745008 -0.301643 0.594957
vn 0.153197 -0.561654 0.813066
vn 0.159765 -0.660489 0.733641
vn 0.758749 -0.425240 0.493427
vn 0.153197 -0.561654 0.813066
vn 0.758749 -0.425240 0.493427
vn 0.751469 -0.364204 0.550136
vn 0.159765 -0.660489 0.733641
vn 0.166554 -0.756552 0.632367
vn 0.766444 -0.482870 0.423556
vn 0.159765 -0.660489 0.733641
vn 0.766444 -0.482870 0.423556
vn 0.758749 -0.425240 0.493427
vn 0.166554 -0.756552 0.632367
vn 0.172938 -0.844591 0.506714
vn 0.773941 -0.534355 0.339824
vn 0.166554 -0.756552 0.632367
vn 0.773941 -0.534355 0.339824
vn 0.766444 -0.482870 0.423556
vn 0.172938 -0.844591 0.506714
vn 0.178117 -0.917188 0.356426
vn 0.780436 -0.576200 0.242721
vn 0.172938 -0.844591 0.506714
vn 0.780436 -0.576200 0.242721
vn 0.773941 -0.534355 0.339824
vn 0.178117 -0.917188 0.356426
vn 0.181280 -0.965826 0.185248
vn 0.785044 -0.604656 0.134526
vn 0.178117 -0.917188 0.356426
vn 0.785044 -0.604656 0.134526
vn 0.780436 -0.576200 0.242721
vn 0.181280 -0.965826 0.185248
vn 0.181851 -0.983325 0.001754
vn 0.787020 -0.616618 0.019524
vn 0.181280 -0.965826 0.185248
vn 0.787020 -0.616618 0.019524
vn 0.785044 -0.604656 0.134526
vn 0.181851 -0.983325 0.001754
vn 0.179726 -0.966740 -0.181970
vn 0.786014 -0.610627 -0.096521
vn 0.181851 -0.983325 0.001754
vn 0.786014 -0.610627 -0.096521
vn 0.787020 -0.616618 0.019524
vn 0.179726 -0.966740 -0.181970
vn 0.175314 -0.918768 -0.353738
vn 0.782206 -0.587415 -0.207597
vn 0.179726 -0.966740 -0.181970
vn 0.782206 -0.587415 -0.207597
vn 0.786014 -0.610627 -0.096521
vn 0.175314 -0.918768 -0.353738
vn 0.169362 -0.846490 -0.504749
vn 0.776237 -0.549632 -0.308804
vn 0.175314 -0.918768 -0.353738
vn 0.776237 -0.549632 -0.308804
vn 0.782206 -0.587415 -0.207597
vn 0.169362 -0.846490 -0.504749
vn 0.162687 -0.758478 -0.631066
vn 0.768974 -0.500934 -0.397169
vn 0.169362 -0.846490 -0.504749
vn 0.768974 -0.500934 -0.397169
vn 0.776237 -0.549632 -0.308804
vn 0.162687 -0.758478 -0.631066
vn 0.155989 -0.662269 -0.732849
vn 0.761267 -0.444987 -0.471656
vn 0.162687 -0.758478 -0.631066
vn 0.761267 -0.444987 -0.471656
vn 0.768974 -0.500934 -0.397169
vn 0.155989 -0.662269 -0.732849
vn 0.149767 -0.563222 -0.812620
vn 0.753796 -0.384818 -0.532641
vn 0.155989 -0.662269 -0.732849
vn 0.753796 -0.384818 -0.532641
vn 0.761267 -0.444987 -0.471656
vn 0.149767 -0.563222 -0.812620
vn 0.144331 -0.464530 -0.873716
vn 0.747032 -0.322593 -0.581272
vn 0.149767 -0.563222 -0.812620
vn 0.747032 -0.322593 -0.581272
vn 0.753796 -0.384818 -0.532641
vn 0.144331 -0.464530 -0.873716
vn 0.139852 -0.367736 -0.919354
vn 0.741264 -0.259674 -0.618948
vn 0.144331 -0.464530 -0.873716
vn 0.741264 -0.259674 -0.618948
vn 0.747032 -0.322593 -0.581272
vn 0.139852 -0.367736 -0.919354
vn 0.136409 -0.273291 -0.952210
vn 0.736652 -0.196805 -0.647002
vn 0.139852 -0.367736 -0.919354
vn 0.736652 -0.196805 -0.647002
vn 0.741264 -0.259674 -0.618948
vn 0.136409 -0.273291 -0.952210
vn 0.134031 -0.180998 -0.974308
vn 0.733271 -0.134294 -0.666543
vn 0.136409 -0.273291 -0.952210
vn 0.733271 -0.134294 -0.666543
vn 0.736652 -0.196805 -0.647002
vn 0.134031 -0.180998 -0.974308
vn 0.132723 -0.090293 -0.987032
vn 0.731152 -0.072169 -0.678387
vn 0.134031 -0.180998 -0.974308
vn 0.731152 -0.072169 -0.678387
vn 0.733271 -0.134294 -0.666543
vn 0.132723 -0.090293 -0.987032
vn 0.132484 -0.000430 -0.991185
vn 0.730305 -0.010297 -0.683044
vn 0.132723 -0.090293 -0.987032
vn 0.730305 -0.010297 -0.683044
vn 0.731152 -0.072169 -0.678387
vn 0.132484 -0.000430 -0.991185
vn 0.133314 0.089414 -0.987032
vn 0.730731 0.051536 -0.680717
vn 0.132484 -0.000430 -0.991185
vn 0.730731 0.051536 -0.680717
vn 0.730305 -0.010297 -0.683044
vn 0.133314 0.089414 -0.987032
vn 0.135216 0.180061 -0.974317
vn 0.732431 0.113555 -0.671305
vn 0.133314 0.089414 -0.987032
vn 0.732431 0.113555 -0.671305
vn 0.730731 0.051536 -0.680717
vn 0.135216 0.180061 -0.974317
vn 0.138191 0.272258 -0.952249
vn 0.735397 0.175928 -0.654401
vn 0.135216 0.180061 -0.974317
vn 0.735397 0.175928 -0.654401
vn 0.732431 0.113555 -0.671305
vn 0.138191 0.272258 -0.952249
vn 0.142226 0.366562 -0.919459
vn 0.739609 0.238691 -0.629289
vn 0.138191 0.272258 -0.952249
vn 0.739609 0.238691 -0.629289
vn 0.735397 0.175928 -0.654401
vn 0.142226 0.366562 -0.919459
vn 0.147268 0.463175 -0.873946
vn 0.745008 0.301643 -0.594957
vn 0.142226 0.366562 -0.919459
vn 0.745008 0.301643 -0.594957
vn 0.739609 0.238691 -0.629289
vn 0.147268 0.463175 -0.873946
vn 0.153197 0.561654 -0.813066
vn 0.751469 0.364204 -0.550136
vn 0.147268 0.463175 -0.873946
vn 0.751469 0.364204 -0.550136
vn 0.745008 0.301643 -0.594957
vn 0.153197 0.561654 -0.813066
vn 0.159765 0.660489 -0.733641
vn 0.758749 0.425240 -0.493427
vn 0.153197 0.561654 -0.813066
vn 0.758749 0.425240 -0.493427
vn 0.751469 0.364204 -0.550136
vn 0.159765 0.660489 -0.733641
vn 0.166554 0.756552 -0.632367
vn 0.766444 0.482870 -0.423556
vn 0.159765 0.660489 -0.733641
vn 0.766444 0.482870 -0.423556
vn 0.758749 0.425240 -0.493427
vn 0.166554 0.756552 -0.632367
vn 0.172938 0.844591 -0.506714
vn 0.773941 0.534355 -0.339824
vn 0.166554 0.756552 -0.632367
vn 0.773941 0.534355 -0.339824
vn 0.766444 0.482870 -0.423556
vn 0.172938 0.844591 -0.506714
vn 0.178117 0.917188 -0.356426
vn 0.780436 0.576200 -0.242721
vn 0.172938 0.844591 -0.506714
vn 0.780436 0.576200 -0.242721
vn 0.773941 0.534355 -0.339824
vn 0.178117 0.917188 -0.356426
vn 0.181280 0.965826 -0.185248
vn 0.785044 0.604656 -0.134526
vn 0.178117 0.917188 -0.356426
vn 0.785044 0.604656 -0.134526
vn 0.780436 0.576200 -0.242721
vn 0.181280 0.965826 -0.185248
vn 0.181851 0.983325 -0.001754
vn 0.787020 0.616618 -0.019524
vn 0.181280 0.965826 -0.185248
vn 0.787020 0.616618 -0.019524
vn 0.785044 0.604656 -0.134526
vn -0.866909 0.486552 0.108332
vn -0.868781 0.494948 0.015672
vn -1.000000 0.000000 0.000000
vn -0.862494 0.466323 0.196587
vn -0.866909 0.486552 0.108332
vn -1.000000 0.000000 0.000000
vn -0.856141 0.435947 0.277439
vn -0.862494 0.466323 0.196587
vn -1.000000 0.000000 0.000000
vn -0.848613 0.397587 0.348970
vn -0.856141 0.435947 0.277439
vn -1.000000 0.000000 0.000000
vn -0.840666 0.353428 0.410328
vn -0.848613 0.397587 0.348970
vn -1.000000 0.000000 0.000000
vn -0.832939 0.305364 0.461481
vn -0.840666 0.353428 0.410328
vn -1.000000 0.000000 0.000000
vn -0.825913 0.254862 0.502904
vn -0.832939 0.305364 0.461481
vn -1.000000 0.000000 0.000000
vn -0.819917 0.202961 0.535297
vn -0.825913 0.254862 0.502904
vn -1.000000 0.000000 0.000000
vn -0.815162 0.150331 0.559385
vn -0.819917 0.202961 0.535297
vn -1.000000 0.000000 0.000000
vn -0.811772 0.097367 0.575800
vn -0.815162 0.150331 0.559385
vn -1.000000 0.000000 0.000000
vn -0.809815 0.044275 0.585013
vn -0.811772 0.097367 0.575800
vn -1.000000 0.000000 0.000000
vn -0.809323 -0.008854 0.587298
vn -0.809815 0.044275 0.585013
vn -1.000000 0.000000 0.000000
vn -0.810302 -0.061976 0.582726
vn -0.809323 -0.008854 0.587298
vn -1.000000 0.000000 0.000000
vn -0.812739 -0.115042 0.571157
vn -0.810302 -0.061976 0.582726
vn -1.000000 0.000000 0.000000
vn -0.816592 -0.167929 0.552248
vn -0.812739 -0.115042 0.571157
vn -1.000000 0.000000 0.000000
vn -0.821775 -0.220377 0.525470
vn -0.816592 -0.167929 0.552248
vn -1.000000 0.000000 0.000000
vn -0.828142 -0.271910 0.490150
vn -0.821775 -0.220377 0.525470
vn -1.000000 0.000000 0.000000
vn -0.835444 -0.321744 0.445549
vn -0.828142 -0.271910 0.490150
vn -1.000000 0.000000 0.000000
vn -0.843306 -0.368702 0.391016
vn -0.835444 -0.321744 0.445549
vn -1.000000 0.000000 0.000000
vn -0.851193 -0.411166 0.326209
vn -0.843306 -0.368702 0.391016
vn -1.000000 0.000000 0.000000
vn -0.858420 -0.447118 0.251399
vn -0.851193 -0.411166 0.326209
vn -1.000000 0.000000 0.000000
vn -0.864211 -0.474331 0.167780
vn -0.858420 -0.447118 0.251399
vn -1.000000 0.000000 0.000000
vn -0.867835 -0.490747 0.077653
vn -0.864211 -0.474331 0.167780
vn -1.000000 0.000000 0.000000
vn -0.868781 -0.494948 -0.015672
vn -0.867835 -0.490747 0.077653
vn -1.000000 0.000000 0.000000
vn -0.866909 -0.486552 -0.108332
vn -0.868781 -0.494948 -0.015672
vn -1.000000 0.000000 0.000000
vn -0.862494 -0.466323 -0.196587
vn -0.866909 -0.486552 -0.108332
vn -1.000000 0.000000 0.000000
vn -0.856141 -0.435947 -0.277439
vn -0.862494 -0.466323 -0.196587
vn -1.000000 0.000000 0.000000
vn -0.848613 -0.397587 -0.348970
vn -0.856141 -0.435947 -0.277439
vn -1.000000 0.000000 0.000000
vn -0.840666 -0.353428 -0.410328
vn -0.848613 -0.397587 -0.348970
vn -1.000000 0.000000 0.000000
vn -0.832939 -0.305364 -0.461481
vn -0.840666 -0.353428 -0.410328
vn -1.000000 0.000000 0.000000
vn -0.825913 -0.254862 -0.502904
vn -0.832939 -0.305364 -0.461481
vn -1.000000 0.000000 0.000000
vn -0.819917 -0.202961 -0.535297
vn -0.825913 -0.254862 -0.502904
vn -1.000000 0.000000 0.000000
vn -0.815162 -0.150331 -0.559385
vn -0.819917 -0.202961 -0.535297
vn -1.000000 0.000000 0.000000
vn -0.811772 -0.097367 -0.575800
vn -0.815162 -0.150331 -0.559385
vn -1.000000 0.000000 0.000000
vn -0.809815 -0.044275 -0.585013
vn -0.811772 -0.097367 -0.575800
vn -1.000000 0.000000 0.000000
vn -0.809323 0.008854 -0.587298
vn -0.809815 -0.044275 -0.585013
vn -1.000000 0.000000 0.000000
vn -0.810302 0.061976 -0.582726
vn -0.809323 0.008854 -0.587298
vn -1.000000 0.000000 0.000000
vn -0.812739 0.115042 -0.571157
vn -0.810302 0.061976 -0.582726
vn -1.000000 0.000000 0.000000
vn -0.816592 0.167929 -0.552248
vn -0.812739 0.115042 -0.571157
vn -1.000000 0.000000 0.000000
vn -0.821775 0.220377 -0.525470
vn -0.816592 0.167929 -0.552248
vn -1.000000 0.000000 0.000000
vn -0.828142 0.271910 -0.490150
vn -0.821775 0.220377 -0.525470
vn -1.000000 0.000000 0.000000
vn -0.835444 0.321744 -0.445549
vn -0.828142 0.271910 -0.490150
vn -1.000000 0.000000 0.000000
vn -0.843306 0.368702 -0.391016
vn -0.835444 0.321744 -0.445549
vn -1.000000 0.000000 0.000000
vn -0.851193 0.411166 -0.326209
vn -0.843306 0.368702 -0.391016
vn -1.000000 0.000000 0.000000
vn -0.858420 0.447118 -0.251399
vn -0.851193 0.411166 -0.326209
vn -1.000000 0.000000 0.000000
vn -0.864211 0.474331 -0.167780
vn -0.858420 0.447118 -0.251399
vn -1.000000 0.000000 0.000000
vn -0.867835 0.490747 -0.077653
vn -0.864211 0.474331 -0.167780
vn -1.000000 0.000000 0.000000
vn -0.868781 0.494948 0.015672
vn -0.867835 0.490747 -0.077653
vn -1.000000 0.000000 0.000000
vn 1.000000 0.000000 0.000000
vn 0.787020 0.616618 -0.019524
vn 0.786014 0.610627 0.096521
vn 1.000000 0.000000 0.000000
vn 0.786014 0.610627 0.096521
vn 0.782206 0.587415 0.207597
vn 1.000000 0.000000 0.000000
vn 0.782206 0.587415 0.207597
vn 0.776237 0.549632 0.308804
vn 1.000000 0.000000 0.000000
vn 0.776237 0.549632 0.308804
vn 0.768974 0.500934 0.397169
vn 1.000000 0.000000 0.000000
vn 0.768974 0.500934 0.397169
vn 0.761267 0.444987 0.471656
vn 1.000000 0.000000 0.000000
vn 0.761267 0.444987 0.471656
vn 0.753796 0.384818 0.532641
vn 1.000000 0.000000 0.000000
vn 0.753796 0.384818 0.532641
vn 0.747032 0.322593 0.581272
vn 1.000000 0.000000 0.000000
vn 0.747032 0.322593 0.581272
vn 0.741264 0.259674 0.618948
vn 1.000000 0.000000 0.000000
vn 0.741264 0.259674 0.618948
vn 0.736652 0.196805 0.647002
vn 1.000000 0.000000 0.000000
vn 0.736652 0.196805 0.647002
vn 0.733271 0.134294 0.666543
vn 1.000000 0.000000 0.000000
vn 0.733271 0.134294 0.666543
vn 0.731152 0.072169 0.678387
vn 1.000000 0.000000 0.000000
vn 0.731152 0.072169 0.678387
vn 0.730305 0.010297 0.683044
vn 1.000000 0.000000 0.000000
vn 0.730305 0.010297 0.683044
vn 0.730731 -0.051536 0.680717
vn 1.000000 0.000000 0.000000
vn 0.730731 -0.051536 0.680717
vn 0.732431 -0.113555 0.671305
vn 1.000000 0.000000 0.000000
vn 0.732431 -0.113555 0.671305
vn 0.735397 -0.175928 0.654401
vn 1.000000 0.000000 0.000000
vn 0.735397 -0.175928 0.654401
vn 0.739609 -0.238691 0.629289
vn 1.000000 0.000000 0.000000
vn 0.739609 -0.238691 0.629289
vn 0.745008 -0.301643 0.594957
vn 1.000000 0.000000 0.000000
vn 0.745008 -0.301643 0.594957
vn 0.751469 -0.364204 0.550136
vn 1.000000 0.000000 0.000000
vn 0.751469 -0.364204 0.550136
vn 0.758749 -0.425240 0.493427
vn 1.000000 0.000000 0.000000
vn 0.758749 -0.425240 0.493427
vn 0.766444 -0.482870 0.423556
vn 1.000000 0.000000 0.000000
vn 0.766444 -0.482870 0.423556
vn 0.773941 -0.534355 0.339824
vn 1.000000 0.000000 0.000000
vn 0.773941 -0.534355 0.339824
vn 0.780436 -0.576200 0.242721
vn 1.000000 0.000000 0.000000
vn 0.780436 -0.576200 0.242721
vn 0.785044 -0.604656 0.134526
vn 1.000000 0.000000 0.000000
vn 0.785044 -0.604656 0.134526
vn 0.787020 -0.616618 0.019524
vn 1.000000 0.000000 0.000000
vn 0.787020 -0.616618 0.019524
vn 0.786014 -0.610627 -0.096521
vn 1.000000 0.000000 0.000000
vn 0.786014 -0.610627 -0.096521
vn 0.782206 -0.587415 -0.207597
vn 1.000000 0.000000 0.000000
vn 0.782206 -0.587415 -0.207597
vn 0.776237 -0.549632 -0.308804
vn 1.000000 0.000000 0.000000
vn 0.776237 -0.549632 -0.308804
vn 0.768974 -0.500934 -0.397169
vn 1.000000 0.000000 0.000000
vn 0.768974 -0.500934 -0.397169
vn 0.761267 -0.444987 -0.471656
vn 1.000000 0.000000 0.000000
vn 0.761267 -0.444987 -0.471656
vn 0.753796 -0.384818 -0.532641
vn 1.000000 0.000000 0.000000
vn 0.753796 -0.384818 -0.532641
vn 0.747032 -0.322593 -0.581272
vn 1.000000 0.000000 0.000000
vn 0.747032 -0.322593 -0.581272
vn 0.741264 -0.259674 -0.618948
vn 1.000000 0.000000 0.000000
vn 0.741264 -0.259674 -0.618948
vn 0.736652 -0.196805 -0.647002
vn 1.000000 0.000000 0.000000
vn 0.736652 -0.196805 -0.647002
vn 0.733271 -0.134294 -0.666543
vn 1.000000 0.000000 0.000000
vn 0.733271 -0.134294 -0.666543
vn 0.731152 -0.072169 -0.678387
vn 1.000000 0.000000 0.000000
vn 0.731152 -0.072169 -0.678387
vn 0.730305 -0.010297 -0.683044
vn 1.000000 0.000000 0.000000
vn 0.730305 -0.010297 -0.683044
vn 0.730731 0.051536 -0.680717
vn 1.000000 0.000000 0.000000
vn 0.730731 0.051536 -0.680717
vn 0.732431 0.113555 -0.671305
vn 1.000000 0.000000 0.000000
vn 0.732431 0.113555 -0.671305
vn 0.735397 0.175928 -0.654401
vn 1.000000 0.000000 0.000000
vn 0.735397 0.175928 -0.654401
vn 0.739609 0.238691 -0.629289
vn 1.000000 0.000000 0.000000
vn 0.739609 0.238691 -0.629289
vn 0.745008 0.301643 -0.594957
vn 1.000000 0.000000 0.000000
vn 0.745008 0.301643 -0.594957
vn 0.751469 0.364204 -0.550136
vn 1.000000 0.000000 0.000000
vn 0.751469 0.364204 -0.550136
vn 0.758749 0.425240 -0.493427
vn 1.000000 0.000000 0.000000
vn 0.758749 0.425240 -0.493427
vn 0.766444 0.482870 -0.423556
vn 1.000000 0.000000 0.000000
vn 0.766444 0.482870 -0.423556
vn 0.773941 0.534355 -0.339824
vn 1.000000 0.000000 0.000000
vn 0.773941 0.534355 -0.339824
vn 0.780436 0.576200 -0.242721
vn 1.000000 0.000000 0.000000
vn 0.780436 0.576200 -0.242721
vn 0.785044 0.604656 -0.134526
vn 1.000000 0.000000 0.000000
vn 0.785044 0.604656 -0.134526
vn 0.787020 0.616618 -0.019524
vn 0.000000 1.000000 0.000000
vn -0.001505 0.974925 0.222528
vn 0.704383 0.694286 0.147684
vn 0.000000 1.000000 0.000000
vn 0.704383 0.694286 0.147684
vn 0.707732 0.706394 -0.011074
vn 0.707732 0.706394 -0.011074
vn 0.704383 0.694286 0.147684
vn 0.999878 0.001965 -0.015492
vn 0.707732 0.706394 -0.011074
vn 0.999878 0.001965 -0.015492
vn 0.999876 0.000000 -0.015747
vn 0.999876 0.000000 -0.015747
vn 0.999878 0.001965 -0.015492
vn 0.704407 -0.689479 -0.168611
vn 0.999876 0.000000 -0.015747
vn 0.704407 -0.689479 -0.168611
vn 0.707732 -0.706394 -0.011074
vn 0.707732 -0.706394 -0.011074
vn 0.704407 -0.689479 -0.168611
vn 0.001505 -0.974925 -0.222528
vn 0.707732 -0.706394 -0.011074
vn 0.001505 -0.974925 -0.222528
vn 0.000000 -1.000000 0.000000
vn 0.000000 -1.000000 0.000000
vn 0.001505 -0.974925 -0.222528
vn -0.704383 -0.694286 -0.147684
vn 0.000000 -1.000000 0.000000
vn -0.704383 -0.694286 -0.147684
vn -0.707732 -0.706394 0.011074
vn -0.707732 -0.706394 0.011074
vn -0.704383 -0.694286 -0.147684
vn -0.999878 -0.001965 0.015492
vn -0.707732 -0.706394 0.011074
vn -0.999878 -0.001965 0.015492
vn -0.999876 0.000000 0.015747
vn -0.999876 0.000000 0.015747
vn -0.999878 -0.001965 0.015492
vn -0.704407 0.689479 0.168611
vn -0.999876 0.000000 0.015747
vn -0.704407 0.689479 0.168611
vn -0.707732 0.706394 0.011074
vn -0.707732 0.706394 0.011074
vn -0.704407 0.689479 0.168611
vn -0.001505 0.974925 0.222528
vn -0.707732 0.706394 0.011074
vn -0.001505 0.974925 0.222528
vn 0.000000 1.000000 0.000000
vn -0.001505 0.974925 0.222528
vn -0.002596 0.905575 0.424179
vn 0.695026 0.655059 0.296371
vn -0.001505 0.974925 0.222528
vn 0.695026 0.655059 0.296371
vn 0.704383 0.694286 0.147684
vn 0.704383 0.694286 0.147684
vn 0.695026 0.655059 0.296371
vn 0.999884 0.003839 -0.014749
vn 0.704383 0.694286 0.147684
vn 0.999884 0.003839 -0.014749
vn 0.999878 0.001965 -0.015492
vn 0.999878 0.001965 -0.015492
vn 0.999884 0.003839 -0.014749
vn 0.695168 -0.646572 -0.314143
vn 0.999878 0.001965 -0.015492
vn 0.695168 -0.646572 -0.314143
vn 0.704407 -0.689479 -0.168611
vn 0.704407 -0.689479 -0.168611
vn 0.695168 -0.646572 -0.314143
vn 0.002596 -0.905575 -0.424179
vn 0.704407 -0.689479 -0.168611
vn 0.002596 -0.905575 -0.424179
vn 0.001505 -0.974925 -0.222528
vn 0.001505 -0.974925 -0.222528
vn 0.002596 -0.905575 -0.424179
vn -0.695026 -0.655059 -0.296371
vn 0.001505 -0.974925 -0.222528
vn -0.695026 -0.655059 -0.296371
vn -0.704383 -0.694286 -0.147684
vn -0.704383 -0.694286 -0.147684
vn -0.695026 -0.655059 -0.296371
vn -0.999884 -0.003839 0.014749
vn -0.704383 -0.694286 -0.147684
vn -0.999884 -0.003839 0.014749
vn -0.999878 -0.001965 0.015492
vn -0.999878 -0.001965 0.015492
vn -0.999884 -0.003839 0.014749
vn -0.695168 0.646572 0.314143
vn -0.999878 -0.001965 0.015492
vn -0.695168 0.646572 0.314143
vn -0.704407 0.689479 0.168611
vn -0.704407 0.689479 0.168611
vn -0.695168 0.646572 0.314143
vn -0.002596 0.905575 0.424179
vn -0.704407 0.689479 0.168611
vn -0.002596 0.905575 0.424179
vn -0.001505 0.974925 0.222528
vn -0.002596 0.905575 0.424179
vn -0.003101 0.805809 0.592168
vn 0.681456 0.594591 0.426707
vn -0.002596 0.905575 0.424179
vn 0.681456 0.594591 0.426707
vn 0.695026 0.655059 0.296371
vn 0.695026 0.655059 0.296371
vn 0.681456 0.594591 0.426707
vn 0.999892 0.005543 -0.013580
vn 0.695026 0.655059 0.296371
vn 0.999892 0.005543 -0.013580
vn 0.999884 0.003839 -0.014749
vn 0.999884 0.003839 -0.014749
vn 0.999892 0.005543 -0.013580
vn 0.681813 -0.584030 -0.440499
vn 0.999884 0.003839 -0.014749
vn 0.681813 -0.584030 -0.440499
vn 0.695168 -0.646572 -0.314143
vn 0.695168 -0.646572 -0.314143
vn 0.681813 -0.584030 -0.440499
vn 0.003101 -0.805809 -0.592168
vn 0.695168 -0.646572 -0.314143
vn 0.003101 -0.805809 -0.592168
vn 0.002596 -0.905575 -0.424179
vn 0.002596 -0.905575 -0.424179
vn 0.003101 -0.805809 -0.592168
vn -0.681456 -0.594591 -0.426707
vn 0.002596 -0.905575 -0.424179
vn -0.681456 -0.594591 -0.426707
vn -0.695026 -0.655059 -0.296371
vn -0.695026 -0.655059 -0.296371
vn -0.681456 -0.594591 -0.426707
vn -0.999892 -0.005543 0.013580
vn -0.695026 -0.655059 -0.296371
vn -0.999892 -0.005543 0.013580
vn -0.999884 -0.003839 0.014749
vn -0.999884 -0.003839 0.014749
vn -0.999892 -0.005543 0.013580
vn -0.681813 0.584030 0.440499
vn -0.999884 -0.003839 0.014749
vn -0.681813 0.584030 0.440499
vn -0.695168 0.646572 0.314143
vn -0.695168 0.646572 0.314143
vn -0.681813 0.584030 0.440499
vn -0.003101 0.805809 0.592168
vn -0.695168 0.646572 0.314143
vn -0.003101 0.805809 0.592168
vn -0.002596 0.905575 0.424179
vn -0.003101 0.805809 0.592168
vn -0.003102 0.690213 0.723599
vn 0.665868 0.520059 0.534937
vn -0.003101 0.805809 0.592168
vn 0.665868 0.520059 0.534937
vn 0.681456 0.594591 0.426707
vn 0.681456 0.594591 0.426707
vn 0.665868 0.520059 0.534937
vn 0.999903 0.007024 -0.012069
vn 0.681456 0.594591 0.426707
vn 0.999903 0.007024 -0.012069
vn 0.999892 0.005543 -0.013580
vn 0.999892 0.005543 -0.013580
vn 0.999903 0.007024 -0.012069
vn 0.666461 -0.508820 -0.544914
vn 0.999892 0.005543 -0.013580
vn 0.666461 -0.508820 -0.544914
vn 0.681813 -0.584030 -0.440499
vn 0.681813 -0.584030 -0.440499
vn 0.666461 -0.508820 -0.544914
vn 0.003102 -0.690213 -0.723599
vn 0.681813 -0.584030 -0.440499
vn 0.003102 -0.690213 -0.723599
vn 0.003101 -0.805809 -0.592168
vn 0.003101 -0.805809 -0.592168
vn 0.003102 -0.690213 -0.723599
vn -0.665868 -0.520059 -0.534937
vn 0.003101 -0.805809 -0.592168
vn -0.665868 -0.520059 -0.534937
vn -0.681456 -0.594591 -0.426707
vn -0.681456 -0.594591 -0.426707
vn -0.665868 -0.520059 -0.534937
vn -0.999903 -0.007024 0.012069
vn -0.681456 -0.594591 -0.426707
vn -0.999903 -0.007024 0.012069
vn -0.999892 -0.005543 0.013580
vn -0.999892 -0.005543 0.013580
vn -0.999903 -0.007024 0.012069
vn -0.666461 0.508820 0.544914
vn -0.999892 -0.005543 0.013580
vn -0.666461 0.508820 0.544914
vn -0.681813 0.584030 0.440499
vn -0.681813 0.584030 0.440499
vn -0.666461 0.508820 0.544914
vn -0.003102 0.690213 0.723599
vn -0.681813 0.584030 0.440499
vn -0.003102 0.690213 0.723599
vn -0.003101 0.805809 0.592168
vn -0.003102 0.690213 0.723599
vn -0.002777 0.569439 0.822029
vn 0.650239 0.437642 0.621014
vn -0.003102 0.690213 0.723599
vn 0.650239 0.437642 0.621014
vn 0.665868 0.520059 0.534937
vn 0.665868 0.520059 0.534937
vn 0.650239 0.437642 0.621014
vn 0.999913 0.008255 -0.010306
vn 0.665868 0.520059 0.534937
vn 0.999913 0.008255 -0.010306
vn 0.999903 0.007024 -0.012069
vn 0.999903 0.007024 -0.012069
vn 0.999913 0.008255 -0.010306
vn 0.651001 -0.426608 -0.627856
vn 0.999903 0.007024 -0.012069
vn 0.651001 -0.426608 -0.627856
vn 0.666461 -0.508820 -0.544914
vn 0.666461 -0.508820 -0.544914
vn 0.651001 -0.426608 -0.627856
vn 0.002777 -0.569439 -0.822029
vn 0.666461 -0.508820 -0.544914
vn 0.002777 -0.569439 -0.822029
vn 0.003102 -0.690213 -0.723599
vn 0.003102 -0.690213 -0.723599
vn 0.002777 -0.569439 -0.822029
vn -0.650239 -0.437642 -0.621014
vn 0.003102 -0.690213 -0.723599
vn -0.650239 -0.437642 -0.621014
vn -0.665868 -0.520059 -0.534937
vn -0.665868 -0.520059 -0.534937
vn -0.650239 -0.437642 -0.621014
vn -0.999913 -0.008255 0.010306
vn -0.665868 -0.520059 -0.534937
vn -0.999913 -0.008255 0.010306
vn -0.999903 -0.007024 0.012069
vn -0.999903 -0.007024 0.012069
vn -0.999913 -0.008255 0.010306
vn -0.651001 0.426608 0.627856
vn -0.999903 -0.007024 0.012069
vn -0.651001 0.426608 0.627856
vn -0.666461 0.508820 0.544914
vn -0.666461 0.508820 0.544914
vn -0.651001 0.426608 0.627856
vn -0.002777 0.569439 0.822029
vn -0.666461 0.508820 0.544914
vn -0.002777 0.569439 0.822029
vn -0.003102 0.690213 0.723599
vn -0.002777 0.569439 0.822029
vn -0.002284 0.449437 0.893309
vn 0.636056 0.351606 0.686882
vn -0.002777 0.569439 0.822029
vn 0.636056 0.351606 0.686882
vn 0.650239 0.437642 0.621014
vn 0.650239 0.437642 0.621014
vn 0.636056 0.351606 0.686882
vn 0.999922 0.009233 -0.008374
vn 0.650239 0.437642 0.621014
vn 0.999922 0.009233 -0.008374
vn 0.999913 0.008255 -0.010306
vn 0.999913 0.008255 -0.010306
vn 0.999922 0.009233 -0.008374
vn 0.636870 -0.341179 -0.691371
vn 0.999913 0.008255 -0.010306
vn 0.636870 -0.341179 -0.691371
vn 0.651001 -0.426608 -0.627856
vn 0.651001 -0.426608 -0.627856
vn 0.636870 -0.341179 -0.691371
vn 0.002284 -0.449437 -0.893309
vn 0.651001 -0.426608 -0.627856
vn 0.002284 -0.449437 -0.893309
vn 0.002777 -0.569439 -0.822029
vn 0.002777 -0.569439 -0.822029
vn 0.002284 -0.449437 -0.893309
vn -0.636056 -0.351606 -0.686882
vn 0.002777 -0.569439 -0.822029
vn -0.636056 -0.351606 -0.686882
vn -0.650239 -0.437642 -0.621014
vn -0.650239 -0.437642 -0.621014
vn -0.636056 -0.351606 -0.686882
vn -0.999922 -0.009233 0.008374
vn -0.650239 -0.437642 -0.621014
vn -0.999922 -0.009233 0.008374
vn -0.999913 -0.008255 0.010306
vn -0.999913 -0.008255 0.010306
vn -0.999922 -0.009233 0.008374
vn -0.636870 0.341179 0.691371
vn -0.999913 -0.008255 0.010306
vn -0.636870 0.341179 0.691371
vn -0.651001 0.426608 0.627856
vn -0.651001 0.426608 0.627856
vn -0.636870 0.341179 0.691371
vn -0.002284 0.449437 0.893309
vn -0.651001 0.426608 0.627856
vn -0.002284 0.449437 0.893309
vn -0.002777 0.569439 0.822029
vn -0.002284 0.449437 0.893309
vn -0.001722 0.332652 0.943048
vn 0.624318 0.264431 0.735053
vn -0.002284 0.449437 0.893309
vn 0.624318 0.264431 0.735053
vn 0.636056 0.351606 0.686882
vn 0.636056 0.351606 0.686882
vn 0.624318 0.264431 0.735053
vn 0.999930 0.009966 -0.006339
vn 0.636056 0.351606 0.686882
vn 0.999930 0.009966 -0.006339
vn 0.999922 0.009233 -0.008374
vn 0.999922 0.009233 -0.008374
vn 0.999930 0.009966 -0.006339
vn 0.625057 -0.254686 -0.737861
vn 0.999922 0.009233 -0.008374
vn 0.625057 -0.254686 -0.737861
vn 0.636870 -0.341179 -0.691371
vn 0.636870 -0.341179 -0.691371
vn 0.625057 -0.254686 -0.737861
vn 0.001722 -0.332652 -0.943048
vn 0.636870 -0.341179 -0.691371
vn 0.001722 -0.332652 -0.943048
vn 0.002284 -0.449437 -0.893309
vn 0.002284 -0.449437 -0.893309
vn 0.001722 -0.332652 -0.943048
vn -0.624318 -0.264431 -0.735053
vn 0.002284 -0.449437 -0.893309
vn -0.624318 -0.264431 -0.735053
vn -0.636056 -0.351606 -0.686882
vn -0.636056 -0.351606 -0.686882
vn -0.624318 -0.264431 -0.735053
vn -0.999930 -0.009966 0.006339
vn -0.636056 -0.351606 -0.686882
vn -0.999930 -0.009966 0.006339
vn -0.999922 -0.009233 0.008374
vn -0.999922 -0.009233 0.008374
vn -0.999930 -0.009966 0.006339
vn -0.625057 0.254686 0.737861
vn -0.999922 -0.009233 0.008374
vn -0.625057 0.254686 0.737861
vn -0.636870 0.341179 0.691371
vn -0.636870 0.341179 0.691371
vn -0.625057 0.254686 0.737861
vn -0.001722 0.332652 0.943048
vn -0.636870 0.341179 0.691371
vn -0.001722 0.332652 0.943048
vn -0.002284 0.449437 0.893309
vn -0.001722 0.332652 0.943048
vn -0.001145 0.219417 0.975630
vn 0.615645 0.177312 0.767816
vn -0.001722 0.332652 0.943048
vn 0.615645 0.177312 0.767816
vn 0.624318 0.264431 0.735053
vn 0.624318 0.264431 0.735053
vn 0.615645 0.177312 0.767816
vn 0.999936 0.010473 -0.004248
vn 0.624318 0.264431 0.735053
vn 0.999936 0.010473 -0.004248
vn 0.999930 0.009966 -0.006339
vn 0.999930 0.009966 -0.006339
vn 0.999936 0.010473 -0.004248
vn 0.616201 -0.168137 -0.769433
vn 0.999930 0.009966 -0.006339
vn 0.616201 -0.168137 -0.769433
vn 0.625057 -0.254686 -0.737861
vn 0.625057 -0.254686 -0.737861
vn 0.616201 -0.168137 -0.769433
vn 0.001145 -0.219417 -0.975630
vn 0.625057 -0.254686 -0.737861
vn 0.001145 -0.219417 -0.975630
vn 0.001722 -0.332652 -0.943048
vn 0.001722 -0.332652 -0.943048
vn 0.001145 -0.219417 -0.975630
vn -0.615645 -0.177312 -0.767816
vn 0.001722 -0.332652 -0.943048
vn -0.615645 -0.177312 -0.767816
vn -0.624318 -0.264431 -0.735053
vn -0.624318 -0.264431 -0.735053
vn -0.615645 -0.177312 -0.767816
vn -0.999936 -0.010473 0.004248
vn -0.624318 -0.264431 -0.735053
vn -0.999936 -0.010473 0.004248
vn -0.999930 -0.009966 0.006339
vn -0.999930 -0.009966 0.006339
vn -0.999936 -0.010473 0.004248
vn -0.616201 0.168137 0.769433
vn -0.999930 -0.009966 0.006339
vn -0.616201 0.168137 0.769433
vn -0.625057 0.254686 0.737861
vn -0.625057 0.254686 0.737861
vn -0.616201 0.168137 0.769433
vn -0.001145 0.219417 0.975630
vn -0.625057 0.254686 0.737861
vn -0.001145 0.219417 0.975630
vn -0.001722 0.332652 0.943048
vn -0.001145 0.219417 0.975630
vn -0.000570 0.108963 0.994046
vn 0.610390 0.090634 0.786898
vn -0.001145 0.219417 0.975630
vn 0.610390 0.090634 0.786898
vn 0.615645 0.177312 0.767816
vn 0.615645 0.177312 0.767816
vn 0.610390 0.090634 0.786898
vn 0.999940 0.010769 -0.002129
vn 0.615645 0.177312 0.767816
vn 0.999940 0.010769 -0.002129
vn 0.999936 0.010473 -0.004248
vn 0.999936 0.010473 -0.004248
vn 0.999940 0.010769 -0.002129
vn 0.610687 -0.081827 -0.787633
vn 0.999936 0.010473 -0.004248
vn 0.610687 -0.081827 -0.787633
vn 0.616201 -0.168137 -0.769433
vn 0.616201 -0.168137 -0.769433
vn 0.610687 -0.081827 -0.787633
vn 0.000570 -0.108963 -0.994046
vn 0.616201 -0.168137 -0.769433
vn 0.000570 -0.108963 -0.994046
vn 0.001145 -0.219417 -0.975630
vn 0.001145 -0.219417 -0.975630
vn 0.000570 -0.108963 -0.994046
vn -0.610390 -0.090634 -0.786898
vn 0.001145 -0.219417 -0.975630
vn -0.610390 -0.090634 -0.786898
vn -0.615645 -0.177312 -0.767816
vn -0.615645 -0.177312 -0.767816
vn -0.610390 -0.090634 -0.786898
vn -0.999940 -0.010769 0.002129
vn -0.615645 -0.177312 -0.767816
vn -0.999940 -0.010769 0.002129
vn -0.999936 -0.010473 0.004248
vn -0.999936 -0.010473 0.004248
vn -0.999940 -0.010769 0.002129
vn -0.610687 0.081827 0.787633
vn -0.999936 -0.010473 0.004248
vn -0.610687 0.081827 0.787633
vn -0.616201 0.168137 0.769433
vn -0.616201 0.168137 0.769433
vn -0.610687 0.081827 0.787633
vn -0.000570 0.108963 0.994046
vn -0.616201 0.168137 0.769433
vn -0.000570 0.108963 0.994046
vn -0.001145 0.219417 0.975630
vn -0.000570 0.108963 0.994046
vn 0.000000 0.000000 1.000000
vn 0.608724 0.004340 0.793370
vn -0.000570 0.108963 0.994046
vn 0.608724 0.004340 0.793370
vn 0.610390 0.090634 0.786898
vn 0.610390 0.090634 0.786898
vn 0.608724 0.004340 0.793370
vn 0.999941 0.010866 0.000000
vn 0.610390 0.090634 0.786898
vn 0.999941 0.010866 0.000000
vn 0.999940 0.010769 -0.002129
vn 0.999940 0.010769 -0.002129
vn 0.999941 0.010866 0.000000
vn 0.608724 0.004340 -0.793370
vn 0.999940 0.010769 -0.002129
vn 0.608724 0.004340 -0.793370
vn 0.610687 -0.081827 -0.787633
vn 0.610687 -0.081827 -0.787633
vn 0.608724 0.004340 -0.793370
vn 0.000000 0.000000 -1.000000
vn 0.610687 -0.081827 -0.787633
vn 0.000000 0.000000 -1.000000
vn 0.000570 -0.108963 -0.994046
vn 0.000570 -0.108963 -0.994046
vn 0.000000 0.000000 -1.000000
vn -0.608724 -0.004340 -0.793370
vn 0.000570 -0.108963 -0.994046
vn -0.608724 -0.004340 -0.793370
vn -0.610390 -0.090634 -0.786898
vn -0.610390 -0.090634 -0.786898
vn -0.608724 -0.004340 -0.793370
vn -0.999941 -0.010866 0.000000
vn -0.610390 -0.090634 -0.786898
vn -0.999941 -0.010866 0.000000
vn -0.999940 -0.010769 0.002129
vn -0.999940 -0.010769 0.002129
vn -0.999941 -0.010866 0.000000
vn -0.608724 -0.004340 0.793370
vn -0.999940 -0.010769 0.002129
vn -0.608724 -0.004340 0.793370
vn -0.610687 0.081827 0.787633
vn -0.610687 0.081827 0.787633
vn -0.608724 -0.004340 0.793370
vn 0.000000 0.000000 1.000000
vn -0.610687 0.081827 0.787633
vn 0.000000 0.000000 1.000000
vn -0.000570 0.108963 0.994046
vn 0.000000 0.000000 1.000000
vn 0.000570 -0.108963 0.994046
vn 0.610687 -0.081827 0.787633
vn 0.000000 0.000000 1.000000
vn 0.610687 -0.081827 0.787633
vn 0.608724 0.004340 0.793370
vn 0.608724 0.004340 0.793370
vn 0.610687 -0.081827 0.787633
vn 0.999940 0.010769 0.002129
vn 0.608724 0.004340 0.793370
vn 0.999940 0.010769 0.002129
vn 0.999941 0.010866 0.000000
vn 0.999941 0.010866 0.000000
vn 0.999940 0.010769 0.002129
vn 0.610390 0.090634 -0.786898
vn 0.999941 0.010866 0.000000
vn 0.610390 0.090634 -0.786898
vn 0.608724 0.004340 -0.793370
vn 0.608724 0.004340 -0.793370
vn 0.610390 0.090634 -0.786898
vn -0.000570 0.108963 -0.994046
vn 0.608724 0.004340 -0.793370
vn -0.000570 0.108963 -0.994046
vn 0.000000 0.000000 -1.000000
vn 0.000000 0.000000 -1.000000
vn -0.000570 0.108963 -0.994046
vn -0.610687 0.081827 -0.787633
vn 0.000000 0.000000 -1.000000
vn -0.610687 0.081827 -0.787633
vn -0.608724 -0.004340 -0.793370
vn -0.608724 -0.004340 -0.793370
vn -0.610687 0.081827 -0.787633
vn -0.999940 -0.010769 -0.002129
vn -0.608724 -0.004340 -0.793370
vn -0.999940 -0.010769 -0.002129
vn -0.999941 -0.010866 0.000000
vn -0.999941 -0.010866 0.000000
vn -0.999940 -0.010769 -0.002129
vn -0.610390 -0.090634 0.786898
vn -0.999941 -0.010866 0.000000
vn -0.610390 -0.090634 0.786898
vn -0.608724 -0.004340 0.793370
vn -0.608724 -0.004340 0.793370
vn -0.610390 -0.090634 0.786898
vn 0.000570 -0.108963 0.994046
vn -0.608724 -0.004340 0.793370
vn 0.000570 -0.108963 0.994046
vn 0.000000 0.000000 1.000000
vn 0.000570 -0.108963 0.994046
vn 0.001145 -0.219417 0.975630
vn 0.616201 -0.168137 0.769433
vn 0.000570 -0.108963 0.994046
vn 0.616201 -0.168137 0.769433
vn 0.610687 -0.081827 0.787633
vn 0.610687 -0.081827 0.787633
vn 0.616201 -0.168137 0.769433
vn 0.999936 0.010473 0.004248
vn 0.610687 -0.081827 0.787633
vn 0.999936 0.010473 0.004248
vn 0.999940 0.010769 0.002129
vn 0.999940 0.010769 0.002129
vn 0.999936 0.010473 0.004248
vn 0.615645 0.177312 -0.767816
vn 0.999940 0.010769 0.002129
vn 0.615645 0.177312 -0.767816
vn 0.610390 0.090634 -0.786898
vn 0.610390 0.090634 -0.786898
vn 0.615645 0.177312 -0.767816
vn -0.001145 0.219417 -0.975630
vn 0.610390 0.090634 -0.786898
vn -0.001145 0.219417 -0.975630
vn -0.000570 0.108963 -0.994046
vn -0.000570 0.108963 -0.994046
vn -0.001145 0.219417 -0.975630
vn -0.616201 0.168137 -0.769433
vn -0.000570 0.108963 -0.994046
vn -0.616201 0.168137 -0.769433
vn -0.610687 0.081827 -0.787633
vn -0.610687 0.081827 -0.787633
vn -0.616201 0.168137 -0.769433
vn -0.999936 -0.010473 -0.004248
vn -0.610687 0.081827 -0.787633
vn -0.999936 -0.010473 -0.004248
vn -0.999940 -0.010769 -0.002129
vn -0.999940 -0.010769 -0.002129
vn -0.999936 -0.010473 -0.004248
vn -0.615645 -0.177312 0.767816
vn -0.999940 -0.010769 -0.002129
vn -0.615645 -0.177312 0.767816
vn -0.610390 -0.090634 0.786898
vn -0.610390 -0.090634 0.786898
vn -0.615645 -0.177312 0.767816
vn 0.001145 -0.219417 0.975630
vn -0.610390 -0.090634 0.786898
vn 0.001145 -0.219417 0.975630
vn 0.000570 -0.108963 0.994046
vn 0.001145 -0.219417 0.975630
vn 0.001722 -0.332652 0.943048
vn 0.625057 -0.254686 0.737861
vn 0.001145 -0.219417 0.975630
vn 0.625057 -0.254686 0.737861
vn 0.616201 -0.168137 0.769433
vn 0.616201 -0.168137 0.769433
vn 0.625057 -0.254686 0.737861
vn 0.999930 0.009966 0.006339
vn 0.616201 -0.168137 0.769433
vn 0.999930 0.009966 0.006339
vn 0.999936 0.010473 0.004248
vn 0.999936 0.010473 0.004248
vn 0.999930 0.009966 0.006339
vn 0.624318 0.264431 -0.735053
vn 0.999936 0.010473 0.004248
vn 0.624318 0.264431 -0.735053
vn 0.615645 0.177312 -0.767816
vn 0.615645 0.177312 -0.767816
vn 0.624318 0.264431 -0.735053
vn -0.001722 0.332652 -0.943048
vn 0.615645 0.177312 -0.767816
vn -0.001722 0.332652 -0.943048
vn -0.001145 0.219417 -0.975630
vn -0.001145 0.219417 -0.975630
vn -0.001722 0.332652 -0.943048
vn -0.625057 0.254686 -0.737861
vn -0.001145 0.219417 -0.975630
vn -0.625057 0.254686 -0.737861
vn -0.616201 0.168137 -0.769433
vn -0.616201 0.168137 -0.769433
vn -0.625057 0.254686 -0.737861
vn -0.999930 -0.009966 -0.006339
vn -0.616201 0.168137 -0.769433
vn -0.999930 -0.009966 -0.006339
vn -0.999936 -0.010473 -0.004248
vn -0.999936 -0.010473 -0.004248
vn -0.999930 -0.009966 -0.006339
vn -0.624318 -0.264431 0.735053
vn -0.999936 -0.010473 -0.004248
vn -0.624318 -0.264431 0.735053
vn -0.615645 -0.177312 0.767816
vn -0.615645 -0.177312 0.767816
vn -0.624318 -0.264431 0.735053
vn 0.001722 -0.332652 0.943048
vn -0.615645 -0.177312 0.767816
vn 0.001722 -0.332652 0.943048
vn 0.001145 -0.219417 0.975630
vn 0.001722 -0.332652 0.943048
vn 0.002284 -0.449437 0.893309
vn 0.636870 -0.341179 0.691371
vn 0.001722 -0.332652 0.943048
vn 0.636870 -0.341179 0.691371
vn 0.625057 -0.254686 0.737861
vn 0.625057 -0.254686 0.737861
vn 0.636870 -0.341179 0.691371
vn 0.999922 0.009233 0.008374
vn 0.625057 -0.254686 0.737861
vn 0.999922 0.009233 0.008374
vn 0.999930 0.009966 0.006339
vn 0.999930 0.009966 0.006339
vn 0.999922 0.009233 0.008374
vn 0.636056 0.351606 -0.686882
vn 0.999930 0.009966 0.006339
vn 0.636056 0.351606 -0.686882
vn 0.624318 0.264431 -0.735053
vn 0.624318 0.264431 -0.735053
vn 0.636056 0.351606 -0.686882
vn -0.002284 0.449437 -0.893309
vn 0.624318 0.264431 -0.735053
vn -0.002284 0.449437 -0.893309
vn -0.001722 0.332652 -0.943048
vn -0.001722 0.332652 -0.943048
vn -0.002284 0.449437 -0.893309
vn -0.636870 0.341179 -0.691371
vn -0.001722 0.332652 -0.943048
vn -0.636870 0.341179 -0.691371
vn -0.625057 0.254686 -0.737861
vn -0.625057 0.254686 -0.737861
vn -0.636870 0.341179 -0.691371
vn -0.999922 -0.009233 -0.008374
vn -0.625057 0.254686 -0.737861
vn -0.999922 -0.009233 -0.008374
vn -0.999930 -0.009966 -0.006339
vn -0.999930 -0.009966 -0.006339
vn -0.999922 -0.009233 -0.008374
vn -0.636056 -0.351606 0.686882
vn -0.999930 -0.009966 -0.006339
vn -0.636056 -0.351606 0.686882
vn -0.624318 -0.264431 0.735053
vn -0.624318 -0.264431 0.735053
vn -0.636056 -0.351606 0.686882
vn 0.002284 -0.449437 0.893309
vn -0.624318 -0.264431 0.735053
vn 0.002284 -0.449437 0.893309
vn 0.001722 -0.332652 0.943048
vn 0.002284 -0.449437 0.893309
vn 0.002777 -0.569439 0.822029
vn 0.651001 -0.426608 0.627856
vn 0.002284 -0.449437 0.893309
vn 0.651001 -0.426608 0.627856
vn 0.636870 -0.341179 0.691371
vn 0.636870 -0.341179 0.691371
vn 0.651001 -0.426608 0.627856
vn 0.999913 0.008255 0.010306
vn 0.636870 -0.341179 0.691371
vn 0.999913 0.008255 0.010306
vn 0.999922 0.009233 0.008374
vn 0.999922 0.009233 0.008374
vn 0.999913 0.008255 0.010306
vn 0.650239 0.437642 -0.621014
vn 0.999922 0.009233 0.008374
vn 0.650239 0.437642 -0.621014
vn 0.636056 0.351606 -0.686882
vn 0.636056 0.351606 -0.686882
vn 0.650239 0.437642 -0.621014
vn -0.002777 0.569439 -0.822029
vn 0.636056 0.351606 -0.686882
vn -0.002777 0.569439 -0.822029
vn -0.002284 0.449437 -0.893309
vn -0.002284 0.449437 -0.893309
vn -0.002777 0.569439 -0.822029
vn -0.651001 0.426608 -0.627856
vn -0.002284 0.449437 -0.893309
vn -0.651001 0.426608 -0.627856
vn -0.636870 0.341179 -0.691371
vn -0.636870 0.341179 -0.691371
vn -0.651001 0.426608 -0.627856
vn -0.999913 -0.008255 -0.010306
vn -0.636870 0.341179 -0.691371
vn -0.999913 -0.008255 -0.010306
vn -0.999922 -0.009233 -0.008374
vn -0.999922 -0.009233 -0.008374
vn -0.999913 -0.008255 -0.010306
vn -0.650239 -0.437642 0.621014
vn -0.999922 -0.009233 -0.008374
vn -0.650239 -0.437642 0.621014
vn -0.636056 -0.351606 0.686882
vn -0.636056 -0.351606 0.686882
vn -0.650239 -0.437642 0.621014
vn 0.002777 -0.569439 0.822029
vn -0.636056 -0.351606 0.686882
vn 0.002777 -0.569439 0.822029
vn 0.002284 -0.449437 0.893309
vn 0.002777 -0.569439 0.822029
vn 0.003102 -0.690213 0.723599
vn 0.666461 -0.508820 0.544914
vn 0.002777 -0.569439 0.822029
vn 0.666461 -0.508820 0.544914
vn 0.651001 -0.426608 0.627856
vn 0.651001 -0.426608 0.627856
vn 0.666461 -0.508820 0.544914
vn 0.999903 0.007024 0.012069
vn 0.651001 -0.426608 0.627856
vn 0.999903 0.007024 0.012069
vn 0.999913 0.008255 0.010306
vn 0.999913 0.008255 0.010306
vn 0.999903 0.007024 0.012069
vn 0.665868 0.520059 -0.534937
vn 0.999913 0.008255 0.010306
vn 0.665868 0.520059 -0.534937
vn 0.650239 0.437642 -0.621014
vn 0.650239 0.437642 -0.621014
vn 0.665868 0.520059 -0.534937
vn -0.003102 0.690213 -0.723599
vn 0.650239 0.437642 -0.621014
vn -0.003102 0.690213 -0.723599
vn -0.002777 0.569439 -0.822029
vn -0.002777 0.569439 -0.822029
vn -0.003102 0.690213 -0.723599
vn -0.666461 0.508820 -0.544914
vn -0.002777 0.569439 -0.822029
vn -0.666461 0.508820 -0.544914
vn -0.651001 0.426608 -0.627856
vn -0.651001 0.426608 -0.627856
vn -0.666461 0.508820 -0.544914
vn -0.999903 -0.007024 -0.012069
vn -0.651001 0.426608 -0.627856
vn -0.999903 -0.007024 -0.012069
vn -0.999913 -0.008255 -0.010306
vn -0.999913 -0.008255 -0.010306
vn -0.999903 -0.007024 -0.012069
vn -0.665868 -0.520059 0.534937
vn -0.999913 -0.008255 -0.010306
vn -0.665868 -0.520059 0.534937
vn -0.650239 -0.437642 0.621014
vn -0.650239 -0.437642 0.621014
vn -0.665868 -0.520059 0.534937
vn 0.003102 -0.690213 0.723599
vn -0.650239 -0.437642 0.621014
vn 0.003102 -0.690213 0.723599
vn 0.002777 -0.569439 0.822029
vn 0.003102 -0.690213 0.723599
vn 0.003101 -0.805809 0.592168
vn 0.681813 -0.584030 0.440499
vn 0.003102 -0.690213 0.723599
vn 0.681813 -0.584030 0.440499
vn 0.666461 -0.508820 0.544914
vn 0.666461 -0.508820 0.544914
vn 0.681813 -0.584030 0.440499
vn 0.999892 0.005543 0.013580
vn 0.666461 -0.508820 0.544914
vn 0.999892 0.005543 0.013580
vn 0.999903 0.007024 0.012069
vn 0.999903 0.007024 0.012069
vn 0.999892 0.005543 0.013580
vn 0.681456 0.594591 -0.426707
vn 0.999903 0.007024 0.012069
vn 0.681456 0.594591 -0.426707
vn 0.665868 0.520059 -0.534937
vn 0.665868 0.520059 -0.534937
vn 0.681456 0.594591 -0.426707
vn -0.003101 0.805809 -0.592168
vn 0.665868 0.520059 -0.534937
vn -0.003101 0.805809 -0.592168
vn -0.003102 0.690213 -0.723599
vn -0.003102 0.690213 -0.723599
vn -0.003101 0.805809 -0.592168
vn -0.681813 0.584030 -0.440499
vn -0.003102 0.690213 -0.723599
vn -0.681813 0.584030 -0.440499
vn -0.666461 0.508820 -0.544914
vn -0.666461 0.508820 -0.544914
vn -0.681813 0.584030 -0.440499
vn -0.999892 -0.005543 -0.013580
vn -0.666461 0.508820 -0.544914
vn -0.999892 -0.005543 -0.013580
vn -0.999903 -0.007024 -0.012069
vn -0.999903 -0.007024 -0.012069
vn -0.999892 -0.005543 -0.013580
vn -0.681456 -0.594591 0.426707
vn -0.999903 -0.007024 -0.012069
vn -0.681456 -0.594591 0.426707
vn -0.665868 -0.520059 0.534937
vn -0.665868 -0.520059 0.534937
vn -0.681456 -0.594591 0.426707
vn 0.003101 -0.805809 0.592168
vn -0.665868 -0.520059 0.534937
vn 0.003101 -0.805809 0.592168
vn 0.003102 -0.690213 0.723599
vn 0.003101 -0.805809 0.592168
vn 0.002596 -0.905575 0.424179
vn 0.695168 -0.646572 0.314143
vn 0.003101 -0.805809 0.592168
vn 0.695168 -0.646572 0.314143
vn 0.681813 -0.584030 0.440499
vn 0.681813 -0.584030 0.440499
vn 0.695168 -0.646572 0.314143
vn 0.999884 0.003839 0.014749
vn 0.681813 -0.584030 0.440499
vn 0.999884 0.003839 0.014749
vn 0.999892 0.005543 0.013580
vn 0.999892 0.005543 0.013580
vn 0.999884 0.003839 0.014749
vn 0.695026 0.655059 -0.296371
vn 0.999892 0.005543 0.013580
vn 0.695026 0.655059 -0.296371
vn 0.681456 0.594591 -0.426707
vn 0.681456 0.594591 -0.426707
vn 0.695026 0.655059 -0.296371
vn -0.002596 0.905575 -0.424179
vn 0.681456 0.594591 -0.426707
vn -0.002596 0.905575 -0.424179
vn -0.003101 0.805809 -0.592168
vn -0.003101 0.805809 -0.592168
vn -0.002596 0.905575 -0.424179
vn -0.695168 0.646572 -0.314143
vn -0.003101 0.805809 -0.592168
vn -0.695168 0.646572 -0.314143
vn -0.681813 0.584030 -0.440499
vn -0.681813 0.584030 -0.440499
vn -0.695168 0.646572 -0.314143
vn -0.999884 -0.003839 -0.014749
vn -0.681813 0.584030 -0.440499
vn -0.999884 -0.003839 -0.014749
vn -0.999892 -0.005543 -0.013580
vn -0.999892 -0.005543 -0.013580
vn -0.999884 -0.003839 -0.014749
vn -0.695026 -0.655059 0.296371
vn -0.999892 -0.005543 -0.013580
vn -0.695026 -0.655059 0.296371
vn -0.681456 -0.594591 0.426707
vn -0.681456 -0.594591 0.426707
vn -0.695026 -0.655059 0.296371
vn 0.002596 -0.905575 0.424179
vn -0.681456 -0.594591 0.426707
vn 0.002596 -0.905575 0.424179
vn 0.003101 -0.805809 0.592168
vn 0.002596 -0.905575 0.424179
vn 0.001505 -0.974925 0.222528
vn 0.704407 -0.689479 0.168611
vn 0.002596 -0.905575 0.424179
vn 0.704407 -0.689479 0.168611
vn 0.695168 -0.646572 0.314143
vn 0.695168 -0.646572 0.314143
vn 0.704407 -0.689479 0.168611
vn 0.999878 0.001965 0.015492
vn 0.695168 -0.646572 0.314143
vn 0.999878 0.001965 0.015492
vn 0.999884 0.003839 0.014749
vn 0.999884 0.003839 0.014749
vn 0.999878 0.001965 0.015492
vn 0.704383 0.694286 -0.147684
vn 0.999884 0.003839 0.014749
vn 0.704383 0.694286 -0.147684
vn 0.695026 0.655059 -0.296371
vn 0.695026 0.655059 -0.296371
vn 0.704383 0.694286 -0.147684
vn -0.001505 0.974925 -0.222528
vn 0.695026 0.655059 -0.296371
vn -0.001505 0.974925 -0.222528
vn -0.002596 0.905575 -0.424179
vn -0.002596 0.905575 -0.424179
vn -0.001505 0.974925 -0.222528
vn -0.704407 0.689479 -0.168611
vn -0.002596 0.905575 -0.424179
vn -0.704407 0.689479 -0.168611
vn -0.695168 0.646572 -0.314143
vn -0.695168 0.646572 -0.314143
vn -0.704407 0.689479 -0.168611
vn -0.999878 -0.001965 -0.015492
vn -0.695168 0.646572 -0.314143
vn -0.999878 -0.001965 -0.015492
vn -0.999884 -0.003839 -0.014749
vn -0.999884 -0.003839 -0.014749
vn -0.999878 -0.001965 -0.015492
vn -0.704383 -0.694286 0.147684
vn -0.999884 -0.003839 -0.014749
vn -0.704383 -0.694286 0.147684
vn -0.695026 -0.655059 0.296371
vn -0.695026 -0.655059 0.296371
vn -0.704383 -0.694286 0.147684
vn 0.001505 -0.974925 0.222528
vn -0.695026 -0.655059 0.296371
vn 0.001505 -0.974925 0.222528
vn 0.002596 -0.905575 0.424179
vn 0.001505 -0.974925 0.222528
vn 0.000000 -1.000000 0.000000
vn 0.707732 -0.706394 0.011074
vn 0.001505 -0.974925 0.222528
vn 0.707732 -0.706394 0.011074
vn 0.704407 -0.689479 0.168611
vn 0.704407 -0.689479 0.168611
vn 0.707732 -0.706394 0.011074
vn 0.999876 0.000000 0.015747
vn 0.704407 -0.689479 0.168611
vn 0.999876 0.000000 0.015747
vn 0.999878 0.001965 0.015492
vn 0.999878 0.001965 0.015492
vn 0.999876 0.000000 0.015747
vn 0.707732 0.706394 0.011074
vn 0.999878 0.001965 0.015492
vn 0.707732 0.706394 0.011074
vn 0.704383 0.694286 -0.147684
vn 0.704383 0.694286 -0.147684
vn 0.707732 0.706394 0.011074
vn 0.000000 1.000000 0.000000
vn 0.704383 0.694286 -0.147684
vn 0.000000 1.000000 0.000000
vn -0.001505 0.974925 -0.222528
vn -0.001505 0.974925 -0.222528
vn 0.000000 1.000000 0.000000
vn -0.707732 0.706394 -0.011074
vn -0.001505 0.974925 -0.222528
vn -0.707732 0.706394 -0.011074
vn -0.704407 0.689479 -0.168611
vn -0.704407 0.689479 -0.168611
vn -0.707732 0.706394 -0.011074
vn -0.999876 0.000000 -0.015747
vn -0.704407 0.689479 -0.168611
vn -0.999876 0.000000 -0.015747
vn -0.999878 -0.001965 -0.015492
vn -0.999878 -0.001965 -0.015492
vn -0.999876 0.000000 -0.015747
vn -0.707732 -0.706394 -0.011074
vn -0.999878 -0.001965 -0.015492
vn -0.707732 -0.706394 -0.011074
vn -0.704383 -0.694286 0.147684
vn -0.704383 -0.694286 0.147684
vn -0.707732 -0.706394 -0.011074
vn 0.000000 -1.000000 0.000000
vn -0.704383 -0.694286 0.147684
vn 0.000000 -1.000000 0.000000
vn 0.001505 -0.974925 0.222528
vn 0.000000 -1.000000 0.000000
vn -0.001505 -0.974925 -0.222528
vn 0.704383 -0.694286 -0.147684
vn 0.000000 -1.000000 0.000000
vn 0.704383 -0.694286 -0.147684
vn 0.707732 -0.706394 0.011074
vn 0.707732 -0.706394 0.011074
vn 0.704383 -0.694286 -0.147684
vn 0.999878 -0.001965 0.015492
vn 0.707732 -0.706394 0.011074
vn 0.999878 -0.001965 0.015492
vn 0.999876 0.000000 0.015747
vn 0.999876 0.000000 0.015747
vn 0.999878 -0.001965 0.015492
vn 0.704407 0.689479 0.168611
vn 0.999876 0.000000 0.015747
vn 0.704407 0.689479 0.168611
vn 0.707732 0.706394 0.011074
vn 0.707732 0.706394 0.011074
vn 0.704407 0.689479 0.168611
vn 0.001505 0.974925 0.222528
vn 0.707732 0.706394 0.011074
vn 0.001505 0.974925 0.222528
vn 0.000000 1.000000 0.000000
vn 0.000000 1.000000 0.000000
vn 0.001505 0.974925 0.222528
vn -0.704383 0.694286 0.147684
vn 0.000000 1.000000 0.000000
vn -0.704383 0.694286 0.147684
vn -0.707732 0.706394 -0.011074
vn -0.707732 0.706394 -0.011074
vn -0.704383 0.694286 0.147684
vn -0.999878 0.001965 -0.015492
vn -0.707732 0.706394 -0.011074
vn -0.999878 0.001965 -0.015492
vn -0.999876 0.000000 -0.015747
vn -0.999876 0.000000 -0.015747
vn -0.999878 0.001965 -0.015492
vn -0.704407 -0.689479 -0.168611
vn -0.999876 0.000000 -0.015747
vn -0.704407 -0.689479 -0.168611
vn -0.707732 -0.706394 -0.011074
vn -0.707732 -0.706394 -0.011074
vn -0.704407 -0.689479 -0.168611
vn -0.001505 -0.974925 -0.222528
vn -0.707732 -0.706394 -0.011074
vn -0.001505 -0.974925 -0.222528
vn 0.000000 -1.000000 0.000000
vn -0.001505 -0.974925 -0.222528
vn -0.002596 -0.905575 -0.424179
vn 0.695026 -0.655059 -0.296371
vn -0.001505 -0.974925 -0.222528
vn 0.695026 -0.655059 -0.296371
vn 0.704383 -0.694286 -0.147684
vn 0.704383 -0.694286 -0.147684
vn 0.695026 -0.655059 -0.296371
vn 0.999884 -0.003839 0.014749
vn 0.704383 -0.694286 -0.147684
vn 0.999884 -0.003839 0.014749
vn 0.999878 -0.001965 0.015492
vn 0.999878 -0.001965 0.015492
vn 0.999884 -0.003839 0.014749
vn 0.695168 0.646572 0.314143
vn 0.999878 -0.001965 0.015492
vn 0.695168 0.646572 0.314143
vn 0.704407 0.689479 0.168611
vn 0.704407 0.689479 0.168611
vn 0.695168 0.646572 0.314143
vn 0.002596 0.905575 0.424179
vn 0.704407 0.689479 0.168611
vn 0.002596 0.905575 0.424179
vn 0.001505 0.974925 0.222528
vn 0.001505 0.974925 0.222528
vn 0.002596 0.905575 0.424179
vn -0.695026 0.655059 0.296371
vn 0.001505 0.974925 0.222528
vn -0.695026 0.655059 0.296371
vn -0.704383 0.694286 0.147684
vn -0.704383 0.694286 0.147684
vn -0.695026 0.655059 0.296371
vn -0.999884 0.003839 -0.014749
vn -0.704383 0.694286 0.147684
vn -0.999884 0.003839 -0.014749
vn -0.999878 0.001965 -0.015492
vn -0.999878 0.001965 -0.015492
vn -0.999884 0.003839 -0.014749
vn -0.695168 -0.646572 -0.314143
vn -0.999878 0.001965 -0.015492
vn -0.695168 -0.646572 -0.314143
vn -0.704407 -0.689479 -0.168611
vn -0.704407 -0.689479 -0.168611
vn -0.695168 -0.646572 -0.314143
vn -0.002596 -0.905575 -0.424179
vn -0.704407 -0.689479 -0.168611
vn -0.002596 -0.905575 -0.424179
vn -0.001505 -0.974925 -0.222528
vn -0.002596 -0.905575 -0.424179
vn -0.003101 -0.805809 -0.592168
vn 0.681456 -0.594591 -0.426707
vn -0.002596 -0.905575 -0.424179
vn 0.681456 -0.594591 -0.426707
vn 0.695026 -0.655059 -0.296371
vn 0.695026 -0.655059 -0.296371
vn 0.681456 -0.594591 -0.426707
vn 0.999892 -0.005543 0.013580
vn 0.695026 -0.655059 -0.296371
vn 0.999892 -0.005543 0.013580
vn 0.999884 -0.003839 0.014749
vn 0.999884 -0.003839 0.014749
vn 0.999892 -0.005543 0.013580
vn 0.681813 0.584030 0.440499
vn 0.999884 -0.003839 0.014749
vn 0.681813 0.584030 0.440499
vn 0.695168 0.646572 0.314143
vn 0.695168 0.646572 0.314143
vn 0.681813 0.584030 0.440499
vn 0.003101 0.805809 0.592168
vn 0.695168 0.646572 0.314143
vn 0.003101 0.805809 0.592168
vn 0.002596 0.905575 0.424179
vn 0.002596 0.905575 0.424179
vn 0.003101 0.805809 0.592168
vn -0.681456 0.594591 0.426707
vn 0.002596 0.905575 0.424179
vn -0.681456 0.594591 0.426707
vn -0.695026 0.655059 0.296371
vn -0.695026 0.655059 0.296371
vn -0.681456 0.594591 0.426707
vn -0.999892 0.005543 -0.013580
vn -0.695026 0.655059 0.296371
vn -0.999892 0.005543 -0.013580
vn -0.999884 0.003839 -0.014749
vn -0.999884 0.003839 -0.014749
vn -0.999892 0.005543 -0.013580
vn -0.681813 -0.584030 -0.440499
vn -0.999884 0.003839 -0.014749
vn -0.681813 -0.584030 -0.440499
vn -0.695168 -0.646572 -0.314143
vn -0.695168 -0.646572 -0.314143
vn -0.681813 -0.584030 -0.440499
vn -0.003101 -0.805809 -0.592168
vn -0.695168 -0.646572 -0.314143
vn -0.003101 -0.805809 -0.592168
vn -0.002596 -0.905575 -0.424179
vn -0.003101 -0.805809 -0.592168
vn -0.003102 -0.690213 -0.723599
vn 0.665868 -0.520059 -0.534937
vn -0.003101 -0.805809 -0.592168
vn 0.665868 -0.520059 -0.534937
vn 0.681456 -0.594591 -0.426707
vn 0.681456 -0.594591 -0.426707
vn 0.665868 -0.520059 -0.534937
vn 0.999903 -0.007024 0.012069
vn 0.681456 -0.594591 -0.426707
vn 0.999903 -0.007024 0.012069
vn 0.999892 -0.005543 0.013580
vn 0.999892 -0.005543 0.013580
vn 0.999903 -0.007024 0.012069
vn 0.666461 0.508820 0.544914
vn 0.999892 -0.005543 0.013580
vn 0.666461 0.508820 0.544914
vn 0.681813 0.584030 0.440499
vn 0.681813 0.584030 0.440499
vn 0.666461 0.508820 0.544914
vn 0.003102 0.690213 0.723599
vn 0.681813 0.584030 0.440499
vn 0.003102 0.690213 0.723599
vn 0.003101 0.805809 0.592168
vn 0.003101 0.805809 0.592168
vn 0.003102 0.690213 0.723599
vn -0.665868 0.520059 0.534937
vn 0.003101 0.805809 0.592168
vn -0.665868 0.520059 0.534937
vn -0.681456 0.594591 0.426707
vn -0.681456 0.594591 0.426707
vn -0.665868 0.520059 0.534937
vn -0.999903 0.007024 -0.012069
vn -0.681456 0.594591 0.426707
vn -0.999903 0.007024 -0.012069
vn -0.999892 0.005543 -0.013580
vn -0.999892 0.005543 -0.013580
vn -0.999903 0.007024 -0.012069
vn -0.666461 -0.508820 -0.544914
vn -0.999892 0.005543 -0.013580
vn -0.666461 -0.508820 -0.544914
vn -0.681813 -0.584030 -0.440499
vn -0.681813 -0.584030 -0.440499
vn -0.666461 -0.508820 -0.544914
vn -0.003102 -0.690213 -0.723599
vn -0.681813 -0.584030 -0.440499
vn -0.003102 -0.690213 -0.723599
vn -0.003101 -0.805809 -0.592168
vn -0.003102 -0.690213 -0.723599
vn -0.002777 -0.569439 -0.822029
vn 0.650239 -0.437642 -0.621014
vn -0.003102 -0.690213 -0.723599
vn 0.650239 -0.437642 -0.621014
vn 0.665868 -0.520059 -0.534937
vn 0.665868 -0.520059 -0.534937
vn 0.650239 -0.437642 -0.621014
vn 0.999913 -0.008255 0.010306
vn 0.665868 -0.520059 -0.534937
vn 0.999913 -0.008255 0.010306
vn 0.999903 -0.007024 0.012069
vn 0.999903 -0.007024 0.012069
vn 0.999913 -0.008255 0.010306
vn 0.651001 0.426608 0.627856
vn 0.999903 -0.007024 0.012069
vn 0.651001 0.426608 0.627856
vn 0.666461 0.508820 0.544914
vn 0.666461 0.508820 0.544914
vn 0.651001 0.426608 0.627856
vn 0.002777 0.569439 0.822029
vn 0.666461 0.508820 0.544914
vn 0.002777 0.569439 0.822029
vn 0.003102 0.690213 0.723599
vn 0.003102 0.690213 0.723599
vn 0.002777 0.569439 0.822029
vn -0.650239 0.437642 0.621014
vn 0.003102 0.690213 0.723599
vn -0.650239 0.437642 0.621014
vn -0.665868 0.520059 0.534937
vn -0.665868 0.520059 0.534937
vn -0.650239 0.437642 0.621014
vn -0.999913 0.008255 -0.010306
vn -0.665868 0.520059 0.534937
vn -0.999913 0.008255 -0.010306
vn -0.999903 0.007024 -0.012069
vn -0.999903 0.007024 -0.012069
vn -0.999913 0.008255 -0.010306
vn -0.651001 -0.426608 -0.627856
vn -0.999903 0.007024 -0.012069
vn -0.651001 -0.426608 -0.627856
vn -0.666461 -0.508820 -0.544914
vn -0.666461 -0.508820 -0.544914
vn -0.651001 -0.426608 -0.627856
vn -0.002777 -0.569439 -0.822029
vn -0.666461 -0.508820 -0.544914
vn -0.002777 -0.569439 -0.822029
vn -0.003102 -0.690213 -0.723599
vn -0.002777 -0.569439 -0.822029
vn -0.002284 -0.449437 -0.893309
vn 0.636056 -0.351606 -0.686882
vn -0.002777 -0.569439 -0.822029
vn 0.636056 -0.351606 -0.686882
vn 0.650239 -0.437642 -0.621014
vn 0.650239 -0.437642 -0.621014
vn 0.636056 -0.351606 -0.686882
vn 0.999922 -0.009233 0.008374
vn 0.650239 -0.437642 -0.621014
vn 0.999922 -0.009233 0.008374
vn 0.999913 -0.008255 0.010306
vn 0.999913 -0.008255 0.010306
vn 0.999922 -0.009233 0.008374
vn 0.636870 0.341179 0.691371
vn 0.999913 -0.008255 0.010306
vn 0.636870 0.341179 0.691371
vn 0.651001 0.426608 0.627856
vn 0.651001 0.426608 0.627856
vn 0.636870 0.341179 0.691371
vn 0.002284 0.449437 0.893309
vn 0.651001 0.426608 0.627856
vn 0.002284 0.449437 0.893309
vn 0.002777 0.569439 0.822029
vn 0.002777 0.569439 0.822029
vn 0.002284 0.449437 0.893309
vn -0.636056 0.351606 0.686882
vn 0.002777 0.569439 0.822029
vn -0.636056 0.351606 0.686882
vn -0.650239 0.437642 0.621014
vn -0.650239 0.437642 0.621014
vn -0.636056 0.351606 0.686882
vn -0.999922 0.009233 -0.008374
vn -0.650239 0.437642 0.621014
vn -0.999922 0.009233 -0.008374
vn -0.999913 0.008255 -0.010306
vn -0.999913 0.008255 -0.010306
vn -0.999922 0.009233 -0.008374
vn -0.636870 -0.341179 -0.691371
vn -0.999913 0.008255 -0.010306
vn -0.636870 -0.341179 -0.691371
vn -0.651001 -0.426608 -0.627856
vn -0.651001 -0.426608 -0.627856
vn -0.636870 -0.341179 -0.691371
vn -0.002284 -0.449437 -0.893309
vn -0.651001 -0.426608 -0.627856
vn -0.002284 -0.449437 -0.893309
vn -0.002777 -0.569439 -0.822029
vn -0.002284 -0.449437 -0.893309
vn -0.001722 -0.332652 -0.943048
vn 0.624318 -0.264431 -0.735053
vn -0.002284 -0.449437 -0.893309
vn 0.624318 -0.264431 -0.735053
vn 0.636056 -0.351606 -0.686882
vn 0.636056 -0.351606 -0.686882
vn 0.624318 -0.264431 -0.735053
vn 0.999930 -0.009966 0.006339
vn 0.636056 -0.351606 -0.686882
vn 0.999930 -0.009966 0.006339
vn 0.999922 -0.009233 0.008374
vn 0.999922 -0.009233 0.008374
vn 0.999930 -0.009966 0.006339
vn 0.625057 0.254686 0.737861
vn 0.999922 -0.009233 0.008374
vn 0.625057 0.254686 0.737861
vn 0.636870 0.341179 0.691371
vn 0.636870 0.341179 0.691371
vn 0.625057 0.254686 0.737861
vn 0.001722 0.332652 0.943048
vn 0.636870 0.341179 0.691371
vn 0.001722 0.332652 0.943048
vn 0.002284 0.449437 0.893309
vn 0.002284 0.449437 0.893309
vn 0.001722 0.332652 0.943048
vn -0.624318 0.264431 0.735053
vn 0.002284 0.449437 0.893309
vn -0.624318 0.264431 0.735053
vn -0.636056 0.351606 0.686882
vn -0.636056 0.351606 0.686882
vn -0.624318 0.264431 0.735053
vn -0.999930 0.009966 -0.006339
vn -0.636056 0.351606 0.686882
vn -0.999930 0.009966 -0.006339
vn -0.999922 0.009233 -0.008374
vn -0.999922 0.009233 -0.008374
vn -0.999930 0.009966 -0.006339
vn -0.625057 -0.254686 -0.737861
vn -0.999922 0.009233 -0.008374
vn -0.625057 -0.254686 -0.737861
vn -0.636870 -0.341179 -0.691371
vn -0.636870 -0.341179 -0.691371
vn -0.625057 -0.254686 -0.737861
vn -0.001722 -0.332652 -0.943048
vn -0.636870 -0.341179 -0.691371
vn -0.001722 -0.332652 -0.943048
vn -0.002284 -0.449437 -0.893309
vn -0.001722 -0.332652 -0.943048
vn -0.001145 -0.219417 -0.975630
vn 0.615645 -0.177312 -0.767816
vn -0.001722 -0.332652 -0.943048
vn 0.615645 -0.177312 -0.767816
vn 0.624318 -0.264431 -0.735053
vn 0.624318 -0.264431 -0.735053
vn 0.615645 -0.177312 -0.767816
vn 0.999936 -0.010473 0.004248
vn 0.624318 -0.264431 -0.735053
vn 0.999936 -0.010473 0.004248
vn 0.999930 -0.009966 0.006339
vn 0.999930 -0.009966 0.006339
vn 0.999936 -0.010473 0.004248
vn 0.616201 0.168137 0.769433
vn 0.999930 -0.009966 0.006339
vn 0.616201 0.168137 0.769433
vn 0.625057 0.254686 0.737861
vn 0.625057 0.254686 0.737861
vn 0.616201 0.168137 0.769433
vn 0.001145 0.219417 0.975630
vn 0.625057 0.254686 0.737861
vn 0.001145 0.219417 0.975630
vn 0.001722 0.332652 0.943048
vn 0.001722 0.332652 0.943048
vn 0.001145 0.219417 0.975630
vn -0.615645 0.177312 0.767816
vn 0.001722 0.332652 0.943048
vn -0.615645 0.177312 0.767816
vn -0.624318 0.264431 0.735053
vn -0.624318 0.264431 0.735053
vn -0.615645 0.177312 0.767816
vn -0.999936 0.010473 -0.004248
vn -0.624318 0.264431 0.735053
vn -0.999936 0.010473 -0.004248
vn -0.999930 0.009966 -0.006339
vn -0.999930 0.009966 -0.006339
vn -0.999936 0.010473 -0.004248
vn -0.616201 -0.168137 -0.769433
vn -0.999930 0.009966 -0.006339
vn -0.616201 -0.168137 -0.769433
vn -0.625057 -0.254686 -0.737861
vn -0.625057 -0.254686 -0.737861
vn -0.616201 -0.168137 -0.769433
vn -0.001145 -0.219417 -0.975630
vn -0.625057 -0.254686 -0.737861
vn -0.001145 -0.219417 -0.975630
vn -0.001722 -0.332652 -0.943048
vn -0.001145 -0.219417 -0.975630
vn -0.000570 -0.108963 -0.994046
vn 0.610390 -0.090634 -0.786898
vn -0.001145 -0.219417 -0.975630
vn 0.610390 -0.090634 -0.786898
vn 0.615645 -0.177312 -0.767816
vn 0.615645 -0.177312 -0.767816
vn 0.610390 -0.090634 -0.786898
vn 0.999940 -0.010769 0.002129
vn 0.615645 -0.177312 -0.767816
vn 0.999940 -0.010769 0.002129
vn 0.999936 -0.010473 0.004248
vn 0.999936 -0.010473 0.004248
vn 0.999940 -0.010769 0.002129
vn 0.610687 0.081827 0.787633
vn 0.999936 -0.010473 0.004248
vn 0.610687 0.081827 0.787633
vn 0.616201 0.168137 0.769433
vn 0.616201 0.168137 0.769433
vn 0.610687 0.081827 0.787633
vn 0.000570 0.108963 0.994046
vn 0.616201 0.168137 0.769433
vn 0.000570 0.108963 0.994046
vn 0.001145 0.219417 0.975630
vn 0.001145 0.219417 0.975630
vn 0.000570 0.108963 0.994046
vn -0.610390 0.090634 0.786898
vn 0.001145 0.219417 0.975630
vn -0.610390 0.090634 0.786898
vn -0.615645 0.177312 0.767816
vn -0.615645 0.177312 0.767816
vn -0.610390 0.090634 0.786898
vn -0.999940 0.010769 -0.002129
vn -0.615645 0.177312 0.767816
vn -0.999940 0.010769 -0.002129
vn -0.999936 0.010473 -0.004248
vn -0.999936 0.010473 -0.004248
vn -0.999940 0.010769 -0.002129
vn -0.610687 -0.081827 -0.787633
vn -0.999936 0.010473 -0.004248
vn -0.610687 -0.081827 -0.787633
vn -0.616201 -0.168137 -0.769433
vn -0.616201 -0.168137 -0.769433
vn -0.610687 -0.081827 -0.787633
vn -0.000570 -0.108963 -0.994046
vn -0.616201 -0.168137 -0.769433
vn -0.000570 -0.108963 -0.994046
vn -0.001145 -0.219417 -0.975630
vn -0.000570 -0.108963 -0.994046
vn 0.000000 0.000000 -1.000000
vn 0.608724 -0.004340 -0.793370
vn -0.000570 -0.108963 -0.994046
vn 0.608724 -0.004340 -0.793370
vn 0.610390 -0.090634 -0.786898
vn 0.610390 -0.090634 -0.786898
vn 0.608724 -0.004340 -0.793370
vn 0.999941 -0.010866 0.000000
vn 0.610390 -0.090634 -0.786898
vn 0.999941 -0.010866 0.000000
vn 0.999940 -0.010769 0.002129
vn 0.999940 -0.010769 0.002129
vn 0.999941 -0.010866 0.000000
vn 0.608724 -0.004340 0.793370
vn 0.999940 -0.010769 0.002129
vn 0.608724 -0.004340 0.793370
vn 0.610687 0.081827 0.787633
vn 0.610687 0.081827 0.787633
vn 0.608724 -0.004340 0.793370
vn 0.000000 0.000000 1.000000
vn 0.610687 0.081827 0.787633
vn 0.000000 0.000000 1.000000
vn 0.000570 0.108963 0.994046
vn 0.000570 0.108963 0.994046
vn 0.000000 0.000000 1.000000
vn -0.608724 0.004340 0.793370
vn 0.000570 0.108963 0.994046
vn -0.608724 0.004340 0.793370
vn -0.610390 0.090634 0.786898
vn -0.610390 0.090634 0.786898
vn -0.608724 0.004340 0.793370
vn -0.999941 0.010866 0.000000
vn -0.610390 0.090634 0.786898
vn -0.999941 0.010866 0.000000
vn -0.999940 0.010769 -0.002129
vn -0.999940 0.010769 -0.002129
vn -0.999941 0.010866 0.000000
vn -0.608724 0.004340 -0.793370
vn -0.999940 0.010769 -0.002129
vn -0.608724 0.004340 -0.793370
vn -0.610687 -0.081827 -0.787633
vn -0.610687 -0.081827 -0.787633
vn -0.608724 0.004340 -0.793370
vn 0.000000 0.000000 -1.000000
vn -0.610687 -0.081827 -0.787633
vn 0.000000 0.000000 -1.000000
vn -0.000570 -0.108963 -0.994046
vn 0.000000 0.000000 -1.000000
vn 0.000570 0.108963 -0.994046
vn 0.610687 0.081827 -0.787633
vn 0.000000 0.000000 -1.000000
vn 0.610687 0.081827 -0.787633
vn 0.608724 -0.004340 -0.793370
vn 0.608724 -0.004340 -0.793370
vn 0.610687 0.081827 -0.787633
vn 0.999940 -0.010769 -0.002129
vn 0.608724 -0.004340 -0.793370
vn 0.999940 -0.010769 -0.002129
vn 0.999941 -0.010866 0.000000
vn 0.999941 -0.010866 0.000000
vn 0.999940 -0.010769 -0.002129
vn 0.610390 -0.090634 0.786898
vn 0.999941 -0.010866 0.000000
vn 0.610390 -0.090634 0.786898
vn 0.608724 -0.004340 0.793370
vn 0.608724 -0.004340 0.793370
vn 0.610390 -0.090634 0.786898
vn -0.000570 -0.108963 0.994046
vn 0.608724 -0.004340 0.793370
vn -0.000570 -0.108963 0.994046
vn 0.000000 0.000000 1.000000
vn 0.000000 0.000000 1.000000
vn -0.000570 -0.108963 0.994046
vn -0.610687 -0.081827 0.787633
vn 0.000000 0.000000 1.000000
vn -0.610687 -0.081827 0.787633
vn -0.608724 0.004340 0.793370
vn -0.608724 0.004340 0.793370
vn -0.610687 -0.081827 0.787633
vn -0.999940 0.010769 0.002129
vn -0.608724 0.004340 0.793370
vn -0.999940 0.010769 0.002129
vn -0.999941 0.010866 0.000000
vn -0.999941 0.010866 0.000000
vn -0.999940 0.010769 0.002129
vn -0.610390 0.090634 -0.786898
vn -0.999941 0.010866 0.000000
vn -0.610390 0.090634 -0.786898
vn -0.608724 0.004340 -0.793370
vn -0.608724 0.004340 -0.793370
vn -0.610390 0.090634 -0.786898
vn 0.000570 0.108963 -0.994046
vn -0.608724 0.004340 -0.793370
vn 0.000570 0.108963 -0.994046
vn 0.000000 0.000000 -1.000000
vn 0.000570 0.108963 -0.994046
vn 0.001145 0.219417 -0.975630
vn 0.616201 0.168137 -0.769433
vn 0.000570 0.108963 -0.994046
vn 0.616201 0.168137 -0.769433
vn 0.610687 0.081827 -0.787633
vn 0.610687 0.081827 -0.787633
vn 0.616201 0.168137 -0.769433
vn 0.999936 -0.010473 -0.004248
vn 0.610687 0.081827 -0.787633
vn 0.999936 -0.010473 -0.004248
vn 0.999940 -0.010769 -0.002129
vn 0.999940 -0.010769 -0.002129
vn 0.999936 -0.010473 -0.004248
vn 0.615645 -0.177312 0.767816
vn 0.999940 -0.010769 -0.002129
vn 0.615645 -0.177312 0.767816
vn 0.610390 -0.090634 0.786898
vn 0.610390 -0.090634 0.786898
vn 0.615645 -0.177312 0.767816
vn -0.001145 -0.219417 0.975630
vn 0.610390 -0.090634 0.786898
vn -0.001145 -0.219417 0.975630
vn -0.000570 -0.108963 0.994046
vn -0.000570 -0.108963 0.994046
vn -0.001145 -0.219417 0.975630
vn -0.616201 -0.168137 0.769433
vn -0.000570 -0.108963 0.994046
vn -0.616201 -0.168137 0.769433
vn -0.610687 -0.081827 0.787633
vn -0.610687 -0.081827 0.787633
vn -0.616201 -0.168137 0.769433
vn -0.999936 0.010473 0.004248
vn -0.610687 -0.081827 0.787633
vn -0.999936 0.010473 0.004248
vn -0.999940 0.010769 0.002129
vn -0.999940 0.010769 0.002129
vn -0.999936 0.010473 0.004248
vn -0.615645 0.177312 -0.767816
vn -0.999940 0.010769 0.002129
vn -0.615645 0.177312 -0.767816
vn -0.610390 0.090634 -0.786898
vn -0.610390 0.090634 -0.786898
vn -0.615645 0.177312 -0.767816
vn 0.001145 0.219417 -0.975630
vn -0.610390 0.090634 -0.786898
vn 0.001145 0.219417 -0.975630
vn 0.000570 0.108963 -0.994046
vn 0.001145 0.219417 -0.975630
vn 0.001722 0.332652 -0.943048
vn 0.625057 0.254686 -0.737861
vn 0.001145 0.219417 -0.975630
vn 0.625057 0.254686 -0.737861
vn 0.616201 0.168137 -0.769433
vn 0.616201 0.168137 -0.769433
vn 0.625057 0.254686 -0.737861
vn 0.999930 -0.009966 -0.006339
vn 0.616201 0.168137 -0.769433
vn 0.999930 -0.009966 -0.006339
vn 0.999936 -0.010473 -0.004248
vn 0.999936 -0.010473 -0.004248
vn 0.999930 -0.009966 -0.006339
vn 0.624318 -0.264431 0.735053
vn 0.999936 -0.010473 -0.004248
vn 0.624318 -0.264431 0.735053
vn 0.615645 -0.177312 0.767816
vn 0.615645 -0.177312 0.767816
vn 0.624318 -0.264431 0.735053
vn -0.001722 -0.332652 0.943048
vn 0.615645 -0.177312 0.767816
vn -0.001722 -0.332652 0.943048
vn -0.001145 -0.219417 0.975630
vn -0.001145 -0.219417 0.975630
vn -0.001722 -0.332652 0.943048
vn -0.625057 -0.254686 0.737861
vn -0.001145 -0.219417 0.975630
vn -0.625057 -0.254686 0.737861
vn -0.616201 -0.168137 0.769433
vn -0.616201 -0.168137 0.769433
vn -0.625057 -0.254686 0.737861
vn -0.999930 0.009966 0.006339
vn -0.616201 -0.168137 0.769433
vn -0.999930 0.009966 0.006339
vn -0.999936 0.010473 0.004248
vn -0.999936 0.010473 0.004248
vn -0.999930 0.009966 0.006339
vn -0.624318 0.264431 -0.735053
vn -0.999936 0.010473 0.004248
vn -0.624318 0.264431 -0.735053
vn -0.615645 0.177312 -0.767816
vn -0.615645 0.177312 -0.767816
vn -0.624318 0.264431 -0.735053
vn 0.001722 0.332652 -0.943048
vn -0.615645 0.177312 -0.767816
vn 0.001722 0.332652 -0.943048
vn 0.001145 0.219417 -0.975630
vn 0.001722 0.332652 -0.943048
vn 0.002284 0.449437 -0.893309
vn 0.636870 0.341179 -0.691371
vn 0.001722 0.332652 -0.943048
vn 0.636870 0.341179 -0.691371
vn 0.625057 0.254686 -0.737861
vn 0.625057 0.254686 -0.737861
vn 0.636870 0.341179 -0.691371
vn 0.999922 -0.009233 -0.008374
vn 0.625057 0.254686 -0.737861
vn 0.999922 -0.009233 -0.008374
vn 0.999930 -0.009966 -0.006339
vn 0.999930 -0.009966 -0.006339
vn 0.999922 -0.009233 -0.008374
vn 0.636056 -0.351606 0.686882
vn 0.999930 -0.009966 -0.006339
vn 0.636056 -0.351606 0.686882
vn 0.624318 -0.264431 0.735053
vn 0.624318 -0.264431 0.735053
vn 0.636056 -0.351606 0.686882
vn -0.002284 -0.449437 0.893309
vn 0.624318 -0.264431 0.735053
vn -0.002284 -0.449437 0.893309
vn -0.001722 -0.332652 0.943048
vn -0.001722 -0.332652 0.943048
vn -0.002284 -0.449437 0.893309
vn -0.636870 -0.341179 0.691371
vn -0.001722 -0.332652 0.943048
vn -0.636870 -0.341179 0.691371
vn -0.625057 -0.254686 0.737861
vn -0.625057 -0.254686 0.737861
vn -0.636870 -0.341179 0.691371
vn -0.999922 0.009233 0.008374
vn -0.625057 -0.254686 0.737861
vn -0.999922 0.009233 0.008374
vn -0.999930 0.009966 0.006339
vn -0.999930 0.009966 0.006339
vn -0.999922 0.009233 0.008374
vn -0.636056 0.351606 -0.686882
vn -0.999930 0.009966 0.006339
vn -0.636056 0.351606 -0.686882
vn -0.624318 0.264431 -0.735053
vn -0.624318 0.264431 -0.735053
vn -0.636056 0.351606 -0.686882
vn 0.002284 0.449437 -0.893309
vn -0.624318 0.264431 -0.735053
vn 0.002284 0.449437 -0.893309
vn 0.001722 0.332652 -0.943048
vn 0.002284 0.449437 -0.893309
vn 0.002777 0.569439 -0.822029
vn 0.651001 0.426608 -0.627856
vn 0.002284 0.449437 -0.893309
vn 0.651001 0.426608 -0.627856
vn 0.636870 0.341179 -0.691371
vn 0.636870 0.341179 -0.691371
vn 0.651001 0.426608 -0.627856
vn 0.999913 -0.008255 -0.010306
vn 0.636870 0.341179 -0.691371
vn 0.999913 -0.008255 -0.010306
vn 0.999922 -0.009233 -0.008374
vn 0.999922 -0.009233 -0.008374
vn 0.999913 -0.008255 -0.010306
vn 0.650239 -0.437642 0.621014
vn 0.999922 -0.009233 -0.008374
vn 0.650239 -0.437642 0.621014
vn 0.636056 -0.351606 0.686882
vn 0.636056 -0.351606 0.686882
vn 0.650239 -0.437642 0.621014
vn -0.002777 -0.569439 0.822029
vn 0.636056 -0.351606 0.686882
vn -0.002777 -0.569439 0.822029
vn -0.002284 -0.449437 0.893309
vn -0.002284 -0.449437 0.893309
vn -0.002777 -0.569439 0.822029
vn -0.651001 -0.426608 0.627856
vn -0.002284 -0.449437 0.893309
vn -0.651001 -0.426608 0.627856
vn -0.636870 -0.341179 0.691371
vn -0.636870 -0.341179 0.691371
vn -0.651001 -0.426608 0.627856
vn -0.999913 0.008255 0.010306
vn -0.636870 -0.341179 0.691371
vn -0.999913 0.008255 0.010306
vn -0.999922 0.009233 0.008374
vn -0.999922 0.009233 0.008374
vn -0.999913 0.008255 0.010306
vn -0.650239 0.437642 -0.621014
vn -0.999922 0.009233 0.008374
vn -0.650239 0.437642 -0.621014
vn -0.636056 0.351606 -0.686882
vn -0.636056 0.351606 -0.686882
vn -0.650239 0.437642 -0.621014
vn 0.002777 0.569439 -0.822029
vn -0.636056 0.351606 -0.686882
vn 0.002777 0.569439 -0.822029
vn 0.002284 0.449437 -0.893309
vn 0.002777 0.569439 -0.822029
vn 0.003102 0.690213 -0.723599
vn 0.666461 0.508820 -0.544914
vn 0.002777 0.569439 -0.822029
vn 0.666461 0.508820 -0.544914
vn 0.651001 0.426608 -0.627856
vn 0.651001 0.426608 -0.627856
vn 0.666461 0.508820 -0.544914
vn 0.999903 -0.007024 -0.012069
vn 0.651001 0.426608 -0.627856
vn 0.999903 -0.007024 -0.012069
vn 0.999913 -0.008255 -0.010306
vn 0.999913 -0.008255 -0.010306
vn 0.999903 -0.007024 -0.012069
vn 0.665868 -0.520059 0.534937
vn 0.999913 -0.008255 -0.010306
vn 0.665868 -0.520059 0.534937
vn 0.650239 -0.437642 0.621014
vn 0.650239 -0.437642 0.621014
vn 0.665868 -0.520059 0.534937
vn -0.003102 -0.690213 0.723599
vn 0.650239 -0.437642 0.621014
vn -0.003102 -0.690213 0.723599
vn -0.002777 -0.569439 0.822029
vn -0.002777 -0.569439 0.822029
vn -0.003102 -0.690213 0.723599
vn -0.666461 -0.508820 0.544914
vn -0.002777 -0.569439 0.822029
vn -0.666461 -0.508820 0.544914
vn -0.651001 -0.426608 0.627856
vn -0.651001 -0.426608 0.627856
vn -0.666461 -0.508820 0.544914
vn -0.999903 0.007024 0.012069
vn -0.651001 -0.426608 0.627856
vn -0.999903 0.007024 0.012069
vn -0.999913 0.008255 0.010306
vn -0.999913 0.008255 0.010306
vn -0.999903 0.007024 0.012069
vn -0.665868 0.520059 -0.534937
vn -0.999913 0.008255 0.010306
vn -0.665868 0.520059 -0.534937
vn -0.650239 0.437642 -0.621014
vn -0.650239 0.437642 -0.621014
vn -0.665868 0.520059 -0.534937
vn 0.003102 0.690213 -0.723599
vn -0.650239 0.437642 -0.621014
vn 0.003102 0.690213 -0.723599
vn 0.002777 0.569439 -0.822029
vn 0.003102 0.690213 -0.723599
vn 0.003101 0.805809 -0.592168
vn 0.681813 0.584030 -0.440499
vn 0.003102 0.690213 -0.723599
vn 0.681813 0.584030 -0.440499
vn 0.666461 0.508820 -0.544914
vn 0.666461 0.508820 -0.544914
vn 0.681813 0.584030 -0.440499
vn 0.999892 -0.005543 -0.013580
vn 0.666461 0.508820 -0.544914
vn 0.999892 -0.005543 -0.013580
vn 0.999903 -0.007024 -0.012069
vn 0.999903 -0.007024 -0.012069
vn 0.999892 -0.005543 -0.013580
vn 0.681456 -0.594591 0.426707
vn 0.999903 -0.007024 -0.012069
vn 0.681456 -0.594591 0.426707
vn 0.665868 -0.520059 0.534937
vn 0.665868 -0.520059 0.534937
vn 0.681456 -0.594591 0.426707
vn -0.003101 -0.805809 0.592168
vn 0.665868 -0.520059 0.534937
vn -0.003101 -0.805809 0.592168
vn -0.003102 -0.690213 0.723599
vn -0.003102 -0.690213 0.723599
vn -0.003101 -0.805809 0.592168
vn -0.681813 -0.584030 0.440499
vn -0.003102 -0.690213 0.723599
vn -0.681813 -0.584030 0.440499
vn -0.666461 -0.508820 0.544914
vn -0.666461 -0.508820 0.544914
vn -0.681813 -0.584030 0.440499
vn -0.999892 0.005543 0.013580
vn -0.666461 -0.508820 0.544914
vn -0.999892 0.005543 0.013580
vn -0.999903 0.007024 0.012069
vn -0.999903 0.007024 0.012069
vn -0.999892 0.005543 0.013580
vn -0.681456 0.594591 -0.426707
vn -0.999903 0.007024 0.012069
vn -0.681456 0.594591 -0.426707
vn -0.665868 0.520059 -0.534937
vn -0.665868 0.520059 -0.534937
vn -0.681456 0.594591 -0.426707
vn 0.003101 0.805809 -0.592168
vn -0.665868 0.520059 -0.534937
vn 0.003101 0.805809 -0.592168
vn 0.003102 0.690213 -0.723599
vn 0.003101 0.805809 -0.592168
vn 0.002596 0.905575 -0.424179
vn 0.695168 0.646572 -0.314143
vn 0.003101 0.805809 -0.592168
vn 0.695168 0.646572 -0.314143
vn 0.681813 0.584030 -0.440499
vn 0.681813 0.584030 -0.440499
vn 0.695168 0.646572 -0.314143
vn 0.999884 -0.003839 -0.014749
vn 0.681813 0.584030 -0.440499
vn 0.999884 -0.003839 -0.014749
vn 0.999892 -0.005543 -0.013580
vn 0.999892 -0.005543 -0.013580
vn 0.999884 -0.003839 -0.014749
vn 0.695026 -0.655059 0.296371
vn 0.999892 -0.005543 -0.013580
vn 0.695026 -0.655059 0.296371
vn 0.681456 -0.594591 0.426707
vn 0.681456 -0.594591 0.426707
vn 0.695026 -0.655059 0.296371
vn -0.002596 -0.905575 0.424179
vn 0.681456 -0.594591 0.426707
vn -0.002596 -0.905575 0.424179
vn -0.003101 -0.805809 0.592168
vn -0.003101 -0.805809 0.592168
vn -0.002596 -0.905575 0.424179
vn -0.695168 -0.646572 0.314143
vn -0.003101 -0.805809 0.592168
vn -0.695168 -0.646572 0.314143
vn -0.681813 -0.584030 0.440499
vn -0.681813 -0.584030 0.440499
vn -0.695168 -0.646572 0.314143
vn -0.999884 0.003839 0.014749
vn -0.681813 -0.584030 0.440499
vn -0.999884 0.003839 0.014749
vn -0.999892 0.005543 0.013580
vn -0.999892 0.005543 0.013580
vn -0.999884 0.003839 0.014749
vn -0.695026 0.655059 -0.296371
vn -0.999892 0.005543 0.013580
vn -0.695026 0.655059 -0.296371
vn -0.681456 0.594591 -0.426707
vn -0.681456 0.594591 -0.426707
vn -0.695026 0.655059 -0.296371
vn 0.002596 0.905575 -0.424179
vn -0.681456 0.594591 -0.426707
vn 0.002596 0.905575 -0.424179
vn 0.003101 0.805809 -0.592168
vn 0.002596 0.905575 -0.424179
vn 0.001505 0.974925 -0.222528
vn 0.704407 0.689479 -0.168611
vn 0.002596 0.905575 -0.424179
vn 0.704407 0.689479 -0.168611
vn 0.695168 0.646572 -0.314143
vn 0.695168 0.646572 -0.314143
vn 0.704407 0.689479 -0.168611
vn 0.999878 -0.001965 -0.015492
vn 0.695168 0.646572 -0.314143
vn 0.999878 -0.001965 -0.015492
vn 0.999884 -0.003839 -0.014749
vn 0.999884 -0.003839 -0.014749
vn 0.999878 -0.001965 -0.015492
vn 0.704383 -0.694286 0.147684
vn 0.999884 -0.003839 -0.014749
vn 0.704383 -0.694286 0.147684
vn 0.695026 -0.655059 0.296371
vn 0.695026 -0.655059 0.296371
vn 0.704383 -0.694286 0.147684
vn -0.001505 -0.974925 0.222528
vn 0.695026 -0.655059 0.296371
vn -0.001505 -0.974925 0.222528
vn -0.002596 -0.905575 0.424179
vn -0.002596 -0.905575 0.424179
vn -0.001505 -0.974925 0.222528
vn -0.704407 -0.689479 0.168611
vn -0.002596 -0.905575 0.424179
vn -0.704407 -0.689479 0.168611
vn -0.695168 -0.646572 0.314143
vn -0.695168 -0.646572 0.314143
vn -0.704407 -0.689479 0.168611
vn -0.999878 0.001965 0.015492
vn -0.695168 -0.646572 0.314143
vn -0.999878 0.001965 0.015492
vn -0.999884 0.003839 0.014749
vn -0.999884 0.003839 0.014749
vn -0.999878 0.001965 0.015492
vn -0.704383 0.694286 -0.147684
vn -0.999884 0.003839 0.014749
vn -0.704383 0.694286 -0.147684
vn -0.695026 0.655059 -0.296371
vn -0.695026 0.655059 -0.296371
vn -0.704383 0.694286 -0.147684
vn 0.001505 0.974925 -0.222528
vn -0.695026 0.655059 -0.296371
vn 0.001505 0.974925 -0.222528
vn 0.002596 0.905575 -0.424179
vn 0.001505 0.974925 -0.222528
vn 0.000000 1.000000 0.000000
vn 0.707732 0.706394 -0.011074
vn 0.001505 0.974925 -0.222528
vn 0.707732 0.706394 -0.011074
vn 0.704407 0.689479 -0.168611
vn 0.704407 0.689479 -0.168611
vn 0.707732 0.706394 -0.011074
vn 0.999876 0.000000 -0.015747
vn 0.704407 0.689479 -0.168611
vn 0.999876 0.000000 -0.015747
vn 0.999878 -0.001965 -0.015492
vn 0.999878 -0.001965 -0.015492
vn 0.999876 0.000000 -0.015747
vn 0.707732 -0.706394 -0.011074
vn 0.999878 -0.001965 -0.015492
vn 0.707732 -0.706394 -0.011074
vn 0.704383 -0.694286 0.147684
vn 0.704383 -0.694286 0.147684
vn 0.707732 -0.706394 -0.011074
vn 0.000000 -1.000000 0.000000
vn 0.704383 -0.694286 0.147684
vn 0.000000 -1.000000 0.000000
vn -0.001505 -0.974925 0.222528
vn -0.001505 -0.974925 0.222528
vn 0.000000 -1.000000 0.000000
vn -0.707732 -0.706394 0.011074
vn -0.001505 -0.974925 0.222528
vn -0.707732 -0.706394 0.011074
vn -0.704407 -0.689479 0.168611
vn -0.704407 -0.689479 0.168611
vn -0.707732 -0.706394 0.011074
vn -0.999876 0.000000 0.015747
vn -0.704407 -0.689479 0.168611
vn -0.999876 0.000000 0.015747
vn -0.999878 0.001965 0.015492
vn -0.999878 0.001965 0.015492
vn -0.999876 0.000000 0.015747
vn -0.707732 0.706394 0.011074
vn -0.999878 0.001965 0.015492
vn -0.707732 0.706394 0.011074
vn -0.704383 0.694286 -0.147684
vn -0.704383 0.694286 -0.147684
vn -0.707732 0.706394 0.011074
vn 0.000000 1.000000 0.000000
vn -0.704383 0.694286 -0.147684
vn 0.000000 1.000000 0.000000
vn 0.001505 0.974925 -0.222528
vn 0.000000 1.000000 0.000000
vn -0.001505 0.974925 0.222528
vn 0.704383 0.694286 0.147684
vn 0.000000 1.000000 0.000000
vn 0.704383 0.694286 0.147684
vn 0.707732 0.706394 -0.011074
vn 0.707732 0.706394 -0.011074
vn 0.704383 0.694286 0.147684
vn 0.999878 0.001965 -0.015492
vn 0.707732 0.706394 -0.011074
vn 0.999878 0.001965 -0.015492
vn 0.999876 0.000000 -0.015747
vn 0.999876 0.000000 -0.015747
vn 0.999878 0.001965 -0.015492
vn 0.704407 -0.689479 -0.168611
vn 0.999876 0.000000 -0.015747
vn 0.704407 -0.689479 -0.168611
vn 0.707732 -0.706394 -0.011074
vn 0.707732 -0.706394 -0.011074
vn 0.704407 -0.689479 -0.168611
vn 0.001505 -0.974925 -0.222528
vn 0.707732 -0.706394 -0.011074
vn 0.001505 -0.974925 -0.222528
vn 0.000000 -1.000000 0.000000
vn 0.000000 -1.000000 0.000000
vn 0.001505 -0.974925 -0.222528
vn -0.704383 -0.694286 -0.147684
vn 0.000000 -1.000000 0.000000
vn -0.704383 -0.694286 -0.147684
vn -0.707732 -0.706394 0.011074
vn -0.707732 -0.706394 0.011074
vn -0.704383 -0.694286 -0.147684
vn -0.999878 -0.001965 0.015492
vn -0.707732 -0.706394 0.011074
vn -0.999878 -0.001965 0.015492
vn -0.999876 0.000000 0.015747
vn -0.999876 0.000000 0.015747
vn -0.999878 -0.001965 0.015492
vn -0.704407 0.689479 0.168611
vn -0.999876 0.000000 0.015747
vn -0.704407 0.689479 0.168611
vn -0.707732 0.706394 0.011074
vn -0.707732 0.706394 0.011074
vn -0.704407 0.689479 0.168611
vn -0.001505 0.974925 0.222528
vn -0.707732 0.706394 0.011074
vn -0.001505 0.974925 0.222528
vn 0.000000 1.000000 0.000000
vn -0.001505 0.974925 0.222528
vn -0.002596 0.905575 0.424179
vn 0.695026 0.655059 0.296371
vn -0.001505 0.974925 0.222528
vn 0.695026 0.655059 0.296371
vn 0.704383 0.694286 0.147684
vn 0.704383 0.694286 0.147684
vn 0.695026 0.655059 0.296371
vn 0.999884 0.003839 -0.014749
vn 0.704383 0.694286 0.147684
vn 0.999884 0.003839 -0.014749
vn 0.999878 0.001965 -0.015492
vn 0.999878 0.001965 -0.015492
vn 0.999884 0.003839 -0.014749
vn 0.695168 -0.646572 -0.314143
vn 0.999878 0.001965 -0.015492
vn 0.695168 -0.646572 -0.314143
vn 0.704407 -0.689479 -0.168611
vn 0.704407 -0.689479 -0.168611
vn 0.695168 -0.646572 -0.314143
vn 0.002596 -0.905575 -0.424179
vn 0.704407 -0.689479 -0.168611
vn 0.002596 -0.905575 -0.424179
vn 0.001505 -0.974925 -0.222528
vn 0.001505 -0.974925 -0.222528
vn 0.002596 -0.905575 -0.424179
vn -0.695026 -0.655059 -0.296371
vn 0.001505 -0.974925 -0.222528
vn -0.695026 -0.655059 -0.296371
vn -0.704383 -0.694286 -0.147684
vn -0.704383 -0.694286 -0.147684
vn -0.695026 -0.655059 -0.296371
vn -0.999884 -0.003839 0.014749
vn -0.704383 -0.694286 -0.147684
vn -0.999884 -0.003839 0.014749
vn -0.999878 -0.001965 0.015492
vn -0.999878 -0.001965 0.015492
vn -0.999884 -0.003839 0.014749
vn -0.695168 0.646572 0.314143
vn -0.999878 -0.001965 0.015492
vn -0.695168 0.646572 0.314143
vn -0.704407 0.689479 0.168611
vn -0.704407 0.689479 0.168611
vn -0.695168 0.646572 0.314143
vn -0.002596 0.905575 0.424179
vn -0.704407 0.689479 0.168611
vn -0.002596 0.905575 0.424179
vn -0.001505 0.974925 0.222528
vn -0.002596 0.905575 0.424179
vn -0.003101 0.805809 0.592168
vn 0.681456 0.594591 0.426707
vn -0.002596 0.905575 0.424179
vn 0.681456 0.594591 0.426707
vn 0.695026 0.655059 0.296371
vn 0.695026 0.655059 0.296371
vn 0.681456 0.594591 0.426707
vn 0.999892 0.005543 -0.013580
vn 0.695026 0.655059 0.296371
vn 0.999892 0.005543 -0.013580
vn 0.999884 0.003839 -0.014749
vn 0.999884 0.003839 -0.014749
vn 0.999892 0.005543 -0.013580
vn 0.681813 -0.584030 -0.440499
vn 0.999884 0.003839 -0.014749
vn 0.681813 -0.584030 -0.440499
vn 0.695168 -0.646572 -0.314143
vn 0.695168 -0.646572 -0.314143
vn 0.681813 -0.584030 -0.440499
vn 0.003101 -0.805809 -0.592168
vn 0.695168 -0.646572 -0.314143
vn 0.003101 -0.805809 -0.592168
vn 0.002596 -0.905575 -0.424179
vn 0.002596 -0.905575 -0.424179
vn 0.003101 -0.805809 -0.592168
vn -0.681456 -0.594591 -0.426707
vn 0.002596 -0.905575 -0.424179
vn -0.681456 -0.594591 -0.426707
vn -0.695026 -0.655059 -0.296371
vn -0.695026 -0.655059 -0.296371
vn -0.681456 -0.594591 -0.426707
vn -0.999892 -0.005543 0.013580
vn -0.695026 -0.655059 -0.296371
vn -0.999892 -0.005543 0.013580
vn -0.999884 -0.003839 0.014749
vn -0.999884 -0.003839 0.014749
vn -0.999892 -0.005543 0.013580
vn -0.681813 0.584030 0.440499
vn -0.999884 -0.003839 0.014749
vn -0.681813 0.584030 0.440499
vn -0.695168 0.646572 0.314143
vn -0.695168 0.646572 0.314143
vn -0.681813 0.584030 0.440499
vn -0.003101 0.805809 0.592168
vn -0.695168 0.646572 0.314143
vn -0.003101 0.805809 0.592168
vn -0.002596 0.905575 0.424179
vn -0.003101 0.805809 0.592168
vn -0.003102 0.690213 0.723599
vn 0.665868 0.520059 0.534937
vn -0.003101 0.805809 0.592168
vn 0.665868 0.520059 0.534937
vn 0.681456 0.594591 0.426707
vn 0.681456 0.594591 0.426707
vn 0.665868 0.520059 0.534937
vn 0.999903 0.007024 -0.012069
vn 0.681456 0.594591 0.426707
vn 0.999903 0.007024 -0.012069
vn 0.999892 0.005543 -0.013580
vn 0.999892 0.005543 -0.013580
vn 0.999903 0.007024 -0.012069
vn 0.666461 -0.508820 -0.544914
vn 0.999892 0.005543 -0.013580
vn 0.666461 -0.508820 -0.544914
vn 0.681813 -0.584030 -0.440499
vn 0.681813 -0.584030 -0.440499
vn 0.666461 -0.508820 -0.544914
vn 0.003102 -0.690213 -0.723599
vn 0.681813 -0.584030 -0.440499
vn 0.003102 -0.690213 -0.723599
vn 0.003101 -0.805809 -0.592168
vn 0.003101 -0.805809 -0.592168
vn 0.003102 -0.690213 -0.723599
vn -0.665868 -0.520059 -0.534937
vn 0.003101 -0.805809 -0.592168
vn -0.665868 -0.520059 -0.534937
vn -0.681456 -0.594591 -0.426707
vn -0.681456 -0.594591 -0.426707
vn -0.665868 -0.520059 -0.534937
vn -0.999903 -0.007024 0.012069
vn -0.681456 -0.594591 -0.426707
vn -0.999903 -0.007024 0.012069
vn -0.999892 -0.005543 0.013580
vn -0.999892 -0.005543 0.013580
vn -0.999903 -0.007024 0.012069
vn -0.666461 0.508820 0.544914
vn -0.999892 -0.005543 0.013580
vn -0.666461 0.508820 0.544914
vn -0.681813 0.584030 0.440499
vn -0.681813 0.584030 0.440499
vn -0.666461 0.508820 0.544914
vn -0.003102 0.690213 0.723599
vn -0.681813 0.584030 0.440499
vn -0.003102 0.690213 0.723599
vn -0.003101 0.805809 0.592168
vn -0.003102 0.690213 0.723599
vn -0.002777 0.569439 0.822029
vn 0.650239 0.437642 0.621014
vn -0.003102 0.690213 0.723599
vn 0.650239 0.437642 0.621014
vn 0.665868 0.520059 0.534937
vn 0.665868 0.520059 0.534937
vn 0.650239 0.437642 0.621014
vn 0.999913 0.008255 -0.010306
vn 0.665868 0.520059 0.534937
vn 0.999913 0.008255 -0.010306
vn 0.999903 0.007024 -0.012069
vn 0.999903 0.007024 -0.012069
vn 0.999913 0.008255 -0.010306
vn 0.651001 -0.426608 -0.627856
vn 0.999903 0.007024 -0.012069
vn 0.651001 -0.426608 -0.627856
vn 0.666461 -0.508820 -0.544914
vn 0.666461 -0.508820 -0.544914
vn 0.651001 -0.426608 -0.627856
vn 0.002777 -0.569439 -0.822029
vn 0.666461 -0.508820 -0.544914
vn 0.002777 -0.569439 -0.822029
vn 0.003102 -0.690213 -0.723599
vn 0.003102 -0.690213 -0.723599
vn 0.002777 -0.569439 -0.822029
vn -0.650239 -0.437642 -0.621014
vn 0.003102 -0.690213 -0.723599
vn -0.650239 -0.437642 -0.621014
vn -0.665868 -0.520059 -0.534937
vn -0.665868 -0.520059 -0.534937
vn -0.650239 -0.437642 -0.621014
vn -0.999913 -0.008255 0.010306
vn -0.665868 -0.520059 -0.534937
vn -0.999913 -0.008255 0.010306
vn -0.999903 -0.007024 0.012069
vn -0.999903 -0.007024 0.012069
vn -0.999913 -0.008255 0.010306
vn -0.651001 0.426608 0.627856
vn -0.999903 -0.007024 0.012069
vn -0.651001 0.426608 0.627856
vn -0.666461 0.508820 0.544914
vn -0.666461 0.508820 0.544914
vn -0.651001 0.426608 0.627856
vn -0.002777 0.569439 0.822029
vn -0.666461 0.508820 0.544914
vn -0.002777 0.569439 0.822029
vn -0.003102 0.690213 0.723599
vn -0.002777 0.569439 0.822029
vn -0.002284 0.449437 0.893309
vn 0.636056 0.351606 0.686882
vn -0.002777 0.569439 0.822029
vn 0.636056 0.351606 0.686882
vn 0.650239 0.437642 0.621014
vn 0.650239 0.437642 0.621014
vn 0.636056 0.351606 0.686882
vn 0.999922 0.009233 -0.008374
vn 0.650239 0.437642 0.621014
vn 0.999922 0.009233 -0.008374
vn 0.999913 0.008255 -0.010306
vn 0.999913 0.008255 -0.010306
vn 0.999922 0.009233 -0.008374
vn 0.636870 -0.341179 -0.691371
vn 0.999913 0.008255 -0.010306
vn 0.636870 -0.341179 -0.691371
vn 0.651001 -0.426608 -0.627856
vn 0.651001 -0.426608 -0.627856
vn 0.636870 -0.341179 -0.691371
vn 0.002284 -0.449437 -0.893309
vn 0.651001 -0.426608 -0.627856
vn 0.002284 -0.449437 -0.893309
vn 0.002777 -0.569439 -0.822029
vn 0.002777 -0.569439 -0.822029
vn 0.002284 -0.449437 -0.893309
vn -0.636056 -0.351606 -0.686882
vn 0.002777 -0.569439 -0.822029
vn -0.636056 -0.351606 -0.686882
vn -0.650239 -0.437642 -0.621014
vn -0.650239 -0.437642 -0.621014
vn -0.636056 -0.351606 -0.686882
vn -0.999922 -0.009233 0.008374
vn -0.650239 -0.437642 -0.621014
vn -0.999922 -0.009233 0.008374
vn -0.999913 -0.008255 0.010306
vn -0.999913 -0.008255 0.010306
vn -0.999922 -0.009233 0.008374
vn -0.636870 0.341179 0.691371
vn -0.999913 -0.008255 0.010306
vn -0.636870 0.341179 0.691371
vn -0.651001 0.426608 0.627856
vn -0.651001 0.426608 0.627856
vn -0.636870 0.341179 0.691371
vn -0.002284 0.449437 0.893309
vn -0.651001 0.426608 0.627856
vn -0.002284 0.449437 0.893309
vn -0.002777 0.569439 0.822029
vn -0.002284 0.449437 0.893309
vn -0.001722 0.332652 0.943048
vn 0.624318 0.264431 0.735053
vn -0.002284 0.449437 0.893309
vn 0.624318 0.264431 0.735053
vn 0.636056 0.351606 0.686882
vn 0.636056 0.351606 0.686882
vn 0.624318 0.264431 0.735053
vn 0.999930 0.009966 -0.006339
vn 0.636056 0.351606 0.686882
vn 0.999930 0.009966 -0.006339
vn 0.999922 0.009233 -0.008374
vn 0.999922 0.009233 -0.008374
vn 0.999930 0.009966 -0.006339
vn 0.625057 -0.254686 -0.737861
vn 0.999922 0.009233 -0.008374
vn 0.625057 -0.254686 -0.737861
vn 0.636870 -0.341179 -0.691371
vn 0.636870 -0.341179 -0.691371
vn 0.625057 -0.254686 -0.737861
vn 0.001722 -0.332652 -0.943048
vn 0.636870 -0.341179 -0.691371
vn 0.001722 -0.332652 -0.943048
vn 0.002284 -0.449437 -0.893309
vn 0.002284 -0.449437 -0.893309
vn 0.001722 -0.332652 -0.943048
vn -0.624318 -0.264431 -0.735053
vn 0.002284 -0.449437 -0.893309
vn -0.624318 -0.264431 -0.735053
vn -0.636056 -0.351606 -0.686882
vn -0.636056 -0.351606 -0.686882
vn -0.624318 -0.264431 -0.735053
vn -0.999930 -0.009966 0.006339
vn -0.636056 -0.351606 -0.686882
vn -0.999930 -0.009966 0.006339
vn -0.999922 -0.009233 0.008374
vn -0.999922 -0.009233 0.008374
vn -0.999930 -0.009966 0.006339
vn -0.625057 0.254686 0.737861
vn -0.999922 -0.009233 0.008374
vn -0.625057 0.254686 0.737861
vn -0.636870 0.341179 0.691371
vn -0.636870 0.341179 0.691371
vn -0.625057 0.254686 0.737861
vn -0.001722 0.332652 0.943048
vn -0.636870 0.341179 0.691371
vn -0.001722 0.332652 0.943048
vn -0.002284 0.449437 0.893309
vn -0.001722 0.332652 0.943048
vn -0.001145 0.219417 0.975630
vn 0.615645 0.177312 0.767816
vn -0.001722 0.332652 0.943048
vn 0.615645 0.177312 0.767816
vn 0.624318 0.264431 0.735053
vn 0.624318 0.264431 0.735053
vn 0.615645 0.177312 0.767816
vn 0.999936 0.010473 -0.004248
vn 0.624318 0.264431 0.735053
vn 0.999936 0.010473 -0.004248
vn 0.999930 0.009966 -0.006339
vn 0.999930 0.009966 -0.006339
vn 0.999936 0.010473 -0.004248
vn 0.616201 -0.168137 -0.769433
vn 0.999930 0.009966 -0.006339
vn 0.616201 -0.168137 -0.769433
vn 0.625057 -0.254686 -0.737861
vn 0.625057 -0.254686 -0.737861
vn 0.616201 -0.168137 -0.769433
vn 0.001145 -0.219417 -0.975630
vn 0.625057 -0.254686 -0.737861
vn 0.001145 -0.219417 -0.975630
vn 0.001722 -0.332652 -0.943048
vn 0.001722 -0.332652 -0.943048
vn 0.001145 -0.219417 -0.975630
vn -0.615645 -0.177312 -0.767816
vn 0.001722 -0.332652 -0.943048
vn -0.615645 -0.177312 -0.767816
vn -0.624318 -0.264431 -0.735053
vn -0.624318 -0.264431 -0.735053
vn -0.615645 -0.177312 -0.767816
vn -0.999936 -0.010473 0.004248
vn -0.624318 -0.264431 -0.735053
vn -0.999936 -0.010473 0.004248
vn -0.999930 -0.009966 0.006339
vn -0.999930 -0.009966 0.006339
vn -0.999936 -0.010473 0.004248
vn -0.616201 0.168137 0.769433
vn -0.999930 -0.009966 0.006339
vn -0.616201 0.168137 0.769433
vn -0.625057 0.254686 0.737861
vn -0.625057 0.254686 0.737861
vn -0.616201 0.168137 0.769433
vn -0.001145 0.219417 0.975630
vn -0.625057 0.254686 0.737861
vn -0.001145 0.219417 0.975630
vn -0.001722 0.332652 0.943048
vn -0.001145 0.219417 0.975630
vn -0.000570 0.108963 0.994046
vn 0.610390 0.090634 0.786898
vn -0.001145 0.219417 0.975630
vn 0.610390 0.090634 0.786898
vn 0.615645 0.177312 0.767816
vn 0.615645 0.177312 0.767816
vn 0.610390 0.090634 0.786898
vn 0.999940 0.010769 -0.002129
vn 0.615645 0.177312 0.767816
vn 0.999940 0.010769 -0.002129
vn 0.999936 0.010473 -0.004248
vn 0.999936 0.010473 -0.004248
vn 0.999940 0.010769 -0.002129
vn 0.610687 -0.081827 -0.787633
vn 0.999936 0.010473 -0.004248
vn 0.610687 -0.081827 -0.787633
vn 0.616201 -0.168137 -0.769433
vn 0.616201 -0.168137 -0.769433
vn 0.610687 -0.081827 -0.787633
vn 0.000570 -0.108963 -0.994046
vn 0.616201 -0.168137 -0.769433
vn 0.000570 -0.108963 -0.994046
vn 0.001145 -0.219417 -0.975630
vn 0.001145 -0.219417 -0.975630
vn 0.000570 -0.108963 -0.994046
vn -0.610390 -0.090634 -0.786898
vn 0.001145 -0.219417 -0.975630
vn -0.610390 -0.090634 -0.786898
vn -0.615645 -0.177312 -0.767816
vn -0.615645 -0.177312 -0.767816
vn -0.610390 -0.090634 -0.786898
vn -0.999940 -0.010769 0.002129
vn -0.615645 -0.177312 -0.767816
vn -0.999940 -0.010769 0.002129
vn -0.999936 -0.010473 0.004248
vn -0.999936 -0.010473 0.004248
vn -0.999940 -0.010769 0.002129
vn -0.610687 0.081827 0.787633
vn -0.999936 -0.010473 0.004248
vn -0.610687 0.081827 0.787633
vn -0.616201 0.168137 0.769433
vn -0.616201 0.168137 0.769433
vn -0.610687 0.081827 0.787633
vn -0.000570 0.108963 0.994046
vn -0.616201 0.168137 0.769433
vn -0.000570 0.108963 0.994046
vn -0.001145 0.219417 0.975630
vn -0.000570 0.108963 0.994046
vn 0.000000 0.000000 1.000000
vn 0.608724 0.004340 0.793370
vn -0.000570 0.108963 0.994046
vn 0.608724 0.004340 0.793370
vn 0.610390 0.090634 0.786898
vn 0.610390 0.090634 0.786898
vn 0.608724 0.004340 0.793370
vn 0.999941 0.010866 0.000000
vn 0.610390 0.090634 0.786898
vn 0.999941 0.010866 0.000000
vn 0.999940 0.010769 -0.002129
vn 0.999940 0.010769 -0.002129
vn 0.999941 0.010866 0.000000
vn 0.608724 0.004340 -0.793370
vn 0.999940 0.010769 -0.002129
vn 0.608724 0.004340 -0.793370
vn 0.610687 -0.081827 -0.787633
vn 0.610687 -0.081827 -0.787633
vn 0.608724 0.004340 -0.793370
vn 0.000000 0.000000 -1.000000
vn 0.610687 -0.081827 -0.787633
vn 0.000000 0.000000 -1.000000
vn 0.000570 -0.108963 -0.994046
vn 0.000570 -0.108963 -0.994046
vn 0.000000 0.000000 -1.000000
vn -0.608724 -0.004340 -0.793370
vn 0.000570 -0.108963 -0.994046
vn -0.608724 -0.004340 -0.793370
vn -0.610390 -0.090634 -0.786898
vn -0.610390 -0.090634 -0.786898
vn -0.608724 -0.004340 -0.793370
vn -0.999941 -0.010866 0.000000
vn -0.610390 -0.090634 -0.786898
vn -0.999941 -0.010866 0.000000
vn -0.999940 -0.010769 0.002129
vn -0.999940 -0.010769 0.002129
vn -0.999941 -0.010866 0.000000
vn -0.608724 -0.004340 0.793370
vn -0.999940 -0.010769 0.002129
vn -0.608724 -0.004340 0.793370
vn -0.610687 0.081827 0.787633
vn -0.610687 0.081827 0.787633
vn -0.608724 -0.004340 0.793370
vn 0.000000 0.000000 1.000000
vn -0.610687 0.081827 0.787633
vn 0.000000 0.000000 1.000000
vn -0.000570 0.108963 0.994046
vn 0.000000 0.000000 1.000000
vn 0.000570 -0.108963 0.994046
vn 0.610687 -0.081827 0.787633
vn 0.000000 0.000000 1.000000
vn 0.610687 -0.081827 0.787633
vn 0.608724 0.004340 0.793370
vn 0.608724 0.004340 0.793370
vn 0.610687 -0.081827 0.787633
vn 0.999940 0.010769 0.002129
vn 0.608724 0.004340 0.793370
vn 0.999940 0.010769 0.002129
vn 0.999941 0.010866 0.000000
vn 0.999941 0.010866 0.000000
vn 0.999940 0.010769 0.002129
vn 0.610390 0.090634 -0.786898
vn 0.999941 0.010866 0.000000
vn 0.610390 0.090634 -0.786898
vn 0.608724 0.004340 -0.793370
vn 0.608724 0.004340 -0.793370
vn 0.610390 0.090634 -0.786898
vn -0.000570 0.108963 -0.994046
vn 0.608724 0.004340 -0.793370
vn -0.000570 0.108963 -0.994046
vn 0.000000 0.000000 -1.000000
vn 0.000000 0.000000 -1.000000
vn -0.000570 0.108963 -0.994046
vn -0.610687 0.081827 -0.787633
vn 0.000000 0.000000 -1.000000
vn -0.610687 0.081827 -0.787633
vn -0.608724 -0.004340 -0.793370
vn -0.608724 -0.004340 -0.793370
vn -0.610687 0.081827 -0.787633
vn -0.999940 -0.010769 -0.002129
vn -0.608724 -0.004340 -0.793370
vn -0.999940 -0.010769 -0.002129
vn -0.999941 -0.010866 0.000000
vn -0.999941 -0.010866 0.000000
vn -0.999940 -0.010769 -0.002129
vn -0.610390 -0.090634 0.786898
vn -0.999941 -0.010866 0.000000
vn -0.610390 -0.090634 0.786898
vn -0.608724 -0.004340 0.793370
vn -0.608724 -0.004340 0.793370
vn -0.610390 -0.090634 0.786898
vn 0.000570 -0.108963 0.994046
vn -0.608724 -0.004340 0.793370
vn 0.000570 -0.108963 0.994046
vn 0.000000 0.000000 1.000000
vn 0.000570 -0.108963 0.994046
vn 0.001145 -0.219417 0.975630
vn 0.616201 -0.168137 0.769433
vn 0.000570 -0.108963 0.994046
vn 0.616201 -0.168137 0.769433
vn 0.610687 -0.081827 0.787633
vn 0.610687 -0.081827 0.787633
vn 0.616201 -0.168137 0.769433
vn 0.999936 0.010473 0.004248
vn 0.610687 -0.081827 0.787633
vn 0.999936 0.010473 0.004248
vn 0.999940 0.010769 0.002129
vn 0.999940 0.010769 0.002129
vn 0.999936 0.010473 0.004248
vn 0.615645 0.177312 -0.767816
vn 0.999940 0.010769 0.002129
vn 0.615645 0.177312 -0.767816
vn 0.610390 0.090634 -0.786898
vn 0.610390 0.090634 -0.786898
vn 0.615645 0.177312 -0.767816
vn -0.001145 0.219417 -0.975630
vn 0.610390 0.090634 -0.786898
vn -0.001145 0.219417 -0.975630
vn -0.000570 0.108963 -0.994046
vn -0.000570 0.108963 -0.994046
vn -0.001145 0.219417 -0.975630
vn -0.616201 0.168137 -0.769433
vn -0.000570 0.108963 -0.994046
vn -0.616201 0.168137 -0.769433
vn -0.610687 0.081827 -0.787633
vn -0.610687 0.081827 -0.787633
vn -0.616201 0.168137 -0.769433
vn -0.999936 -0.010473 -0.004248
vn -0.610687 0.081827 -0.787633
vn -0.999936 -0.010473 -0.004248
vn -0.999940 -0.010769 -0.002129
vn -0.999940 -0.010769 -0.002129
vn -0.999936 -0.010473 -0.004248
vn -0.615645 -0.177312 0.767816
vn -0.999940 -0.010769 -0.002129
vn -0.615645 -0.177312 0.767816
vn -0.610390 -0.090634 0.786898
vn -0.610390 -0.090634 0.786898
vn -0.615645 -0.177312 0.767816
vn 0.001145 -0.219417 0.975630
vn -0.610390 -0.090634 0.786898
vn 0.001145 -0.219417 0.975630
vn 0.000570 -0.108963 0.994046
vn 0.001145 -0.219417 0.975630
vn 0.001722 -0.332652 0.943048
vn 0.625057 -0.254686 0.737861
vn 0.001145 -0.219417 0.975630
vn 0.625057 -0.254686 0.737861
vn 0.616201 -0.168137 0.769433
vn 0.616201 -0.168137 0.769433
vn 0.625057 -0.254686 0.737861
vn 0.999930 0.009966 0.006339
vn 0.616201 -0.168137 0.769433
vn 0.999930 0.009966 0.006339
vn 0.999936 0.010473 0.004248
vn 0.999936 0.010473 0.004248
vn 0.999930 0.009966 0.006339
vn 0.624318 0.264431 -0.735053
vn 0.999936 0.010473 0.004248
vn 0.624318 0.264431 -0.735053
vn 0.615645 0.177312 -0.767816
vn 0.615645 0.177312 -0.767816
vn 0.624318 0.264431 -0.735053
vn -0.001722 0.332652 -0.943048
vn 0.615645 0.177312 -0.767816
vn -0.001722 0.332652 -0.943048
vn -0.001145 0.219417 -0.975630
vn -0.001145 0.219417 -0.975630
vn -0.001722 0.332652 -0.943048
vn -0.625057 0.254686 -0.737861
vn -0.001145 0.219417 -0.975630
vn -0.625057 0.254686 -0.737861
vn -0.616201 0.168137 -0.769433
vn -0.616201 0.168137 -0.769433
vn -0.625057 0.254686 -0.737861
vn -0.999930 -0.009966 -0.006339
vn -0.616201 0.168137 -0.769433
vn -0.999930 -0.009966 -0.006339
vn -0.999936 -0.010473 -0.004248
vn -0.999936 -0.010473 -0.004248
vn -0.999930 -0.009966 -0.006339
vn -0.624318 -0.264431 0.735053
vn -0.999936 -0.010473 -0.004248
vn -0.624318 -0.264431 0.735053
vn -0.615645 -0.177312 0.767816
vn -0.615645 -0.177312 0.767816
vn -0.624318 -0.264431 0.735053
vn 0.001722 -0.332652 0.943048
vn -0.615645 -0.177312 0.767816
vn 0.001722 -0.332652 0.943048
vn 0.001145 -0.219417 0.975630
vn 0.001722 -0.332652 0.943048
vn 0.002284 -0.449437 0.893309
vn 0.636870 -0.341179 0.691371
vn 0.001722 -0.332652 0.943048
vn 0.636870 -0.341179 0.691371
vn 0.625057 -0.254686 0.737861
vn 0.625057 -0.254686 0.737861
vn 0.636870 -0.341179 0.691371
vn 0.999922 0.009233 0.008374
vn 0.625057 -0.254686 0.737861
vn 0.999922 0.009233 0.008374
vn 0.999930 0.009966 0.006339
vn 0.999930 0.009966 0.006339
vn 0.999922 0.009233 0.008374
vn 0.636056 0.351606 -0.686882
vn 0.999930 0.009966 0.006339
vn 0.636056 0.351606 -0.686882
vn 0.624318 0.264431 -0.735053
vn 0.624318 0.264431 -0.735053
vn 0.636056 0.351606 -0.686882
vn -0.002284 0.449437 -0.893309
vn 0.624318 0.264431 -0.735053
vn -0.002284 0.449437 -0.893309
vn -0.001722 0.332652 -0.943048
vn -0.001722 0.332652 -0.943048
vn -0.002284 0.449437 -0.893309
vn -0.636870 0.341179 -0.691371
vn -0.001722 0.332652 -0.943048
vn -0.636870 0.341179 -0.691371
vn -0.625057 0.254686 -0.737861
vn -0.625057 0.254686 -0.737861
vn -0.636870 0.341179 -0.691371
vn -0.999922 -0.009233 -0.008374
vn -0.625057 0.254686 -0.737861
vn -0.999922 -0.009233 -0.008374
vn -0.999930 -0.009966 -0.006339
vn -0.999930 -0.009966 -0.006339
vn -0.999922 -0.009233 -0.008374
vn -0.636056 -0.351606 0.686882
vn -0.999930 -0.009966 -0.006339
vn -0.636056 -0.351606 0.686882
vn -0.624318 -0.264431 0.735053
vn -0.624318 -0.264431 0.735053
vn -0.636056 -0.351606 0.686882
vn 0.002284 -0.449437 0.893309
vn -0.624318 -0.264431 0.735053
vn 0.002284 -0.449437 0.893309
vn 0.001722 -0.332652 0.943048
vn 0.002284 -0.449437 0.893309
vn 0.002777 -0.569439 0.822029
vn 0.651001 -0.426608 0.627856
vn 0.002284 -0.449437 0.893309
vn 0.651001 -0.426608 0.627856
vn 0.636870 -0.341179 0.691371
vn 0.636870 -0.341179 0.691371
vn 0.651001 -0.426608 0.627856
vn 0.999913 0.008255 0.010306
vn 0.636870 -0.341179 0.691371
vn 0.999913 0.008255 0.010306
vn 0.999922 0.009233 0.008374
vn 0.999922 0.009233 0.008374
vn 0.999913 0.008255 0.010306
vn 0.650239 0.437642 -0.621014
vn 0.999922 0.009233 0.008374
vn 0.650239 0.437642 -0.621014
vn 0.636056 0.351606 -0.686882
vn 0.636056 0.351606 -0.686882
vn 0.650239 0.437642 -0.621014
vn -0.002777 0.569439 -0.822029
vn 0.636056 0.351606 -0.686882
vn -0.002777 0.569439 -0.822029
vn -0.002284 0.449437 -0.893309
vn -0.002284 0.449437 -0.893309
vn -0.002777 0.569439 -0.822029
vn -0.651001 0.426608 -0.627856
vn -0.002284 0.449437 -0.893309
vn -0.651001 0.426608 -0.627856
vn -0.636870 0.341179 -0.691371
vn -0.636870 0.341179 -0.691371
vn -0.651001 0.426608 -0.627856
vn -0.999913 -0.008255 -0.010306
vn -0.636870 0.341179 -0.691371
vn -0.999913 -0.008255 -0.010306
vn -0.999922 -0.009233 -0.008374
vn -0.999922 -0.009233 -0.008374
vn -0.999913 -0.008255 -0.010306
vn -0.650239 -0.437642 0.621014
vn -0.999922 -0.009233 -0.008374
vn -0.650239 -0.437642 0.621014
vn -0.636056 -0.351606 0.686882
vn -0.636056 -0.351606 0.686882
vn -0.650239 -0.437642 0.621014
vn 0.002777 -0.569439 0.822029
vn -0.636056 -0.351606 0.686882
vn 0.002777 -0.569439 0.822029
vn 0.002284 -0.449437 0.893309
vn 0.002777 -0.569439 0.822029
vn 0.003102 -0.690213 0.723599
vn 0.666461 -0.508820 0.544914
vn 0.002777 -0.569439 0.822029
vn 0.666461 -0.508820 0.544914
vn 0.651001 -0.426608 0.627856
vn 0.651001 -0.426608 0.627856
vn 0.666461 -0.508820 0.544914
vn 0.999903 0.007024 0.012069
vn 0.651001 -0.426608 0.627856
vn 0.999903 0.007024 0.012069
vn 0.999913 0.008255 0.010306
vn 0.999913 0.008255 0.010306
vn 0.999903 0.007024 0.012069
vn 0.665868 0.520059 -0.534937
vn 0.999913 0.008255 0.010306
vn 0.665868 0.520059 -0.534937
vn 0.650239 0.437642 -0.621014
vn 0.650239 0.437642 -0.621014
vn 0.665868 0.520059 -0.534937
vn -0.003102 0.690213 -0.723599
vn 0.650239 0.437642 -0.621014
vn -0.003102 0.690213 -0.723599
vn -0.002777 0.569439 -0.822029
vn -0.002777 0.569439 -0.822029
vn -0.003102 0.690213 -0.723599
vn -0.666461 0.508820 -0.544914
vn -0.002777 0.569439 -0.822029
vn -0.666461 0.508820 -0.544914
vn -0.651001 0.426608 -0.627856
vn -0.651001 0.426608 -0.627856
vn -0.666461 0.508820 -0.544914
vn -0.999903 -0.007024 -0.012069
vn -0.651001 0.426608 -0.627856
vn -0.999903 -0.007024 -0.012069
vn -0.999913 -0.008255 -0.010306
vn -0.999913 -0.008255 -0.010306
vn -0.999903 -0.007024 -0.012069
vn -0.665868 -0.520059 0.534937
vn -0.999913 -0.008255 -0.010306
vn -0.665868 -0.520059 0.534937
vn -0.650239 -0.437642 0.621014
vn -0.650239 -0.437642 0.621014
vn -0.665868 -0.520059 0.534937
vn 0.003102 -0.690213 0.723599
vn -0.650239 -0.437642 0.621014
vn 0.003102 -0.690213 0.723599
vn 0.002777 -0.569439 0.822029
vn 0.003102 -0.690213 0.723599
vn 0.003101 -0.805809 0.592168
vn 0.681813 -0.584030 0.440499
vn 0.003102 -0.690213 0.723599
vn 0.681813 -0.584030 0.440499
vn 0.666461 -0.508820 0.544914
vn 0.666461 -0.508820 0.544914
vn 0.681813 -0.584030 0.440499
vn 0.999892 0.005543 0.013580
vn 0.666461 -0.508820 0.544914
vn 0.999892 0.005543 0.013580
vn 0.999903 0.007024 0.012069
vn 0.999903 0.007024 0.012069
vn 0.999892 0.005543 0.013580
vn 0.681456 0.594591 -0.426707
vn 0.999903 0.007024 0.012069
vn 0.681456 0.594591 -0.426707
vn 0.665868 0.520059 -0.534937
vn 0.665868 0.520059 -0.534937
vn 0.681456 0.594591 -0.426707
vn -0.003101 0.805809 -0.592168
vn 0.665868 0.520059 -0.534937
vn -0.003101 0.805809 -0.592168
vn -0.003102 0.690213 -0.723599
vn -0.003102 0.690213 -0.723599
vn -0.003101 0.805809 -0.592168
vn -0.681813 0.584030 -0.440499
vn -0.003102 0.690213 -0.723599
vn -0.681813 0.584030 -0.440499
vn -0.666461 0.508820 -0.544914
vn -0.666461 0.508820 -0.544914
vn -0.681813 0.584030 -0.440499
vn -0.999892 -0.005543 -0.013580
vn -0.666461 0.508820 -0.544914
vn -0.999892 -0.005543 -0.013580
vn -0.999903 -0.007024 -0.012069
vn -0.999903 -0.007024 -0.012069
vn -0.999892 -0.005543 -0.013580
vn -0.681456 -0.594591 0.426707
vn -0.999903 -0.007024 -0.012069
vn -0.681456 -0.594591 0.426707
vn -0.665868 -0.520059 0.534937
vn -0.665868 -0.520059 0.534937
vn -0.681456 -0.594591 0.426707
vn 0.003101 -0.805809 0.592168
vn -0.665868 -0.520059 0.534937
vn 0.003101 -0.805809 0.592168
vn 0.003102 -0.690213 0.723599
vn 0.003101 -0.805809 0.592168
vn 0.002596 -0.905575 0.424179
vn 0.695168 -0.646572 0.314143
vn 0.003101 -0.805809 0.592168
vn 0.695168 -0.646572 0.314143
vn 0.681813 -0.584030 0.440499
vn 0.681813 -0.584030 0.440499
vn 0.695168 -0.646572 0.314143
vn 0.999884 0.003839 0.014749
vn 0.681813 -0.584030 0.440499
vn 0.999884 0.003839 0.014749
vn 0.999892 0.005543 0.013580
vn 0.999892 0.005543 0.013580
vn 0.999884 0.003839 0.014749
vn 0.695026 0.655059 -0.296371
vn 0.999892 0.005543 0.013580
vn 0.695026 0.655059 -0.296371
vn 0.681456 0.594591 -0.426707
vn 0.681456 0.594591 -0.426707
vn 0.695026 0.655059 -0.296371
vn -0.002596 0.905575 -0.424179
vn 0.681456 0.594591 -0.426707
vn -0.002596 0.905575 -0.424179
vn -0.003101 0.805809 -0.592168
vn -0.003101 0.805809 -0.592168
vn -0.002596 0.905575 -0.424179
vn -0.695168 0.646572 -0.314143
vn -0.003101 0.805809 -0.592168
vn -0.695168 0.646572 -0.314143
vn -0.681813 0.584030 -0.440499
vn -0.681813 0.584030 -0.440499
vn -0.695168 0.646572 -0.314143
vn -0.999884 -0.003839 -0.014749
vn -0.681813 0.584030 -0.440499
vn -0.999884 -0.003839 -0.014749
vn -0.999892 -0.005543 -0.013580
vn -0.999892 -0.005543 -0.013580
vn -0.999884 -0.003839 -0.014749
vn -0.695026 -0.655059 0.296371
vn -0.999892 -0.005543 -0.013580
vn -0.695026 -0.655059 0.296371
vn -0.681456 -0.594591 0.426707
vn -0.681456 -0.594591 0.426707
vn -0.695026 -0.655059 0.296371
vn 0.002596 -0.905575 0.424179
vn -0.681456 -0.594591 0.426707
vn 0.002596 -0.905575 0.424179
vn 0.003101 -0.805809 0.592168
vn 0.002596 -0.905575 0.424179
vn 0.001505 -0.974925 0.222528
vn 0.704407 -0.689479 0.168611
vn 0.002596 -0.905575 0.424179
vn 0.704407 -0.689479 0.168611
vn 0.695168 -0.646572 0.314143
vn 0.695168 -0.646572 0.314143
vn 0.704407 -0.689479 0.168611
vn 0.999878 0.001965 0.015492
vn 0.695168 -0.646572 0.314143
vn 0.999878 0.001965 0.015492
vn 0.999884 0.003839 0.014749
vn 0.999884 0.003839 0.014749
vn 0.999878 0.001965 0.015492
vn 0.704383 0.694286 -0.147684
vn 0.999884 0.003839 0.014749
vn 0.704383 0.694286 -0.147684
vn 0.695026 0.655059 -0.296371
vn 0.695026 0.655059 -0.296371
vn 0.704383 0.694286 -0.147684
vn -0.001505 0.974925 -0.222528
vn 0.695026 0.655059 -0.296371
vn -0.001505 0.974925 -0.222528
vn -0.002596 0.905575 -0.424179
vn -0.002596 0.905575 -0.424179
vn -0.001505 0.974925 -0.222528
vn -0.704407 0.689479 -0.168611
vn -0.002596 0.905575 -0.424179
vn -0.704407 0.689479 -0.168611
vn -0.695168 0.646572 -0.314143
vn -0.695168 0.646572 -0.314143
vn -0.704407 0.689479 -0.168611
vn -0.999878 -0.001965 -0.015492
vn -0.695168 0.646572 -0.314143
vn -0.999878 -0.001965 -0.015492
vn -0.999884 -0.003839 -0.014749
vn -0.999884 -0.003839 -0.014749
vn -0.999878 -0.001965 -0.015492
vn -0.704383 -0.694286 0.147684
vn -0.999884 -0.003839 -0.014749
vn -0.704383 -0.694286 0.147684
vn -0.695026 -0.655059 0.296371
vn -0.695026 -0.655059 0.296371
vn -0.704383 -0.694286 0.147684
vn 0.001505 -0.974925 0.222528
vn -0.695026 -0.655059 0.296371
vn 0.001505 -0.974925 0.222528
vn 0.002596 -0.905575 0.424179
vn 0.001505 -0.974925 0.222528
vn 0.000000 -1.000000 0.000000
vn 0.707732 -0.706394 0.011074
vn 0.001505 -0.974925 0.222528
vn 0.707732 -0.706394 0.011074
vn 0.704407 -0.689479 0.168611
vn 0.704407 -0.689479 0.168611
vn 0.707732 -0.706394 0.011074
vn 0.999876 0.000000 0.015747
vn 0.704407 -0.689479 0.168611
vn 0.999876 0.000000 0.015747
vn 0.999878 0.001965 0.015492
vn 0.999878 0.001965 0.015492
vn 0.999876 0.000000 0.015747
vn 0.707732 0.706394 0.011074
vn 0.999878 0.001965 0.015492
vn 0.707732 0.706394 0.011074
vn 0.704383 0.694286 -0.147684
vn 0.704383 0.694286 -0.147684
vn 0.707732 0.706394 0.011074
vn 0.000000 1.000000 0.000000
vn 0.704383 0.694286 -0.147684
vn 0.000000 1.000000 0.000000
vn -0.001505 0.974925 -0.222528
vn -0.001505 0.974925 -0.222528
vn 0.000000 1.000000 0.000000
vn -0.707732 0.706394 -0.011074
vn -0.001505 0.974925 -0.222528
vn -0.707732 0.706394 -0.011074
vn -0.704407 0.689479 -0.168611
vn -0.704407 0.689479 -0.168611
vn -0.707732 0.706394 -0.011074
vn -0.999876 0.000000 -0.015747
vn -0.704407 0.689479 -0.168611
vn -0.999876 0.000000 -0.015747
vn -0.999878 -0.001965 -0.015492
vn -0.999878 -0.001965 -0.015492
vn -0.999876 0.000000 -0.015747
vn -0.707732 -0.706394 -0.011074
vn -0.999878 -0.001965 -0.015492
vn -0.707732 -0.706394 -0.011074
vn -0.704383 -0.694286 0.147684
vn -0.704383 -0.694286 0.147684
vn -0.707732 -0.706394 -0.011074
vn 0.000000 -1.000000 0.000000
vn -0.704383 -0.694286 0.147684
vn 0.000000 -1.000000 0.000000
vn 0.001505 -0.974925 0.222528
vn 0.000000 -1.000000 0.000000
vn -0.001505 -0.974925 -0.222528
vn 0.704383 -0.694286 -0.147684
vn 0.000000 -1.000000 0.000000
vn 0.704383 -0.694286 -0.147684
vn 0.707732 -0.706394 0.011074
vn 0.707732 -0.706394 0.011074
vn 0.704383 -0.694286 -0.147684
vn 0.999878 -0.001965 0.015492
vn 0.707732 -0.706394 0.011074
vn 0.999878 -0.001965 0.015492
vn 0.999876 0.000000 0.015747
vn 0.999876 0.000000 0.015747
vn 0.999878 -0.001965 0.015492
vn 0.704407 0.689479 0.168611
vn 0.999876 0.000000 0.015747
vn 0.704407 0.689479 0.168611
vn 0.707732 0.706394 0.011074
vn 0.707732 0.706394 0.011074
vn 0.704407 0.689479 0.168611
vn 0.001505 0.974925 0.222528
vn 0.707732 0.706394 0.011074
vn 0.001505 0.974925 0.222528
vn 0.000000 1.000000 0.000000
vn 0.000000 1.000000 0.000000
vn 0.001505 0.974925 0.222528
vn -0.704383 0.694286 0.147684
vn 0.000000 1.000000 0.000000
vn -0.704383 0.694286 0.147684
vn -0.707732 0.706394 -0.011074
vn -0.707732 0.706394 -0.011074
vn -0.704383 0.694286 0.147684
vn -0.999878 0.001965 -0.015492
vn -0.707732 0.706394 -0.011074
vn -0.999878 0.001965 -0.015492
vn -0.999876 0.000000 -0.015747
vn -0.999876 0.000000 -0.015747
vn -0.999878 0.001965 -0.015492
vn -0.704407 -0.689479 -0.168611
vn -0.999876 0.000000 -0.015747
vn -0.704407 -0.689479 -0.168611
vn -0.707732 -0.706394 -0.011074
vn -0.707732 -0.706394 -0.011074
vn -0.704407 -0.689479 -0.168611
vn -0.001505 -0.974925 -0.222528
vn -0.707732 -0.706394 -0.011074
vn -0.001505 -0.974925 -0.222528
vn 0.000000 -1.000000 0.000000
vn -0.001505 -0.974925 -0.222528
vn -0.002596 -0.905575 -0.424179
vn 0.695026 -0.655059 -0.296371
vn -0.001505 -0.974925 -0.222528
vn 0.695026 -0.655059 -0.296371
vn 0.704383 -0.694286 -0.147684
vn 0.704383 -0.694286 -0.147684
vn 0.695026 -0.655059 -0.296371
vn 0.999884 -0.003839 0.014749
vn 0.704383 -0.694286 -0.147684
vn 0.999884 -0.003839 0.014749
vn 0.999878 -0.001965 0.015492
vn 0.999878 -0.001965 0.015492
vn 0.999884 -0.003839 0.014749
vn 0.695168 0.646572 0.314143
vn 0.999878 -0.001965 0.015492
vn 0.695168 0.646572 0.314143
vn 0.704407 0.689479 0.168611
vn 0.704407 0.689479 0.168611
vn 0.695168 0.646572 0.314143
vn 0.002596 0.905575 0.424179
vn 0.704407 0.689479 0.168611
vn 0.002596 0.905575 0.424179
vn 0.001505 0.974925 0.222528
vn 0.001505 0.974925 0.222528
vn 0.002596 0.905575 0.424179
vn -0.695026 0.655059 0.296371
vn 0.001505 0.974925 0.222528
vn -0.695026 0.655059 0.296371
vn -0.704383 0.694286 0.147684
vn -0.704383 0.694286 0.147684
vn -0.695026 0.655059 0.296371
vn -0.999884 0.003839 -0.014749
vn -0.704383 0.694286 0.147684
vn -0.999884 0.003839 -0.014749
vn -0.999878 0.001965 -0.015492
vn -0.999878 0.001965 -0.015492
vn -0.999884 0.003839 -0.014749
vn -0.695168 -0.646572 -0.314143
vn -0.999878 0.001965 -0.015492
vn -0.695168 -0.646572 -0.314143
vn -0.704407 -0.689479 -0.168611
vn -0.704407 -0.689479 -0.168611
vn -0.695168 -0.646572 -0.314143
vn -0.002596 -0.905575 -0.424179
vn -0.704407 -0.689479 -0.168611
vn -0.002596 -0.905575 -0.424179
vn -0.001505 -0.974925 -0.222528
vn -0.002596 -0.905575 -0.424179
vn -0.003101 -0.805809 -0.592168
vn 0.681456 -0.594591 -0.426707
vn -0.002596 -0.905575 -0.424179
vn 0.681456 -0.594591 -0.426707
vn 0.695026 -0.655059 -0.296371
vn 0.695026 -0.655059 -0.296371
vn 0.681456 -0.594591 -0.426707
vn 0.999892 -0.005543 0.013580
vn 0.695026 -0.655059 -0.296371
vn 0.999892 -0.005543 0.013580
vn 0.999884 -0.003839 0.014749
vn 0.999884 -0.003839 0.014749
vn 0.999892 -0.005543 0.013580
vn 0.681813 0.584030 0.440499
vn 0.999884 -0.003839 0.014749
vn 0.681813 0.584030 0.440499
vn 0.695168 0.646572 0.314143
vn 0.695168 0.646572 0.314143
vn 0.681813 0.584030 0.440499
vn 0.003101 0.805809 0.592168
vn 0.695168 0.646572 0.314143
vn 0.003101 0.805809 0.592168
vn 0.002596 0.905575 0.424179
vn 0.002596 0.905575 0.424179
vn 0.003101 0.805809 0.592168
vn -0.681456 0.594591 0.426707
vn 0.002596 0.905575 0.424179
vn -0.681456 0.594591 0.426707
vn -0.695026 0.655059 0.296371
vn -0.695026 0.655059 0.296371
vn -0.681456 0.594591 0.426707
vn -0.999892 0.005543 -0.013580
vn -0.695026 0.655059 0.296371
vn -0.999892 0.005543 -0.013580
vn -0.999884 0.003839 -0.014749
vn -0.999884 0.003839 -0.014749
vn -0.999892 0.005543 -0.013580
vn -0.681813 -0.584030 -0.440499
vn -0.999884 0.003839 -0.014749
vn -0.681813 -0.584030 -0.440499
vn -0.695168 -0.646572 -0.314143
vn -0.695168 -0.646572 -0.314143
vn -0.681813 -0.584030 -0.440499
vn -0.003101 -0.805809 -0.592168
vn -0.695168 -0.646572 -0.314143
vn -0.003101 -0.805809 -0.592168
vn -0.002596 -0.905575 -0.424179
vn -0.003101 -0.805809 -0.592168
vn -0.003102 -0.690213 -0.723599
vn 0.665868 -0.520059 -0.534937
vn -0.003101 -0.805809 -0.592168
vn 0.665868 -0.520059 -0.534937
vn 0.681456 -0.594591 -0.426707
vn 0.681456 -0.594591 -0.426707
vn 0.665868 -0.520059 -0.534937
vn 0.999903 -0.007024 0.012069
vn 0.681456 -0.594591 -0.426707
vn 0.999903 -0.007024 0.012069
vn 0.999892 -0.005543 0.013580
vn 0.999892 -0.005543 0.013580
vn 0.999903 -0.007024 0.012069
vn 0.666461 0.508820 0.544914
vn 0.999892 -0.005543 0.013580
vn 0.666461 0.508820 0.544914
vn 0.681813 0.584030 0.440499
vn 0.681813 0.584030 0.440499
vn 0.666461 0.508820 0.544914
vn 0.003102 0.690213 0.723599
vn 0.681813 0.584030 0.440499
vn 0.003102 0.690213 0.723599
vn 0.003101 0.805809 0.592168
vn 0.003101 0.805809 0.592168
vn 0.003102 0.690213 0.723599
vn -0.665868 0.520059 0.534937
vn 0.003101 0.805809 0.592168
vn -0.665868 0.520059 0.534937
vn -0.681456 0.594591 0.426707
vn -0.681456 0.594591 0.426707
vn -0.665868 0.520059 0.534937
vn -0.999903 0.007024 -0.012069
vn -0.681456 0.594591 0.426707
vn -0.999903 0.007024 -0.012069
vn -0.999892 0.005543 -0.013580
vn -0.999892 0.005543 -0.013580
vn -0.999903 0.007024 -0.012069
vn -0.666461 -0.508820 -0.544914
vn -0.999892 0.005543 -0.013580
vn -0.666461 -0.508820 -0.544914
vn -0.681813 -0.584030 -0.440499
vn -0.681813 -0.584030 -0.440499
vn -0.666461 -0.508820 -0.544914
vn -0.003102 -0.690213 -0.723599
vn -0.681813 -0.584030 -0.440499
vn -0.003102 -0.690213 -0.723599
vn -0.003101 -0.805809 -0.592168
vn -0.003102 -0.690213 -0.723599
vn -0.002777 -0.569439 -0.822029
vn 0.650239 -0.437642 -0.621014
vn -0.003102 -0.690213 -0.723599
vn 0.650239 -0.437642 -0.621014
vn 0.665868 -0.520059 -0.534937
vn 0.665868 -0.520059 -0.534937
vn 0.650239 -0.437642 -0.621014
vn 0.999913 -0.008255 0.010306
vn 0.665868 -0.520059 -0.534937
vn 0.999913 -0.008255 0.010306
vn 0.999903 -0.007024 0.012069
vn 0.999903 -0.007024 0.012069
vn 0.999913 -0.008255 0.010306
vn 0.651001 0.426608 0.627856
vn 0.999903 -0.007024 0.012069
vn 0.651001 0.426608 0.627856
vn 0.666461 0.508820 0.544914
vn 0.666461 0.508820 0.544914
vn 0.651001 0.426608 0.627856
vn 0.002777 0.569439 0.822029
vn 0.666461 0.508820 0.544914
vn 0.002777 0.569439 0.822029
vn 0.003102 0.690213 0.723599
vn 0.003102 0.690213 0.723599
vn 0.002777 0.569439 0.822029
vn -0.650239 0.437642 0.621014
vn 0.003102 0.690213 0.723599
vn -0.650239 0.437642 0.621014
vn -0.665868 0.520059 0.534937
vn -0.665868 0.520059 0.534937
vn -0.650239 0.437642 0.621014
vn -0.999913 0.008255 -0.010306
vn -0.665868 0.520059 0.534937
vn -0.999913 0.008255 -0.010306
vn -0.999903 0.007024 -0.012069
vn -0.999903 0.007024 -0.012069
vn -0.999913 0.008255 -0.010306
vn -0.651001 -0.426608 -0.627856
vn -0.999903 0.007024 -0.012069
vn -0.651001 -0.426608 -0.627856
vn -0.666461 -0.508820 -0.544914
vn -0.666461 -0.508820 -0.544914
vn -0.651001 -0.426608 -0.627856
vn -0.002777 -0.569439 -0.822029
vn -0.666461 -0.508820 -0.544914
vn -0.002777 -0.569439 -0.822029
vn -0.003102 -0.690213 -0.723599
vn -0.002777 -0.569439 -0.822029
vn -0.002284 -0.449437 -0.893309
vn 0.636056 -0.351606 -0.686882
vn -0.002777 -0.569439 -0.822029
vn 0.636056 -0.351606 -0.686882
vn 0.650239 -0.437642 -0.621014
vn 0.650239 -0.437642 -0.621014
vn 0.636056 -0.351606 -0.686882
vn 0.999922 -0.009233 0.008374
vn 0.650239 -0.437642 -0.621014
vn 0.999922 -0.009233 0.008374
vn 0.999913 -0.008255 0.010306
vn 0.999913 -0.008255 0.010306
vn 0.999922 -0.009233 0.008374
vn 0.636870 0.341179 0.691371
vn 0.999913 -0.008255 0.010306
vn 0.636870 0.341179 0.691371
vn 0.651001 0.426608 0.627856
vn 0.651001 0.426608 0.627856
vn 0.636870 0.341179 0.691371
vn 0.002284 0.449437 0.893309
vn 0.651001 0.426608 0.627856
vn 0.002284 0.449437 0.893309
vn 0.002777 0.569439 0.822029
vn 0.002777 0.569439 0.822029
vn 0.002284 0.449437 0.893309
vn -0.636056 0.351606 0.686882
vn 0.002777 0.569439 0.822029
vn -0.636056 0.351606 0.686882
vn -0.650239 0.437642 0.621014
vn -0.650239 0.437642 0.621014
vn -0.636056 0.351606 0.686882
vn -0.999922 0.009233 -0.008374
vn -0.650239 0.437642 0.621014
vn -0.999922 0.009233 -0.008374
vn -0.999913 0.008255 -0.010306
vn -0.999913 0.008255 -0.010306
vn -0.999922 0.009233 -0.008374
vn -0.636870 -0.341179 -0.691371
vn -0.999913 0.008255 -0.010306
vn -0.636870 -0.341179 -0.691371
vn -0.651001 -0.426608 -0.627856
vn -0.651001 -0.426608 -0.627856
vn -0.636870 -0.341179 -0.691371
vn -0.002284 -0.449437 -0.893309
vn -0.651001 -0.426608 -0.627856
vn -0.002284 -0.449437 -0.893309
vn -0.002777 -0.569439 -0.822029
vn -0.002284 -0.449437 -0.893309
vn -0.001722 -0.332652 -0.943048
vn 0.624318 -0.264431 -0.735053
vn -0.002284 -0.449437 -0.893309
vn 0.624318 -0.264431 -0.735053
vn 0.636056 -0.351606 -0.686882
vn 0.636056 -0.351606 -0.686882
vn 0.624318 -0.264431 -0.735053
vn 0.999930 -0.009966 0.006339
vn 0.636056 -0.351606 -0.686882
vn 0.999930 -0.009966 0.006339
vn 0.999922 -0.009233 0.008374
vn 0.999922 -0.009233 0.008374
vn 0.999930 -0.009966 0.006339
vn 0.625057 0.254686 0.737861
vn 0.999922 -0.009233 0.008374
vn 0.625057 0.254686 0.737861
vn 0.636870 0.341179 0.691371
vn 0.636870 0.341179 0.691371
vn 0.625057 0.254686 0.737861
vn 0.001722 0.332652 0.943048
vn 0.636870 0.341179 0.691371
vn 0.001722 0.332652 0.943048
vn 0.002284 0.449437 0.893309
vn 0.002284 0.449437 0.893309
vn 0.001722 0.332652 0.943048
vn -0.624318 0.264431 0.735053
vn 0.002284 0.449437 0.893309
vn -0.624318 0.264431 0.735053
vn -0.636056 0.351606 0.686882
vn -0.636056 0.351606 0.686882
vn -0.624318 0.264431 0.735053
vn -0.999930 0.009966 -0.006339
vn -0.636056 0.351606 0.686882
vn -0.999930 0.009966 -0.006339
vn -0.999922 0.009233 -0.008374
vn -0.999922 0.009233 -0.008374
vn -0.999930 0.009966 -0.006339
vn -0.625057 -0.254686 -0.737861
vn -0.999922 0.009233 -0.008374
vn -0.625057 -0.254686 -0.737861
vn -0.636870 -0.341179 -0.691371
vn -0.636870 -0.341179 -0.691371
vn -0.625057 -0.254686 -0.737861
vn -0.001722 -0.332652 -0.943048
vn -0.636870 -0.341179 -0.691371
vn -0.001722 -0.332652 -0.943048
vn -0.002284 -0.449437 -0.893309
vn -0.001722 -0.332652 -0.943048
vn -0.001145 -0.219417 -0.975630
vn 0.615645 -0.177312 -0.767816
vn -0.001722 -0.332652 -0.943048
vn 0.615645 -0.177312 -0.767816
vn 0.624318 -0.264431 -0.735053
vn 0.624318 -0.264431 -0.735053
vn 0.615645 -0.177312 -0.767816
vn 0.999936 -0.010473 0.004248
vn 0.624318 -0.264431 -0.735053
vn 0.999936 -0.010473 0.004248
vn 0.999930 -0.009966 0.006339
vn 0.999930 -0.009966 0.006339
vn 0.999936 -0.010473 0.004248
vn 0.616201 0.168137 0.769433
vn 0.999930 -0.009966 0.006339
vn 0.616201 0.168137 0.769433
vn 0.625057 0.254686 0.737861
vn 0.625057 0.254686 0.737861
vn 0.616201 0.168137 0.769433
vn 0.001145 0.219417 0.975630
vn 0.625057 0.254686 0.737861
vn 0.001145 0.219417 0.975630
vn 0.001722 0.332652 0.943048
vn 0.001722 0.332652 0.943048
vn 0.001145 0.219417 0.975630
vn -0.615645 0.177312 0.767816
vn 0.001722 0.332652 0.943048
vn -0.615645 0.177312 0.767816
vn -0.624318 0.264431 0.735053
vn -0.624318 0.264431 0.735053
vn -0.615645 0.177312 0.767816
vn -0.999936 0.010473 -0.004248
vn -0.624318 0.264431 0.735053
vn -0.999936 0.010473 -0.004248
vn -0.999930 0.009966 -0.006339
vn -0.999930 0.009966 -0.006339
vn -0.999936 0.010473 -0.004248
vn -0.616201 -0.168137 -0.769433
vn -0.999930 0.009966 -0.006339
vn -0.616201 -0.168137 -0.769433
vn -0.625057 -0.254686 -0.737861
vn -0.625057 -0.254686 -0.737861
vn -0.616201 -0.168137 -0.769433
vn -0.001145 -0.219417 -0.975630
vn -0.625057 -0.254686 -0.737861
vn -0.001145 -0.219417 -0.975630
vn -0.001722 -0.332652 -0.943048
vn -0.001145 -0.219417 -0.975630
vn -0.000570 -0.108963 -0.994046
vn 0.610390 -0.090634 -0.786898
vn -0.001145 -0.219417 -0.975630
vn 0.610390 -0.090634 -0.786898
vn 0.615645 -0.177312 -0.767816
vn 0.615645 -0.177312 -0.767816
vn 0.610390 -0.090634 -0.786898
vn 0.999940 -0.010769 0.002129
vn 0.615645 -0.177312 -0.767816
vn 0.999940 -0.010769 0.002129
vn 0.999936 -0.010473 0.004248
vn 0.999936 -0.010473 0.004248
vn 0.999940 -0.010769 0.002129
vn 0.610687 0.081827 0.787633
vn 0.999936 -0.010473 0.004248
vn 0.610687 0.081827 0.787633
vn 0.616201 0.168137 0.769433
vn 0.616201 0.168137 0.769433
vn 0.610687 0.081827 0.787633
vn 0.000570 0.108963 0.994046
vn 0.616201 0.168137 0.769433
vn 0.000570 0.108963 0.994046
vn 0.001145 0.219417 0.975630
vn 0.001145 0.219417 0.975630
vn 0.000570 0.108963 0.994046
vn -0.610390 0.090634 0.786898
vn 0.001145 0.219417 0.975630
vn -0.610390 0.090634 0.786898
vn -0.615645 0.177312 0.767816
vn -0.615645 0.177312 0.767816
vn -0.610390 0.090634 0.786898
vn -0.999940 0.010769 -0.002129
vn -0.615645 0.177312 0.767816
vn -0.999940 0.010769 -0.002129
vn -0.999936 0.010473 -0.004248
vn -0.999936 0.010473 -0.004248
vn -0.999940 0.010769 -0.002129
vn -0.610687 -0.081827 -0.787633
vn -0.999936 0.010473 -0.004248
vn -0.610687 -0.081827 -0.787633
vn -0.616201 -0.168137 -0.769433
vn -0.616201 -0.168137 -0.769433
vn -0.610687 -0.081827 -0.787633
vn -0.000570 -0.108963 -0.994046
vn -0.616201 -0.168137 -0.769433
vn -0.000570 -0.108963 -0.994046
vn -0.001145 -0.219417 -0.975630
vn -0.000570 -0.108963 -0.994046
vn 0.000000 0.000000 -1.000000
vn 0.608724 -0.004340 -0.793370
vn -0.000570 -0.108963 -0.994046
vn 0.608724 -0.004340 -0.793370
vn 0.610390 -0.090634 -0.786898
vn 0.610390 -0.090634 -0.786898
vn 0.608724 -0.004340 -0.793370
vn 0.999941 -0.010866 0.000000
vn 0.610390 -0.090634 -0.786898
vn 0.999941 -0.010866 0.000000
vn 0.999940 -0.010769 0.002129
vn 0.999940 -0.010769 0.002129
vn 0.999941 -0.010866 0.000000
vn 0.608724 -0.004340 0.793370
vn 0.999940 -0.010769 0.002129
vn 0.608724 -0.004340 0.793370
vn 0.610687 0.081827 0.787633
vn 0.610687 0.081827 0.787633
vn 0.608724 -0.004340 0.793370
vn 0.000000 0.000000 1.000000
vn 0.610687 0.081827 0.787633
vn 0.000000 0.000000 1.000000
vn 0.000570 0.108963 0.994046
vn 0.000570 0.108963 0.994046
vn 0.000000 0.000000 1.000000
vn -0.608724 0.004340 0.793370
vn 0.000570 0.108963 0.994046
vn -0.608724 0.004340 0.793370
vn -0.610390 0.090634 0.786898
vn -0.610390 0.090634 0.786898
vn -0.608724 0.004340 0.793370
vn -0.999941 0.010866 0.000000
vn -0.610390 0.090634 0.786898
vn -0.999941 0.010866 0.000000
vn -0.999940 0.010769 -0.002129
vn -0.999940 0.010769 -0.002129
vn -0.999941 0.010866 0.000000
vn -0.608724 0.004340 -0.793370
vn -0.999940 0.010769 -0.002129
vn -0.608724 0.004340 -0.793370
vn -0.610687 -0.081827 -0.787633
vn -0.610687 -0.081827 -0.787633
vn -0.608724 0.004340 -0.793370
vn 0.000000 0.000000 -1.000000
vn -0.610687 -0.081827 -0.787633
vn 0.000000 0.000000 -1.000000
vn -0.000570 -0.108963 -0.994046
vn 0.000000 0.000000 -1.000000
vn 0.000570 0.108963 -0.994046
vn 0.610687 0.081827 -0.787633
vn 0.000000 0.000000 -1.000000
vn 0.610687 0.081827 -0.787633
vn 0.608724 -0.004340 -0.793370
vn 0.608724 -0.004340 -0.793370
vn 0.610687 0.081827 -0.787633
vn 0.999940 -0.010769 -0.002129
vn 0.608724 -0.004340 -0.793370
vn 0.999940 -0.010769 -0.002129
vn 0.999941 -0.010866 0.000000
vn 0.999941 -0.010866 0.000000
vn 0.999940 -0.010769 -0.002129
vn 0.610390 -0.090634 0.786898
vn 0.999941 -0.010866 0.000000
vn 0.610390 -0.090634 0.786898
vn 0.608724 -0.004340 0.793370
vn 0.608724 -0.004340 0.793370
vn 0.610390 -0.090634 0.786898
vn -0.000570 -0.108963 0.994046
vn 0.608724 -0.004340 0.793370
vn -0.000570 -0.108963 0.994046
vn 0.000000 0.000000 1.000000
vn 0.000000 0.000000 1.000000
vn -0.000570 -0.108963 0.994046
vn -0.610687 -0.081827 0.787633
vn 0.000000 0.000000 1.000000
vn -0.610687 -0.081827 0.787633
vn -0.608724 0.004340 0.793370
vn -0.608724 0.004340 0.793370
vn -0.610687 -0.081827 0.787633
vn -0.999940 0.010769 0.002129
vn -0.608724 0.004340 0.793370
vn -0.999940 0.010769 0.002129
vn -0.999941 0.010866 0.000000
vn -0.999941 0.010866 0.000000
vn -0.999940 0.010769 0.002129
vn -0.610390 0.090634 -0.786898
vn -0.999941 0.010866 0.000000
vn -0.610390 0.090634 -0.786898
vn -0.608724 0.004340 -0.793370
vn -0.608724 0.004340 -0.793370
vn -0.610390 0.090634 -0.786898
vn 0.000570 0.108963 -0.994046
vn -0.608724 0.004340 -0.793370
vn 0.000570 0.108963 -0.994046
vn 0.000000 0.000000 -1.000000
vn 0.000570 0.108963 -0.994046
vn 0.001145 0.219417 -0.975630
vn 0.616201 0.168137 -0.769433
vn 0.000570 0.108963 -0.994046
vn 0.616201 0.168137 -0.769433
vn 0.610687 0.081827 -0.787633
vn 0.610687 0.081827 -0.787633
vn 0.616201 0.168137 -0.769433
vn 0.999936 -0.010473 -0.004248
vn 0.610687 0.081827 -0.787633
vn 0.999936 -0.010473 -0.004248
vn 0.999940 -0.010769 -0.002129
vn 0.999940 -0.010769 -0.002129
vn 0.999936 -0.010473 -0.004248
vn 0.615645 -0.177312 0.767816
vn 0.999940 -0.010769 -0.002129
vn 0.615645 -0.177312 0.767816
vn 0.610390 -0.090634 0.786898
vn 0.610390 -0.090634 0.786898
vn 0.615645 -0.177312 0.767816
vn -0.001145 -0.219417 0.975630
vn 0.610390 -0.090634 0.786898
vn -0.001145 -0.219417 0.975630
vn -0.000570 -0.108963 0.994046
vn -0.000570 -0.108963 0.994046
vn -0.001145 -0.219417 0.975630
vn -0.616201 -0.168137 0.769433
vn -0.000570 -0.108963 0.994046
vn -0.616201 -0.168137 0.769433
vn -0.610687 -0.081827 0.787633
vn -0.610687 -0.081827 0.787633
vn -0.616201 -0.168137 0.769433
vn -0.999936 0.010473 0.004248
vn -0.610687 -0.081827 0.787633
vn -0.999936 0.010473 0.004248
vn -0.999940 0.010769 0.002129
vn -0.999940 0.010769 0.002129
vn -0.999936 0.010473 0.004248
vn -0.615645 0.177312 -0.767816
vn -0.999940 0.010769 0.002129
vn -0.615645 0.177312 -0.767816
vn -0.610390 0.090634 -0.786898
vn -0.610390 0.090634 -0.786898
vn -0.615645 0.177312 -0.767816
vn 0.001145 0.219417 -0.975630
vn -0.610390 0.090634 -0.786898
vn 0.001145 0.219417 -0.975630
vn 0.000570 0.108963 -0.994046
vn 0.001145 0.219417 -0.975630
vn 0.001722 0.332652 -0.943048
vn 0.625057 0.254686 -0.737861
vn 0.001145 0.219417 -0.975630
vn 0.625057 0.254686 -0.737861
vn 0.616201 0.168137 -0.769433
vn 0.616201 0.168137 -0.769433
vn 0.625057 0.254686 -0.737861
vn 0.999930 -0.009966 -0.006339
vn 0.616201 0.168137 -0.769433
vn 0.999930 -0.009966 -0.006339
vn 0.999936 -0.010473 -0.004248
vn 0.999936 -0.010473 -0.004248
vn 0.999930 -0.009966 -0.006339
vn 0.624318 -0.264431 0.735053
vn 0.999936 -0.010473 -0.004248
vn 0.624318 -0.264431 0.735053
vn 0.615645 -0.177312 0.767816
vn 0.615645 -0.177312 0.767816
vn 0.624318 -0.264431 0.735053
vn -0.001722 -0.332652 0.943048
vn 0.615645 -0.177312 0.767816
vn -0.001722 -0.332652 0.943048
vn -0.001145 -0.219417 0.975630
vn -0.001145 -0.219417 0.975630
vn -0.001722 -0.332652 0.943048
vn -0.625057 -0.254686 0.737861
vn -0.001145 -0.219417 0.975630
vn -0.625057 -0.254686 0.737861
vn -0.616201 -0.168137 0.769433
vn -0.616201 -0.168137 0.769433
vn -0.625057 -0.254686 0.737861
vn -0.999930 0.009966 0.006339
vn -0.616201 -0.168137 0.769433
vn -0.999930 0.009966 0.006339
vn -0.999936 0.010473 0.004248
vn -0.999936 0.010473 0.004248
vn -0.999930 0.009966 0.006339
vn -0.624318 0.264431 -0.735053
vn -0.999936 0.010473 0.004248
vn -0.624318 0.264431 -0.735053
vn -0.615645 0.177312 -0.767816
vn -0.615645 0.177312 -0.767816
vn -0.624318 0.264431 -0.735053
vn 0.001722 0.332652 -0.943048
vn -0.615645 0.177312 -0.767816
vn 0.001722 0.332652 -0.943048
vn 0.001145 0.219417 -0.975630
vn 0.001722 0.332652 -0.943048
vn 0.002284 0.449437 -0.893309
vn 0.636870 0.341179 -0.691371
vn 0.001722 0.332652 -0.943048
vn 0.636870 0.341179 -0.691371
vn 0.625057 0.254686 -0.737861
vn 0.625057 0.254686 -0.737861
vn 0.636870 0.341179 -0.691371
vn 0.999922 -0.009233 -0.008374
vn 0.625057 0.254686 -0.737861
vn 0.999922 -0.009233 -0.008374
vn 0.999930 -0.009966 -0.006339
vn 0.999930 -0.009966 -0.006339
vn 0.999922 -0.009233 -0.008374
vn 0.636056 -0.351606 0.686882
vn 0.999930 -0.009966 -0.006339
vn 0.636056 -0.351606 0.686882
vn 0.624318 -0.264431 0.735053
vn 0.624318 -0.264431 0.735053
vn 0.636056 -0.351606 0.686882
vn -0.002284 -0.449437 0.893309
vn 0.624318 -0.264431 0.735053
vn -0.002284 -0.449437 0.893309
vn -0.001722 -0.332652 0.943048
vn -0.001722 -0.332652 0.943048
vn -0.002284 -0.449437 0.893309
vn -0.636870 -0.341179 0.691371
vn -0.001722 -0.332652 0.943048
vn -0.636870 -0.341179 0.691371
vn -0.625057 -0.254686 0.737861
vn -0.625057 -0.254686 0.737861
vn -0.636870 -0.341179 0.691371
vn -0.999922 0.009233 0.008374
vn -0.625057 -0.254686 0.737861
vn -0.999922 0.009233 0.008374
vn -0.999930 0.009966 0.006339
vn -0.999930 0.009966 0.006339
vn -0.999922 0.009233 0.008374
vn -0.636056 0.351606 -0.686882
vn -0.999930 0.009966 0.006339
vn -0.636056 0.351606 -0.686882
vn -0.624318 0.264431 -0.735053
vn -0.624318 0.264431 -0.735053
vn -0.636056 0.351606 -0.686882
vn 0.002284 0.449437 -0.893309
vn -0.624318 0.264431 -0.735053
vn 0.002284 0.449437 -0.893309
vn 0.001722 0.332652 -0.943048
vn 0.002284 0.449437 -0.893309
vn 0.002777 0.569439 -0.822029
vn 0.651001 0.426608 -0.627856
vn 0.002284 0.449437 -0.893309
vn 0.651001 0.426608 -0.627856
vn 0.636870 0.341179 -0.691371
vn 0.636870 0.341179 -0.691371
vn 0.651001 0.426608 -0.627856
vn 0.999913 -0.008255 -0.010306
vn 0.636870 0.341179 -0.691371
vn 0.999913 -0.008255 -0.010306
vn 0.999922 -0.009233 -0.008374
vn 0.999922 -0.009233 -0.008374
vn 0.999913 -0.008255 -0.010306
vn 0.650239 -0.437642 0.621014
vn 0.999922 -0.009233 -0.008374
vn 0.650239 -0.437642 0.621014
vn 0.636056 -0.351606 0.686882
vn 0.636056 -0.351606 0.686882
vn 0.650239 -0.437642 0.621014
vn -0.002777 -0.569439 0.822029
vn 0.636056 -0.351606 0.686882
vn -0.002777 -0.569439 0.822029
vn -0.002284 -0.449437 0.893309
vn -0.002284 -0.449437 0.893309
vn -0.002777 -0.569439 0.822029
vn -0.651001 -0.426608 0.627856
vn -0.002284 -0.449437 0.893309
vn -0.651001 -0.426608 0.627856
vn -0.636870 -0.341179 0.691371
vn -0.636870 -0.341179 0.691371
vn -0.651001 -0.426608 0.627856
vn -0.999913 0.008255 0.010306
vn -0.636870 -0.341179 0.691371
vn -0.999913 0.008255 0.010306
vn -0.999922 0.009233 0.008374
vn -0.999922 0.009233 0.008374
vn -0.999913 0.008255 0.010306
vn -0.650239 0.437642 -0.621014
vn -0.999922 0.009233 0.008374
vn -0.650239 0.437642 -0.621014
vn -0.636056 0.351606 -0.686882
vn -0.636056 0.351606 -0.686882
vn -0.650239 0.437642 -0.621014
vn 0.002777 0.569439 -0.822029
vn -0.636056 0.351606 -0.686882
vn 0.002777 0.569439 -0.822029
vn 0.002284 0.449437 -0.893309
vn 0.002777 0.569439 -0.822029
vn 0.003102 0.690213 -0.723599
vn 0.666461 0.508820 -0.544914
vn 0.002777 0.569439 -0.822029
vn 0.666461 0.508820 -0.544914
vn 0.651001 0.426608 -0.627856
vn 0.651001 0.426608 -0.627856
vn 0.666461 0.508820 -0.544914
vn 0.999903 -0.007024 -0.012069
vn 0.651001 0.426608 -0.627856
vn 0.999903 -0.007024 -0.012069
vn 0.999913 -0.008255 -0.010306
vn 0.999913 -0.008255 -0.010306
vn 0.999903 -0.007024 -0.012069
vn 0.665868 -0.520059 0.534937
vn 0.999913 -0.008255 -0.010306
vn 0.665868 -0.520059 0.534937
vn 0.650239 -0.437642 0.621014
vn 0.650239 -0.437642 0.621014
vn 0.665868 -0.520059 0.534937
vn -0.003102 -0.690213 0.723599
vn 0.650239 -0.437642 0.621014
vn -0.003102 -0.690213 0.723599
vn -0.002777 -0.569439 0.822029
vn -0.002777 -0.569439 0.822029
vn -0.003102 -0.690213 0.723599
vn -0.666461 -0.508820 0.544914
vn -0.002777 -0.569439 0.822029
vn -0.666461 -0.508820 0.544914
vn -0.651001 -0.426608 0.627856
vn -0.651001 -0.426608 0.627856
vn -0.666461 -0.508820 0.544914
vn -0.999903 0.007024 0.012069
vn -0.651001 -0.426608 0.627856
vn -0.999903 0.007024 0.012069
vn -0.999913 0.008255 0.010306
vn -0.999913 0.008255 0.010306
vn -0.999903 0.007024 0.012069
vn -0.665868 0.520059 -0.534937
vn -0.999913 0.008255 0.010306
vn -0.665868 0.520059 -0.534937
vn -0.650239 0.437642 -0.621014
vn -0.650239 0.437642 -0.621014
vn -0.665868 0.520059 -0.534937
vn 0.003102 0.690213 -0.723599
vn -0.650239 0.437642 -0.621014
vn 0.003102 0.690213 -0.723599
vn 0.002777 0.569439 -0.822029
vn 0.003102 0.690213 -0.723599
vn 0.003101 0.805809 -0.592168
vn 0.681813 0.584030 -0.440499
vn 0.003102 0.690213 -0.723599
vn 0.681813 0.584030 -0.440499
vn 0.666461 0.508820 -0.544914
vn 0.666461 0.508820 -0.544914
vn 0.681813 0.584030 -0.440499
vn 0.999892 -0.005543 -0.013580
vn 0.666461 0.508820 -0.544914
vn 0.999892 -0.005543 -0.013580
vn 0.999903 -0.007024 -0.012069
vn 0.999903 -0.007024 -0.012069
vn 0.999892 -0.005543 -0.013580
vn 0.681456 -0.594591 0.426707
vn 0.999903 -0.007024 -0.012069
vn 0.681456 -0.594591 0.426707
vn 0.665868 -0.520059 0.534937
vn 0.665868 -0.520059 0.534937
vn 0.681456 -0.594591 0.426707
vn -0.003101 -0.805809 0.592168
vn 0.665868 -0.520059 0.534937
vn -0.003101 -0.805809 0.592168
vn -0.003102 -0.690213 0.723599
vn -0.003102 -0.690213 0.723599
vn -0.003101 -0.805809 0.592168
vn -0.681813 -0.584030 0.440499
vn -0.003102 -0.690213 0.723599
vn -0.681813 -0.584030 0.440499
vn -0.666461 -0.508820 0.544914
vn -0.666461 -0.508820 0.544914
vn -0.681813 -0.584030 0.440499
vn -0.999892 0.005543 0.013580
vn -0.666461 -0.508820 0.544914
vn -0.999892 0.005543 0.013580
vn -0.999903 0.007024 0.012069
vn -0.999903 0.007024 0.012069
vn -0.999892 0.005543 0.013580
vn -0.681456 0.594591 -0.426707
vn -0.999903 0.007024 0.012069
vn -0.681456 0.594591 -0.426707
vn -0.665868 0.520059 -0.534937
vn -0.665868 0.520059 -0.534937
vn -0.681456 0.594591 -0.426707
vn 0.003101 0.805809 -0.592168
vn -0.665868 0.520059 -0.534937
vn 0.003101 0.805809 -0.592168
vn 0.003102 0.690213 -0.723599
vn 0.003101 0.805809 -0.592168
vn 0.002596 0.905575 -0.424179
vn 0.695168 0.646572 -0.314143
vn 0.003101 0.805809 -0.592168
vn 0.695168 0.646572 -0.314143
vn 0.681813 0.584030 -0.440499
vn 0.681813 0.584030 -0.440499
vn 0.695168 0.646572 -0.314143
vn 0.999884 -0.003839 -0.014749
vn 0.681813 0.584030 -0.440499
vn 0.999884 -0.003839 -0.014749
vn 0.999892 -0.005543 -0.013580
vn 0.999892 -0.005543 -0.013580
vn 0.999884 -0.003839 -0.014749
vn 0.695026 -0.655059 0.296371
vn 0.999892 -0.005543 -0.013580
vn 0.695026 -0.655059 0.296371
vn 0.681456 -0.594591 0.426707
vn 0.681456 -0.594591 0.426707
vn 0.695026 -0.655059 0.296371
vn -0.002596 -0.905575 0.424179
vn 0.681456 -0.594591 0.426707
vn -0.002596 -0.905575 0.424179
vn -0.003101 -0.805809 0.592168
vn -0.003101 -0.805809 0.592168
vn -0.002596 -0.905575 0.424179
vn -0.695168 -0.646572 0.314143
vn -0.003101 -0.805809 0.592168
vn -0.695168 -0.646572 0.314143
vn -0.681813 -0.584030 0.440499
vn -0.681813 -0.584030 0.440499
vn -0.695168 -0.646572 0.314143
vn -0.999884 0.003839 0.014749
vn -0.681813 -0.584030 0.440499
vn -0.999884 0.003839 0.014749
vn -0.999892 0.005543 0.013580
vn -0.999892 0.005543 0.013580
vn -0.999884 0.003839 0.014749
vn -0.695026 0.655059 -0.296371
vn -0.999892 0.005543 0.013580
vn -0.695026 0.655059 -0.296371
vn -0.681456 0.594591 -0.426707
vn -0.681456 0.594591 -0.426707
vn -0.695026 0.655059 -0.296371
vn 0.002596 0.905575 -0.424179
vn -0.681456 0.594591 -0.426707
vn 0.002596 0.905575 -0.424179
vn 0.003101 0.805809 -0.592168
vn 0.002596 0.905575 -0.424179
vn 0.001505 0.974925 -0.222528
vn 0.704407 0.689479 -0.168611
vn 0.002596 0.905575 -0.424179
vn 0.704407 0.689479 -0.168611
vn 0.695168 0.646572 -0.314143
vn 0.695168 0.646572 -0.314143
vn 0.704407 0.689479 -0.168611
vn 0.999878 -0.001965 -0.015492
vn 0.695168 0.646572 -0.314143
vn 0.999878 -0.001965 -0.015492
vn 0.999884 -0.003839 -0.014749
vn 0.999884 -0.003839 -0.014749
vn 0.999878 -0.001965 -0.015492
vn 0.704383 -0.694286 0.147684
vn 0.999884 -0.003839 -0.014749
vn 0.704383 -0.694286 0.147684
vn 0.695026 -0.655059 0.296371
vn 0.695026 -0.655059 0.296371
vn 0.704383 -0.694286 0.147684
vn -0.001505 -0.974925 0.222528
vn 0.695026 -0.655059 0.296371
vn -0.001505 -0.974925 0.222528
vn -0.002596 -0.905575 0.424179
vn -0.002596 -0.905575 0.424179
vn -0.001505 -0.974925 0.222528
vn -0.704407 -0.689479 0.168611
vn -0.002596 -0.905575 0.424179
vn -0.704407 -0.689479 0.168611
vn -0.695168 -0.646572 0.314143
vn -0.695168 -0.646572 0.314143
vn -0.704407 -0.689479 0.168611
vn -0.999878 0.001965 0.015492
vn -0.695168 -0.646572 0.314143
vn -0.999878 0.001965 0.015492
vn -0.999884 0.003839 0.014749
vn -0.999884 0.003839 0.014749
vn -0.999878 0.001965 0.015492
vn -0.704383 0.694286 -0.147684
vn -0.999884 0.003839 0.014749
vn -0.704383 0.694286 -0.147684
vn -0.695026 0.655059 -0.296371
vn -0.695026 0.655059 -0.296371
vn -0.704383 0.694286 -0.147684
vn 0.001505 0.974925 -0.222528
vn -0.695026 0.655059 -0.296371
vn 0.001505 0.974925 -0.222528
vn 0.002596 0.905575 -0.424179
vn 0.001505 0.974925 -0.222528
vn 0.000000 1.000000 0.000000
vn 0.707732 0.706394 -0.011074
vn 0.001505 0.974925 -0.222528
vn 0.707732 0.706394 -0.011074
vn 0.704407 0.689479 -0.168611
vn 0.704407 0.689479 -0.168611
vn 0.707732 0.706394 -0.011074
vn 0.999876 0.000000 -0.015747
vn 0.704407 0.689479 -0.168611
vn 0.999876 0.000000 -0.015747
vn 0.999878 -0.001965 -0.015492
vn 0.999878 -0.001965 -0.015492
vn 0.999876 0.000000 -0.015747
vn 0.707732 -0.706394 -0.011074
vn 0.999878 -0.001965 -0.015492
vn 0.707732 -0.706394 -0.011074
vn 0.704383 -0.694286 0.147684
vn 0.704383 -0.694286 0.147684
vn 0.707732 -0.706394 -0.011074
vn 0.000000 -1.000000 0.000000
vn 0.704383 -0.694286 0.147684
vn 0.000000 -1.000000 0.000000
vn -0.001505 -0.974925 0.222528
vn -0.001505 -0.974925 0.222528
vn 0.000000 -1.000000 0.000000
vn -0.707732 -0.706394 0.011074
vn -0.001505 -0.974925 0.222528
vn -0.707732 -0.706394 0.011074
vn -0.704407 -0.689479 0.168611
vn -0.704407 -0.689479 0.168611
vn -0.707732 -0.706394 0.011074
vn -0.999876 0.000000 0.015747
vn -0.704407 -0.689479 0.168611
vn -0.999876 0.000000 0.015747
vn -0.999878 0.001965 0.015492
vn -0.999878 0.001965 0.015492
vn -0.999876 0.000000 0.015747
vn -0.707732 0.706394 0.011074
vn -0.999878 0.001965 0.015492
vn -0.707732 0.706394 0.011074
vn -0.704383 0.694286 -0.147684
vn -0.704383 0.694286 -0.147684
vn -0.707732 0.706394 0.011074
vn 0.000000 1.000000 0.000000
vn -0.704383 0.694286 -0.147684
vn 0.000000 1.000000 0.000000
vn 0.001505 0.974925 -0.222528
vn 0.000000 1.000000 0.000000
vn -0.001505 0.974925 0.222528
vn 0.704383 0.694286 0.147684
vn 0.000000 1.000000 0.000000
vn 0.704383 0.694286 0.147684
vn 0.707732 0.706394 -0.011074
vn 0.707732 0.706394 -0.011074
vn 0.704383 0.694286 0.147684
vn 0.999878 0.001965 -0.015492
vn 0.707732 0.706394 -0.011074
vn 0.999878 0.001965 -0.015492
vn 0.999876 0.000000 -0.015747
vn 0.999876 0.000000 -0.015747
vn 0.999878 0.001965 -0.015492
vn 0.704407 -0.689479 -0.168611
vn 0.999876 0.000000 -0.015747
vn 0.704407 -0.689479 -0.168611
vn 0.707732 -0.706394 -0.011074
vn 0.707732 -0.706394 -0.011074
vn 0.704407 -0.689479 -0.168611
vn 0.001505 -0.974925 -0.222528
vn 0.707732 -0.706394 -0.011074
vn 0.001505 -0.974925 -0.222528
vn 0.000000 -1.000000 0.000000
vn 0.000000 -1.000000 0.000000
vn 0.001505 -0.974925 -0.222528
vn -0.704383 -0.694286 -0.147684
vn 0.000000 -1.000000 0.000000
vn -0.704383 -0.694286 -0.147684
vn -0.707732 -0.706394 0.011074
vn -0.707732 -0.706394 0.011074
vn -0.704383 -0.694286 -0.147684
vn -0.999878 -0.001965 0.015492
vn -0.707732 -0.706394 0.011074
vn -0.999878 -0.001965 0.015492
vn -0.999876 0.000000 0.015747
vn -0.999876 0.000000 0.015747
vn -0.999878 -0.001965 0.015492
vn -0.704407 0.689479 0.168611
vn -0.999876 0.000000 0.015747
vn -0.704407 0.689479 0.168611
vn -0.707732 0.706394 0.011074
vn -0.707732 0.706394 0.011074
vn -0.704407 0.689479 0.168611
vn -0.001505 0.974925 0.222528
vn -0.707732 0.706394 0.011074
vn -0.001505 0.974925 0.222528
vn 0.000000 1.000000 0.000000
vn -0.001505 0.974925 0.222528
vn -0.002596 0.905575 0.424179
vn 0.695026 0.655059 0.296371
vn -0.001505 0.974925 0.222528
vn 0.695026 0.655059 0.296371
vn 0.704383 0.694286 0.147684
vn 0.704383 0.694286 0.147684
vn 0.695026 0.655059 0.296371
vn 0.999884 0.003839 -0.014749
vn 0.704383 0.694286 0.147684
vn 0.999884 0.003839 -0.014749
vn 0.999878 0.001965 -0.015492
vn 0.999878 0.001965 -0.015492
vn 0.999884 0.003839 -0.014749
vn 0.695168 -0.646572 -0.314143
vn 0.999878 0.001965 -0.015492
vn 0.695168 -0.646572 -0.314143
vn 0.704407 -0.689479 -0.168611
vn 0.704407 -0.689479 -0.168611
vn 0.695168 -0.646572 -0.314143
vn 0.002596 -0.905575 -0.424179
vn 0.704407 -0.689479 -0.168611
vn 0.002596 -0.905575 -0.424179
vn 0.001505 -0.974925 -0.222528
vn 0.001505 -0.974925 -0.222528
vn 0.002596 -0.905575 -0.424179
vn -0.695026 -0.655059 -0.296371
vn 0.001505 -0.974925 -0.222528
vn -0.695026 -0.655059 -0.296371
vn -0.704383 -0.694286 -0.147684
vn -0.704383 -0.694286 -0.147684
vn -0.695026 -0.655059 -0.296371
vn -0.999884 -0.003839 0.014749
vn -0.704383 -0.694286 -0.147684
vn -0.999884 -0.003839 0.014749
vn -0.999878 -0.001965 0.015492
vn -0.999878 -0.001965 0.015492
vn -0.999884 -0.003839 0.014749
vn -0.695168 0.646572 0.314143
vn -0.999878 -0.001965 0.015492
vn -0.695168 0.646572 0.314143
vn -0.704407 0.689479 0.168611
vn -0.704407 0.689479 0.168611
vn -0.695168 0.646572 0.314143
vn -0.002596 0.905575 0.424179
vn -0.704407 0.689479 0.168611
vn -0.002596 0.905575 0.424179
vn -0.001505 0.974925 0.222528
vn -0.002596 0.905575 0.424179
vn -0.003101 0.805809 0.592168
vn 0.681456 0.594591 0.426707
vn -0.002596 0.905575 0.424179
vn 0.681456 0.594591 0.426707
vn 0.695026 0.655059 0.296371
vn 0.695026 0.655059 0.296371
vn 0.681456 0.594591 0.426707
vn 0.999892 0.005543 -0.013580
vn 0.695026 0.655059 0.296371
vn 0.999892 0.005543 -0.013580
vn 0.999884 0.003839 -0.014749
vn 0.999884 0.003839 -0.014749
vn 0.999892 0.005543 -0.013580
vn 0.681813 -0.584030 -0.440499
vn 0.999884 0.003839 -0.014749
vn 0.681813 -0.584030 -0.440499
vn 0.695168 -0.646572 -0.314143
vn 0.695168 -0.646572 -0.314143
vn 0.681813 -0.584030 -0.440499
vn 0.003101 -0.805809 -0.592168
vn 0.695168 -0.646572 -0.314143
vn 0.003101 -0.805809 -0.592168
vn 0.002596 -0.905575 -0.424179
vn 0.002596 -0.905575 -0.424179
vn 0.003101 -0.805809 -0.592168
vn -0.681456 -0.594591 -0.426707
vn 0.002596 -0.905575 -0.424179
vn -0.681456 -0.594591 -0.426707
vn -0.695026 -0.655059 -0.296371
vn -0.695026 -0.655059 -0.296371
vn -0.681456 -0.594591 -0.426707
vn -0.999892 -0.005543 0.013580
vn -0.695026 -0.655059 -0.296371
vn -0.999892 -0.005543 0.013580
vn -0.999884 -0.003839 0.014749
vn -0.999884 -0.003839 0.014749
vn -0.999892 -0.005543 0.013580
vn -0.681813 0.584030 0.440499
vn -0.999884 -0.003839 0.014749
vn -0.681813 0.584030 0.440499
vn -0.695168 0.646572 0.314143
vn -0.695168 0.646572 0.314143
vn -0.681813 0.584030 0.440499
vn -0.003101 0.805809 0.592168
vn -0.695168 0.646572 0.314143
vn -0.003101 0.805809 0.592168
vn -0.002596 0.905575 0.424179
vn -0.003101 0.805809 0.592168
vn -0.003102 0.690213 0.723599
vn 0.665868 0.520059 0.534937
vn -0.003101 0.805809 0.592168
vn 0.665868 0.520059 0.534937
vn 0.681456 0.594591 0.426707
vn 0.681456 0.594591 0.426707
vn 0.665868 0.520059 0.534937
vn 0.999903 0.007024 -0.012069
vn 0.681456 0.594591 0.426707
vn 0.999903 0.007024 -0.012069
vn 0.999892 0.005543 -0.013580
vn 0.999892 0.005543 -0.013580
vn 0.999903 0.007024 -0.012069
vn 0.666461 -0.508820 -0.544914
vn 0.999892 0.005543 -0.013580
vn 0.666461 -0.508820 -0.544914
vn 0.681813 -0.584030 -0.440499
vn 0.681813 -0.584030 -0.440499
vn 0.666461 -0.508820 -0.544914
vn 0.003102 -0.690213 -0.723599
vn 0.681813 -0.584030 -0.440499
vn 0.003102 -0.690213 -0.723599
vn 0.003101 -0.805809 -0.592168
vn 0.003101 -0.805809 -0.592168
vn 0.003102 -0.690213 -0.723599
vn -0.665868 -0.520059 -0.534937
vn 0.003101 -0.805809 -0.592168
vn -0.665868 -0.520059 -0.534937
vn -0.681456 -0.594591 -0.426707
vn -0.681456 -0.594591 -0.426707
vn -0.665868 -0.520059 -0.534937
vn -0.999903 -0.007024 0.012069
vn -0.681456 -0.594591 -0.426707
vn -0.999903 -0.007024 0.012069
vn -0.999892 -0.005543 0.013580
vn -0.999892 -0.005543 0.013580
vn -0.999903 -0.007024 0.012069
vn -0.666461 0.508820 0.544914
vn -0.999892 -0.005543 0.013580
vn -0.666461 0.508820 0.544914
vn -0.681813 0.584030 0.440499
vn -0.681813 0.584030 0.440499
vn -0.666461 0.508820 0.544914
vn -0.003102 0.690213 0.723599
vn -0.681813 0.584030 0.440499
vn -0.003102 0.690213 0.723599
vn -0.003101 0.805809 0.592168
vn -0.003102 0.690213 0.723599
vn -0.002777 0.569439 0.822029
vn 0.650239 0.437642 0.621014
vn -0.003102 0.690213 0.723599
vn 0.650239 0.437642 0.621014
vn 0.665868 0.520059 0.534937
vn 0.665868 0.520059 0.534937
vn 0.650239 0.437642 0.621014
vn 0.999913 0.008255 -0.010306
vn 0.665868 0.520059 0.534937
vn 0.999913 0.008255 -0.010306
vn 0.999903 0.007024 -0.012069
vn 0.999903 0.007024 -0.012069
vn 0.999913 0.008255 -0.010306
vn 0.651001 -0.426608 -0.627856
vn 0.999903 0.007024 -0.012069
vn 0.651001 -0.426608 -0.627856
vn 0.666461 -0.508820 -0.544914
vn 0.666461 -0.508820 -0.544914
vn 0.651001 -0.426608 -0.627856
vn 0.002777 -0.569439 -0.822029
vn 0.666461 -0.508820 -0.544914
vn 0.002777 -0.569439 -0.822029
vn 0.003102 -0.690213 -0.723599
vn 0.003102 -0.690213 -0.723599
vn 0.002777 -0.569439 -0.822029
vn -0.650239 -0.437642 -0.621014
vn 0.003102 -0.690213 -0.723599
vn -0.650239 -0.437642 -0.621014
vn -0.665868 -0.520059 -0.534937
vn -0.665868 -0.520059 -0.534937
vn -0.650239 -0.437642 -0.621014
vn -0.999913 -0.008255 0.010306
vn -0.665868 -0.520059 -0.534937
vn -0.999913 -0.008255 0.010306
vn -0.999903 -0.007024 0.012069
vn -0.999903 -0.007024 0.012069
vn -0.999913 -0.008255 0.010306
vn -0.651001 0.426608 0.627856
vn -0.999903 -0.007024 0.012069
vn -0.651001 0.426608 0.627856
vn -0.666461 0.508820 0.544914
vn -0.666461 0.508820 0.544914
vn -0.651001 0.426608 0.627856
vn -0.002777 0.569439 0.822029
vn -0.666461 0.508820 0.544914
vn -0.002777 0.569439 0.822029
vn -0.003102 0.690213 0.723599
vn -0.002777 0.569439 0.822029
vn -0.002284 0.449437 0.893309
vn 0.636056 0.351606 0.686882
vn -0.002777 0.569439 0.822029
vn 0.636056 0.351606 0.686882
vn 0.650239 0.437642 0.621014
vn 0.650239 0.437642 0.621014
vn 0.636056 0.351606 0.686882
vn 0.999922 0.009233 -0.008374
vn 0.650239 0.437642 0.621014
vn 0.999922 0.009233 -0.008374
vn 0.999913 0.008255 -0.010306
vn 0.999913 0.008255 -0.010306
vn 0.999922 0.009233 -0.008374
vn 0.636870 -0.341179 -0.691371
vn 0.999913 0.008255 -0.010306
vn 0.636870 -0.341179 -0.691371
vn 0.651001 -0.426608 -0.627856
vn 0.651001 -0.426608 -0.627856
vn 0.636870 -0.341179 -0.691371
vn 0.002284 -0.449437 -0.893309
vn 0.651001 -0.426608 -0.627856
vn 0.002284 -0.449437 -0.893309
vn 0.002777 -0.569439 -0.822029
vn 0.002777 -0.569439 -0.822029
vn 0.002284 -0.449437 -0.893309
vn -0.636056 -0.351606 -0.686882
vn 0.002777 -0.569439 -0.822029
vn -0.636056 -0.351606 -0.686882
vn -0.650239 -0.437642 -0.621014
vn -0.650239 -0.437642 -0.621014
vn -0.636056 -0.351606 -0.686882
vn -0.999922 -0.009233 0.008374
vn -0.650239 -0.437642 -0.621014
vn -0.999922 -0.009233 0.008374
vn -0.999913 -0.008255 0.010306
vn -0.999913 -0.008255 0.010306
vn -0.999922 -0.009233 0.008374
vn -0.636870 0.341179 0.691371
vn -0.999913 -0.008255 0.010306
vn -0.636870 0.341179 0.691371
vn -0.651001 0.426608 0.627856
vn -0.651001 0.426608 0.627856
vn -0.636870 0.341179 0.691371
vn -0.002284 0.449437 0.893309
vn -0.651001 0.426608 0.627856
vn -0.002284 0.449437 0.893309
vn -0.002777 0.569439 0.822029
vn -0.002284 0.449437 0.893309
vn -0.001722 0.332652 0.943048
vn 0.624318 0.264431 0.735053
vn -0.002284 0.449437 0.893309
vn 0.624318 0.264431 0.735053
vn 0.636056 0.351606 0.686882
vn 0.636056 0.351606 0.686882
vn 0.624318 0.264431 0.735053
vn 0.999930 0.009966 -0.006339
vn 0.636056 0.351606 0.686882
vn 0.999930 0.009966 -0.006339
vn 0.999922 0.009233 -0.008374
vn 0.999922 0.009233 -0.008374
vn 0.999930 0.009966 -0.006339
vn 0.625057 -0.254686 -0.737861
vn 0.999922 0.009233 -0.008374
vn 0.625057 -0.254686 -0.737861
vn 0.636870 -0.341179 -0.691371
vn 0.636870 -0.341179 -0.691371
vn 0.625057 -0.254686 -0.737861
vn 0.001722 -0.332652 -0.943048
vn 0.636870 -0.341179 -0.691371
vn 0.001722 -0.332652 -0.943048
vn 0.002284 -0.449437 -0.893309
vn 0.002284 -0.449437 -0.893309
vn 0.001722 -0.332652 -0.943048
vn -0.624318 -0.264431 -0.735053
vn 0.002284 -0.449437 -0.893309
vn -0.624318 -0.264431 -0.735053
vn -0.636056 -0.351606 -0.686882
vn -0.636056 -0.351606 -0.686882
vn -0.624318 -0.264431 -0.735053
vn -0.999930 -0.009966 0.006339
vn -0.636056 -0.351606 -0.686882
vn -0.999930 -0.009966 0.006339
vn -0.999922 -0.009233 0.008374
vn -0.999922 -0.009233 0.008374
vn -0.999930 -0.009966 0.006339
vn -0.625057 0.254686 0.737861
vn -0.999922 -0.009233 0.008374
vn -0.625057 0.254686 0.737861
vn -0.636870 0.341179 0.691371
vn -0.636870 0.341179 0.691371
vn -0.625057 0.254686 0.737861
vn -0.001722 0.332652 0.943048
vn -0.636870 0.341179 0.691371
vn -0.001722 0.332652 0.943048
vn -0.002284 0.449437 0.893309
vn -0.001722 0.332652 0.943048
vn -0.001145 0.219417 0.975630
vn 0.615645 0.177312 0.767816
vn -0.001722 0.332652 0.943048
vn 0.615645 0.177312 0.767816
vn 0.624318 0.264431 0.735053
vn 0.624318 0.264431 0.735053
vn 0.615645 0.177312 0.767816
vn 0.999936 0.010473 -0.004248
vn 0.624318 0.264431 0.735053
vn 0.999936 0.010473 -0.004248
vn 0.999930 0.009966 -0.006339
vn 0.999930 0.009966 -0.006339
vn 0.999936 0.010473 -0.004248
vn 0.616201 -0.168137 -0.769433
vn 0.999930 0.009966 -0.006339
vn 0.616201 -0.168137 -0.769433
vn 0.625057 -0.254686 -0.737861
vn 0.625057 -0.254686 -0.737861
vn 0.616201 -0.168137 -0.769433
vn 0.001145 -0.219417 -0.975630
vn 0.625057 -0.254686 -0.737861
vn 0.001145 -0.219417 -0.975630
vn 0.001722 -0.332652 -0.943048
vn 0.001722 -0.332652 -0.943048
vn 0.001145 -0.219417 -0.975630
vn -0.615645 -0.177312 -0.767816
vn 0.001722 -0.332652 -0.943048
vn -0.615645 -0.177312 -0.767816
vn -0.624318 -0.264431 -0.735053
vn -0.624318 -0.264431 -0.735053
vn -0.615645 -0.177312 -0.767816
vn -0.999936 -0.010473 0.004248
vn -0.624318 -0.264431 -0.735053
vn -0.999936 -0.010473 0.004248
vn -0.999930 -0.009966 0.006339
vn -0.999930 -0.009966 0.006339
vn -0.999936 -0.010473 0.004248
vn -0.616201 0.168137 0.769433
vn -0.999930 -0.009966 0.006339
vn -0.616201 0.168137 0.769433
vn -0.625057 0.254686 0.737861
vn -0.625057 0.254686 0.737861
vn -0.616201 0.168137 0.769433
vn -0.001145 0.219417 0.975630
vn -0.625057 0.254686 0.737861
vn -0.001145 0.219417 0.975630
vn -0.001722 0.332652 0.943048
vn -0.001145 0.219417 0.975630
vn -0.000570 0.108963 0.994046
vn 0.610390 0.090634 0.786898
vn -0.001145 0.219417 0.975630
vn 0.610390 0.090634 0.786898
vn 0.615645 0.177312 0.767816
vn 0.615645 0.177312 0.767816
vn 0.610390 0.090634 0.786898
vn 0.999940 0.010769 -0.002129
vn 0.615645 0.177312 0.767816
vn 0.999940 0.010769 -0.002129
vn 0.999936 0.010473 -0.004248
vn 0.999936 0.010473 -0.004248
vn 0.999940 0.010769 -0.002129
vn 0.610687 -0.081827 -0.787633
vn 0.999936 0.010473 -0.004248
vn 0.610687 -0.081827 -0.787633
vn 0.616201 -0.168137 -0.769433
vn 0.616201 -0.168137 -0.769433
vn 0.610687 -0.081827 -0.787633
vn 0.000570 -0.108963 -0.994046
vn 0.616201 -0.168137 -0.769433
vn 0.000570 -0.108963 -0.994046
vn 0.001145 -0.219417 -0.975630
vn 0.001145 -0.219417 -0.975630
vn 0.000570 -0.108963 -0.994046
vn -0.610390 -0.090634 -0.786898
vn 0.001145 -0.219417 -0.975630
vn -0.610390 -0.090634 -0.786898
vn -0.615645 -0.177312 -0.767816
vn -0.615645 -0.177312 -0.767816
vn -0.610390 -0.090634 -0.786898
vn -0.999940 -0.010769 0.002129
vn -0.615645 -0.177312 -0.767816
vn -0.999940 -0.010769 0.002129
vn -0.999936 -0.010473 0.004248
vn -0.999936 -0.010473 0.004248
vn -0.999940 -0.010769 0.002129
vn -0.610687 0.081827 0.787633
vn -0.999936 -0.010473 0.004248
vn -0.610687 0.081827 0.787633
vn -0.616201 0.168137 0.769433
vn -0.616201 0.168137 0.769433
vn -0.610687 0.081827 0.787633
vn -0.000570 0.108963 0.994046
vn -0.616201 0.168137 0.769433
vn -0.000570 0.108963 0.994046
vn -0.001145 0.219417 0.975630
vn -0.000570 0.108963 0.994046
vn 0.000000 0.000000 1.000000
vn 0.608724 0.004340 0.793370
vn -0.000570 0.108963 0.994046
vn 0.608724 0.004340 0.793370
vn 0.610390 0.090634 0.786898
vn 0.610390 0.090634 0.786898
vn 0.608724 0.004340 0.793370
vn 0.999941 0.010866 0.000000
vn 0.610390 0.090634 0.786898
vn 0.999941 0.010866 0.000000
vn 0.999940 0.010769 -0.002129
vn 0.999940 0.010769 -0.002129
vn 0.999941 0.010866 0.000000
vn 0.608724 0.004340 -0.793370
vn 0.999940 0.010769 -0.002129
vn 0.608724 0.004340 -0.793370
vn 0.610687 -0.081827 -0.787633
vn 0.610687 -0.081827 -0.787633
vn 0.608724 0.004340 -0.793370
vn 0.000000 0.000000 -1.000000
vn 0.610687 -0.081827 -0.787633
vn 0.000000 0.000000 -1.000000
vn 0.000570 -0.108963 -0.994046
vn 0.000570 -0.108963 -0.994046
vn 0.000000 0.000000 -1.000000
vn -0.608724 -0.004340 -0.793370
vn 0.000570 -0.108963 -0.994046
vn -0.608724 -0.004340 -0.793370
vn -0.610390 -0.090634 -0.786898
vn -0.610390 -0.090634 -0.786898
vn -0.608724 -0.004340 -0.793370
vn -0.999941 -0.010866 0.000000
vn -0.610390 -0.090634 -0.786898
vn -0.999941 -0.010866 0.000000
vn -0.999940 -0.010769 0.002129
vn -0.999940 -0.010769 0.002129
vn -0.999941 -0.010866 0.000000
vn -0.608724 -0.004340 0.793370
vn -0.999940 -0.010769 0.002129
vn -0.608724 -0.004340 0.793370
vn -0.610687 0.081827 0.787633
vn -0.610687 0.081827 0.787633
vn -0.608724 -0.004340 0.793370
vn 0.000000 0.000000 1.000000
vn -0.610687 0.081827 0.787633
vn 0.000000 0.000000 1.000000
vn -0.000570 0.108963 0.994046
vn 0.000000 0.000000 1.000000
vn 0.000570 -0.108963 0.994046
vn 0.610687 -0.081827 0.787633
vn 0.000000 0.000000 1.000000
vn 0.610687 -0.081827 0.787633
vn 0.608724 0.004340 0.793370
vn 0.608724 0.004340 0.793370
vn 0.610687 -0.081827 0.787633
vn 0.999940 0.010769 0.002129
vn 0.608724 0.004340 0.793370
vn 0.999940 0.010769 0.002129
vn 0.999941 0.010866 0.000000
vn 0.999941 0.010866 0.000000
vn 0.999940 0.010769 0.002129
vn 0.610390 0.090634 -0.786898
vn 0.999941 0.010866 0.000000
vn 0.610390 0.090634 -0.786898
vn 0.608724 0.004340 -0.793370
vn 0.608724 0.004340 -0.793370
vn 0.610390 0.090634 -0.786898
vn -0.000570 0.108963 -0.994046
vn 0.608724 0.004340 -0.793370
vn -0.000570 0.108963 -0.994046
vn 0.000000 0.000000 -1.000000
vn 0.000000 0.000000 -1.000000
vn -0.000570 0.108963 -0.994046
vn -0.610687 0.081827 -0.787633
vn 0.000000 0.000000 -1.000000
vn -0.610687 0.081827 -0.787633
vn -0.608724 -0.004340 -0.793370
vn -0.608724 -0.004340 -0.793370
vn -0.610687 0.081827 -0.787633
vn -0.999940 -0.010769 -0.002129
vn -0.608724 -0.004340 -0.793370
vn -0.999940 -0.010769 -0.002129
vn -0.999941 -0.010866 0.000000
vn -0.999941 -0.010866 0.000000
vn -0.999940 -0.010769 -0.002129
vn -0.610390 -0.090634 0.786898
vn -0.999941 -0.010866 0.000000
vn -0.610390 -0.090634 0.786898
vn -0.608724 -0.004340 0.793370
vn -0.608724 -0.004340 0.793370
vn -0.610390 -0.090634 0.786898
vn 0.000570 -0.108963 0.994046
vn -0.608724 -0.004340 0.793370
vn 0.000570 -0.108963 0.994046
vn 0.000000 0.000000 1.000000
vn 0.000570 -0.108963 0.994046
vn 0.001145 -0.219417 0.975630
vn 0.616201 -0.168137 0.769433
vn 0.000570 -0.108963 0.994046
vn 0.616201 -0.168137 0.769433
vn 0.610687 -0.081827 0.787633
vn 0.610687 -0.081827 0.787633
vn 0.616201 -0.168137 0.769433
vn 0.999936 0.010473 0.004248
vn 0.610687 -0.081827 0.787633
vn 0.999936 0.010473 0.004248
vn 0.999940 0.010769 0.002129
vn 0.999940 0.010769 0.002129
vn 0.999936 0.010473 0.004248
vn 0.615645 0.177312 -0.767816
vn 0.999940 0.010769 0.002129
vn 0.615645 0.177312 -0.767816
vn 0.610390 0.090634 -0.786898
vn 0.610390 0.090634 -0.786898
vn 0.615645 0.177312 -0.767816
vn -0.001145 0.219417 -0.975630
vn 0.610390 0.090634 -0.786898
vn -0.001145 0.219417 -0.975630
vn -0.000570 0.108963 -0.994046
vn -0.000570 0.108963 -0.994046
vn -0.001145 0.219417 -0.975630
vn -0.616201 0.168137 -0.769433
vn -0.000570 0.108963 -0.994046
vn -0.616201 0.168137 -0.769433
vn -0.610687 0.081827 -0.787633
vn -0.610687 0.081827 -0.787633
vn -0.616201 0.168137 -0.769433
vn -0.999936 -0.010473 -0.004248
vn -0.610687 0.081827 -0.787633
vn -0.999936 -0.010473 -0.004248
vn -0.999940 -0.010769 -0.002129
vn -0.999940 -0.010769 -0.002129
vn -0.999936 -0.010473 -0.004248
vn -0.615645 -0.177312 0.767816
vn -0.999940 -0.010769 -0.002129
vn -0.615645 -0.177312 0.767816
vn -0.610390 -0.090634 0.786898
vn -0.610390 -0.090634 0.786898
vn -0.615645 -0.177312 0.767816
vn 0.001145 -0.219417 0.975630
vn -0.610390 -0.090634 0.786898
vn 0.001145 -0.219417 0.975630
vn 0.000570 -0.108963 0.994046
vn 0.001145 -0.219417 0.975630
vn 0.001722 -0.332652 0.943048
vn 0.625057 -0.254686 0.737861
vn 0.001145 -0.219417 0.975630
vn 0.625057 -0.254686 0.737861
vn 0.616201 -0.168137 0.769433
vn 0.616201 -0.168137 0.769433
vn 0.625057 -0.254686 0.737861
vn 0.999930 0.009966 0.006339
vn 0.616201 -0.168137 0.769433
vn 0.999930 0.009966 0.006339
vn 0.999936 0.010473 0.004248
vn 0.999936 0.010473 0.004248
vn 0.999930 0.009966 0.006339
vn 0.624318 0.264431 -0.735053
vn 0.999936 0.010473 0.004248
vn 0.624318 0.264431 -0.735053
vn 0.615645 0.177312 -0.767816
vn 0.615645 0.177312 -0.767816
vn 0.624318 0.264431 -0.735053
vn -0.001722 0.332652 -0.943048
vn 0.615645 0.177312 -0.767816
vn -0.001722 0.332652 -0.943048
vn -0.001145 0.219417 -0.975630
vn -0.001145 0.219417 -0.975630
vn -0.001722 0.332652 -0.943048
vn -0.625057 0.254686 -0.737861
vn -0.001145 0.219417 -0.975630
vn -0.625057 0.254686 -0.737861
vn -0.616201 0.168137 -0.769433
vn -0.616201 0.168137 -0.769433
vn -0.625057 0.254686 -0.737861
vn -0.999930 -0.009966 -0.006339
vn -0.616201 0.168137 -0.769433
vn -0.999930 -0.009966 -0.006339
vn -0.999936 -0.010473 -0.004248
vn -0.999936 -0.010473 -0.004248
vn -0.999930 -0.009966 -0.006339
vn -0.624318 -0.264431 0.735053
vn -0.999936 -0.010473 -0.004248
vn -0.624318 -0.264431 0.735053
vn -0.615645 -0.177312 0.767816
vn -0.615645 -0.177312 0.767816
vn -0.624318 -0.264431 0.735053
vn 0.001722 -0.332652 0.943048
vn -0.615645 -0.177312 0.767816
vn 0.001722 -0.332652 0.943048
vn 0.001145 -0.219417 0.975630
vn 0.001722 -0.332652 0.943048
vn 0.002284 -0.449437 0.893309
vn 0.636870 -0.341179 0.691371
vn 0.001722 -0.332652 0.943048
vn 0.636870 -0.341179 0.691371
vn 0.625057 -0.254686 0.737861
vn 0.625057 -0.254686 0.737861
vn 0.636870 -0.341179 0.691371
vn 0.999922 0.009233 0.008374
vn 0.625057 -0.254686 0.737861
vn 0.999922 0.009233 0.008374
vn 0.999930 0.009966 0.006339
vn 0.999930 0.009966 0.006339
vn 0.999922 0.009233 0.008374
vn 0.636056 0.351606 -0.686882
vn 0.999930 0.009966 0.006339
vn 0.636056 0.351606 -0.686882
vn 0.624318 0.264431 -0.735053
vn 0.624318 0.264431 -0.735053
vn 0.636056 0.351606 -0.686882
vn -0.002284 0.449437 -0.893309
vn 0.624318 0.264431 -0.735053
vn -0.002284 0.449437 -0.893309
vn -0.001722 0.332652 -0.943048
vn -0.001722 0.332652 -0.943048
vn -0.002284 0.449437 -0.893309
vn -0.636870 0.341179 -0.691371
vn -0.001722 0.332652 -0.943048
vn -0.636870 0.341179 -0.691371
vn -0.625057 0.254686 -0.737861
vn -0.625057 0.254686 -0.737861
vn -0.636870 0.341179 -0.691371
vn -0.999922 -0.009233 -0.008374
vn -0.625057 0.254686 -0.737861
vn -0.999922 -0.009233 -0.008374
vn -0.999930 -0.009966 -0.006339
vn -0.999930 -0.009966 -0.006339
vn -0.999922 -0.009233 -0.008374
vn -0.636056 -0.351606 0.686882
vn -0.999930 -0.009966 -0.006339
vn -0.636056 -0.351606 0.686882
vn -0.624318 -0.264431 0.735053
vn -0.624318 -0.264431 0.735053
vn -0.636056 -0.351606 0.686882
vn 0.002284 -0.449437 0.893309
vn -0.624318 -0.264431 0.735053
vn 0.002284 -0.449437 0.893309
vn 0.001722 -0.332652 0.943048
vn 0.002284 -0.449437 0.893309
vn 0.002777 -0.569439 0.822029
vn 0.651001 -0.426608 0.627856
vn 0.002284 -0.449437 0.893309
vn 0.651001 -0.426608 0.627856
vn 0.636870 -0.341179 0.691371
vn 0.636870 -0.341179 0.691371
vn 0.651001 -0.426608 0.627856
vn 0.999913 0.008255 0.010306
vn 0.636870 -0.341179 0.691371
vn 0.999913 0.008255 0.010306
vn 0.999922 0.009233 0.008374
vn 0.999922 0.009233 0.008374
vn 0.999913 0.008255 0.010306
vn 0.650239 0.437642 -0.621014
vn 0.999922 0.009233 0.008374
vn 0.650239 0.437642 -0.621014
vn 0.636056 0.351606 -0.686882
vn 0.636056 0.351606 -0.686882
vn 0.650239 0.437642 -0.621014
vn -0.002777 0.569439 -0.822029
vn 0.636056 0.351606 -0.686882
vn -0.002777 0.569439 -0.822029
vn -0.002284 0.449437 -0.893309
vn -0.002284 0.449437 -0.893309
vn -0.002777 0.569439 -0.822029
vn -0.651001 0.426608 -0.627856
vn -0.002284 0.449437 -0.893309
vn -0.651001 0.426608 -0.627856
vn -0.636870 0.341179 -0.691371
vn -0.636870 0.341179 -0.691371
vn -0.651001 0.426608 -0.627856
vn -0.999913 -0.008255 -0.010306
vn -0.636870 0.341179 -0.691371
vn -0.999913 -0.008255 -0.010306
vn -0.999922 -0.009233 -0.008374
vn -0.999922 -0.009233 -0.008374
vn -0.999913 -0.008255 -0.010306
vn -0.650239 -0.437642 0.621014
vn -0.999922 -0.009233 -0.008374
vn -0.650239 -0.437642 0.621014
vn -0.636056 -0.351606 0.686882
vn -0.636056 -0.351606 0.686882
vn -0.650239 -0.437642 0.621014
vn 0.002777 -0.569439 0.822029
vn -0.636056 -0.351606 0.686882
vn 0.002777 -0.569439 0.822029
vn 0.002284 -0.449437 0.893309
vn 0.002777 -0.569439 0.822029
vn 0.003102 -0.690213 0.723599
vn 0.666461 -0.508820 0.544914
vn 0.002777 -0.569439 0.822029
vn 0.666461 -0.508820 0.544914
vn 0.651001 -0.426608 0.627856
vn 0.651001 -0.426608 0.627856
vn 0.666461 -0.508820 0.544914
vn 0.999903 0.007024 0.012069
vn 0.651001 -0.426608 0.627856
vn 0.999903 0.007024 0.012069
vn 0.999913 0.008255 0.010306
vn 0.999913 0.008255 0.010306
vn 0.999903 0.007024 0.012069
vn 0.665868 0.520059 -0.534937
vn 0.999913 0.008255 0.010306
vn 0.665868 0.520059 -0.534937
vn 0.650239 0.437642 -0.621014
vn 0.650239 0.437642 -0.621014
vn 0.665868 0.520059 -0.534937
vn -0.003102 0.690213 -0.723599
vn 0.650239 0.437642 -0.621014
vn -0.003102 0.690213 -0.723599
vn -0.002777 0.569439 -0.822029
vn -0.002777 0.569439 -0.822029
vn -0.003102 0.690213 -0.723599
vn -0.666461 0.508820 -0.544914
vn -0.002777 0.569439 -0.822029
vn -0.666461 0.508820 -0.544914
vn -0.651001 0.426608 -0.627856
vn -0.651001 0.426608 -0.627856
vn -0.666461 0.508820 -0.544914
vn -0.999903 -0.007024 -0.012069
vn -0.651001 0.426608 -0.627856
vn -0.999903 -0.007024 -0.012069
vn -0.999913 -0.008255 -0.010306
vn -0.999913 -0.008255 -0.010306
vn -0.999903 -0.007024 -0.012069
vn -0.665868 -0.520059 0.534937
vn -0.999913 -0.008255 -0.010306
vn -0.665868 -0.520059 0.534937
vn -0.650239 -0.437642 0.621014
vn -0.650239 -0.437642 0.621014
vn -0.665868 -0.520059 0.534937
vn 0.003102 -0.690213 0.723599
vn -0.650239 -0.437642 0.621014
vn 0.003102 -0.690213 0.723599
vn 0.002777 -0.569439 0.822029
vn 0.003102 -0.690213 0.723599
vn 0.003101 -0.805809 0.592168
vn 0.681813 -0.584030 0.440499
vn 0.003102 -0.690213 0.723599
vn 0.681813 -0.584030 0.440499
vn 0.666461 -0.508820 0.544914
vn 0.666461 -0.508820 0.544914
vn 0.681813 -0.584030 0.440499
vn 0.999892 0.005543 0.013580
vn 0.666461 -0.508820 0.544914
vn 0.999892 0.005543 0.013580
vn 0.999903 0.007024 0.012069
vn 0.999903 0.007024 0.012069
vn 0.999892 0.005543 0.013580
vn 0.681456 0.594591 -0.426707
vn 0.999903 0.007024 0.012069
vn 0.681456 0.594591 -0.426707
vn 0.665868 0.520059 -0.534937
vn 0.665868 0.520059 -0.534937
vn 0.681456 0.594591 -0.426707
vn -0.003101 0.805809 -0.592168
vn 0.665868 0.520059 -0.534937
vn -0.003101 0.805809 -0.592168
vn -0.003102 0.690213 -0.723599
vn -0.003102 0.690213 -0.723599
vn -0.003101 0.805809 -0.592168
vn -0.681813 0.584030 -0.440499
vn -0.003102 0.690213 -0.723599
vn -0.681813 0.584030 -0.440499
vn -0.666461 0.508820 -0.544914
vn -0.666461 0.508820 -0.544914
vn -0.681813 0.584030 -0.440499
vn -0.999892 -0.005543 -0.013580
vn -0.666461 0.508820 -0.544914
vn -0.999892 -0.005543 -0.013580
vn -0.999903 -0.007024 -0.012069
vn -0.999903 -0.007024 -0.012069
vn -0.999892 -0.005543 -0.013580
vn -0.681456 -0.594591 0.426707
vn -0.999903 -0.007024 -0.012069
vn -0.681456 -0.594591 0.426707
vn -0.665868 -0.520059 0.534937
vn -0.665868 -0.520059 0.534937
vn -0.681456 -0.594591 0.426707
vn 0.003101 -0.805809 0.592168
vn -0.665868 -0.520059 0.534937
vn 0.003101 -0.805809 0.592168
vn 0.003102 -0.690213 0.723599
vn 0.003101 -0.805809 0.592168
vn 0.002596 -0.905575 0.424179
vn 0.695168 -0.646572 0.314143
vn 0.003101 -0.805809 0.592168
vn 0.695168 -0.646572 0.314143
vn 0.681813 -0.584030 0.440499
vn 0.681813 -0.584030 0.440499
vn 0.695168 -0.646572 0.314143
vn 0.999884 0.003839 0.014749
vn 0.681813 -0.584030 0.440499
vn 0.999884 0.003839 0.014749
vn 0.999892 0.005543 0.013580
vn 0.999892 0.005543 0.013580
vn 0.999884 0.003839 0.014749
vn 0.695026 0.655059 -0.296371
vn 0.999892 0.005543 0.013580
vn 0.695026 0.655059 -0.296371
vn 0.681456 0.594591 -0.426707
vn 0.681456 0.594591 -0.426707
vn 0.695026 0.655059 -0.296371
vn -0.002596 0.905575 -0.424179
vn 0.681456 0.594591 -0.426707
vn -0.002596 0.905575 -0.424179
vn -0.003101 0.805809 -0.592168
vn -0.003101 0.805809 -0.592168
vn -0.002596 0.905575 -0.424179
vn -0.695168 0.646572 -0.314143
vn -0.003101 0.805809 -0.592168
vn -0.695168 0.646572 -0.314143
vn -0.681813 0.584030 -0.440499
vn -0.681813 0.584030 -0.440499
vn -0.695168 0.646572 -0.314143
vn -0.999884 -0.003839 -0.014749
vn -0.681813 0.584030 -0.440499
vn -0.999884 -0.003839 -0.014749
vn -0.999892 -0.005543 -0.013580
vn -0.999892 -0.005543 -0.013580
vn -0.999884 -0.003839 -0.014749
vn -0.695026 -0.655059 0.296371
vn -0.999892 -0.005543 -0.013580
vn -0.695026 -0.655059 0.296371
vn -0.681456 -0.594591 0.426707
vn -0.681456 -0.594591 0.426707
vn -0.695026 -0.655059 0.296371
vn 0.002596 -0.905575 0.424179
vn -0.681456 -0.594591 0.426707
vn 0.002596 -0.905575 0.424179
vn 0.003101 -0.805809 0.592168
vn 0.002596 -0.905575 0.424179
vn 0.001505 -0.974925 0.222528
vn 0.704407 -0.689479 0.168611
vn 0.002596 -0.905575 0.424179
vn 0.704407 -0.689479 0.168611
vn 0.695168 -0.646572 0.314143
vn 0.695168 -0.646572 0.314143
vn 0.704407 -0.689479 0.168611
vn 0.999878 0.001965 0.015492
vn 0.695168 -0.646572 0.314143
vn 0.999878 0.001965 0.015492
vn 0.999884 0.003839 0.014749
vn 0.999884 0.003839 0.014749
vn 0.999878 0.001965 0.015492
vn 0.704383 0.694286 -0.147684
vn 0.999884 0.003839 0.014749
vn 0.704383 0.694286 -0.147684
vn 0.695026 0.655059 -0.296371
vn 0.695026 0.655059 -0.296371
vn 0.704383 0.694286 -0.147684
vn -0.001505 0.974925 -0.222528
vn 0.695026 0.655059 -0.296371
vn -0.001505 0.974925 -0.222528
vn -0.002596 0.905575 -0.424179
vn -0.002596 0.905575 -0.424179
vn -0.001505 0.974925 -0.222528
vn -0.704407 0.689479 -0.168611
vn -0.002596 0.905575 -0.424179
vn -0.704407 0.689479 -0.168611
vn -0.695168 0.646572 -0.314143
vn -0.695168 0.646572 -0.314143
vn -0.704407 0.689479 -0.168611
vn -0.999878 -0.001965 -0.015492
vn -0.695168 0.646572 -0.314143
vn -0.999878 -0.001965 -0.015492
vn -0.999884 -0.003839 -0.014749
vn -0.999884 -0.003839 -0.014749
vn -0.999878 -0.001965 -0.015492
vn -0.704383 -0.694286 0.147684
vn -0.999884 -0.003839 -0.014749
vn -0.704383 -0.694286 0.147684
vn -0.695026 -0.655059 0.296371
vn -0.695026 -0.655059 0.296371
vn -0.704383 -0.694286 0.147684
vn 0.001505 -0.974925 0.222528
vn -0.695026 -0.655059 0.296371
vn 0.001505 -0.974925 0.222528
vn 0.002596 -0.905575 0.424179
vn 0.001505 -0.974925 0.222528
vn 0.000000 -1.000000 0.000000
vn 0.707732 -0.706394 0.011074
vn 0.001505 -0.974925 0.222528
vn 0.707732 -0.706394 0.011074
vn 0.704407 -0.689479 0.168611
vn 0.704407 -0.689479 0.168611
vn 0.707732 -0.706394 0.011074
vn 0.999876 0.000000 0.015747
vn 0.704407 -0.689479 0.168611
vn 0.999876 0.000000 0.015747
vn 0.999878 0.001965 0.015492
vn 0.999878 0.001965 0.015492
vn 0.999876 0.000000 0.015747
vn 0.707732 0.706394 0.011074
vn 0.999878 0.001965 0.015492
vn 0.707732 0.706394 0.011074
vn 0.704383 0.694286 -0.147684
vn 0.704383 0.694286 -0.147684
vn 0.707732 0.706394 0.011074
vn 0.000000 1.000000 0.000000
vn 0.704383 0.694286 -0.147684
vn 0.000000 1.000000 0.000000
vn -0.001505 0.974925 -0.222528
vn -0.001505 0.974925 -0.222528
vn 0.000000 1.000000 0.000000
vn -0.707732 0.706394 -0.011074
vn -0.001505 0.974925 -0.222528
vn -0.707732 0.706394 -0.011074
vn -0.704407 0.689479 -0.168611
vn -0.704407 0.689479 -0.168611
vn -0.707732 0.706394 -0.011074
vn -0.999876 0.000000 -0.015747
vn -0.704407 0.689479 -0.168611
vn -0.999876 0.000000 -0.015747
vn -0.999878 -0.001965 -0.015492
vn -0.999878 -0.001965 -0.015492
vn -0.999876 0.000000 -0.015747
vn -0.707732 -0.706394 -0.011074
vn -0.999878 -0.001965 -0.015492
vn -0.707732 -0.706394 -0.011074
vn -0.704383 -0.694286 0.147684
vn -0.704383 -0.694286 0.147684
vn -0.707732 -0.706394 -0.011074
vn 0.000000 -1.000000 0.000000
vn -0.704383 -0.694286 0.147684
vn 0.000000 -1.000000 0.000000
vn 0.001505 -0.974925 0.222528
vn 0.000000 -1.000000 0.000000
vn -0.001505 -0.974925 -0.222528
vn 0.704383 -0.694286 -0.147684
vn 0.000000 -1.000000 0.000000
vn 0.704383 -0.694286 -0.147684
vn 0.707732 -0.706394 0.011074
vn 0.707732 -0.706394 0.011074
vn 0.704383 -0.694286 -0.147684
vn 0.999878 -0.001965 0.015492
vn 0.707732 -0.706394 0.011074
vn 0.999878 -0.001965 0.015492
vn 0.999876 0.000000 0.015747
vn 0.999876 0.000000 0.015747
vn 0.999878 -0.001965 0.015492
vn 0.704407 0.689479 0.168611
vn 0.999876 0.000000 0.015747
vn 0.704407 0.689479 0.168611
vn 0.707732 0.706394 0.011074
vn 0.707732 0.706394 0.011074
vn 0.704407 0.689479 0.168611
vn 0.001505 0.974925 0.222528
vn 0.707732 0.706394 0.011074
vn 0.001505 0.974925 0.222528
vn 0.000000 1.000000 0.000000
vn 0.000000 1.000000 0.000000
vn 0.001505 0.974925 0.222528
vn -0.704383 0.694286 0.147684
vn 0.000000 1.000000 0.000000
vn -0.704383 0.694286 0.147684
vn -0.707732 0.706394 -0.011074
vn -0.707732 0.706394 -0.011074
vn -0.704383 0.694286 0.147684
vn -0.999878 0.001965 -0.015492
vn -0.707732 0.706394 -0.011074
vn -0.999878 0.001965 -0.015492
vn -0.999876 0.000000 -0.015747
vn -0.999876 0.000000 -0.015747
vn -0.999878 0.001965 -0.015492
vn -0.704407 -0.689479 -0.168611
vn -0.999876 0.000000 -0.015747
vn -0.704407 -0.689479 -0.168611
vn -0.707732 -0.706394 -0.011074
vn -0.707732 -0.706394 -0.011074
vn -0.704407 -0.689479 -0.168611
vn -0.001505 -0.974925 -0.222528
vn -0.707732 -0.706394 -0.011074
vn -0.001505 -0.974925 -0.222528
vn 0.000000 -1.000000 0.000000
vn -0.001505 -0.974925 -0.222528
vn -0.002596 -0.905575 -0.424179
vn 0.695026 -0.655059 -0.296371
vn -0.001505 -0.974925 -0.222528
vn 0.695026 -0.655059 -0.296371
vn 0.704383 -0.694286 -0.147684
vn 0.704383 -0.694286 -0.147684
vn 0.695026 -0.655059 -0.296371
vn 0.999884 -0.003839 0.014749
vn 0.704383 -0.694286 -0.147684
vn 0.999884 -0.003839 0.014749
vn 0.999878 -0.001965 0.015492
vn 0.999878 -0.001965 0.015492
vn 0.999884 -0.003839 0.014749
vn 0.695168 0.646572 0.314143
vn 0.999878 -0.001965 0.015492
vn 0.695168 0.646572 0.314143
vn 0.704407 0.689479 0.168611
vn 0.704407 0.689479 0.168611
vn 0.695168 0.646572 0.314143
vn 0.002596 0.905575 0.424179
vn 0.704407 0.689479 0.168611
vn 0.002596 0.905575 0.424179
vn 0.001505 0.974925 0.222528
vn 0.001505 0.974925 0.222528
vn 0.002596 0.905575 0.424179
vn -0.695026 0.655059 0.296371
vn 0.001505 0.974925 0.222528
vn -0.695026 0.655059 0.296371
vn -0.704383 0.694286 0.147684
vn -0.704383 0.694286 0.147684
vn -0.695026 0.655059 0.296371
vn -0.999884 0.003839 -0.014749
vn -0.704383 0.694286 0.147684
vn -0.999884 0.003839 -0.014749
vn -0.999878 0.001965 -0.015492
vn -0.999878 0.001965 -0.015492
vn -0.999884 0.003839 -0.014749
vn -0.695168 -0.646572 -0.314143
vn -0.999878 0.001965 -0.015492
vn -0.695168 -0.646572 -0.314143
vn -0.704407 -0.689479 -0.168611
vn -0.704407 -0.689479 -0.168611
vn -0.695168 -0.646572 -0.314143
vn -0.002596 -0.905575 -0.424179
vn -0.704407 -0.689479 -0.168611
vn -0.002596 -0.905575 -0.424179
vn -0.001505 -0.974925 -0.222528
vn -0.002596 -0.905575 -0.424179
vn -0.003101 -0.805809 -0.592168
vn 0.681456 -0.594591 -0.426707
vn -0.002596 -0.905575 -0.424179
vn 0.681456 -0.594591 -0.426707
vn 0.695026 -0.655059 -0.296371
vn 0.695026 -0.655059 -0.296371
vn 0.681456 -0.594591 -0.426707
vn 0.999892 -0.005543 0.013580
vn 0.695026 -0.655059 -0.296371
vn 0.999892 -0.005543 0.013580
vn 0.999884 -0.003839 0.014749
vn 0.999884 -0.003839 0.014749
vn 0.999892 -0.005543 0.013580
vn 0.681813 0.584030 0.440499
vn 0.999884 -0.003839 0.014749
vn 0.681813 0.584030 0.440499
vn 0.695168 0.646572 0.314143
vn 0.695168 0.646572 0.314143
vn 0.681813 0.584030 0.440499
vn 0.003101 0.805809 0.592168
vn 0.695168 0.646572 0.314143
vn 0.003101 0.805809 0.592168
vn 0.002596 0.905575 0.424179
vn 0.002596 0.905575 0.424179
vn 0.003101 0.805809 0.592168
vn -0.681456 0.594591 0.426707
vn 0.002596 0.905575 0.424179
vn -0.681456 0.594591 0.426707
vn -0.695026 0.655059 0.296371
vn -0.695026 0.655059 0.296371
vn -0.681456 0.594591 0.426707
vn -0.999892 0.005543 -0.013580
vn -0.695026 0.655059 0.296371
vn -0.999892 0.005543 -0.013580
vn -0.999884 0.003839 -0.014749
vn -0.999884 0.003839 -0.014749
vn -0.999892 0.005543 -0.013580
vn -0.681813 -0.584030 -0.440499
vn -0.999884 0.003839 -0.014749
vn -0.681813 -0.584030 -0.440499
vn -0.695168 -0.646572 -0.314143
vn -0.695168 -0.646572 -0.314143
vn -0.681813 -0.584030 -0.440499
vn -0.003101 -0.805809 -0.592168
vn -0.695168 -0.646572 -0.314143
vn -0.003101 -0.805809 -0.592168
vn -0.002596 -0.905575 -0.424179
vn -0.003101 -0.805809 -0.592168
vn -0.003102 -0.690213 -0.723599
vn 0.665868 -0.520059 -0.534937
vn -0.003101 -0.805809 -0.592168
vn 0.665868 -0.520059 -0.534937
vn 0.681456 -0.594591 -0.426707
vn 0.681456 -0.594591 -0.426707
vn 0.665868 -0.520059 -0.534937
vn 0.999903 -0.007024 0.012069
vn 0.681456 -0.594591 -0.426707
vn 0.999903 -0.007024 0.012069
vn 0.999892 -0.005543 0.013580
vn 0.999892 -0.005543 0.013580
vn 0.999903 -0.007024 0.012069
vn 0.666461 0.508820 0.544914
vn 0.999892 -0.005543 0.013580
vn 0.666461 0.508820 0.544914
vn 0.681813 0.584030 0.440499
vn 0.681813 0.584030 0.440499
vn 0.666461 0.508820 0.544914
vn 0.003102 0.690213 0.723599
vn 0.681813 0.584030 0.440499
vn 0.003102 0.690213 0.723599
vn 0.003101 0.805809 0.592168
vn 0.003101 0.805809 0.592168
vn 0.003102 0.690213 0.723599
vn -0.665868 0.520059 0.534937
vn 0.003101 0.805809 0.592168
vn -0.665868 0.520059 0.534937
vn -0.681456 0.594591 0.426707
vn -0.681456 0.594591 0.426707
vn -0.665868 0.520059 0.534937
vn -0.999903 0.007024 -0.012069
vn -0.681456 0.594591 0.426707
vn -0.999903 0.007024 -0.012069
vn -0.999892 0.005543 -0.013580
vn -0.999892 0.005543 -0.013580
vn -0.999903 0.007024 -0.012069
vn -0.666461 -0.508820 -0.544914
vn -0.999892 0.005543 -0.013580
vn -0.666461 -0.508820 -0.544914
vn -0.681813 -0.584030 -0.440499
vn -0.681813 -0.584030 -0.440499
vn -0.666461 -0.508820 -0.544914
vn -0.003102 -0.690213 -0.723599
vn -0.681813 -0.584030 -0.440499
vn -0.003102 -0.690213 -0.723599
vn -0.003101 -0.805809 -0.592168
vn -0.003102 -0.690213 -0.723599
vn -0.002777 -0.569439 -0.822029
vn 0.650239 -0.437642 -0.621014
vn -0.003102 -0.690213 -0.723599
vn 0.650239 -0.437642 -0.621014
vn 0.665868 -0.520059 -0.534937
vn 0.665868 -0.520059 -0.534937
vn 0.650239 -0.437642 -0.621014
vn 0.999913 -0.008255 0.010306
vn 0.665868 -0.520059 -0.534937
vn 0.999913 -0.008255 0.010306
vn 0.999903 -0.007024 0.012069
vn 0.999903 -0.007024 0.012069
vn 0.999913 -0.008255 0.010306
vn 0.651001 0.426608 0.627856
vn 0.999903 -0.007024 0.012069
vn 0.651001 0.426608 0.627856
vn 0.666461 0.508820 0.544914
vn 0.666461 0.508820 0.544914
vn 0.651001 0.426608 0.627856
vn 0.002777 0.569439 0.822029
vn 0.666461 0.508820 0.544914
vn 0.002777 0.569439 0.822029
vn 0.003102 0.690213 0.723599
vn 0.003102 0.690213 0.723599
vn 0.002777 0.569439 0.822029
vn -0.650239 0.437642 0.621014
vn 0.003102 0.690213 0.723599
vn -0.650239 0.437642 0.621014
vn -0.665868 0.520059 0.534937
vn -0.665868 0.520059 0.534937
vn -0.650239 0.437642 0.621014
vn -0.999913 0.008255 -0.010306
vn -0.665868 0.520059 0.534937
vn -0.999913 0.008255 -0.010306
vn -0.999903 0.007024 -0.012069
vn -0.999903 0.007024 -0.012069
vn -0.999913 0.008255 -0.010306
vn -0.651001 -0.426608 -0.627856
vn -0.999903 0.007024 -0.012069
vn -0.651001 -0.426608 -0.627856
vn -0.666461 -0.508820 -0.544914
vn -0.666461 -0.508820 -0.544914
vn -0.651001 -0.426608 -0.627856
vn -0.002777 -0.569439 -0.822029
vn -0.666461 -0.508820 -0.544914
vn -0.002777 -0.569439 -0.822029
vn -0.003102 -0.690213 -0.723599
vn -0.002777 -0.569439 -0.822029
vn -0.002284 -0.449437 -0.893309
vn 0.636056 -0.351606 -0.686882
vn -0.002777 -0.569439 -0.822029
vn 0.636056 -0.351606 -0.686882
vn 0.650239 -0.437642 -0.621014
vn 0.650239 -0.437642 -0.621014
vn 0.636056 -0.351606 -0.686882
vn 0.999922 -0.009233 0.008374
vn 0.650239 -0.437642 -0.621014
vn 0.999922 -0.009233 0.008374
vn 0.999913 -0.008255 0.010306
vn 0.999913 -0.008255 0.010306
vn 0.999922 -0.009233 0.008374
vn 0.636870 0.341179 0.691371
vn 0.999913 -0.008255 0.010306
vn 0.636870 0.341179 0.691371
vn 0.651001 0.426608 0.627856
vn 0.651001 0.426608 0.627856
vn 0.636870 0.341179 0.691371
vn 0.002284 0.449437 0.893309
vn 0.651001 0.426608 0.627856
vn 0.002284 0.449437 0.893309
vn 0.002777 0.569439 0.822029
vn 0.002777 0.569439 0.822029
vn 0.002284 0.449437 0.893309
vn -0.636056 0.351606 0.686882
vn 0.002777 0.569439 0.822029
vn -0.636056 0.351606 0.686882
vn -0.650239 0.437642 0.621014
vn -0.650239 0.437642 0.621014
vn -0.636056 0.351606 0.686882
vn -0.999922 0.009233 -0.008374
vn -0.650239 0.437642 0.621014
vn -0.999922 0.009233 -0.008374
vn -0.999913 0.008255 -0.010306
vn -0.999913 0.008255 -0.010306
vn -0.999922 0.009233 -0.008374
vn -0.636870 -0.341179 -0.691371
vn -0.999913 0.008255 -0.010306
vn -0.636870 -0.341179 -0.691371
vn -0.651001 -0.426608 -0.627856
vn -0.651001 -0.426608 -0.627856
vn -0.636870 -0.341179 -0.691371
vn -0.002284 -0.449437 -0.893309
vn -0.651001 -0.426608 -0.627856
vn -0.002284 -0.449437 -0.893309
vn -0.002777 -0.569439 -0.822029
vn -0.002284 -0.449437 -0.893309
vn -0.001722 -0.332652 -0.943048
vn 0.624318 -0.264431 -0.735053
vn -0.002284 -0.449437 -0.893309
vn 0.624318 -0.264431 -0.735053
vn 0.636056 -0.351606 -0.686882
vn 0.636056 -0.351606 -0.686882
vn 0.624318 -0.264431 -0.735053
vn 0.999930 -0.009966 0.006339
vn 0.636056 -0.351606 -0.686882
vn 0.999930 -0.009966 0.006339
vn 0.999922 -0.009233 0.008374
vn 0.999922 -0.009233 0.008374
vn 0.999930 -0.009966 0.006339
vn 0.625057 0.254686 0.737861
vn 0.999922 -0.009233 0.008374
vn 0.625057 0.254686 0.737861
vn 0.636870 0.341179 0.691371
vn 0.636870 0.341179 0.691371
vn 0.625057 0.254686 0.737861
vn 0.001722 0.332652 0.943048
vn 0.636870 0.341179 0.691371
vn 0.001722 0.332652 0.943048
vn 0.002284 0.449437 0.893309
vn 0.002284 0.449437 0.893309
vn 0.001722 0.332652 0.943048
vn -0.624318 0.264431 0.735053
vn 0.002284 0.449437 0.893309
vn -0.624318 0.264431 0.735053
vn -0.636056 0.351606 0.686882
vn -0.636056 0.351606 0.686882
vn -0.624318 0.264431 0.735053
vn -0.999930 0.009966 -0.006339
vn -0.636056 0.351606 0.686882
vn -0.999930 0.009966 -0.006339
vn -0.999922 0.009233 -0.008374
vn -0.999922 0.009233 -0.008374
vn -0.999930 0.009966 -0.006339
vn -0.625057 -0.254686 -0.737861
vn -0.999922 0.009233 -0.008374
vn -0.625057 -0.254686 -0.737861
vn -0.636870 -0.341179 -0.691371
vn -0.636870 -0.341179 -0.691371
vn -0.625057 -0.254686 -0.737861
vn -0.001722 -0.332652 -0.943048
vn -0.636870 -0.341179 -0.691371
vn -0.001722 -0.332652 -0.943048
vn -0.002284 -0.449437 -0.893309
vn -0.001722 -0.332652 -0.943048
vn -0.001145 -0.219417 -0.975630
vn 0.615645 -0.177312 -0.767816
vn -0.001722 -0.332652 -0.943048
vn 0.615645 -0.177312 -0.767816
vn 0.624318 -0.264431 -0.735053
vn 0.624318 -0.264431 -0.735053
vn 0.615645 -0.177312 -0.767816
vn 0.999936 -0.010473 0.004248
vn 0.624318 -0.264431 -0.735053
vn 0.999936 -0.010473 0.004248
vn 0.999930 -0.009966 0.006339
vn 0.999930 -0.009966 0.006339
vn 0.999936 -0.010473 0.004248
vn 0.616201 0.168137 0.769433
vn 0.999930 -0.009966 0.006339
vn 0.616201 0.168137 0.769433
vn 0.625057 0.254686 0.737861
vn 0.625057 0.254686 0.737861
vn 0.616201 0.168137 0.769433
vn 0.001145 0.219417 0.975630
vn 0.625057 0.254686 0.737861
vn 0.001145 0.219417 0.975630
vn 0.001722 0.332652 0.943048
vn 0.001722 0.332652 0.943048
vn 0.001145 0.219417 0.975630
vn -0.615645 0.177312 0.767816
vn 0.001722 0.332652 0.943048
vn -0.615645 0.177312 0.767816
vn -0.624318 0.264431 0.735053
vn -0.624318 0.264431 0.735053
vn -0.615645 0.177312 0.767816
vn -0.999936 0.010473 -0.004248
vn -0.624318 0.264431 0.735053
vn -0.999936 0.010473 -0.004248
vn -0.999930 0.009966 -0.006339
vn -0.999930 0.009966 -0.006339
vn -0.999936 0.010473 -0.004248
vn -0.616201 -0.168137 -0.769433
vn -0.999930 0.009966 -0.006339
vn -0.616201 -0.168137 -0.769433
vn -0.625057 -0.254686 -0.737861
vn -0.625057 -0.254686 -0.737861
vn -0.616201 -0.168137 -0.769433
vn -0.001145 -0.219417 -0.975630
vn -0.625057 -0.254686 -0.737861
vn -0.001145 -0.219417 -0.975630
vn -0.001722 -0.332652 -0.943048
vn -0.001145 -0.219417 -0.975630
vn -0.000570 -0.108963 -0.994046
vn 0.610390 -0.090634 -0.786898
vn -0.001145 -0.219417 -0.975630
vn 0.610390 -0.090634 -0.786898
vn 0.615645 -0.177312 -0.767816
vn 0.615645 -0.177312 -0.767816
vn 0.610390 -0.090634 -0.786898
vn 0.999940 -0.010769 0.002129
vn 0.615645 -0.177312 -0.767816
vn 0.999940 -0.010769 0.002129
vn 0.999936 -0.010473 0.004248
vn 0.999936 -0.010473 0.004248
vn 0.999940 -0.010769 0.002129
vn 0.610687 0.081827 0.787633
vn 0.999936 -0.010473 0.004248
vn 0.610687 0.081827 0.787633
vn 0.616201 0.168137 0.769433
vn 0.616201 0.168137 0.769433
vn 0.610687 0.081827 0.787633
vn 0.000570 0.108963 0.994046
vn 0.616201 0.168137 0.769433
vn 0.000570 0.108963 0.994046
vn 0.001145 0.219417 0.975630
vn 0.001145 0.219417 0.975630
vn 0.000570 0.108963 0.994046
vn -0.610390 0.090634 0.786898
vn 0.001145 0.219417 0.975630
vn -0.610390 0.090634 0.786898
vn -0.615645 0.177312 0.767816
vn -0.615645 0.177312 0.767816
vn -0.610390 0.090634 0.786898
vn -0.999940 0.010769 -0.002129
vn -0.615645 0.177312 0.767816
vn -0.999940 0.010769 -0.002129
vn -0.999936 0.010473 -0.004248
vn -0.999936 0.010473 -0.004248
vn -0.999940 0.010769 -0.002129
vn -0.610687 -0.081827 -0.787633
vn -0.999936 0.010473 -0.004248
vn -0.610687 -0.081827 -0.787633
vn -0.616201 -0.168137 -0.769433
vn -0.616201 -0.168137 -0.769433
vn -0.610687 -0.081827 -0.787633
vn -0.000570 -0.108963 -0.994046
vn -0.616201 -0.168137 -0.769433
vn -0.000570 -0.108963 -0.994046
vn -0.001145 -0.219417 -0.975630
vn -0.000570 -0.108963 -0.994046
vn 0.000000 0.000000 -1.000000
vn 0.608724 -0.004340 -0.793370
vn -0.000570 -0.108963 -0.994046
vn 0.608724 -0.004340 -0.793370
vn 0.610390 -0.090634 -0.786898
vn 0.610390 -0.090634 -0.786898
vn 0.608724 -0.004340 -0.793370
vn 0.999941 -0.010866 0.000000
vn 0.610390 -0.090634 -0.786898
vn 0.999941 -0.010866 0.000000
vn 0.999940 -0.010769 0.002129
vn 0.999940 -0.010769 0.002129
vn 0.999941 -0.010866 0.000000
vn 0.608724 -0.004340 0.793370
vn 0.999940 -0.010769 0.002129
vn 0.608724 -0.004340 0.793370
vn 0.610687 0.081827 0.787633
vn 0.610687 0.081827 0.787633
vn 0.608724 -0.004340 0.793370
vn 0.000000 0.000000 1.000000
vn 0.610687 0.081827 0.787633
vn 0.000000 0.000000 1.000000
vn 0.000570 0.108963 0.994046
vn 0.000570 0.108963 0.994046
vn 0.000000 0.000000 1.000000
vn -0.608724 0.004340 0.793370
vn 0.000570 0.108963 0.994046
vn -0.608724 0.004340 0.793370
vn -0.610390 0.090634 0.786898
vn -0.610390 0.090634 0.786898
vn -0.608724 0.004340 0.793370
vn -0.999941 0.010866 0.000000
vn -0.610390 0.090634 0.786898
vn -0.999941 0.010866 0.000000
vn -0.999940 0.010769 -0.002129
vn -0.999940 0.010769 -0.002129
vn -0.999941 0.010866 0.000000
vn -0.608724 0.004340 -0.793370
vn -0.999940 0.010769 -0.002129
vn -0.608724 0.004340 -0.793370
vn -0.610687 -0.081827 -0.787633
vn -0.610687 -0.081827 -0.787633
vn -0.608724 0.004340 -0.793370
vn 0.000000 0.000000 -1.000000
vn -0.610687 -0.081827 -0.787633
vn 0.000000 0.000000 -1.000000
vn -0.000570 -0.108963 -0.994046
vn 0.000000 0.000000 -1.000000
vn 0.000570 0.108963 -0.994046
vn 0.610687 0.081827 -0.787633
vn 0.000000 0.000000 -1.000000
vn 0.610687 0.081827 -0.787633
vn 0.608724 -0.004340 -0.793370
vn 0.608724 -0.004340 -0.793370
vn 0.610687 0.081827 -0.787633
vn 0.999940 -0.010769 -0.002129
vn 0.608724 -0.004340 -0.793370
vn 0.999940 -0.010769 -0.002129
vn 0.999941 -0.010866 0.000000
vn 0.999941 -0.010866 0.000000
vn 0.999940 -0.010769 -0.002129
vn 0.610390 -0.090634 0.786898
vn 0.999941 -0.010866 0.000000
vn 0.610390 -0.090634 0.786898
vn 0.608724 -0.004340 0.793370
vn 0.608724 -0.004340 0.793370
vn 0.610390 -0.090634 0.786898
vn -0.000570 -0.108963 0.994046
vn 0.608724 -0.004340 0.793370
vn -0.000570 -0.108963 0.994046
vn 0.000000 0.000000 1.000000
vn 0.000000 0.000000 1.000000
vn -0.000570 -0.108963 0.994046
vn -0.610687 -0.081827 0.787633
vn 0.000000 0.000000 1.000000
vn -0.610687 -0.081827 0.787633
vn -0.608724 0.004340 0.793370
vn -0.608724 0.004340 0.793370
vn -0.610687 -0.081827 0.787633
vn -0.999940 0.010769 0.002129
vn -0.608724 0.004340 0.793370
vn -0.999940 0.010769 0.002129
vn -0.999941 0.010866 0.000000
vn -0.999941 0.010866 0.000000
vn -0.999940 0.010769 0.002129
vn -0.610390 0.090634 -0.786898
vn -0.999941 0.010866 0.000000
vn -0.610390 0.090634 -0.786898
vn -0.608724 0.004340 -0.793370
vn -0.608724 0.004340 -0.793370
vn -0.610390 0.090634 -0.786898
vn 0.000570 0.108963 -0.994046
vn -0.608724 0.004340 -0.793370
vn 0.000570 0.108963 -0.994046
vn 0.000000 0.000000 -1.000000
vn 0.000570 0.108963 -0.994046
vn 0.001145 0.219417 -0.975630
vn 0.616201 0.168137 -0.769433
vn 0.000570 0.108963 -0.994046
vn 0.616201 0.168137 -0.769433
vn 0.610687 0.081827 -0.787633
vn 0.610687 0.081827 -0.787633
vn 0.616201 0.168137 -0.769433
vn 0.999936 -0.010473 -0.004248
vn 0.610687 0.081827 -0.787633
vn 0.999936 -0.010473 -0.004248
vn 0.999940 -0.010769 -0.002129
vn 0.999940 -0.010769 -0.002129
vn 0.999936 -0.010473 -0.004248
vn 0.615645 -0.177312 0.767816
vn 0.999940 -0.010769 -0.002129
vn 0.615645 -0.177312 0.767816
vn 0.610390 -0.090634 0.786898
vn 0.610390 -0.090634 0.786898
vn 0.615645 -0.177312 0.767816
vn -0.001145 -0.219417 0.975630
vn 0.610390 -0.090634 0.786898
vn -0.001145 -0.219417 0.975630
vn -0.000570 -0.108963 0.994046
vn -0.000570 -0.108963 0.994046
vn -0.001145 -0.219417 0.975630
vn -0.616201 -0.168137 0.769433
vn -0.000570 -0.108963 0.994046
vn -0.616201 -0.168137 0.769433
vn -0.610687 -0.081827 0.787633
vn -0.610687 -0.081827 0.787633
vn -0.616201 -0.168137 0.769433
vn -0.999936 0.010473 0.004248
vn -0.610687 -0.081827 0.787633
vn -0.999936 0.010473 0.004248
vn -0.999940 0.010769 0.002129
vn -0.999940 0.010769 0.002129
vn -0.999936 0.010473 0.004248
vn -0.615645 0.177312 -0.767816
vn -0.999940 0.010769 0.002129
vn -0.615645 0.177312 -0.767816
vn -0.610390 0.090634 -0.786898
vn -0.610390 0.090634 -0.786898
vn -0.615645 0.177312 -0.767816
vn 0.001145 0.219417 -0.975630
vn -0.610390 0.090634 -0.786898
vn 0.001145 0.219417 -0.975630
vn 0.000570 0.108963 -0.994046
vn 0.001145 0.219417 -0.975630
vn 0.001722 0.332652 -0.943048
vn 0.625057 0.254686 -0.737861
vn 0.001145 0.219417 -0.975630
vn 0.625057 0.254686 -0.737861
vn 0.616201 0.168137 -0.769433
vn 0.616201 0.168137 -0.769433
vn 0.625057 0.254686 -0.737861
vn 0.999930 -0.009966 -0.006339
vn 0.616201 0.168137 -0.769433
vn 0.999930 -0.009966 -0.006339
vn 0.999936 -0.010473 -0.004248
vn 0.999936 -0.010473 -0.004248
vn 0.999930 -0.009966 -0.006339
vn 0.624318 -0.264431 0.735053
vn 0.999936 -0.010473 -0.004248
vn 0.624318 -0.264431 0.735053
vn 0.615645 -0.177312 0.767816
vn 0.615645 -0.177312 0.767816
vn 0.624318 -0.264431 0.735053
vn -0.001722 -0.332652 0.943048
vn 0.615645 -0.177312 0.767816
vn -0.001722 -0.332652 0.943048
vn -0.001145 -0.219417 0.975630
vn -0.001145 -0.219417 0.975630
vn -0.001722 -0.332652 0.943048
vn -0.625057 -0.254686 0.737861
vn -0.001145 -0.219417 0.975630
vn -0.625057 -0.254686 0.737861
vn -0.616201 -0.168137 0.769433
vn -0.616201 -0.168137 0.769433
vn -0.625057 -0.254686 0.737861
vn -0.999930 0.009966 0.006339
vn -0.616201 -0.168137 0.769433
vn -0.999930 0.009966 0.006339
vn -0.999936 0.010473 0.004248
vn -0.999936 0.010473 0.004248
vn -0.999930 0.009966 0.006339
vn -0.624318 0.264431 -0.735053
vn -0.999936 0.010473 0.004248
vn -0.624318 0.264431 -0.735053
vn -0.615645 0.177312 -0.767816
vn -0.615645 0.177312 -0.767816
vn -0.624318 0.264431 -0.735053
vn 0.001722 0.332652 -0.943048
vn -0.615645 0.177312 -0.767816
vn 0.001722 0.332652 -0.943048
vn 0.001145 0.219417 -0.975630
vn 0.001722 0.332652 -0.943048
vn 0.002284 0.449437 -0.893309
vn 0.636870 0.341179 -0.691371
vn 0.001722 0.332652 -0.943048
vn 0.636870 0.341179 -0.691371
vn 0.625057 0.254686 -0.737861
vn 0.625057 0.254686 -0.737861
vn 0.636870 0.341179 -0.691371
vn 0.999922 -0.009233 -0.008374
vn 0.625057 0.254686 -0.737861
vn 0.999922 -0.009233 -0.008374
vn 0.999930 -0.009966 -0.006339
vn 0.999930 -0.009966 -0.006339
vn 0.999922 -0.009233 -0.008374
vn 0.636056 -0.351606 0.686882
vn 0.999930 -0.009966 -0.006339
vn 0.636056 -0.351606 0.686882
vn 0.624318 -0.264431 0.735053
vn 0.624318 -0.264431 0.735053
vn 0.636056 -0.351606 0.686882
vn -0.002284 -0.449437 0.893309
vn 0.624318 -0.264431 0.735053
vn -0.002284 -0.449437 0.893309
vn -0.001722 -0.332652 0.943048
vn -0.001722 -0.332652 0.943048
vn -0.002284 -0.449437 0.893309
vn -0.636870 -0.341179 0.691371
vn -0.001722 -0.332652 0.943048
vn -0.636870 -0.341179 0.691371
vn -0.625057 -0.254686 0.737861
vn -0.625057 -0.254686 0.737861
vn -0.636870 -0.341179 0.691371
vn -0.999922 0.009233 0.008374
vn -0.625057 -0.254686 0.737861
vn -0.999922 0.009233 0.008374
vn -0.999930 0.009966 0.006339
vn -0.999930 0.009966 0.006339
vn -0.999922 0.009233 0.008374
vn -0.636056 0.351606 -0.686882
vn -0.999930 0.009966 0.006339
vn -0.636056 0.351606 -0.686882
vn -0.624318 0.264431 -0.735053
vn -0.624318 0.264431 -0.735053
vn -0.636056 0.351606 -0.686882
vn 0.002284 0.449437 -0.893309
vn -0.624318 0.264431 -0.735053
vn 0.002284 0.449437 -0.893309
vn 0.001722 0.332652 -0.943048
vn 0.002284 0.449437 -0.893309
vn 0.002777 0.569439 -0.822029
vn 0.651001 0.426608 -0.627856
vn 0.002284 0.449437 -0.893309
vn 0.651001 0.426608 -0.627856
vn 0.636870 0.341179 -0.691371
vn 0.636870 0.341179 -0.691371
vn 0.651001 0.426608 -0.627856
vn 0.999913 -0.008255 -0.010306
vn 0.636870 0.341179 -0.691371
vn 0.999913 -0.008255 -0.010306
vn 0.999922 -0.009233 -0.008374
vn 0.999922 -0.009233 -0.008374
vn 0.999913 -0.008255 -0.010306
vn 0.650239 -0.437642 0.621014
vn 0.999922 -0.009233 -0.008374
vn 0.650239 -0.437642 0.621014
vn 0.636056 -0.351606 0.686882
vn 0.636056 -0.351606 0.686882
vn 0.650239 -0.437642 0.621014
vn -0.002777 -0.569439 0.822029
vn 0.636056 -0.351606 0.686882
vn -0.002777 -0.569439 0.822029
vn -0.002284 -0.449437 0.893309
vn -0.002284 -0.449437 0.893309
vn -0.002777 -0.569439 0.822029
vn -0.651001 -0.426608 0.627856
vn -0.002284 -0.449437 0.893309
vn -0.651001 -0.426608 0.627856
vn -0.636870 -0.341179 0.691371
vn -0.636870 -0.341179 0.691371
vn -0.651001 -0.426608 0.627856
vn -0.999913 0.008255 0.010306
vn -0.636870 -0.341179 0.691371
vn -0.999913 0.008255 0.010306
vn -0.999922 0.009233 0.008374
vn -0.999922 0.009233 0.008374
vn -0.999913 0.008255 0.010306
vn -0.650239 0.437642 -0.621014
vn -0.999922 0.009233 0.008374
vn -0.650239 0.437642 -0.621014
vn -0.636056 0.351606 -0.686882
vn -0.636056 0.351606 -0.686882
vn -0.650239 0.437642 -0.621014
vn 0.002777 0.569439 -0.822029
vn -0.636056 0.351606 -0.686882
vn 0.002777 0.569439 -0.822029
vn 0.002284 0.449437 -0.893309
vn 0.002777 0.569439 -0.822029
vn 0.003102 0.690213 -0.723599
vn 0.666461 0.508820 -0.544914
vn 0.002777 0.569439 -0.822029
vn 0.666461 0.508820 -0.544914
vn 0.651001 0.426608 -0.627856
vn 0.651001 0.426608 -0.627856
vn 0.666461 0.508820 -0.544914
vn 0.999903 -0.007024 -0.012069
vn 0.651001 0.426608 -0.627856
vn 0.999903 -0.007024 -0.012069
vn 0.999913 -0.008255 -0.010306
vn 0.999913 -0.008255 -0.010306
vn 0.999903 -0.007024 -0.012069
vn 0.665868 -0.520059 0.534937
vn 0.999913 -0.008255 -0.010306
vn 0.665868 -0.520059 0.534937
vn 0.650239 -0.437642 0.621014
vn 0.650239 -0.437642 0.621014
vn 0.665868 -0.520059 0.534937
vn -0.003102 -0.690213 0.723599
vn 0.650239 -0.437642 0.621014
vn -0.003102 -0.690213 0.723599
vn -0.002777 -0.569439 0.822029
vn -0.002777 -0.569439 0.822029
vn -0.003102 -0.690213 0.723599
vn -0.666461 -0.508820 0.544914
vn -0.002777 -0.569439 0.822029
vn -0.666461 -0.508820 0.544914
vn -0.651001 -0.426608 0.627856
vn -0.651001 -0.426608 0.627856
vn -0.666461 -0.508820 0.544914
vn -0.999903 0.007024 0.012069
vn -0.651001 -0.426608 0.627856
vn -0.999903 0.007024 0.012069
vn -0.999913 0.008255 0.010306
vn -0.999913 0.008255 0.010306
vn -0.999903 0.007024 0.012069
vn -0.665868 0.520059 -0.534937
vn -0.999913 0.008255 0.010306
vn -0.665868 0.520059 -0.534937
vn -0.650239 0.437642 -0.621014
vn -0.650239 0.437642 -0.621014
vn -0.665868 0.520059 -0.534937
vn 0.003102 0.690213 -0.723599
vn -0.650239 0.437642 -0.621014
vn 0.003102 0.690213 -0.723599
vn 0.002777 0.569439 -0.822029
vn 0.003102 0.690213 -0.723599
vn 0.003101 0.805809 -0.592168
vn 0.681813 0.584030 -0.440499
vn 0.003102 0.690213 -0.723599
vn 0.681813 0.584030 -0.440499
vn 0.666461 0.508820 -0.544914
vn 0.666461 0.508820 -0.544914
vn 0.681813 0.584030 -0.440499
vn 0.999892 -0.005543 -0.013580
vn 0.666461 0.508820 -0.544914
vn 0.999892 -0.005543 -0.013580
vn 0.999903 -0.007024 -0.012069
vn 0.999903 -0.007024 -0.012069
vn 0.999892 -0.005543 -0.013580
vn 0.681456 -0.594591 0.426707
vn 0.999903 -0.007024 -0.012069
vn 0.681456 -0.594591 0.426707
vn 0.665868 -0.520059 0.534937
vn 0.665868 -0.520059 0.534937
vn 0.681456 -0.594591 0.426707
vn -0.003101 -0.805809 0.592168
vn 0.665868 -0.520059 0.534937
vn -0.003101 -0.805809 0.592168
vn -0.003102 -0.690213 0.723599
vn -0.003102 -0.690213 0.723599
vn -0.003101 -0.805809 0.592168
vn -0.681813 -0.584030 0.440499
vn -0.003102 -0.690213 0.723599
vn -0.681813 -0.584030 0.440499
vn -0.666461 -0.508820 0.544914
vn -0.666461 -0.508820 0.544914
vn -0.681813 -0.584030 0.440499
vn -0.999892 0.005543 0.013580
vn -0.666461 -0.508820 0.544914
vn -0.999892 0.005543 0.013580
vn -0.999903 0.007024 0.012069
vn -0.999903 0.007024 0.012069
vn -0.999892 0.005543 0.013580
vn -0.681456 0.594591 -0.426707
vn -0.999903 0.007024 0.012069
vn -0.681456 0.594591 -0.426707
vn -0.665868 0.520059 -0.534937
vn -0.665868 0.520059 -0.534937
vn -0.681456 0.594591 -0.426707
vn 0.003101 0.805809 -0.592168
vn -0.665868 0.520059 -0.534937
vn 0.003101 0.805809 -0.592168
vn 0.003102 0.690213 -0.723599
vn 0.003101 0.805809 -0.592168
vn 0.002596 0.905575 -0.424179
vn 0.695168 0.646572 -0.314143
vn 0.003101 0.805809 -0.592168
vn 0.695168 0.646572 -0.314143
vn 0.681813 0.584030 -0.440499
vn 0.681813 0.584030 -0.440499
vn 0.695168 0.646572 -0.314143
vn 0.999884 -0.003839 -0.014749
vn 0.681813 0.584030 -0.440499
vn 0.999884 -0.003839 -0.014749
vn 0.999892 -0.005543 -0.013580
vn 0.999892 -0.005543 -0.013580
vn 0.999884 -0.003839 -0.014749
vn 0.695026 -0.655059 0.296371
vn 0.999892 -0.005543 -0.013580
vn 0.695026 -0.655059 0.296371
vn 0.681456 -0.594591 0.426707
vn 0.681456 -0.594591 0.426707
vn 0.695026 -0.655059 0.296371
vn -0.002596 -0.905575 0.424179
vn 0.681456 -0.594591 0.426707
vn -0.002596 -0.905575 0.424179
vn -0.003101 -0.805809 0.592168
vn -0.003101 -0.805809 0.592168
vn -0.002596 -0.905575 0.424179
vn -0.695168 -0.646572 0.314143
vn -0.003101 -0.805809 0.592168
vn -0.695168 -0.646572 0.314143
vn -0.681813 -0.584030 0.440499
vn -0.681813 -0.584030 0.440499
vn -0.695168 -0.646572 0.314143
vn -0.999884 0.003839 0.014749
vn -0.681813 -0.584030 0.440499
vn -0.999884 0.003839 0.014749
vn -0.999892 0.005543 0.013580
vn -0.999892 0.005543 0.013580
vn -0.999884 0.003839 0.014749
vn -0.695026 0.655059 -0.296371
vn -0.999892 0.005543 0.013580
vn -0.695026 0.655059 -0.296371
vn -0.681456 0.594591 -0.426707
vn -0.681456 0.594591 -0.426707
vn -0.695026 0.655059 -0.296371
vn 0.002596 0.905575 -0.424179
vn -0.681456 0.594591 -0.426707
vn 0.002596 0.905575 -0.424179
vn 0.003101 0.805809 -0.592168
vn 0.002596 0.905575 -0.424179
vn 0.001505 0.974925 -0.222528
vn 0.704407 0.689479 -0.168611
vn 0.002596 0.905575 -0.424179
vn 0.704407 0.689479 -0.168611
vn 0.695168 0.646572 -0.314143
vn 0.695168 0.646572 -0.314143
vn 0.704407 0.689479 -0.168611
vn 0.999878 -0.001965 -0.015492
vn 0.695168 0.646572 -0.314143
vn 0.999878 -0.001965 -0.015492
vn 0.999884 -0.003839 -0.014749
vn 0.999884 -0.003839 -0.014749
vn 0.999878 -0.001965 -0.015492
vn 0.704383 -0.694286 0.147684
vn 0.999884 -0.003839 -0.014749
vn 0.704383 -0.694286 0.147684
vn 0.695026 -0.655059 0.296371
vn 0.695026 -0.655059 0.296371
vn 0.704383 -0.694286 0.147684
vn -0.001505 -0.974925 0.222528
vn 0.695026 -0.655059 0.296371
vn -0.001505 -0.974925 0.222528
vn -0.002596 -0.905575 0.424179
vn -0.002596 -0.905575 0.424179
vn -0.001505 -0.974925 0.222528
vn -0.704407 -0.689479 0.168611
vn -0.002596 -0.905575 0.424179
vn -0.704407 -0.689479 0.168611
vn -0.695168 -0.646572 0.314143
vn -0.695168 -0.646572 0.314143
vn -0.704407 -0.689479 0.168611
vn -0.999878 0.001965 0.015492
vn -0.695168 -0.646572 0.314143
vn -0.999878 0.001965 0.015492
vn -0.999884 0.003839 0.014749
vn -0.999884 0.003839 0.014749
vn -0.999878 0.001965 0.015492
vn -0.704383 0.694286 -0.147684
vn -0.999884 0.003839 0.014749
vn -0.704383 0.694286 -0.147684
vn -0.695026 0.655059 -0.296371
vn -0.695026 0.655059 -0.296371
vn -0.704383 0.694286 -0.147684
vn 0.001505 0.974925 -0.222528
vn -0.695026 0.655059 -0.296371
vn 0.001505 0.974925 -0.222528
vn 0.002596 0.905575 -0.424179
vn 0.001505 0.974925 -0.222528
vn 0.000000 1.000000 0.000000
vn 0.707732 0.706394 -0.011074
vn 0.001505 0.974925 -0.222528
vn 0.707732 0.706394 -0.011074
vn 0.704407 0.689479 -0.168611
vn 0.704407 0.689479 -0.168611
vn 0.707732 0.706394 -0.011074
vn 0.999876 0.000000 -0.015747
vn 0.704407 0.689479 -0.168611
vn 0.999876 0.000000 -0.015747
vn 0.999878 -0.001965 -0.015492
vn 0.999878 -0.001965 -0.015492
vn 0.999876 0.000000 -0.015747
vn 0.707732 -0.706394 -0.011074
vn 0.999878 -0.001965 -0.015492
vn 0.707732 -0.706394 -0.011074
vn 0.704383 -0.694286 0.147684
vn 0.704383 -0.694286 0.147684
vn 0.707732 -0.706394 -0.011074
vn 0.000000 -1.000000 0.000000
vn 0.704383 -0.694286 0.147684
vn 0.000000 -1.000000 0.000000
vn -0.001505 -0.974925 0.222528
vn -0.001505 -0.974925 0.222528
vn 0.000000 -1.000000 0.000000
vn -0.707732 -0.706394 0.011074
vn -0.001505 -0.974925 0.222528
vn -0.707732 -0.706394 0.011074
vn -0.704407 -0.689479 0.168611
vn -0.704407 -0.689479 0.168611
vn -0.707732 -0.706394 0.011074
vn -0.999876 0.000000 0.015747
vn -0.704407 -0.689479 0.168611
vn -0.999876 0.000000 0.015747
vn -0.999878 0.001965 0.015492
vn -0.999878 0.001965 0.015492
vn -0.999876 0.000000 0.015747
vn -0.707732 0.706394 0.011074
vn -0.999878 0.001965 0.015492
vn -0.707732 0.706394 0.011074
vn -0.704383 0.694286 -0.147684
vn -0.704383 0.694286 -0.147684
vn -0.707732 0.706394 0.011074
vn 0.000000 1.000000 0.000000
vn -0.704383 0.694286 -0.147684
vn 0.000000 1.000000 0.000000
vn 0.001505 0.974925 -0.222528
vn 0.000000 0.000000 -1.000000
vn 0.000000 0.000000 -1.000000
vn 0.000000 0.000000 -1.000000
vn 0.000000 0.000000 -1.000000
vn 0.000000 0.000000 -1.000000
vn 0.000000 0.000000 -1.000000
vn 0.000000 0.000000 1.000000
vn 0.000000 0.000000 1.000000
vn 0.000000 0.000000 1.000000
vn 0.000000 0.000000 1.000000
vn 0.000000 0.000000 1.000000
vn 0.000000 0.000000 1.000000
vn 0.000000 -1.000000 0.000000
vn 0.000000 -1.000000 0.000000
vn 0.000000 -1.000000 0.000000
vn 0.000000 -1.000000 0.000000
vn 0.000000 -1.000000 0.000000
vn 0.000000 -1.000000 0.000000
vn 1.000000 0.000000 0.000000
vn 1.000000 0.000000 0.000000
vn 1.000000 0.000000 0.000000
vn 1.000000 0.000000 0.000000
vn 1.000000 0.000000 0.000000
vn 1.000000 0.000000 0.000000
vn 0.000000 1.000000 0.000000
vn 0.000000 1.000000 0.000000
vn 0.000000 1.000000 0.000000
vn 0.000000 1.000000 0.000000
vn 0.000000 1.000000 0.000000
vn 0.000000 1.000000 0.000000
vn -1.000000 0.000000 0.000000
vn -1.000000 0.000000 0.000000
vn -1.000000 0.000000 0.000000
vn -1.000000 0.000000 0.000000
vn -1.000000 0.000000 0.000000
vn -1.000000 0.000000 0.000000
vn 0.000000 0.000000 -1.000000
vn 0.000000 0.000000 -1.000000
vn 0.000000 0.000000 -1.000000
vn 0.000000 0.000000 -1.000000
vn 0.000000 0.000000 -1.000000
vn 0.000000 0.000000 -1.000000
vn 0.000000 0.000000 1.000000
vn 0.000000 0.000000 1.000000
vn 0.000000 0.000000 1.000000
vn 0.000000 0.000000 1.000000
vn 0.000000 0.000000 1.000000
vn 0.000000 0.000000 1.000000
vn 0.000000 -1.000000 0.000000
vn 0.000000 -1.000000 0.000000
vn 0.000000 -1.000000 0.000000
vn 0.000000 -1.000000 0.000000
vn 0.000000 -1.000000 0.000000
vn 0.000000 -1.000000 0.000000
vn 1.000000 0.000000 0.000000
vn 1.000000 0.000000 0.000000
vn 1.000000 0.000000 0.000000
vn 1.000000 0.000000 0.000000
vn 1.000000 0.000000 0.000000
vn 1.000000 0.000000 0.000000
vn 0.000000 1.000000 0.000000
vn 0.000000 1.000000 0.000000
vn 0.000000 1.000000 0.000000
vn 0.000000 1.000000 0.000000
vn 0.000000 1.000000 0.000000
vn 0.000000 1.000000 0.000000
vn -1.000000 0.000000 0.000000
vn -1.000000 0.000000 0.000000
vn -1.000000 0.000000 0.000000
vn -1.000000 0.000000 0.000000
vn -1.000000 0.000000 0.000000
vn -1.000000 0.000000 0.000000
vn 0.000000 0.000000 -1.000000
vn 0.000000 0.000000 -1.000000
vn 0.000000 0.000000 -1.000000
vn 0.000000 0.000000 -1.000000
vn 0.000000 0.000000 -1.000000
vn 0.000000 0.000000 -1.000000
vn 0.000000 0.000000 1.000000
vn 0.000000 0.000000 1.000000
vn 0.000000 0.000000 1.000000
vn 0.000000 0.000000 1.000000
vn 0.000000 0.000000 1.000000
vn 0.000000 0.000000 1.000000
vn -0.287348 -0.957826 0.000000
vn -0.287348 -0.957826 0.000000
vn -0.287348 -0.957826 0.000000
vn -0.287348 -0.957826 0.000000
vn -0.287348 -0.957826 0.000000
vn -0.287348 -0.957826 0.000000
vn 0.716555 -0.697531 0.000000
vn 0.716555 -0.697531 0.000000
vn 0.716555 -0.697531 0.000000
vn 0.716555 -0.697531 0.000000
vn 0.716555 -0.697531 0.000000
vn 0.716555 -0.697531 0.000000
vn 0.062378 0.998053 0.000000
vn 0.062378 0.998053 0.000000
vn 0.062378 0.998053 0.000000
vn 0.062378 0.998053 0.000000
vn 0.062378 0.998053 0.000000
vn 0.062378 0.998053 0.000000
vn -0.880775 0.473535 0.000000
vn -0.880775 0.473535 0.000000
vn -0.880775 0.473535 0.000000
vn -0.880775 0.473535 0.000000
vn -0.880775 0.473535 0.000000
vn -0.880775 0.473535 0.000000
vn -0.856120 0.516280 0.022656
vn -0.856120 0.492824 0.155507
vn -0.349142 0.903839 0.247337
vn -0.856120 0.516280 0.022656
vn -0.349142 0.903839 0.247337
vn -0.349142 0.937057 0.004978
vn -0.856120 0.492824 0.155507
vn -0.856120 0.435783 0.277761
vn -0.349142 0.809026 0.472840
vn -0.856120 0.492824 0.155507
vn -0.349142 0.809026 0.472840
vn -0.349142 0.903839 0.247337
vn -0.856120 0.435783 0.277761
vn -0.856120 0.349044 0.381085
vn -0.349142 0.659079 0.666119
vn -0.856120 0.435783 0.277761
vn -0.349142 0.659079 0.666119
vn -0.349142 0.809026 0.472840
vn -0.856120 0.349044 0.381085
vn -0.856120 0.238519 0.458439
vn -0.349142 0.464217 0.814004
vn -0.856120 0.349044 0.381085
vn -0.349142 0.464217 0.814004
vn -0.349142 0.659079 0.666119
vn -0.856120 0.238519 0.458439
vn -0.856120 0.111738 0.504552
vn -0.349142 0.237719 0.906416
vn -0.856120 0.238519 0.458439
vn -0.349142 0.237719 0.906416
vn -0.349142 0.464217 0.814004
vn -0.856120 0.111738 0.504552
vn -0.856120 -0.022656 0.516280
vn -0.349142 -0.004978 0.937057
vn -0.856120 0.111738 0.504552
vn -0.349142 -0.004978 0.937057
vn -0.349142 0.237719 0.906416
vn -0.856120 -0.022656 0.516280
vn -0.856120 -0.155507 0.492824
vn -0.349142 -0.247337 0.903839
vn -0.856120 -0.022656 0.516280
vn -0.349142 -0.247337 0.903839
vn -0.349142 -0.004978 0.937057
vn -0.856120 -0.155507 0.492824
vn -0.856120 -0.277761 0.435783
vn -0.349142 -0.472840 0.809026
vn -0.856120 -0.155507 0.492824
vn -0.349142 -0.472840 0.809026
vn -0.349142 -0.247337 0.903839
vn -0.856120 -0.277761 0.435783
vn -0.856120 -0.381085 0.349044
vn -0.349142 -0.666119 0.659079
vn -0.856120 -0.277761 0.435783
vn -0.349142 -0.666119 0.659079
vn -0.349142 -0.472840 0.809026
vn -0.856120 -0.381085 0.349044
vn -0.856120 -0.458439 0.238519
vn -0.349142 -0.814004 0.464217
vn -0.856120 -0.381085 0.349044
vn -0.349142 -0.814004 0.464217
vn -0.349142 -0.666119 0.659079
vn -0.856120 -0.458439 0.238519
vn -0.856120 -0.504552 0.111738
vn -0.349142 -0.906416 0.237719
vn -0.856120 -0.458439 0.238519
vn -0.349142 -0.906416 0.237719
vn -0.349142 -0.814004 0.464217
vn -0.856120 -0.504552 0.111738
vn -0.856120 -0.516280 -0.022656
vn -0.349142 -0.937057 -0.004978
vn -0.856120 -0.504552 0.111738
vn -0.349142 -0.937057 -0.004978
vn -0.349142 -0.906416 0.237719
vn -0.856120 -0.516280 -0.022656
vn -0.856120 -0.492824 -0.155507
vn -0.349142 -0.903839 -0.247337
vn -0.856120 -0.516280 -0.022656
vn -0.349142 -0.903839 -0.247337
vn -0.349142 -0.937057 -0.004978
vn -0.856120 -0.492824 -0.155507
vn -0.856120 -0.435783 -0.277761
vn -0.349142 -0.809026 -0.472840
vn -0.856120 -0.492824 -0.155507
vn -0.349142 -0.809026 -0.472840
vn -0.349142 -0.903839 -0.247337
vn -0.856120 -0.435783 -0.277761
vn -0.856120 -0.349044 -0.381085
vn -0.349142 -0.659079 -0.666119
vn -0.856120 -0.435783 -0.277761
vn -0.349142 -0.659079 -0.666119
vn -0.349142 -0.809026 -0.472840
vn -0.856120 -0.349044 -0.381085
vn -0.856120 -0.238519 -0.458439
vn -0.349142 -0.464217 -0.814004
vn -0.856120 -0.349044 -0.381085
vn -0.349142 -0.464217 -0.814004
vn -0.349142 -0.659079 -0.666119
vn -0.856120 -0.238519 -0.458439
vn -0.856120 -0.111738 -0.504552
vn -0.349142 -0.237719 -0.906416
vn -0.856120 -0.238519 -0.458439
vn -0.349142 -0.237719 -0.906416
vn -0.349142 -0.464217 -0.814004
vn -0.856120 -0.111738 -0.504552
vn -0.856120 0.022656 -0.516280
vn -0.349142 0.004978 -0.937057
vn -0.856120 -0.111738 -0.504552
vn -0.349142 0.004978 -0.937057
vn -0.349142 -0.237719 -0.906416
vn -0.856120 0.022656 -0.516280
vn -0.856120 0.155507 -0.492824
vn -0.349142 0.247337 -0.903839
vn -0.856120 0.022656 -0.516280
vn -0.349142 0.247337 -0.903839
vn -0.349142 0.004978 -0.937057
vn -0.856120 0.155507 -0.492824
vn -0.856120 0.277761 -0.435783
vn -0.349142 0.472840 -0.809026
vn -0.856120 0.155507 -0.492824
vn -0.349142 0.472840 -0.809026
vn -0.349142 0.247337 -0.903839
vn -0.856120 0.277761 -0.435783
vn -0.856120 0.381085 -0.349044
vn -0.349142 0.666119 -0.659079
vn -0.856120 0.277761 -0.435783
vn -0.349142 0.666119 -0.659079
vn -0.349142 0.472840 -0.809026
vn -0.856120 0.381085 -0.349044
vn -0.856120 0.458439 -0.238519
vn -0.349142 0.814004 -0.464217
vn -0.856120 0.381085 -0.349044
vn -0.349142 0.814004 -0.464217
vn -0.349142 0.666119 -0.659079
vn -0.856120 0.458439 -0.238519
vn -0.856120 0.504552 -0.111738
vn -0.349142 0.906416 -0.237719
vn -0.856120 0.458439 -0.238519
vn -0.349142 0.906416 -0.237719
vn -0.349142 0.814004 -0.464217
vn -0.856120 0.504552 -0.111738
vn -0.856120 0.516280 0.022656
vn -0.349142 0.937057 0.004978
vn -0.856120 0.504552 -0.111738
vn -0.349142 0.937057 0.004978
vn -0.349142 0.906416 -0.237719
vn -0.349142 0.937057 0.004978
vn -0.349142 0.903839 0.247337
vn 0.160057 0.953831 0.254143
vn -0.349142 0.937057 0.004978
vn 0.160057 0.953831 0.254143
vn 0.160057 0.987107 -0.001387
vn -0.349142 0.903839 0.247337
vn -0.349142 0.809026 0.472840
vn 0.160057 0.855553 0.492352
vn -0.349142 0.903839 0.247337
vn 0.160057 0.855553 0.492352
vn 0.160057 0.953831 0.254143
vn -0.349142 0.809026 0.472840
vn -0.349142 0.659079 0.666119
vn 0.160057 0.698970 0.697009
vn -0.349142 0.809026 0.472840
vn 0.160057 0.698970 0.697009
vn 0.160057 0.855553 0.492352
vn -0.349142 0.659079 0.666119
vn -0.349142 0.464217 0.814004
vn 0.160057 0.494754 0.854166
vn -0.349142 0.659079 0.666119
vn 0.160057 0.494754 0.854166
vn 0.160057 0.698970 0.697009
vn -0.349142 0.464217 0.814004
vn -0.349142 0.237719 0.906416
vn 0.160057 0.256822 0.953113
vn -0.349142 0.464217 0.814004
vn 0.160057 0.256822 0.953113
vn 0.160057 0.494754 0.854166
vn -0.349142 0.237719 0.906416
vn -0.349142 -0.004978 0.937057
vn 0.160057 0.001387 0.987107
vn -0.349142 0.237719 0.906416
vn 0.160057 0.001387 0.987107
vn 0.160057 0.256822 0.953113
vn -0.349142 -0.004978 0.937057
vn -0.349142 -0.247337 0.903839
vn 0.160057 -0.254143 0.953831
vn -0.349142 -0.004978 0.937057
vn 0.160057 -0.254143 0.953831
vn 0.160057 0.001387 0.987107
vn -0.349142 -0.247337 0.903839
vn -0.349142 -0.472840 0.809026
vn 0.160057 -0.492352 0.855553
vn -0.349142 -0.247337 0.903839
vn 0.160057 -0.492352 0.855553
vn 0.160057 -0.254143 0.953831
vn -0.349142 -0.472840 0.809026
vn -0.349142 -0.666119 0.659079
vn 0.160057 -0.697009 0.698970
vn -0.349142 -0.472840 0.809026
vn 0.160057 -0.697009 0.698970
vn 0.160057 -0.492352 0.855553
vn -0.349142 -0.666119 0.659079
vn -0.349142 -0.814004 0.464217
vn 0.160057 -0.854166 0.494754
vn -0.349142 -0.666119 0.659079
vn 0.160057 -0.854166 0.494754
vn 0.160057 -0.697009 0.698970
vn -0.349142 -0.814004 0.464217
vn -0.349142 -0.906416 0.237719
vn 0.160057 -0.953113 0.256822
vn -0.349142 -0.814004 0.464217
vn 0.160057 -0.953113 0.256822
vn 0.160057 -0.854166 0.494754
vn -0.349142 -0.906416 0.237719
vn -0.349142 -0.937057 -0.004978
vn 0.160057 -0.987107 0.001387
vn -0.349142 -0.906416 0.237719
vn 0.160057 -0.987107 0.001387
vn 0.160057 -0.953113 0.256822
vn -0.349142 -0.937057 -0.004978
vn -0.349142 -0.903839 -0.247337
vn 0.160057 -0.953831 -0.254143
vn -0.349142 -0.937057 -0.004978
vn 0.160057 -0.953831 -0.254143
vn 0.160057 -0.987107 0.001387
vn -0.349142 -0.903839 -0.247337
vn -0.349142 -0.809026 -0.472840
vn 0.160057 -0.855553 -0.492352
vn -0.349142 -0.903839 -0.247337
vn 0.160057 -0.855553 -0.492352
vn 0.160057 -0.953831 -0.254143
vn -0.349142 -0.809026 -0.472840
vn -0.349142 -0.659079 -0.666119
vn 0.160057 -0.698970 -0.697009
vn -0.349142 -0.809026 -0.472840
vn 0.160057 -0.698970 -0.697009
vn 0.160057 -0.855553 -0.492352
vn -0.349142 -0.659079 -0.666119
vn -0.349142 -0.464217 -0.814004
vn 0.160057 -0.494754 -0.854166
vn -0.349142 -0.659079 -0.666119
vn 0.160057 -0.494754 -0.854166
vn 0.160057 -0.698970 -0.697009
vn -0.349142 -0.464217 -0.814004
vn -0.349142 -0.237719 -0.906416
vn 0.160057 -0.256822 -0.953113
vn -0.349142 -0.464217 -0.814004
vn 0.160057 -0.256822 -0.953113
vn 0.160057 -0.494754 -0.854166
vn -0.349142 -0.237719 -0.906416
vn -0.349142 0.004978 -0.937057
vn 0.160057 -0.001387 -0.987107
vn -0.349142 -0.237719 -0.906416
vn 0.160057 -0.001387 -0.987107
vn 0.160057 -0.256822 -0.953113
vn -0.349142 0.004978 -0.937057
vn -0.349142 0.247337 -0.903839
vn 0.160057 0.254143 -0.953831
vn -0.349142 0.004978 -0.937057
vn 0.160057 0.254143 -0.953831
vn 0.160057 -0.001387 -0.987107
vn -0.349142 0.247337 -0.903839
vn -0.349142 0.472840 -0.809026
vn 0.160057 0.492352 -0.855553
vn -0.349142 0.247337 -0.903839
vn 0.160057 0.492352 -0.855553
vn 0.160057 0.254143 -0.953831
vn -0.349142 0.472840 -0.809026
vn -0.349142 0.666119 -0.659079
vn 0.160057 0.697009 -0.698970
vn -0.349142 0.472840 -0.809026
vn 0.160057 0.697009 -0.698970
vn 0.160057 0.492352 -0.855553
vn -0.349142 0.666119 -0.659079
vn -0.349142 0.814004 -0.464217
vn 0.160057 0.854166 -0.494754
vn -0.349142 0.666119 -0.659079
vn 0.160057 0.854166 -0.494754
vn 0.160057 0.697009 -0.698970
vn -0.349142 0.814004 -0.464217
vn -0.349142 0.906416 -0.237719
vn 0.160057 0.953113 -0.256822
vn -0.349142 0.814004 -0.464217
vn 0.160057 0.953113 -0.256822
vn 0.160057 0.854166 -0.494754
vn -0.349142 0.906416 -0.237719
vn -0.349142 0.937057 0.004978
vn 0.160057 0.987107 -0.001387
vn -0.349142 0.906416 -0.237719
vn 0.160057 0.987107 -0.001387
vn 0.160057 0.953113 -0.256822
vn 0.160057 0.987107 -0.001387
vn 0.160057 0.953831 0.254143
vn 0.737287 0.659599 0.146075
vn 0.160057 0.987107 -0.001387
vn 0.737287 0.659599 0.146075
vn 0.737287 0.674930 -0.029619
vn 0.160057 0.953831 0.254143
vn 0.160057 0.855553 0.492352
vn 0.737287 0.599316 0.311815
vn 0.160057 0.953831 0.254143
vn 0.737287 0.599316 0.311815
vn 0.737287 0.659599 0.146075
vn 0.160057 0.855553 0.492352
vn 0.160057 0.698970 0.697009
vn 0.737287 0.498191 0.456304
vn 0.160057 0.855553 0.492352
vn 0.737287 0.498191 0.456304
vn 0.737287 0.599316 0.311815
vn 0.160057 0.698970 0.697009
vn 0.160057 0.494754 0.854166
vn 0.737287 0.363116 0.569697
vn 0.160057 0.698970 0.697009
vn 0.737287 0.363116 0.569697
vn 0.737287 0.498191 0.456304
vn 0.160057 0.494754 0.854166
vn 0.160057 0.256822 0.953113
vn 0.737287 0.203294 0.644267
vn 0.160057 0.494754 0.854166
vn 0.737287 0.203294 0.644267
vn 0.737287 0.363116 0.569697
vn 0.160057 0.256822 0.953113
vn 0.160057 0.001387 0.987107
vn 0.737287 0.029619 0.674930
vn 0.160057 0.256822 0.953113
vn 0.737287 0.029619 0.674930
vn 0.737287 0.203294 0.644267
vn 0.160057 0.001387 0.987107
vn 0.160057 -0.254143 0.953831
vn 0.737287 -0.146075 0.659599
vn 0.160057 0.001387 0.987107
vn 0.737287 -0.146075 0.659599
vn 0.737287 0.029619 0.674930
vn 0.160057 -0.254143 0.953831
vn 0.160057 -0.492352 0.855553
vn 0.737287 -0.311815 0.599316
vn 0.160057 -0.254143 0.953831
vn 0.737287 -0.311815 0.599316
vn 0.737287 -0.146075 0.659599
vn 0.160057 -0.492352 0.855553
vn 0.160057 -0.697009 0.698970
vn 0.737287 -0.456304 0.498191
vn 0.160057 -0.492352 0.855553
vn 0.737287 -0.456304 0.498191
vn 0.737287 -0.311815 0.599316
vn 0.160057 -0.697009 0.698970
vn 0.160057 -0.854166 0.494754
vn 0.737287 -0.569697 0.363116
vn 0.160057 -0.697009 0.698970
vn 0.737287 -0.569697 0.363116
vn 0.737287 -0.456304 0.498191
vn 0.160057 -0.854166 0.494754
vn 0.160057 -0.953113 0.256822
vn 0.737287 -0.644267 0.203294
vn 0.160057 -0.854166 0.494754
vn 0.737287 -0.644267 0.203294
vn 0.737287 -0.569697 0.363116
vn 0.160057 -0.953113 0.256822
vn 0.160057 -0.987107 0.001387
vn 0.737287 -0.674930 0.029619
vn 0.160057 -0.953113 0.256822
vn 0.737287 -0.674930 0.029619
vn 0.737287 -0.644267 0.203294
vn 0.160057 -0.987107 0.001387
vn 0.160057 -0.953831 -0.254143
vn 0.737287 -0.659599 -0.146075
vn 0.160057 -0.987107 0.001387
vn 0.737287 -0.659599 -0.146075
vn 0.737287 -0.674930 0.029619
vn 0.160057 -0.953831 -0.254143
vn 0.160057 -0.855553 -0.492352
vn 0.737287 -0.599316 -0.311815
vn 0.160057 -0.953831 -0.254143
vn 0.737287 -0.599316 -0.311815
vn 0.737287 -0.659599 -0.146075
vn 0.160057 -0.855553 -0.492352
vn 0.160057 -0.698970 -0.697009
vn 0.737287 -0.498191 -0.456304
vn 0.160057 -0.855553 -0.492352
vn 0.737287 -0.498191 -0.456304
vn 0.737287 -0.599316 -0.311815
vn 0.160057 -0.698970 -0.697009
vn 0.160057 -0.494754 -0.854166
vn 0.737287 -0.363116 -0.569697
vn 0.160057 -0.698970 -0.697009
vn 0.737287 -0.363116 -0.569697
vn 0.737287 -0.498191 -0.456304
vn 0.160057 -0.494754 -0.854166
vn 0.160057 -0.256822 -0.953113
vn 0.737287 -0.203294 -0.644267
vn 0.160057 -0.494754 -0.854166
vn 0.737287 -0.203294 -0.644267
vn 0.737287 -0.363116 -0.569697
vn 0.160057 -0.256822 -0.953113
vn 0.160057 -0.001387 -0.987107
vn 0.737287 -0.029619 -0.674930
vn 0.160057 -0.256822 -0.953113
vn 0.737287 -0.029619 -0.674930
vn 0.737287 -0.203294 -0.644267
vn 0.160057 -0.001387 -0.987107
vn 0.160057 0.254143 -0.953831
vn 0.737287 0.146075 -0.659599
vn 0.160057 -0.001387 -0.987107
vn 0.737287 0.146075 -0.659599
vn 0.737287 -0.029619 -0.674930
vn 0.160057 0.254143 -0.953831
vn 0.160057 0.492352 -0.855553
vn 0.737287 0.311815 -0.599316
vn 0.160057 0.254143 -0.953831
vn 0.737287 0.311815 -0.599316
vn 0.737287 0.146075 -0.659599
vn 0.160057 0.492352 -0.855553
vn 0.160057 0.697009 -0.698970
vn 0.737287 0.456304 -0.498191
vn 0.160057 0.492352 -0.855553
vn 0.737287 0.456304 -0.498191
vn 0.737287 0.311815 -0.599316
vn 0.160057 0.697009 -0.698970
vn 0.160057 0.854166 -0.494754
vn 0.737287 0.569697 -0.363116
vn 0.160057 0.697009 -0.698970
vn 0.737287 0.569697 -0.363116
vn 0.737287 0.456304 -0.498191
vn 0.160057 0.854166 -0.494754
vn 0.160057 0.953113 -0.256822
vn 0.737287 0.644267 -0.203294
vn 0.160057 0.854166 -0.494754
vn 0.737287 0.644267 -0.203294
vn 0.737287 0.569697 -0.363116
vn 0.160057 0.953113 -0.256822
vn 0.160057 0.987107 -0.001387
vn 0.737287 0.674930 -0.029619
vn 0.160057 0.953113 -0.256822
vn 0.737287 0.674930 -0.029619
vn 0.737287 0.644267 -0.203294
vn -0.856120 0.492824 0.155507
vn -0.856120 0.516280 0.022656
vn -1.000000 0.000000 0.000000
vn -0.856120 0.435783 0.277761
vn -0.856120 0.492824 0.155507
vn -1.000000 0.000000 0.000000
vn -0.856120 0.349044 0.381085
vn -0.856120 0.435783 0.277761
vn -1.000000 0.000000 0.000000
vn -0.856120 0.238519 0.458439
vn -0.856120 0.349044 0.381085
vn -1.000000 0.000000 0.000000
vn -0.856120 0.111738 0.504552
vn -0.856120 0.238519 0.458439
vn -1.000000 0.000000 0.000000
vn -0.856120 -0.022656 0.516280
vn -0.856120 0.111738 0.504552
vn -1.000000 0.000000 0.000000
vn -0.856120 -0.155507 0.492824
vn -0.856120 -0.022656 0.516280
vn -1.000000 0.000000 0.000000
vn -0.856120 -0.277761 0.435783
vn -0.856120 -0.155507 0.492824
vn -1.000000 0.000000 0.000000
vn -0.856120 -0.381085 0.349044
vn -0.856120 -0.277761 0.435783
vn -1.000000 0.000000 0.000000
vn -0.856120 -0.458439 0.238519
vn -0.856120 -0.381085 0.349044
vn -1.000000 0.000000 0.000000
vn -0.856120 -0.504552 0.111738
vn -0.856120 -0.458439 0.238519
vn -1.000000 0.000000 0.000000
vn -0.856120 -0.516280 -0.022656
vn -0.856120 -0.504552 0.111738
vn -1.000000 0.000000 0.000000
vn -0.856120 -0.492824 -0.155507
vn -0.856120 -0.516280 -0.022656
vn -1.000000 0.000000 0.000000
vn -0.856120 -0.435783 -0.277761
vn -0.856120 -0.492824 -0.155507
vn -1.000000 0.000000 0.000000
vn -0.856120 -0.349044 -0.381085
vn -0.856120 -0.435783 -0.277761
vn -1.000000 0.000000 0.000000
vn -0.856120 -0.238519 -0.458439
vn -0.856120 -0.349044 -0.381085
vn -1.000000 0.000000 0.000000
vn -0.856120 -0.111738 -0.504552
vn -0.856120 -0.238519 -0.458439
vn -1.000000 0.000000 0.000000
vn -0.856120 0.022656 -0.516280
vn -0.856120 -0.111738 -0.504552
vn -1.000000 0.000000 0.000000
vn -0.856120 0.155507 -0.492824
vn -0.856120 0.022656 -0.516280
vn -1.000000 0.000000 0.000000
vn -0.856120 0.277761 -0.435783
vn -0.856120 0.155507 -0.492824
vn -1.000000 0.000000 0.000000
vn -0.856120 0.381085 -0.349044
vn -0.856120 0.277761 -0.435783
vn -1.000000 0.000000 0.000000
vn -0.856120 0.458439 -0.238519
vn -0.856120 0.381085 -0.349044
vn -1.000000 0.000000 0.000000
vn -0.856120 0.504552 -0.111738
vn -0.856120 0.458439 -0.238519
vn -1.000000 0.000000 0.000000
vn -0.856120 0.516280 0.022656
vn -0.856120 0.504552 -0.111738
vn -1.000000 0.000000 0.000000
vn 1.000000 0.000000 0.000000
vn 0.737287 0.674930 -0.029619
vn 0.737287 0.659599 0.146075
vn 1.000000 0.000000 0.000000
vn 0.737287 0.659599 0.146075
vn 0.737287 0.599316 0.311815
vn 1.000000 0.000000 0.000000
vn 0.737287 0.599316 0.311815
vn 0.737287 0.498191 0.456304
vn 1.000000 0.000000 0.000000
vn 0.737287 0.498191 0.456304
vn 0.737287 0.363116 0.569697
vn 1.000000 0.000000 0.000000
vn 0.737287 0.363116 0.569697
vn 0.737287 0.203294 0.644267
vn 1.000000 0.000000 0.000000
vn 0.737287 0.203294 0.644267
vn 0.737287 0.029619 0.674930
vn 1.000000 0.000000 0.000000
vn 0.737287 0.029619 0.674930
vn 0.737287 -0.146075 0.659599
vn 1.000000 0.000000 0.000000
vn 0.737287 -0.146075 0.659599
vn 0.737287 -0.311815 0.599316
vn 1.000000 0.000000 0.000000
vn 0.737287 -0.311815 0.599316
vn 0.737287 -0.456304 0.498191
vn 1.000000 0.000000 0.000000
vn 0.737287 -0.456304 0.498191
vn 0.737287 -0.569697 0.363116
vn 1.000000 0.000000 0.000000
vn 0.737287 -0.569697 0.363116
vn 0.737287 -0.644267 0.203294
vn 1.000000 0.000000 0.000000
vn 0.737287 -0.644267 0.203294
vn 0.737287 -0.674930 0.029619
vn 1.000000 0.000000 0.000000
vn 0.737287 -0.674930 0.029619
vn 0.737287 -0.659599 -0.146075
vn 1.000000 0.000000 0.000000
vn 0.737287 -0.659599 -0.146075
vn 0.737287 -0.599316 -0.311815
vn 1.000000 0.000000 0.000000
vn 0.737287 -0.599316 -0.311815
vn 0.737287 -0.498191 -0.456304
vn 1.000000 0.000000 0.000000
vn 0.737287 -0.498191 -0.456304
vn 0.737287 -0.363116 -0.569697
vn 1.000000 0.000000 0.000000
vn 0.737287 -0.363116 -0.569697
vn 0.737287 -0.203294 -0.644267
vn 1.000000 0.000000 0.000000
vn 0.737287 -0.203294 -0.644267
vn 0.737287 -0.029619 -0.674930
vn 1.000000 0.000000 0.000000
vn 0.737287 -0.029619 -0.674930
vn 0.737287 0.146075 -0.659599
vn 1.000000 0.000000 0.000000
vn 0.737287 0.146075 -0.659599
vn 0.737287 0.311815 -0.599316
vn 1.000000 0.000000 0.000000
vn 0.737287 0.311815 -0.599316
vn 0.737287 0.456304 -0.498191
vn 1.000000 0.000000 0.000000
vn 0.737287 0.456304 -0.498191
vn 0.737287 0.569697 -0.363116
vn 1.000000 0.000000 0.000000
vn 0.737287 0.569697 -0.363116
vn 0.737287 0.644267 -0.203294
vn 1.000000 0.000000 0.000000
vn 0.737287 0.644267 -0.203294
vn 0.737287 0.674930 -0.029619
vn -0.557631 0.829291 0.036393
vn -0.557631 0.791614 0.249789
vn 0.557631 0.810452 0.179484
vn -0.557631 0.829291 0.036393
vn 0.557631 0.810452 0.179484
vn 0.557631 0.829291 -0.036393
vn -0.557631 0.791614 0.249789
vn -0.557631 0.699990 0.446162
vn 0.557631 0.736383 0.383128
vn -0.557631 0.791614 0.249789
vn 0.557631 0.736383 0.383128
vn 0.557631 0.810452 0.179484
vn -0.557631 0.699990 0.446162
vn -0.557631 0.560664 0.612131
vn 0.557631 0.612131 0.560664
vn -0.557631 0.699990 0.446162
vn 0.557631 0.612131 0.560664
vn 0.557631 0.736383 0.383128
vn -0.557631 0.560664 0.612131
vn -0.557631 0.383128 0.736383
vn 0.557631 0.446162 0.699990
vn -0.557631 0.560664 0.612131
vn 0.557631 0.446162 0.699990
vn 0.557631 0.612131 0.560664
vn -0.557631 0.383128 0.736383
vn -0.557631 0.179484 0.810452
vn 0.557631 0.249789 0.791614
vn -0.557631 0.383128 0.736383
vn 0.557631 0.249789 0.791614
vn 0.557631 0.446162 0.699990
vn -0.557631 0.179484 0.810452
vn -0.557631 -0.036393 0.829291
vn 0.557631 0.036393 0.829291
vn -0.557631 0.179484 0.810452
vn 0.557631 0.036393 0.829291
vn 0.557631 0.249789 0.791614
vn -0.557631 -0.036393 0.829291
vn -0.557631 -0.249789 0.791614
vn 0.557631 -0.179484 0.810452
vn -0.557631 -0.036393 0.829291
vn 0.557631 -0.179484 0.810452
vn 0.557631 0.036393 0.829291
vn -0.557631 -0.249789 0.791614
vn -0.557631 -0.446162 0.699990
vn 0.557631 -0.383128 0.736383
vn -0.557631 -0.249789 0.791614
vn 0.557631 -0.383128 0.736383
vn 0.557631 -0.179484 0.810452
vn -0.557631 -0.446162 0.699990
vn -0.557631 -0.612131 0.560664
vn 0.557631 -0.560664 0.612131
vn -0.557631 -0.446162 0.699990
vn 0.557631 -0.560664 0.612131
vn 0.557631 -0.383128 0.736383
vn -0.557631 -0.612131 0.560664
vn -0.557631 -0.736383 0.383128
vn 0.557631 -0.699990 0.446162
vn -0.557631 -0.612131 0.560664
vn 0.557631 -0.699990 0.446162
vn 0.557631 -0.560664 0.612131
vn -0.557631 -0.736383 0.383128
vn -0.557631 -0.810452 0.179484
vn 0.557631 -0.791614 0.249789
vn -0.557631 -0.736383 0.383128
vn 0.557631 -0.791614 0.249789
vn 0.557631 -0.699990 0.446162
vn -0.557631 -0.810452 0.179484
vn -0.557631 -0.829291 -0.036393
vn 0.557631 -0.829291 0.036393
vn -0.557631 -0.810452 0.179484
vn 0.557631 -0.829291 0.036393
vn 0.557631 -0.791614 0.249789
vn -0.557631 -0.829291 -0.036393
vn -0.557631 -0.791614 -0.249789
vn 0.557631 -0.810452 -0.179484
vn -0.557631 -0.829291 -0.036393
vn 0.557631 -0.810452 -0.179484
vn 0.557631 -0.829291 0.036393
vn -0.557631 -0.791614 -0.249789
vn -0.557631 -0.699990 -0.446162
vn 0.557631 -0.736383 -0.383128
vn -0.557631 -0.791614 -0.249789
vn 0.557631 -0.736383 -0.383128
vn 0.557631 -0.810452 -0.179484
vn -0.557631 -0.699990 -0.446162
vn -0.557631 -0.560664 -0.612131
vn 0.557631 -0.612131 -0.560664
vn -0.557631 -0.699990 -0.446162
vn 0.557631 -0.612131 -0.560664
vn 0.557631 -0.736383 -0.383128
vn -0.557631 -0.560664 -0.612131
vn -0.557631 -0.383128 -0.736383
vn 0.557631 -0.446162 -0.699990
vn -0.557631 -0.560664 -0.612131
vn 0.557631 -0.446162 -0.699990
vn 0.557631 -0.612131 -0.560664
vn -0.557631 -0.383128 -0.736383
vn -0.557631 -0.179484 -0.810452
vn 0.557631 -0.249789 -0.791614
vn -0.557631 -0.383128 -0.736383
vn 0.557631 -0.249789 -0.791614
vn 0.557631 -0.446162 -0.699990
vn -0.557631 -0.179484 -0.810452
vn -0.557631 0.036393 -0.829291
vn 0.557631 -0.036393 -0.829291
vn -0.557631 -0.179484 -0.810452
vn 0.557631 -0.036393 -0.829291
vn 0.557631 -0.249789 -0.791614
vn -0.557631 0.036393 -0.829291
vn -0.557631 0.249789 -0.791614
vn 0.557631 0.179484 -0.810452
vn -0.557631 0.036393 -0.829291
vn 0.557631 0.179484 -0.810452
vn 0.557631 -0.036393 -0.829291
vn -0.557631 0.249789 -0.791614
vn -0.557631 0.446162 -0.699990
vn 0.557631 0.383128 -0.736383
vn -0.557631 0.249789 -0.791614
vn 0.557631 0.383128 -0.736383
vn 0.557631 0.179484 -0.810452
vn -0.557631 0.446162 -0.699990
vn -0.557631 0.612131 -0.560664
vn 0.557631 0.560664 -0.612131
vn -0.557631 0.446162 -0.699990
vn 0.557631 0.560664 -0.612131
vn 0.557631 0.383128 -0.736383
vn -0.557631 0.612131 -0.560664
vn -0.557631 0.736383 -0.383128
vn 0.557631 0.699990 -0.446162
vn -0.557631 0.612131 -0.560664
vn 0.557631 0.699990 -0.446162
vn 0.557631 0.560664 -0.612131
vn -0.557631 0.736383 -0.383128
vn -0.557631 0.810452 -0.179484
vn 0.557631 0.791614 -0.249789
vn -0.557631 0.736383 -0.383128
vn 0.557631 0.791614 -0.249789
vn 0.557631 0.699990 -0.446162
vn -0.557631 0.810452 -0.179484
vn -0.557631 0.829291 0.036393
vn 0.557631 0.829291 -0.036393
vn -0.557631 0.810452 -0.179484
vn 0.557631 0.829291 -0.036393
vn 0.557631 0.791614 -0.249789
vn -0.557631 0.791614 0.249789
vn -0.557631 0.829291 0.036393
vn -1.000000 0.000000 0.000000
vn -0.557631 0.699990 0.446162
vn -0.557631 0.791614 0.249789
vn -1.000000 0.000000 0.000000
vn -0.557631 0.560664 0.612131
vn -0.557631 0.699990 0.446162
vn -1.000000 0.000000 0.000000
vn -0.557631 0.383128 0.736383
vn -0.557631 0.560664 0.612131
vn -1.000000 0.000000 0.000000
vn -0.557631 0.179484 0.810452
vn -0.557631 0.383128 0.736383
vn -1.000000 0.000000 0.000000
vn -0.557631 -0.036393 0.829291
vn -0.557631 0.179484 0.810452
vn -1.000000 0.000000 0.000000
vn -0.557631 -0.249789 0.791614
vn -0.557631 -0.036393 0.829291
vn -1.000000 0.000000 0.000000
vn -0.557631 -0.446162 0.699990
vn -0.557631 -0.249789 0.791614
vn -1.000000 0.000000 0.000000
vn -0.557631 -0.612131 0.560664
vn -0.557631 -0.446162 0.699990
vn -1.000000 0.000000 0.000000
vn -0.557631 -0.736383 0.383128
vn -0.557631 -0.612131 0.560664
vn -1.000000 0.000000 0.000000
vn -0.557631 -0.810452 0.179484
vn -0.557631 -0.736383 0.383128
vn -1.000000 0.000000 0.000000
vn -0.557631 -0.829291 -0.036393
vn -0.557631 -0.810452 0.179484
vn -1.000000 0.000000 0.000000
vn -0.557631 -0.791614 -0.249789
vn -0.557631 -0.829291 -0.036393
vn -1.000000 0.000000 0.000000
vn -0.557631 -0.699990 -0.446162
vn -0.557631 -0.791614 -0.249789
vn -1.000000 0.000000 0.000000
vn -0.557631 -0.560664 -0.612131
vn -0.557631 -0.699990 -0.446162
vn -1.000000 0.000000 0.000000
vn -0.557631 -0.383128 -0.736383
vn -0.557631 -0.560664 -0.612131
vn -1.000000 0.000000 0.000000
vn -0.557631 -0.179484 -0.810452
vn -0.557631 -0.383128 -0.736383
vn -1.000000 0.000000 0.000000
vn -0.557631 0.036393 -0.829291
vn -0.557631 -0.179484 -0.810452
vn -1.000000 0.000000 0.000000
vn -0.557631 0.249789 -0.791614
vn -0.557631 0.036393 -0.829291
vn -1.000000 0.000000 0.000000
vn -0.557631 0.446162 -0.699990
vn -0.557631 0.249789 -0.791614
vn -1.000000 0.000000 0.000000
vn -0.557631 0.612131 -0.560664
vn -0.557631 0.446162 -0.699990
vn -1.000000 0.000000 0.000000
vn -0.557631 0.736383 -0.383128
vn -0.557631 0.612131 -0.560664
vn -1.000000 0.000000 0.000000
vn -0.557631 0.810452 -0.179484
vn -0.557631 0.736383 -0.383128
vn -1.000000 0.000000 0.000000
vn -0.557631 0.829291 0.036393
vn -0.557631 0.810452 -0.179484
vn -1.000000 0.000000 0.000000
vn 1.000000 0.000000 0.000000
vn 0.557631 0.829291 -0.036393
vn 0.557631 0.810452 0.179484
vn 1.000000 0.000000 0.000000
vn 0.557631 0.810452 0.179484
vn 0.557631 0.736383 0.383128
vn 1.000000 0.000000 0.000000
vn 0.557631 0.736383 0.383128
vn 0.557631 0.612131 0.560664
vn 1.000000 0.000000 0.000000
vn 0.557631 0.612131 0.560664
vn 0.557631 0.446162 0.699990
vn 1.000000 0.000000 0.000000
vn 0.557631 0.446162 0.699990
vn 0.557631 0.249789 0.791614
vn 1.000000 0.000000 0.000000
vn 0.557631 0.249789 0.791614
vn 0.557631 0.036393 0.829291
vn 1.000000 0.000000 0.000000
vn 0.557631 0.036393 0.829291
vn 0.557631 -0.179484 0.810452
vn 1.000000 0.000000 0.000000
vn 0.557631 -0.179484 0.810452
vn 0.557631 -0.383128 0.736383
vn 1.000000 0.000000 0.000000
vn 0.557631 -0.383128 0.736383
vn 0.557631 -0.560664 0.612131
vn 1.000000 0.000000 0.000000
vn 0.557631 -0.560664 0.612131
vn 0.557631 -0.699990 0.446162
vn 1.000000 0.000000 0.000000
vn 0.557631 -0.699990 0.446162
vn 0.557631 -0.791614 0.249789
vn 1.000000 0.000000 0.000000
vn 0.557631 -0.791614 0.249789
vn 0.557631 -0.829291 0.036393
vn 1.000000 0.000000 0.000000
vn 0.557631 -0.829291 0.036393
vn 0.557631 -0.810452 -0.179484
vn 1.000000 0.000000 0.000000
vn 0.557631 -0.810452 -0.179484
vn 0.557631 -0.736383 -0.383128
vn 1.000000 0.000000 0.000000
vn 0.557631 -0.736383 -0.383128
vn 0.557631 -0.612131 -0.560664
vn 1.000000 0.000000 0.000000
vn 0.557631 -0.612131 -0.560664
vn 0.557631 -0.446162 -0.699990
vn 1.000000 0.000000 0.000000
vn 0.557631 -0.446162 -0.699990
vn 0.557631 -0.249789 -0.791614
vn 1.000000 0.000000 0.000000
vn 0.557631 -0.249789 -0.791614
vn 0.557631 -0.036393 -0.829291
vn 1.000000 0.000000 0.000000
vn 0.557631 -0.036393 -0.829291
vn 0.557631 0.179484 -0.810452
vn 1.000000 0.000000 0.000000
vn 0.557631 0.179484 -0.810452
vn 0.557631 0.383128 -0.736383
vn 1.000000 0.000000 0.000000
vn 0.557631 0.383128 -0.736383
vn 0.557631 0.560664 -0.612131
vn 1.000000 0.000000 0.000000
vn 0.557631 0.560664 -0.612131
vn 0.557631 0.699990 -0.446162
vn 1.000000 0.000000 0.000000
vn 0.557631 0.699990 -0.446162
vn 0.557631 0.791614 -0.249789
vn 1.000000 0.000000 0.000000
vn 0.557631 0.791614 -0.249789
vn 0.557631 0.829291 -0.036393
vn 0.000000 0.000000 -1.000000
vn 0.000000 0.000000 -1.000000
vn 0.000000 0.000000 -1.000000
vn 0.000000 0.000000 -1.000000
vn 0.000000 0.000000 -1.000000
vn 0.000000 0.000000 -1.000000
vn 0.000000 0.000000 1.000000
vn 0.000000 0.000000 1.000000
vn 0.000000 0.000000 1.000000
vn 0.000000 0.000000 1.000000
vn 0.000000 0.000000 1.000000
vn 0.000000 0.000000 1.000000
vn 0.000000 -1.000000 0.000000
vn 0.000000 -1.000000 0.000000
vn 0.000000 -1.000000 0.000000
vn 0.000000 -1.000000 0.000000
vn 0.000000 -1.000000 0.000000
vn 0.000000 -1.000000 0.000000
vn 1.000000 0.000000 0.000000
vn 1.000000 0.000000 0.000000
vn 1.000000 0.000000 0.000000
vn 1.000000 0.000000 0.000000
vn 1.000000 0.000000 0.000000
vn 1.000000 0.000000 0.000000
vn 0.000000 1.000000 0.000000
vn 0.000000 1.000000 0.000000
vn 0.000000 1.000000 0.000000
vn 0.000000 1.000000 0.000000
vn 0.000000 1.000000 0.000000
vn 0.000000 1.000000 0.000000
vn -1.000000 0.000000 0.000000
vn -1.000000 0.000000 0.000000
vn -1.000000 0.000000 0.000000
vn -1.000000 0.000000 0.000000
vn -1.000000 0.000000 0.000000
vn -1.000000 0.000000 0.000000
vn 0.000000 0.000000 -1.000000
vn 0.000000 0.000000 -1.000000
vn 0.000000 0.000000 -1.000000
vn 0.000000 0.000000 -1.000000
vn 0.000000 0.000000 -1.000000
vn 0.000000 0.000000 -1.000000
vn 0.000000 0.000000 1.000000
vn 0.000000 0.000000 1.000000
vn 0.000000 0.000000 1.000000
vn 0.000000 0.000000 1.000000
vn 0.000000 0.000000 1.000000
vn 0.000000 0.000000 1.000000
vn 0.000000 -1.000000 0.000000
vn 0.000000 -1.000000 0.000000
vn 0.000000 -1.000000 0.000000
vn 0.000000 -1.000000 0.000000
vn 0.000000 -1.000000 0.000000
vn 0.000000 -1.000000 0.000000
vn 1.000000 0.000000 0.000000
vn 1.000000 0.000000 0.000000
vn 1.000000 0.000000 0.000000
vn 1.000000 0.000000 0.000000
vn 1.000000 0.000000 0.000000
vn 1.000000 0.000000 0.000000
vn 0.000000 1.000000 0.000000
vn 0.000000 1.000000 0.000000
vn 0.000000 1.000000 0.000000
vn 0.000000 1.000000 0.000000
vn 0.000000 1.000000 0.000000
vn 0.000000 1.000000 0.000000
vn -1.000000 0.000000 0.000000
vn -1.000000 0.000000 0.000000
vn -1.000000 0.000000 0.000000
vn -1.000000 0.000000 0.000000
vn -1.000000 0.000000 0.000000
vn -1.000000 0.000000 0.000000
vn 0.000000 0.000000 -1.000000
vn 0.000000 0.000000 -1.000000
vn 0.000000 0.000000 -1.000000
vn 0.000000 0.000000 -1.000000
vn 0.000000 0.000000 -1.000000
vn 0.000000 0.000000 -1.000000
vn 0.000000 0.000000 1.000000
vn 0.000000 0.000000 1.000000
vn 0.000000 0.000000 1.000000
vn 0.000000 0.000000 1.000000
vn 0.000000 0.000000 1.000000
vn 0.000000 0.000000 1.000000
vn 0.062378 -0.998053 0.000000
vn 0.062378 -0.998053 0.000000
vn 0.062378 -0.998053 0.000000
vn 0.062378 -0.998053 0.000000
vn 0.062378 -0.998053 0.000000
vn 0.062378 -0.998053 0.000000
vn 0.716555 0.697531 0.000000
vn 0.716555 0.697531 0.000000
vn 0.716555 0.697531 0.000000
vn 0.716555 0.697531 0.000000
vn 0.716555 0.697531 0.000000
vn 0.716555 0.697531 0.000000
vn -0.287348 0.957826 0.000000
vn -0.287348 0.957826 0.000000
vn -0.287348 0.957826 0.000000
vn -0.287348 0.957826 0.000000
vn -0.287348 0.957826 0.000000
vn -0.287348 0.957826 0.000000
vn -0.880775 -0.473535 0.000000
vn -0.880775 -0.473535 0.000000
vn -0.880775 -0.473535 0.000000
vn -0.880775 -0.473535 0.000000
vn -0.880775 -0.473535 0.000000
vn -0.880775 -0.473535 0.000000
vn -0.856120 0.516280 0.022656
vn -0.856120 0.492824 0.155507
vn -0.349142 0.903839 0.247337
vn -0.856120 0.516280 0.022656
vn -0.349142 0.903839 0.247337
vn -0.349142 0.937057 0.004978
vn -0.856120 0.492824 0.155507
vn -0.856120 0.435783 0.277761
vn -0.349142 0.809026 0.472840
vn -0.856120 0.492824 0.155507
vn -0.349142 0.809026 0.472840
vn -0.349142 0.903839 0.247337
vn -0.856120 0.435783 0.277761
vn -0.856120 0.349044 0.381085
vn -0.349142 0.659079 0.666119
vn -0.856120 0.435783 0.277761
vn -0.349142 0.659079 0.666119
vn -0.349142 0.809026 0.472840
vn -0.856120 0.349044 0.381085
vn -0.856120 0.238519 0.458439
vn -0.349142 0.464217 0.814004
vn -0.856120 0.349044 0.381085
vn -0.349142 0.464217 0.814004
vn -0.349142 0.659079 0.666119
vn -0.856120 0.238519 0.458439
vn -0.856120 0.111738 0.504552
vn -0.349142 0.237719 0.906416
vn -0.856120 0.238519 0.458439
vn -0.349142 0.237719 0.906416
vn -0.349142 0.464217 0.814004
vn -0.856120 0.111738 0.504552
vn -0.856120 -0.022656 0.516280
vn -0.349142 -0.004978 0.937057
vn -0.856120 0.111738 0.504552
vn -0.349142 -0.004978 0.937057
vn -0.349142 0.237719 0.906416
vn -0.856120 -0.022656 0.516280
vn -0.856120 -0.155507 0.492824
vn -0.349142 -0.247337 0.903839
vn -0.856120 -0.022656 0.516280
vn -0.349142 -0.247337 0.903839
vn -0.349142 -0.004978 0.937057
vn -0.856120 -0.155507 0.492824
vn -0.856120 -0.277761 0.435783
vn -0.349142 -0.472840 0.809026
vn -0.856120 -0.155507 0.492824
vn -0.349142 -0.472840 0.809026
vn -0.349142 -0.247337 0.903839
vn -0.856120 -0.277761 0.435783
vn -0.856120 -0.381085 0.349044
vn -0.349142 -0.666119 0.659079
vn -0.856120 -0.277761 0.435783
vn -0.349142 -0.666119 0.659079
vn -0.349142 -0.472840 0.809026
vn -0.856120 -0.381085 0.349044
vn -0.856120 -0.458439 0.238519
vn -0.349142 -0.814004 0.464217
vn -0.856120 -0.381085 0.349044
vn -0.349142 -0.814004 0.464217
vn -0.349142 -0.666119 0.659079
vn -0.856120 -0.458439 0.238519
vn -0.856120 -0.504552 0.111738
vn -0.349142 -0.906416 0.237719
vn -0.856120 -0.458439 0.238519
vn -0.349142 -0.906416 0.237719
vn -0.349142 -0.814004 0.464217
vn -0.856120 -0.504552 0.111738
vn -0.856120 -0.516280 -0.022656
vn -0.349142 -0.937057 -0.004978
vn -0.856120 -0.504552 0.111738
vn -0.349142 -0.937057 -0.004978
vn -0.349142 -0.906416 0.237719
vn -0.856120 -0.516280 -0.022656
vn -0.856120 -0.492824 -0.155507
vn -0.349142 -0.903839 -0.247337
vn -0.856120 -0.516280 -0.022656
vn -0.349142 -0.903839 -0.247337
vn -0.349142 -0.937057 -0.004978
vn -0.856120 -0.492824 -0.155507
vn -0.856120 -0.435783 -0.277761
vn -0.349142 -0.809026 -0.472840
vn -0.856120 -0.492824 -0.155507
vn -0.349142 -0.809026 -0.472840
vn -0.349142 -0.903839 -0.247337
vn -0.856120 -0.435783 -0.277761
vn -0.856120 -0.349044 -0.381085
vn -0.349142 -0.659079 -0.666119
vn -0.856120 -0.435783 -0.277761
vn -0.349142 -0.659079 -0.666119
vn -0.349142 -0.809026 -0.472840
vn -0.856120 -0.349044 -0.381085
vn -0.856120 -0.238519 -0.458439
vn -0.349142 -0.464217 -0.814004
vn -0.856120 -0.349044 -0.381085
vn -0.349142 -0.464217 -0.814004
vn -0.349142 -0.659079 -0.666119
vn -0.856120 -0.238519 -0.458439
vn -0.856120 -0.111738 -0.504552
vn -0.349142 -0.237719 -0.906416
vn -0.856120 -0.238519 -0.458439
vn -0.349142 -0.237719 -0.906416
vn -0.349142 -0.464217 -0.814004
vn -0.856120 -0.111738 -0.504552
vn -0.856120 0.022656 -0.516280
vn -0.349142 0.004978 -0.937057
vn -0.856120 -0.111738 -0.504552
vn -0.349142 0.004978 -0.937057
vn -0.349142 -0.237719 -0.906416
vn -0.856120 0.022656 -0.516280
vn -0.856120 0.155507 -0.492824
vn -0.349142 0.247337 -0.903839
vn -0.856120 0.022656 -0.516280
vn -0.349142 0.247337 -0.903839
vn -0.349142 0.004978 -0.937057
vn -0.856120 0.155507 -0.492824
vn -0.856120 0.277761 -0.435783
vn -0.349142 0.472840 -0.809026
vn -0.856120 0.155507 -0.492824
vn -0.349142 0.472840 -0.809026
vn -0.349142 0.247337 -0.903839
vn -0.856120 0.277761 -0.435783
vn -0.856120 0.381085 -0.349044
vn -0.349142 0.666119 -0.659079
vn -0.856120 0.277761 -0.435783
vn -0.349142 0.666119 -0.659079
vn -0.349142 0.472840 -0.809026
vn -0.856120 0.381085 -0.349044
vn -0.856120 0.458439 -0.238519
vn -0.349142 0.814004 -0.464217
vn -0.856120 0.381085 -0.349044
vn -0.349142 0.814004 -0.464217
vn -0.349142 0.666119 -0.659079
vn -0.856120 0.458439 -0.238519
vn -0.856120 0.504552 -0.111738
vn -0.349142 0.906416 -0.237719
vn -0.856120 0.458439 -0.238519
vn -0.349142 0.906416 -0.237719
vn -0.349142 0.814004 -0.464217
vn -0.856120 0.504552 -0.111738
vn -0.856120 0.516280 0.022656
vn -0.349142 0.937057 0.004978
vn -0.856120 0.504552 -0.111738
vn -0.349142 0.937057 0.004978
vn -0.349142 0.906416 -0.237719
vn -0.349142 0.937057 0.004978
vn -0.349142 0.903839 0.247337
vn 0.160057 0.953831 0.254143
vn -0.349142 0.937057 0.004978
vn 0.160057 0.953831 0.254143
vn 0.160057 0.987107 -0.001387
vn -0.349142 0.903839 0.247337
vn -0.349142 0.809026 0.472840
vn 0.160057 0.855553 0.492352
vn -0.349142 0.903839 0.247337
vn 0.160057 0.855553 0.492352
vn 0.160057 0.953831 0.254143
vn -0.349142 0.809026 0.472840
vn -0.349142 0.659079 0.666119
vn 0.160057 0.698970 0.697009
vn -0.349142 0.809026 0.472840
vn 0.160057 0.698970 0.697009
vn 0.160057 0.855553 0.492352
vn -0.349142 0.659079 0.666119
vn -0.349142 0.464217 0.814004
vn 0.160057 0.494754 0.854166
vn -0.349142 0.659079 0.666119
vn 0.160057 0.494754 0.854166
vn 0.160057 0.698970 0.697009
vn -0.349142 0.464217 0.814004
vn -0.349142 0.237719 0.906416
vn 0.160057 0.256822 0.953113
vn -0.349142 0.464217 0.814004
vn 0.160057 0.256822 0.953113
vn 0.160057 0.494754 0.854166
vn -0.349142 0.237719 0.906416
vn -0.349142 -0.004978 0.937057
vn 0.160057 0.001387 0.987107
vn -0.349142 0.237719 0.906416
vn 0.160057 0.001387 0.987107
vn 0.160057 0.256822 0.953113
vn -0.349142 -0.004978 0.937057
vn -0.349142 -0.247337 0.903839
vn 0.160057 -0.254143 0.953831
vn -0.349142 -0.004978 0.937057
vn 0.160057 -0.254143 0.953831
vn 0.160057 0.001387 0.987107
vn -0.349142 -0.247337 0.903839
vn -0.349142 -0.472840 0.809026
vn 0.160057 -0.492352 0.855553
vn -0.349142 -0.247337 0.903839
vn 0.160057 -0.492352 0.855553
vn 0.160057 -0.254143 0.953831
vn -0.349142 -0.472840 0.809026
vn -0.349142 -0.666119 0.659079
vn 0.160057 -0.697009 0.698970
vn -0.349142 -0.472840 0.809026
vn 0.160057 -0.697009 0.698970
vn 0.160057 -0.492352 0.855553
vn -0.349142 -0.666119 0.659079
vn -0.349142 -0.814004 0.464217
vn 0.160057 -0.854166 0.494754
vn -0.349142 -0.666119 0.659079
vn 0.160057 -0.854166 0.494754
vn 0.160057 -0.697009 0.698970
vn -0.349142 -0.814004 0.464217
vn -0.349142 -0.906416 0.237719
vn 0.160057 -0.953113 0.256822
vn -0.349142 -0.814004 0.464217
vn 0.160057 -0.953113 0.256822
vn 0.160057 -0.854166 0.494754
vn -0.349142 -0.906416 0.237719
vn -0.349142 -0.937057 -0.004978
vn 0.160057 -0.987107 0.001387
vn -0.349142 -0.906416 0.237719
vn 0.160057 -0.987107 0.001387
vn 0.160057 -0.953113 0.256822
vn -0.349142 -0.937057 -0.004978
vn -0.349142 -0.903839 -0.247337
vn 0.160057 -0.953831 -0.254143
vn -0.349142 -0.937057 -0.004978
vn 0.160057 -0.953831 -0.254143
vn 0.160057 -0.987107 0.001387
vn -0.349142 -0.903839 -0.247337
vn -0.349142 -0.809026 -0.472840
vn 0.160057 -0.855553 -0.492352
vn -0.349142 -0.903839 -0.247337
vn 0.160057 -0.855553 -0.492352
vn 0.160057 -0.953831 -0.254143
vn -0.349142 -0.809026 -0.472840
vn -0.349142 -0.659079 -0.666119
vn 0.160057 -0.698970 -0.697009
vn -0.349142 -0.809026 -0.472840
vn 0.160057 -0.698970 -0.697009
vn 0.160057 -0.855553 -0.492352
vn -0.349142 -0.659079 -0.666119
vn -0.349142 -0.464217 -0.814004
vn 0.160057 -0.494754 -0.854166
vn -0.349142 -0.659079 -0.666119
vn 0.160057 -0.494754 -0.854166
vn 0.160057 -0.698970 -0.697009
vn -0.349142 -0.464217 -0.814004
vn -0.349142 -0.237719 -0.906416
vn 0.160057 -0.256822 -0.953113
vn -0.349142 -0.464217 -0.814004
vn 0.160057 -0.256822 -0.953113
vn 0.160057 -0.494754 -0.854166
vn -0.349142 -0.237719 -0.906416
vn -0.349142 0.004978 -0.937057
vn 0.160057 -0.001387 -0.987107
vn -0.349142 -0.237719 -0.906416
vn 0.160057 -0.001387 -0.987107
vn 0.160057 -0.256822 -0.953113
vn -0.349142 0.004978 -0.937057
vn -0.349142 0.247337 -0.903839
vn 0.160057 0.254143 -0.953831
vn -0.349142 0.004978 -0.937057
vn 0.160057 0.254143 -0.953831
vn 0.160057 -0.001387 -0.987107
vn -0.349142 0.247337 -0.903839
vn -0.349142 0.472840 -0.809026
vn 0.160057 0.492352 -0.855553
vn -0.349142 0.247337 -0.903839
vn 0.160057 0.492352 -0.855553
vn 0.160057 0.254143 -0.953831
vn -0.349142 0.472840 -0.809026
vn -0.349142 0.666119 -0.659079
vn 0.160057 0.697009 -0.698970
vn -0.349142 0.472840 -0.809026
vn 0.160057 0.697009 -0.698970
vn 0.160057 0.492352 -0.855553
vn -0.349142 0.666119 -0.659079
vn -0.349142 0.814004 -0.464217
vn 0.160057 0.854166 -0.494754
vn -0.349142 0.666119 -0.659079
vn 0.160057 0.854166 -0.494754
vn 0.160057 0.697009 -0.698970
vn -0.349142 0.814004 -0.464217
vn -0.349142 0.906416 -0.237719
vn 0.160057 0.953113 -0.256822
vn -0.349142 0.814004 -0.464217
vn 0.160057 0.953113 -0.256822
vn 0.160057 0.854166 -0.494754
vn -0.349142 0.906416 -0.237719
vn -0.349142 0.937057 0.004978
vn 0.160057 0.987107 -0.001387
vn -0.349142 0.906416 -0.237719
vn 0.160057 0.987107 -0.001387
vn 0.160057 0.953113 -0.256822
vn 0.160057 0.987107 -0.001387
vn 0.160057 0.953831 0.254143
vn 0.737287 0.659599 0.146075
vn 0.160057 0.987107 -0.001387
vn 0.737287 0.659599 0.146075
vn 0.737287 0.674930 -0.029619
vn 0.160057 0.953831 0.254143
vn 0.160057 0.855553 0.492352
vn 0.737287 0.599316 0.311815
vn 0.160057 0.953831 0.254143
vn 0.737287 0.599316 0.311815
vn 0.737287 0.659599 0.146075
vn 0.160057 0.855553 0.492352
vn 0.160057 0.698970 0.697009
vn 0.737287 0.498191 0.456304
vn 0.160057 0.855553 0.492352
vn 0.737287 0.498191 0.456304
vn 0.737287 0.599316 0.311815
vn 0.160057 0.698970 0.697009
vn 0.160057 0.494754 0.854166
vn 0.737287 0.363116 0.569697
vn 0.160057 0.698970 0.697009
vn 0.737287 0.363116 0.569697
vn 0.737287 0.498191 0.456304
vn 0.160057 0.494754 0.854166
vn 0.160057 0.256822 0.953113
vn 0.737287 0.203294 0.644267
vn 0.160057 0.494754 0.854166
vn 0.737287 0.203294 0.644267
vn 0.737287 0.363116 0.569697
vn 0.160057 0.256822 0.953113
vn 0.160057 0.001387 0.987107
vn 0.737287 0.029619 0.674930
vn 0.160057 0.256822 0.953113
vn 0.737287 0.029619 0.674930
vn 0.737287 0.203294 0.644267
vn 0.160057 0.001387 0.987107
vn 0.160057 -0.254143 0.953831
vn 0.737287 -0.146075 0.659599
vn 0.160057 0.001387 0.987107
vn 0.737287 -0.146075 0.659599
vn 0.737287 0.029619 0.674930
vn 0.160057 -0.254143 0.953831
vn 0.160057 -0.492352 0.855553
vn 0.737287 -0.311815 0.599316
vn 0.160057 -0.254143 0.953831
vn 0.737287 -0.311815 0.599316
vn 0.737287 -0.146075 0.659599
vn 0.160057 -0.492352 0.855553
vn 0.160057 -0.697009 0.698970
vn 0.737287 -0.456304 0.498191
vn 0.160057 -0.492352 0.855553
vn 0.737287 -0.456304 0.498191
vn 0.737287 -0.311815 0.599316
vn 0.160057 -0.697009 0.698970
vn 0.160057 -0.854166 0.494754
vn 0.737287 -0.569697 0.363116
vn 0.160057 -0.697009 0.698970
vn 0.737287 -0.569697 0.363116
vn 0.737287 -0.456304 0.498191
vn 0.160057 -0.854166 0.494754
vn 0.160057 -0.953113 0.256822
vn 0.737287 -0.644267 0.203294
vn 0.160057 -0.854166 0.494754
vn 0.737287 -0.644267 0.203294
vn 0.737287 -0.569697 0.363116
vn 0.160057 -0.953113 0.256822
vn 0.160057 -0.987107 0.001387
vn 0.737287 -0.674930 0.029619
vn 0.160057 -0.953113 0.256822
vn 0.737287 -0.674930 0.029619
vn 0.737287 -0.644267 0.203294
vn 0.160057 -0.987107 0.001387
vn 0.160057 -0.953831 -0.254143
vn 0.737287 -0.659599 -0.146075
vn 0.160057 -0.987107 0.001387
vn 0.737287 -0.659599 -0.146075
vn 0.737287 -0.674930 0.029619
vn 0.160057 -0.953831 -0.254143
vn 0.160057 -0.855553 -0.492352
vn 0.737287 -0.599316 -0.311815
vn 0.160057 -0.953831 -0.254143
vn 0.737287 -0.599316 -0.311815
vn 0.737287 -0.659599 -0.146075
vn 0.160057 -0.855553 -0.492352
vn 0.160057 -0.698970 -0.697009
vn 0.737287 -0.498191 -0.456304
vn 0.160057 -0.855553 -0.492352
vn 0.737287 -0.498191 -0.456304
vn 0.737287 -0.599316 -0.311815
vn 0.160057 -0.698970 -0.697009
vn 0.160057 -0.494754 -0.854166
vn 0.737287 -0.363116 -0.569697
vn 0.160057 -0.698970 -0.697009
vn 0.737287 -0.363116 -0.569697
vn 0.737287 -0.498191 -0.456304
vn 0.160057 -0.494754 -0.854166
vn 0.160057 -0.256822 -0.953113
vn 0.737287 -0.203294 -0.644267
vn 0.160057 -0.494754 -0.854166
vn 0.737287 -0.203294 -0.644267
vn 0.737287 -0.363116 -0.569697
vn 0.160057 -0.256822 -0.953113
vn 0.160057 -0.001387 -0.987107
vn 0.737287 -0.029619 -0.674930
vn 0.160057 -0.256822 -0.953113
vn 0.737287 -0.029619 -0.674930
vn 0.737287 -0.203294 -0.644267
vn 0.160057 -0.001387 -0.987107
vn 0.160057 0.254143 -0.953831
vn 0.737287 0.146075 -0.659599
vn 0.160057 -0.001387 -0.987107
vn 0.737287 0.146075 -0.659599
vn 0.737287 -0.029619 -0.674930
vn 0.160057 0.254143 -0.953831
vn 0.160057 0.492352 -0.855553
vn 0.737287 0.311815 -0.599316
vn 0.160057 0.254143 -0.953831
vn 0.737287 0.311815 -0.599316
vn 0.737287 0.146075 -0.659599
vn 0.160057 0.492352 -0.855553
vn 0.160057 0.697009 -0.698970
vn 0.737287 0.456304 -0.498191
vn 0.160057 0.492352 -0.855553
vn 0.737287 0.456304 -0.498191
vn 0.737287 0.311815 -0.599316
vn 0.160057 0.697009 -0.698970
vn 0.160057 0.854166 -0.494754
vn 0.737287 0.569697 -0.363116
vn 0.160057 0.697009 -0.698970
vn 0.737287 0.569697 -0.363116
vn 0.737287 0.456304 -0.498191
vn 0.160057 0.854166 -0.494754
vn 0.160057 0.953113 -0.256822
vn 0.737287 0.644267 -0.203294
vn 0.160057 0.854166 -0.494754
vn 0.737287 0.644267 -0.203294
vn 0.737287 0.569697 -0.363116
vn 0.160057 0.953113 -0.256822
vn 0.160057 0.987107 -0.001387
vn 0.737287 0.674930 -0.029619
vn 0.160057 0.953113 -0.256822
vn 0.737287 0.674930 -0.029619
vn 0.737287 0.644267 -0.203294
vn -0.856120 0.492824 0.155507
vn -0.856120 0.516280 0.022656
vn -1.000000 0.000000 0.000000
vn -0.856120 0.435783 0.277761
vn -0.856120 0.492824 0.155507
vn -1.000000 0.000000 0.000000
vn -0.856120 0.349044 0.381085
vn -0.856120 0.435783 0.277761
vn -1.000000 0.000000 0.000000
vn -0.856120 0.238519 0.458439
vn -0.856120 0.349044 0.381085
vn -1.000000 0.000000 0.000000
vn -0.856120 0.111738 0.504552
vn -0.856120 0.238519 0.458439
vn -1.000000 0.000000 0.000000
vn -0.856120 -0.022656 0.516280
vn -0.856120 0.111738 0.504552
vn -1.000000 0.000000 0.000000
vn -0.856120 -0.155507 0.492824
vn -0.856120 -0.022656 0.516280
vn -1.000000 0.000000 0.000000
vn -0.856120 -0.277761 0.435783
vn -0.856120 -0.155507 0.492824
vn -1.000000 0.000000 0.000000
vn -0.856120 -0.381085 0.349044
vn -0.856120 -0.277761 0.435783
vn -1.000000 0.000000 0.000000
vn -0.856120 -0.458439 0.238519
vn -0.856120 -0.381085 0.349044
vn -1.000000 0.000000 0.000000
vn -0.856120 -0.504552 0.111738
vn -0.856120 -0.458439 0.238519
vn -1.000000 0.000000 0.000000
vn -0.856120 -0.516280 -0.022656
vn -0.856120 -0.504552 0.111738
vn -1.000000 0.000000 0.000000
vn -0.856120 -0.492824 -0.155507
vn -0.856120 -0.516280 -0.022656
vn -1.000000 0.000000 0.000000
vn -0.856120 -0.435783 -0.277761
vn -0.856120 -0.492824 -0.155507
vn -1.000000 0.000000 0.000000
vn -0.856120 -0.349044 -0.381085
vn -0.856120 -0.435783 -0.277761
vn -1.000000 0.000000 0.000000
vn -0.856120 -0.238519 -0.458439
vn -0.856120 -0.349044 -0.381085
vn -1.000000 0.000000 0.000000
vn -0.856120 -0.111738 -0.504552
vn -0.856120 -0.238519 -0.458439
vn -1.000000 0.000000 0.000000
vn -0.856120 0.022656 -0.516280
vn -0.856120 -0.111738 -0.504552
vn -1.000000 0.000000 0.000000
vn -0.856120 0.155507 -0.492824
vn -0.856120 0.022656 -0.516280
vn -1.000000 0.000000 0.000000
vn -0.856120 0.277761 -0.435783
vn -0.856120 0.155507 -0.492824
vn -1.000000 0.000000 0.000000
vn -0.856120 0.381085 -0.349044
vn -0.856120 0.277761 -0.435783
vn -1.000000 0.000000 0.000000
vn -0.856120 0.458439 -0.238519
vn -0.856120 0.381085 -0.349044
vn -1.000000 0.000000 0.000000
vn -0.856120 0.504552 -0.111738
vn -0.856120 0.458439 -0.238519
vn -1.000000 0.000000 0.000000
vn -0.856120 0.516280 0.022656
vn -0.856120 0.504552 -0.111738
vn -1.000000 0.000000 0.000000
vn 1.000000 0.000000 0.000000
vn 0.737287 0.674930 -0.029619
vn 0.737287 0.659599 0.146075
vn 1.000000 0.000000 0.000000
vn 0.737287 0.659599 0.146075
vn 0.737287 0.599316 0.311815
vn 1.000000 0.000000 0.000000
vn 0.737287 0.599316 0.311815
vn 0.737287 0.498191 0.456304
vn 1.000000 0.000000 0.000000
vn 0.737287 0.498191 0.456304
vn 0.737287 0.363116 0.569697
vn 1.000000 0.000000 0.000000
vn 0.737287 0.363116 0.569697
vn 0.737287 0.203294 0.644267
vn 1.000000 0.000000 0.000000
vn 0.737287 0.203294 0.644267
vn 0.737287 0.029619 0.674930
vn 1.000000 0.000000 0.000000
vn 0.737287 0.029619 0.674930
vn 0.737287 -0.146075 0.659599
vn 1.000000 0.000000 0.000000
vn 0.737287 -0.146075 0.659599
vn 0.737287 -0.311815 0.599316
vn 1.000000 0.000000 0.000000
vn 0.737287 -0.311815 0.599316
vn 0.737287 -0.456304 0.498191
vn 1.000000 0.000000 0.000000
vn 0.737287 -0.456304 0.498191
vn 0.737287 -0.569697 0.363116
vn 1.000000 0.000000 0.000000
vn 0.737287 -0.569697 0.363116
vn 0.737287 -0.644267 0.203294
vn 1.000000 0.000000 0.000000
vn 0.737287 -0.644267 0.203294
vn 0.737287 -0.674930 0.029619
vn 1.000000 0.000000 0.000000
vn 0.737287 -0.674930 0.029619
vn 0.737287 -0.659599 -0.146075
vn 1.000000 0.000000 0.000000
vn 0.737287 -0.659599 -0.146075
vn 0.737287 -0.599316 -0.311815
vn 1.000000 0.000000 0.000000
vn 0.737287 -0.599316 -0.311815
vn 0.737287 -0.498191 -0.456304
vn 1.000000 0.000000 0.000000
vn 0.737287 -0.498191 -0.456304
vn 0.737287 -0.363116 -0.569697
vn 1.000000 0.000000 0.000000
vn 0.737287 -0.363116 -0.569697
vn 0.737287 -0.203294 -0.644267
vn 1.000000 0.000000 0.000000
vn 0.737287 -0.203294 -0.644267
vn 0.737287 -0.029619 -0.674930
vn 1.000000 0.000000 0.000000
vn 0.737287 -0.029619 -0.674930
vn 0.737287 0.146075 -0.659599
vn 1.000000 0.000000 0.000000
vn 0.737287 0.146075 -0.659599
vn 0.737287 0.311815 -0.599316
vn 1.000000 0.000000 0.000000
vn 0.737287 0.311815 -0.599316
vn 0.737287 0.456304 -0.498191
vn 1.000000 0.000000 0.000000
vn 0.737287 0.456304 -0.498191
vn 0.737287 0.569697 -0.363116
vn 1.000000 0.000000 0.000000
vn 0.737287 0.569697 -0.363116
vn 0.737287 0.644267 -0.203294
vn 1.000000 0.000000 0.000000
vn 0.737287 0.644267 -0.203294
vn 0.737287 0.674930 -0.029619
vn -0.557631 0.829291 0.036393
vn -0.557631 0.791614 0.249789
vn 0.557631 0.810452 0.179484
vn -0.557631 0.829291 0.036393
vn 0.557631 0.810452 0.179484
vn 0.557631 0.829291 -0.036393
vn -0.557631 0.791614 0.249789
vn -0.557631 0.699990 0.446162
vn 0.557631 0.736383 0.383128
vn -0.557631 0.791614 0.249789
vn 0.557631 0.736383 0.383128
vn 0.557631 0.810452 0.179484
vn -0.557631 0.699990 0.446162
vn -0.557631 0.560664 0.612131
vn 0.557631 0.612131 0.560664
vn -0.557631 0.699990 0.446162
vn 0.557631 0.612131 0.560664
vn 0.557631 0.736383 0.383128
vn -0.557631 0.560664 0.612131
vn -0.557631 0.383128 0.736383
vn 0.557631 0.446162 0.699990
vn -0.557631 0.560664 0.612131
vn 0.557631 0.446162 0.699990
vn 0.557631 0.612131 0.560664
vn -0.557631 0.383128 0.736383
vn -0.557631 0.179484 0.810452
vn 0.557631 0.249789 0.791614
vn -0.557631 0.383128 0.736383
vn 0.557631 0.249789 0.791614
vn 0.557631 0.446162 0.699990
vn -0.557631 0.179484 0.810452
vn -0.557631 -0.036393 0.829291
vn 0.557631 0.036393 0.829291
vn -0.557631 0.179484 0.810452
vn 0.557631 0.036393 0.829291
vn 0.557631 0.249789 0.791614
vn -0.557631 -0.036393 0.829291
vn -0.557631 -0.249789 0.791614
vn 0.557631 -0.179484 0.810452
vn -0.557631 -0.036393 0.829291
vn 0.557631 -0.179484 0.810452
vn 0.557631 0.036393 0.829291
vn -0.557631 -0.249789 0.791614
vn -0.557631 -0.446162 0.699990
vn 0.557631 -0.383128 0.736383
vn -0.557631 -0.249789 0.791614
vn 0.557631 -0.383128 0.736383
vn 0.557631 -0.179484 0.810452
vn -0.557631 -0.446162 0.699990
vn -0.557631 -0.612131 0.560664
vn 0.557631 -0.560664 0.612131
vn -0.557631 -0.446162 0.699990
vn 0.557631 -0.560664 0.612131
vn 0.557631 -0.383128 0.736383
vn -0.557631 -0.612131 0.560664
vn -0.557631 -0.736383 0.383128
vn 0.557631 -0.699990 0.446162
vn -0.557631 -0.612131 0.560664
vn 0.557631 -0.699990 0.446162
vn 0.557631 -0.560664 0.612131
vn -0.557631 -0.736383 0.383128
vn -0.557631 -0.810452 0.179484
vn 0.557631 -0.791614 0.249789
vn -0.557631 -0.736383 0.383128
vn 0.557631 -0.791614 0.249789
vn 0.557631 -0.699990 0.446162
vn -0.557631 -0.810452 0.179484
vn -0.557631 -0.829291 -0.036393
vn 0.557631 -0.829291 0.036393
vn -0.557631 -0.810452 0.179484
vn 0.557631 -0.829291 0.036393
vn 0.557631 -0.791614 0.249789
vn -0.557631 -0.829291 -0.036393
vn -0.557631 -0.791614 -0.249789
vn 0.557631 -0.810452 -0.179484
vn -0.557631 -0.829291 -0.036393
vn 0.557631 -0.810452 -0.179484
vn 0.557631 -0.829291 0.036393
vn -0.557631 -0.791614 -0.249789
vn -0.557631 -0.699990 -0.446162
vn 0.557631 -0.736383 -0.383128
vn -0.557631 -0.791614 -0.249789
vn 0.557631 -0.736383 -0.383128
vn 0.557631 -0.810452 -0.179484
vn -0.557631 -0.699990 -0.446162
vn -0.557631 -0.560664 -0.612131
vn 0.557631 -0.612131 -0.560664
vn -0.557631 -0.699990 -0.446162
vn 0.557631 -0.612131 -0.560664
vn 0.557631 -0.736383 -0.383128
vn -0.557631 -0.560664 -0.612131
vn -0.557631 -0.383128 -0.736383
vn 0.557631 -0.446162 -0.699990
vn -0.557631 -0.560664 -0.612131
vn 0.557631 -0.446162 -0.699990
vn 0.557631 -0.612131 -0.560664
vn -0.557631 -0.383128 -0.736383
vn -0.557631 -0.179484 -0.810452
vn 0.557631 -0.249789 -0.791614
vn -0.557631 -0.383128 -0.736383
vn 0.557631 -0.249789 -0.791614
vn 0.557631 -0.446162 -0.699990
vn -0.557631 -0.179484 -0.810452
vn -0.557631 0.036393 -0.829291
vn 0.557631 -0.036393 -0.829291
vn -0.557631 -0.179484 -0.810452
vn 0.557631 -0.036393 -0.829291
vn 0.557631 -0.249789 -0.791614
vn -0.557631 0.036393 -0.829291
vn -0.557631 0.249789 -0.791614
vn 0.557631 0.179484 -0.810452
vn -0.557631 0.036393 -0.829291
vn 0.557631 0.179484 -0.810452
vn 0.557631 -0.036393 -0.829291
vn -0.557631 0.249789 -0.791614
vn -0.557631 0.446162 -0.699990
vn 0.557631 0.383128 -0.736383
vn -0.557631 0.249789 -0.791614
vn 0.557631 0.383128 -0.736383
vn 0.557631 0.179484 -0.810452
vn -0.557631 0.446162 -0.699990
vn -0.557631 0.612131 -0.560664
vn 0.557631 0.560664 -0.612131
vn -0.557631 0.446162 -0.699990
vn 0.557631 0.560664 -0.612131
vn 0.557631 0.383128 -0.736383
vn -0.557631 0.612131 -0.560664
vn -0.557631 0.736383 -0.383128
vn 0.557631 0.699990 -0.446162
vn -0.557631 0.612131 -0.560664
vn 0.557631 0.699990 -0.446162
vn 0.557631 0.560664 -0.612131
vn -0.557631 0.736383 -0.383128
vn -0.557631 0.810452 -0.179484
vn 0.557631 0.791614 -0.249789
vn -0.557631 0.736383 -0.383128
vn 0.557631 0.791614 -0.249789
vn 0.557631 0.699990 -0.446162
vn -0.557631 0.810452 -0.179484
vn -0.557631 0.829291 0.036393
vn 0.557631 0.829291 -0.036393
vn -0.557631 0.810452 -0.179484
vn 0.557631 0.829291 -0.036393
vn 0.557631 0.791614 -0.249789
vn -0.557631 0.791614 0.249789
vn -0.557631 0.829291 0.036393
vn -1.000000 0.000000 0.000000
vn -0.557631 0.699990 0.446162
vn -0.557631 0.791614 0.249789
vn -1.000000 0.000000 0.000000
vn -0.557631 0.560664 0.612131
vn -0.557631 0.699990 0.446162
vn -1.000000 0.000000 0.000000
vn -0.557631 0.383128 0.736383
vn -0.557631 0.560664 0.612131
vn -1.000000 0.000000 0.000000
vn -0.557631 0.179484 0.810452
vn -0.557631 0.383128 0.736383
vn -1.000000 0.000000 0.000000
vn -0.557631 -0.036393 0.829291
vn -0.557631 0.179484 0.810452
vn -1.000000 0.000000 0.000000
vn -0.557631 -0.249789 0.791614
vn -0.557631 -0.036393 0.829291
vn -1.000000 0.000000 0.000000
vn -0.557631 -0.446162 0.699990
vn -0.557631 -0.249789 0.791614
vn -1.000000 0.000000 0.000000
vn -0.557631 -0.612131 0.560664
vn -0.557631 -0.446162 0.699990
vn -1.000000 0.000000 0.000000
vn -0.557631 -0.736383 0.383128
vn -0.557631 -0.612131 0.560664
vn -1.000000 0.000000 0.000000
vn -0.557631 -0.810452 0.179484
vn -0.557631 -0.736383 0.383128
vn -1.000000 0.000000 0.000000
vn -0.557631 -0.829291 -0.036393
vn -0.557631 -0.810452 0.179484
vn -1.000000 0.000000 0.000000
vn -0.557631 -0.791614 -0.249789
vn -0.557631 -0.829291 -0.036393
vn -1.000000 0.000000 0.000000
vn -0.557631 -0.699990 -0.446162
vn -0.557631 -0.791614 -0.249789
vn -1.000000 0.000000 0.000000
vn -0.557631 -0.560664 -0.612131
vn -0.557631 -0.699990 -0.446162
vn -1.000000 0.000000 0.000000
vn -0.557631 -0.383128 -0.736383
vn -0.557631 -0.560664 -0.612131
vn -1.000000 0.000000 0.000000
vn -0.557631 -0.179484 -0.810452
vn -0.557631 -0.383128 -0.736383
vn -1.000000 0.000000 0.000000
vn -0.557631 0.036393 -0.829291
vn -0.557631 -0.179484 -0.810452
vn -1.000000 0.000000 0.000000
vn -0.557631 0.249789 -0.791614
vn -0.557631 0.036393 -0.829291
vn -1.000000 0.000000 0.000000
vn -0.557631 0.446162 -0.699990
vn -0.557631 0.249789 -0.791614
vn -1.000000 0.000000 0.000000
vn -0.557631 0.612131 -0.560664
vn -0.557631 0.446162 -0.699990
vn -1.000000 0.000000 0.000000
vn -0.557631 0.736383 -0.383128
vn -0.557631 0.612131 -0.560664
vn -1.000000 0.000000 0.000000
vn -0.557631 0.810452 -0.179484
vn -0.557631 0.736383 -0.383128
vn -1.000000 0.000000 0.000000
vn -0.557631 0.829291 0.036393
vn -0.557631 0.810452 -0.179484
vn -1.000000 0.000000 0.000000
vn 1.000000 0.000000 0.000000
vn 0.557631 0.829291 -0.036393
vn 0.557631 0.810452 0.179484
vn 1.000000 0.000000 0.000000
vn 0.557631 0.810452 0.179484
vn 0.557631 0.736383 0.383128
vn 1.000000 0.000000 0.000000
vn 0.557631 0.736383 0.383128
vn 0.557631 0.612131 0.560664
vn 1.000000 0.000000 0.000000
vn 0.557631 0.612131 0.560664
vn 0.557631 0.446162 0.699990
vn 1.000000 0.000000 0.000000
vn 0.557631 0.446162 0.699990
vn 0.557631 0.249789 0.791614
vn 1.000000 0.000000 0.000000
vn 0.557631 0.249789 0.791614
vn 0.557631 0.036393 0.829291
vn 1.000000 0.000000 0.000000
vn 0.557631 0.036393 0.829291
vn 0.557631 -0.179484 0.810452
vn 1.000000 0.000000 0.000000
vn 0.557631 -0.179484 0.810452
vn 0.557631 -0.383128 0.736383
vn 1.000000 0.000000 0.000000
vn 0.557631 -0.383128 0.736383
vn 0.557631 -0.560664 0.612131
vn 1.000000 0.000000 0.000000
vn 0.557631 -0.560664 0.612131
vn 0.557631 -0.699990 0.446162
vn 1.000000 0.000000 0.000000
vn 0.557631 -0.699990 0.446162
vn 0.557631 -0.791614 0.249789
vn 1.000000 0.000000 0.000000
vn 0.557631 -0.791614 0.249789
vn 0.557631 -0.829291 0.036393
vn 1.000000 0.000000 0.000000
vn 0.557631 -0.829291 0.036393
vn 0.557631 -0.810452 -0.179484
vn 1.000000 0.000000 0.000000
vn 0.557631 -0.810452 -0.179484
vn 0.557631 -0.736383 -0.383128
vn 1.000000 0.000000 0.000000
vn 0.557631 -0.736383 -0.383128
vn 0.557631 -0.612131 -0.560664
vn 1.000000 0.000000 0.000000
vn 0.557631 -0.612131 -0.560664
vn 0.557631 -0.446162 -0.699990
vn 1.000000 0.000000 0.000000
vn 0.557631 -0.446162 -0.699990
vn 0.557631 -0.249789 -0.791614
vn 1.000000 0.000000 0.000000
vn 0.557631 -0.249789 -0.791614
vn 0.557631 -0.036393 -0.829291
vn 1.000000 0.000000 0.000000
vn 0.557631 -0.036393 -0.829291
vn 0.557631 0.179484 -0.810452
vn 1.000000 0.000000 0.000000
vn 0.557631 0.179484 -0.810452
vn 0.557631 0.383128 -0.736383
vn 1.000000 0.000000 0.000000
vn 0.557631 0.383128 -0.736383
vn 0.557631 0.560664 -0.612131
vn 1.000000 0.000000 0.000000
vn 0.557631 0.560664 -0.612131
vn 0.557631 0.699990 -0.446162
vn 1.000000 0.000000 0.000000
vn 0.557631 0.699990 -0.446162
vn 0.557631 0.791614 -0.249789
vn 1.000000 0.000000 0.000000
vn 0.557631 0.791614 -0.249789
vn 0.557631 0.829291 -0.036393
vn 0.000000 0.000000 -1.000000
vn 0.000000 0.000000 -1.000000
vn 0.000000 0.000000 -1.000000
vn 0.000000 0.000000 -1.000000
vn 0.000000 0.000000 -1.000000
vn 0.000000 0.000000 -1.000000
vn 0.000000 0.000000 1.000000
vn 0.000000 0.000000 1.000000
vn 0.000000 0.000000 1.000000
vn 0.000000 0.000000 1.000000
vn 0.000000 0.000000 1.000000
vn 0.000000 0.000000 1.000000
vn 0.000000 -1.000000 0.000000
vn 0.000000 -1.000000 0.000000
vn 0.000000 -1.000000 0.000000
vn 0.000000 -1.000000 0.000000
vn 0.000000 -1.000000 0.000000
vn 0.000000 -1.000000 0.000000
vn 1.000000 0.000000 0.000000
vn 1.000000 0.000000 0.000000
vn 1.000000 0.000000 0.000000
vn 1.000000 0.000000 0.000000
vn 1.000000 0.000000 0.000000
vn 1.000000 0.000000 0.000000
vn 0.000000 1.000000 0.000000
vn 0.000000 1.000000 0.000000
vn 0.000000 1.000000 0.000000
vn 0.000000 1.000000 0.000000
vn 0.000000 1.000000 0.000000
vn 0.000000 1.000000 0.000000
vn -1.000000 0.000000 0.000000
vn -1.000000 0.000000 0.000000
vn -1.000000 0.000000 0.000000
vn -1.000000 0.000000 0.000000
vn -1.000000 0.000000 0.000000
vn -1.000000 0.000000 0.000000
vn 0.000000 0.000000 -1.000000
vn 0.000000 0.000000 -1.000000
vn 0.000000 0.000000 -1.000000
vn 0.000000 0.000000 -1.000000
vn 0.000000 0.000000 -1.000000
vn 0.000000 0.000000 -1.000000
vn 0.000000 0.000000 1.000000
vn 0.000000 0.000000 1.000000
vn 0.000000 0.000000 1.000000
vn 0.000000 0.000000 1.000000
vn 0.000000 0.000000 1.000000
vn 0.000000 0.000000 1.000000
vn 0.000000 -1.000000 0.000000
vn 0.000000 -1.000000 0.000000
vn 0.000000 -1.000000 0.000000
vn 0.000000 -1.000000 0.000000
vn 0.000000 -1.000000 0.000000
vn 0.000000 -1.000000 0.000000
vn 1.000000 0.000000 0.000000
vn 1.000000 0.000000 0.000000
vn 1.000000 0.000000 0.000000
vn 1.000000 0.000000 0.000000
vn 1.000000 0.000000 0.000000
vn 1.000000 0.000000 0.000000
vn 0.000000 1.000000 0.000000
vn 0.000000 1.000000 0.000000
vn 0.000000 1.000000 0.000000
vn 0.000000 1.000000 0.000000
vn 0.000000 1.000000 0.000000
vn 0.000000 1.000000 0.000000
vn -1.000000 0.000000 0.000000
vn -1.000000 0.000000 0.000000
vn -1.000000 0.000000 0.000000
vn -1.000000 0.000000 0.000000
vn -1.000000 0.000000 0.000000
vn -1.000000 0.000000 0.000000
usemtl M_Hull
f 1/1/1 2/2/2 50/3/3
f 1/1/4 50/2/5 49/3/6
f 2/1/7 3/2/8 51/3/9
f 2/1/10 51/2/11 50/3/12
f 3/1/13 4/2/14 52/3/15
f 3/1/16 52/2/17 51/3/18
f 4/1/19 5/2/20 53/3/21
f 4/1/22 53/2/23 52/3/24
f 5/1/25 6/2/26 54/3/27
f 5/1/28 54/2/29 53/3/30
f 6/1/31 7/2/32 55/3/33
f 6/1/34 55/2/35 54/3/36
f 7/1/37 8/2/38 56/3/39
f 7/1/40 56/2/41 55/3/42
f 8/1/43 9/2/44 57/3/45
f 8/1/46 57/2/47 56/3/48
f 9/1/49 10/2/50 58/3/51
f 9/1/52 58/2/53 57/3/54
f 10/1/55 11/2/56 59/3/57
f 10/1/58 59/2/59 58/3/60
f 11/1/61 12/2/62 60/3/63
f 11/1/64 60/2/65 59/3/66
f 12/1/67 13/2/68 61/3/69
f 12/1/70 61/2/71 60/3/72
f 13/1/73 14/2/74 62/3/75
f 13/1/76 62/2/77 61/3/78
f 14/1/79 15/2/80 63/3/81
f 14/1/82 63/2/83 62/3/84
f 15/1/85 16/2/86 64/3/87
f 15/1/88 64/2/89 63/3/90
f 16/1/91 17/2/92 65/3/93
f 16/1/94 65/2/95 64/3/96
f 17/1/97 18/2/98 66/3/99
f 17/1/100 66/2/101 65/3/102
f 18/1/103 19/2/104 67/3/105
f 18/1/106 67/2/107 66/3/108
f 19/1/109 20/2/110 68/3/111
f 19/1/112 68/2/113 67/3/114
f 20/1/115 21/2/116 69/3/117
f 20/1/118 69/2/119 68/3/120
f 21/1/121 22/2/122 70/3/123
f 21/1/124 70/2/125 69/3/126
f 22/1/127 23/2/128 71/3/129
f 22/1/130 71/2/131 70/3/132
f 23/1/133 24/2/134 72/3/135
f 23/1/136 72/2/137 71/3/138
f 24/1/139 25/2/140 73/3/141
f 24/1/142 73/2/143 72/3/144
f 25/1/145 26/2/146 74/3/147
f 25/1/148 74/2/149 73/3/150
f 26/1/151 27/2/152 75/3/153
f 26/1/154 75/2/155 74/3/156
f 27/1/157 28/2/158 76/3/159
f 27/1/160 76/2/161 75/3/162
f 28/1/163 29/2/164 77/3/165
f 28/1/166 77/2/167 76/3/168
f 29/1/169 30/2/170 78/3/171
f 29/1/172 78/2/173 77/3/174
f 30/1/175 31/2/176 79/3/177
f 30/1/178 79/2/179 78/3/180
f 31/1/181 32/2/182 80/3/183
f 31/1/184 80/2/185 79/3/186
f 32/1/187 33/2/188 81/3/189
f 32/1/190 81/2/191 80/3/192
f 33/1/193 34/2/194 82/3/195
f 33/1/196 82/2/197 81/3/198
f 34/1/199 35/2/200 83/3/201
f 34/1/202 83/2/203 82/3/204
f 35/1/205 36/2/206 84/3/207
f 35/1/208 84/2/209 83/3/210
f 36/1/211 37/2/212 85/3/213
f 36/1/214 85/2/215 84/3/216
f 37/1/217 38/2/218 86/3/219
f 37/1/220 86/2/221 85/3/222
f 38/1/223 39/2/224 87/3/225
f 38/1/226 87/2/227 86/3/228
f 39/1/229 40/2/230 88/3/231
f 39/1/232 88/2/233 87/3/234
f 40/1/235 41/2/236 89/3/237
f 40/1/238 89/2/239 88/3/240
f 41/1/241 42/2/242 90/3/243
f 41/1/244 90/2/245 89/3/246
f 42/1/247 43/2/248 91/3/249
f 42/1/250 91/2/251 90/3/252
f 43/1/253 44/2/254 92/3/255
f 43/1/256 92/2/257 91/3/258
f 44/1/259 45/2/260 93/3/261
f 44/1/262 93/2/263 92/3/264
f 45/1/265 46/2/266 94/3/267
f 45/1/268 94/2/269 93/3/270
f 46/1/271 47/2/272 95/3/273
f 46/1/274 95/2/275 94/3/276
f 47/1/277 48/2/278 96/3/279
f 47/1/280 96/2/281 95/3/282
f 48/1/283 1/2/284 49/3/285
f 48/1/286 49/2/287 96/3/288
f 49/1/289 50/2/290 98/3/291
f 49/1/292 98/2/293 97/3/294
f 50/1/295 51/2/296 99/3/297
f 50/1/298 99/2/299 98/3/300
f 51/1/301 52/2/302 100/3/303
f 51/1/304 100/2/305 99/3/306
f 52/1/307 53/2/308 101/3/309
f 52/1/310 101/2/311 100/3/312
f 53/1/313 54/2/314 102/3/315
f 53/1/316 102/2/317 101/3/318
f 54/1/319 55/2/320 103/3/321
f 54/1/322 103/2/323 102/3/324
f 55/1/325 56/2/326 104/3/327
f 55/1/328 104/2/329 103/3/330
f 56/1/331 57/2/332 105/3/333
f 56/1/334 105/2/335 104/3/336
f 57/1/337 58/2/338 106/3/339
f 57/1/340 106/2/341 105/3/342
f 58/1/343 59/2/344 107/3/345
f 58/1/346 107/2/347 106/3/348
f 59/1/349 60/2/350 108/3/351
f 59/1/352 108/2/353 107/3/354
f 60/1/355 61/2/356 109/3/357
f 60/1/358 109/2/359 108/3/360
f 61/1/361 62/2/362 110/3/363
f 61/1/364 110/2/365 109/3/366
f 62/1/367 63/2/368 111/3/369
f 62/1/370 111/2/371 110/3/372
f 63/1/373 64/2/374 112/3/375
f 63/1/376 112/2/377 111/3/378
f 64/1/379 65/2/380 113/3/381
f 64/1/382 113/2/383 112/3/384
f 65/1/385 66/2/386 114/3/387
f 65/1/388 114/2/389 113/3/390
f 66/1/391 67/2/392 115/3/393
f 66/1/394 115/2/395 114/3/396
f 67/1/397 68/2/398 116/3/399
f 67/1/400 116/2/401 115/3/402
f 68/1/403 69/2/404 117/3/405
f 68/1/406 117/2/407 116/3/408
f 69/1/409 70/2/410 118/3/411
f 69/1/412 118/2/413 117/3/414
f 70/1/415 71/2/416 119/3/417
f 70/1/418 119/2/419 118/3/420
f 71/1/421 72/2/422 120/3/423
f 71/1/424 120/2/425 119/3/426
f 72/1/427 73/2/428 121/3/429
f 72/1/430 121/2/431 120/3/432
f 73/1/433 74/2/434 122/3/435
f 73/1/436 122/2/437 121/3/438
f 74/1/439 75/2/440 123/3/441
f 74/1/442 123/2/443 122/3/444
f 75/1/445 76/2/446 124/3/447
f 75/1/448 124/2/449 123/3/450
f 76/1/451 77/2/452 125/3/453
f 76/1/454 125/2/455 124/3/456
f 77/1/457 78/2/458 126/3/459
f 77/1/460 126/2/461 125/3/462
f 78/1/463 79/2/464 127/3/465
f 78/1/466 127/2/467 126/3/468
f 79/1/469 80/2/470 128/3/471
f 79/1/472 128/2/473 127/3/474
f 80/1/475 81/2/476 129/3/477
f 80/1/478 129/2/479 128/3/480
f 81/1/481 82/2/482 130/3/483
f 81/1/484 130/2/485 129/3/486
f 82/1/487 83/2/488 131/3/489
f 82/1/490 131/2/491 130/3/492
f 83/1/493 84/2/494 132/3/495
f 83/1/496 132/2/497 131/3/498
f 84/1/499 85/2/500 133/3/501
f 84/1/502 133/2/503 132/3/504
f 85/1/505 86/2/506 134/3/507
f 85/1/508 134/2/509 133/3/510
f 86/1/511 87/2/512 135/3/513
f 86/1/514 135/2/515 134/3/516
f 87/1/517 88/2/518 136/3/519
f 87/1/520 136/2/521 135/3/522
f 88/1/523 89/2/524 137/3/525
f 88/1/526 137/2/527 136/3/528
f 89/1/529 90/2/530 138/3/531
f 89/1/532 138/2/533 137/3/534
f 90/1/535 91/2/536 139/3/537
f 90/1/538 139/2/539 138/3/540
f 91/1/541 92/2/542 140/3/543
f 91/1/544 140/2/545 139/3/546
f 92/1/547 93/2/548 141/3/549
f 92/1/550 141/2/551 140/3/552
f 93/1/553 94/2/554 142/3/555
f 93/1/556 142/2/557 141/3/558
f 94/1/559 95/2/560 143/3/561
f 94/1/562 143/2/563 142/3/564
f 95/1/565 96/2/566 144/3/567
f 95/1/568 144/2/569 143/3/570
f 96/1/571 49/2/572 97/3/573
f 96/1/574 97/2/575 144/3/576
f 97/1/577 98/2/578 146/3/579
f 97/1/580 146/2/581 145/3/582
f 98/1/583 99/2/584 147/3/585
f 98/1/586 147/2/587 146/3/588
f 99/1/589 100/2/590 148/3/591
f 99/1/592 148/2/593 147/3/594
f 100/1/595 101/2/596 149/3/597
f 100/1/598 149/2/599 148/3/600
f 101/1/601 102/2/602 150/3/603
f 101/1/604 150/2/605 149/3/606
f 102/1/607 103/2/608 151/3/609
f 102/1/610 151/2/611 150/3/612
f 103/1/613 104/2/614 152/3/615
f 103/1/616 152/2/617 151/3/618
f 104/1/619 105/2/620 153/3/621
f 104/1/622 153/2/623 152/3/624
f 105/1/625 106/2/626 154/3/627
f 105/1/628 154/2/629 153/3/630
f 106/1/631 107/2/632 155/3/633
f 106/1/634 155/2/635 154/3/636
f 107/1/637 108/2/638 156/3/639
f 107/1/640 156/2/641 155/3/642
f 108/1/643 109/2/644 157/3/645
f 108/1/646 157/2/647 156/3/648
f 109/1/649 110/2/650 158/3/651
f 109/1/652 158/2/653 157/3/654
f 110/1/655 111/2/656 159/3/657
f 110/1/658 159/2/659 158/3/660
f 111/1/661 112/2/662 160/3/663
f 111/1/664 160/2/665 159/3/666
f 112/1/667 113/2/668 161/3/669
f 112/1/670 161/2/671 160/3/672
f 113/1/673 114/2/674 162/3/675
f 113/1/676 162/2/677 161/3/678
f 114/1/679 115/2/680 163/3/681
f 114/1/682 163/2/683 162/3/684
f 115/1/685 116/2/686 164/3/687
f 115/1/688 164/2/689 163/3/690
f 116/1/691 117/2/692 165/3/693
f 116/1/694 165/2/695 164/3/696
f 117/1/697 118/2/698 166/3/699
f 117/1/700 166/2/701 165/3/702
f 118/1/703 119/2/704 167/3/705
f 118/1/706 167/2/707 166/3/708
f 119/1/709 120/2/710 168/3/711
f 119/1/712 168/2/713 167/3/714
f 120/1/715 121/2/716 169/3/717
f 120/1/718 169/2/719 168/3/720
f 121/1/721 122/2/722 170/3/723
f 121/1/724 170/2/725 169/3/726
f 122/1/727 123/2/728 171/3/729
f 122/1/730 171/2/731 170/3/732
f 123/1/733 124/2/734 172/3/735
f 123/1/736 172/2/737 171/3/738
f 124/1/739 125/2/740 173/3/741
f 124/1/742 173/2/743 172/3/744
f 125/1/745 126/2/746 174/3/747
f 125/1/748 174/2/749 173/3/750
f 126/1/751 127/2/752 175/3/753
f 126/1/754 175/2/755 174/3/756
f 127/1/757 128/2/758 176/3/759
f 127/1/760 176/2/761 175/3/762
f 128/1/763 129/2/764 177/3/765
f 128/1/766 177/2/767 176/3/768
f 129/1/769 130/2/770 178/3/771
f 129/1/772 178/2/773 177/3/774
f 130/1/775 131/2/776 179/3/777
f 130/1/778 179/2/779 178/3/780
f 131/1/781 132/2/782 180/3/783
f 131/1/784 180/2/785 179/3/786
f 132/1/787 133/2/788 181/3/789
f 132/1/790 181/2/791 180/3/792
f 133/1/793 134/2/794 182/3/795
f 133/1/796 182/2/797 181/3/798
f 134/1/799 135/2/800 183/3/801
f 134/1/802 183/2/803 182/3/804
f 135/1/805 136/2/806 184/3/807
f 135/1/808 184/2/809 183/3/810
f 136/1/811 137/2/812 185/3/813
f 136/1/814 185/2/815 184/3/816
f 137/1/817 138/2/818 186/3/819
f 137/1/820 186/2/821 185/3/822
f 138/1/823 139/2/824 187/3/825
f 138/1/826 187/2/827 186/3/828
f 139/1/829 140/2/830 188/3/831
f 139/1/832 188/2/833 187/3/834
f 140/1/835 141/2/836 189/3/837
f 140/1/838 189/2/839 188/3/840
f 141/1/841 142/2/842 190/3/843
f 141/1/844 190/2/845 189/3/846
f 142/1/847 143/2/848 191/3/849
f 142/1/850 191/2/851 190/3/852
f 143/1/853 144/2/854 192/3/855
f 143/1/856 192/2/857 191/3/858
f 144/1/859 97/2/860 145/3/861
f 144/1/862 145/2/863 192/3/864
f 145/1/865 146/2/866 194/3/867
f 145/1/868 194/2/869 193/3/870
f 146/1/871 147/2/872 195/3/873
f 146/1/874 195/2/875 194/3/876
f 147/1/877 148/2/878 196/3/879
f 147/1/880 196/2/881 195/3/882
f 148/1/883 149/2/884 197/3/885
f 148/1/886 197/2/887 196/3/888
f 149/1/889 150/2/890 198/3/891
f 149/1/892 198/2/893 197/3/894
f 150/1/895 151/2/896 199/3/897
f 150/1/898 199/2/899 198/3/900
f 151/1/901 152/2/902 200/3/903
f 151/1/904 200/2/905 199/3/906
f 152/1/907 153/2/908 201/3/909
f 152/1/910 201/2/911 200/3/912
f 153/1/913 154/2/914 202/3/915
f 153/1/916 202/2/917 201/3/918
f 154/1/919 155/2/920 203/3/921
f 154/1/922 203/2/923 202/3/924
f 155/1/925 156/2/926 204/3/927
f 155/1/928 204/2/929 203/3/930
f 156/1/931 157/2/932 205/3/933
f 156/1/934 205/2/935 204/3/936
f 157/1/937 158/2/938 206/3/939
f 157/1/940 206/2/941 205/3/942
f 158/1/943 159/2/944 207/3/945
f 158/1/946 207/2/947 206/3/948
f 159/1/949 160/2/950 208/3/951
f 159/1/952 208/2/953 207/3/954
f 160/1/955 161/2/956 209/3/957
f 160/1/958 209/2/959 208/3/960
f 161/1/961 162/2/962 210/3/963
f 161/1/964 210/2/965 209/3/966
f 162/1/967 163/2/968 211/3/969
f 162/1/970 211/2/971 210/3/972
f 163/1/973 164/2/974 212/3/975
f 163/1/976 212/2/977 211/3/978
f 164/1/979 165/2/980 213/3/981
f 164/1/982 213/2/983 212/3/984
f 165/1/985 166/2/986 214/3/987
f 165/1/988 214/2/989 213/3/990
f 166/1/991 167/2/992 215/3/993
f 166/1/994 215/2/995 214/3/996
f 167/1/997 168/2/998 216/3/999
f 167/1/1000 216/2/1001 215/3/1002
f 168/1/1003 169/2/1004 217/3/1005
f 168/1/1006 217/2/1007 216/3/1008
f 169/1/1009 170/2/1010 218/3/1011
f 169/1/1012 218/2/1013 217/3/1014
f 170/1/1015 171/2/1016 219/3/1017
f 170/1/1018 219/2/1019 218/3/1020
f 171/1/1021 172/2/1022 220/3/1023
f 171/1/1024 220/2/1025 219/3/1026
f 172/1/1027 173/2/1028 221/3/1029
f 172/1/1030 221/2/1031 220/3/1032
f 173/1/1033 174/2/1034 222/3/1035
f 173/1/1036 222/2/1037 221/3/1038
f 174/1/1039 175/2/1040 223/3/1041
f 174/1/1042 223/2/1043 222/3/1044
f 175/1/1045 176/2/1046 224/3/1047
f 175/1/1048 224/2/1049 223/3/1050
f 176/1/1051 177/2/1052 225/3/1053
f 176/1/1054 225/2/1055 224/3/1056
f 177/1/1057 178/2/1058 226/3/1059
f 177/1/1060 226/2/1061 225/3/1062
f 178/1/1063 179/2/1064 227/3/1065
f 178/1/1066 227/2/1067 226/3/1068
f 179/1/1069 180/2/1070 228/3/1071
f 179/1/1072 228/2/1073 227/3/1074
f 180/1/1075 181/2/1076 229/3/1077
f 180/1/1078 229/2/1079 228/3/1080
f 181/1/1081 182/2/1082 230/3/1083
f 181/1/1084 230/2/1085 229/3/1086
f 182/1/1087 183/2/1088 231/3/1089
f 182/1/1090 231/2/1091 230/3/1092
f 183/1/1093 184/2/1094 232/3/1095
f 183/1/1096 232/2/1097 231/3/1098
f 184/1/1099 185/2/1100 233/3/1101
f 184/1/1102 233/2/1103 232/3/1104
f 185/1/1105 186/2/1106 234/3/1107
f 185/1/1108 234/2/1109 233/3/1110
f 186/1/1111 187/2/1112 235/3/1113
f 186/1/1114 235/2/1115 234/3/1116
f 187/1/1117 188/2/1118 236/3/1119
f 187/1/1120 236/2/1121 235/3/1122
f 188/1/1123 189/2/1124 237/3/1125
f 188/1/1126 237/2/1127 236/3/1128
f 189/1/1129 190/2/1130 238/3/1131
f 189/1/1132 238/2/1133 237/3/1134
f 190/1/1135 191/2/1136 239/3/1137
f 190/1/1138 239/2/1139 238/3/1140
f 191/1/1141 192/2/1142 240/3/1143
f 191/1/1144 240/2/1145 239/3/1146
f 192/1/1147 145/2/1148 193/3/1149
f 192/1/1150 193/2/1151 240/3/1152
f 193/1/1153 194/2/1154 242/3/1155
f 193/1/1156 242/2/1157 241/3/1158
f 194/1/1159 195/2/1160 243/3/1161
f 194/1/1162 243/2/1163 242/3/1164
f 195/1/1165 196/2/1166 244/3/1167
f 195/1/1168 244/2/1169 243/3/1170
f 196/1/1171 197/2/1172 245/3/1173
f 196/1/1174 245/2/1175 244/3/1176
f 197/1/1177 198/2/1178 246/3/1179
f 197/1/1180 246/2/1181 245/3/1182
f 198/1/1183 199/2/1184 247/3/1185
f 198/1/1186 247/2/1187 246/3/1188
f 199/1/1189 200/2/1190 248/3/1191
f 199/1/1192 248/2/1193 247/3/1194
f 200/1/1195 201/2/1196 249/3/1197
f 200/1/1198 249/2/1199 248/3/1200
f 201/1/1201 202/2/1202 250/3/1203
f 201/1/1204 250/2/1205 249/3/1206
f 202/1/1207 203/2/1208 251/3/1209
f 202/1/1210 251/2/1211 250/3/1212
f 203/1/1213 204/2/1214 252/3/1215
f 203/1/1216 252/2/1217 251/3/1218
f 204/1/1219 205/2/1220 253/3/1221
f 204/1/1222 253/2/1223 252/3/1224
f 205/1/1225 206/2/1226 254/3/1227
f 205/1/1228 254/2/1229 253/3/1230
f 206/1/1231 207/2/1232 255/3/1233
f 206/1/1234 255/2/1235 254/3/1236
f 207/1/1237 208/2/1238 256/3/1239
f 207/1/1240 256/2/1241 255/3/1242
f 208/1/1243 209/2/1244 257/3/1245
f 208/1/1246 257/2/1247 256/3/1248
f 209/1/1249 210/2/1250 258/3/1251
f 209/1/1252 258/2/1253 257/3/1254
f 210/1/1255 211/2/1256 259/3/1257
f 210/1/1258 259/2/1259 258/3/1260
f 211/1/1261 212/2/1262 260/3/1263
f 211/1/1264 260/2/1265 259/3/1266
f 212/1/1267 213/2/1268 261/3/1269
f 212/1/1270 261/2/1271 260/3/1272
f 213/1/1273 214/2/1274 262/3/1275
f 213/1/1276 262/2/1277 261/3/1278
f 214/1/1279 215/2/1280 263/3/1281
f 214/1/1282 263/2/1283 262/3/1284
f 215/1/1285 216/2/1286 264/3/1287
f 215/1/1288 264/2/1289 263/3/1290
f 216/1/1291 217/2/1292 265/3/1293
f 216/1/1294 265/2/1295 264/3/1296
f 217/1/1297 218/2/1298 266/3/1299
f 217/1/1300 266/2/1301 265/3/1302
f 218/1/1303 219/2/1304 267/3/1305
f 218/1/1306 267/2/1307 266/3/1308
f 219/1/1309 220/2/1310 268/3/1311
f 219/1/1312 268/2/1313 267/3/1314
f 220/1/1315 221/2/1316 269/3/1317
f 220/1/1318 269/2/1319 268/3/1320
f 221/1/1321 222/2/1322 270/3/1323
f 221/1/1324 270/2/1325 269/3/1326
f 222/1/1327 223/2/1328 271/3/1329
f 222/1/1330 271/2/1331 270/3/1332
f 223/1/1333 224/2/1334 272/3/1335
f 223/1/1336 272/2/1337 271/3/1338
f 224/1/1339 225/2/1340 273/3/1341
f 224/1/1342 273/2/1343 272/3/1344
f 225/1/1345 226/2/1346 274/3/1347
f 225/1/1348 274/2/1349 273/3/1350
f 226/1/1351 227/2/1352 275/3/1353
f 226/1/1354 275/2/1355 274/3/1356
f 227/1/1357 228/2/1358 276/3/1359
f 227/1/1360 276/2/1361 275/3/1362
f 228/1/1363 229/2/1364 277/3/1365
f 228/1/1366 277/2/1367 276/3/1368
f 229/1/1369 230/2/1370 278/3/1371
f 229/1/1372 278/2/1373 277/3/1374
f 230/1/1375 231/2/1376 279/3/1377
f 230/1/1378 279/2/1379 278/3/1380
f 231/1/1381 232/2/1382 280/3/1383
f 231/1/1384 280/2/1385 279/3/1386
f 232/1/1387 233/2/1388 281/3/1389
f 232/1/1390 281/2/1391 280/3/1392
f 233/1/1393 234/2/1394 282/3/1395
f 233/1/1396 282/2/1397 281/3/1398
f 234/1/1399 235/2/1400 283/3/1401
f 234/1/1402 283/2/1403 282/3/1404
f 235/1/1405 236/2/1406 284/3/1407
f 235/1/1408 284/2/1409 283/3/1410
f 236/1/1411 237/2/1412 285/3/1413
f 236/1/1414 285/2/1415 284/3/1416
f 237/1/1417 238/2/1418 286/3/1419
f 237/1/1420 286/2/1421 285/3/1422
f 238/1/1423 239/2/1424 287/3/1425
f 238/1/1426 287/2/1427 286/3/1428
f 239/1/1429 240/2/1430 288/3/1431
f 239/1/1432 288/2/1433 287/3/1434
f 240/1/1435 193/2/1436 241/3/1437
f 240/1/1438 241/2/1439 288/3/1440
f 241/1/1441 242/2/1442 290/3/1443
f 241/1/1444 290/2/1445 289/3/1446
f 242/1/1447 243/2/1448 291/3/1449
f 242/1/1450 291/2/1451 290/3/1452
f 243/1/1453 244/2/1454 292/3/1455
f 243/1/1456 292/2/1457 291/3/1458
f 244/1/1459 245/2/1460 293/3/1461
f 244/1/1462 293/2/1463 292/3/1464
f 245/1/1465 246/2/1466 294/3/1467
f 245/1/1468 294/2/1469 293/3/1470
f 246/1/1471 247/2/1472 295/3/1473
f 246/1/1474 295/2/1475 294/3/1476
f 247/1/1477 248/2/1478 296/3/1479
f 247/1/1480 296/2/1481 295/3/1482
f 248/1/1483 249/2/1484 297/3/1485
f 248/1/1486 297/2/1487 296/3/1488
f 249/1/1489 250/2/1490 298/3/1491
f 249/1/1492 298/2/1493 297/3/1494
f 250/1/1495 251/2/1496 299/3/1497
f 250/1/1498 299/2/1499 298/3/1500
f 251/1/1501 252/2/1502 300/3/1503
f 251/1/1504 300/2/1505 299/3/1506
f 252/1/1507 253/2/1508 301/3/1509
f 252/1/1510 301/2/1511 300/3/1512
f 253/1/1513 254/2/1514 302/3/1515
f 253/1/1516 302/2/1517 301/3/1518
f 254/1/1519 255/2/1520 303/3/1521
f 254/1/1522 303/2/1523 302/3/1524
f 255/1/1525 256/2/1526 304/3/1527
f 255/1/1528 304/2/1529 303/3/1530
f 256/1/1531 257/2/1532 305/3/1533
f 256/1/1534 305/2/1535 304/3/1536
f 257/1/1537 258/2/1538 306/3/1539
f 257/1/1540 306/2/1541 305/3/1542
f 258/1/1543 259/2/1544 307/3/1545
f 258/1/1546 307/2/1547 306/3/1548
f 259/1/1549 260/2/1550 308/3/1551
f 259/1/1552 308/2/1553 307/3/1554
f 260/1/1555 261/2/1556 309/3/1557
f 260/1/1558 309/2/1559 308/3/1560
f 261/1/1561 262/2/1562 310/3/1563
f 261/1/1564 310/2/1565 309/3/1566
f 262/1/1567 263/2/1568 311/3/1569
f 262/1/1570 311/2/1571 310/3/1572
f 263/1/1573 264/2/1574 312/3/1575
f 263/1/1576 312/2/1577 311/3/1578
f 264/1/1579 265/2/1580 313/3/1581
f 264/1/1582 313/2/1583 312/3/1584
f 265/1/1585 266/2/1586 314/3/1587
f 265/1/1588 314/2/1589 313/3/1590
f 266/1/1591 267/2/1592 315/3/1593
f 266/1/1594 315/2/1595 314/3/1596
f 267/1/1597 268/2/1598 316/3/1599
f 267/1/1600 316/2/1601 315/3/1602
f 268/1/1603 269/2/1604 317/3/1605
f 268/1/1606 317/2/1607 316/3/1608
f 269/1/1609 270/2/1610 318/3/1611
f 269/1/1612 318/2/1613 317/3/1614
f 270/1/1615 271/2/1616 319/3/1617
f 270/1/1618 319/2/1619 318/3/1620
f 271/1/1621 272/2/1622 320/3/1623
f 271/1/1624 320/2/1625 319/3/1626
f 272/1/1627 273/2/1628 321/3/1629
f 272/1/1630 321/2/1631 320/3/1632
f 273/1/1633 274/2/1634 322/3/1635
f 273/1/1636 322/2/1637 321/3/1638
f 274/1/1639 275/2/1640 323/3/1641
f 274/1/1642 323/2/1643 322/3/1644
f 275/1/1645 276/2/1646 324/3/1647
f 275/1/1648 324/2/1649 323/3/1650
f 276/1/1651 277/2/1652 325/3/1653
f 276/1/1654 325/2/1655 324/3/1656
f 277/1/1657 278/2/1658 326/3/1659
f 277/1/1660 326/2/1661 325/3/1662
f 278/1/1663 279/2/1664 327/3/1665
f 278/1/1666 327/2/1667 326/3/1668
f 279/1/1669 280/2/1670 328/3/1671
f 279/1/1672 328/2/1673 327/3/1674
f 280/1/1675 281/2/1676 329/3/1677
f 280/1/1678 329/2/1679 328/3/1680
f 281/1/1681 282/2/1682 330/3/1683
f 281/1/1684 330/2/1685 329/3/1686
f 282/1/1687 283/2/1688 331/3/1689
f 282/1/1690 331/2/1691 330/3/1692
f 283/1/1693 284/2/1694 332/3/1695
f 283/1/1696 332/2/1697 331/3/1698
f 284/1/1699 285/2/1700 333/3/1701
f 284/1/1702 333/2/1703 332/3/1704
f 285/1/1705 286/2/1706 334/3/1707
f 285/1/1708 334/2/1709 333/3/1710
f 286/1/1711 287/2/1712 335/3/1713
f 286/1/1714 335/2/1715 334/3/1716
f 287/1/1717 288/2/1718 336/3/1719
f 287/1/1720 336/2/1721 335/3/1722
f 288/1/1723 241/2/1724 289/3/1725
f 288/1/1726 289/2/1727 336/3/1728
f 289/1/1729 290/2/1730 338/3/1731
f 289/1/1732 338/2/1733 337/3/1734
f 290/1/1735 291/2/1736 339/3/1737
f 290/1/1738 339/2/1739 338/3/1740
f 291/1/1741 292/2/1742 340/3/1743
f 291/1/1744 340/2/1745 339/3/1746
f 292/1/1747 293/2/1748 341/3/1749
f 292/1/1750 341/2/1751 340/3/1752
f 293/1/1753 294/2/1754 342/3/1755
f 293/1/1756 342/2/1757 341/3/1758
f 294/1/1759 295/2/1760 343/3/1761
f 294/1/1762 343/2/1763 342/3/1764
f 295/1/1765 296/2/1766 344/3/1767
f 295/1/1768 344/2/1769 343/3/1770
f 296/1/1771 297/2/1772 345/3/1773
f 296/1/1774 345/2/1775 344/3/1776
f 297/1/1777 298/2/1778 346/3/1779
f 297/1/1780 346/2/1781 345/3/1782
f 298/1/1783 299/2/1784 347/3/1785
f 298/1/1786 347/2/1787 346/3/1788
f 299/1/1789 300/2/1790 348/3/1791
f 299/1/1792 348/2/1793 347/3/1794
f 300/1/1795 301/2/1796 349/3/1797
f 300/1/1798 349/2/1799 348/3/1800
f 301/1/1801 302/2/1802 350/3/1803
f 301/1/1804 350/2/1805 349/3/1806
f 302/1/1807 303/2/1808 351/3/1809
f 302/1/1810 351/2/1811 350/3/1812
f 303/1/1813 304/2/1814 352/3/1815
f 303/1/1816 352/2/1817 351/3/1818
f 304/1/1819 305/2/1820 353/3/1821
f 304/1/1822 353/2/1823 352/3/1824
f 305/1/1825 306/2/1826 354/3/1827
f 305/1/1828 354/2/1829 353/3/1830
f 306/1/1831 307/2/1832 355/3/1833
f 306/1/1834 355/2/1835 354/3/1836
f 307/1/1837 308/2/1838 356/3/1839
f 307/1/1840 356/2/1841 355/3/1842
f 308/1/1843 309/2/1844 357/3/1845
f 308/1/1846 357/2/1847 356/3/1848
f 309/1/1849 310/2/1850 358/3/1851
f 309/1/1852 358/2/1853 357/3/1854
f 310/1/1855 311/2/1856 359/3/1857
f 310/1/1858 359/2/1859 358/3/1860
f 311/1/1861 312/2/1862 360/3/1863
f 311/1/1864 360/2/1865 359/3/1866
f 312/1/1867 313/2/1868 361/3/1869
f 312/1/1870 361/2/1871 360/3/1872
f 313/1/1873 314/2/1874 362/3/1875
f 313/1/1876 362/2/1877 361/3/1878
f 314/1/1879 315/2/1880 363/3/1881
f 314/1/1882 363/2/1883 362/3/1884
f 315/1/1885 316/2/1886 364/3/1887
f 315/1/1888 364/2/1889 363/3/1890
f 316/1/1891 317/2/1892 365/3/1893
f 316/1/1894 365/2/1895 364/3/1896
f 317/1/1897 318/2/1898 366/3/1899
f 317/1/1900 366/2/1901 365/3/1902
f 318/1/1903 319/2/1904 367/3/1905
f 318/1/1906 367/2/1907 366/3/1908
f 319/1/1909 320/2/1910 368/3/1911
f 319/1/1912 368/2/1913 367/3/1914
f 320/1/1915 321/2/1916 369/3/1917
f 320/1/1918 369/2/1919 368/3/1920
f 321/1/1921 322/2/1922 370/3/1923
f 321/1/1924 370/2/1925 369/3/1926
f 322/1/1927 323/2/1928 371/3/1929
f 322/1/1930 371/2/1931 370/3/1932
f 323/1/1933 324/2/1934 372/3/1935
f 323/1/1936 372/2/1937 371/3/1938
f 324/1/1939 325/2/1940 373/3/1941
f 324/1/1942 373/2/1943 372/3/1944
f 325/1/1945 326/2/1946 374/3/1947
f 325/1/1948 374/2/1949 373/3/1950
f 326/1/1951 327/2/1952 375/3/1953
f 326/1/1954 375/2/1955 374/3/1956
f 327/1/1957 328/2/1958 376/3/1959
f 327/1/1960 376/2/1961 375/3/1962
f 328/1/1963 329/2/1964 377/3/1965
f 328/1/1966 377/2/1967 376/3/1968
f 329/1/1969 330/2/1970 378/3/1971
f 329/1/1972 378/2/1973 377/3/1974
f 330/1/1975 331/2/1976 379/3/1977
f 330/1/1978 379/2/1979 378/3/1980
f 331/1/1981 332/2/1982 380/3/1983
f 331/1/1984 380/2/1985 379/3/1986
f 332/1/1987 333/2/1988 381/3/1989
f 332/1/1990 381/2/1991 380/3/1992
f 333/1/1993 334/2/1994 382/3/1995
f 333/1/1996 382/2/1997 381/3/1998
f 334/1/1999 335/2/2000 383/3/2001
f 334/1/2002 383/2/2003 382/3/2004
f 335/1/2005 336/2/2006 384/3/2007
f 335/1/2008 384/2/2009 383/3/2010
f 336/1/2011 289/2/2012 337/3/2013
f 336/1/2014 337/2/2015 384/3/2016
f 2/1/2017 1/2/2018 385/3/2019
f 3/1/2020 2/2/2021 385/3/2022
f 4/1/2023 3/2/2024 385/3/2025
f 5/1/2026 4/2/2027 385/3/2028
f 6/1/2029 5/2/2030 385/3/2031
f 7/1/2032 6/2/2033 385/3/2034
f 8/1/2035 7/2/2036 385/3/2037
f 9/1/2038 8/2/2039 385/3/2040
f 10/1/2041 9/2/2042 385/3/2043
f 11/1/2044 10/2/2045 385/3/2046
f 12/1/2047 11/2/2048 385/3/2049
f 13/1/2050 12/2/2051 385/3/2052
f 14/1/2053 13/2/2054 385/3/2055
f 15/1/2056 14/2/2057 385/3/2058
f 16/1/2059 15/2/2060 385/3/2061
f 17/1/2062 16/2/2063 385/3/2064
f 18/1/2065 17/2/2066 385/3/2067
f 19/1/2068 18/2/2069 385/3/2070
f 20/1/2071 19/2/2072 385/3/2073
f 21/1/2074 20/2/2075 385/3/2076
f 22/1/2077 21/2/2078 385/3/2079
f 23/1/2080 22/2/2081 385/3/2082
f 24/1/2083 23/2/2084 385/3/2085
f 25/1/2086 24/2/2087 385/3/2088
f 26/1/2089 25/2/2090 385/3/2091
f 27/1/2092 26/2/2093 385/3/2094
f 28/1/2095 27/2/2096 385/3/2097
f 29/1/2098 28/2/2099 385/3/2100
f 30/1/2101 29/2/2102 385/3/2103
f 31/1/2104 30/2/2105 385/3/2106
f 32/1/2107 31/2/2108 385/3/2109
f 33/1/2110 32/2/2111 385/3/2112
f 34/1/2113 33/2/2114 385/3/2115
f 35/1/2116 34/2/2117 385/3/2118
f 36/1/2119 35/2/2120 385/3/2121
f 37/1/2122 36/2/2123 385/3/2124
f 38/1/2125 37/2/2126 385/3/2127
f 39/1/2128 38/2/2129 385/3/2130
f 40/1/2131 39/2/2132 385/3/2133
f 41/1/2134 40/2/2135 385/3/2136
f 42/1/2137 41/2/2138 385/3/2139
f 43/1/2140 42/2/2141 385/3/2142
f 44/1/2143 43/2/2144 385/3/2145
f 45/1/2146 44/2/2147 385/3/2148
f 46/1/2149 45/2/2150 385/3/2151
f 47/1/2152 46/2/2153 385/3/2154
f 48/1/2155 47/2/2156 385/3/2157
f 1/1/2158 48/2/2159 385/3/2160
f 386/1/2161 337/2/2162 338/3/2163
f 386/1/2164 338/2/2165 339/3/2166
f 386/1/2167 339/2/2168 340/3/2169
f 386/1/2170 340/2/2171 341/3/2172
f 386/1/2173 341/2/2174 342/3/2175
f 386/1/2176 342/2/2177 343/3/2178
f 386/1/2179 343/2/2180 344/3/2181
f 386/1/2182 344/2/2183 345/3/2184
f 386/1/2185 345/2/2186 346/3/2187
f 386/1/2188 346/2/2189 347/3/2190
f 386/1/2191 347/2/2192 348/3/2193
f 386/1/2194 348/2/2195 349/3/2196
f 386/1/2197 349/2/2198 350/3/2199
f 386/1/2200 350/2/2201 351/3/2202
f 386/1/2203 351/2/2204 352/3/2205
f 386/1/2206 352/2/2207 353/3/2208
f 386/1/2209 353/2/2210 354/3/2211
f 386/1/2212 354/2/2213 355/3/2214
f 386/1/2215 355/2/2216 356/3/2217
f 386/1/2218 356/2/2219 357/3/2220
f 386/1/2221 357/2/2222 358/3/2223
f 386/1/2224 358/2/2225 359/3/2226
f 386/1/2227 359/2/2228 360/3/2229
f 386/1/2230 360/2/2231 361/3/2232
f 386/1/2233 361/2/2234 362/3/2235
f 386/1/2236 362/2/2237 363/3/2238
f 386/1/2239 363/2/2240 364/3/2241
f 386/1/2242 364/2/2243 365/3/2244
f 386/1/2245 365/2/2246 366/3/2247
f 386/1/2248 366/2/2249 367/3/2250
f 386/1/2251 367/2/2252 368/3/2253
f 386/1/2254 368/2/2255 369/3/2256
f 386/1/2257 369/2/2258 370/3/2259
f 386/1/2260 370/2/2261 371/3/2262
f 386/1/2263 371/2/2264 372/3/2265
f 386/1/2266 372/2/2267 373/3/2268
f 386/1/2269 373/2/2270 374/3/2271
f 386/1/2272 374/2/2273 375/3/2274
f 386/1/2275 375/2/2276 376/3/2277
f 386/1/2278 376/2/2279 377/3/2280
f 386/1/2281 377/2/2282 378/3/2283
f 386/1/2284 378/2/2285 379/3/2286
f 386/1/2287 379/2/2288 380/3/2289
f 386/1/2290 380/2/2291 381/3/2292
f 386/1/2293 381/2/2294 382/3/2295
f 386/1/2296 382/2/2297 383/3/2298
f 386/1/2299 383/2/2300 384/3/2301
f 386/1/2302 384/2/2303 337/3/2304
usemtl M_Gold
f 387/1/2305 388/2/2306 436/3/2307
f 387/1/2308 436/2/2309 435/3/2310
f 388/1/2311 389/2/2312 437/3/2313
f 388/1/2314 437/2/2315 436/3/2316
f 389/1/2317 390/2/2318 438/3/2319
f 389/1/2320 438/2/2321 437/3/2322
f 390/1/2323 391/2/2324 439/3/2325
f 390/1/2326 439/2/2327 438/3/2328
f 391/1/2329 392/2/2330 440/3/2331
f 391/1/2332 440/2/2333 439/3/2334
f 392/1/2335 393/2/2336 441/3/2337
f 392/1/2338 441/2/2339 440/3/2340
f 393/1/2341 394/2/2342 442/3/2343
f 393/1/2344 442/2/2345 441/3/2346
f 394/1/2347 395/2/2348 443/3/2349
f 394/1/2350 443/2/2351 442/3/2352
f 395/1/2353 396/2/2354 444/3/2355
f 395/1/2356 444/2/2357 443/3/2358
f 396/1/2359 397/2/2360 445/3/2361
f 396/1/2362 445/2/2363 444/3/2364
f 397/1/2365 398/2/2366 446/3/2367
f 397/1/2368 446/2/2369 445/3/2370
f 398/1/2371 399/2/2372 447/3/2373
f 398/1/2374 447/2/2375 446/3/2376
f 399/1/2377 400/2/2378 448/3/2379
f 399/1/2380 448/2/2381 447/3/2382
f 400/1/2383 401/2/2384 449/3/2385
f 400/1/2386 449/2/2387 448/3/2388
f 401/1/2389 402/2/2390 450/3/2391
f 401/1/2392 450/2/2393 449/3/2394
f 402/1/2395 403/2/2396 451/3/2397
f 402/1/2398 451/2/2399 450/3/2400
f 403/1/2401 404/2/2402 452/3/2403
f 403/1/2404 452/2/2405 451/3/2406
f 404/1/2407 405/2/2408 453/3/2409
f 404/1/2410 453/2/2411 452/3/2412
f 405/1/2413 406/2/2414 454/3/2415
f 405/1/2416 454/2/2417 453/3/2418
f 406/1/2419 407/2/2420 455/3/2421
f 406/1/2422 455/2/2423 454/3/2424
f 407/1/2425 408/2/2426 456/3/2427
f 407/1/2428 456/2/2429 455/3/2430
f 408/1/2431 409/2/2432 457/3/2433
f 408/1/2434 457/2/2435 456/3/2436
f 409/1/2437 410/2/2438 458/3/2439
f 409/1/2440 458/2/2441 457/3/2442
f 410/1/2443 411/2/2444 459/3/2445
f 410/1/2446 459/2/2447 458/3/2448
f 411/1/2449 412/2/2450 460/3/2451
f 411/1/2452 460/2/2453 459/3/2454
f 412/1/2455 413/2/2456 461/3/2457
f 412/1/2458 461/2/2459 460/3/2460
f 413/1/2461 414/2/2462 462/3/2463
f 413/1/2464 462/2/2465 461/3/2466
f 414/1/2467 415/2/2468 463/3/2469
f 414/1/2470 463/2/2471 462/3/2472
f 415/1/2473 416/2/2474 464/3/2475
f 415/1/2476 464/2/2477 463/3/2478
f 416/1/2479 417/2/2480 465/3/2481
f 416/1/2482 465/2/2483 464/3/2484
f 417/1/2485 418/2/2486 466/3/2487
f 417/1/2488 466/2/2489 465/3/2490
f 418/1/2491 419/2/2492 467/3/2493
f 418/1/2494 467/2/2495 466/3/2496
f 419/1/2497 420/2/2498 468/3/2499
f 419/1/2500 468/2/2501 467/3/2502
f 420/1/2503 421/2/2504 469/3/2505
f 420/1/2506 469/2/2507 468/3/2508
f 421/1/2509 422/2/2510 470/3/2511
f 421/1/2512 470/2/2513 469/3/2514
f 422/1/2515 423/2/2516 471/3/2517
f 422/1/2518 471/2/2519 470/3/2520
f 423/1/2521 424/2/2522 472/3/2523
f 423/1/2524 472/2/2525 471/3/2526
f 424/1/2527 425/2/2528 473/3/2529
f 424/1/2530 473/2/2531 472/3/2532
f 425/1/2533 426/2/2534 474/3/2535
f 425/1/2536 474/2/2537 473/3/2538
f 426/1/2539 427/2/2540 475/3/2541
f 426/1/2542 475/2/2543 474/3/2544
f 427/1/2545 428/2/2546 476/3/2547
f 427/1/2548 476/2/2549 475/3/2550
f 428/1/2551 429/2/2552 477/3/2553
f 428/1/2554 477/2/2555 476/3/2556
f 429/1/2557 430/2/2558 478/3/2559
f 429/1/2560 478/2/2561 477/3/2562
f 430/1/2563 431/2/2564 479/3/2565
f 430/1/2566 479/2/2567 478/3/2568
f 431/1/2569 432/2/2570 480/3/2571
f 431/1/2572 480/2/2573 479/3/2574
f 432/1/2575 433/2/2576 481/3/2577
f 432/1/2578 481/2/2579 480/3/2580
f 433/1/2581 434/2/2582 482/3/2583
f 433/1/2584 482/2/2585 481/3/2586
f 434/1/2587 387/2/2588 435/3/2589
f 434/1/2590 435/2/2591 482/3/2592
f 435/1/2593 436/2/2594 484/3/2595
f 435/1/2596 484/2/2597 483/3/2598
f 436/1/2599 437/2/2600 485/3/2601
f 436/1/2602 485/2/2603 484/3/2604
f 437/1/2605 438/2/2606 486/3/2607
f 437/1/2608 486/2/2609 485/3/2610
f 438/1/2611 439/2/2612 487/3/2613
f 438/1/2614 487/2/2615 486/3/2616
f 439/1/2617 440/2/2618 488/3/2619
f 439/1/2620 488/2/2621 487/3/2622
f 440/1/2623 441/2/2624 489/3/2625
f 440/1/2626 489/2/2627 488/3/2628
f 441/1/2629 442/2/2630 490/3/2631
f 441/1/2632 490/2/2633 489/3/2634
f 442/1/2635 443/2/2636 491/3/2637
f 442/1/2638 491/2/2639 490/3/2640
f 443/1/2641 444/2/2642 492/3/2643
f 443/1/2644 492/2/2645 491/3/2646
f 444/1/2647 445/2/2648 493/3/2649
f 444/1/2650 493/2/2651 492/3/2652
f 445/1/2653 446/2/2654 494/3/2655
f 445/1/2656 494/2/2657 493/3/2658
f 446/1/2659 447/2/2660 495/3/2661
f 446/1/2662 495/2/2663 494/3/2664
f 447/1/2665 448/2/2666 496/3/2667
f 447/1/2668 496/2/2669 495/3/2670
f 448/1/2671 449/2/2672 497/3/2673
f 448/1/2674 497/2/2675 496/3/2676
f 449/1/2677 450/2/2678 498/3/2679
f 449/1/2680 498/2/2681 497/3/2682
f 450/1/2683 451/2/2684 499/3/2685
f 450/1/2686 499/2/2687 498/3/2688
f 451/1/2689 452/2/2690 500/3/2691
f 451/1/2692 500/2/2693 499/3/2694
f 452/1/2695 453/2/2696 501/3/2697
f 452/1/2698 501/2/2699 500/3/2700
f 453/1/2701 454/2/2702 502/3/2703
f 453/1/2704 502/2/2705 501/3/2706
f 454/1/2707 455/2/2708 503/3/2709
f 454/1/2710 503/2/2711 502/3/2712
f 455/1/2713 456/2/2714 504/3/2715
f 455/1/2716 504/2/2717 503/3/2718
f 456/1/2719 457/2/2720 505/3/2721
f 456/1/2722 505/2/2723 504/3/2724
f 457/1/2725 458/2/2726 506/3/2727
f 457/1/2728 506/2/2729 505/3/2730
f 458/1/2731 459/2/2732 507/3/2733
f 458/1/2734 507/2/2735 506/3/2736
f 459/1/2737 460/2/2738 508/3/2739
f 459/1/2740 508/2/2741 507/3/2742
f 460/1/2743 461/2/2744 509/3/2745
f 460/1/2746 509/2/2747 508/3/2748
f 461/1/2749 462/2/2750 510/3/2751
f 461/1/2752 510/2/2753 509/3/2754
f 462/1/2755 463/2/2756 511/3/2757
f 462/1/2758 511/2/2759 510/3/2760
f 463/1/2761 464/2/2762 512/3/2763
f 463/1/2764 512/2/2765 511/3/2766
f 464/1/2767 465/2/2768 513/3/2769
f 464/1/2770 513/2/2771 512/3/2772
f 465/1/2773 466/2/2774 514/3/2775
f 465/1/2776 514/2/2777 513/3/2778
f 466/1/2779 467/2/2780 515/3/2781
f 466/1/2782 515/2/2783 514/3/2784
f 467/1/2785 468/2/2786 516/3/2787
f 467/1/2788 516/2/2789 515/3/2790
f 468/1/2791 469/2/2792 517/3/2793
f 468/1/2794 517/2/2795 516/3/2796
f 469/1/2797 470/2/2798 518/3/2799
f 469/1/2800 518/2/2801 517/3/2802
f 470/1/2803 471/2/2804 519/3/2805
f 470/1/2806 519/2/2807 518/3/2808
f 471/1/2809 472/2/2810 520/3/2811
f 471/1/2812 520/2/2813 519/3/2814
f 472/1/2815 473/2/2816 521/3/2817
f 472/1/2818 521/2/2819 520/3/2820
f 473/1/2821 474/2/2822 522/3/2823
f 473/1/2824 522/2/2825 521/3/2826
f 474/1/2827 475/2/2828 523/3/2829
f 474/1/2830 523/2/2831 522/3/2832
f 475/1/2833 476/2/2834 524/3/2835
f 475/1/2836 524/2/2837 523/3/2838
f 476/1/2839 477/2/2840 525/3/2841
f 476/1/2842 525/2/2843 524/3/2844
f 477/1/2845 478/2/2846 526/3/2847
f 477/1/2848 526/2/2849 525/3/2850
f 478/1/2851 479/2/2852 527/3/2853
f 478/1/2854 527/2/2855 526/3/2856
f 479/1/2857 480/2/2858 528/3/2859
f 479/1/2860 528/2/2861 527/3/2862
f 480/1/2863 481/2/2864 529/3/2865
f 480/1/2866 529/2/2867 528/3/2868
f 481/1/2869 482/2/2870 530/3/2871
f 481/1/2872 530/2/2873 529/3/2874
f 482/1/2875 435/2/2876 483/3/2877
f 482/1/2878 483/2/2879 530/3/2880
f 483/1/2881 484/2/2882 532/3/2883
f 483/1/2884 532/2/2885 531/3/2886
f 484/1/2887 485/2/2888 533/3/2889
f 484/1/2890 533/2/2891 532/3/2892
f 485/1/2893 486/2/2894 534/3/2895
f 485/1/2896 534/2/2897 533/3/2898
f 486/1/2899 487/2/2900 535/3/2901
f 486/1/2902 535/2/2903 534/3/2904
f 487/1/2905 488/2/2906 536/3/2907
f 487/1/2908 536/2/2909 535/3/2910
f 488/1/2911 489/2/2912 537/3/2913
f 488/1/2914 537/2/2915 536/3/2916
f 489/1/2917 490/2/2918 538/3/2919
f 489/1/2920 538/2/2921 537/3/2922
f 490/1/2923 491/2/2924 539/3/2925
f 490/1/2926 539/2/2927 538/3/2928
f 491/1/2929 492/2/2930 540/3/2931
f 491/1/2932 540/2/2933 539/3/2934
f 492/1/2935 493/2/2936 541/3/2937
f 492/1/2938 541/2/2939 540/3/2940
f 493/1/2941 494/2/2942 542/3/2943
f 493/1/2944 542/2/2945 541/3/2946
f 494/1/2947 495/2/2948 543/3/2949
f 494/1/2950 543/2/2951 542/3/2952
f 495/1/2953 496/2/2954 544/3/2955
f 495/1/2956 544/2/2957 543/3/2958
f 496/1/2959 497/2/2960 545/3/2961
f 496/1/2962 545/2/2963 544/3/2964
f 497/1/2965 498/2/2966 546/3/2967
f 497/1/2968 546/2/2969 545/3/2970
f 498/1/2971 499/2/2972 547/3/2973
f 498/1/2974 547/2/2975 546/3/2976
f 499/1/2977 500/2/2978 548/3/2979
f 499/1/2980 548/2/2981 547/3/2982
f 500/1/2983 501/2/2984 549/3/2985
f 500/1/2986 549/2/2987 548/3/2988
f 501/1/2989 502/2/2990 550/3/2991
f 501/1/2992 550/2/2993 549/3/2994
f 502/1/2995 503/2/2996 551/3/2997
f 502/1/2998 551/2/2999 550/3/3000
f 503/1/3001 504/2/3002 552/3/3003
f 503/1/3004 552/2/3005 551/3/3006
f 504/1/3007 505/2/3008 553/3/3009
f 504/1/3010 553/2/3011 552/3/3012
f 505/1/3013 506/2/3014 554/3/3015
f 505/1/3016 554/2/3017 553/3/3018
f 506/1/3019 507/2/3020 555/3/3021
f 506/1/3022 555/2/3023 554/3/3024
f 507/1/3025 508/2/3026 556/3/3027
f 507/1/3028 556/2/3029 555/3/3030
f 508/1/3031 509/2/3032 557/3/3033
f 508/1/3034 557/2/3035 556/3/3036
f 509/1/3037 510/2/3038 558/3/3039
f 509/1/3040 558/2/3041 557/3/3042
f 510/1/3043 511/2/3044 559/3/3045
f 510/1/3046 559/2/3047 558/3/3048
f 511/1/3049 512/2/3050 560/3/3051
f 511/1/3052 560/2/3053 559/3/3054
f 512/1/3055 513/2/3056 561/3/3057
f 512/1/3058 561/2/3059 560/3/3060
f 513/1/3061 514/2/3062 562/3/3063
f 513/1/3064 562/2/3065 561/3/3066
f 514/1/3067 515/2/3068 563/3/3069
f 514/1/3070 563/2/3071 562/3/3072
f 515/1/3073 516/2/3074 564/3/3075
f 515/1/3076 564/2/3077 563/3/3078
f 516/1/3079 517/2/3080 565/3/3081
f 516/1/3082 565/2/3083 564/3/3084
f 517/1/3085 518/2/3086 566/3/3087
f 517/1/3088 566/2/3089 565/3/3090
f 518/1/3091 519/2/3092 567/3/3093
f 518/1/3094 567/2/3095 566/3/3096
f 519/1/3097 520/2/3098 568/3/3099
f 519/1/3100 568/2/3101 567/3/3102
f 520/1/3103 521/2/3104 569/3/3105
f 520/1/3106 569/2/3107 568/3/3108
f 521/1/3109 522/2/3110 570/3/3111
f 521/1/3112 570/2/3113 569/3/3114
f 522/1/3115 523/2/3116 571/3/3117
f 522/1/3118 571/2/3119 570/3/3120
f 523/1/3121 524/2/3122 572/3/3123
f 523/1/3124 572/2/3125 571/3/3126
f 524/1/3127 525/2/3128 573/3/3129
f 524/1/3130 573/2/3131 572/3/3132
f 525/1/3133 526/2/3134 574/3/3135
f 525/1/3136 574/2/3137 573/3/3138
f 526/1/3139 527/2/3140 575/3/3141
f 526/1/3142 575/2/3143 574/3/3144
f 527/1/3145 528/2/3146 576/3/3147
f 527/1/3148 576/2/3149 575/3/3150
f 528/1/3151 529/2/3152 577/3/3153
f 528/1/3154 577/2/3155 576/3/3156
f 529/1/3157 530/2/3158 578/3/3159
f 529/1/3160 578/2/3161 577/3/3162
f 530/1/3163 483/2/3164 531/3/3165
f 530/1/3166 531/2/3167 578/3/3168
f 531/1/3169 532/2/3170 580/3/3171
f 531/1/3172 580/2/3173 579/3/3174
f 532/1/3175 533/2/3176 581/3/3177
f 532/1/3178 581/2/3179 580/3/3180
f 533/1/3181 534/2/3182 582/3/3183
f 533/1/3184 582/2/3185 581/3/3186
f 534/1/3187 535/2/3188 583/3/3189
f 534/1/3190 583/2/3191 582/3/3192
f 535/1/3193 536/2/3194 584/3/3195
f 535/1/3196 584/2/3197 583/3/3198
f 536/1/3199 537/2/3200 585/3/3201
f 536/1/3202 585/2/3203 584/3/3204
f 537/1/3205 538/2/3206 586/3/3207
f 537/1/3208 586/2/3209 585/3/3210
f 538/1/3211 539/2/3212 587/3/3213
f 538/1/3214 587/2/3215 586/3/3216
f 539/1/3217 540/2/3218 588/3/3219
f 539/1/3220 588/2/3221 587/3/3222
f 540/1/3223 541/2/3224 589/3/3225
f 540/1/3226 589/2/3227 588/3/3228
f 541/1/3229 542/2/3230 590/3/3231
f 541/1/3232 590/2/3233 589/3/3234
f 542/1/3235 543/2/3236 591/3/3237
f 542/1/3238 591/2/3239 590/3/3240
f 543/1/3241 544/2/3242 592/3/3243
f 543/1/3244 592/2/3245 591/3/3246
f 544/1/3247 545/2/3248 593/3/3249
f 544/1/3250 593/2/3251 592/3/3252
f 545/1/3253 546/2/3254 594/3/3255
f 545/1/3256 594/2/3257 593/3/3258
f 546/1/3259 547/2/3260 595/3/3261
f 546/1/3262 595/2/3263 594/3/3264
f 547/1/3265 548/2/3266 596/3/3267
f 547/1/3268 596/2/3269 595/3/3270
f 548/1/3271 549/2/3272 597/3/3273
f 548/1/3274 597/2/3275 596/3/3276
f 549/1/3277 550/2/3278 598/3/3279
f 549/1/3280 598/2/3281 597/3/3282
f 550/1/3283 551/2/3284 599/3/3285
f 550/1/3286 599/2/3287 598/3/3288
f 551/1/3289 552/2/3290 600/3/3291
f 551/1/3292 600/2/3293 599/3/3294
f 552/1/3295 553/2/3296 601/3/3297
f 552/1/3298 601/2/3299 600/3/3300
f 553/1/3301 554/2/3302 602/3/3303
f 553/1/3304 602/2/3305 601/3/3306
f 554/1/3307 555/2/3308 603/3/3309
f 554/1/3310 603/2/3311 602/3/3312
f 555/1/3313 556/2/3314 604/3/3315
f 555/1/3316 604/2/3317 603/3/3318
f 556/1/3319 557/2/3320 605/3/3321
f 556/1/3322 605/2/3323 604/3/3324
f 557/1/3325 558/2/3326 606/3/3327
f 557/1/3328 606/2/3329 605/3/3330
f 558/1/3331 559/2/3332 607/3/3333
f 558/1/3334 607/2/3335 606/3/3336
f 559/1/3337 560/2/3338 608/3/3339
f 559/1/3340 608/2/3341 607/3/3342
f 560/1/3343 561/2/3344 609/3/3345
f 560/1/3346 609/2/3347 608/3/3348
f 561/1/3349 562/2/3350 610/3/3351
f 561/1/3352 610/2/3353 609/3/3354
f 562/1/3355 563/2/3356 611/3/3357
f 562/1/3358 611/2/3359 610/3/3360
f 563/1/3361 564/2/3362 612/3/3363
f 563/1/3364 612/2/3365 611/3/3366
f 564/1/3367 565/2/3368 613/3/3369
f 564/1/3370 613/2/3371 612/3/3372
f 565/1/3373 566/2/3374 614/3/3375
f 565/1/3376 614/2/3377 613/3/3378
f 566/1/3379 567/2/3380 615/3/3381
f 566/1/3382 615/2/3383 614/3/3384
f 567/1/3385 568/2/3386 616/3/3387
f 567/1/3388 616/2/3389 615/3/3390
f 568/1/3391 569/2/3392 617/3/3393
f 568/1/3394 617/2/3395 616/3/3396
f 569/1/3397 570/2/3398 618/3/3399
f 569/1/3400 618/2/3401 617/3/3402
f 570/1/3403 571/2/3404 619/3/3405
f 570/1/3406 619/2/3407 618/3/3408
f 571/1/3409 572/2/3410 620/3/3411
f 571/1/3412 620/2/3413 619/3/3414
f 572/1/3415 573/2/3416 621/3/3417
f 572/1/3418 621/2/3419 620/3/3420
f 573/1/3421 574/2/3422 622/3/3423
f 573/1/3424 622/2/3425 621/3/3426
f 574/1/3427 575/2/3428 623/3/3429
f 574/1/3430 623/2/3431 622/3/3432
f 575/1/3433 576/2/3434 624/3/3435
f 575/1/3436 624/2/3437 623/3/3438
f 576/1/3439 577/2/3440 625/3/3441
f 576/1/3442 625/2/3443 624/3/3444
f 577/1/3445 578/2/3446 626/3/3447
f 577/1/3448 626/2/3449 625/3/3450
f 578/1/3451 531/2/3452 579/3/3453
f 578/1/3454 579/2/3455 626/3/3456
f 388/1/3457 387/2/3458 627/3/3459
f 389/1/3460 388/2/3461 627/3/3462
f 390/1/3463 389/2/3464 627/3/3465
f 391/1/3466 390/2/3467 627/3/3468
f 392/1/3469 391/2/3470 627/3/3471
f 393/1/3472 392/2/3473 627/3/3474
f 394/1/3475 393/2/3476 627/3/3477
f 395/1/3478 394/2/3479 627/3/3480
f 396/1/3481 395/2/3482 627/3/3483
f 397/1/3484 396/2/3485 627/3/3486
f 398/1/3487 397/2/3488 627/3/3489
f 399/1/3490 398/2/3491 627/3/3492
f 400/1/3493 399/2/3494 627/3/3495
f 401/1/3496 400/2/3497 627/3/3498
f 402/1/3499 401/2/3500 627/3/3501
f 403/1/3502 402/2/3503 627/3/3504
f 404/1/3505 403/2/3506 627/3/3507
f 405/1/3508 404/2/3509 627/3/3510
f 406/1/3511 405/2/3512 627/3/3513
f 407/1/3514 406/2/3515 627/3/3516
f 408/1/3517 407/2/3518 627/3/3519
f 409/1/3520 408/2/3521 627/3/3522
f 410/1/3523 409/2/3524 627/3/3525
f 411/1/3526 410/2/3527 627/3/3528
f 412/1/3529 411/2/3530 627/3/3531
f 413/1/3532 412/2/3533 627/3/3534
f 414/1/3535 413/2/3536 627/3/3537
f 415/1/3538 414/2/3539 627/3/3540
f 416/1/3541 415/2/3542 627/3/3543
f 417/1/3544 416/2/3545 627/3/3546
f 418/1/3547 417/2/3548 627/3/3549
f 419/1/3550 418/2/3551 627/3/3552
f 420/1/3553 419/2/3554 627/3/3555
f 421/1/3556 420/2/3557 627/3/3558
f 422/1/3559 421/2/3560 627/3/3561
f 423/1/3562 422/2/3563 627/3/3564
f 424/1/3565 423/2/3566 627/3/3567
f 425/1/3568 424/2/3569 627/3/3570
f 426/1/3571 425/2/3572 627/3/3573
f 427/1/3574 426/2/3575 627/3/3576
f 428/1/3577 427/2/3578 627/3/3579
f 429/1/3580 428/2/3581 627/3/3582
f 430/1/3583 429/2/3584 627/3/3585
f 431/1/3586 430/2/3587 627/3/3588
f 432/1/3589 431/2/3590 627/3/3591
f 433/1/3592 432/2/3593 627/3/3594
f 434/1/3595 433/2/3596 627/3/3597
f 387/1/3598 434/2/3599 627/3/3600
f 628/1/3601 579/2/3602 580/3/3603
f 628/1/3604 580/2/3605 581/3/3606
f 628/1/3607 581/2/3608 582/3/3609
f 628/1/3610 582/2/3611 583/3/3612
f 628/1/3613 583/2/3614 584/3/3615
f 628/1/3616 584/2/3617 585/3/3618
f 628/1/3619 585/2/3620 586/3/3621
f 628/1/3622 586/2/3623 587/3/3624
f 628/1/3625 587/2/3626 588/3/3627
f 628/1/3628 588/2/3629 589/3/3630
f 628/1/3631 589/2/3632 590/3/3633
f 628/1/3634 590/2/3635 591/3/3636
f 628/1/3637 591/2/3638 592/3/3639
f 628/1/3640 592/2/3641 593/3/3642
f 628/1/3643 593/2/3644 594/3/3645
f 628/1/3646 594/2/3647 595/3/3648
f 628/1/3649 595/2/3650 596/3/3651
f 628/1/3652 596/2/3653 597/3/3654
f 628/1/3655 597/2/3656 598/3/3657
f 628/1/3658 598/2/3659 599/3/3660
f 628/1/3661 599/2/3662 600/3/3663
f 628/1/3664 600/2/3665 601/3/3666
f 628/1/3667 601/2/3668 602/3/3669
f 628/1/3670 602/2/3671 603/3/3672
f 628/1/3673 603/2/3674 604/3/3675
f 628/1/3676 604/2/3677 605/3/3678
f 628/1/3679 605/2/3680 606/3/3681
f 628/1/3682 606/2/3683 607/3/3684
f 628/1/3685 607/2/3686 608/3/3687
f 628/1/3688 608/2/3689 609/3/3690
f 628/1/3691 609/2/3692 610/3/3693
f 628/1/3694 610/2/3695 611/3/3696
f 628/1/3697 611/2/3698 612/3/3699
f 628/1/3700 612/2/3701 613/3/3702
f 628/1/3703 613/2/3704 614/3/3705
f 628/1/3706 614/2/3707 615/3/3708
f 628/1/3709 615/2/3710 616/3/3711
f 628/1/3712 616/2/3713 617/3/3714
f 628/1/3715 617/2/3716 618/3/3717
f 628/1/3718 618/2/3719 619/3/3720
f 628/1/3721 619/2/3722 620/3/3723
f 628/1/3724 620/2/3725 621/3/3726
f 628/1/3727 621/2/3728 622/3/3729
f 628/1/3730 622/2/3731 623/3/3732
f 628/1/3733 623/2/3734 624/3/3735
f 628/1/3736 624/2/3737 625/3/3738
f 628/1/3739 625/2/3740 626/3/3741
f 628/1/3742 626/2/3743 579/3/3744
f 629/1/3745 637/2/3746 638/3/3747
f 629/1/3748 638/2/3749 630/3/3750
f 630/1/3751 638/2/3752 639/3/3753
f 630/1/3754 639/2/3755 631/3/3756
f 631/1/3757 639/2/3758 640/3/3759
f 631/1/3760 640/2/3761 632/3/3762
f 632/1/3763 640/2/3764 641/3/3765
f 632/1/3766 641/2/3767 633/3/3768
f 633/1/3769 641/2/3770 642/3/3771
f 633/1/3772 642/2/3773 634/3/3774
f 634/1/3775 642/2/3776 643/3/3777
f 634/1/3778 643/2/3779 635/3/3780
f 635/1/3781 643/2/3782 644/3/3783
f 635/1/3784 644/2/3785 636/3/3786
f 636/1/3787 644/2/3788 637/3/3789
f 636/1/3790 637/2/3791 629/3/3792
f 637/1/3793 645/2/3794 646/3/3795
f 637/1/3796 646/2/3797 638/3/3798
f 638/1/3799 646/2/3800 647/3/3801
f 638/1/3802 647/2/3803 639/3/3804
f 639/1/3805 647/2/3806 648/3/3807
f 639/1/3808 648/2/3809 640/3/3810
f 640/1/3811 648/2/3812 649/3/3813
f 640/1/3814 649/2/3815 641/3/3816
f 641/1/3817 649/2/3818 650/3/3819
f 641/1/3820 650/2/3821 642/3/3822
f 642/1/3823 650/2/3824 651/3/3825
f 642/1/3826 651/2/3827 643/3/3828
f 643/1/3829 651/2/3830 652/3/3831
f 643/1/3832 652/2/3833 644/3/3834
f 644/1/3835 652/2/3836 645/3/3837
f 644/1/3838 645/2/3839 637/3/3840
f 645/1/3841 653/2/3842 654/3/3843
f 645/1/3844 654/2/3845 646/3/3846
f 646/1/3847 654/2/3848 655/3/3849
f 646/1/3850 655/2/3851 647/3/3852
f 647/1/3853 655/2/3854 656/3/3855
f 647/1/3856 656/2/3857 648/3/3858
f 648/1/3859 656/2/3860 657/3/3861
f 648/1/3862 657/2/3863 649/3/3864
f 649/1/3865 657/2/3866 658/3/3867
f 649/1/3868 658/2/3869 650/3/3870
f 650/1/3871 658/2/3872 659/3/3873
f 650/1/3874 659/2/3875 651/3/3876
f 651/1/3877 659/2/3878 660/3/3879
f 651/1/3880 660/2/3881 652/3/3882
f 652/1/3883 660/2/3884 653/3/3885
f 652/1/3886 653/2/3887 645/3/3888
f 653/1/3889 661/2/3890 662/3/3891
f 653/1/3892 662/2/3893 654/3/3894
f 654/1/3895 662/2/3896 663/3/3897
f 654/1/3898 663/2/3899 655/3/3900
f 655/1/3901 663/2/3902 664/3/3903
f 655/1/3904 664/2/3905 656/3/3906
f 656/1/3907 664/2/3908 665/3/3909
f 656/1/3910 665/2/3911 657/3/3912
f 657/1/3913 665/2/3914 666/3/3915
f 657/1/3916 666/2/3917 658/3/3918
f 658/1/3919 666/2/3920 667/3/3921
f 658/1/3922 667/2/3923 659/3/3924
f 659/1/3925 667/2/3926 668/3/3927
f 659/1/3928 668/2/3929 660/3/3930
f 660/1/3931 668/2/3932 661/3/3933
f 660/1/3934 661/2/3935 653/3/3936
f 661/1/3937 669/2/3938 670/3/3939
f 661/1/3940 670/2/3941 662/3/3942
f 662/1/3943 670/2/3944 671/3/3945
f 662/1/3946 671/2/3947 663/3/3948
f 663/1/3949 671/2/3950 672/3/3951
f 663/1/3952 672/2/3953 664/3/3954
f 664/1/3955 672/2/3956 673/3/3957
f 664/1/3958 673/2/3959 665/3/3960
f 665/1/3961 673/2/3962 674/3/3963
f 665/1/3964 674/2/3965 666/3/3966
f 666/1/3967 674/2/3968 675/3/3969
f 666/1/3970 675/2/3971 667/3/3972
f 667/1/3973 675/2/3974 676/3/3975
f 667/1/3976 676/2/3977 668/3/3978
f 668/1/3979 676/2/3980 669/3/3981
f 668/1/3982 669/2/3983 661/3/3984
f 669/1/3985 677/2/3986 678/3/3987
f 669/1/3988 678/2/3989 670/3/3990
f 670/1/3991 678/2/3992 679/3/3993
f 670/1/3994 679/2/3995 671/3/3996
f 671/1/3997 679/2/3998 680/3/3999
f 671/1/4000 680/2/4001 672/3/4002
f 672/1/4003 680/2/4004 681/3/4005
f 672/1/4006 681/2/4007 673/3/4008
f 673/1/4009 681/2/4010 682/3/4011
f 673/1/4012 682/2/4013 674/3/4014
f 674/1/4015 682/2/4016 683/3/4017
f 674/1/4018 683/2/4019 675/3/4020
f 675/1/4021 683/2/4022 684/3/4023
f 675/1/4024 684/2/4025 676/3/4026
f 676/1/4027 684/2/4028 677/3/4029
f 676/1/4030 677/2/4031 669/3/4032
f 677/1/4033 685/2/4034 686/3/4035
f 677/1/4036 686/2/4037 678/3/4038
f 678/1/4039 686/2/4040 687/3/4041
f 678/1/4042 687/2/4043 679/3/4044
f 679/1/4045 687/2/4046 688/3/4047
f 679/1/4048 688/2/4049 680/3/4050
f 680/1/4051 688/2/4052 689/3/4053
f 680/1/4054 689/2/4055 681/3/4056
f 681/1/4057 689/2/4058 690/3/4059
f 681/1/4060 690/2/4061 682/3/4062
f 682/1/4063 690/2/4064 691/3/4065
f 682/1/4066 691/2/4067 683/3/4068
f 683/1/4069 691/2/4070 692/3/4071
f 683/1/4072 692/2/4073 684/3/4074
f 684/1/4075 692/2/4076 685/3/4077
f 684/1/4078 685/2/4079 677/3/4080
f 685/1/4081 693/2/4082 694/3/4083
f 685/1/4084 694/2/4085 686/3/4086
f 686/1/4087 694/2/4088 695/3/4089
f 686/1/4090 695/2/4091 687/3/4092
f 687/1/4093 695/2/4094 696/3/4095
f 687/1/4096 696/2/4097 688/3/4098
f 688/1/4099 696/2/4100 697/3/4101
f 688/1/4102 697/2/4103 689/3/4104
f 689/1/4105 697/2/4106 698/3/4107
f 689/1/4108 698/2/4109 690/3/4110
f 690/1/4111 698/2/4112 699/3/4113
f 690/1/4114 699/2/4115 691/3/4116
f 691/1/4117 699/2/4118 700/3/4119
f 691/1/4120 700/2/4121 692/3/4122
f 692/1/4123 700/2/4124 693/3/4125
f 692/1/4126 693/2/4127 685/3/4128
f 693/1/4129 701/2/4130 702/3/4131
f 693/1/4132 702/2/4133 694/3/4134
f 694/1/4135 702/2/4136 703/3/4137
f 694/1/4138 703/2/4139 695/3/4140
f 695/1/4141 703/2/4142 704/3/4143
f 695/1/4144 704/2/4145 696/3/4146
f 696/1/4147 704/2/4148 705/3/4149
f 696/1/4150 705/2/4151 697/3/4152
f 697/1/4153 705/2/4154 706/3/4155
f 697/1/4156 706/2/4157 698/3/4158
f 698/1/4159 706/2/4160 707/3/4161
f 698/1/4162 707/2/4163 699/3/4164
f 699/1/4165 707/2/4166 708/3/4167
f 699/1/4168 708/2/4169 700/3/4170
f 700/1/4171 708/2/4172 701/3/4173
f 700/1/4174 701/2/4175 693/3/4176
f 701/1/4177 709/2/4178 710/3/4179
f 701/1/4180 710/2/4181 702/3/4182
f 702/1/4183 710/2/4184 711/3/4185
f 702/1/4186 711/2/4187 703/3/4188
f 703/1/4189 711/2/4190 712/3/4191
f 703/1/4192 712/2/4193 704/3/4194
f 704/1/4195 712/2/4196 713/3/4197
f 704/1/4198 713/2/4199 705/3/4200
f 705/1/4201 713/2/4202 714/3/4203
f 705/1/4204 714/2/4205 706/3/4206
f 706/1/4207 714/2/4208 715/3/4209
f 706/1/4210 715/2/4211 707/3/4212
f 707/1/4213 715/2/4214 716/3/4215
f 707/1/4216 716/2/4217 708/3/4218
f 708/1/4219 716/2/4220 709/3/4221
f 708/1/4222 709/2/4223 701/3/4224
f 709/1/4225 717/2/4226 718/3/4227
f 709/1/4228 718/2/4229 710/3/4230
f 710/1/4231 718/2/4232 719/3/4233
f 710/1/4234 719/2/4235 711/3/4236
f 711/1/4237 719/2/4238 720/3/4239
f 711/1/4240 720/2/4241 712/3/4242
f 712/1/4243 720/2/4244 721/3/4245
f 712/1/4246 721/2/4247 713/3/4248
f 713/1/4249 721/2/4250 722/3/4251
f 713/1/4252 722/2/4253 714/3/4254
f 714/1/4255 722/2/4256 723/3/4257
f 714/1/4258 723/2/4259 715/3/4260
f 715/1/4261 723/2/4262 724/3/4263
f 715/1/4264 724/2/4265 716/3/4266
f 716/1/4267 724/2/4268 717/3/4269
f 716/1/4270 717/2/4271 709/3/4272
f 717/1/4273 725/2/4274 726/3/4275
f 717/1/4276 726/2/4277 718/3/4278
f 718/1/4279 726/2/4280 727/3/4281
f 718/1/4282 727/2/4283 719/3/4284
f 719/1/4285 727/2/4286 728/3/4287
f 719/1/4288 728/2/4289 720/3/4290
f 720/1/4291 728/2/4292 729/3/4293
f 720/1/4294 729/2/4295 721/3/4296
f 721/1/4297 729/2/4298 730/3/4299
f 721/1/4300 730/2/4301 722/3/4302
f 722/1/4303 730/2/4304 731/3/4305
f 722/1/4306 731/2/4307 723/3/4308
f 723/1/4309 731/2/4310 732/3/4311
f 723/1/4312 732/2/4313 724/3/4314
f 724/1/4315 732/2/4316 725/3/4317
f 724/1/4318 725/2/4319 717/3/4320
f 725/1/4321 733/2/4322 734/3/4323
f 725/1/4324 734/2/4325 726/3/4326
f 726/1/4327 734/2/4328 735/3/4329
f 726/1/4330 735/2/4331 727/3/4332
f 727/1/4333 735/2/4334 736/3/4335
f 727/1/4336 736/2/4337 728/3/4338
f 728/1/4339 736/2/4340 737/3/4341
f 728/1/4342 737/2/4343 729/3/4344
f 729/1/4345 737/2/4346 738/3/4347
f 729/1/4348 738/2/4349 730/3/4350
f 730/1/4351 738/2/4352 739/3/4353
f 730/1/4354 739/2/4355 731/3/4356
f 731/1/4357 739/2/4358 740/3/4359
f 731/1/4360 740/2/4361 732/3/4362
f 732/1/4363 740/2/4364 733/3/4365
f 732/1/4366 733/2/4367 725/3/4368
f 733/1/4369 741/2/4370 742/3/4371
f 733/1/4372 742/2/4373 734/3/4374
f 734/1/4375 742/2/4376 743/3/4377
f 734/1/4378 743/2/4379 735/3/4380
f 735/1/4381 743/2/4382 744/3/4383
f 735/1/4384 744/2/4385 736/3/4386
f 736/1/4387 744/2/4388 745/3/4389
f 736/1/4390 745/2/4391 737/3/4392
f 737/1/4393 745/2/4394 746/3/4395
f 737/1/4396 746/2/4397 738/3/4398
f 738/1/4399 746/2/4400 747/3/4401
f 738/1/4402 747/2/4403 739/3/4404
f 739/1/4405 747/2/4406 748/3/4407
f 739/1/4408 748/2/4409 740/3/4410
f 740/1/4411 748/2/4412 741/3/4413
f 740/1/4414 741/2/4415 733/3/4416
f 741/1/4417 749/2/4418 750/3/4419
f 741/1/4420 750/2/4421 742/3/4422
f 742/1/4423 750/2/4424 751/3/4425
f 742/1/4426 751/2/4427 743/3/4428
f 743/1/4429 751/2/4430 752/3/4431
f 743/1/4432 752/2/4433 744/3/4434
f 744/1/4435 752/2/4436 753/3/4437
f 744/1/4438 753/2/4439 745/3/4440
f 745/1/4441 753/2/4442 754/3/4443
f 745/1/4444 754/2/4445 746/3/4446
f 746/1/4447 754/2/4448 755/3/4449
f 746/1/4450 755/2/4451 747/3/4452
f 747/1/4453 755/2/4454 756/3/4455
f 747/1/4456 756/2/4457 748/3/4458
f 748/1/4459 756/2/4460 749/3/4461
f 748/1/4462 749/2/4463 741/3/4464
f 749/1/4465 757/2/4466 758/3/4467
f 749/1/4468 758/2/4469 750/3/4470
f 750/1/4471 758/2/4472 759/3/4473
f 750/1/4474 759/2/4475 751/3/4476
f 751/1/4477 759/2/4478 760/3/4479
f 751/1/4480 760/2/4481 752/3/4482
f 752/1/4483 760/2/4484 761/3/4485
f 752/1/4486 761/2/4487 753/3/4488
f 753/1/4489 761/2/4490 762/3/4491
f 753/1/4492 762/2/4493 754/3/4494
f 754/1/4495 762/2/4496 763/3/4497
f 754/1/4498 763/2/4499 755/3/4500
f 755/1/4501 763/2/4502 764/3/4503
f 755/1/4504 764/2/4505 756/3/4506
f 756/1/4507 764/2/4508 757/3/4509
f 756/1/4510 757/2/4511 749/3/4512
f 757/1/4513 765/2/4514 766/3/4515
f 757/1/4516 766/2/4517 758/3/4518
f 758/1/4519 766/2/4520 767/3/4521
f 758/1/4522 767/2/4523 759/3/4524
f 759/1/4525 767/2/4526 768/3/4527
f 759/1/4528 768/2/4529 760/3/4530
f 760/1/4531 768/2/4532 769/3/4533
f 760/1/4534 769/2/4535 761/3/4536
f 761/1/4537 769/2/4538 770/3/4539
f 761/1/4540 770/2/4541 762/3/4542
f 762/1/4543 770/2/4544 771/3/4545
f 762/1/4546 771/2/4547 763/3/4548
f 763/1/4549 771/2/4550 772/3/4551
f 763/1/4552 772/2/4553 764/3/4554
f 764/1/4555 772/2/4556 765/3/4557
f 764/1/4558 765/2/4559 757/3/4560
f 765/1/4561 773/2/4562 774/3/4563
f 765/1/4564 774/2/4565 766/3/4566
f 766/1/4567 774/2/4568 775/3/4569
f 766/1/4570 775/2/4571 767/3/4572
f 767/1/4573 775/2/4574 776/3/4575
f 767/1/4576 776/2/4577 768/3/4578
f 768/1/4579 776/2/4580 777/3/4581
f 768/1/4582 777/2/4583 769/3/4584
f 769/1/4585 777/2/4586 778/3/4587
f 769/1/4588 778/2/4589 770/3/4590
f 770/1/4591 778/2/4592 779/3/4593
f 770/1/4594 779/2/4595 771/3/4596
f 771/1/4597 779/2/4598 780/3/4599
f 771/1/4600 780/2/4601 772/3/4602
f 772/1/4603 780/2/4604 773/3/4605
f 772/1/4606 773/2/4607 765/3/4608
f 773/1/4609 781/2/4610 782/3/4611
f 773/1/4612 782/2/4613 774/3/4614
f 774/1/4615 782/2/4616 783/3/4617
f 774/1/4618 783/2/4619 775/3/4620
f 775/1/4621 783/2/4622 784/3/4623
f 775/1/4624 784/2/4625 776/3/4626
f 776/1/4627 784/2/4628 785/3/4629
f 776/1/4630 785/2/4631 777/3/4632
f 777/1/4633 785/2/4634 786/3/4635
f 777/1/4636 786/2/4637 778/3/4638
f 778/1/4639 786/2/4640 787/3/4641
f 778/1/4642 787/2/4643 779/3/4644
f 779/1/4645 787/2/4646 788/3/4647
f 779/1/4648 788/2/4649 780/3/4650
f 780/1/4651 788/2/4652 781/3/4653
f 780/1/4654 781/2/4655 773/3/4656
f 781/1/4657 789/2/4658 790/3/4659
f 781/1/4660 790/2/4661 782/3/4662
f 782/1/4663 790/2/4664 791/3/4665
f 782/1/4666 791/2/4667 783/3/4668
f 783/1/4669 791/2/4670 792/3/4671
f 783/1/4672 792/2/4673 784/3/4674
f 784/1/4675 792/2/4676 793/3/4677
f 784/1/4678 793/2/4679 785/3/4680
f 785/1/4681 793/2/4682 794/3/4683
f 785/1/4684 794/2/4685 786/3/4686
f 786/1/4687 794/2/4688 795/3/4689
f 786/1/4690 795/2/4691 787/3/4692
f 787/1/4693 795/2/4694 796/3/4695
f 787/1/4696 796/2/4697 788/3/4698
f 788/1/4699 796/2/4700 789/3/4701
f 788/1/4702 789/2/4703 781/3/4704
f 789/1/4705 797/2/4706 798/3/4707
f 789/1/4708 798/2/4709 790/3/4710
f 790/1/4711 798/2/4712 799/3/4713
f 790/1/4714 799/2/4715 791/3/4716
f 791/1/4717 799/2/4718 800/3/4719
f 791/1/4720 800/2/4721 792/3/4722
f 792/1/4723 800/2/4724 801/3/4725
f 792/1/4726 801/2/4727 793/3/4728
f 793/1/4729 801/2/4730 802/3/4731
f 793/1/4732 802/2/4733 794/3/4734
f 794/1/4735 802/2/4736 803/3/4737
f 794/1/4738 803/2/4739 795/3/4740
f 795/1/4741 803/2/4742 804/3/4743
f 795/1/4744 804/2/4745 796/3/4746
f 796/1/4747 804/2/4748 797/3/4749
f 796/1/4750 797/2/4751 789/3/4752
f 797/1/4753 805/2/4754 806/3/4755
f 797/1/4756 806/2/4757 798/3/4758
f 798/1/4759 806/2/4760 807/3/4761
f 798/1/4762 807/2/4763 799/3/4764
f 799/1/4765 807/2/4766 808/3/4767
f 799/1/4768 808/2/4769 800/3/4770
f 800/1/4771 808/2/4772 809/3/4773
f 800/1/4774 809/2/4775 801/3/4776
f 801/1/4777 809/2/4778 810/3/4779
f 801/1/4780 810/2/4781 802/3/4782
f 802/1/4783 810/2/4784 811/3/4785
f 802/1/4786 811/2/4787 803/3/4788
f 803/1/4789 811/2/4790 812/3/4791
f 803/1/4792 812/2/4793 804/3/4794
f 804/1/4795 812/2/4796 805/3/4797
f 804/1/4798 805/2/4799 797/3/4800
f 805/1/4801 813/2/4802 814/3/4803
f 805/1/4804 814/2/4805 806/3/4806
f 806/1/4807 814/2/4808 815/3/4809
f 806/1/4810 815/2/4811 807/3/4812
f 807/1/4813 815/2/4814 816/3/4815
f 807/1/4816 816/2/4817 808/3/4818
f 808/1/4819 816/2/4820 817/3/4821
f 808/1/4822 817/2/4823 809/3/4824
f 809/1/4825 817/2/4826 818/3/4827
f 809/1/4828 818/2/4829 810/3/4830
f 810/1/4831 818/2/4832 819/3/4833
f 810/1/4834 819/2/4835 811/3/4836
f 811/1/4837 819/2/4838 820/3/4839
f 811/1/4840 820/2/4841 812/3/4842
f 812/1/4843 820/2/4844 813/3/4845
f 812/1/4846 813/2/4847 805/3/4848
f 813/1/4849 821/2/4850 822/3/4851
f 813/1/4852 822/2/4853 814/3/4854
f 814/1/4855 822/2/4856 823/3/4857
f 814/1/4858 823/2/4859 815/3/4860
f 815/1/4861 823/2/4862 824/3/4863
f 815/1/4864 824/2/4865 816/3/4866
f 816/1/4867 824/2/4868 825/3/4869
f 816/1/4870 825/2/4871 817/3/4872
f 817/1/4873 825/2/4874 826/3/4875
f 817/1/4876 826/2/4877 818/3/4878
f 818/1/4879 826/2/4880 827/3/4881
f 818/1/4882 827/2/4883 819/3/4884
f 819/1/4885 827/2/4886 828/3/4887
f 819/1/4888 828/2/4889 820/3/4890
f 820/1/4891 828/2/4892 821/3/4893
f 820/1/4894 821/2/4895 813/3/4896
f 821/1/4897 829/2/4898 830/3/4899
f 821/1/4900 830/2/4901 822/3/4902
f 822/1/4903 830/2/4904 831/3/4905
f 822/1/4906 831/2/4907 823/3/4908
f 823/1/4909 831/2/4910 832/3/4911
f 823/1/4912 832/2/4913 824/3/4914
f 824/1/4915 832/2/4916 833/3/4917
f 824/1/4918 833/2/4919 825/3/4920
f 825/1/4921 833/2/4922 834/3/4923
f 825/1/4924 834/2/4925 826/3/4926
f 826/1/4927 834/2/4928 835/3/4929
f 826/1/4930 835/2/4931 827/3/4932
f 827/1/4933 835/2/4934 836/3/4935
f 827/1/4936 836/2/4937 828/3/4938
f 828/1/4939 836/2/4940 829/3/4941
f 828/1/4942 829/2/4943 821/3/4944
f 829/1/4945 837/2/4946 838/3/4947
f 829/1/4948 838/2/4949 830/3/4950
f 830/1/4951 838/2/4952 839/3/4953
f 830/1/4954 839/2/4955 831/3/4956
f 831/1/4957 839/2/4958 840/3/4959
f 831/1/4960 840/2/4961 832/3/4962
f 832/1/4963 840/2/4964 841/3/4965
f 832/1/4966 841/2/4967 833/3/4968
f 833/1/4969 841/2/4970 842/3/4971
f 833/1/4972 842/2/4973 834/3/4974
f 834/1/4975 842/2/4976 843/3/4977
f 834/1/4978 843/2/4979 835/3/4980
f 835/1/4981 843/2/4982 844/3/4983
f 835/1/4984 844/2/4985 836/3/4986
f 836/1/4987 844/2/4988 837/3/4989
f 836/1/4990 837/2/4991 829/3/4992
f 837/1/4993 845/2/4994 846/3/4995
f 837/1/4996 846/2/4997 838/3/4998
f 838/1/4999 846/2/5000 847/3/5001
f 838/1/5002 847/2/5003 839/3/5004
f 839/1/5005 847/2/5006 848/3/5007
f 839/1/5008 848/2/5009 840/3/5010
f 840/1/5011 848/2/5012 849/3/5013
f 840/1/5014 849/2/5015 841/3/5016
f 841/1/5017 849/2/5018 850/3/5019
f 841/1/5020 850/2/5021 842/3/5022
f 842/1/5023 850/2/5024 851/3/5025
f 842/1/5026 851/2/5027 843/3/5028
f 843/1/5029 851/2/5030 852/3/5031
f 843/1/5032 852/2/5033 844/3/5034
f 844/1/5035 852/2/5036 845/3/5037
f 844/1/5038 845/2/5039 837/3/5040
f 845/1/5041 853/2/5042 854/3/5043
f 845/1/5044 854/2/5045 846/3/5046
f 846/1/5047 854/2/5048 855/3/5049
f 846/1/5050 855/2/5051 847/3/5052
f 847/1/5053 855/2/5054 856/3/5055
f 847/1/5056 856/2/5057 848/3/5058
f 848/1/5059 856/2/5060 857/3/5061
f 848/1/5062 857/2/5063 849/3/5064
f 849/1/5065 857/2/5066 858/3/5067
f 849/1/5068 858/2/5069 850/3/5070
f 850/1/5071 858/2/5072 859/3/5073
f 850/1/5074 859/2/5075 851/3/5076
f 851/1/5077 859/2/5078 860/3/5079
f 851/1/5080 860/2/5081 852/3/5082
f 852/1/5083 860/2/5084 853/3/5085
f 852/1/5086 853/2/5087 845/3/5088
f 853/1/5089 861/2/5090 862/3/5091
f 853/1/5092 862/2/5093 854/3/5094
f 854/1/5095 862/2/5096 863/3/5097
f 854/1/5098 863/2/5099 855/3/5100
f 855/1/5101 863/2/5102 864/3/5103
f 855/1/5104 864/2/5105 856/3/5106
f 856/1/5107 864/2/5108 865/3/5109
f 856/1/5110 865/2/5111 857/3/5112
f 857/1/5113 865/2/5114 866/3/5115
f 857/1/5116 866/2/5117 858/3/5118
f 858/1/5119 866/2/5120 867/3/5121
f 858/1/5122 867/2/5123 859/3/5124
f 859/1/5125 867/2/5126 868/3/5127
f 859/1/5128 868/2/5129 860/3/5130
f 860/1/5131 868/2/5132 861/3/5133
f 860/1/5134 861/2/5135 853/3/5136
f 861/1/5137 869/2/5138 870/3/5139
f 861/1/5140 870/2/5141 862/3/5142
f 862/1/5143 870/2/5144 871/3/5145
f 862/1/5146 871/2/5147 863/3/5148
f 863/1/5149 871/2/5150 872/3/5151
f 863/1/5152 872/2/5153 864/3/5154
f 864/1/5155 872/2/5156 873/3/5157
f 864/1/5158 873/2/5159 865/3/5160
f 865/1/5161 873/2/5162 874/3/5163
f 865/1/5164 874/2/5165 866/3/5166
f 866/1/5167 874/2/5168 875/3/5169
f 866/1/5170 875/2/5171 867/3/5172
f 867/1/5173 875/2/5174 876/3/5175
f 867/1/5176 876/2/5177 868/3/5178
f 868/1/5179 876/2/5180 869/3/5181
f 868/1/5182 869/2/5183 861/3/5184
f 869/1/5185 877/2/5186 878/3/5187
f 869/1/5188 878/2/5189 870/3/5190
f 870/1/5191 878/2/5192 879/3/5193
f 870/1/5194 879/2/5195 871/3/5196
f 871/1/5197 879/2/5198 880/3/5199
f 871/1/5200 880/2/5201 872/3/5202
f 872/1/5203 880/2/5204 881/3/5205
f 872/1/5206 881/2/5207 873/3/5208
f 873/1/5209 881/2/5210 882/3/5211
f 873/1/5212 882/2/5213 874/3/5214
f 874/1/5215 882/2/5216 883/3/5217
f 874/1/5218 883/2/5219 875/3/5220
f 875/1/5221 883/2/5222 884/3/5223
f 875/1/5224 884/2/5225 876/3/5226
f 876/1/5227 884/2/5228 877/3/5229
f 876/1/5230 877/2/5231 869/3/5232
f 877/1/5233 885/2/5234 886/3/5235
f 877/1/5236 886/2/5237 878/3/5238
f 878/1/5239 886/2/5240 887/3/5241
f 878/1/5242 887/2/5243 879/3/5244
f 879/1/5245 887/2/5246 888/3/5247
f 879/1/5248 888/2/5249 880/3/5250
f 880/1/5251 888/2/5252 889/3/5253
f 880/1/5254 889/2/5255 881/3/5256
f 881/1/5257 889/2/5258 890/3/5259
f 881/1/5260 890/2/5261 882/3/5262
f 882/1/5263 890/2/5264 891/3/5265
f 882/1/5266 891/2/5267 883/3/5268
f 883/1/5269 891/2/5270 892/3/5271
f 883/1/5272 892/2/5273 884/3/5274
f 884/1/5275 892/2/5276 885/3/5277
f 884/1/5278 885/2/5279 877/3/5280
f 885/1/5281 893/2/5282 894/3/5283
f 885/1/5284 894/2/5285 886/3/5286
f 886/1/5287 894/2/5288 895/3/5289
f 886/1/5290 895/2/5291 887/3/5292
f 887/1/5293 895/2/5294 896/3/5295
f 887/1/5296 896/2/5297 888/3/5298
f 888/1/5299 896/2/5300 897/3/5301
f 888/1/5302 897/2/5303 889/3/5304
f 889/1/5305 897/2/5306 898/3/5307
f 889/1/5308 898/2/5309 890/3/5310
f 890/1/5311 898/2/5312 899/3/5313
f 890/1/5314 899/2/5315 891/3/5316
f 891/1/5317 899/2/5318 900/3/5319
f 891/1/5320 900/2/5321 892/3/5322
f 892/1/5323 900/2/5324 893/3/5325
f 892/1/5326 893/2/5327 885/3/5328
f 893/1/5329 901/2/5330 902/3/5331
f 893/1/5332 902/2/5333 894/3/5334
f 894/1/5335 902/2/5336 903/3/5337
f 894/1/5338 903/2/5339 895/3/5340
f 895/1/5341 903/2/5342 904/3/5343
f 895/1/5344 904/2/5345 896/3/5346
f 896/1/5347 904/2/5348 905/3/5349
f 896/1/5350 905/2/5351 897/3/5352
f 897/1/5353 905/2/5354 906/3/5355
f 897/1/5356 906/2/5357 898/3/5358
f 898/1/5359 906/2/5360 907/3/5361
f 898/1/5362 907/2/5363 899/3/5364
f 899/1/5365 907/2/5366 908/3/5367
f 899/1/5368 908/2/5369 900/3/5370
f 900/1/5371 908/2/5372 901/3/5373
f 900/1/5374 901/2/5375 893/3/5376
f 901/1/5377 909/2/5378 910/3/5379
f 901/1/5380 910/2/5381 902/3/5382
f 902/1/5383 910/2/5384 911/3/5385
f 902/1/5386 911/2/5387 903/3/5388
f 903/1/5389 911/2/5390 912/3/5391
f 903/1/5392 912/2/5393 904/3/5394
f 904/1/5395 912/2/5396 913/3/5397
f 904/1/5398 913/2/5399 905/3/5400
f 905/1/5401 913/2/5402 914/3/5403
f 905/1/5404 914/2/5405 906/3/5406
f 906/1/5407 914/2/5408 915/3/5409
f 906/1/5410 915/2/5411 907/3/5412
f 907/1/5413 915/2/5414 916/3/5415
f 907/1/5416 916/2/5417 908/3/5418
f 908/1/5419 916/2/5420 909/3/5421
f 908/1/5422 909/2/5423 901/3/5424
f 909/1/5425 917/2/5426 918/3/5427
f 909/1/5428 918/2/5429 910/3/5430
f 910/1/5431 918/2/5432 919/3/5433
f 910/1/5434 919/2/5435 911/3/5436
f 911/1/5437 919/2/5438 920/3/5439
f 911/1/5440 920/2/5441 912/3/5442
f 912/1/5443 920/2/5444 921/3/5445
f 912/1/5446 921/2/5447 913/3/5448
f 913/1/5449 921/2/5450 922/3/5451
f 913/1/5452 922/2/5453 914/3/5454
f 914/1/5455 922/2/5456 923/3/5457
f 914/1/5458 923/2/5459 915/3/5460
f 915/1/5461 923/2/5462 924/3/5463
f 915/1/5464 924/2/5465 916/3/5466
f 916/1/5467 924/2/5468 917/3/5469
f 916/1/5470 917/2/5471 909/3/5472
f 917/1/5473 925/2/5474 926/3/5475
f 917/1/5476 926/2/5477 918/3/5478
f 918/1/5479 926/2/5480 927/3/5481
f 918/1/5482 927/2/5483 919/3/5484
f 919/1/5485 927/2/5486 928/3/5487
f 919/1/5488 928/2/5489 920/3/5490
f 920/1/5491 928/2/5492 929/3/5493
f 920/1/5494 929/2/5495 921/3/5496
f 921/1/5497 929/2/5498 930/3/5499
f 921/1/5500 930/2/5501 922/3/5502
f 922/1/5503 930/2/5504 931/3/5505
f 922/1/5506 931/2/5507 923/3/5508
f 923/1/5509 931/2/5510 932/3/5511
f 923/1/5512 932/2/5513 924/3/5514
f 924/1/5515 932/2/5516 925/3/5517
f 924/1/5518 925/2/5519 917/3/5520
f 925/1/5521 933/2/5522 934/3/5523
f 925/1/5524 934/2/5525 926/3/5526
f 926/1/5527 934/2/5528 935/3/5529
f 926/1/5530 935/2/5531 927/3/5532
f 927/1/5533 935/2/5534 936/3/5535
f 927/1/5536 936/2/5537 928/3/5538
f 928/1/5539 936/2/5540 937/3/5541
f 928/1/5542 937/2/5543 929/3/5544
f 929/1/5545 937/2/5546 938/3/5547
f 929/1/5548 938/2/5549 930/3/5550
f 930/1/5551 938/2/5552 939/3/5553
f 930/1/5554 939/2/5555 931/3/5556
f 931/1/5557 939/2/5558 940/3/5559
f 931/1/5560 940/2/5561 932/3/5562
f 932/1/5563 940/2/5564 933/3/5565
f 932/1/5566 933/2/5567 925/3/5568
f 933/1/5569 941/2/5570 942/3/5571
f 933/1/5572 942/2/5573 934/3/5574
f 934/1/5575 942/2/5576 943/3/5577
f 934/1/5578 943/2/5579 935/3/5580
f 935/1/5581 943/2/5582 944/3/5583
f 935/1/5584 944/2/5585 936/3/5586
f 936/1/5587 944/2/5588 945/3/5589
f 936/1/5590 945/2/5591 937/3/5592
f 937/1/5593 945/2/5594 946/3/5595
f 937/1/5596 946/2/5597 938/3/5598
f 938/1/5599 946/2/5600 947/3/5601
f 938/1/5602 947/2/5603 939/3/5604
f 939/1/5605 947/2/5606 948/3/5607
f 939/1/5608 948/2/5609 940/3/5610
f 940/1/5611 948/2/5612 941/3/5613
f 940/1/5614 941/2/5615 933/3/5616
f 941/1/5617 629/2/5618 630/3/5619
f 941/1/5620 630/2/5621 942/3/5622
f 942/1/5623 630/2/5624 631/3/5625
f 942/1/5626 631/2/5627 943/3/5628
f 943/1/5629 631/2/5630 632/3/5631
f 943/1/5632 632/2/5633 944/3/5634
f 944/1/5635 632/2/5636 633/3/5637
f 944/1/5638 633/2/5639 945/3/5640
f 945/1/5641 633/2/5642 634/3/5643
f 945/1/5644 634/2/5645 946/3/5646
f 946/1/5647 634/2/5648 635/3/5649
f 946/1/5650 635/2/5651 947/3/5652
f 947/1/5653 635/2/5654 636/3/5655
f 947/1/5656 636/2/5657 948/3/5658
f 948/1/5659 636/2/5660 629/3/5661
f 948/1/5662 629/2/5663 941/3/5664
f 949/1/5665 957/2/5666 958/3/5667
f 949/1/5668 958/2/5669 950/3/5670
f 950/1/5671 958/2/5672 959/3/5673
f 950/1/5674 959/2/5675 951/3/5676
f 951/1/5677 959/2/5678 960/3/5679
f 951/1/5680 960/2/5681 952/3/5682
f 952/1/5683 960/2/5684 961/3/5685
f 952/1/5686 961/2/5687 953/3/5688
f 953/1/5689 961/2/5690 962/3/5691
f 953/1/5692 962/2/5693 954/3/5694
f 954/1/5695 962/2/5696 963/3/5697
f 954/1/5698 963/2/5699 955/3/5700
f 955/1/5701 963/2/5702 964/3/5703
f 955/1/5704 964/2/5705 956/3/5706
f 956/1/5707 964/2/5708 957/3/5709
f 956/1/5710 957/2/5711 949/3/5712
f 957/1/5713 965/2/5714 966/3/5715
f 957/1/5716 966/2/5717 958/3/5718
f 958/1/5719 966/2/5720 967/3/5721
f 958/1/5722 967/2/5723 959/3/5724
f 959/1/5725 967/2/5726 968/3/5727
f 959/1/5728 968/2/5729 960/3/5730
f 960/1/5731 968/2/5732 969/3/5733
f 960/1/5734 969/2/5735 961/3/5736
f 961/1/5737 969/2/5738 970/3/5739
f 961/1/5740 970/2/5741 962/3/5742
f 962/1/5743 970/2/5744 971/3/5745
f 962/1/5746 971/2/5747 963/3/5748
f 963/1/5749 971/2/5750 972/3/5751
f 963/1/5752 972/2/5753 964/3/5754
f 964/1/5755 972/2/5756 965/3/5757
f 964/1/5758 965/2/5759 957/3/5760
f 965/1/5761 973/2/5762 974/3/5763
f 965/1/5764 974/2/5765 966/3/5766
f 966/1/5767 974/2/5768 975/3/5769
f 966/1/5770 975/2/5771 967/3/5772
f 967/1/5773 975/2/5774 976/3/5775
f 967/1/5776 976/2/5777 968/3/5778
f 968/1/5779 976/2/5780 977/3/5781
f 968/1/5782 977/2/5783 969/3/5784
f 969/1/5785 977/2/5786 978/3/5787
f 969/1/5788 978/2/5789 970/3/5790
f 970/1/5791 978/2/5792 979/3/5793
f 970/1/5794 979/2/5795 971/3/5796
f 971/1/5797 979/2/5798 980/3/5799
f 971/1/5800 980/2/5801 972/3/5802
f 972/1/5803 980/2/5804 973/3/5805
f 972/1/5806 973/2/5807 965/3/5808
f 973/1/5809 981/2/5810 982/3/5811
f 973/1/5812 982/2/5813 974/3/5814
f 974/1/5815 982/2/5816 983/3/5817
f 974/1/5818 983/2/5819 975/3/5820
f 975/1/5821 983/2/5822 984/3/5823
f 975/1/5824 984/2/5825 976/3/5826
f 976/1/5827 984/2/5828 985/3/5829
f 976/1/5830 985/2/5831 977/3/5832
f 977/1/5833 985/2/5834 986/3/5835
f 977/1/5836 986/2/5837 978/3/5838
f 978/1/5839 986/2/5840 987/3/5841
f 978/1/5842 987/2/5843 979/3/5844
f 979/1/5845 987/2/5846 988/3/5847
f 979/1/5848 988/2/5849 980/3/5850
f 980/1/5851 988/2/5852 981/3/5853
f 980/1/5854 981/2/5855 973/3/5856
f 981/1/5857 989/2/5858 990/3/5859
f 981/1/5860 990/2/5861 982/3/5862
f 982/1/5863 990/2/5864 991/3/5865
f 982/1/5866 991/2/5867 983/3/5868
f 983/1/5869 991/2/5870 992/3/5871
f 983/1/5872 992/2/5873 984/3/5874
f 984/1/5875 992/2/5876 993/3/5877
f 984/1/5878 993/2/5879 985/3/5880
f 985/1/5881 993/2/5882 994/3/5883
f 985/1/5884 994/2/5885 986/3/5886
f 986/1/5887 994/2/5888 995/3/5889
f 986/1/5890 995/2/5891 987/3/5892
f 987/1/5893 995/2/5894 996/3/5895
f 987/1/5896 996/2/5897 988/3/5898
f 988/1/5899 996/2/5900 989/3/5901
f 988/1/5902 989/2/5903 981/3/5904
f 989/1/5905 997/2/5906 998/3/5907
f 989/1/5908 998/2/5909 990/3/5910
f 990/1/5911 998/2/5912 999/3/5913
f 990/1/5914 999/2/5915 991/3/5916
f 991/1/5917 999/2/5918 1000/3/5919
f 991/1/5920 1000/2/5921 992/3/5922
f 992/1/5923 1000/2/5924 1001/3/5925
f 992/1/5926 1001/2/5927 993/3/5928
f 993/1/5929 1001/2/5930 1002/3/5931
f 993/1/5932 1002/2/5933 994/3/5934
f 994/1/5935 1002/2/5936 1003/3/5937
f 994/1/5938 1003/2/5939 995/3/5940
f 995/1/5941 1003/2/5942 1004/3/5943
f 995/1/5944 1004/2/5945 996/3/5946
f 996/1/5947 1004/2/5948 997/3/5949
f 996/1/5950 997/2/5951 989/3/5952
f 997/1/5953 1005/2/5954 1006/3/5955
f 997/1/5956 1006/2/5957 998/3/5958
f 998/1/5959 1006/2/5960 1007/3/5961
f 998/1/5962 1007/2/5963 999/3/5964
f 999/1/5965 1007/2/5966 1008/3/5967
f 999/1/5968 1008/2/5969 1000/3/5970
f 1000/1/5971 1008/2/5972 1009/3/5973
f 1000/1/5974 1009/2/5975 1001/3/5976
f 1001/1/5977 1009/2/5978 1010/3/5979
f 1001/1/5980 1010/2/5981 1002/3/5982
f 1002/1/5983 1010/2/5984 1011/3/5985
f 1002/1/5986 1011/2/5987 1003/3/5988
f 1003/1/5989 1011/2/5990 1012/3/5991
f 1003/1/5992 1012/2/5993 1004/3/5994
f 1004/1/5995 1012/2/5996 1005/3/5997
f 1004/1/5998 1005/2/5999 997/3/6000
f 1005/1/6001 1013/2/6002 1014/3/6003
f 1005/1/6004 1014/2/6005 1006/3/6006
f 1006/1/6007 1014/2/6008 1015/3/6009
f 1006/1/6010 1015/2/6011 1007/3/6012
f 1007/1/6013 1015/2/6014 1016/3/6015
f 1007/1/6016 1016/2/6017 1008/3/6018
f 1008/1/6019 1016/2/6020 1017/3/6021
f 1008/1/6022 1017/2/6023 1009/3/6024
f 1009/1/6025 1017/2/6026 1018/3/6027
f 1009/1/6028 1018/2/6029 1010/3/6030
f 1010/1/6031 1018/2/6032 1019/3/6033
f 1010/1/6034 1019/2/6035 1011/3/6036
f 1011/1/6037 1019/2/6038 1020/3/6039
f 1011/1/6040 1020/2/6041 1012/3/6042
f 1012/1/6043 1020/2/6044 1013/3/6045
f 1012/1/6046 1013/2/6047 1005/3/6048
f 1013/1/6049 1021/2/6050 1022/3/6051
f 1013/1/6052 1022/2/6053 1014/3/6054
f 1014/1/6055 1022/2/6056 1023/3/6057
f 1014/1/6058 1023/2/6059 1015/3/6060
f 1015/1/6061 1023/2/6062 1024/3/6063
f 1015/1/6064 1024/2/6065 1016/3/6066
f 1016/1/6067 1024/2/6068 1025/3/6069
f 1016/1/6070 1025/2/6071 1017/3/6072
f 1017/1/6073 1025/2/6074 1026/3/6075
f 1017/1/6076 1026/2/6077 1018/3/6078
f 1018/1/6079 1026/2/6080 1027/3/6081
f 1018/1/6082 1027/2/6083 1019/3/6084
f 1019/1/6085 1027/2/6086 1028/3/6087
f 1019/1/6088 1028/2/6089 1020/3/6090
f 1020/1/6091 1028/2/6092 1021/3/6093
f 1020/1/6094 1021/2/6095 1013/3/6096
f 1021/1/6097 1029/2/6098 1030/3/6099
f 1021/1/6100 1030/2/6101 1022/3/6102
f 1022/1/6103 1030/2/6104 1031/3/6105
f 1022/1/6106 1031/2/6107 1023/3/6108
f 1023/1/6109 1031/2/6110 1032/3/6111
f 1023/1/6112 1032/2/6113 1024/3/6114
f 1024/1/6115 1032/2/6116 1033/3/6117
f 1024/1/6118 1033/2/6119 1025/3/6120
f 1025/1/6121 1033/2/6122 1034/3/6123
f 1025/1/6124 1034/2/6125 1026/3/6126
f 1026/1/6127 1034/2/6128 1035/3/6129
f 1026/1/6130 1035/2/6131 1027/3/6132
f 1027/1/6133 1035/2/6134 1036/3/6135
f 1027/1/6136 1036/2/6137 1028/3/6138
f 1028/1/6139 1036/2/6140 1029/3/6141
f 1028/1/6142 1029/2/6143 1021/3/6144
f 1029/1/6145 1037/2/6146 1038/3/6147
f 1029/1/6148 1038/2/6149 1030/3/6150
f 1030/1/6151 1038/2/6152 1039/3/6153
f 1030/1/6154 1039/2/6155 1031/3/6156
f 1031/1/6157 1039/2/6158 1040/3/6159
f 1031/1/6160 1040/2/6161 1032/3/6162
f 1032/1/6163 1040/2/6164 1041/3/6165
f 1032/1/6166 1041/2/6167 1033/3/6168
f 1033/1/6169 1041/2/6170 1042/3/6171
f 1033/1/6172 1042/2/6173 1034/3/6174
f 1034/1/6175 1042/2/6176 1043/3/6177
f 1034/1/6178 1043/2/6179 1035/3/6180
f 1035/1/6181 1043/2/6182 1044/3/6183
f 1035/1/6184 1044/2/6185 1036/3/6186
f 1036/1/6187 1044/2/6188 1037/3/6189
f 1036/1/6190 1037/2/6191 1029/3/6192
f 1037/1/6193 1045/2/6194 1046/3/6195
f 1037/1/6196 1046/2/6197 1038/3/6198
f 1038/1/6199 1046/2/6200 1047/3/6201
f 1038/1/6202 1047/2/6203 1039/3/6204
f 1039/1/6205 1047/2/6206 1048/3/6207
f 1039/1/6208 1048/2/6209 1040/3/6210
f 1040/1/6211 1048/2/6212 1049/3/6213
f 1040/1/6214 1049/2/6215 1041/3/6216
f 1041/1/6217 1049/2/6218 1050/3/6219
f 1041/1/6220 1050/2/6221 1042/3/6222
f 1042/1/6223 1050/2/6224 1051/3/6225
f 1042/1/6226 1051/2/6227 1043/3/6228
f 1043/1/6229 1051/2/6230 1052/3/6231
f 1043/1/6232 1052/2/6233 1044/3/6234
f 1044/1/6235 1052/2/6236 1045/3/6237
f 1044/1/6238 1045/2/6239 1037/3/6240
f 1045/1/6241 1053/2/6242 1054/3/6243
f 1045/1/6244 1054/2/6245 1046/3/6246
f 1046/1/6247 1054/2/6248 1055/3/6249
f 1046/1/6250 1055/2/6251 1047/3/6252
f 1047/1/6253 1055/2/6254 1056/3/6255
f 1047/1/6256 1056/2/6257 1048/3/6258
f 1048/1/6259 1056/2/6260 1057/3/6261
f 1048/1/6262 1057/2/6263 1049/3/6264
f 1049/1/6265 1057/2/6266 1058/3/6267
f 1049/1/6268 1058/2/6269 1050/3/6270
f 1050/1/6271 1058/2/6272 1059/3/6273
f 1050/1/6274 1059/2/6275 1051/3/6276
f 1051/1/6277 1059/2/6278 1060/3/6279
f 1051/1/6280 1060/2/6281 1052/3/6282
f 1052/1/6283 1060/2/6284 1053/3/6285
f 1052/1/6286 1053/2/6287 1045/3/6288
f 1053/1/6289 1061/2/6290 1062/3/6291
f 1053/1/6292 1062/2/6293 1054/3/6294
f 1054/1/6295 1062/2/6296 1063/3/6297
f 1054/1/6298 1063/2/6299 1055/3/6300
f 1055/1/6301 1063/2/6302 1064/3/6303
f 1055/1/6304 1064/2/6305 1056/3/6306
f 1056/1/6307 1064/2/6308 1065/3/6309
f 1056/1/6310 1065/2/6311 1057/3/6312
f 1057/1/6313 1065/2/6314 1066/3/6315
f 1057/1/6316 1066/2/6317 1058/3/6318
f 1058/1/6319 1066/2/6320 1067/3/6321
f 1058/1/6322 1067/2/6323 1059/3/6324
f 1059/1/6325 1067/2/6326 1068/3/6327
f 1059/1/6328 1068/2/6329 1060/3/6330
f 1060/1/6331 1068/2/6332 1061/3/6333
f 1060/1/6334 1061/2/6335 1053/3/6336
f 1061/1/6337 1069/2/6338 1070/3/6339
f 1061/1/6340 1070/2/6341 1062/3/6342
f 1062/1/6343 1070/2/6344 1071/3/6345
f 1062/1/6346 1071/2/6347 1063/3/6348
f 1063/1/6349 1071/2/6350 1072/3/6351
f 1063/1/6352 1072/2/6353 1064/3/6354
f 1064/1/6355 1072/2/6356 1073/3/6357
f 1064/1/6358 1073/2/6359 1065/3/6360
f 1065/1/6361 1073/2/6362 1074/3/6363
f 1065/1/6364 1074/2/6365 1066/3/6366
f 1066/1/6367 1074/2/6368 1075/3/6369
f 1066/1/6370 1075/2/6371 1067/3/6372
f 1067/1/6373 1075/2/6374 1076/3/6375
f 1067/1/6376 1076/2/6377 1068/3/6378
f 1068/1/6379 1076/2/6380 1069/3/6381
f 1068/1/6382 1069/2/6383 1061/3/6384
f 1069/1/6385 1077/2/6386 1078/3/6387
f 1069/1/6388 1078/2/6389 1070/3/6390
f 1070/1/6391 1078/2/6392 1079/3/6393
f 1070/1/6394 1079/2/6395 1071/3/6396
f 1071/1/6397 1079/2/6398 1080/3/6399
f 1071/1/6400 1080/2/6401 1072/3/6402
f 1072/1/6403 1080/2/6404 1081/3/6405
f 1072/1/6406 1081/2/6407 1073/3/6408
f 1073/1/6409 1081/2/6410 1082/3/6411
f 1073/1/6412 1082/2/6413 1074/3/6414
f 1074/1/6415 1082/2/6416 1083/3/6417
f 1074/1/6418 1083/2/6419 1075/3/6420
f 1075/1/6421 1083/2/6422 1084/3/6423
f 1075/1/6424 1084/2/6425 1076/3/6426
f 1076/1/6427 1084/2/6428 1077/3/6429
f 1076/1/6430 1077/2/6431 1069/3/6432
f 1077/1/6433 1085/2/6434 1086/3/6435
f 1077/1/6436 1086/2/6437 1078/3/6438
f 1078/1/6439 1086/2/6440 1087/3/6441
f 1078/1/6442 1087/2/6443 1079/3/6444
f 1079/1/6445 1087/2/6446 1088/3/6447
f 1079/1/6448 1088/2/6449 1080/3/6450
f 1080/1/6451 1088/2/6452 1089/3/6453
f 1080/1/6454 1089/2/6455 1081/3/6456
f 1081/1/6457 1089/2/6458 1090/3/6459
f 1081/1/6460 1090/2/6461 1082/3/6462
f 1082/1/6463 1090/2/6464 1091/3/6465
f 1082/1/6466 1091/2/6467 1083/3/6468
f 1083/1/6469 1091/2/6470 1092/3/6471
f 1083/1/6472 1092/2/6473 1084/3/6474
f 1084/1/6475 1092/2/6476 1085/3/6477
f 1084/1/6478 1085/2/6479 1077/3/6480
f 1085/1/6481 1093/2/6482 1094/3/6483
f 1085/1/6484 1094/2/6485 1086/3/6486
f 1086/1/6487 1094/2/6488 1095/3/6489
f 1086/1/6490 1095/2/6491 1087/3/6492
f 1087/1/6493 1095/2/6494 1096/3/6495
f 1087/1/6496 1096/2/6497 1088/3/6498
f 1088/1/6499 1096/2/6500 1097/3/6501
f 1088/1/6502 1097/2/6503 1089/3/6504
f 1089/1/6505 1097/2/6506 1098/3/6507
f 1089/1/6508 1098/2/6509 1090/3/6510
f 1090/1/6511 1098/2/6512 1099/3/6513
f 1090/1/6514 1099/2/6515 1091/3/6516
f 1091/1/6517 1099/2/6518 1100/3/6519
f 1091/1/6520 1100/2/6521 1092/3/6522
f 1092/1/6523 1100/2/6524 1093/3/6525
f 1092/1/6526 1093/2/6527 1085/3/6528
f 1093/1/6529 1101/2/6530 1102/3/6531
f 1093/1/6532 1102/2/6533 1094/3/6534
f 1094/1/6535 1102/2/6536 1103/3/6537
f 1094/1/6538 1103/2/6539 1095/3/6540
f 1095/1/6541 1103/2/6542 1104/3/6543
f 1095/1/6544 1104/2/6545 1096/3/6546
f 1096/1/6547 1104/2/6548 1105/3/6549
f 1096/1/6550 1105/2/6551 1097/3/6552
f 1097/1/6553 1105/2/6554 1106/3/6555
f 1097/1/6556 1106/2/6557 1098/3/6558
f 1098/1/6559 1106/2/6560 1107/3/6561
f 1098/1/6562 1107/2/6563 1099/3/6564
f 1099/1/6565 1107/2/6566 1108/3/6567
f 1099/1/6568 1108/2/6569 1100/3/6570
f 1100/1/6571 1108/2/6572 1101/3/6573
f 1100/1/6574 1101/2/6575 1093/3/6576
f 1101/1/6577 1109/2/6578 1110/3/6579
f 1101/1/6580 1110/2/6581 1102/3/6582
f 1102/1/6583 1110/2/6584 1111/3/6585
f 1102/1/6586 1111/2/6587 1103/3/6588
f 1103/1/6589 1111/2/6590 1112/3/6591
f 1103/1/6592 1112/2/6593 1104/3/6594
f 1104/1/6595 1112/2/6596 1113/3/6597
f 1104/1/6598 1113/2/6599 1105/3/6600
f 1105/1/6601 1113/2/6602 1114/3/6603
f 1105/1/6604 1114/2/6605 1106/3/6606
f 1106/1/6607 1114/2/6608 1115/3/6609
f 1106/1/6610 1115/2/6611 1107/3/6612
f 1107/1/6613 1115/2/6614 1116/3/6615
f 1107/1/6616 1116/2/6617 1108/3/6618
f 1108/1/6619 1116/2/6620 1109/3/6621
f 1108/1/6622 1109/2/6623 1101/3/6624
f 1109/1/6625 1117/2/6626 1118/3/6627
f 1109/1/6628 1118/2/6629 1110/3/6630
f 1110/1/6631 1118/2/6632 1119/3/6633
f 1110/1/6634 1119/2/6635 1111/3/6636
f 1111/1/6637 1119/2/6638 1120/3/6639
f 1111/1/6640 1120/2/6641 1112/3/6642
f 1112/1/6643 1120/2/6644 1121/3/6645
f 1112/1/6646 1121/2/6647 1113/3/6648
f 1113/1/6649 1121/2/6650 1122/3/6651
f 1113/1/6652 1122/2/6653 1114/3/6654
f 1114/1/6655 1122/2/6656 1123/3/6657
f 1114/1/6658 1123/2/6659 1115/3/6660
f 1115/1/6661 1123/2/6662 1124/3/6663
f 1115/1/6664 1124/2/6665 1116/3/6666
f 1116/1/6667 1124/2/6668 1117/3/6669
f 1116/1/6670 1117/2/6671 1109/3/6672
f 1117/1/6673 1125/2/6674 1126/3/6675
f 1117/1/6676 1126/2/6677 1118/3/6678
f 1118/1/6679 1126/2/6680 1127/3/6681
f 1118/1/6682 1127/2/6683 1119/3/6684
f 1119/1/6685 1127/2/6686 1128/3/6687
f 1119/1/6688 1128/2/6689 1120/3/6690
f 1120/1/6691 1128/2/6692 1129/3/6693
f 1120/1/6694 1129/2/6695 1121/3/6696
f 1121/1/6697 1129/2/6698 1130/3/6699
f 1121/1/6700 1130/2/6701 1122/3/6702
f 1122/1/6703 1130/2/6704 1131/3/6705
f 1122/1/6706 1131/2/6707 1123/3/6708
f 1123/1/6709 1131/2/6710 1132/3/6711
f 1123/1/6712 1132/2/6713 1124/3/6714
f 1124/1/6715 1132/2/6716 1125/3/6717
f 1124/1/6718 1125/2/6719 1117/3/6720
f 1125/1/6721 1133/2/6722 1134/3/6723
f 1125/1/6724 1134/2/6725 1126/3/6726
f 1126/1/6727 1134/2/6728 1135/3/6729
f 1126/1/6730 1135/2/6731 1127/3/6732
f 1127/1/6733 1135/2/6734 1136/3/6735
f 1127/1/6736 1136/2/6737 1128/3/6738
f 1128/1/6739 1136/2/6740 1137/3/6741
f 1128/1/6742 1137/2/6743 1129/3/6744
f 1129/1/6745 1137/2/6746 1138/3/6747
f 1129/1/6748 1138/2/6749 1130/3/6750
f 1130/1/6751 1138/2/6752 1139/3/6753
f 1130/1/6754 1139/2/6755 1131/3/6756
f 1131/1/6757 1139/2/6758 1140/3/6759
f 1131/1/6760 1140/2/6761 1132/3/6762
f 1132/1/6763 1140/2/6764 1133/3/6765
f 1132/1/6766 1133/2/6767 1125/3/6768
f 1133/1/6769 1141/2/6770 1142/3/6771
f 1133/1/6772 1142/2/6773 1134/3/6774
f 1134/1/6775 1142/2/6776 1143/3/6777
f 1134/1/6778 1143/2/6779 1135/3/6780
f 1135/1/6781 1143/2/6782 1144/3/6783
f 1135/1/6784 1144/2/6785 1136/3/6786
f 1136/1/6787 1144/2/6788 1145/3/6789
f 1136/1/6790 1145/2/6791 1137/3/6792
f 1137/1/6793 1145/2/6794 1146/3/6795
f 1137/1/6796 1146/2/6797 1138/3/6798
f 1138/1/6799 1146/2/6800 1147/3/6801
f 1138/1/6802 1147/2/6803 1139/3/6804
f 1139/1/6805 1147/2/6806 1148/3/6807
f 1139/1/6808 1148/2/6809 1140/3/6810
f 1140/1/6811 1148/2/6812 1141/3/6813
f 1140/1/6814 1141/2/6815 1133/3/6816
f 1141/1/6817 1149/2/6818 1150/3/6819
f 1141/1/6820 1150/2/6821 1142/3/6822
f 1142/1/6823 1150/2/6824 1151/3/6825
f 1142/1/6826 1151/2/6827 1143/3/6828
f 1143/1/6829 1151/2/6830 1152/3/6831
f 1143/1/6832 1152/2/6833 1144/3/6834
f 1144/1/6835 1152/2/6836 1153/3/6837
f 1144/1/6838 1153/2/6839 1145/3/6840
f 1145/1/6841 1153/2/6842 1154/3/6843
f 1145/1/6844 1154/2/6845 1146/3/6846
f 1146/1/6847 1154/2/6848 1155/3/6849
f 1146/1/6850 1155/2/6851 1147/3/6852
f 1147/1/6853 1155/2/6854 1156/3/6855
f 1147/1/6856 1156/2/6857 1148/3/6858
f 1148/1/6859 1156/2/6860 1149/3/6861
f 1148/1/6862 1149/2/6863 1141/3/6864
f 1149/1/6865 1157/2/6866 1158/3/6867
f 1149/1/6868 1158/2/6869 1150/3/6870
f 1150/1/6871 1158/2/6872 1159/3/6873
f 1150/1/6874 1159/2/6875 1151/3/6876
f 1151/1/6877 1159/2/6878 1160/3/6879
f 1151/1/6880 1160/2/6881 1152/3/6882
f 1152/1/6883 1160/2/6884 1161/3/6885
f 1152/1/6886 1161/2/6887 1153/3/6888
f 1153/1/6889 1161/2/6890 1162/3/6891
f 1153/1/6892 1162/2/6893 1154/3/6894
f 1154/1/6895 1162/2/6896 1163/3/6897
f 1154/1/6898 1163/2/6899 1155/3/6900
f 1155/1/6901 1163/2/6902 1164/3/6903
f 1155/1/6904 1164/2/6905 1156/3/6906
f 1156/1/6907 1164/2/6908 1157/3/6909
f 1156/1/6910 1157/2/6911 1149/3/6912
f 1157/1/6913 1165/2/6914 1166/3/6915
f 1157/1/6916 1166/2/6917 1158/3/6918
f 1158/1/6919 1166/2/6920 1167/3/6921
f 1158/1/6922 1167/2/6923 1159/3/6924
f 1159/1/6925 1167/2/6926 1168/3/6927
f 1159/1/6928 1168/2/6929 1160/3/6930
f 1160/1/6931 1168/2/6932 1169/3/6933
f 1160/1/6934 1169/2/6935 1161/3/6936
f 1161/1/6937 1169/2/6938 1170/3/6939
f 1161/1/6940 1170/2/6941 1162/3/6942
f 1162/1/6943 1170/2/6944 1171/3/6945
f 1162/1/6946 1171/2/6947 1163/3/6948
f 1163/1/6949 1171/2/6950 1172/3/6951
f 1163/1/6952 1172/2/6953 1164/3/6954
f 1164/1/6955 1172/2/6956 1165/3/6957
f 1164/1/6958 1165/2/6959 1157/3/6960
f 1165/1/6961 1173/2/6962 1174/3/6963
f 1165/1/6964 1174/2/6965 1166/3/6966
f 1166/1/6967 1174/2/6968 1175/3/6969
f 1166/1/6970 1175/2/6971 1167/3/6972
f 1167/1/6973 1175/2/6974 1176/3/6975
f 1167/1/6976 1176/2/6977 1168/3/6978
f 1168/1/6979 1176/2/6980 1177/3/6981
f 1168/1/6982 1177/2/6983 1169/3/6984
f 1169/1/6985 1177/2/6986 1178/3/6987
f 1169/1/6988 1178/2/6989 1170/3/6990
f 1170/1/6991 1178/2/6992 1179/3/6993
f 1170/1/6994 1179/2/6995 1171/3/6996
f 1171/1/6997 1179/2/6998 1180/3/6999
f 1171/1/7000 1180/2/7001 1172/3/7002
f 1172/1/7003 1180/2/7004 1173/3/7005
f 1172/1/7006 1173/2/7007 1165/3/7008
f 1173/1/7009 1181/2/7010 1182/3/7011
f 1173/1/7012 1182/2/7013 1174/3/7014
f 1174/1/7015 1182/2/7016 1183/3/7017
f 1174/1/7018 1183/2/7019 1175/3/7020
f 1175/1/7021 1183/2/7022 1184/3/7023
f 1175/1/7024 1184/2/7025 1176/3/7026
f 1176/1/7027 1184/2/7028 1185/3/7029
f 1176/1/7030 1185/2/7031 1177/3/7032
f 1177/1/7033 1185/2/7034 1186/3/7035
f 1177/1/7036 1186/2/7037 1178/3/7038
f 1178/1/7039 1186/2/7040 1187/3/7041
f 1178/1/7042 1187/2/7043 1179/3/7044
f 1179/1/7045 1187/2/7046 1188/3/7047
f 1179/1/7048 1188/2/7049 1180/3/7050
f 1180/1/7051 1188/2/7052 1181/3/7053
f 1180/1/7054 1181/2/7055 1173/3/7056
f 1181/1/7057 1189/2/7058 1190/3/7059
f 1181/1/7060 1190/2/7061 1182/3/7062
f 1182/1/7063 1190/2/7064 1191/3/7065
f 1182/1/7066 1191/2/7067 1183/3/7068
f 1183/1/7069 1191/2/7070 1192/3/7071
f 1183/1/7072 1192/2/7073 1184/3/7074
f 1184/1/7075 1192/2/7076 1193/3/7077
f 1184/1/7078 1193/2/7079 1185/3/7080
f 1185/1/7081 1193/2/7082 1194/3/7083
f 1185/1/7084 1194/2/7085 1186/3/7086
f 1186/1/7087 1194/2/7088 1195/3/7089
f 1186/1/7090 1195/2/7091 1187/3/7092
f 1187/1/7093 1195/2/7094 1196/3/7095
f 1187/1/7096 1196/2/7097 1188/3/7098
f 1188/1/7099 1196/2/7100 1189/3/7101
f 1188/1/7102 1189/2/7103 1181/3/7104
f 1189/1/7105 1197/2/7106 1198/3/7107
f 1189/1/7108 1198/2/7109 1190/3/7110
f 1190/1/7111 1198/2/7112 1199/3/7113
f 1190/1/7114 1199/2/7115 1191/3/7116
f 1191/1/7117 1199/2/7118 1200/3/7119
f 1191/1/7120 1200/2/7121 1192/3/7122
f 1192/1/7123 1200/2/7124 1201/3/7125
f 1192/1/7126 1201/2/7127 1193/3/7128
f 1193/1/7129 1201/2/7130 1202/3/7131
f 1193/1/7132 1202/2/7133 1194/3/7134
f 1194/1/7135 1202/2/7136 1203/3/7137
f 1194/1/7138 1203/2/7139 1195/3/7140
f 1195/1/7141 1203/2/7142 1204/3/7143
f 1195/1/7144 1204/2/7145 1196/3/7146
f 1196/1/7147 1204/2/7148 1197/3/7149
f 1196/1/7150 1197/2/7151 1189/3/7152
f 1197/1/7153 1205/2/7154 1206/3/7155
f 1197/1/7156 1206/2/7157 1198/3/7158
f 1198/1/7159 1206/2/7160 1207/3/7161
f 1198/1/7162 1207/2/7163 1199/3/7164
f 1199/1/7165 1207/2/7166 1208/3/7167
f 1199/1/7168 1208/2/7169 1200/3/7170
f 1200/1/7171 1208/2/7172 1209/3/7173
f 1200/1/7174 1209/2/7175 1201/3/7176
f 1201/1/7177 1209/2/7178 1210/3/7179
f 1201/1/7180 1210/2/7181 1202/3/7182
f 1202/1/7183 1210/2/7184 1211/3/7185
f 1202/1/7186 1211/2/7187 1203/3/7188
f 1203/1/7189 1211/2/7190 1212/3/7191
f 1203/1/7192 1212/2/7193 1204/3/7194
f 1204/1/7195 1212/2/7196 1205/3/7197
f 1204/1/7198 1205/2/7199 1197/3/7200
f 1205/1/7201 1213/2/7202 1214/3/7203
f 1205/1/7204 1214/2/7205 1206/3/7206
f 1206/1/7207 1214/2/7208 1215/3/7209
f 1206/1/7210 1215/2/7211 1207/3/7212
f 1207/1/7213 1215/2/7214 1216/3/7215
f 1207/1/7216 1216/2/7217 1208/3/7218
f 1208/1/7219 1216/2/7220 1217/3/7221
f 1208/1/7222 1217/2/7223 1209/3/7224
f 1209/1/7225 1217/2/7226 1218/3/7227
f 1209/1/7228 1218/2/7229 1210/3/7230
f 1210/1/7231 1218/2/7232 1219/3/7233
f 1210/1/7234 1219/2/7235 1211/3/7236
f 1211/1/7237 1219/2/7238 1220/3/7239
f 1211/1/7240 1220/2/7241 1212/3/7242
f 1212/1/7243 1220/2/7244 1213/3/7245
f 1212/1/7246 1213/2/7247 1205/3/7248
f 1213/1/7249 1221/2/7250 1222/3/7251
f 1213/1/7252 1222/2/7253 1214/3/7254
f 1214/1/7255 1222/2/7256 1223/3/7257
f 1214/1/7258 1223/2/7259 1215/3/7260
f 1215/1/7261 1223/2/7262 1224/3/7263
f 1215/1/7264 1224/2/7265 1216/3/7266
f 1216/1/7267 1224/2/7268 1225/3/7269
f 1216/1/7270 1225/2/7271 1217/3/7272
f 1217/1/7273 1225/2/7274 1226/3/7275
f 1217/1/7276 1226/2/7277 1218/3/7278
f 1218/1/7279 1226/2/7280 1227/3/7281
f 1218/1/7282 1227/2/7283 1219/3/7284
f 1219/1/7285 1227/2/7286 1228/3/7287
f 1219/1/7288 1228/2/7289 1220/3/7290
f 1220/1/7291 1228/2/7292 1221/3/7293
f 1220/1/7294 1221/2/7295 1213/3/7296
f 1221/1/7297 1229/2/7298 1230/3/7299
f 1221/1/7300 1230/2/7301 1222/3/7302
f 1222/1/7303 1230/2/7304 1231/3/7305
f 1222/1/7306 1231/2/7307 1223/3/7308
f 1223/1/7309 1231/2/7310 1232/3/7311
f 1223/1/7312 1232/2/7313 1224/3/7314
f 1224/1/7315 1232/2/7316 1233/3/7317
f 1224/1/7318 1233/2/7319 1225/3/7320
f 1225/1/7321 1233/2/7322 1234/3/7323
f 1225/1/7324 1234/2/7325 1226/3/7326
f 1226/1/7327 1234/2/7328 1235/3/7329
f 1226/1/7330 1235/2/7331 1227/3/7332
f 1227/1/7333 1235/2/7334 1236/3/7335
f 1227/1/7336 1236/2/7337 1228/3/7338
f 1228/1/7339 1236/2/7340 1229/3/7341
f 1228/1/7342 1229/2/7343 1221/3/7344
f 1229/1/7345 1237/2/7346 1238/3/7347
f 1229/1/7348 1238/2/7349 1230/3/7350
f 1230/1/7351 1238/2/7352 1239/3/7353
f 1230/1/7354 1239/2/7355 1231/3/7356
f 1231/1/7357 1239/2/7358 1240/3/7359
f 1231/1/7360 1240/2/7361 1232/3/7362
f 1232/1/7363 1240/2/7364 1241/3/7365
f 1232/1/7366 1241/2/7367 1233/3/7368
f 1233/1/7369 1241/2/7370 1242/3/7371
f 1233/1/7372 1242/2/7373 1234/3/7374
f 1234/1/7375 1242/2/7376 1243/3/7377
f 1234/1/7378 1243/2/7379 1235/3/7380
f 1235/1/7381 1243/2/7382 1244/3/7383
f 1235/1/7384 1244/2/7385 1236/3/7386
f 1236/1/7387 1244/2/7388 1237/3/7389
f 1236/1/7390 1237/2/7391 1229/3/7392
f 1237/1/7393 1245/2/7394 1246/3/7395
f 1237/1/7396 1246/2/7397 1238/3/7398
f 1238/1/7399 1246/2/7400 1247/3/7401
f 1238/1/7402 1247/2/7403 1239/3/7404
f 1239/1/7405 1247/2/7406 1248/3/7407
f 1239/1/7408 1248/2/7409 1240/3/7410
f 1240/1/7411 1248/2/7412 1249/3/7413
f 1240/1/7414 1249/2/7415 1241/3/7416
f 1241/1/7417 1249/2/7418 1250/3/7419
f 1241/1/7420 1250/2/7421 1242/3/7422
f 1242/1/7423 1250/2/7424 1251/3/7425
f 1242/1/7426 1251/2/7427 1243/3/7428
f 1243/1/7429 1251/2/7430 1252/3/7431
f 1243/1/7432 1252/2/7433 1244/3/7434
f 1244/1/7435 1252/2/7436 1245/3/7437
f 1244/1/7438 1245/2/7439 1237/3/7440
f 1245/1/7441 1253/2/7442 1254/3/7443
f 1245/1/7444 1254/2/7445 1246/3/7446
f 1246/1/7447 1254/2/7448 1255/3/7449
f 1246/1/7450 1255/2/7451 1247/3/7452
f 1247/1/7453 1255/2/7454 1256/3/7455
f 1247/1/7456 1256/2/7457 1248/3/7458
f 1248/1/7459 1256/2/7460 1257/3/7461
f 1248/1/7462 1257/2/7463 1249/3/7464
f 1249/1/7465 1257/2/7466 1258/3/7467
f 1249/1/7468 1258/2/7469 1250/3/7470
f 1250/1/7471 1258/2/7472 1259/3/7473
f 1250/1/7474 1259/2/7475 1251/3/7476
f 1251/1/7477 1259/2/7478 1260/3/7479
f 1251/1/7480 1260/2/7481 1252/3/7482
f 1252/1/7483 1260/2/7484 1253/3/7485
f 1252/1/7486 1253/2/7487 1245/3/7488
f 1253/1/7489 1261/2/7490 1262/3/7491
f 1253/1/7492 1262/2/7493 1254/3/7494
f 1254/1/7495 1262/2/7496 1263/3/7497
f 1254/1/7498 1263/2/7499 1255/3/7500
f 1255/1/7501 1263/2/7502 1264/3/7503
f 1255/1/7504 1264/2/7505 1256/3/7506
f 1256/1/7507 1264/2/7508 1265/3/7509
f 1256/1/7510 1265/2/7511 1257/3/7512
f 1257/1/7513 1265/2/7514 1266/3/7515
f 1257/1/7516 1266/2/7517 1258/3/7518
f 1258/1/7519 1266/2/7520 1267/3/7521
f 1258/1/7522 1267/2/7523 1259/3/7524
f 1259/1/7525 1267/2/7526 1268/3/7527
f 1259/1/7528 1268/2/7529 1260/3/7530
f 1260/1/7531 1268/2/7532 1261/3/7533
f 1260/1/7534 1261/2/7535 1253/3/7536
f 1261/1/7537 949/2/7538 950/3/7539
f 1261/1/7540 950/2/7541 1262/3/7542
f 1262/1/7543 950/2/7544 951/3/7545
f 1262/1/7546 951/2/7547 1263/3/7548
f 1263/1/7549 951/2/7550 952/3/7551
f 1263/1/7552 952/2/7553 1264/3/7554
f 1264/1/7555 952/2/7556 953/3/7557
f 1264/1/7558 953/2/7559 1265/3/7560
f 1265/1/7561 953/2/7562 954/3/7563
f 1265/1/7564 954/2/7565 1266/3/7566
f 1266/1/7567 954/2/7568 955/3/7569
f 1266/1/7570 955/2/7571 1267/3/7572
f 1267/1/7573 955/2/7574 956/3/7575
f 1267/1/7576 956/2/7577 1268/3/7578
f 1268/1/7579 956/2/7580 949/3/7581
f 1268/1/7582 949/2/7583 1261/3/7584
f 1269/1/7585 1277/2/7586 1278/3/7587
f 1269/1/7588 1278/2/7589 1270/3/7590
f 1270/1/7591 1278/2/7592 1279/3/7593
f 1270/1/7594 1279/2/7595 1271/3/7596
f 1271/1/7597 1279/2/7598 1280/3/7599
f 1271/1/7600 1280/2/7601 1272/3/7602
f 1272/1/7603 1280/2/7604 1281/3/7605
f 1272/1/7606 1281/2/7607 1273/3/7608
f 1273/1/7609 1281/2/7610 1282/3/7611
f 1273/1/7612 1282/2/7613 1274/3/7614
f 1274/1/7615 1282/2/7616 1283/3/7617
f 1274/1/7618 1283/2/7619 1275/3/7620
f 1275/1/7621 1283/2/7622 1284/3/7623
f 1275/1/7624 1284/2/7625 1276/3/7626
f 1276/1/7627 1284/2/7628 1277/3/7629
f 1276/1/7630 1277/2/7631 1269/3/7632
f 1277/1/7633 1285/2/7634 1286/3/7635
f 1277/1/7636 1286/2/7637 1278/3/7638
f 1278/1/7639 1286/2/7640 1287/3/7641
f 1278/1/7642 1287/2/7643 1279/3/7644
f 1279/1/7645 1287/2/7646 1288/3/7647
f 1279/1/7648 1288/2/7649 1280/3/7650
f 1280/1/7651 1288/2/7652 1289/3/7653
f 1280/1/7654 1289/2/7655 1281/3/7656
f 1281/1/7657 1289/2/7658 1290/3/7659
f 1281/1/7660 1290/2/7661 1282/3/7662
f 1282/1/7663 1290/2/7664 1291/3/7665
f 1282/1/7666 1291/2/7667 1283/3/7668
f 1283/1/7669 1291/2/7670 1292/3/7671
f 1283/1/7672 1292/2/7673 1284/3/7674
f 1284/1/7675 1292/2/7676 1285/3/7677
f 1284/1/7678 1285/2/7679 1277/3/7680
f 1285/1/7681 1293/2/7682 1294/3/7683
f 1285/1/7684 1294/2/7685 1286/3/7686
f 1286/1/7687 1294/2/7688 1295/3/7689
f 1286/1/7690 1295/2/7691 1287/3/7692
f 1287/1/7693 1295/2/7694 1296/3/7695
f 1287/1/7696 1296/2/7697 1288/3/7698
f 1288/1/7699 1296/2/7700 1297/3/7701
f 1288/1/7702 1297/2/7703 1289/3/7704
f 1289/1/7705 1297/2/7706 1298/3/7707
f 1289/1/7708 1298/2/7709 1290/3/7710
f 1290/1/7711 1298/2/7712 1299/3/7713
f 1290/1/7714 1299/2/7715 1291/3/7716
f 1291/1/7717 1299/2/7718 1300/3/7719
f 1291/1/7720 1300/2/7721 1292/3/7722
f 1292/1/7723 1300/2/7724 1293/3/7725
f 1292/1/7726 1293/2/7727 1285/3/7728
f 1293/1/7729 1301/2/7730 1302/3/7731
f 1293/1/7732 1302/2/7733 1294/3/7734
f 1294/1/7735 1302/2/7736 1303/3/7737
f 1294/1/7738 1303/2/7739 1295/3/7740
f 1295/1/7741 1303/2/7742 1304/3/7743
f 1295/1/7744 1304/2/7745 1296/3/7746
f 1296/1/7747 1304/2/7748 1305/3/7749
f 1296/1/7750 1305/2/7751 1297/3/7752
f 1297/1/7753 1305/2/7754 1306/3/7755
f 1297/1/7756 1306/2/7757 1298/3/7758
f 1298/1/7759 1306/2/7760 1307/3/7761
f 1298/1/7762 1307/2/7763 1299/3/7764
f 1299/1/7765 1307/2/7766 1308/3/7767
f 1299/1/7768 1308/2/7769 1300/3/7770
f 1300/1/7771 1308/2/7772 1301/3/7773
f 1300/1/7774 1301/2/7775 1293/3/7776
f 1301/1/7777 1309/2/7778 1310/3/7779
f 1301/1/7780 1310/2/7781 1302/3/7782
f 1302/1/7783 1310/2/7784 1311/3/7785
f 1302/1/7786 1311/2/7787 1303/3/7788
f 1303/1/7789 1311/2/7790 1312/3/7791
f 1303/1/7792 1312/2/7793 1304/3/7794
f 1304/1/7795 1312/2/7796 1313/3/7797
f 1304/1/7798 1313/2/7799 1305/3/7800
f 1305/1/7801 1313/2/7802 1314/3/7803
f 1305/1/7804 1314/2/7805 1306/3/7806
f 1306/1/7807 1314/2/7808 1315/3/7809
f 1306/1/7810 1315/2/7811 1307/3/7812
f 1307/1/7813 1315/2/7814 1316/3/7815
f 1307/1/7816 1316/2/7817 1308/3/7818
f 1308/1/7819 1316/2/7820 1309/3/7821
f 1308/1/7822 1309/2/7823 1301/3/7824
f 1309/1/7825 1317/2/7826 1318/3/7827
f 1309/1/7828 1318/2/7829 1310/3/7830
f 1310/1/7831 1318/2/7832 1319/3/7833
f 1310/1/7834 1319/2/7835 1311/3/7836
f 1311/1/7837 1319/2/7838 1320/3/7839
f 1311/1/7840 1320/2/7841 1312/3/7842
f 1312/1/7843 1320/2/7844 1321/3/7845
f 1312/1/7846 1321/2/7847 1313/3/7848
f 1313/1/7849 1321/2/7850 1322/3/7851
f 1313/1/7852 1322/2/7853 1314/3/7854
f 1314/1/7855 1322/2/7856 1323/3/7857
f 1314/1/7858 1323/2/7859 1315/3/7860
f 1315/1/7861 1323/2/7862 1324/3/7863
f 1315/1/7864 1324/2/7865 1316/3/7866
f 1316/1/7867 1324/2/7868 1317/3/7869
f 1316/1/7870 1317/2/7871 1309/3/7872
f 1317/1/7873 1325/2/7874 1326/3/7875
f 1317/1/7876 1326/2/7877 1318/3/7878
f 1318/1/7879 1326/2/7880 1327/3/7881
f 1318/1/7882 1327/2/7883 1319/3/7884
f 1319/1/7885 1327/2/7886 1328/3/7887
f 1319/1/7888 1328/2/7889 1320/3/7890
f 1320/1/7891 1328/2/7892 1329/3/7893
f 1320/1/7894 1329/2/7895 1321/3/7896
f 1321/1/7897 1329/2/7898 1330/3/7899
f 1321/1/7900 1330/2/7901 1322/3/7902
f 1322/1/7903 1330/2/7904 1331/3/7905
f 1322/1/7906 1331/2/7907 1323/3/7908
f 1323/1/7909 1331/2/7910 1332/3/7911
f 1323/1/7912 1332/2/7913 1324/3/7914
f 1324/1/7915 1332/2/7916 1325/3/7917
f 1324/1/7918 1325/2/7919 1317/3/7920
f 1325/1/7921 1333/2/7922 1334/3/7923
f 1325/1/7924 1334/2/7925 1326/3/7926
f 1326/1/7927 1334/2/7928 1335/3/7929
f 1326/1/7930 1335/2/7931 1327/3/7932
f 1327/1/7933 1335/2/7934 1336/3/7935
f 1327/1/7936 1336/2/7937 1328/3/7938
f 1328/1/7939 1336/2/7940 1337/3/7941
f 1328/1/7942 1337/2/7943 1329/3/7944
f 1329/1/7945 1337/2/7946 1338/3/7947
f 1329/1/7948 1338/2/7949 1330/3/7950
f 1330/1/7951 1338/2/7952 1339/3/7953
f 1330/1/7954 1339/2/7955 1331/3/7956
f 1331/1/7957 1339/2/7958 1340/3/7959
f 1331/1/7960 1340/2/7961 1332/3/7962
f 1332/1/7963 1340/2/7964 1333/3/7965
f 1332/1/7966 1333/2/7967 1325/3/7968
f 1333/1/7969 1341/2/7970 1342/3/7971
f 1333/1/7972 1342/2/7973 1334/3/7974
f 1334/1/7975 1342/2/7976 1343/3/7977
f 1334/1/7978 1343/2/7979 1335/3/7980
f 1335/1/7981 1343/2/7982 1344/3/7983
f 1335/1/7984 1344/2/7985 1336/3/7986
f 1336/1/7987 1344/2/7988 1345/3/7989
f 1336/1/7990 1345/2/7991 1337/3/7992
f 1337/1/7993 1345/2/7994 1346/3/7995
f 1337/1/7996 1346/2/7997 1338/3/7998
f 1338/1/7999 1346/2/8000 1347/3/8001
f 1338/1/8002 1347/2/8003 1339/3/8004
f 1339/1/8005 1347/2/8006 1348/3/8007
f 1339/1/8008 1348/2/8009 1340/3/8010
f 1340/1/8011 1348/2/8012 1341/3/8013
f 1340/1/8014 1341/2/8015 1333/3/8016
f 1341/1/8017 1349/2/8018 1350/3/8019
f 1341/1/8020 1350/2/8021 1342/3/8022
f 1342/1/8023 1350/2/8024 1351/3/8025
f 1342/1/8026 1351/2/8027 1343/3/8028
f 1343/1/8029 1351/2/8030 1352/3/8031
f 1343/1/8032 1352/2/8033 1344/3/8034
f 1344/1/8035 1352/2/8036 1353/3/8037
f 1344/1/8038 1353/2/8039 1345/3/8040
f 1345/1/8041 1353/2/8042 1354/3/8043
f 1345/1/8044 1354/2/8045 1346/3/8046
f 1346/1/8047 1354/2/8048 1355/3/8049
f 1346/1/8050 1355/2/8051 1347/3/8052
f 1347/1/8053 1355/2/8054 1356/3/8055
f 1347/1/8056 1356/2/8057 1348/3/8058
f 1348/1/8059 1356/2/8060 1349/3/8061
f 1348/1/8062 1349/2/8063 1341/3/8064
f 1349/1/8065 1357/2/8066 1358/3/8067
f 1349/1/8068 1358/2/8069 1350/3/8070
f 1350/1/8071 1358/2/8072 1359/3/8073
f 1350/1/8074 1359/2/8075 1351/3/8076
f 1351/1/8077 1359/2/8078 1360/3/8079
f 1351/1/8080 1360/2/8081 1352/3/8082
f 1352/1/8083 1360/2/8084 1361/3/8085
f 1352/1/8086 1361/2/8087 1353/3/8088
f 1353/1/8089 1361/2/8090 1362/3/8091
f 1353/1/8092 1362/2/8093 1354/3/8094
f 1354/1/8095 1362/2/8096 1363/3/8097
f 1354/1/8098 1363/2/8099 1355/3/8100
f 1355/1/8101 1363/2/8102 1364/3/8103
f 1355/1/8104 1364/2/8105 1356/3/8106
f 1356/1/8107 1364/2/8108 1357/3/8109
f 1356/1/8110 1357/2/8111 1349/3/8112
f 1357/1/8113 1365/2/8114 1366/3/8115
f 1357/1/8116 1366/2/8117 1358/3/8118
f 1358/1/8119 1366/2/8120 1367/3/8121
f 1358/1/8122 1367/2/8123 1359/3/8124
f 1359/1/8125 1367/2/8126 1368/3/8127
f 1359/1/8128 1368/2/8129 1360/3/8130
f 1360/1/8131 1368/2/8132 1369/3/8133
f 1360/1/8134 1369/2/8135 1361/3/8136
f 1361/1/8137 1369/2/8138 1370/3/8139
f 1361/1/8140 1370/2/8141 1362/3/8142
f 1362/1/8143 1370/2/8144 1371/3/8145
f 1362/1/8146 1371/2/8147 1363/3/8148
f 1363/1/8149 1371/2/8150 1372/3/8151
f 1363/1/8152 1372/2/8153 1364/3/8154
f 1364/1/8155 1372/2/8156 1365/3/8157
f 1364/1/8158 1365/2/8159 1357/3/8160
f 1365/1/8161 1373/2/8162 1374/3/8163
f 1365/1/8164 1374/2/8165 1366/3/8166
f 1366/1/8167 1374/2/8168 1375/3/8169
f 1366/1/8170 1375/2/8171 1367/3/8172
f 1367/1/8173 1375/2/8174 1376/3/8175
f 1367/1/8176 1376/2/8177 1368/3/8178
f 1368/1/8179 1376/2/8180 1377/3/8181
f 1368/1/8182 1377/2/8183 1369/3/8184
f 1369/1/8185 1377/2/8186 1378/3/8187
f 1369/1/8188 1378/2/8189 1370/3/8190
f 1370/1/8191 1378/2/8192 1379/3/8193
f 1370/1/8194 1379/2/8195 1371/3/8196
f 1371/1/8197 1379/2/8198 1380/3/8199
f 1371/1/8200 1380/2/8201 1372/3/8202
f 1372/1/8203 1380/2/8204 1373/3/8205
f 1372/1/8206 1373/2/8207 1365/3/8208
f 1373/1/8209 1381/2/8210 1382/3/8211
f 1373/1/8212 1382/2/8213 1374/3/8214
f 1374/1/8215 1382/2/8216 1383/3/8217
f 1374/1/8218 1383/2/8219 1375/3/8220
f 1375/1/8221 1383/2/8222 1384/3/8223
f 1375/1/8224 1384/2/8225 1376/3/8226
f 1376/1/8227 1384/2/8228 1385/3/8229
f 1376/1/8230 1385/2/8231 1377/3/8232
f 1377/1/8233 1385/2/8234 1386/3/8235
f 1377/1/8236 1386/2/8237 1378/3/8238
f 1378/1/8239 1386/2/8240 1387/3/8241
f 1378/1/8242 1387/2/8243 1379/3/8244
f 1379/1/8245 1387/2/8246 1388/3/8247
f 1379/1/8248 1388/2/8249 1380/3/8250
f 1380/1/8251 1388/2/8252 1381/3/8253
f 1380/1/8254 1381/2/8255 1373/3/8256
f 1381/1/8257 1389/2/8258 1390/3/8259
f 1381/1/8260 1390/2/8261 1382/3/8262
f 1382/1/8263 1390/2/8264 1391/3/8265
f 1382/1/8266 1391/2/8267 1383/3/8268
f 1383/1/8269 1391/2/8270 1392/3/8271
f 1383/1/8272 1392/2/8273 1384/3/8274
f 1384/1/8275 1392/2/8276 1393/3/8277
f 1384/1/8278 1393/2/8279 1385/3/8280
f 1385/1/8281 1393/2/8282 1394/3/8283
f 1385/1/8284 1394/2/8285 1386/3/8286
f 1386/1/8287 1394/2/8288 1395/3/8289
f 1386/1/8290 1395/2/8291 1387/3/8292
f 1387/1/8293 1395/2/8294 1396/3/8295
f 1387/1/8296 1396/2/8297 1388/3/8298
f 1388/1/8299 1396/2/8300 1389/3/8301
f 1388/1/8302 1389/2/8303 1381/3/8304
f 1389/1/8305 1397/2/8306 1398/3/8307
f 1389/1/8308 1398/2/8309 1390/3/8310
f 1390/1/8311 1398/2/8312 1399/3/8313
f 1390/1/8314 1399/2/8315 1391/3/8316
f 1391/1/8317 1399/2/8318 1400/3/8319
f 1391/1/8320 1400/2/8321 1392/3/8322
f 1392/1/8323 1400/2/8324 1401/3/8325
f 1392/1/8326 1401/2/8327 1393/3/8328
f 1393/1/8329 1401/2/8330 1402/3/8331
f 1393/1/8332 1402/2/8333 1394/3/8334
f 1394/1/8335 1402/2/8336 1403/3/8337
f 1394/1/8338 1403/2/8339 1395/3/8340
f 1395/1/8341 1403/2/8342 1404/3/8343
f 1395/1/8344 1404/2/8345 1396/3/8346
f 1396/1/8347 1404/2/8348 1397/3/8349
f 1396/1/8350 1397/2/8351 1389/3/8352
f 1397/1/8353 1405/2/8354 1406/3/8355
f 1397/1/8356 1406/2/8357 1398/3/8358
f 1398/1/8359 1406/2/8360 1407/3/8361
f 1398/1/8362 1407/2/8363 1399/3/8364
f 1399/1/8365 1407/2/8366 1408/3/8367
f 1399/1/8368 1408/2/8369 1400/3/8370
f 1400/1/8371 1408/2/8372 1409/3/8373
f 1400/1/8374 1409/2/8375 1401/3/8376
f 1401/1/8377 1409/2/8378 1410/3/8379
f 1401/1/8380 1410/2/8381 1402/3/8382
f 1402/1/8383 1410/2/8384 1411/3/8385
f 1402/1/8386 1411/2/8387 1403/3/8388
f 1403/1/8389 1411/2/8390 1412/3/8391
f 1403/1/8392 1412/2/8393 1404/3/8394
f 1404/1/8395 1412/2/8396 1405/3/8397
f 1404/1/8398 1405/2/8399 1397/3/8400
f 1405/1/8401 1413/2/8402 1414/3/8403
f 1405/1/8404 1414/2/8405 1406/3/8406
f 1406/1/8407 1414/2/8408 1415/3/8409
f 1406/1/8410 1415/2/8411 1407/3/8412
f 1407/1/8413 1415/2/8414 1416/3/8415
f 1407/1/8416 1416/2/8417 1408/3/8418
f 1408/1/8419 1416/2/8420 1417/3/8421
f 1408/1/8422 1417/2/8423 1409/3/8424
f 1409/1/8425 1417/2/8426 1418/3/8427
f 1409/1/8428 1418/2/8429 1410/3/8430
f 1410/1/8431 1418/2/8432 1419/3/8433
f 1410/1/8434 1419/2/8435 1411/3/8436
f 1411/1/8437 1419/2/8438 1420/3/8439
f 1411/1/8440 1420/2/8441 1412/3/8442
f 1412/1/8443 1420/2/8444 1413/3/8445
f 1412/1/8446 1413/2/8447 1405/3/8448
f 1413/1/8449 1421/2/8450 1422/3/8451
f 1413/1/8452 1422/2/8453 1414/3/8454
f 1414/1/8455 1422/2/8456 1423/3/8457
f 1414/1/8458 1423/2/8459 1415/3/8460
f 1415/1/8461 1423/2/8462 1424/3/8463
f 1415/1/8464 1424/2/8465 1416/3/8466
f 1416/1/8467 1424/2/8468 1425/3/8469
f 1416/1/8470 1425/2/8471 1417/3/8472
f 1417/1/8473 1425/2/8474 1426/3/8475
f 1417/1/8476 1426/2/8477 1418/3/8478
f 1418/1/8479 1426/2/8480 1427/3/8481
f 1418/1/8482 1427/2/8483 1419/3/8484
f 1419/1/8485 1427/2/8486 1428/3/8487
f 1419/1/8488 1428/2/8489 1420/3/8490
f 1420/1/8491 1428/2/8492 1421/3/8493
f 1420/1/8494 1421/2/8495 1413/3/8496
f 1421/1/8497 1429/2/8498 1430/3/8499
f 1421/1/8500 1430/2/8501 1422/3/8502
f 1422/1/8503 1430/2/8504 1431/3/8505
f 1422/1/8506 1431/2/8507 1423/3/8508
f 1423/1/8509 1431/2/8510 1432/3/8511
f 1423/1/8512 1432/2/8513 1424/3/8514
f 1424/1/8515 1432/2/8516 1433/3/8517
f 1424/1/8518 1433/2/8519 1425/3/8520
f 1425/1/8521 1433/2/8522 1434/3/8523
f 1425/1/8524 1434/2/8525 1426/3/8526
f 1426/1/8527 1434/2/8528 1435/3/8529
f 1426/1/8530 1435/2/8531 1427/3/8532
f 1427/1/8533 1435/2/8534 1436/3/8535
f 1427/1/8536 1436/2/8537 1428/3/8538
f 1428/1/8539 1436/2/8540 1429/3/8541
f 1428/1/8542 1429/2/8543 1421/3/8544
f 1429/1/8545 1437/2/8546 1438/3/8547
f 1429/1/8548 1438/2/8549 1430/3/8550
f 1430/1/8551 1438/2/8552 1439/3/8553
f 1430/1/8554 1439/2/8555 1431/3/8556
f 1431/1/8557 1439/2/8558 1440/3/8559
f 1431/1/8560 1440/2/8561 1432/3/8562
f 1432/1/8563 1440/2/8564 1441/3/8565
f 1432/1/8566 1441/2/8567 1433/3/8568
f 1433/1/8569 1441/2/8570 1442/3/8571
f 1433/1/8572 1442/2/8573 1434/3/8574
f 1434/1/8575 1442/2/8576 1443/3/8577
f 1434/1/8578 1443/2/8579 1435/3/8580
f 1435/1/8581 1443/2/8582 1444/3/8583
f 1435/1/8584 1444/2/8585 1436/3/8586
f 1436/1/8587 1444/2/8588 1437/3/8589
f 1436/1/8590 1437/2/8591 1429/3/8592
f 1437/1/8593 1445/2/8594 1446/3/8595
f 1437/1/8596 1446/2/8597 1438/3/8598
f 1438/1/8599 1446/2/8600 1447/3/8601
f 1438/1/8602 1447/2/8603 1439/3/8604
f 1439/1/8605 1447/2/8606 1448/3/8607
f 1439/1/8608 1448/2/8609 1440/3/8610
f 1440/1/8611 1448/2/8612 1449/3/8613
f 1440/1/8614 1449/2/8615 1441/3/8616
f 1441/1/8617 1449/2/8618 1450/3/8619
f 1441/1/8620 1450/2/8621 1442/3/8622
f 1442/1/8623 1450/2/8624 1451/3/8625
f 1442/1/8626 1451/2/8627 1443/3/8628
f 1443/1/8629 1451/2/8630 1452/3/8631
f 1443/1/8632 1452/2/8633 1444/3/8634
f 1444/1/8635 1452/2/8636 1445/3/8637
f 1444/1/8638 1445/2/8639 1437/3/8640
f 1445/1/8641 1453/2/8642 1454/3/8643
f 1445/1/8644 1454/2/8645 1446/3/8646
f 1446/1/8647 1454/2/8648 1455/3/8649
f 1446/1/8650 1455/2/8651 1447/3/8652
f 1447/1/8653 1455/2/8654 1456/3/8655
f 1447/1/8656 1456/2/8657 1448/3/8658
f 1448/1/8659 1456/2/8660 1457/3/8661
f 1448/1/8662 1457/2/8663 1449/3/8664
f 1449/1/8665 1457/2/8666 1458/3/8667
f 1449/1/8668 1458/2/8669 1450/3/8670
f 1450/1/8671 1458/2/8672 1459/3/8673
f 1450/1/8674 1459/2/8675 1451/3/8676
f 1451/1/8677 1459/2/8678 1460/3/8679
f 1451/1/8680 1460/2/8681 1452/3/8682
f 1452/1/8683 1460/2/8684 1453/3/8685
f 1452/1/8686 1453/2/8687 1445/3/8688
f 1453/1/8689 1461/2/8690 1462/3/8691
f 1453/1/8692 1462/2/8693 1454/3/8694
f 1454/1/8695 1462/2/8696 1463/3/8697
f 1454/1/8698 1463/2/8699 1455/3/8700
f 1455/1/8701 1463/2/8702 1464/3/8703
f 1455/1/8704 1464/2/8705 1456/3/8706
f 1456/1/8707 1464/2/8708 1465/3/8709
f 1456/1/8710 1465/2/8711 1457/3/8712
f 1457/1/8713 1465/2/8714 1466/3/8715
f 1457/1/8716 1466/2/8717 1458/3/8718
f 1458/1/8719 1466/2/8720 1467/3/8721
f 1458/1/8722 1467/2/8723 1459/3/8724
f 1459/1/8725 1467/2/8726 1468/3/8727
f 1459/1/8728 1468/2/8729 1460/3/8730
f 1460/1/8731 1468/2/8732 1461/3/8733
f 1460/1/8734 1461/2/8735 1453/3/8736
f 1461/1/8737 1469/2/8738 1470/3/8739
f 1461/1/8740 1470/2/8741 1462/3/8742
f 1462/1/8743 1470/2/8744 1471/3/8745
f 1462/1/8746 1471/2/8747 1463/3/8748
f 1463/1/8749 1471/2/8750 1472/3/8751
f 1463/1/8752 1472/2/8753 1464/3/8754
f 1464/1/8755 1472/2/8756 1473/3/8757
f 1464/1/8758 1473/2/8759 1465/3/8760
f 1465/1/8761 1473/2/8762 1474/3/8763
f 1465/1/8764 1474/2/8765 1466/3/8766
f 1466/1/8767 1474/2/8768 1475/3/8769
f 1466/1/8770 1475/2/8771 1467/3/8772
f 1467/1/8773 1475/2/8774 1476/3/8775
f 1467/1/8776 1476/2/8777 1468/3/8778
f 1468/1/8779 1476/2/8780 1469/3/8781
f 1468/1/8782 1469/2/8783 1461/3/8784
f 1469/1/8785 1477/2/8786 1478/3/8787
f 1469/1/8788 1478/2/8789 1470/3/8790
f 1470/1/8791 1478/2/8792 1479/3/8793
f 1470/1/8794 1479/2/8795 1471/3/8796
f 1471/1/8797 1479/2/8798 1480/3/8799
f 1471/1/8800 1480/2/8801 1472/3/8802
f 1472/1/8803 1480/2/8804 1481/3/8805
f 1472/1/8806 1481/2/8807 1473/3/8808
f 1473/1/8809 1481/2/8810 1482/3/8811
f 1473/1/8812 1482/2/8813 1474/3/8814
f 1474/1/8815 1482/2/8816 1483/3/8817
f 1474/1/8818 1483/2/8819 1475/3/8820
f 1475/1/8821 1483/2/8822 1484/3/8823
f 1475/1/8824 1484/2/8825 1476/3/8826
f 1476/1/8827 1484/2/8828 1477/3/8829
f 1476/1/8830 1477/2/8831 1469/3/8832
f 1477/1/8833 1485/2/8834 1486/3/8835
f 1477/1/8836 1486/2/8837 1478/3/8838
f 1478/1/8839 1486/2/8840 1487/3/8841
f 1478/1/8842 1487/2/8843 1479/3/8844
f 1479/1/8845 1487/2/8846 1488/3/8847
f 1479/1/8848 1488/2/8849 1480/3/8850
f 1480/1/8851 1488/2/8852 1489/3/8853
f 1480/1/8854 1489/2/8855 1481/3/8856
f 1481/1/8857 1489/2/8858 1490/3/8859
f 1481/1/8860 1490/2/8861 1482/3/8862
f 1482/1/8863 1490/2/8864 1491/3/8865
f 1482/1/8866 1491/2/8867 1483/3/8868
f 1483/1/8869 1491/2/8870 1492/3/8871
f 1483/1/8872 1492/2/8873 1484/3/8874
f 1484/1/8875 1492/2/8876 1485/3/8877
f 1484/1/8878 1485/2/8879 1477/3/8880
f 1485/1/8881 1493/2/8882 1494/3/8883
f 1485/1/8884 1494/2/8885 1486/3/8886
f 1486/1/8887 1494/2/8888 1495/3/8889
f 1486/1/8890 1495/2/8891 1487/3/8892
f 1487/1/8893 1495/2/8894 1496/3/8895
f 1487/1/8896 1496/2/8897 1488/3/8898
f 1488/1/8899 1496/2/8900 1497/3/8901
f 1488/1/8902 1497/2/8903 1489/3/8904
f 1489/1/8905 1497/2/8906 1498/3/8907
f 1489/1/8908 1498/2/8909 1490/3/8910
f 1490/1/8911 1498/2/8912 1499/3/8913
f 1490/1/8914 1499/2/8915 1491/3/8916
f 1491/1/8917 1499/2/8918 1500/3/8919
f 1491/1/8920 1500/2/8921 1492/3/8922
f 1492/1/8923 1500/2/8924 1493/3/8925
f 1492/1/8926 1493/2/8927 1485/3/8928
f 1493/1/8929 1501/2/8930 1502/3/8931
f 1493/1/8932 1502/2/8933 1494/3/8934
f 1494/1/8935 1502/2/8936 1503/3/8937
f 1494/1/8938 1503/2/8939 1495/3/8940
f 1495/1/8941 1503/2/8942 1504/3/8943
f 1495/1/8944 1504/2/8945 1496/3/8946
f 1496/1/8947 1504/2/8948 1505/3/8949
f 1496/1/8950 1505/2/8951 1497/3/8952
f 1497/1/8953 1505/2/8954 1506/3/8955
f 1497/1/8956 1506/2/8957 1498/3/8958
f 1498/1/8959 1506/2/8960 1507/3/8961
f 1498/1/8962 1507/2/8963 1499/3/8964
f 1499/1/8965 1507/2/8966 1508/3/8967
f 1499/1/8968 1508/2/8969 1500/3/8970
f 1500/1/8971 1508/2/8972 1501/3/8973
f 1500/1/8974 1501/2/8975 1493/3/8976
f 1501/1/8977 1509/2/8978 1510/3/8979
f 1501/1/8980 1510/2/8981 1502/3/8982
f 1502/1/8983 1510/2/8984 1511/3/8985
f 1502/1/8986 1511/2/8987 1503/3/8988
f 1503/1/8989 1511/2/8990 1512/3/8991
f 1503/1/8992 1512/2/8993 1504/3/8994
f 1504/1/8995 1512/2/8996 1513/3/8997
f 1504/1/8998 1513/2/8999 1505/3/9000
f 1505/1/9001 1513/2/9002 1514/3/9003
f 1505/1/9004 1514/2/9005 1506/3/9006
f 1506/1/9007 1514/2/9008 1515/3/9009
f 1506/1/9010 1515/2/9011 1507/3/9012
f 1507/1/9013 1515/2/9014 1516/3/9015
f 1507/1/9016 1516/2/9017 1508/3/9018
f 1508/1/9019 1516/2/9020 1509/3/9021
f 1508/1/9022 1509/2/9023 1501/3/9024
f 1509/1/9025 1517/2/9026 1518/3/9027
f 1509/1/9028 1518/2/9029 1510/3/9030
f 1510/1/9031 1518/2/9032 1519/3/9033
f 1510/1/9034 1519/2/9035 1511/3/9036
f 1511/1/9037 1519/2/9038 1520/3/9039
f 1511/1/9040 1520/2/9041 1512/3/9042
f 1512/1/9043 1520/2/9044 1521/3/9045
f 1512/1/9046 1521/2/9047 1513/3/9048
f 1513/1/9049 1521/2/9050 1522/3/9051
f 1513/1/9052 1522/2/9053 1514/3/9054
f 1514/1/9055 1522/2/9056 1523/3/9057
f 1514/1/9058 1523/2/9059 1515/3/9060
f 1515/1/9061 1523/2/9062 1524/3/9063
f 1515/1/9064 1524/2/9065 1516/3/9066
f 1516/1/9067 1524/2/9068 1517/3/9069
f 1516/1/9070 1517/2/9071 1509/3/9072
f 1517/1/9073 1525/2/9074 1526/3/9075
f 1517/1/9076 1526/2/9077 1518/3/9078
f 1518/1/9079 1526/2/9080 1527/3/9081
f 1518/1/9082 1527/2/9083 1519/3/9084
f 1519/1/9085 1527/2/9086 1528/3/9087
f 1519/1/9088 1528/2/9089 1520/3/9090
f 1520/1/9091 1528/2/9092 1529/3/9093
f 1520/1/9094 1529/2/9095 1521/3/9096
f 1521/1/9097 1529/2/9098 1530/3/9099
f 1521/1/9100 1530/2/9101 1522/3/9102
f 1522/1/9103 1530/2/9104 1531/3/9105
f 1522/1/9106 1531/2/9107 1523/3/9108
f 1523/1/9109 1531/2/9110 1532/3/9111
f 1523/1/9112 1532/2/9113 1524/3/9114
f 1524/1/9115 1532/2/9116 1525/3/9117
f 1524/1/9118 1525/2/9119 1517/3/9120
f 1525/1/9121 1533/2/9122 1534/3/9123
f 1525/1/9124 1534/2/9125 1526/3/9126
f 1526/1/9127 1534/2/9128 1535/3/9129
f 1526/1/9130 1535/2/9131 1527/3/9132
f 1527/1/9133 1535/2/9134 1536/3/9135
f 1527/1/9136 1536/2/9137 1528/3/9138
f 1528/1/9139 1536/2/9140 1537/3/9141
f 1528/1/9142 1537/2/9143 1529/3/9144
f 1529/1/9145 1537/2/9146 1538/3/9147
f 1529/1/9148 1538/2/9149 1530/3/9150
f 1530/1/9151 1538/2/9152 1539/3/9153
f 1530/1/9154 1539/2/9155 1531/3/9156
f 1531/1/9157 1539/2/9158 1540/3/9159
f 1531/1/9160 1540/2/9161 1532/3/9162
f 1532/1/9163 1540/2/9164 1533/3/9165
f 1532/1/9166 1533/2/9167 1525/3/9168
f 1533/1/9169 1541/2/9170 1542/3/9171
f 1533/1/9172 1542/2/9173 1534/3/9174
f 1534/1/9175 1542/2/9176 1543/3/9177
f 1534/1/9178 1543/2/9179 1535/3/9180
f 1535/1/9181 1543/2/9182 1544/3/9183
f 1535/1/9184 1544/2/9185 1536/3/9186
f 1536/1/9187 1544/2/9188 1545/3/9189
f 1536/1/9190 1545/2/9191 1537/3/9192
f 1537/1/9193 1545/2/9194 1546/3/9195
f 1537/1/9196 1546/2/9197 1538/3/9198
f 1538/1/9199 1546/2/9200 1547/3/9201
f 1538/1/9202 1547/2/9203 1539/3/9204
f 1539/1/9205 1547/2/9206 1548/3/9207
f 1539/1/9208 1548/2/9209 1540/3/9210
f 1540/1/9211 1548/2/9212 1541/3/9213
f 1540/1/9214 1541/2/9215 1533/3/9216
f 1541/1/9217 1549/2/9218 1550/3/9219
f 1541/1/9220 1550/2/9221 1542/3/9222
f 1542/1/9223 1550/2/9224 1551/3/9225
f 1542/1/9226 1551/2/9227 1543/3/9228
f 1543/1/9229 1551/2/9230 1552/3/9231
f 1543/1/9232 1552/2/9233 1544/3/9234
f 1544/1/9235 1552/2/9236 1553/3/9237
f 1544/1/9238 1553/2/9239 1545/3/9240
f 1545/1/9241 1553/2/9242 1554/3/9243
f 1545/1/9244 1554/2/9245 1546/3/9246
f 1546/1/9247 1554/2/9248 1555/3/9249
f 1546/1/9250 1555/2/9251 1547/3/9252
f 1547/1/9253 1555/2/9254 1556/3/9255
f 1547/1/9256 1556/2/9257 1548/3/9258
f 1548/1/9259 1556/2/9260 1549/3/9261
f 1548/1/9262 1549/2/9263 1541/3/9264
f 1549/1/9265 1557/2/9266 1558/3/9267
f 1549/1/9268 1558/2/9269 1550/3/9270
f 1550/1/9271 1558/2/9272 1559/3/9273
f 1550/1/9274 1559/2/9275 1551/3/9276
f 1551/1/9277 1559/2/9278 1560/3/9279
f 1551/1/9280 1560/2/9281 1552/3/9282
f 1552/1/9283 1560/2/9284 1561/3/9285
f 1552/1/9286 1561/2/9287 1553/3/9288
f 1553/1/9289 1561/2/9290 1562/3/9291
f 1553/1/9292 1562/2/9293 1554/3/9294
f 1554/1/9295 1562/2/9296 1563/3/9297
f 1554/1/9298 1563/2/9299 1555/3/9300
f 1555/1/9301 1563/2/9302 1564/3/9303
f 1555/1/9304 1564/2/9305 1556/3/9306
f 1556/1/9307 1564/2/9308 1557/3/9309
f 1556/1/9310 1557/2/9311 1549/3/9312
f 1557/1/9313 1565/2/9314 1566/3/9315
f 1557/1/9316 1566/2/9317 1558/3/9318
f 1558/1/9319 1566/2/9320 1567/3/9321
f 1558/1/9322 1567/2/9323 1559/3/9324
f 1559/1/9325 1567/2/9326 1568/3/9327
f 1559/1/9328 1568/2/9329 1560/3/9330
f 1560/1/9331 1568/2/9332 1569/3/9333
f 1560/1/9334 1569/2/9335 1561/3/9336
f 1561/1/9337 1569/2/9338 1570/3/9339
f 1561/1/9340 1570/2/9341 1562/3/9342
f 1562/1/9343 1570/2/9344 1571/3/9345
f 1562/1/9346 1571/2/9347 1563/3/9348
f 1563/1/9349 1571/2/9350 1572/3/9351
f 1563/1/9352 1572/2/9353 1564/3/9354
f 1564/1/9355 1572/2/9356 1565/3/9357
f 1564/1/9358 1565/2/9359 1557/3/9360
f 1565/1/9361 1573/2/9362 1574/3/9363
f 1565/1/9364 1574/2/9365 1566/3/9366
f 1566/1/9367 1574/2/9368 1575/3/9369
f 1566/1/9370 1575/2/9371 1567/3/9372
f 1567/1/9373 1575/2/9374 1576/3/9375
f 1567/1/9376 1576/2/9377 1568/3/9378
f 1568/1/9379 1576/2/9380 1577/3/9381
f 1568/1/9382 1577/2/9383 1569/3/9384
f 1569/1/9385 1577/2/9386 1578/3/9387
f 1569/1/9388 1578/2/9389 1570/3/9390
f 1570/1/9391 1578/2/9392 1579/3/9393
f 1570/1/9394 1579/2/9395 1571/3/9396
f 1571/1/9397 1579/2/9398 1580/3/9399
f 1571/1/9400 1580/2/9401 1572/3/9402
f 1572/1/9403 1580/2/9404 1573/3/9405
f 1572/1/9406 1573/2/9407 1565/3/9408
f 1573/1/9409 1581/2/9410 1582/3/9411
f 1573/1/9412 1582/2/9413 1574/3/9414
f 1574/1/9415 1582/2/9416 1583/3/9417
f 1574/1/9418 1583/2/9419 1575/3/9420
f 1575/1/9421 1583/2/9422 1584/3/9423
f 1575/1/9424 1584/2/9425 1576/3/9426
f 1576/1/9427 1584/2/9428 1585/3/9429
f 1576/1/9430 1585/2/9431 1577/3/9432
f 1577/1/9433 1585/2/9434 1586/3/9435
f 1577/1/9436 1586/2/9437 1578/3/9438
f 1578/1/9439 1586/2/9440 1587/3/9441
f 1578/1/9442 1587/2/9443 1579/3/9444
f 1579/1/9445 1587/2/9446 1588/3/9447
f 1579/1/9448 1588/2/9449 1580/3/9450
f 1580/1/9451 1588/2/9452 1581/3/9453
f 1580/1/9454 1581/2/9455 1573/3/9456
f 1581/1/9457 1269/2/9458 1270/3/9459
f 1581/1/9460 1270/2/9461 1582/3/9462
f 1582/1/9463 1270/2/9464 1271/3/9465
f 1582/1/9466 1271/2/9467 1583/3/9468
f 1583/1/9469 1271/2/9470 1272/3/9471
f 1583/1/9472 1272/2/9473 1584/3/9474
f 1584/1/9475 1272/2/9476 1273/3/9477
f 1584/1/9478 1273/2/9479 1585/3/9480
f 1585/1/9481 1273/2/9482 1274/3/9483
f 1585/1/9484 1274/2/9485 1586/3/9486
f 1586/1/9487 1274/2/9488 1275/3/9489
f 1586/1/9490 1275/2/9491 1587/3/9492
f 1587/1/9493 1275/2/9494 1276/3/9495
f 1587/1/9496 1276/2/9497 1588/3/9498
f 1588/1/9499 1276/2/9500 1269/3/9501
f 1588/1/9502 1269/2/9503 1581/3/9504
f 1592/1/9505 1591/2/9506 1590/3/9507
f 1592/1/9508 1590/2/9509 1589/3/9510
f 1593/1/9511 1594/2/9512 1595/3/9513
f 1593/1/9514 1595/2/9515 1596/3/9516
f 1589/1/9517 1590/2/9518 1594/3/9519
f 1589/1/9520 1594/2/9521 1593/3/9522
f 1590/1/9523 1591/2/9524 1595/3/9525
f 1590/1/9526 1595/2/9527 1594/3/9528
f 1591/1/9529 1592/2/9530 1596/3/9531
f 1591/1/9532 1596/2/9533 1595/3/9534
f 1592/1/9535 1589/2/9536 1593/3/9537
f 1592/1/9538 1593/2/9539 1596/3/9540
usemtl M_Hull
f 1600/1/9541 1599/2/9542 1598/3/9543
f 1600/1/9544 1598/2/9545 1597/3/9546
f 1601/1/9547 1602/2/9548 1603/3/9549
f 1601/1/9550 1603/2/9551 1604/3/9552
f 1597/1/9553 1598/2/9554 1602/3/9555
f 1597/1/9556 1602/2/9557 1601/3/9558
f 1598/1/9559 1599/2/9560 1603/3/9561
f 1598/1/9562 1603/2/9563 1602/3/9564
f 1599/1/9565 1600/2/9566 1604/3/9567
f 1599/1/9568 1604/2/9569 1603/3/9570
f 1600/1/9571 1597/2/9572 1601/3/9573
f 1600/1/9574 1601/2/9575 1604/3/9576
usemtl M_Gold
f 1608/1/9577 1607/2/9578 1606/3/9579
f 1608/1/9580 1606/2/9581 1605/3/9582
f 1609/1/9583 1610/2/9584 1611/3/9585
f 1609/1/9586 1611/2/9587 1612/3/9588
f 1605/1/9589 1606/2/9590 1610/3/9591
f 1605/1/9592 1610/2/9593 1609/3/9594
f 1606/1/9595 1607/2/9596 1611/3/9597
f 1606/1/9598 1611/2/9599 1610/3/9600
f 1607/1/9601 1608/2/9602 1612/3/9603
f 1607/1/9604 1612/2/9605 1611/3/9606
f 1608/1/9607 1605/2/9608 1609/3/9609
f 1608/1/9610 1609/2/9611 1612/3/9612
usemtl M_Hull
f 1613/1/9613 1614/2/9614 1638/3/9615
f 1613/1/9616 1638/2/9617 1637/3/9618
f 1614/1/9619 1615/2/9620 1639/3/9621
f 1614/1/9622 1639/2/9623 1638/3/9624
f 1615/1/9625 1616/2/9626 1640/3/9627
f 1615/1/9628 1640/2/9629 1639/3/9630
f 1616/1/9631 1617/2/9632 1641/3/9633
f 1616/1/9634 1641/2/9635 1640/3/9636
f 1617/1/9637 1618/2/9638 1642/3/9639
f 1617/1/9640 1642/2/9641 1641/3/9642
f 1618/1/9643 1619/2/9644 1643/3/9645
f 1618/1/9646 1643/2/9647 1642/3/9648
f 1619/1/9649 1620/2/9650 1644/3/9651
f 1619/1/9652 1644/2/9653 1643/3/9654
f 1620/1/9655 1621/2/9656 1645/3/9657
f 1620/1/9658 1645/2/9659 1644/3/9660
f 1621/1/9661 1622/2/9662 1646/3/9663
f 1621/1/9664 1646/2/9665 1645/3/9666
f 1622/1/9667 1623/2/9668 1647/3/9669
f 1622/1/9670 1647/2/9671 1646/3/9672
f 1623/1/9673 1624/2/9674 1648/3/9675
f 1623/1/9676 1648/2/9677 1647/3/9678
f 1624/1/9679 1625/2/9680 1649/3/9681
f 1624/1/9682 1649/2/9683 1648/3/9684
f 1625/1/9685 1626/2/9686 1650/3/9687
f 1625/1/9688 1650/2/9689 1649/3/9690
f 1626/1/9691 1627/2/9692 1651/3/9693
f 1626/1/9694 1651/2/9695 1650/3/9696
f 1627/1/9697 1628/2/9698 1652/3/9699
f 1627/1/9700 1652/2/9701 1651/3/9702
f 1628/1/9703 1629/2/9704 1653/3/9705
f 1628/1/9706 1653/2/9707 1652/3/9708
f 1629/1/9709 1630/2/9710 1654/3/9711
f 1629/1/9712 1654/2/9713 1653/3/9714
f 1630/1/9715 1631/2/9716 1655/3/9717
f 1630/1/9718 1655/2/9719 1654/3/9720
f 1631/1/9721 1632/2/9722 1656/3/9723
f 1631/1/9724 1656/2/9725 1655/3/9726
f 1632/1/9727 1633/2/9728 1657/3/9729
f 1632/1/9730 1657/2/9731 1656/3/9732
f 1633/1/9733 1634/2/9734 1658/3/9735
f 1633/1/9736 1658/2/9737 1657/3/9738
f 1634/1/9739 1635/2/9740 1659/3/9741
f 1634/1/9742 1659/2/9743 1658/3/9744
f 1635/1/9745 1636/2/9746 1660/3/9747
f 1635/1/9748 1660/2/9749 1659/3/9750
f 1636/1/9751 1613/2/9752 1637/3/9753
f 1636/1/9754 1637/2/9755 1660/3/9756
f 1637/1/9757 1638/2/9758 1662/3/9759
f 1637/1/9760 1662/2/9761 1661/3/9762
f 1638/1/9763 1639/2/9764 1663/3/9765
f 1638/1/9766 1663/2/9767 1662/3/9768
f 1639/1/9769 1640/2/9770 1664/3/9771
f 1639/1/9772 1664/2/9773 1663/3/9774
f 1640/1/9775 1641/2/9776 1665/3/9777
f 1640/1/9778 1665/2/9779 1664/3/9780
f 1641/1/9781 1642/2/9782 1666/3/9783
f 1641/1/9784 1666/2/9785 1665/3/9786
f 1642/1/9787 1643/2/9788 1667/3/9789
f 1642/1/9790 1667/2/9791 1666/3/9792
f 1643/1/9793 1644/2/9794 1668/3/9795
f 1643/1/9796 1668/2/9797 1667/3/9798
f 1644/1/9799 1645/2/9800 1669/3/9801
f 1644/1/9802 1669/2/9803 1668/3/9804
f 1645/1/9805 1646/2/9806 1670/3/9807
f 1645/1/9808 1670/2/9809 1669/3/9810
f 1646/1/9811 1647/2/9812 1671/3/9813
f 1646/1/9814 1671/2/9815 1670/3/9816
f 1647/1/9817 1648/2/9818 1672/3/9819
f 1647/1/9820 1672/2/9821 1671/3/9822
f 1648/1/9823 1649/2/9824 1673/3/9825
f 1648/1/9826 1673/2/9827 1672/3/9828
f 1649/1/9829 1650/2/9830 1674/3/9831
f 1649/1/9832 1674/2/9833 1673/3/9834
f 1650/1/9835 1651/2/9836 1675/3/9837
f 1650/1/9838 1675/2/9839 1674/3/9840
f 1651/1/9841 1652/2/9842 1676/3/9843
f 1651/1/9844 1676/2/9845 1675/3/9846
f 1652/1/9847 1653/2/9848 1677/3/9849
f 1652/1/9850 1677/2/9851 1676/3/9852
f 1653/1/9853 1654/2/9854 1678/3/9855
f 1653/1/9856 1678/2/9857 1677/3/9858
f 1654/1/9859 1655/2/9860 1679/3/9861
f 1654/1/9862 1679/2/9863 1678/3/9864
f 1655/1/9865 1656/2/9866 1680/3/9867
f 1655/1/9868 1680/2/9869 1679/3/9870
f 1656/1/9871 1657/2/9872 1681/3/9873
f 1656/1/9874 1681/2/9875 1680/3/9876
f 1657/1/9877 1658/2/9878 1682/3/9879
f 1657/1/9880 1682/2/9881 1681/3/9882
f 1658/1/9883 1659/2/9884 1683/3/9885
f 1658/1/9886 1683/2/9887 1682/3/9888
f 1659/1/9889 1660/2/9890 1684/3/9891
f 1659/1/9892 1684/2/9893 1683/3/9894
f 1660/1/9895 1637/2/9896 1661/3/9897
f 1660/1/9898 1661/2/9899 1684/3/9900
f 1661/1/9901 1662/2/9902 1686/3/9903
f 1661/1/9904 1686/2/9905 1685/3/9906
f 1662/1/9907 1663/2/9908 1687/3/9909
f 1662/1/9910 1687/2/9911 1686/3/9912
f 1663/1/9913 1664/2/9914 1688/3/9915
f 1663/1/9916 1688/2/9917 1687/3/9918
f 1664/1/9919 1665/2/9920 1689/3/9921
f 1664/1/9922 1689/2/9923 1688/3/9924
f 1665/1/9925 1666/2/9926 1690/3/9927
f 1665/1/9928 1690/2/9929 1689/3/9930
f 1666/1/9931 1667/2/9932 1691/3/9933
f 1666/1/9934 1691/2/9935 1690/3/9936
f 1667/1/9937 1668/2/9938 1692/3/9939
f 1667/1/9940 1692/2/9941 1691/3/9942
f 1668/1/9943 1669/2/9944 1693/3/9945
f 1668/1/9946 1693/2/9947 1692/3/9948
f 1669/1/9949 1670/2/9950 1694/3/9951
f 1669/1/9952 1694/2/9953 1693/3/9954
f 1670/1/9955 1671/2/9956 1695/3/9957
f 1670/1/9958 1695/2/9959 1694/3/9960
f 1671/1/9961 1672/2/9962 1696/3/9963
f 1671/1/9964 1696/2/9965 1695/3/9966
f 1672/1/9967 1673/2/9968 1697/3/9969
f 1672/1/9970 1697/2/9971 1696/3/9972
f 1673/1/9973 1674/2/9974 1698/3/9975
f 1673/1/9976 1698/2/9977 1697/3/9978
f 1674/1/9979 1675/2/9980 1699/3/9981
f 1674/1/9982 1699/2/9983 1698/3/9984
f 1675/1/9985 1676/2/9986 1700/3/9987
f 1675/1/9988 1700/2/9989 1699/3/9990
f 1676/1/9991 1677/2/9992 1701/3/9993
f 1676/1/9994 1701/2/9995 1700/3/9996
f 1677/1/9997 1678/2/9998 1702/3/9999
f 1677/1/10000 1702/2/10001 1701/3/10002
f 1678/1/10003 1679/2/10004 1703/3/10005
f 1678/1/10006 1703/2/10007 1702/3/10008
f 1679/1/10009 1680/2/10010 1704/3/10011
f 1679/1/10012 1704/2/10013 1703/3/10014
f 1680/1/10015 1681/2/10016 1705/3/10017
f 1680/1/10018 1705/2/10019 1704/3/10020
f 1681/1/10021 1682/2/10022 1706/3/10023
f 1681/1/10024 1706/2/10025 1705/3/10026
f 1682/1/10027 1683/2/10028 1707/3/10029
f 1682/1/10030 1707/2/10031 1706/3/10032
f 1683/1/10033 1684/2/10034 1708/3/10035
f 1683/1/10036 1708/2/10037 1707/3/10038
f 1684/1/10039 1661/2/10040 1685/3/10041
f 1684/1/10042 1685/2/10043 1708/3/10044
f 1614/1/10045 1613/2/10046 1709/3/10047
f 1615/1/10048 1614/2/10049 1709/3/10050
f 1616/1/10051 1615/2/10052 1709/3/10053
f 1617/1/10054 1616/2/10055 1709/3/10056
f 1618/1/10057 1617/2/10058 1709/3/10059
f 1619/1/10060 1618/2/10061 1709/3/10062
f 1620/1/10063 1619/2/10064 1709/3/10065
f 1621/1/10066 1620/2/10067 1709/3/10068
f 1622/1/10069 1621/2/10070 1709/3/10071
f 1623/1/10072 1622/2/10073 1709/3/10074
f 1624/1/10075 1623/2/10076 1709/3/10077
f 1625/1/10078 1624/2/10079 1709/3/10080
f 1626/1/10081 1625/2/10082 1709/3/10083
f 1627/1/10084 1626/2/10085 1709/3/10086
f 1628/1/10087 1627/2/10088 1709/3/10089
f 1629/1/10090 1628/2/10091 1709/3/10092
f 1630/1/10093 1629/2/10094 1709/3/10095
f 1631/1/10096 1630/2/10097 1709/3/10098
f 1632/1/10099 1631/2/10100 1709/3/10101
f 1633/1/10102 1632/2/10103 1709/3/10104
f 1634/1/10105 1633/2/10106 1709/3/10107
f 1635/1/10108 1634/2/10109 1709/3/10110
f 1636/1/10111 1635/2/10112 1709/3/10113
f 1613/1/10114 1636/2/10115 1709/3/10116
f 1710/1/10117 1685/2/10118 1686/3/10119
f 1710/1/10120 1686/2/10121 1687/3/10122
f 1710/1/10123 1687/2/10124 1688/3/10125
f 1710/1/10126 1688/2/10127 1689/3/10128
f 1710/1/10129 1689/2/10130 1690/3/10131
f 1710/1/10132 1690/2/10133 1691/3/10134
f 1710/1/10135 1691/2/10136 1692/3/10137
f 1710/1/10138 1692/2/10139 1693/3/10140
f 1710/1/10141 1693/2/10142 1694/3/10143
f 1710/1/10144 1694/2/10145 1695/3/10146
f 1710/1/10147 1695/2/10148 1696/3/10149
f 1710/1/10150 1696/2/10151 1697/3/10152
f 1710/1/10153 1697/2/10154 1698/3/10155
f 1710/1/10156 1698/2/10157 1699/3/10158
f 1710/1/10159 1699/2/10160 1700/3/10161
f 1710/1/10162 1700/2/10163 1701/3/10164
f 1710/1/10165 1701/2/10166 1702/3/10167
f 1710/1/10168 1702/2/10169 1703/3/10170
f 1710/1/10171 1703/2/10172 1704/3/10173
f 1710/1/10174 1704/2/10175 1705/3/10176
f 1710/1/10177 1705/2/10178 1706/3/10179
f 1710/1/10180 1706/2/10181 1707/3/10182
f 1710/1/10183 1707/2/10184 1708/3/10185
f 1710/1/10186 1708/2/10187 1685/3/10188
usemtl M_Cyan
f 1711/1/10189 1712/2/10190 1736/3/10191
f 1711/1/10192 1736/2/10193 1735/3/10194
f 1712/1/10195 1713/2/10196 1737/3/10197
f 1712/1/10198 1737/2/10199 1736/3/10200
f 1713/1/10201 1714/2/10202 1738/3/10203
f 1713/1/10204 1738/2/10205 1737/3/10206
f 1714/1/10207 1715/2/10208 1739/3/10209
f 1714/1/10210 1739/2/10211 1738/3/10212
f 1715/1/10213 1716/2/10214 1740/3/10215
f 1715/1/10216 1740/2/10217 1739/3/10218
f 1716/1/10219 1717/2/10220 1741/3/10221
f 1716/1/10222 1741/2/10223 1740/3/10224
f 1717/1/10225 1718/2/10226 1742/3/10227
f 1717/1/10228 1742/2/10229 1741/3/10230
f 1718/1/10231 1719/2/10232 1743/3/10233
f 1718/1/10234 1743/2/10235 1742/3/10236
f 1719/1/10237 1720/2/10238 1744/3/10239
f 1719/1/10240 1744/2/10241 1743/3/10242
f 1720/1/10243 1721/2/10244 1745/3/10245
f 1720/1/10246 1745/2/10247 1744/3/10248
f 1721/1/10249 1722/2/10250 1746/3/10251
f 1721/1/10252 1746/2/10253 1745/3/10254
f 1722/1/10255 1723/2/10256 1747/3/10257
f 1722/1/10258 1747/2/10259 1746/3/10260
f 1723/1/10261 1724/2/10262 1748/3/10263
f 1723/1/10264 1748/2/10265 1747/3/10266
f 1724/1/10267 1725/2/10268 1749/3/10269
f 1724/1/10270 1749/2/10271 1748/3/10272
f 1725/1/10273 1726/2/10274 1750/3/10275
f 1725/1/10276 1750/2/10277 1749/3/10278
f 1726/1/10279 1727/2/10280 1751/3/10281
f 1726/1/10282 1751/2/10283 1750/3/10284
f 1727/1/10285 1728/2/10286 1752/3/10287
f 1727/1/10288 1752/2/10289 1751/3/10290
f 1728/1/10291 1729/2/10292 1753/3/10293
f 1728/1/10294 1753/2/10295 1752/3/10296
f 1729/1/10297 1730/2/10298 1754/3/10299
f 1729/1/10300 1754/2/10301 1753/3/10302
f 1730/1/10303 1731/2/10304 1755/3/10305
f 1730/1/10306 1755/2/10307 1754/3/10308
f 1731/1/10309 1732/2/10310 1756/3/10311
f 1731/1/10312 1756/2/10313 1755/3/10314
f 1732/1/10315 1733/2/10316 1757/3/10317
f 1732/1/10318 1757/2/10319 1756/3/10320
f 1733/1/10321 1734/2/10322 1758/3/10323
f 1733/1/10324 1758/2/10325 1757/3/10326
f 1734/1/10327 1711/2/10328 1735/3/10329
f 1734/1/10330 1735/2/10331 1758/3/10332
f 1712/1/10333 1711/2/10334 1759/3/10335
f 1713/1/10336 1712/2/10337 1759/3/10338
f 1714/1/10339 1713/2/10340 1759/3/10341
f 1715/1/10342 1714/2/10343 1759/3/10344
f 1716/1/10345 1715/2/10346 1759/3/10347
f 1717/1/10348 1716/2/10349 1759/3/10350
f 1718/1/10351 1717/2/10352 1759/3/10353
f 1719/1/10354 1718/2/10355 1759/3/10356
f 1720/1/10357 1719/2/10358 1759/3/10359
f 1721/1/10360 1720/2/10361 1759/3/10362
f 1722/1/10363 1721/2/10364 1759/3/10365
f 1723/1/10366 1722/2/10367 1759/3/10368
f 1724/1/10369 1723/2/10370 1759/3/10371
f 1725/1/10372 1724/2/10373 1759/3/10374
f 1726/1/10375 1725/2/10376 1759/3/10377
f 1727/1/10378 1726/2/10379 1759/3/10380
f 1728/1/10381 1727/2/10382 1759/3/10383
f 1729/1/10384 1728/2/10385 1759/3/10386
f 1730/1/10387 1729/2/10388 1759/3/10389
f 1731/1/10390 1730/2/10391 1759/3/10392
f 1732/1/10393 1731/2/10394 1759/3/10395
f 1733/1/10396 1732/2/10397 1759/3/10398
f 1734/1/10399 1733/2/10400 1759/3/10401
f 1711/1/10402 1734/2/10403 1759/3/10404
f 1760/1/10405 1735/2/10406 1736/3/10407
f 1760/1/10408 1736/2/10409 1737/3/10410
f 1760/1/10411 1737/2/10412 1738/3/10413
f 1760/1/10414 1738/2/10415 1739/3/10416
f 1760/1/10417 1739/2/10418 1740/3/10419
f 1760/1/10420 1740/2/10421 1741/3/10422
f 1760/1/10423 1741/2/10424 1742/3/10425
f 1760/1/10426 1742/2/10427 1743/3/10428
f 1760/1/10429 1743/2/10430 1744/3/10431
f 1760/1/10432 1744/2/10433 1745/3/10434
f 1760/1/10435 1745/2/10436 1746/3/10437
f 1760/1/10438 1746/2/10439 1747/3/10440
f 1760/1/10441 1747/2/10442 1748/3/10443
f 1760/1/10444 1748/2/10445 1749/3/10446
f 1760/1/10447 1749/2/10448 1750/3/10449
f 1760/1/10450 1750/2/10451 1751/3/10452
f 1760/1/10453 1751/2/10454 1752/3/10455
f 1760/1/10456 1752/2/10457 1753/3/10458
f 1760/1/10459 1753/2/10460 1754/3/10461
f 1760/1/10462 1754/2/10463 1755/3/10464
f 1760/1/10465 1755/2/10466 1756/3/10467
f 1760/1/10468 1756/2/10469 1757/3/10470
f 1760/1/10471 1757/2/10472 1758/3/10473
f 1760/1/10474 1758/2/10475 1735/3/10476
f 1764/1/10477 1763/2/10478 1762/3/10479
f 1764/1/10480 1762/2/10481 1761/3/10482
f 1765/1/10483 1766/2/10484 1767/3/10485
f 1765/1/10486 1767/2/10487 1768/3/10488
f 1761/1/10489 1762/2/10490 1766/3/10491
f 1761/1/10492 1766/2/10493 1765/3/10494
f 1762/1/10495 1763/2/10496 1767/3/10497
f 1762/1/10498 1767/2/10499 1766/3/10500
f 1763/1/10501 1764/2/10502 1768/3/10503
f 1763/1/10504 1768/2/10505 1767/3/10506
f 1764/1/10507 1761/2/10508 1765/3/10509
f 1764/1/10510 1765/2/10511 1768/3/10512
usemtl M_Gold
f 1772/1/10513 1771/2/10514 1770/3/10515
f 1772/1/10516 1770/2/10517 1769/3/10518
f 1773/1/10519 1774/2/10520 1775/3/10521
f 1773/1/10522 1775/2/10523 1776/3/10524
f 1769/1/10525 1770/2/10526 1774/3/10527
f 1769/1/10528 1774/2/10529 1773/3/10530
f 1770/1/10531 1771/2/10532 1775/3/10533
f 1770/1/10534 1775/2/10535 1774/3/10536
f 1771/1/10537 1772/2/10538 1776/3/10539
f 1771/1/10540 1776/2/10541 1775/3/10542
f 1772/1/10543 1769/2/10544 1773/3/10545
f 1772/1/10546 1773/2/10547 1776/3/10548
f 1780/1/10549 1779/2/10550 1778/3/10551
f 1780/1/10552 1778/2/10553 1777/3/10554
f 1781/1/10555 1782/2/10556 1783/3/10557
f 1781/1/10558 1783/2/10559 1784/3/10560
f 1777/1/10561 1778/2/10562 1782/3/10563
f 1777/1/10564 1782/2/10565 1781/3/10566
f 1778/1/10567 1779/2/10568 1783/3/10569
f 1778/1/10570 1783/2/10571 1782/3/10572
f 1779/1/10573 1780/2/10574 1784/3/10575
f 1779/1/10576 1784/2/10577 1783/3/10578
f 1780/1/10579 1777/2/10580 1781/3/10581
f 1780/1/10582 1781/2/10583 1784/3/10584
usemtl M_Hull
f 1785/1/10585 1786/2/10586 1810/3/10587
f 1785/1/10588 1810/2/10589 1809/3/10590
f 1786/1/10591 1787/2/10592 1811/3/10593
f 1786/1/10594 1811/2/10595 1810/3/10596
f 1787/1/10597 1788/2/10598 1812/3/10599
f 1787/1/10600 1812/2/10601 1811/3/10602
f 1788/1/10603 1789/2/10604 1813/3/10605
f 1788/1/10606 1813/2/10607 1812/3/10608
f 1789/1/10609 1790/2/10610 1814/3/10611
f 1789/1/10612 1814/2/10613 1813/3/10614
f 1790/1/10615 1791/2/10616 1815/3/10617
f 1790/1/10618 1815/2/10619 1814/3/10620
f 1791/1/10621 1792/2/10622 1816/3/10623
f 1791/1/10624 1816/2/10625 1815/3/10626
f 1792/1/10627 1793/2/10628 1817/3/10629
f 1792/1/10630 1817/2/10631 1816/3/10632
f 1793/1/10633 1794/2/10634 1818/3/10635
f 1793/1/10636 1818/2/10637 1817/3/10638
f 1794/1/10639 1795/2/10640 1819/3/10641
f 1794/1/10642 1819/2/10643 1818/3/10644
f 1795/1/10645 1796/2/10646 1820/3/10647
f 1795/1/10648 1820/2/10649 1819/3/10650
f 1796/1/10651 1797/2/10652 1821/3/10653
f 1796/1/10654 1821/2/10655 1820/3/10656
f 1797/1/10657 1798/2/10658 1822/3/10659
f 1797/1/10660 1822/2/10661 1821/3/10662
f 1798/1/10663 1799/2/10664 1823/3/10665
f 1798/1/10666 1823/2/10667 1822/3/10668
f 1799/1/10669 1800/2/10670 1824/3/10671
f 1799/1/10672 1824/2/10673 1823/3/10674
f 1800/1/10675 1801/2/10676 1825/3/10677
f 1800/1/10678 1825/2/10679 1824/3/10680
f 1801/1/10681 1802/2/10682 1826/3/10683
f 1801/1/10684 1826/2/10685 1825/3/10686
f 1802/1/10687 1803/2/10688 1827/3/10689
f 1802/1/10690 1827/2/10691 1826/3/10692
f 1803/1/10693 1804/2/10694 1828/3/10695
f 1803/1/10696 1828/2/10697 1827/3/10698
f 1804/1/10699 1805/2/10700 1829/3/10701
f 1804/1/10702 1829/2/10703 1828/3/10704
f 1805/1/10705 1806/2/10706 1830/3/10707
f 1805/1/10708 1830/2/10709 1829/3/10710
f 1806/1/10711 1807/2/10712 1831/3/10713
f 1806/1/10714 1831/2/10715 1830/3/10716
f 1807/1/10717 1808/2/10718 1832/3/10719
f 1807/1/10720 1832/2/10721 1831/3/10722
f 1808/1/10723 1785/2/10724 1809/3/10725
f 1808/1/10726 1809/2/10727 1832/3/10728
f 1809/1/10729 1810/2/10730 1834/3/10731
f 1809/1/10732 1834/2/10733 1833/3/10734
f 1810/1/10735 1811/2/10736 1835/3/10737
f 1810/1/10738 1835/2/10739 1834/3/10740
f 1811/1/10741 1812/2/10742 1836/3/10743
f 1811/1/10744 1836/2/10745 1835/3/10746
f 1812/1/10747 1813/2/10748 1837/3/10749
f 1812/1/10750 1837/2/10751 1836/3/10752
f 1813/1/10753 1814/2/10754 1838/3/10755
f 1813/1/10756 1838/2/10757 1837/3/10758
f 1814/1/10759 1815/2/10760 1839/3/10761
f 1814/1/10762 1839/2/10763 1838/3/10764
f 1815/1/10765 1816/2/10766 1840/3/10767
f 1815/1/10768 1840/2/10769 1839/3/10770
f 1816/1/10771 1817/2/10772 1841/3/10773
f 1816/1/10774 1841/2/10775 1840/3/10776
f 1817/1/10777 1818/2/10778 1842/3/10779
f 1817/1/10780 1842/2/10781 1841/3/10782
f 1818/1/10783 1819/2/10784 1843/3/10785
f 1818/1/10786 1843/2/10787 1842/3/10788
f 1819/1/10789 1820/2/10790 1844/3/10791
f 1819/1/10792 1844/2/10793 1843/3/10794
f 1820/1/10795 1821/2/10796 1845/3/10797
f 1820/1/10798 1845/2/10799 1844/3/10800
f 1821/1/10801 1822/2/10802 1846/3/10803
f 1821/1/10804 1846/2/10805 1845/3/10806
f 1822/1/10807 1823/2/10808 1847/3/10809
f 1822/1/10810 1847/2/10811 1846/3/10812
f 1823/1/10813 1824/2/10814 1848/3/10815
f 1823/1/10816 1848/2/10817 1847/3/10818
f 1824/1/10819 1825/2/10820 1849/3/10821
f 1824/1/10822 1849/2/10823 1848/3/10824
f 1825/1/10825 1826/2/10826 1850/3/10827
f 1825/1/10828 1850/2/10829 1849/3/10830
f 1826/1/10831 1827/2/10832 1851/3/10833
f 1826/1/10834 1851/2/10835 1850/3/10836
f 1827/1/10837 1828/2/10838 1852/3/10839
f 1827/1/10840 1852/2/10841 1851/3/10842
f 1828/1/10843 1829/2/10844 1853/3/10845
f 1828/1/10846 1853/2/10847 1852/3/10848
f 1829/1/10849 1830/2/10850 1854/3/10851
f 1829/1/10852 1854/2/10853 1853/3/10854
f 1830/1/10855 1831/2/10856 1855/3/10857
f 1830/1/10858 1855/2/10859 1854/3/10860
f 1831/1/10861 1832/2/10862 1856/3/10863
f 1831/1/10864 1856/2/10865 1855/3/10866
f 1832/1/10867 1809/2/10868 1833/3/10869
f 1832/1/10870 1833/2/10871 1856/3/10872
f 1833/1/10873 1834/2/10874 1858/3/10875
f 1833/1/10876 1858/2/10877 1857/3/10878
f 1834/1/10879 1835/2/10880 1859/3/10881
f 1834/1/10882 1859/2/10883 1858/3/10884
f 1835/1/10885 1836/2/10886 1860/3/10887
f 1835/1/10888 1860/2/10889 1859/3/10890
f 1836/1/10891 1837/2/10892 1861/3/10893
f 1836/1/10894 1861/2/10895 1860/3/10896
f 1837/1/10897 1838/2/10898 1862/3/10899
f 1837/1/10900 1862/2/10901 1861/3/10902
f 1838/1/10903 1839/2/10904 1863/3/10905
f 1838/1/10906 1863/2/10907 1862/3/10908
f 1839/1/10909 1840/2/10910 1864/3/10911
f 1839/1/10912 1864/2/10913 1863/3/10914
f 1840/1/10915 1841/2/10916 1865/3/10917
f 1840/1/10918 1865/2/10919 1864/3/10920
f 1841/1/10921 1842/2/10922 1866/3/10923
f 1841/1/10924 1866/2/10925 1865/3/10926
f 1842/1/10927 1843/2/10928 1867/3/10929
f 1842/1/10930 1867/2/10931 1866/3/10932
f 1843/1/10933 1844/2/10934 1868/3/10935
f 1843/1/10936 1868/2/10937 1867/3/10938
f 1844/1/10939 1845/2/10940 1869/3/10941
f 1844/1/10942 1869/2/10943 1868/3/10944
f 1845/1/10945 1846/2/10946 1870/3/10947
f 1845/1/10948 1870/2/10949 1869/3/10950
f 1846/1/10951 1847/2/10952 1871/3/10953
f 1846/1/10954 1871/2/10955 1870/3/10956
f 1847/1/10957 1848/2/10958 1872/3/10959
f 1847/1/10960 1872/2/10961 1871/3/10962
f 1848/1/10963 1849/2/10964 1873/3/10965
f 1848/1/10966 1873/2/10967 1872/3/10968
f 1849/1/10969 1850/2/10970 1874/3/10971
f 1849/1/10972 1874/2/10973 1873/3/10974
f 1850/1/10975 1851/2/10976 1875/3/10977
f 1850/1/10978 1875/2/10979 1874/3/10980
f 1851/1/10981 1852/2/10982 1876/3/10983
f 1851/1/10984 1876/2/10985 1875/3/10986
f 1852/1/10987 1853/2/10988 1877/3/10989
f 1852/1/10990 1877/2/10991 1876/3/10992
f 1853/1/10993 1854/2/10994 1878/3/10995
f 1853/1/10996 1878/2/10997 1877/3/10998
f 1854/1/10999 1855/2/11000 1879/3/11001
f 1854/1/11002 1879/2/11003 1878/3/11004
f 1855/1/11005 1856/2/11006 1880/3/11007
f 1855/1/11008 1880/2/11009 1879/3/11010
f 1856/1/11011 1833/2/11012 1857/3/11013
f 1856/1/11014 1857/2/11015 1880/3/11016
f 1786/1/11017 1785/2/11018 1881/3/11019
f 1787/1/11020 1786/2/11021 1881/3/11022
f 1788/1/11023 1787/2/11024 1881/3/11025
f 1789/1/11026 1788/2/11027 1881/3/11028
f 1790/1/11029 1789/2/11030 1881/3/11031
f 1791/1/11032 1790/2/11033 1881/3/11034
f 1792/1/11035 1791/2/11036 1881/3/11037
f 1793/1/11038 1792/2/11039 1881/3/11040
f 1794/1/11041 1793/2/11042 1881/3/11043
f 1795/1/11044 1794/2/11045 1881/3/11046
f 1796/1/11047 1795/2/11048 1881/3/11049
f 1797/1/11050 1796/2/11051 1881/3/11052
f 1798/1/11053 1797/2/11054 1881/3/11055
f 1799/1/11056 1798/2/11057 1881/3/11058
f 1800/1/11059 1799/2/11060 1881/3/11061
f 1801/1/11062 1800/2/11063 1881/3/11064
f 1802/1/11065 1801/2/11066 1881/3/11067
f 1803/1/11068 1802/2/11069 1881/3/11070
f 1804/1/11071 1803/2/11072 1881/3/11073
f 1805/1/11074 1804/2/11075 1881/3/11076
f 1806/1/11077 1805/2/11078 1881/3/11079
f 1807/1/11080 1806/2/11081 1881/3/11082
f 1808/1/11083 1807/2/11084 1881/3/11085
f 1785/1/11086 1808/2/11087 1881/3/11088
f 1882/1/11089 1857/2/11090 1858/3/11091
f 1882/1/11092 1858/2/11093 1859/3/11094
f 1882/1/11095 1859/2/11096 1860/3/11097
f 1882/1/11098 1860/2/11099 1861/3/11100
f 1882/1/11101 1861/2/11102 1862/3/11103
f 1882/1/11104 1862/2/11105 1863/3/11106
f 1882/1/11107 1863/2/11108 1864/3/11109
f 1882/1/11110 1864/2/11111 1865/3/11112
f 1882/1/11113 1865/2/11114 1866/3/11115
f 1882/1/11116 1866/2/11117 1867/3/11118
f 1882/1/11119 1867/2/11120 1868/3/11121
f 1882/1/11122 1868/2/11123 1869/3/11124
f 1882/1/11125 1869/2/11126 1870/3/11127
f 1882/1/11128 1870/2/11129 1871/3/11130
f 1882/1/11131 1871/2/11132 1872/3/11133
f 1882/1/11134 1872/2/11135 1873/3/11136
f 1882/1/11137 1873/2/11138 1874/3/11139
f 1882/1/11140 1874/2/11141 1875/3/11142
f 1882/1/11143 1875/2/11144 1876/3/11145
f 1882/1/11146 1876/2/11147 1877/3/11148
f 1882/1/11149 1877/2/11150 1878/3/11151
f 1882/1/11152 1878/2/11153 1879/3/11154
f 1882/1/11155 1879/2/11156 1880/3/11157
f 1882/1/11158 1880/2/11159 1857/3/11160
usemtl M_Cyan
f 1883/1/11161 1884/2/11162 1908/3/11163
f 1883/1/11164 1908/2/11165 1907/3/11166
f 1884/1/11167 1885/2/11168 1909/3/11169
f 1884/1/11170 1909/2/11171 1908/3/11172
f 1885/1/11173 1886/2/11174 1910/3/11175
f 1885/1/11176 1910/2/11177 1909/3/11178
f 1886/1/11179 1887/2/11180 1911/3/11181
f 1886/1/11182 1911/2/11183 1910/3/11184
f 1887/1/11185 1888/2/11186 1912/3/11187
f 1887/1/11188 1912/2/11189 1911/3/11190
f 1888/1/11191 1889/2/11192 1913/3/11193
f 1888/1/11194 1913/2/11195 1912/3/11196
f 1889/1/11197 1890/2/11198 1914/3/11199
f 1889/1/11200 1914/2/11201 1913/3/11202
f 1890/1/11203 1891/2/11204 1915/3/11205
f 1890/1/11206 1915/2/11207 1914/3/11208
f 1891/1/11209 1892/2/11210 1916/3/11211
f 1891/1/11212 1916/2/11213 1915/3/11214
f 1892/1/11215 1893/2/11216 1917/3/11217
f 1892/1/11218 1917/2/11219 1916/3/11220
f 1893/1/11221 1894/2/11222 1918/3/11223
f 1893/1/11224 1918/2/11225 1917/3/11226
f 1894/1/11227 1895/2/11228 1919/3/11229
f 1894/1/11230 1919/2/11231 1918/3/11232
f 1895/1/11233 1896/2/11234 1920/3/11235
f 1895/1/11236 1920/2/11237 1919/3/11238
f 1896/1/11239 1897/2/11240 1921/3/11241
f 1896/1/11242 1921/2/11243 1920/3/11244
f 1897/1/11245 1898/2/11246 1922/3/11247
f 1897/1/11248 1922/2/11249 1921/3/11250
f 1898/1/11251 1899/2/11252 1923/3/11253
f 1898/1/11254 1923/2/11255 1922/3/11256
f 1899/1/11257 1900/2/11258 1924/3/11259
f 1899/1/11260 1924/2/11261 1923/3/11262
f 1900/1/11263 1901/2/11264 1925/3/11265
f 1900/1/11266 1925/2/11267 1924/3/11268
f 1901/1/11269 1902/2/11270 1926/3/11271
f 1901/1/11272 1926/2/11273 1925/3/11274
f 1902/1/11275 1903/2/11276 1927/3/11277
f 1902/1/11278 1927/2/11279 1926/3/11280
f 1903/1/11281 1904/2/11282 1928/3/11283
f 1903/1/11284 1928/2/11285 1927/3/11286
f 1904/1/11287 1905/2/11288 1929/3/11289
f 1904/1/11290 1929/2/11291 1928/3/11292
f 1905/1/11293 1906/2/11294 1930/3/11295
f 1905/1/11296 1930/2/11297 1929/3/11298
f 1906/1/11299 1883/2/11300 1907/3/11301
f 1906/1/11302 1907/2/11303 1930/3/11304
f 1884/1/11305 1883/2/11306 1931/3/11307
f 1885/1/11308 1884/2/11309 1931/3/11310
f 1886/1/11311 1885/2/11312 1931/3/11313
f 1887/1/11314 1886/2/11315 1931/3/11316
f 1888/1/11317 1887/2/11318 1931/3/11319
f 1889/1/11320 1888/2/11321 1931/3/11322
f 1890/1/11323 1889/2/11324 1931/3/11325
f 1891/1/11326 1890/2/11327 1931/3/11328
f 1892/1/11329 1891/2/11330 1931/3/11331
f 1893/1/11332 1892/2/11333 1931/3/11334
f 1894/1/11335 1893/2/11336 1931/3/11337
f 1895/1/11338 1894/2/11339 1931/3/11340
f 1896/1/11341 1895/2/11342 1931/3/11343
f 1897/1/11344 1896/2/11345 1931/3/11346
f 1898/1/11347 1897/2/11348 1931/3/11349
f 1899/1/11350 1898/2/11351 1931/3/11352
f 1900/1/11353 1899/2/11354 1931/3/11355
f 1901/1/11356 1900/2/11357 1931/3/11358
f 1902/1/11359 1901/2/11360 1931/3/11361
f 1903/1/11362 1902/2/11363 1931/3/11364
f 1904/1/11365 1903/2/11366 1931/3/11367
f 1905/1/11368 1904/2/11369 1931/3/11370
f 1906/1/11371 1905/2/11372 1931/3/11373
f 1883/1/11374 1906/2/11375 1931/3/11376
f 1932/1/11377 1907/2/11378 1908/3/11379
f 1932/1/11380 1908/2/11381 1909/3/11382
f 1932/1/11383 1909/2/11384 1910/3/11385
f 1932/1/11386 1910/2/11387 1911/3/11388
f 1932/1/11389 1911/2/11390 1912/3/11391
f 1932/1/11392 1912/2/11393 1913/3/11394
f 1932/1/11395 1913/2/11396 1914/3/11397
f 1932/1/11398 1914/2/11399 1915/3/11400
f 1932/1/11401 1915/2/11402 1916/3/11403
f 1932/1/11404 1916/2/11405 1917/3/11406
f 1932/1/11407 1917/2/11408 1918/3/11409
f 1932/1/11410 1918/2/11411 1919/3/11412
f 1932/1/11413 1919/2/11414 1920/3/11415
f 1932/1/11416 1920/2/11417 1921/3/11418
f 1932/1/11419 1921/2/11420 1922/3/11421
f 1932/1/11422 1922/2/11423 1923/3/11424
f 1932/1/11425 1923/2/11426 1924/3/11427
f 1932/1/11428 1924/2/11429 1925/3/11430
f 1932/1/11431 1925/2/11432 1926/3/11433
f 1932/1/11434 1926/2/11435 1927/3/11436
f 1932/1/11437 1927/2/11438 1928/3/11439
f 1932/1/11440 1928/2/11441 1929/3/11442
f 1932/1/11443 1929/2/11444 1930/3/11445
f 1932/1/11446 1930/2/11447 1907/3/11448
f 1936/1/11449 1935/2/11450 1934/3/11451
f 1936/1/11452 1934/2/11453 1933/3/11454
f 1937/1/11455 1938/2/11456 1939/3/11457
f 1937/1/11458 1939/2/11459 1940/3/11460
f 1933/1/11461 1934/2/11462 1938/3/11463
f 1933/1/11464 1938/2/11465 1937/3/11466
f 1934/1/11467 1935/2/11468 1939/3/11469
f 1934/1/11470 1939/2/11471 1938/3/11472
f 1935/1/11473 1936/2/11474 1940/3/11475
f 1935/1/11476 1940/2/11477 1939/3/11478
f 1936/1/11479 1933/2/11480 1937/3/11481
f 1936/1/11482 1937/2/11483 1940/3/11484
usemtl M_Gold
f 1944/1/11485 1943/2/11486 1942/3/11487
f 1944/1/11488 1942/2/11489 1941/3/11490
f 1945/1/11491 1946/2/11492 1947/3/11493
f 1945/1/11494 1947/2/11495 1948/3/11496
f 1941/1/11497 1942/2/11498 1946/3/11499
f 1941/1/11500 1946/2/11501 1945/3/11502
f 1942/1/11503 1943/2/11504 1947/3/11505
f 1942/1/11506 1947/2/11507 1946/3/11508
f 1943/1/11509 1944/2/11510 1948/3/11511
f 1943/1/11512 1948/2/11513 1947/3/11514
f 1944/1/11515 1941/2/11516 1945/3/11517
f 1944/1/11518 1945/2/11519 1948/3/11520
