# Original SpaceSurvival generated source; centimeters; X forward; Z up
mtllib Palette.mtl
o SM_GravityRing
v 0.000000 100.000000 0.000000
v 2.121320 99.121320 0.000000
v 3.000000 97.000000 0.000000
v 2.121320 94.878680 0.000000
v 0.000000 94.000000 0.000000
v -2.121320 94.878680 0.000000
v -3.000000 97.000000 0.000000
v -2.121320 99.121320 0.000000
v 0.000000 99.144486 13.052619
v 2.121320 98.273324 12.937929
v 3.000000 96.170152 12.661041
v 2.121320 94.066979 12.384153
v 0.000000 93.195817 12.269462
v -2.121320 94.066979 12.384153
v -3.000000 96.170152 12.661041
v -2.121320 98.273324 12.937929
v 0.000000 96.592583 25.881905
v 2.121320 95.743843 25.654485
v 3.000000 93.694805 25.105447
v 2.121320 91.645767 24.556409
v 0.000000 90.797028 24.328990
v -2.121320 91.645767 24.556409
v -3.000000 93.694805 25.105447
v -2.121320 95.743843 25.654485
v 0.000000 92.387953 38.268343
v 2.121320 91.576159 37.932087
v 3.000000 89.616315 37.120293
v 2.121320 87.656470 36.308499
v 0.000000 86.844676 35.972243
v -2.121320 87.656470 36.308499
v -3.000000 89.616315 37.120293
v -2.121320 91.576159 37.932087
v 0.000000 86.602540 50.000000
v 2.121320 85.841581 49.560660
v 3.000000 84.004464 48.500000
v 2.121320 82.167347 47.439340
v 0.000000 81.406388 47.000000
v -2.121320 82.167347 47.439340
v -3.000000 84.004464 48.500000
v -2.121320 85.841581 49.560660
v 0.000000 79.335334 60.876143
v 2.121320 78.638231 60.341237
v 3.000000 76.955274 59.049859
v 2.121320 75.272317 57.758481
v 0.000000 74.575214 57.223574
v -2.121320 75.272317 57.758481
v -3.000000 76.955274 59.049859
v -2.121320 78.638231 60.341237
v 0.000000 70.710678 70.710678
v 2.121320 70.089358 70.089358
v 3.000000 68.589358 68.589358
v 2.121320 67.089358 67.089358
v 0.000000 66.468037 66.468037
v -2.121320 67.089358 67.089358
v -3.000000 68.589358 68.589358
v -2.121320 70.089358 70.089358
v 0.000000 60.876143 79.335334
v 2.121320 60.341237 78.638231
v 3.000000 59.049859 76.955274
v 2.121320 57.758481 75.272317
v 0.000000 57.223574 74.575214
v -2.121320 57.758481 75.272317
v -3.000000 59.049859 76.955274
v -2.121320 60.341237 78.638231
v 0.000000 50.000000 86.602540
v 2.121320 49.560660 85.841581
v 3.000000 48.500000 84.004464
v 2.121320 47.439340 82.167347
v 0.000000 47.000000 81.406388
v -2.121320 47.439340 82.167347
v -3.000000 48.500000 84.004464
v -2.121320 49.560660 85.841581
v 0.000000 38.268343 92.387953
v 2.121320 37.932087 91.576159
v 3.000000 37.120293 89.616315
v 2.121320 36.308499 87.656470
v 0.000000 35.972243 86.844676
v -2.121320 36.308499 87.656470
v -3.000000 37.120293 89.616315
v -2.121320 37.932087 91.576159
v 0.000000 25.881905 96.592583
v 2.121320 25.654485 95.743843
v 3.000000 25.105447 93.694805
v 2.121320 24.556409 91.645767
v 0.000000 24.328990 90.797028
v -2.121320 24.556409 91.645767
v -3.000000 25.105447 93.694805
v -2.121320 25.654485 95.743843
v 0.000000 13.052619 99.144486
v 2.121320 12.937929 98.273324
v 3.000000 12.661041 96.170152
v 2.121320 12.384153 94.066979
v 0.000000 12.269462 93.195817
v -2.121320 12.384153 94.066979
v -3.000000 12.661041 96.170152
v -2.121320 12.937929 98.273324
v 0.000000 0.000000 100.000000
v 2.121320 0.000000 99.121320
v 3.000000 0.000000 97.000000
v 2.121320 0.000000 94.878680
v 0.000000 0.000000 94.000000
v -2.121320 0.000000 94.878680
v -3.000000 0.000000 97.000000
v -2.121320 0.000000 99.121320
v 0.000000 -13.052619 99.144486
v 2.121320 -12.937929 98.273324
v 3.000000 -12.661041 96.170152
v 2.121320 -12.384153 94.066979
v 0.000000 -12.269462 93.195817
v -2.121320 -12.384153 94.066979
v -3.000000 -12.661041 96.170152
v -2.121320 -12.937929 98.273324
v 0.000000 -25.881905 96.592583
v 2.121320 -25.654485 95.743843
v 3.000000 -25.105447 93.694805
v 2.121320 -24.556409 91.645767
v 0.000000 -24.328990 90.797028
v -2.121320 -24.556409 91.645767
v -3.000000 -25.105447 93.694805
v -2.121320 -25.654485 95.743843
v 0.000000 -38.268343 92.387953
v 2.121320 -37.932087 91.576159
v 3.000000 -37.120293 89.616315
v 2.121320 -36.308499 87.656470
v 0.000000 -35.972243 86.844676
v -2.121320 -36.308499 87.656470
v -3.000000 -37.120293 89.616315
v -2.121320 -37.932087 91.576159
v 0.000000 -50.000000 86.602540
v 2.121320 -49.560660 85.841581
v 3.000000 -48.500000 84.004464
v 2.121320 -47.439340 82.167347
v 0.000000 -47.000000 81.406388
v -2.121320 -47.439340 82.167347
v -3.000000 -48.500000 84.004464
v -2.121320 -49.560660 85.841581
v 0.000000 -60.876143 79.335334
v 2.121320 -60.341237 78.638231
v 3.000000 -59.049859 76.955274
v 2.121320 -57.758481 75.272317
v 0.000000 -57.223574 74.575214
v -2.121320 -57.758481 75.272317
v -3.000000 -59.049859 76.955274
v -2.121320 -60.341237 78.638231
v 0.000000 -70.710678 70.710678
v 2.121320 -70.089358 70.089358
v 3.000000 -68.589358 68.589358
v 2.121320 -67.089358 67.089358
v 0.000000 -66.468037 66.468037
v -2.121320 -67.089358 67.089358
v -3.000000 -68.589358 68.589358
v -2.121320 -70.089358 70.089358
v 0.000000 -79.335334 60.876143
v 2.121320 -78.638231 60.341237
v 3.000000 -76.955274 59.049859
v 2.121320 -75.272317 57.758481
v 0.000000 -74.575214 57.223574
v -2.121320 -75.272317 57.758481
v -3.000000 -76.955274 59.049859
v -2.121320 -78.638231 60.341237
v 0.000000 -86.602540 50.000000
v 2.121320 -85.841581 49.560660
v 3.000000 -84.004464 48.500000
v 2.121320 -82.167347 47.439340
v 0.000000 -81.406388 47.000000
v -2.121320 -82.167347 47.439340
v -3.000000 -84.004464 48.500000
v -2.121320 -85.841581 49.560660
v 0.000000 -92.387953 38.268343
v 2.121320 -91.576159 37.932087
v 3.000000 -89.616315 37.120293
v 2.121320 -87.656470 36.308499
v 0.000000 -86.844676 35.972243
v -2.121320 -87.656470 36.308499
v -3.000000 -89.616315 37.120293
v -2.121320 -91.576159 37.932087
v 0.000000 -96.592583 25.881905
v 2.121320 -95.743843 25.654485
v 3.000000 -93.694805 25.105447
v 2.121320 -91.645767 24.556409
v 0.000000 -90.797028 24.328990
v -2.121320 -91.645767 24.556409
v -3.000000 -93.694805 25.105447
v -2.121320 -95.743843 25.654485
v 0.000000 -99.144486 13.052619
v 2.121320 -98.273324 12.937929
v 3.000000 -96.170152 12.661041
v 2.121320 -94.066979 12.384153
v 0.000000 -93.195817 12.269462
v -2.121320 -94.066979 12.384153
v -3.000000 -96.170152 12.661041
v -2.121320 -98.273324 12.937929
v 0.000000 -100.000000 0.000000
v 2.121320 -99.121320 0.000000
v 3.000000 -97.000000 0.000000
v 2.121320 -94.878680 0.000000
v 0.000000 -94.000000 0.000000
v -2.121320 -94.878680 0.000000
v -3.000000 -97.000000 0.000000
v -2.121320 -99.121320 0.000000
v 0.000000 -99.144486 -13.052619
v 2.121320 -98.273324 -12.937929
v 3.000000 -96.170152 -12.661041
v 2.121320 -94.066979 -12.384153
v 0.000000 -93.195817 -12.269462
v -2.121320 -94.066979 -12.384153
v -3.000000 -96.170152 -12.661041
v -2.121320 -98.273324 -12.937929
v 0.000000 -96.592583 -25.881905
v 2.121320 -95.743843 -25.654485
v 3.000000 -93.694805 -25.105447
v 2.121320 -91.645767 -24.556409
v 0.000000 -90.797028 -24.328990
v -2.121320 -91.645767 -24.556409
v -3.000000 -93.694805 -25.105447
v -2.121320 -95.743843 -25.654485
v 0.000000 -92.387953 -38.268343
v 2.121320 -91.576159 -37.932087
v 3.000000 -89.616315 -37.120293
v 2.121320 -87.656470 -36.308499
v 0.000000 -86.844676 -35.972243
v -2.121320 -87.656470 -36.308499
v -3.000000 -89.616315 -37.120293
v -2.121320 -91.576159 -37.932087
v 0.000000 -86.602540 -50.000000
v 2.121320 -85.841581 -49.560660
v 3.000000 -84.004464 -48.500000
v 2.121320 -82.167347 -47.439340
v 0.000000 -81.406388 -47.000000
v -2.121320 -82.167347 -47.439340
v -3.000000 -84.004464 -48.500000
v -2.121320 -85.841581 -49.560660
v 0.000000 -79.335334 -60.876143
v 2.121320 -78.638231 -60.341237
v 3.000000 -76.955274 -59.049859
v 2.121320 -75.272317 -57.758481
v 0.000000 -74.575214 -57.223574
v -2.121320 -75.272317 -57.758481
v -3.000000 -76.955274 -59.049859
v -2.121320 -78.638231 -60.341237
v 0.000000 -70.710678 -70.710678
v 2.121320 -70.089358 -70.089358
v 3.000000 -68.589358 -68.589358
v 2.121320 -67.089358 -67.089358
v 0.000000 -66.468037 -66.468037
v -2.121320 -67.089358 -67.089358
v -3.000000 -68.589358 -68.589358
v -2.121320 -70.089358 -70.089358
v 0.000000 -60.876143 -79.335334
v 2.121320 -60.341237 -78.638231
v 3.000000 -59.049859 -76.955274
v 2.121320 -57.758481 -75.272317
v 0.000000 -57.223574 -74.575214
v -2.121320 -57.758481 -75.272317
v -3.000000 -59.049859 -76.955274
v -2.121320 -60.341237 -78.638231
v 0.000000 -50.000000 -86.602540
v 2.121320 -49.560660 -85.841581
v 3.000000 -48.500000 -84.004464
v 2.121320 -47.439340 -82.167347
v 0.000000 -47.000000 -81.406388
v -2.121320 -47.439340 -82.167347
v -3.000000 -48.500000 -84.004464
v -2.121320 -49.560660 -85.841581
v 0.000000 -38.268343 -92.387953
v 2.121320 -37.932087 -91.576159
v 3.000000 -37.120293 -89.616315
v 2.121320 -36.308499 -87.656470
v 0.000000 -35.972243 -86.844676
v -2.121320 -36.308499 -87.656470
v -3.000000 -37.120293 -89.616315
v -2.121320 -37.932087 -91.576159
v 0.000000 -25.881905 -96.592583
v 2.121320 -25.654485 -95.743843
v 3.000000 -25.105447 -93.694805
v 2.121320 -24.556409 -91.645767
v 0.000000 -24.328990 -90.797028
v -2.121320 -24.556409 -91.645767
v -3.000000 -25.105447 -93.694805
v -2.121320 -25.654485 -95.743843
v 0.000000 -13.052619 -99.144486
v 2.121320 -12.937929 -98.273324
v 3.000000 -12.661041 -96.170152
v 2.121320 -12.384153 -94.066979
v 0.000000 -12.269462 -93.195817
v -2.121320 -12.384153 -94.066979
v -3.000000 -12.661041 -96.170152
v -2.121320 -12.937929 -98.273324
v 0.000000 -0.000000 -100.000000
v 2.121320 -0.000000 -99.121320
v 3.000000 -0.000000 -97.000000
v 2.121320 -0.000000 -94.878680
v 0.000000 -0.000000 -94.000000
v -2.121320 -0.000000 -94.878680
v -3.000000 -0.000000 -97.000000
v -2.121320 -0.000000 -99.121320
v 0.000000 13.052619 -99.144486
v 2.121320 12.937929 -98.273324
v 3.000000 12.661041 -96.170152
v 2.121320 12.384153 -94.066979
v 0.000000 12.269462 -93.195817
v -2.121320 12.384153 -94.066979
v -3.000000 12.661041 -96.170152
v -2.121320 12.937929 -98.273324
v 0.000000 25.881905 -96.592583
v 2.121320 25.654485 -95.743843
v 3.000000 25.105447 -93.694805
v 2.121320 24.556409 -91.645767
v 0.000000 24.328990 -90.797028
v -2.121320 24.556409 -91.645767
v -3.000000 25.105447 -93.694805
v -2.121320 25.654485 -95.743843
v 0.000000 38.268343 -92.387953
v 2.121320 37.932087 -91.576159
v 3.000000 37.120293 -89.616315
v 2.121320 36.308499 -87.656470
v 0.000000 35.972243 -86.844676
v -2.121320 36.308499 -87.656470
v -3.000000 37.120293 -89.616315
v -2.121320 37.932087 -91.576159
v 0.000000 50.000000 -86.602540
v 2.121320 49.560660 -85.841581
v 3.000000 48.500000 -84.004464
v 2.121320 47.439340 -82.167347
v 0.000000 47.000000 -81.406388
v -2.121320 47.439340 -82.167347
v -3.000000 48.500000 -84.004464
v -2.121320 49.560660 -85.841581
v 0.000000 60.876143 -79.335334
v 2.121320 60.341237 -78.638231
v 3.000000 59.049859 -76.955274
v 2.121320 57.758481 -75.272317
v 0.000000 57.223574 -74.575214
v -2.121320 57.758481 -75.272317
v -3.000000 59.049859 -76.955274
v -2.121320 60.341237 -78.638231
v 0.000000 70.710678 -70.710678
v 2.121320 70.089358 -70.089358
v 3.000000 68.589358 -68.589358
v 2.121320 67.089358 -67.089358
v 0.000000 66.468037 -66.468037
v -2.121320 67.089358 -67.089358
v -3.000000 68.589358 -68.589358
v -2.121320 70.089358 -70.089358
v 0.000000 79.335334 -60.876143
v 2.121320 78.638231 -60.341237
v 3.000000 76.955274 -59.049859
v 2.121320 75.272317 -57.758481
v 0.000000 74.575214 -57.223574
v -2.121320 75.272317 -57.758481
v -3.000000 76.955274 -59.049859
v -2.121320 78.638231 -60.341237
v 0.000000 86.602540 -50.000000
v 2.121320 85.841581 -49.560660
v 3.000000 84.004464 -48.500000
v 2.121320 82.167347 -47.439340
v 0.000000 81.406388 -47.000000
v -2.121320 82.167347 -47.439340
v -3.000000 84.004464 -48.500000
v -2.121320 85.841581 -49.560660
v 0.000000 92.387953 -38.268343
v 2.121320 91.576159 -37.932087
v 3.000000 89.616315 -37.120293
v 2.121320 87.656470 -36.308499
v 0.000000 86.844676 -35.972243
v -2.121320 87.656470 -36.308499
v -3.000000 89.616315 -37.120293
v -2.121320 91.576159 -37.932087
v 0.000000 96.592583 -25.881905
v 2.121320 95.743843 -25.654485
v 3.000000 93.694805 -25.105447
v 2.121320 91.645767 -24.556409
v 0.000000 90.797028 -24.328990
v -2.121320 91.645767 -24.556409
v -3.000000 93.694805 -25.105447
v -2.121320 95.743843 -25.654485
v 0.000000 99.144486 -13.052619
v 2.121320 98.273324 -12.937929
v 3.000000 96.170152 -12.661041
v 2.121320 94.066979 -12.384153
v 0.000000 93.195817 -12.269462
v -2.121320 94.066979 -12.384153
v -3.000000 96.170152 -12.661041
v -2.121320 98.273324 -12.937929
v 0.000000 68.500000 0.000000
v 1.060660 68.060660 0.000000
v 1.500000 67.000000 0.000000
v 1.060660 65.939340 0.000000
v 0.000000 65.500000 0.000000
v -1.060660 65.939340 0.000000
v -1.500000 67.000000 0.000000
v -1.060660 68.060660 0.000000
v 0.000000 67.913973 8.941044
v 1.060660 67.478392 8.883699
v 1.500000 66.426806 8.745255
v 1.060660 65.375220 8.606811
v 0.000000 64.939638 8.549466
v -1.060660 65.375220 8.606811
v -1.500000 66.426806 8.745255
v -1.060660 67.478392 8.883699
v 0.000000 66.165919 17.729105
v 1.060660 65.741549 17.615395
v 1.500000 64.717030 17.340876
v 1.060660 63.692511 17.066357
v 0.000000 63.268142 16.952647
v -1.060660 63.692511 17.066357
v -1.500000 64.717030 17.340876
v -1.060660 65.741549 17.615395
v 0.000000 63.285748 26.213815
v 1.060660 62.879851 26.045687
v 1.500000 61.899929 25.639790
v 1.060660 60.920006 25.233893
v 0.000000 60.514109 25.065765
v -1.060660 60.920006 25.233893
v -1.500000 61.899929 25.639790
v -1.060660 62.879851 26.045687
v 0.000000 59.322740 34.250000
v 1.060660 58.942261 34.030330
v 1.500000 58.023702 33.500000
v 1.060660 57.105143 32.969670
v 0.000000 56.724664 32.750000
v -1.060660 57.105143 32.969670
v -1.500000 58.023702 33.500000
v -1.060660 58.942261 34.030330
v 0.000000 54.344704 41.700158
v 1.060660 53.996152 41.432705
v 1.500000 53.154674 40.787016
v 1.060660 52.313196 40.141327
v 0.000000 51.964644 39.873874
v -1.060660 52.313196 40.141327
v -1.500000 53.154674 40.787016
v -1.060660 53.996152 41.432705
v 0.000000 48.436815 48.436815
v 1.060660 48.126154 48.126154
v 1.500000 47.376154 47.376154
v 1.060660 46.626154 46.626154
v 0.000000 46.315494 46.315494
v -1.060660 46.626154 46.626154
v -1.500000 47.376154 47.376154
v -1.060660 48.126154 48.126154
v 0.000000 41.700158 54.344704
v 1.060660 41.432705 53.996152
v 1.500000 40.787016 53.154674
v 1.060660 40.141327 52.313196
v 0.000000 39.873874 51.964644
v -1.060660 40.141327 52.313196
v -1.500000 40.787016 53.154674
v -1.060660 41.432705 53.996152
v 0.000000 34.250000 59.322740
v 1.060660 34.030330 58.942261
v 1.500000 33.500000 58.023702
v 1.060660 32.969670 57.105143
v 0.000000 32.750000 56.724664
v -1.060660 32.969670 57.105143
v -1.500000 33.500000 58.023702
v -1.060660 34.030330 58.942261
v 0.000000 26.213815 63.285748
v 1.060660 26.045687 62.879851
v 1.500000 25.639790 61.899929
v 1.060660 25.233893 60.920006
v 0.000000 25.065765 60.514109
v -1.060660 25.233893 60.920006
v -1.500000 25.639790 61.899929
v -1.060660 26.045687 62.879851
v 0.000000 17.729105 66.165919
v 1.060660 17.615395 65.741549
v 1.500000 17.340876 64.717030
v 1.060660 17.066357 63.692511
v 0.000000 16.952647 63.268142
v -1.060660 17.066357 63.692511
v -1.500000 17.340876 64.717030
v -1.060660 17.615395 65.741549
v 0.000000 8.941044 67.913973
v 1.060660 8.883699 67.478392
v 1.500000 8.745255 66.426806
v 1.060660 8.606811 65.375220
v 0.000000 8.549466 64.939638
v -1.060660 8.606811 65.375220
v -1.500000 8.745255 66.426806
v -1.060660 8.883699 67.478392
v 0.000000 0.000000 68.500000
v 1.060660 0.000000 68.060660
v 1.500000 0.000000 67.000000
v 1.060660 0.000000 65.939340
v 0.000000 0.000000 65.500000
v -1.060660 0.000000 65.939340
v -1.500000 0.000000 67.000000
v -1.060660 0.000000 68.060660
v 0.000000 -8.941044 67.913973
v 1.060660 -8.883699 67.478392
v 1.500000 -8.745255 66.426806
v 1.060660 -8.606811 65.375220
v 0.000000 -8.549466 64.939638
v -1.060660 -8.606811 65.375220
v -1.500000 -8.745255 66.426806
v -1.060660 -8.883699 67.478392
v 0.000000 -17.729105 66.165919
v 1.060660 -17.615395 65.741549
v 1.500000 -17.340876 64.717030
v 1.060660 -17.066357 63.692511
v 0.000000 -16.952647 63.268142
v -1.060660 -17.066357 63.692511
v -1.500000 -17.340876 64.717030
v -1.060660 -17.615395 65.741549
v 0.000000 -26.213815 63.285748
v 1.060660 -26.045687 62.879851
v 1.500000 -25.639790 61.899929
v 1.060660 -25.233893 60.920006
v 0.000000 -25.065765 60.514109
v -1.060660 -25.233893 60.920006
v -1.500000 -25.639790 61.899929
v -1.060660 -26.045687 62.879851
v 0.000000 -34.250000 59.322740
v 1.060660 -34.030330 58.942261
v 1.500000 -33.500000 58.023702
v 1.060660 -32.969670 57.105143
v 0.000000 -32.750000 56.724664
v -1.060660 -32.969670 57.105143
v -1.500000 -33.500000 58.023702
v -1.060660 -34.030330 58.942261
v 0.000000 -41.700158 54.344704
v 1.060660 -41.432705 53.996152
v 1.500000 -40.787016 53.154674
v 1.060660 -40.141327 52.313196
v 0.000000 -39.873874 51.964644
v -1.060660 -40.141327 52.313196
v -1.500000 -40.787016 53.154674
v -1.060660 -41.432705 53.996152
v 0.000000 -48.436815 48.436815
v 1.060660 -48.126154 48.126154
v 1.500000 -47.376154 47.376154
v 1.060660 -46.626154 46.626154
v 0.000000 -46.315494 46.315494
v -1.060660 -46.626154 46.626154
v -1.500000 -47.376154 47.376154
v -1.060660 -48.126154 48.126154
v 0.000000 -54.344704 41.700158
v 1.060660 -53.996152 41.432705
v 1.500000 -53.154674 40.787016
v 1.060660 -52.313196 40.141327
v 0.000000 -51.964644 39.873874
v -1.060660 -52.313196 40.141327
v -1.500000 -53.154674 40.787016
v -1.060660 -53.996152 41.432705
v 0.000000 -59.322740 34.250000
v 1.060660 -58.942261 34.030330
v 1.500000 -58.023702 33.500000
v 1.060660 -57.105143 32.969670
v 0.000000 -56.724664 32.750000
v -1.060660 -57.105143 32.969670
v -1.500000 -58.023702 33.500000
v -1.060660 -58.942261 34.030330
v 0.000000 -63.285748 26.213815
v 1.060660 -62.879851 26.045687
v 1.500000 -61.899929 25.639790
v 1.060660 -60.920006 25.233893
v 0.000000 -60.514109 25.065765
v -1.060660 -60.920006 25.233893
v -1.500000 -61.899929 25.639790
v -1.060660 -62.879851 26.045687
v 0.000000 -66.165919 17.729105
v 1.060660 -65.741549 17.615395
v 1.500000 -64.717030 17.340876
v 1.060660 -63.692511 17.066357
v 0.000000 -63.268142 16.952647
v -1.060660 -63.692511 17.066357
v -1.500000 -64.717030 17.340876
v -1.060660 -65.741549 17.615395
v 0.000000 -67.913973 8.941044
v 1.060660 -67.478392 8.883699
v 1.500000 -66.426806 8.745255
v 1.060660 -65.375220 8.606811
v 0.000000 -64.939638 8.549466
v -1.060660 -65.375220 8.606811
v -1.500000 -66.426806 8.745255
v -1.060660 -67.478392 8.883699
v 0.000000 -68.500000 0.000000
v 1.060660 -68.060660 0.000000
v 1.500000 -67.000000 0.000000
v 1.060660 -65.939340 0.000000
v 0.000000 -65.500000 0.000000
v -1.060660 -65.939340 0.000000
v -1.500000 -67.000000 0.000000
v -1.060660 -68.060660 0.000000
v 0.000000 -67.913973 -8.941044
v 1.060660 -67.478392 -8.883699
v 1.500000 -66.426806 -8.745255
v 1.060660 -65.375220 -8.606811
v 0.000000 -64.939638 -8.549466
v -1.060660 -65.375220 -8.606811
v -1.500000 -66.426806 -8.745255
v -1.060660 -67.478392 -8.883699
v 0.000000 -66.165919 -17.729105
v 1.060660 -65.741549 -17.615395
v 1.500000 -64.717030 -17.340876
v 1.060660 -63.692511 -17.066357
v 0.000000 -63.268142 -16.952647
v -1.060660 -63.692511 -17.066357
v -1.500000 -64.717030 -17.340876
v -1.060660 -65.741549 -17.615395
v 0.000000 -63.285748 -26.213815
v 1.060660 -62.879851 -26.045687
v 1.500000 -61.899929 -25.639790
v 1.060660 -60.920006 -25.233893
v 0.000000 -60.514109 -25.065765
v -1.060660 -60.920006 -25.233893
v -1.500000 -61.899929 -25.639790
v -1.060660 -62.879851 -26.045687
v 0.000000 -59.322740 -34.250000
v 1.060660 -58.942261 -34.030330
v 1.500000 -58.023702 -33.500000
v 1.060660 -57.105143 -32.969670
v 0.000000 -56.724664 -32.750000
v -1.060660 -57.105143 -32.969670
v -1.500000 -58.023702 -33.500000
v -1.060660 -58.942261 -34.030330
v 0.000000 -54.344704 -41.700158
v 1.060660 -53.996152 -41.432705
v 1.500000 -53.154674 -40.787016
v 1.060660 -52.313196 -40.141327
v 0.000000 -51.964644 -39.873874
v -1.060660 -52.313196 -40.141327
v -1.500000 -53.154674 -40.787016
v -1.060660 -53.996152 -41.432705
v 0.000000 -48.436815 -48.436815
v 1.060660 -48.126154 -48.126154
v 1.500000 -47.376154 -47.376154
v 1.060660 -46.626154 -46.626154
v 0.000000 -46.315494 -46.315494
v -1.060660 -46.626154 -46.626154
v -1.500000 -47.376154 -47.376154
v -1.060660 -48.126154 -48.126154
v 0.000000 -41.700158 -54.344704
v 1.060660 -41.432705 -53.996152
v 1.500000 -40.787016 -53.154674
v 1.060660 -40.141327 -52.313196
v 0.000000 -39.873874 -51.964644
v -1.060660 -40.141327 -52.313196
v -1.500000 -40.787016 -53.154674
v -1.060660 -41.432705 -53.996152
v 0.000000 -34.250000 -59.322740
v 1.060660 -34.030330 -58.942261
v 1.500000 -33.500000 -58.023702
v 1.060660 -32.969670 -57.105143
v 0.000000 -32.750000 -56.724664
v -1.060660 -32.969670 -57.105143
v -1.500000 -33.500000 -58.023702
v -1.060660 -34.030330 -58.942261
v 0.000000 -26.213815 -63.285748
v 1.060660 -26.045687 -62.879851
v 1.500000 -25.639790 -61.899929
v 1.060660 -25.233893 -60.920006
v 0.000000 -25.065765 -60.514109
v -1.060660 -25.233893 -60.920006
v -1.500000 -25.639790 -61.899929
v -1.060660 -26.045687 -62.879851
v 0.000000 -17.729105 -66.165919
v 1.060660 -17.615395 -65.741549
v 1.500000 -17.340876 -64.717030
v 1.060660 -17.066357 -63.692511
v 0.000000 -16.952647 -63.268142
v -1.060660 -17.066357 -63.692511
v -1.500000 -17.340876 -64.717030
v -1.060660 -17.615395 -65.741549
v 0.000000 -8.941044 -67.913973
v 1.060660 -8.883699 -67.478392
v 1.500000 -8.745255 -66.426806
v 1.060660 -8.606811 -65.375220
v 0.000000 -8.549466 -64.939638
v -1.060660 -8.606811 -65.375220
v -1.500000 -8.745255 -66.426806
v -1.060660 -8.883699 -67.478392
v 0.000000 -0.000000 -68.500000
v 1.060660 -0.000000 -68.060660
v 1.500000 -0.000000 -67.000000
v 1.060660 -0.000000 -65.939340
v 0.000000 -0.000000 -65.500000
v -1.060660 -0.000000 -65.939340
v -1.500000 -0.000000 -67.000000
v -1.060660 -0.000000 -68.060660
v 0.000000 8.941044 -67.913973
v 1.060660 8.883699 -67.478392
v 1.500000 8.745255 -66.426806
v 1.060660 8.606811 -65.375220
v 0.000000 8.549466 -64.939638
v -1.060660 8.606811 -65.375220
v -1.500000 8.745255 -66.426806
v -1.060660 8.883699 -67.478392
v 0.000000 17.729105 -66.165919
v 1.060660 17.615395 -65.741549
v 1.500000 17.340876 -64.717030
v 1.060660 17.066357 -63.692511
v 0.000000 16.952647 -63.268142
v -1.060660 17.066357 -63.692511
v -1.500000 17.340876 -64.717030
v -1.060660 17.615395 -65.741549
v 0.000000 26.213815 -63.285748
v 1.060660 26.045687 -62.879851
v 1.500000 25.639790 -61.899929
v 1.060660 25.233893 -60.920006
v 0.000000 25.065765 -60.514109
v -1.060660 25.233893 -60.920006
v -1.500000 25.639790 -61.899929
v -1.060660 26.045687 -62.879851
v 0.000000 34.250000 -59.322740
v 1.060660 34.030330 -58.942261
v 1.500000 33.500000 -58.023702
v 1.060660 32.969670 -57.105143
v 0.000000 32.750000 -56.724664
v -1.060660 32.969670 -57.105143
v -1.500000 33.500000 -58.023702
v -1.060660 34.030330 -58.942261
v 0.000000 41.700158 -54.344704
v 1.060660 41.432705 -53.996152
v 1.500000 40.787016 -53.154674
v 1.060660 40.141327 -52.313196
v 0.000000 39.873874 -51.964644
v -1.060660 40.141327 -52.313196
v -1.500000 40.787016 -53.154674
v -1.060660 41.432705 -53.996152
v 0.000000 48.436815 -48.436815
v 1.060660 48.126154 -48.126154
v 1.500000 47.376154 -47.376154
v 1.060660 46.626154 -46.626154
v 0.000000 46.315494 -46.315494
v -1.060660 46.626154 -46.626154
v -1.500000 47.376154 -47.376154
v -1.060660 48.126154 -48.126154
v 0.000000 54.344704 -41.700158
v 1.060660 53.996152 -41.432705
v 1.500000 53.154674 -40.787016
v 1.060660 52.313196 -40.141327
v 0.000000 51.964644 -39.873874
v -1.060660 52.313196 -40.141327
v -1.500000 53.154674 -40.787016
v -1.060660 53.996152 -41.432705
v 0.000000 59.322740 -34.250000
v 1.060660 58.942261 -34.030330
v 1.500000 58.023702 -33.500000
v 1.060660 57.105143 -32.969670
v 0.000000 56.724664 -32.750000
v -1.060660 57.105143 -32.969670
v -1.500000 58.023702 -33.500000
v -1.060660 58.942261 -34.030330
v 0.000000 63.285748 -26.213815
v 1.060660 62.879851 -26.045687
v 1.500000 61.899929 -25.639790
v 1.060660 60.920006 -25.233893
v 0.000000 60.514109 -25.065765
v -1.060660 60.920006 -25.233893
v -1.500000 61.899929 -25.639790
v -1.060660 62.879851 -26.045687
v 0.000000 66.165919 -17.729105
v 1.060660 65.741549 -17.615395
v 1.500000 64.717030 -17.340876
v 1.060660 63.692511 -17.066357
v 0.000000 63.268142 -16.952647
v -1.060660 63.692511 -17.066357
v -1.500000 64.717030 -17.340876
v -1.060660 65.741549 -17.615395
v 0.000000 67.913973 -8.941044
v 1.060660 67.478392 -8.883699
v 1.500000 66.426806 -8.745255
v 1.060660 65.375220 -8.606811
v 0.000000 64.939638 -8.549466
v -1.060660 65.375220 -8.606811
v -1.500000 66.426806 -8.745255
v -1.060660 67.478392 -8.883699
vt 0.05 0.05
vt 0.95 0.05
vt 0.05 0.95
vn -0.000000 1.000000 0.000000
vn -0.000000 0.991445 0.130526
vn 0.707314 0.701657 0.085933
vn -0.000000 1.000000 0.000000
vn 0.707314 0.701657 0.085933
vn 0.707314 0.706870 -0.006387
vn 0.707314 0.706870 -0.006387
vn 0.707314 0.701657 0.085933
vn 0.999959 0.001181 -0.008972
vn 0.707314 0.706870 -0.006387
vn 0.999959 0.001181 -0.008972
vn 0.999959 -0.000000 -0.009049
vn 0.999959 -0.000000 -0.009049
vn 0.999959 0.001181 -0.008972
vn 0.707314 -0.699989 -0.098598
vn 0.999959 -0.000000 -0.009049
vn 0.707314 -0.699989 -0.098598
vn 0.707314 -0.706870 -0.006387
vn 0.707314 -0.706870 -0.006387
vn 0.707314 -0.699989 -0.098598
vn -0.000000 -0.991445 -0.130526
vn 0.707314 -0.706870 -0.006387
vn -0.000000 -0.991445 -0.130526
vn 0.000000 -1.000000 -0.000000
vn 0.000000 -1.000000 -0.000000
vn -0.000000 -0.991445 -0.130526
vn -0.707314 -0.701657 -0.085933
vn 0.000000 -1.000000 -0.000000
vn -0.707314 -0.701657 -0.085933
vn -0.707314 -0.706870 0.006387
vn -0.707314 -0.706870 0.006387
vn -0.707314 -0.701657 -0.085933
vn -0.999959 -0.001181 0.008972
vn -0.707314 -0.706870 0.006387
vn -0.999959 -0.001181 0.008972
vn -0.999959 -0.000000 0.009049
vn -0.999959 -0.000000 0.009049
vn -0.999959 -0.001181 0.008972
vn -0.707314 0.699989 0.098598
vn -0.999959 -0.000000 0.009049
vn -0.707314 0.699989 0.098598
vn -0.707314 0.706870 0.006387
vn -0.707314 0.706870 0.006387
vn -0.707314 0.699989 0.098598
vn -0.000000 0.991445 0.130526
vn -0.707314 0.706870 0.006387
vn -0.000000 0.991445 0.130526
vn -0.000000 1.000000 0.000000
vn -0.000000 0.991445 0.130526
vn 0.000000 0.965926 0.258819
vn 0.707314 0.684437 0.176782
vn -0.000000 0.991445 0.130526
vn 0.707314 0.684437 0.176782
vn 0.707314 0.701657 0.085933
vn 0.707314 0.701657 0.085933
vn 0.707314 0.684437 0.176782
vn 0.999959 0.002342 -0.008741
vn 0.707314 0.701657 0.085933
vn 0.999959 0.002342 -0.008741
vn 0.999959 0.001181 -0.008972
vn 0.999959 0.001181 -0.008972
vn 0.999959 0.002342 -0.008741
vn 0.707314 -0.681131 -0.189121
vn 0.999959 0.001181 -0.008972
vn 0.707314 -0.681131 -0.189121
vn 0.707314 -0.699989 -0.098598
vn 0.707314 -0.699989 -0.098598
vn 0.707314 -0.681131 -0.189121
vn -0.000000 -0.965926 -0.258819
vn 0.707314 -0.699989 -0.098598
vn -0.000000 -0.965926 -0.258819
vn -0.000000 -0.991445 -0.130526
vn -0.000000 -0.991445 -0.130526
vn -0.000000 -0.965926 -0.258819
vn -0.707314 -0.684437 -0.176782
vn -0.000000 -0.991445 -0.130526
vn -0.707314 -0.684437 -0.176782
vn -0.707314 -0.701657 -0.085933
vn -0.707314 -0.701657 -0.085933
vn -0.707314 -0.684437 -0.176782
vn -0.999959 -0.002342 0.008741
vn -0.707314 -0.701657 -0.085933
vn -0.999959 -0.002342 0.008741
vn -0.999959 -0.001181 0.008972
vn -0.999959 -0.001181 0.008972
vn -0.999959 -0.002342 0.008741
vn -0.707314 0.681131 0.189121
vn -0.999959 -0.001181 0.008972
vn -0.707314 0.681131 0.189121
vn -0.707314 0.699989 0.098598
vn -0.707314 0.699989 0.098598
vn -0.707314 0.681131 0.189121
vn 0.000000 0.965926 0.258819
vn -0.707314 0.699989 0.098598
vn 0.000000 0.965926 0.258819
vn -0.000000 0.991445 0.130526
vn 0.000000 0.965926 0.258819
vn 0.000000 0.923880 0.382683
vn 0.707314 0.655507 0.264607
vn 0.000000 0.965926 0.258819
vn 0.707314 0.655507 0.264607
vn 0.707314 0.684437 0.176782
vn 0.707314 0.684437 0.176782
vn 0.707314 0.655507 0.264607
vn 0.999959 0.003463 -0.008360
vn 0.707314 0.684437 0.176782
vn 0.999959 0.003463 -0.008360
vn 0.999959 0.002342 -0.008741
vn 0.999959 0.002342 -0.008741
vn 0.999959 0.003463 -0.008360
vn 0.707314 -0.650619 -0.276409
vn 0.999959 0.002342 -0.008741
vn 0.707314 -0.650619 -0.276409
vn 0.707314 -0.681131 -0.189121
vn 0.707314 -0.681131 -0.189121
vn 0.707314 -0.650619 -0.276409
vn 0.000000 -0.923880 -0.382683
vn 0.707314 -0.681131 -0.189121
vn 0.000000 -0.923880 -0.382683
vn -0.000000 -0.965926 -0.258819
vn -0.000000 -0.965926 -0.258819
vn 0.000000 -0.923880 -0.382683
vn -0.707314 -0.655507 -0.264607
vn -0.000000 -0.965926 -0.258819
vn -0.707314 -0.655507 -0.264607
vn -0.707314 -0.684437 -0.176782
vn -0.707314 -0.684437 -0.176782
vn -0.707314 -0.655507 -0.264607
vn -0.999959 -0.003463 0.008360
vn -0.707314 -0.684437 -0.176782
vn -0.999959 -0.003463 0.008360
vn -0.999959 -0.002342 0.008741
vn -0.999959 -0.002342 0.008741
vn -0.999959 -0.003463 0.008360
vn -0.707314 0.650619 0.276409
vn -0.999959 -0.002342 0.008741
vn -0.707314 0.650619 0.276409
vn -0.707314 0.681131 0.189121
vn -0.707314 0.681131 0.189121
vn -0.707314 0.650619 0.276409
vn 0.000000 0.923880 0.382683
vn -0.707314 0.681131 0.189121
vn 0.000000 0.923880 0.382683
vn 0.000000 0.965926 0.258819
vn 0.000000 0.923880 0.382683
vn -0.000000 0.866025 0.500000
vn 0.707314 0.615361 0.347904
vn 0.000000 0.923880 0.382683
vn 0.707314 0.615361 0.347904
vn 0.707314 0.655507 0.264607
vn 0.707314 0.655507 0.264607
vn 0.707314 0.615361 0.347904
vn 0.999959 0.004525 -0.007837
vn 0.707314 0.655507 0.264607
vn 0.999959 0.004525 -0.007837
vn 0.999959 0.003463 -0.008360
vn 0.999959 0.003463 -0.008360
vn 0.999959 0.004525 -0.007837
vn 0.707314 -0.608974 -0.358967
vn 0.999959 0.003463 -0.008360
vn 0.707314 -0.608974 -0.358967
vn 0.707314 -0.650619 -0.276409
vn 0.707314 -0.650619 -0.276409
vn 0.707314 -0.608974 -0.358967
vn -0.000000 -0.866025 -0.500000
vn 0.707314 -0.650619 -0.276409
vn -0.000000 -0.866025 -0.500000
vn 0.000000 -0.923880 -0.382683
vn 0.000000 -0.923880 -0.382683
vn -0.000000 -0.866025 -0.500000
vn -0.707314 -0.615361 -0.347904
vn 0.000000 -0.923880 -0.382683
vn -0.707314 -0.615361 -0.347904
vn -0.707314 -0.655507 -0.264607
vn -0.707314 -0.655507 -0.264607
vn -0.707314 -0.615361 -0.347904
vn -0.999959 -0.004525 0.007837
vn -0.707314 -0.655507 -0.264607
vn -0.999959 -0.004525 0.007837
vn -0.999959 -0.003463 0.008360
vn -0.999959 -0.003463 0.008360
vn -0.999959 -0.004525 0.007837
vn -0.707314 0.608974 0.358967
vn -0.999959 -0.003463 0.008360
vn -0.707314 0.608974 0.358967
vn -0.707314 0.650619 0.276409
vn -0.707314 0.650619 0.276409
vn -0.707314 0.608974 0.358967
vn -0.000000 0.866025 0.500000
vn -0.707314 0.650619 0.276409
vn -0.000000 0.866025 0.500000
vn 0.000000 0.923880 0.382683
vn -0.000000 0.866025 0.500000
vn -0.000000 0.793353 0.608761
vn 0.707314 0.564686 0.425248
vn -0.000000 0.866025 0.500000
vn 0.707314 0.564686 0.425248
vn 0.707314 0.615361 0.347904
vn 0.707314 0.615361 0.347904
vn 0.707314 0.564686 0.425248
vn 0.999959 0.005509 -0.007179
vn 0.707314 0.615361 0.347904
vn 0.999959 0.005509 -0.007179
vn 0.999959 0.004525 -0.007837
vn 0.999959 0.004525 -0.007837
vn 0.999959 0.005509 -0.007179
vn 0.707314 -0.556910 -0.435383
vn 0.999959 0.004525 -0.007837
vn 0.707314 -0.556910 -0.435383
vn 0.707314 -0.608974 -0.358967
vn 0.707314 -0.608974 -0.358967
vn 0.707314 -0.556910 -0.435383
vn 0.000000 -0.793353 -0.608761
vn 0.707314 -0.608974 -0.358967
vn 0.000000 -0.793353 -0.608761
vn -0.000000 -0.866025 -0.500000
vn -0.000000 -0.866025 -0.500000
vn 0.000000 -0.793353 -0.608761
vn -0.707314 -0.564686 -0.425248
vn -0.000000 -0.866025 -0.500000
vn -0.707314 -0.564686 -0.425248
vn -0.707314 -0.615361 -0.347904
vn -0.707314 -0.615361 -0.347904
vn -0.707314 -0.564686 -0.425248
vn -0.999959 -0.005509 0.007179
vn -0.707314 -0.615361 -0.347904
vn -0.999959 -0.005509 0.007179
vn -0.999959 -0.004525 0.007837
vn -0.999959 -0.004525 0.007837
vn -0.999959 -0.005509 0.007179
vn -0.707314 0.556910 0.435383
vn -0.999959 -0.004525 0.007837
vn -0.707314 0.556910 0.435383
vn -0.707314 0.608974 0.358967
vn -0.707314 0.608974 0.358967
vn -0.707314 0.556910 0.435383
vn -0.000000 0.793353 0.608761
vn -0.707314 0.608974 0.358967
vn -0.000000 0.793353 0.608761
vn -0.000000 0.866025 0.500000
vn -0.000000 0.793353 0.608761
vn 0.000000 0.707107 0.707107
vn 0.707314 0.504349 0.495316
vn -0.000000 0.793353 0.608761
vn 0.707314 0.504349 0.495316
vn 0.707314 0.564686 0.425248
vn 0.707314 0.564686 0.425248
vn 0.707314 0.504349 0.495316
vn 0.999959 0.006399 -0.006399
vn 0.707314 0.564686 0.425248
vn 0.999959 0.006399 -0.006399
vn 0.999959 0.005509 -0.007179
vn 0.999959 0.005509 -0.007179
vn 0.999959 0.006399 -0.006399
vn 0.707314 -0.495316 -0.504349
vn 0.999959 0.005509 -0.007179
vn 0.707314 -0.495316 -0.504349
vn 0.707314 -0.556910 -0.435383
vn 0.707314 -0.556910 -0.435383
vn 0.707314 -0.495316 -0.504349
vn 0.000000 -0.707107 -0.707107
vn 0.707314 -0.556910 -0.435383
vn 0.000000 -0.707107 -0.707107
vn 0.000000 -0.793353 -0.608761
vn 0.000000 -0.793353 -0.608761
vn 0.000000 -0.707107 -0.707107
vn -0.707314 -0.504349 -0.495316
vn 0.000000 -0.793353 -0.608761
vn -0.707314 -0.504349 -0.495316
vn -0.707314 -0.564686 -0.425248
vn -0.707314 -0.564686 -0.425248
vn -0.707314 -0.504349 -0.495316
vn -0.999959 -0.006399 0.006399
vn -0.707314 -0.564686 -0.425248
vn -0.999959 -0.006399 0.006399
vn -0.999959 -0.005509 0.007179
vn -0.999959 -0.005509 0.007179
vn -0.999959 -0.006399 0.006399
vn -0.707314 0.495316 0.504349
vn -0.999959 -0.005509 0.007179
vn -0.707314 0.495316 0.504349
vn -0.707314 0.556910 0.435383
vn -0.707314 0.556910 0.435383
vn -0.707314 0.495316 0.504349
vn 0.000000 0.707107 0.707107
vn -0.707314 0.556910 0.435383
vn 0.000000 0.707107 0.707107
vn -0.000000 0.793353 0.608761
vn 0.000000 0.707107 0.707107
vn 0.000000 0.608761 0.793353
vn 0.707314 0.435383 0.556910
vn 0.000000 0.707107 0.707107
vn 0.707314 0.435383 0.556910
vn 0.707314 0.504349 0.495316
vn 0.707314 0.504349 0.495316
vn 0.707314 0.435383 0.556910
vn 0.999959 0.007179 -0.005509
vn 0.707314 0.504349 0.495316
vn 0.999959 0.007179 -0.005509
vn 0.999959 0.006399 -0.006399
vn 0.999959 0.006399 -0.006399
vn 0.999959 0.007179 -0.005509
vn 0.707314 -0.425248 -0.564686
vn 0.999959 0.006399 -0.006399
vn 0.707314 -0.425248 -0.564686
vn 0.707314 -0.495316 -0.504349
vn 0.707314 -0.495316 -0.504349
vn 0.707314 -0.425248 -0.564686
vn -0.000000 -0.608761 -0.793353
vn 0.707314 -0.495316 -0.504349
vn -0.000000 -0.608761 -0.793353
vn 0.000000 -0.707107 -0.707107
vn 0.000000 -0.707107 -0.707107
vn -0.000000 -0.608761 -0.793353
vn -0.707314 -0.435383 -0.556910
vn 0.000000 -0.707107 -0.707107
vn -0.707314 -0.435383 -0.556910
vn -0.707314 -0.504349 -0.495316
vn -0.707314 -0.504349 -0.495316
vn -0.707314 -0.435383 -0.556910
vn -0.999959 -0.007179 0.005509
vn -0.707314 -0.504349 -0.495316
vn -0.999959 -0.007179 0.005509
vn -0.999959 -0.006399 0.006399
vn -0.999959 -0.006399 0.006399
vn -0.999959 -0.007179 0.005509
vn -0.707314 0.425248 0.564686
vn -0.999959 -0.006399 0.006399
vn -0.707314 0.425248 0.564686
vn -0.707314 0.495316 0.504349
vn -0.707314 0.495316 0.504349
vn -0.707314 0.425248 0.564686
vn 0.000000 0.608761 0.793353
vn -0.707314 0.495316 0.504349
vn 0.000000 0.608761 0.793353
vn 0.000000 0.707107 0.707107
vn 0.000000 0.608761 0.793353
vn 0.000000 0.500000 0.866025
vn 0.707314 0.358967 0.608974
vn 0.000000 0.608761 0.793353
vn 0.707314 0.358967 0.608974
vn 0.707314 0.435383 0.556910
vn 0.707314 0.435383 0.556910
vn 0.707314 0.358967 0.608974
vn 0.999959 0.007837 -0.004525
vn 0.707314 0.435383 0.556910
vn 0.999959 0.007837 -0.004525
vn 0.999959 0.007179 -0.005509
vn 0.999959 0.007179 -0.005509
vn 0.999959 0.007837 -0.004525
vn 0.707314 -0.347904 -0.615361
vn 0.999959 0.007179 -0.005509
vn 0.707314 -0.347904 -0.615361
vn 0.707314 -0.425248 -0.564686
vn 0.707314 -0.425248 -0.564686
vn 0.707314 -0.347904 -0.615361
vn -0.000000 -0.500000 -0.866025
vn 0.707314 -0.425248 -0.564686
vn -0.000000 -0.500000 -0.866025
vn -0.000000 -0.608761 -0.793353
vn -0.000000 -0.608761 -0.793353
vn -0.000000 -0.500000 -0.866025
vn -0.707314 -0.358967 -0.608974
vn -0.000000 -0.608761 -0.793353
vn -0.707314 -0.358967 -0.608974
vn -0.707314 -0.435383 -0.556910
vn -0.707314 -0.435383 -0.556910
vn -0.707314 -0.358967 -0.608974
vn -0.999959 -0.007837 0.004525
vn -0.707314 -0.435383 -0.556910
vn -0.999959 -0.007837 0.004525
vn -0.999959 -0.007179 0.005509
vn -0.999959 -0.007179 0.005509
vn -0.999959 -0.007837 0.004525
vn -0.707314 0.347904 0.615361
vn -0.999959 -0.007179 0.005509
vn -0.707314 0.347904 0.615361
vn -0.707314 0.425248 0.564686
vn -0.707314 0.425248 0.564686
vn -0.707314 0.347904 0.615361
vn 0.000000 0.500000 0.866025
vn -0.707314 0.425248 0.564686
vn 0.000000 0.500000 0.866025
vn 0.000000 0.608761 0.793353
vn 0.000000 0.500000 0.866025
vn -0.000000 0.382683 0.923880
vn 0.707314 0.276409 0.650619
vn 0.000000 0.500000 0.866025
vn 0.707314 0.276409 0.650619
vn 0.707314 0.358967 0.608974
vn 0.707314 0.358967 0.608974
vn 0.707314 0.276409 0.650619
vn 0.999959 0.008360 -0.003463
vn 0.707314 0.358967 0.608974
vn 0.999959 0.008360 -0.003463
vn 0.999959 0.007837 -0.004525
vn 0.999959 0.007837 -0.004525
vn 0.999959 0.008360 -0.003463
vn 0.707314 -0.264607 -0.655507
vn 0.999959 0.007837 -0.004525
vn 0.707314 -0.264607 -0.655507
vn 0.707314 -0.347904 -0.615361
vn 0.707314 -0.347904 -0.615361
vn 0.707314 -0.264607 -0.655507
vn -0.000000 -0.382683 -0.923880
vn 0.707314 -0.347904 -0.615361
vn -0.000000 -0.382683 -0.923880
vn -0.000000 -0.500000 -0.866025
vn -0.000000 -0.500000 -0.866025
vn -0.000000 -0.382683 -0.923880
vn -0.707314 -0.276409 -0.650619
vn -0.000000 -0.500000 -0.866025
vn -0.707314 -0.276409 -0.650619
vn -0.707314 -0.358967 -0.608974
vn -0.707314 -0.358967 -0.608974
vn -0.707314 -0.276409 -0.650619
vn -0.999959 -0.008360 0.003463
vn -0.707314 -0.358967 -0.608974
vn -0.999959 -0.008360 0.003463
vn -0.999959 -0.007837 0.004525
vn -0.999959 -0.007837 0.004525
vn -0.999959 -0.008360 0.003463
vn -0.707314 0.264607 0.655507
vn -0.999959 -0.007837 0.004525
vn -0.707314 0.264607 0.655507
vn -0.707314 0.347904 0.615361
vn -0.707314 0.347904 0.615361
vn -0.707314 0.264607 0.655507
vn -0.000000 0.382683 0.923880
vn -0.707314 0.347904 0.615361
vn -0.000000 0.382683 0.923880
vn 0.000000 0.500000 0.866025
vn -0.000000 0.382683 0.923880
vn -0.000000 0.258819 0.965926
vn 0.707314 0.189121 0.681131
vn -0.000000 0.382683 0.923880
vn 0.707314 0.189121 0.681131
vn 0.707314 0.276409 0.650619
vn 0.707314 0.276409 0.650619
vn 0.707314 0.189121 0.681131
vn 0.999959 0.008741 -0.002342
vn 0.707314 0.276409 0.650619
vn 0.999959 0.008741 -0.002342
vn 0.999959 0.008360 -0.003463
vn 0.999959 0.008360 -0.003463
vn 0.999959 0.008741 -0.002342
vn 0.707314 -0.176782 -0.684437
vn 0.999959 0.008360 -0.003463
vn 0.707314 -0.176782 -0.684437
vn 0.707314 -0.264607 -0.655507
vn 0.707314 -0.264607 -0.655507
vn 0.707314 -0.176782 -0.684437
vn 0.000000 -0.258819 -0.965926
vn 0.707314 -0.264607 -0.655507
vn 0.000000 -0.258819 -0.965926
vn -0.000000 -0.382683 -0.923880
vn -0.000000 -0.382683 -0.923880
vn 0.000000 -0.258819 -0.965926
vn -0.707314 -0.189121 -0.681131
vn -0.000000 -0.382683 -0.923880
vn -0.707314 -0.189121 -0.681131
vn -0.707314 -0.276409 -0.650619
vn -0.707314 -0.276409 -0.650619
vn -0.707314 -0.189121 -0.681131
vn -0.999959 -0.008741 0.002342
vn -0.707314 -0.276409 -0.650619
vn -0.999959 -0.008741 0.002342
vn -0.999959 -0.008360 0.003463
vn -0.999959 -0.008360 0.003463
vn -0.999959 -0.008741 0.002342
vn -0.707314 0.176782 0.684437
vn -0.999959 -0.008360 0.003463
vn -0.707314 0.176782 0.684437
vn -0.707314 0.264607 0.655507
vn -0.707314 0.264607 0.655507
vn -0.707314 0.176782 0.684437
vn -0.000000 0.258819 0.965926
vn -0.707314 0.264607 0.655507
vn -0.000000 0.258819 0.965926
vn -0.000000 0.382683 0.923880
vn -0.000000 0.258819 0.965926
vn 0.000000 0.130526 0.991445
vn 0.707314 0.098598 0.699989
vn -0.000000 0.258819 0.965926
vn 0.707314 0.098598 0.699989
vn 0.707314 0.189121 0.681131
vn 0.707314 0.189121 0.681131
vn 0.707314 0.098598 0.699989
vn 0.999959 0.008972 -0.001181
vn 0.707314 0.189121 0.681131
vn 0.999959 0.008972 -0.001181
vn 0.999959 0.008741 -0.002342
vn 0.999959 0.008741 -0.002342
vn 0.999959 0.008972 -0.001181
vn 0.707314 -0.085933 -0.701657
vn 0.999959 0.008741 -0.002342
vn 0.707314 -0.085933 -0.701657
vn 0.707314 -0.176782 -0.684437
vn 0.707314 -0.176782 -0.684437
vn 0.707314 -0.085933 -0.701657
vn 0.000000 -0.130526 -0.991445
vn 0.707314 -0.176782 -0.684437
vn 0.000000 -0.130526 -0.991445
vn 0.000000 -0.258819 -0.965926
vn 0.000000 -0.258819 -0.965926
vn 0.000000 -0.130526 -0.991445
vn -0.707314 -0.098598 -0.699989
vn 0.000000 -0.258819 -0.965926
vn -0.707314 -0.098598 -0.699989
vn -0.707314 -0.189121 -0.681131
vn -0.707314 -0.189121 -0.681131
vn -0.707314 -0.098598 -0.699989
vn -0.999959 -0.008972 0.001181
vn -0.707314 -0.189121 -0.681131
vn -0.999959 -0.008972 0.001181
vn -0.999959 -0.008741 0.002342
vn -0.999959 -0.008741 0.002342
vn -0.999959 -0.008972 0.001181
vn -0.707314 0.085933 0.701657
vn -0.999959 -0.008741 0.002342
vn -0.707314 0.085933 0.701657
vn -0.707314 0.176782 0.684437
vn -0.707314 0.176782 0.684437
vn -0.707314 0.085933 0.701657
vn 0.000000 0.130526 0.991445
vn -0.707314 0.176782 0.684437
vn 0.000000 0.130526 0.991445
vn -0.000000 0.258819 0.965926
vn 0.000000 0.130526 0.991445
vn 0.000000 0.000000 1.000000
vn 0.707314 0.006387 0.706870
vn 0.000000 0.130526 0.991445
vn 0.707314 0.006387 0.706870
vn 0.707314 0.098598 0.699989
vn 0.707314 0.098598 0.699989
vn 0.707314 0.006387 0.706870
vn 0.999959 0.009049 -0.000000
vn 0.707314 0.098598 0.699989
vn 0.999959 0.009049 -0.000000
vn 0.999959 0.008972 -0.001181
vn 0.999959 0.008972 -0.001181
vn 0.999959 0.009049 -0.000000
vn 0.707314 0.006387 -0.706870
vn 0.999959 0.008972 -0.001181
vn 0.707314 0.006387 -0.706870
vn 0.707314 -0.085933 -0.701657
vn 0.707314 -0.085933 -0.701657
vn 0.707314 0.006387 -0.706870
vn 0.000000 0.000000 -1.000000
vn 0.707314 -0.085933 -0.701657
vn 0.000000 0.000000 -1.000000
vn 0.000000 -0.130526 -0.991445
vn 0.000000 -0.130526 -0.991445
vn 0.000000 0.000000 -1.000000
vn -0.707314 -0.006387 -0.706870
vn 0.000000 -0.130526 -0.991445
vn -0.707314 -0.006387 -0.706870
vn -0.707314 -0.098598 -0.699989
vn -0.707314 -0.098598 -0.699989
vn -0.707314 -0.006387 -0.706870
vn -0.999959 -0.009049 -0.000000
vn -0.707314 -0.098598 -0.699989
vn -0.999959 -0.009049 -0.000000
vn -0.999959 -0.008972 0.001181
vn -0.999959 -0.008972 0.001181
vn -0.999959 -0.009049 -0.000000
vn -0.707314 -0.006387 0.706870
vn -0.999959 -0.008972 0.001181
vn -0.707314 -0.006387 0.706870
vn -0.707314 0.085933 0.701657
vn -0.707314 0.085933 0.701657
vn -0.707314 -0.006387 0.706870
vn 0.000000 0.000000 1.000000
vn -0.707314 0.085933 0.701657
vn 0.000000 0.000000 1.000000
vn 0.000000 0.130526 0.991445
vn 0.000000 0.000000 1.000000
vn -0.000000 -0.130526 0.991445
vn 0.707314 -0.085933 0.701657
vn 0.000000 0.000000 1.000000
vn 0.707314 -0.085933 0.701657
vn 0.707314 0.006387 0.706870
vn 0.707314 0.006387 0.706870
vn 0.707314 -0.085933 0.701657
vn 0.999959 0.008972 0.001181
vn 0.707314 0.006387 0.706870
vn 0.999959 0.008972 0.001181
vn 0.999959 0.009049 -0.000000
vn 0.999959 0.009049 -0.000000
vn 0.999959 0.008972 0.001181
vn 0.707314 0.098598 -0.699989
vn 0.999959 0.009049 -0.000000
vn 0.707314 0.098598 -0.699989
vn 0.707314 0.006387 -0.706870
vn 0.707314 0.006387 -0.706870
vn 0.707314 0.098598 -0.699989
vn -0.000000 0.130526 -0.991445
vn 0.707314 0.006387 -0.706870
vn -0.000000 0.130526 -0.991445
vn 0.000000 0.000000 -1.000000
vn 0.000000 0.000000 -1.000000
vn -0.000000 0.130526 -0.991445
vn -0.707314 0.085933 -0.701657
vn 0.000000 0.000000 -1.000000
vn -0.707314 0.085933 -0.701657
vn -0.707314 -0.006387 -0.706870
vn -0.707314 -0.006387 -0.706870
vn -0.707314 0.085933 -0.701657
vn -0.999959 -0.008972 -0.001181
vn -0.707314 -0.006387 -0.706870
vn -0.999959 -0.008972 -0.001181
vn -0.999959 -0.009049 -0.000000
vn -0.999959 -0.009049 -0.000000
vn -0.999959 -0.008972 -0.001181
vn -0.707314 -0.098598 0.699989
vn -0.999959 -0.009049 -0.000000
vn -0.707314 -0.098598 0.699989
vn -0.707314 -0.006387 0.706870
vn -0.707314 -0.006387 0.706870
vn -0.707314 -0.098598 0.699989
vn -0.000000 -0.130526 0.991445
vn -0.707314 -0.006387 0.706870
vn -0.000000 -0.130526 0.991445
vn 0.000000 0.000000 1.000000
vn -0.000000 -0.130526 0.991445
vn -0.000000 -0.258819 0.965926
vn 0.707314 -0.176782 0.684437
vn -0.000000 -0.130526 0.991445
vn 0.707314 -0.176782 0.684437
vn 0.707314 -0.085933 0.701657
vn 0.707314 -0.085933 0.701657
vn 0.707314 -0.176782 0.684437
vn 0.999959 0.008741 0.002342
vn 0.707314 -0.085933 0.701657
vn 0.999959 0.008741 0.002342
vn 0.999959 0.008972 0.001181
vn 0.999959 0.008972 0.001181
vn 0.999959 0.008741 0.002342
vn 0.707314 0.189121 -0.681131
vn 0.999959 0.008972 0.001181
vn 0.707314 0.189121 -0.681131
vn 0.707314 0.098598 -0.699989
vn 0.707314 0.098598 -0.699989
vn 0.707314 0.189121 -0.681131
vn -0.000000 0.258819 -0.965926
vn 0.707314 0.098598 -0.699989
vn -0.000000 0.258819 -0.965926
vn -0.000000 0.130526 -0.991445
vn -0.000000 0.130526 -0.991445
vn -0.000000 0.258819 -0.965926
vn -0.707314 0.176782 -0.684437
vn -0.000000 0.130526 -0.991445
vn -0.707314 0.176782 -0.684437
vn -0.707314 0.085933 -0.701657
vn -0.707314 0.085933 -0.701657
vn -0.707314 0.176782 -0.684437
vn -0.999959 -0.008741 -0.002342
vn -0.707314 0.085933 -0.701657
vn -0.999959 -0.008741 -0.002342
vn -0.999959 -0.008972 -0.001181
vn -0.999959 -0.008972 -0.001181
vn -0.999959 -0.008741 -0.002342
vn -0.707314 -0.189121 0.681131
vn -0.999959 -0.008972 -0.001181
vn -0.707314 -0.189121 0.681131
vn -0.707314 -0.098598 0.699989
vn -0.707314 -0.098598 0.699989
vn -0.707314 -0.189121 0.681131
vn -0.000000 -0.258819 0.965926
vn -0.707314 -0.098598 0.699989
vn -0.000000 -0.258819 0.965926
vn -0.000000 -0.130526 0.991445
vn -0.000000 -0.258819 0.965926
vn 0.000000 -0.382683 0.923880
vn 0.707314 -0.264607 0.655507
vn -0.000000 -0.258819 0.965926
vn 0.707314 -0.264607 0.655507
vn 0.707314 -0.176782 0.684437
vn 0.707314 -0.176782 0.684437
vn 0.707314 -0.264607 0.655507
vn 0.999959 0.008360 0.003463
vn 0.707314 -0.176782 0.684437
vn 0.999959 0.008360 0.003463
vn 0.999959 0.008741 0.002342
vn 0.999959 0.008741 0.002342
vn 0.999959 0.008360 0.003463
vn 0.707314 0.276409 -0.650619
vn 0.999959 0.008741 0.002342
vn 0.707314 0.276409 -0.650619
vn 0.707314 0.189121 -0.681131
vn 0.707314 0.189121 -0.681131
vn 0.707314 0.276409 -0.650619
vn 0.000000 0.382683 -0.923880
vn 0.707314 0.189121 -0.681131
vn 0.000000 0.382683 -0.923880
vn -0.000000 0.258819 -0.965926
vn -0.000000 0.258819 -0.965926
vn 0.000000 0.382683 -0.923880
vn -0.707314 0.264607 -0.655507
vn -0.000000 0.258819 -0.965926
vn -0.707314 0.264607 -0.655507
vn -0.707314 0.176782 -0.684437
vn -0.707314 0.176782 -0.684437
vn -0.707314 0.264607 -0.655507
vn -0.999959 -0.008360 -0.003463
vn -0.707314 0.176782 -0.684437
vn -0.999959 -0.008360 -0.003463
vn -0.999959 -0.008741 -0.002342
vn -0.999959 -0.008741 -0.002342
vn -0.999959 -0.008360 -0.003463
vn -0.707314 -0.276409 0.650619
vn -0.999959 -0.008741 -0.002342
vn -0.707314 -0.276409 0.650619
vn -0.707314 -0.189121 0.681131
vn -0.707314 -0.189121 0.681131
vn -0.707314 -0.276409 0.650619
vn 0.000000 -0.382683 0.923880
vn -0.707314 -0.189121 0.681131
vn 0.000000 -0.382683 0.923880
vn -0.000000 -0.258819 0.965926
vn 0.000000 -0.382683 0.923880
vn 0.000000 -0.500000 0.866025
vn 0.707314 -0.347904 0.615361
vn 0.000000 -0.382683 0.923880
vn 0.707314 -0.347904 0.615361
vn 0.707314 -0.264607 0.655507
vn 0.707314 -0.264607 0.655507
vn 0.707314 -0.347904 0.615361
vn 0.999959 0.007837 0.004525
vn 0.707314 -0.264607 0.655507
vn 0.999959 0.007837 0.004525
vn 0.999959 0.008360 0.003463
vn 0.999959 0.008360 0.003463
vn 0.999959 0.007837 0.004525
vn 0.707314 0.358967 -0.608974
vn 0.999959 0.008360 0.003463
vn 0.707314 0.358967 -0.608974
vn 0.707314 0.276409 -0.650619
vn 0.707314 0.276409 -0.650619
vn 0.707314 0.358967 -0.608974
vn 0.000000 0.500000 -0.866025
vn 0.707314 0.276409 -0.650619
vn 0.000000 0.500000 -0.866025
vn 0.000000 0.382683 -0.923880
vn 0.000000 0.382683 -0.923880
vn 0.000000 0.500000 -0.866025
vn -0.707314 0.347904 -0.615361
vn 0.000000 0.382683 -0.923880
vn -0.707314 0.347904 -0.615361
vn -0.707314 0.264607 -0.655507
vn -0.707314 0.264607 -0.655507
vn -0.707314 0.347904 -0.615361
vn -0.999959 -0.007837 -0.004525
vn -0.707314 0.264607 -0.655507
vn -0.999959 -0.007837 -0.004525
vn -0.999959 -0.008360 -0.003463
vn -0.999959 -0.008360 -0.003463
vn -0.999959 -0.007837 -0.004525
vn -0.707314 -0.358967 0.608974
vn -0.999959 -0.008360 -0.003463
vn -0.707314 -0.358967 0.608974
vn -0.707314 -0.276409 0.650619
vn -0.707314 -0.276409 0.650619
vn -0.707314 -0.358967 0.608974
vn 0.000000 -0.500000 0.866025
vn -0.707314 -0.276409 0.650619
vn 0.000000 -0.500000 0.866025
vn 0.000000 -0.382683 0.923880
vn 0.000000 -0.500000 0.866025
vn -0.000000 -0.608761 0.793353
vn 0.707314 -0.425248 0.564686
vn 0.000000 -0.500000 0.866025
vn 0.707314 -0.425248 0.564686
vn 0.707314 -0.347904 0.615361
vn 0.707314 -0.347904 0.615361
vn 0.707314 -0.425248 0.564686
vn 0.999959 0.007179 0.005509
vn 0.707314 -0.347904 0.615361
vn 0.999959 0.007179 0.005509
vn 0.999959 0.007837 0.004525
vn 0.999959 0.007837 0.004525
vn 0.999959 0.007179 0.005509
vn 0.707314 0.435383 -0.556910
vn 0.999959 0.007837 0.004525
vn 0.707314 0.435383 -0.556910
vn 0.707314 0.358967 -0.608974
vn 0.707314 0.358967 -0.608974
vn 0.707314 0.435383 -0.556910
vn 0.000000 0.608761 -0.793353
vn 0.707314 0.358967 -0.608974
vn 0.000000 0.608761 -0.793353
vn 0.000000 0.500000 -0.866025
vn 0.000000 0.500000 -0.866025
vn 0.000000 0.608761 -0.793353
vn -0.707314 0.425248 -0.564686
vn 0.000000 0.500000 -0.866025
vn -0.707314 0.425248 -0.564686
vn -0.707314 0.347904 -0.615361
vn -0.707314 0.347904 -0.615361
vn -0.707314 0.425248 -0.564686
vn -0.999959 -0.007179 -0.005509
vn -0.707314 0.347904 -0.615361
vn -0.999959 -0.007179 -0.005509
vn -0.999959 -0.007837 -0.004525
vn -0.999959 -0.007837 -0.004525
vn -0.999959 -0.007179 -0.005509
vn -0.707314 -0.435383 0.556910
vn -0.999959 -0.007837 -0.004525
vn -0.707314 -0.435383 0.556910
vn -0.707314 -0.358967 0.608974
vn -0.707314 -0.358967 0.608974
vn -0.707314 -0.435383 0.556910
vn -0.000000 -0.608761 0.793353
vn -0.707314 -0.358967 0.608974
vn -0.000000 -0.608761 0.793353
vn 0.000000 -0.500000 0.866025
vn -0.000000 -0.608761 0.793353
vn -0.000000 -0.707107 0.707107
vn 0.707314 -0.495316 0.504349
vn -0.000000 -0.608761 0.793353
vn 0.707314 -0.495316 0.504349
vn 0.707314 -0.425248 0.564686
vn 0.707314 -0.425248 0.564686
vn 0.707314 -0.495316 0.504349
vn 0.999959 0.006399 0.006399
vn 0.707314 -0.425248 0.564686
vn 0.999959 0.006399 0.006399
vn 0.999959 0.007179 0.005509
vn 0.999959 0.007179 0.005509
vn 0.999959 0.006399 0.006399
vn 0.707314 0.504349 -0.495316
vn 0.999959 0.007179 0.005509
vn 0.707314 0.504349 -0.495316
vn 0.707314 0.435383 -0.556910
vn 0.707314 0.435383 -0.556910
vn 0.707314 0.504349 -0.495316
vn 0.000000 0.707107 -0.707107
vn 0.707314 0.435383 -0.556910
vn 0.000000 0.707107 -0.707107
vn 0.000000 0.608761 -0.793353
vn 0.000000 0.608761 -0.793353
vn 0.000000 0.707107 -0.707107
vn -0.707314 0.495316 -0.504349
vn 0.000000 0.608761 -0.793353
vn -0.707314 0.495316 -0.504349
vn -0.707314 0.425248 -0.564686
vn -0.707314 0.425248 -0.564686
vn -0.707314 0.495316 -0.504349
vn -0.999959 -0.006399 -0.006399
vn -0.707314 0.425248 -0.564686
vn -0.999959 -0.006399 -0.006399
vn -0.999959 -0.007179 -0.005509
vn -0.999959 -0.007179 -0.005509
vn -0.999959 -0.006399 -0.006399
vn -0.707314 -0.504349 0.495316
vn -0.999959 -0.007179 -0.005509
vn -0.707314 -0.504349 0.495316
vn -0.707314 -0.435383 0.556910
vn -0.707314 -0.435383 0.556910
vn -0.707314 -0.504349 0.495316
vn -0.000000 -0.707107 0.707107
vn -0.707314 -0.435383 0.556910
vn -0.000000 -0.707107 0.707107
vn -0.000000 -0.608761 0.793353
vn -0.000000 -0.707107 0.707107
vn 0.000000 -0.793353 0.608761
vn 0.707314 -0.556910 0.435383
vn -0.000000 -0.707107 0.707107
vn 0.707314 -0.556910 0.435383
vn 0.707314 -0.495316 0.504349
vn 0.707314 -0.495316 0.504349
vn 0.707314 -0.556910 0.435383
vn 0.999959 0.005509 0.007179
vn 0.707314 -0.495316 0.504349
vn 0.999959 0.005509 0.007179
vn 0.999959 0.006399 0.006399
vn 0.999959 0.006399 0.006399
vn 0.999959 0.005509 0.007179
vn 0.707314 0.564686 -0.425248
vn 0.999959 0.006399 0.006399
vn 0.707314 0.564686 -0.425248
vn 0.707314 0.504349 -0.495316
vn 0.707314 0.504349 -0.495316
vn 0.707314 0.564686 -0.425248
vn -0.000000 0.793353 -0.608761
vn 0.707314 0.504349 -0.495316
vn -0.000000 0.793353 -0.608761
vn 0.000000 0.707107 -0.707107
vn 0.000000 0.707107 -0.707107
vn -0.000000 0.793353 -0.608761
vn -0.707314 0.556910 -0.435383
vn 0.000000 0.707107 -0.707107
vn -0.707314 0.556910 -0.435383
vn -0.707314 0.495316 -0.504349
vn -0.707314 0.495316 -0.504349
vn -0.707314 0.556910 -0.435383
vn -0.999959 -0.005509 -0.007179
vn -0.707314 0.495316 -0.504349
vn -0.999959 -0.005509 -0.007179
vn -0.999959 -0.006399 -0.006399
vn -0.999959 -0.006399 -0.006399
vn -0.999959 -0.005509 -0.007179
vn -0.707314 -0.564686 0.425248
vn -0.999959 -0.006399 -0.006399
vn -0.707314 -0.564686 0.425248
vn -0.707314 -0.504349 0.495316
vn -0.707314 -0.504349 0.495316
vn -0.707314 -0.564686 0.425248
vn 0.000000 -0.793353 0.608761
vn -0.707314 -0.504349 0.495316
vn 0.000000 -0.793353 0.608761
vn -0.000000 -0.707107 0.707107
vn 0.000000 -0.793353 0.608761
vn 0.000000 -0.866025 0.500000
vn 0.707314 -0.608974 0.358967
vn 0.000000 -0.793353 0.608761
vn 0.707314 -0.608974 0.358967
vn 0.707314 -0.556910 0.435383
vn 0.707314 -0.556910 0.435383
vn 0.707314 -0.608974 0.358967
vn 0.999959 0.004525 0.007837
vn 0.707314 -0.556910 0.435383
vn 0.999959 0.004525 0.007837
vn 0.999959 0.005509 0.007179
vn 0.999959 0.005509 0.007179
vn 0.999959 0.004525 0.007837
vn 0.707314 0.615361 -0.347904
vn 0.999959 0.005509 0.007179
vn 0.707314 0.615361 -0.347904
vn 0.707314 0.564686 -0.425248
vn 0.707314 0.564686 -0.425248
vn 0.707314 0.615361 -0.347904
vn 0.000000 0.866025 -0.500000
vn 0.707314 0.564686 -0.425248
vn 0.000000 0.866025 -0.500000
vn -0.000000 0.793353 -0.608761
vn -0.000000 0.793353 -0.608761
vn 0.000000 0.866025 -0.500000
vn -0.707314 0.608974 -0.358967
vn -0.000000 0.793353 -0.608761
vn -0.707314 0.608974 -0.358967
vn -0.707314 0.556910 -0.435383
vn -0.707314 0.556910 -0.435383
vn -0.707314 0.608974 -0.358967
vn -0.999959 -0.004525 -0.007837
vn -0.707314 0.556910 -0.435383
vn -0.999959 -0.004525 -0.007837
vn -0.999959 -0.005509 -0.007179
vn -0.999959 -0.005509 -0.007179
vn -0.999959 -0.004525 -0.007837
vn -0.707314 -0.615361 0.347904
vn -0.999959 -0.005509 -0.007179
vn -0.707314 -0.615361 0.347904
vn -0.707314 -0.564686 0.425248
vn -0.707314 -0.564686 0.425248
vn -0.707314 -0.615361 0.347904
vn 0.000000 -0.866025 0.500000
vn -0.707314 -0.564686 0.425248
vn 0.000000 -0.866025 0.500000
vn 0.000000 -0.793353 0.608761
vn 0.000000 -0.866025 0.500000
vn 0.000000 -0.923880 0.382683
vn 0.707314 -0.650619 0.276409
vn 0.000000 -0.866025 0.500000
vn 0.707314 -0.650619 0.276409
vn 0.707314 -0.608974 0.358967
vn 0.707314 -0.608974 0.358967
vn 0.707314 -0.650619 0.276409
vn 0.999959 0.003463 0.008360
vn 0.707314 -0.608974 0.358967
vn 0.999959 0.003463 0.008360
vn 0.999959 0.004525 0.007837
vn 0.999959 0.004525 0.007837
vn 0.999959 0.003463 0.008360
vn 0.707314 0.655507 -0.264607
vn 0.999959 0.004525 0.007837
vn 0.707314 0.655507 -0.264607
vn 0.707314 0.615361 -0.347904
vn 0.707314 0.615361 -0.347904
vn 0.707314 0.655507 -0.264607
vn -0.000000 0.923880 -0.382683
vn 0.707314 0.615361 -0.347904
vn -0.000000 0.923880 -0.382683
vn 0.000000 0.866025 -0.500000
vn 0.000000 0.866025 -0.500000
vn -0.000000 0.923880 -0.382683
vn -0.707314 0.650619 -0.276409
vn 0.000000 0.866025 -0.500000
vn -0.707314 0.650619 -0.276409
vn -0.707314 0.608974 -0.358967
vn -0.707314 0.608974 -0.358967
vn -0.707314 0.650619 -0.276409
vn -0.999959 -0.003463 -0.008360
vn -0.707314 0.608974 -0.358967
vn -0.999959 -0.003463 -0.008360
vn -0.999959 -0.004525 -0.007837
vn -0.999959 -0.004525 -0.007837
vn -0.999959 -0.003463 -0.008360
vn -0.707314 -0.655507 0.264607
vn -0.999959 -0.004525 -0.007837
vn -0.707314 -0.655507 0.264607
vn -0.707314 -0.615361 0.347904
vn -0.707314 -0.615361 0.347904
vn -0.707314 -0.655507 0.264607
vn 0.000000 -0.923880 0.382683
vn -0.707314 -0.615361 0.347904
vn 0.000000 -0.923880 0.382683
vn 0.000000 -0.866025 0.500000
vn 0.000000 -0.923880 0.382683
vn -0.000000 -0.965926 0.258819
vn 0.707314 -0.681131 0.189121
vn 0.000000 -0.923880 0.382683
vn 0.707314 -0.681131 0.189121
vn 0.707314 -0.650619 0.276409
vn 0.707314 -0.650619 0.276409
vn 0.707314 -0.681131 0.189121
vn 0.999959 0.002342 0.008741
vn 0.707314 -0.650619 0.276409
vn 0.999959 0.002342 0.008741
vn 0.999959 0.003463 0.008360
vn 0.999959 0.003463 0.008360
vn 0.999959 0.002342 0.008741
vn 0.707314 0.684437 -0.176782
vn 0.999959 0.003463 0.008360
vn 0.707314 0.684437 -0.176782
vn 0.707314 0.655507 -0.264607
vn 0.707314 0.655507 -0.264607
vn 0.707314 0.684437 -0.176782
vn 0.000000 0.965926 -0.258819
vn 0.707314 0.655507 -0.264607
vn 0.000000 0.965926 -0.258819
vn -0.000000 0.923880 -0.382683
vn -0.000000 0.923880 -0.382683
vn 0.000000 0.965926 -0.258819
vn -0.707314 0.681131 -0.189121
vn -0.000000 0.923880 -0.382683
vn -0.707314 0.681131 -0.189121
vn -0.707314 0.650619 -0.276409
vn -0.707314 0.650619 -0.276409
vn -0.707314 0.681131 -0.189121
vn -0.999959 -0.002342 -0.008741
vn -0.707314 0.650619 -0.276409
vn -0.999959 -0.002342 -0.008741
vn -0.999959 -0.003463 -0.008360
vn -0.999959 -0.003463 -0.008360
vn -0.999959 -0.002342 -0.008741
vn -0.707314 -0.684437 0.176782
vn -0.999959 -0.003463 -0.008360
vn -0.707314 -0.684437 0.176782
vn -0.707314 -0.655507 0.264607
vn -0.707314 -0.655507 0.264607
vn -0.707314 -0.684437 0.176782
vn -0.000000 -0.965926 0.258819
vn -0.707314 -0.655507 0.264607
vn -0.000000 -0.965926 0.258819
vn 0.000000 -0.923880 0.382683
vn -0.000000 -0.965926 0.258819
vn -0.000000 -0.991445 0.130526
vn 0.707314 -0.699989 0.098598
vn -0.000000 -0.965926 0.258819
vn 0.707314 -0.699989 0.098598
vn 0.707314 -0.681131 0.189121
vn 0.707314 -0.681131 0.189121
vn 0.707314 -0.699989 0.098598
vn 0.999959 0.001181 0.008972
vn 0.707314 -0.681131 0.189121
vn 0.999959 0.001181 0.008972
vn 0.999959 0.002342 0.008741
vn 0.999959 0.002342 0.008741
vn 0.999959 0.001181 0.008972
vn 0.707314 0.701657 -0.085933
vn 0.999959 0.002342 0.008741
vn 0.707314 0.701657 -0.085933
vn 0.707314 0.684437 -0.176782
vn 0.707314 0.684437 -0.176782
vn 0.707314 0.701657 -0.085933
vn -0.000000 0.991445 -0.130526
vn 0.707314 0.684437 -0.176782
vn -0.000000 0.991445 -0.130526
vn 0.000000 0.965926 -0.258819
vn 0.000000 0.965926 -0.258819
vn -0.000000 0.991445 -0.130526
vn -0.707314 0.699989 -0.098598
vn 0.000000 0.965926 -0.258819
vn -0.707314 0.699989 -0.098598
vn -0.707314 0.681131 -0.189121
vn -0.707314 0.681131 -0.189121
vn -0.707314 0.699989 -0.098598
vn -0.999959 -0.001181 -0.008972
vn -0.707314 0.681131 -0.189121
vn -0.999959 -0.001181 -0.008972
vn -0.999959 -0.002342 -0.008741
vn -0.999959 -0.002342 -0.008741
vn -0.999959 -0.001181 -0.008972
vn -0.707314 -0.701657 0.085933
vn -0.999959 -0.002342 -0.008741
vn -0.707314 -0.701657 0.085933
vn -0.707314 -0.684437 0.176782
vn -0.707314 -0.684437 0.176782
vn -0.707314 -0.701657 0.085933
vn -0.000000 -0.991445 0.130526
vn -0.707314 -0.684437 0.176782
vn -0.000000 -0.991445 0.130526
vn -0.000000 -0.965926 0.258819
vn -0.000000 -0.991445 0.130526
vn 0.000000 -1.000000 0.000000
vn 0.707314 -0.706870 0.006387
vn -0.000000 -0.991445 0.130526
vn 0.707314 -0.706870 0.006387
vn 0.707314 -0.699989 0.098598
vn 0.707314 -0.699989 0.098598
vn 0.707314 -0.706870 0.006387
vn 0.999959 0.000000 0.009049
vn 0.707314 -0.699989 0.098598
vn 0.999959 0.000000 0.009049
vn 0.999959 0.001181 0.008972
vn 0.999959 0.001181 0.008972
vn 0.999959 0.000000 0.009049
vn 0.707314 0.706870 0.006387
vn 0.999959 0.001181 0.008972
vn 0.707314 0.706870 0.006387
vn 0.707314 0.701657 -0.085933
vn 0.707314 0.701657 -0.085933
vn 0.707314 0.706870 0.006387
vn 0.000000 1.000000 -0.000000
vn 0.707314 0.701657 -0.085933
vn 0.000000 1.000000 -0.000000
vn -0.000000 0.991445 -0.130526
vn -0.000000 0.991445 -0.130526
vn 0.000000 1.000000 -0.000000
vn -0.707314 0.706870 -0.006387
vn -0.000000 0.991445 -0.130526
vn -0.707314 0.706870 -0.006387
vn -0.707314 0.699989 -0.098598
vn -0.707314 0.699989 -0.098598
vn -0.707314 0.706870 -0.006387
vn -0.999959 0.000000 -0.009049
vn -0.707314 0.699989 -0.098598
vn -0.999959 0.000000 -0.009049
vn -0.999959 -0.001181 -0.008972
vn -0.999959 -0.001181 -0.008972
vn -0.999959 0.000000 -0.009049
vn -0.707314 -0.706870 -0.006387
vn -0.999959 -0.001181 -0.008972
vn -0.707314 -0.706870 -0.006387
vn -0.707314 -0.701657 0.085933
vn -0.707314 -0.701657 0.085933
vn -0.707314 -0.706870 -0.006387
vn 0.000000 -1.000000 0.000000
vn -0.707314 -0.701657 0.085933
vn 0.000000 -1.000000 0.000000
vn -0.000000 -0.991445 0.130526
vn 0.000000 -1.000000 0.000000
vn -0.000000 -0.991445 -0.130526
vn 0.707314 -0.701657 -0.085933
vn 0.000000 -1.000000 0.000000
vn 0.707314 -0.701657 -0.085933
vn 0.707314 -0.706870 0.006387
vn 0.707314 -0.706870 0.006387
vn 0.707314 -0.701657 -0.085933
vn 0.999959 -0.001181 0.008972
vn 0.707314 -0.706870 0.006387
vn 0.999959 -0.001181 0.008972
vn 0.999959 0.000000 0.009049
vn 0.999959 0.000000 0.009049
vn 0.999959 -0.001181 0.008972
vn 0.707314 0.699989 0.098598
vn 0.999959 0.000000 0.009049
vn 0.707314 0.699989 0.098598
vn 0.707314 0.706870 0.006387
vn 0.707314 0.706870 0.006387
vn 0.707314 0.699989 0.098598
vn -0.000000 0.991445 0.130526
vn 0.707314 0.706870 0.006387
vn -0.000000 0.991445 0.130526
vn 0.000000 1.000000 -0.000000
vn 0.000000 1.000000 -0.000000
vn -0.000000 0.991445 0.130526
vn -0.707314 0.701657 0.085933
vn 0.000000 1.000000 -0.000000
vn -0.707314 0.701657 0.085933
vn -0.707314 0.706870 -0.006387
vn -0.707314 0.706870 -0.006387
vn -0.707314 0.701657 0.085933
vn -0.999959 0.001181 -0.008972
vn -0.707314 0.706870 -0.006387
vn -0.999959 0.001181 -0.008972
vn -0.999959 0.000000 -0.009049
vn -0.999959 0.000000 -0.009049
vn -0.999959 0.001181 -0.008972
vn -0.707314 -0.699989 -0.098598
vn -0.999959 0.000000 -0.009049
vn -0.707314 -0.699989 -0.098598
vn -0.707314 -0.706870 -0.006387
vn -0.707314 -0.706870 -0.006387
vn -0.707314 -0.699989 -0.098598
vn -0.000000 -0.991445 -0.130526
vn -0.707314 -0.706870 -0.006387
vn -0.000000 -0.991445 -0.130526
vn 0.000000 -1.000000 0.000000
vn -0.000000 -0.991445 -0.130526
vn -0.000000 -0.965926 -0.258819
vn 0.707314 -0.684437 -0.176782
vn -0.000000 -0.991445 -0.130526
vn 0.707314 -0.684437 -0.176782
vn 0.707314 -0.701657 -0.085933
vn 0.707314 -0.701657 -0.085933
vn 0.707314 -0.684437 -0.176782
vn 0.999959 -0.002342 0.008741
vn 0.707314 -0.701657 -0.085933
vn 0.999959 -0.002342 0.008741
vn 0.999959 -0.001181 0.008972
vn 0.999959 -0.001181 0.008972
vn 0.999959 -0.002342 0.008741
vn 0.707314 0.681131 0.189121
vn 0.999959 -0.001181 0.008972
vn 0.707314 0.681131 0.189121
vn 0.707314 0.699989 0.098598
vn 0.707314 0.699989 0.098598
vn 0.707314 0.681131 0.189121
vn -0.000000 0.965926 0.258819
vn 0.707314 0.699989 0.098598
vn -0.000000 0.965926 0.258819
vn -0.000000 0.991445 0.130526
vn -0.000000 0.991445 0.130526
vn -0.000000 0.965926 0.258819
vn -0.707314 0.684437 0.176782
vn -0.000000 0.991445 0.130526
vn -0.707314 0.684437 0.176782
vn -0.707314 0.701657 0.085933
vn -0.707314 0.701657 0.085933
vn -0.707314 0.684437 0.176782
vn -0.999959 0.002342 -0.008741
vn -0.707314 0.701657 0.085933
vn -0.999959 0.002342 -0.008741
vn -0.999959 0.001181 -0.008972
vn -0.999959 0.001181 -0.008972
vn -0.999959 0.002342 -0.008741
vn -0.707314 -0.681131 -0.189121
vn -0.999959 0.001181 -0.008972
vn -0.707314 -0.681131 -0.189121
vn -0.707314 -0.699989 -0.098598
vn -0.707314 -0.699989 -0.098598
vn -0.707314 -0.681131 -0.189121
vn -0.000000 -0.965926 -0.258819
vn -0.707314 -0.699989 -0.098598
vn -0.000000 -0.965926 -0.258819
vn -0.000000 -0.991445 -0.130526
vn -0.000000 -0.965926 -0.258819
vn -0.000000 -0.923880 -0.382683
vn 0.707314 -0.655507 -0.264607
vn -0.000000 -0.965926 -0.258819
vn 0.707314 -0.655507 -0.264607
vn 0.707314 -0.684437 -0.176782
vn 0.707314 -0.684437 -0.176782
vn 0.707314 -0.655507 -0.264607
vn 0.999959 -0.003463 0.008360
vn 0.707314 -0.684437 -0.176782
vn 0.999959 -0.003463 0.008360
vn 0.999959 -0.002342 0.008741
vn 0.999959 -0.002342 0.008741
vn 0.999959 -0.003463 0.008360
vn 0.707314 0.650619 0.276409
vn 0.999959 -0.002342 0.008741
vn 0.707314 0.650619 0.276409
vn 0.707314 0.681131 0.189121
vn 0.707314 0.681131 0.189121
vn 0.707314 0.650619 0.276409
vn 0.000000 0.923880 0.382683
vn 0.707314 0.681131 0.189121
vn 0.000000 0.923880 0.382683
vn -0.000000 0.965926 0.258819
vn -0.000000 0.965926 0.258819
vn 0.000000 0.923880 0.382683
vn -0.707314 0.655507 0.264607
vn -0.000000 0.965926 0.258819
vn -0.707314 0.655507 0.264607
vn -0.707314 0.684437 0.176782
vn -0.707314 0.684437 0.176782
vn -0.707314 0.655507 0.264607
vn -0.999959 0.003463 -0.008360
vn -0.707314 0.684437 0.176782
vn -0.999959 0.003463 -0.008360
vn -0.999959 0.002342 -0.008741
vn -0.999959 0.002342 -0.008741
vn -0.999959 0.003463 -0.008360
vn -0.707314 -0.650619 -0.276409
vn -0.999959 0.002342 -0.008741
vn -0.707314 -0.650619 -0.276409
vn -0.707314 -0.681131 -0.189121
vn -0.707314 -0.681131 -0.189121
vn -0.707314 -0.650619 -0.276409
vn -0.000000 -0.923880 -0.382683
vn -0.707314 -0.681131 -0.189121
vn -0.000000 -0.923880 -0.382683
vn -0.000000 -0.965926 -0.258819
vn -0.000000 -0.923880 -0.382683
vn 0.000000 -0.866025 -0.500000
vn 0.707314 -0.615361 -0.347904
vn -0.000000 -0.923880 -0.382683
vn 0.707314 -0.615361 -0.347904
vn 0.707314 -0.655507 -0.264607
vn 0.707314 -0.655507 -0.264607
vn 0.707314 -0.615361 -0.347904
vn 0.999959 -0.004525 0.007837
vn 0.707314 -0.655507 -0.264607
vn 0.999959 -0.004525 0.007837
vn 0.999959 -0.003463 0.008360
vn 0.999959 -0.003463 0.008360
vn 0.999959 -0.004525 0.007837
vn 0.707314 0.608974 0.358967
vn 0.999959 -0.003463 0.008360
vn 0.707314 0.608974 0.358967
vn 0.707314 0.650619 0.276409
vn 0.707314 0.650619 0.276409
vn 0.707314 0.608974 0.358967
vn 0.000000 0.866025 0.500000
vn 0.707314 0.650619 0.276409
vn 0.000000 0.866025 0.500000
vn 0.000000 0.923880 0.382683
vn 0.000000 0.923880 0.382683
vn 0.000000 0.866025 0.500000
vn -0.707314 0.615361 0.347904
vn 0.000000 0.923880 0.382683
vn -0.707314 0.615361 0.347904
vn -0.707314 0.655507 0.264607
vn -0.707314 0.655507 0.264607
vn -0.707314 0.615361 0.347904
vn -0.999959 0.004525 -0.007837
vn -0.707314 0.655507 0.264607
vn -0.999959 0.004525 -0.007837
vn -0.999959 0.003463 -0.008360
vn -0.999959 0.003463 -0.008360
vn -0.999959 0.004525 -0.007837
vn -0.707314 -0.608974 -0.358967
vn -0.999959 0.003463 -0.008360
vn -0.707314 -0.608974 -0.358967
vn -0.707314 -0.650619 -0.276409
vn -0.707314 -0.650619 -0.276409
vn -0.707314 -0.608974 -0.358967
vn 0.000000 -0.866025 -0.500000
vn -0.707314 -0.650619 -0.276409
vn 0.000000 -0.866025 -0.500000
vn -0.000000 -0.923880 -0.382683
vn 0.000000 -0.866025 -0.500000
vn 0.000000 -0.793353 -0.608761
vn 0.707314 -0.564686 -0.425248
vn 0.000000 -0.866025 -0.500000
vn 0.707314 -0.564686 -0.425248
vn 0.707314 -0.615361 -0.347904
vn 0.707314 -0.615361 -0.347904
vn 0.707314 -0.564686 -0.425248
vn 0.999959 -0.005509 0.007179
vn 0.707314 -0.615361 -0.347904
vn 0.999959 -0.005509 0.007179
vn 0.999959 -0.004525 0.007837
vn 0.999959 -0.004525 0.007837
vn 0.999959 -0.005509 0.007179
vn 0.707314 0.556910 0.435383
vn 0.999959 -0.004525 0.007837
vn 0.707314 0.556910 0.435383
vn 0.707314 0.608974 0.358967
vn 0.707314 0.608974 0.358967
vn 0.707314 0.556910 0.435383
vn 0.000000 0.793353 0.608761
vn 0.707314 0.608974 0.358967
vn 0.000000 0.793353 0.608761
vn 0.000000 0.866025 0.500000
vn 0.000000 0.866025 0.500000
vn 0.000000 0.793353 0.608761
vn -0.707314 0.564686 0.425248
vn 0.000000 0.866025 0.500000
vn -0.707314 0.564686 0.425248
vn -0.707314 0.615361 0.347904
vn -0.707314 0.615361 0.347904
vn -0.707314 0.564686 0.425248
vn -0.999959 0.005509 -0.007179
vn -0.707314 0.615361 0.347904
vn -0.999959 0.005509 -0.007179
vn -0.999959 0.004525 -0.007837
vn -0.999959 0.004525 -0.007837
vn -0.999959 0.005509 -0.007179
vn -0.707314 -0.556910 -0.435383
vn -0.999959 0.004525 -0.007837
vn -0.707314 -0.556910 -0.435383
vn -0.707314 -0.608974 -0.358967
vn -0.707314 -0.608974 -0.358967
vn -0.707314 -0.556910 -0.435383
vn 0.000000 -0.793353 -0.608761
vn -0.707314 -0.608974 -0.358967
vn 0.000000 -0.793353 -0.608761
vn 0.000000 -0.866025 -0.500000
vn 0.000000 -0.793353 -0.608761
vn -0.000000 -0.707107 -0.707107
vn 0.707314 -0.504349 -0.495316
vn 0.000000 -0.793353 -0.608761
vn 0.707314 -0.504349 -0.495316
vn 0.707314 -0.564686 -0.425248
vn 0.707314 -0.564686 -0.425248
vn 0.707314 -0.504349 -0.495316
vn 0.999959 -0.006399 0.006399
vn 0.707314 -0.564686 -0.425248
vn 0.999959 -0.006399 0.006399
vn 0.999959 -0.005509 0.007179
vn 0.999959 -0.005509 0.007179
vn 0.999959 -0.006399 0.006399
vn 0.707314 0.495316 0.504349
vn 0.999959 -0.005509 0.007179
vn 0.707314 0.495316 0.504349
vn 0.707314 0.556910 0.435383
vn 0.707314 0.556910 0.435383
vn 0.707314 0.495316 0.504349
vn 0.000000 0.707107 0.707107
vn 0.707314 0.556910 0.435383
vn 0.000000 0.707107 0.707107
vn 0.000000 0.793353 0.608761
vn 0.000000 0.793353 0.608761
vn 0.000000 0.707107 0.707107
vn -0.707314 0.504349 0.495316
vn 0.000000 0.793353 0.608761
vn -0.707314 0.504349 0.495316
vn -0.707314 0.564686 0.425248
vn -0.707314 0.564686 0.425248
vn -0.707314 0.504349 0.495316
vn -0.999959 0.006399 -0.006399
vn -0.707314 0.564686 0.425248
vn -0.999959 0.006399 -0.006399
vn -0.999959 0.005509 -0.007179
vn -0.999959 0.005509 -0.007179
vn -0.999959 0.006399 -0.006399
vn -0.707314 -0.495316 -0.504349
vn -0.999959 0.005509 -0.007179
vn -0.707314 -0.495316 -0.504349
vn -0.707314 -0.556910 -0.435383
vn -0.707314 -0.556910 -0.435383
vn -0.707314 -0.495316 -0.504349
vn -0.000000 -0.707107 -0.707107
vn -0.707314 -0.556910 -0.435383
vn -0.000000 -0.707107 -0.707107
vn 0.000000 -0.793353 -0.608761
vn -0.000000 -0.707107 -0.707107
vn 0.000000 -0.608761 -0.793353
vn 0.707314 -0.435383 -0.556910
vn -0.000000 -0.707107 -0.707107
vn 0.707314 -0.435383 -0.556910
vn 0.707314 -0.504349 -0.495316
vn 0.707314 -0.504349 -0.495316
vn 0.707314 -0.435383 -0.556910
vn 0.999959 -0.007179 0.005509
vn 0.707314 -0.504349 -0.495316
vn 0.999959 -0.007179 0.005509
vn 0.999959 -0.006399 0.006399
vn 0.999959 -0.006399 0.006399
vn 0.999959 -0.007179 0.005509
vn 0.707314 0.425248 0.564686
vn 0.999959 -0.006399 0.006399
vn 0.707314 0.425248 0.564686
vn 0.707314 0.495316 0.504349
vn 0.707314 0.495316 0.504349
vn 0.707314 0.425248 0.564686
vn -0.000000 0.608761 0.793353
vn 0.707314 0.495316 0.504349
vn -0.000000 0.608761 0.793353
vn 0.000000 0.707107 0.707107
vn 0.000000 0.707107 0.707107
vn -0.000000 0.608761 0.793353
vn -0.707314 0.435383 0.556910
vn 0.000000 0.707107 0.707107
vn -0.707314 0.435383 0.556910
vn -0.707314 0.504349 0.495316
vn -0.707314 0.504349 0.495316
vn -0.707314 0.435383 0.556910
vn -0.999959 0.007179 -0.005509
vn -0.707314 0.504349 0.495316
vn -0.999959 0.007179 -0.005509
vn -0.999959 0.006399 -0.006399
vn -0.999959 0.006399 -0.006399
vn -0.999959 0.007179 -0.005509
vn -0.707314 -0.425248 -0.564686
vn -0.999959 0.006399 -0.006399
vn -0.707314 -0.425248 -0.564686
vn -0.707314 -0.495316 -0.504349
vn -0.707314 -0.495316 -0.504349
vn -0.707314 -0.425248 -0.564686
vn 0.000000 -0.608761 -0.793353
vn -0.707314 -0.495316 -0.504349
vn 0.000000 -0.608761 -0.793353
vn -0.000000 -0.707107 -0.707107
vn 0.000000 -0.608761 -0.793353
vn -0.000000 -0.500000 -0.866025
vn 0.707314 -0.358967 -0.608974
vn 0.000000 -0.608761 -0.793353
vn 0.707314 -0.358967 -0.608974
vn 0.707314 -0.435383 -0.556910
vn 0.707314 -0.435383 -0.556910
vn 0.707314 -0.358967 -0.608974
vn 0.999959 -0.007837 0.004525
vn 0.707314 -0.435383 -0.556910
vn 0.999959 -0.007837 0.004525
vn 0.999959 -0.007179 0.005509
vn 0.999959 -0.007179 0.005509
vn 0.999959 -0.007837 0.004525
vn 0.707314 0.347904 0.615361
vn 0.999959 -0.007179 0.005509
vn 0.707314 0.347904 0.615361
vn 0.707314 0.425248 0.564686
vn 0.707314 0.425248 0.564686
vn 0.707314 0.347904 0.615361
vn -0.000000 0.500000 0.866025
vn 0.707314 0.425248 0.564686
vn -0.000000 0.500000 0.866025
vn -0.000000 0.608761 0.793353
vn -0.000000 0.608761 0.793353
vn -0.000000 0.500000 0.866025
vn -0.707314 0.358967 0.608974
vn -0.000000 0.608761 0.793353
vn -0.707314 0.358967 0.608974
vn -0.707314 0.435383 0.556910
vn -0.707314 0.435383 0.556910
vn -0.707314 0.358967 0.608974
vn -0.999959 0.007837 -0.004525
vn -0.707314 0.435383 0.556910
vn -0.999959 0.007837 -0.004525
vn -0.999959 0.007179 -0.005509
vn -0.999959 0.007179 -0.005509
vn -0.999959 0.007837 -0.004525
vn -0.707314 -0.347904 -0.615361
vn -0.999959 0.007179 -0.005509
vn -0.707314 -0.347904 -0.615361
vn -0.707314 -0.425248 -0.564686
vn -0.707314 -0.425248 -0.564686
vn -0.707314 -0.347904 -0.615361
vn -0.000000 -0.500000 -0.866025
vn -0.707314 -0.425248 -0.564686
vn -0.000000 -0.500000 -0.866025
vn 0.000000 -0.608761 -0.793353
vn -0.000000 -0.500000 -0.866025
vn -0.000000 -0.382683 -0.923880
vn 0.707314 -0.276409 -0.650619
vn -0.000000 -0.500000 -0.866025
vn 0.707314 -0.276409 -0.650619
vn 0.707314 -0.358967 -0.608974
vn 0.707314 -0.358967 -0.608974
vn 0.707314 -0.276409 -0.650619
vn 0.999959 -0.008360 0.003463
vn 0.707314 -0.358967 -0.608974
vn 0.999959 -0.008360 0.003463
vn 0.999959 -0.007837 0.004525
vn 0.999959 -0.007837 0.004525
vn 0.999959 -0.008360 0.003463
vn 0.707314 0.264607 0.655507
vn 0.999959 -0.007837 0.004525
vn 0.707314 0.264607 0.655507
vn 0.707314 0.347904 0.615361
vn 0.707314 0.347904 0.615361
vn 0.707314 0.264607 0.655507
vn -0.000000 0.382683 0.923880
vn 0.707314 0.347904 0.615361
vn -0.000000 0.382683 0.923880
vn -0.000000 0.500000 0.866025
vn -0.000000 0.500000 0.866025
vn -0.000000 0.382683 0.923880
vn -0.707314 0.276409 0.650619
vn -0.000000 0.500000 0.866025
vn -0.707314 0.276409 0.650619
vn -0.707314 0.358967 0.608974
vn -0.707314 0.358967 0.608974
vn -0.707314 0.276409 0.650619
vn -0.999959 0.008360 -0.003463
vn -0.707314 0.358967 0.608974
vn -0.999959 0.008360 -0.003463
vn -0.999959 0.007837 -0.004525
vn -0.999959 0.007837 -0.004525
vn -0.999959 0.008360 -0.003463
vn -0.707314 -0.264607 -0.655507
vn -0.999959 0.007837 -0.004525
vn -0.707314 -0.264607 -0.655507
vn -0.707314 -0.347904 -0.615361
vn -0.707314 -0.347904 -0.615361
vn -0.707314 -0.264607 -0.655507
vn -0.000000 -0.382683 -0.923880
vn -0.707314 -0.347904 -0.615361
vn -0.000000 -0.382683 -0.923880
vn -0.000000 -0.500000 -0.866025
vn -0.000000 -0.382683 -0.923880
vn 0.000000 -0.258819 -0.965926
vn 0.707314 -0.189121 -0.681131
vn -0.000000 -0.382683 -0.923880
vn 0.707314 -0.189121 -0.681131
vn 0.707314 -0.276409 -0.650619
vn 0.707314 -0.276409 -0.650619
vn 0.707314 -0.189121 -0.681131
vn 0.999959 -0.008741 0.002342
vn 0.707314 -0.276409 -0.650619
vn 0.999959 -0.008741 0.002342
vn 0.999959 -0.008360 0.003463
vn 0.999959 -0.008360 0.003463
vn 0.999959 -0.008741 0.002342
vn 0.707314 0.176782 0.684437
vn 0.999959 -0.008360 0.003463
vn 0.707314 0.176782 0.684437
vn 0.707314 0.264607 0.655507
vn 0.707314 0.264607 0.655507
vn 0.707314 0.176782 0.684437
vn 0.000000 0.258819 0.965926
vn 0.707314 0.264607 0.655507
vn 0.000000 0.258819 0.965926
vn -0.000000 0.382683 0.923880
vn -0.000000 0.382683 0.923880
vn 0.000000 0.258819 0.965926
vn -0.707314 0.189121 0.681131
vn -0.000000 0.382683 0.923880
vn -0.707314 0.189121 0.681131
vn -0.707314 0.276409 0.650619
vn -0.707314 0.276409 0.650619
vn -0.707314 0.189121 0.681131
vn -0.999959 0.008741 -0.002342
vn -0.707314 0.276409 0.650619
vn -0.999959 0.008741 -0.002342
vn -0.999959 0.008360 -0.003463
vn -0.999959 0.008360 -0.003463
vn -0.999959 0.008741 -0.002342
vn -0.707314 -0.176782 -0.684437
vn -0.999959 0.008360 -0.003463
vn -0.707314 -0.176782 -0.684437
vn -0.707314 -0.264607 -0.655507
vn -0.707314 -0.264607 -0.655507
vn -0.707314 -0.176782 -0.684437
vn 0.000000 -0.258819 -0.965926
vn -0.707314 -0.264607 -0.655507
vn 0.000000 -0.258819 -0.965926
vn -0.000000 -0.382683 -0.923880
vn 0.000000 -0.258819 -0.965926
vn 0.000000 -0.130526 -0.991445
vn 0.707314 -0.098598 -0.699989
vn 0.000000 -0.258819 -0.965926
vn 0.707314 -0.098598 -0.699989
vn 0.707314 -0.189121 -0.681131
vn 0.707314 -0.189121 -0.681131
vn 0.707314 -0.098598 -0.699989
vn 0.999959 -0.008972 0.001181
vn 0.707314 -0.189121 -0.681131
vn 0.999959 -0.008972 0.001181
vn 0.999959 -0.008741 0.002342
vn 0.999959 -0.008741 0.002342
vn 0.999959 -0.008972 0.001181
vn 0.707314 0.085933 0.701657
vn 0.999959 -0.008741 0.002342
vn 0.707314 0.085933 0.701657
vn 0.707314 0.176782 0.684437
vn 0.707314 0.176782 0.684437
vn 0.707314 0.085933 0.701657
vn 0.000000 0.130526 0.991445
vn 0.707314 0.176782 0.684437
vn 0.000000 0.130526 0.991445
vn 0.000000 0.258819 0.965926
vn 0.000000 0.258819 0.965926
vn 0.000000 0.130526 0.991445
vn -0.707314 0.098598 0.699989
vn 0.000000 0.258819 0.965926
vn -0.707314 0.098598 0.699989
vn -0.707314 0.189121 0.681131
vn -0.707314 0.189121 0.681131
vn -0.707314 0.098598 0.699989
vn -0.999959 0.008972 -0.001181
vn -0.707314 0.189121 0.681131
vn -0.999959 0.008972 -0.001181
vn -0.999959 0.008741 -0.002342
vn -0.999959 0.008741 -0.002342
vn -0.999959 0.008972 -0.001181
vn -0.707314 -0.085933 -0.701657
vn -0.999959 0.008741 -0.002342
vn -0.707314 -0.085933 -0.701657
vn -0.707314 -0.176782 -0.684437
vn -0.707314 -0.176782 -0.684437
vn -0.707314 -0.085933 -0.701657
vn 0.000000 -0.130526 -0.991445
vn -0.707314 -0.176782 -0.684437
vn 0.000000 -0.130526 -0.991445
vn 0.000000 -0.258819 -0.965926
vn 0.000000 -0.130526 -0.991445
vn -0.000000 -0.000000 -1.000000
vn 0.707314 -0.006387 -0.706870
vn 0.000000 -0.130526 -0.991445
vn 0.707314 -0.006387 -0.706870
vn 0.707314 -0.098598 -0.699989
vn 0.707314 -0.098598 -0.699989
vn 0.707314 -0.006387 -0.706870
vn 0.999959 -0.009049 0.000000
vn 0.707314 -0.098598 -0.699989
vn 0.999959 -0.009049 0.000000
vn 0.999959 -0.008972 0.001181
vn 0.999959 -0.008972 0.001181
vn 0.999959 -0.009049 0.000000
vn 0.707314 -0.006387 0.706870
vn 0.999959 -0.008972 0.001181
vn 0.707314 -0.006387 0.706870
vn 0.707314 0.085933 0.701657
vn 0.707314 0.085933 0.701657
vn 0.707314 -0.006387 0.706870
vn 0.000000 0.000000 1.000000
vn 0.707314 0.085933 0.701657
vn 0.000000 0.000000 1.000000
vn 0.000000 0.130526 0.991445
vn 0.000000 0.130526 0.991445
vn 0.000000 0.000000 1.000000
vn -0.707314 0.006387 0.706870
vn 0.000000 0.130526 0.991445
vn -0.707314 0.006387 0.706870
vn -0.707314 0.098598 0.699989
vn -0.707314 0.098598 0.699989
vn -0.707314 0.006387 0.706870
vn -0.999959 0.009049 0.000000
vn -0.707314 0.098598 0.699989
vn -0.999959 0.009049 0.000000
vn -0.999959 0.008972 -0.001181
vn -0.999959 0.008972 -0.001181
vn -0.999959 0.009049 0.000000
vn -0.707314 0.006387 -0.706870
vn -0.999959 0.008972 -0.001181
vn -0.707314 0.006387 -0.706870
vn -0.707314 -0.085933 -0.701657
vn -0.707314 -0.085933 -0.701657
vn -0.707314 0.006387 -0.706870
vn -0.000000 -0.000000 -1.000000
vn -0.707314 -0.085933 -0.701657
vn -0.000000 -0.000000 -1.000000
vn 0.000000 -0.130526 -0.991445
vn -0.000000 -0.000000 -1.000000
vn -0.000000 0.130526 -0.991445
vn 0.707314 0.085933 -0.701657
vn -0.000000 -0.000000 -1.000000
vn 0.707314 0.085933 -0.701657
vn 0.707314 -0.006387 -0.706870
vn 0.707314 -0.006387 -0.706870
vn 0.707314 0.085933 -0.701657
vn 0.999959 -0.008972 -0.001181
vn 0.707314 -0.006387 -0.706870
vn 0.999959 -0.008972 -0.001181
vn 0.999959 -0.009049 0.000000
vn 0.999959 -0.009049 0.000000
vn 0.999959 -0.008972 -0.001181
vn 0.707314 -0.098598 0.699989
vn 0.999959 -0.009049 0.000000
vn 0.707314 -0.098598 0.699989
vn 0.707314 -0.006387 0.706870
vn 0.707314 -0.006387 0.706870
vn 0.707314 -0.098598 0.699989
vn 0.000000 -0.130526 0.991445
vn 0.707314 -0.006387 0.706870
vn 0.000000 -0.130526 0.991445
vn 0.000000 0.000000 1.000000
vn 0.000000 0.000000 1.000000
vn 0.000000 -0.130526 0.991445
vn -0.707314 -0.085933 0.701657
vn 0.000000 0.000000 1.000000
vn -0.707314 -0.085933 0.701657
vn -0.707314 0.006387 0.706870
vn -0.707314 0.006387 0.706870
vn -0.707314 -0.085933 0.701657
vn -0.999959 0.008972 0.001181
vn -0.707314 0.006387 0.706870
vn -0.999959 0.008972 0.001181
vn -0.999959 0.009049 0.000000
vn -0.999959 0.009049 0.000000
vn -0.999959 0.008972 0.001181
vn -0.707314 0.098598 -0.699989
vn -0.999959 0.009049 0.000000
vn -0.707314 0.098598 -0.699989
vn -0.707314 0.006387 -0.706870
vn -0.707314 0.006387 -0.706870
vn -0.707314 0.098598 -0.699989
vn -0.000000 0.130526 -0.991445
vn -0.707314 0.006387 -0.706870
vn -0.000000 0.130526 -0.991445
vn -0.000000 -0.000000 -1.000000
vn -0.000000 0.130526 -0.991445
vn -0.000000 0.258819 -0.965926
vn 0.707314 0.176782 -0.684437
vn -0.000000 0.130526 -0.991445
vn 0.707314 0.176782 -0.684437
vn 0.707314 0.085933 -0.701657
vn 0.707314 0.085933 -0.701657
vn 0.707314 0.176782 -0.684437
vn 0.999959 -0.008741 -0.002342
vn 0.707314 0.085933 -0.701657
vn 0.999959 -0.008741 -0.002342
vn 0.999959 -0.008972 -0.001181
vn 0.999959 -0.008972 -0.001181
vn 0.999959 -0.008741 -0.002342
vn 0.707314 -0.189121 0.681131
vn 0.999959 -0.008972 -0.001181
vn 0.707314 -0.189121 0.681131
vn 0.707314 -0.098598 0.699989
vn 0.707314 -0.098598 0.699989
vn 0.707314 -0.189121 0.681131
vn 0.000000 -0.258819 0.965926
vn 0.707314 -0.098598 0.699989
vn 0.000000 -0.258819 0.965926
vn 0.000000 -0.130526 0.991445
vn 0.000000 -0.130526 0.991445
vn 0.000000 -0.258819 0.965926
vn -0.707314 -0.176782 0.684437
vn 0.000000 -0.130526 0.991445
vn -0.707314 -0.176782 0.684437
vn -0.707314 -0.085933 0.701657
vn -0.707314 -0.085933 0.701657
vn -0.707314 -0.176782 0.684437
vn -0.999959 0.008741 0.002342
vn -0.707314 -0.085933 0.701657
vn -0.999959 0.008741 0.002342
vn -0.999959 0.008972 0.001181
vn -0.999959 0.008972 0.001181
vn -0.999959 0.008741 0.002342
vn -0.707314 0.189121 -0.681131
vn -0.999959 0.008972 0.001181
vn -0.707314 0.189121 -0.681131
vn -0.707314 0.098598 -0.699989
vn -0.707314 0.098598 -0.699989
vn -0.707314 0.189121 -0.681131
vn -0.000000 0.258819 -0.965926
vn -0.707314 0.098598 -0.699989
vn -0.000000 0.258819 -0.965926
vn -0.000000 0.130526 -0.991445
vn -0.000000 0.258819 -0.965926
vn 0.000000 0.382683 -0.923880
vn 0.707314 0.264607 -0.655507
vn -0.000000 0.258819 -0.965926
vn 0.707314 0.264607 -0.655507
vn 0.707314 0.176782 -0.684437
vn 0.707314 0.176782 -0.684437
vn 0.707314 0.264607 -0.655507
vn 0.999959 -0.008360 -0.003463
vn 0.707314 0.176782 -0.684437
vn 0.999959 -0.008360 -0.003463
vn 0.999959 -0.008741 -0.002342
vn 0.999959 -0.008741 -0.002342
vn 0.999959 -0.008360 -0.003463
vn 0.707314 -0.276409 0.650619
vn 0.999959 -0.008741 -0.002342
vn 0.707314 -0.276409 0.650619
vn 0.707314 -0.189121 0.681131
vn 0.707314 -0.189121 0.681131
vn 0.707314 -0.276409 0.650619
vn -0.000000 -0.382683 0.923880
vn 0.707314 -0.189121 0.681131
vn -0.000000 -0.382683 0.923880
vn 0.000000 -0.258819 0.965926
vn 0.000000 -0.258819 0.965926
vn -0.000000 -0.382683 0.923880
vn -0.707314 -0.264607 0.655507
vn 0.000000 -0.258819 0.965926
vn -0.707314 -0.264607 0.655507
vn -0.707314 -0.176782 0.684437
vn -0.707314 -0.176782 0.684437
vn -0.707314 -0.264607 0.655507
vn -0.999959 0.008360 0.003463
vn -0.707314 -0.176782 0.684437
vn -0.999959 0.008360 0.003463
vn -0.999959 0.008741 0.002342
vn -0.999959 0.008741 0.002342
vn -0.999959 0.008360 0.003463
vn -0.707314 0.276409 -0.650619
vn -0.999959 0.008741 0.002342
vn -0.707314 0.276409 -0.650619
vn -0.707314 0.189121 -0.681131
vn -0.707314 0.189121 -0.681131
vn -0.707314 0.276409 -0.650619
vn 0.000000 0.382683 -0.923880
vn -0.707314 0.189121 -0.681131
vn 0.000000 0.382683 -0.923880
vn -0.000000 0.258819 -0.965926
vn 0.000000 0.382683 -0.923880
vn 0.000000 0.500000 -0.866025
vn 0.707314 0.347904 -0.615361
vn 0.000000 0.382683 -0.923880
vn 0.707314 0.347904 -0.615361
vn 0.707314 0.264607 -0.655507
vn 0.707314 0.264607 -0.655507
vn 0.707314 0.347904 -0.615361
vn 0.999959 -0.007837 -0.004525
vn 0.707314 0.264607 -0.655507
vn 0.999959 -0.007837 -0.004525
vn 0.999959 -0.008360 -0.003463
vn 0.999959 -0.008360 -0.003463
vn 0.999959 -0.007837 -0.004525
vn 0.707314 -0.358967 0.608974
vn 0.999959 -0.008360 -0.003463
vn 0.707314 -0.358967 0.608974
vn 0.707314 -0.276409 0.650619
vn 0.707314 -0.276409 0.650619
vn 0.707314 -0.358967 0.608974
vn -0.000000 -0.500000 0.866025
vn 0.707314 -0.276409 0.650619
vn -0.000000 -0.500000 0.866025
vn -0.000000 -0.382683 0.923880
vn -0.000000 -0.382683 0.923880
vn -0.000000 -0.500000 0.866025
vn -0.707314 -0.347904 0.615361
vn -0.000000 -0.382683 0.923880
vn -0.707314 -0.347904 0.615361
vn -0.707314 -0.264607 0.655507
vn -0.707314 -0.264607 0.655507
vn -0.707314 -0.347904 0.615361
vn -0.999959 0.007837 0.004525
vn -0.707314 -0.264607 0.655507
vn -0.999959 0.007837 0.004525
vn -0.999959 0.008360 0.003463
vn -0.999959 0.008360 0.003463
vn -0.999959 0.007837 0.004525
vn -0.707314 0.358967 -0.608974
vn -0.999959 0.008360 0.003463
vn -0.707314 0.358967 -0.608974
vn -0.707314 0.276409 -0.650619
vn -0.707314 0.276409 -0.650619
vn -0.707314 0.358967 -0.608974
vn 0.000000 0.500000 -0.866025
vn -0.707314 0.276409 -0.650619
vn 0.000000 0.500000 -0.866025
vn 0.000000 0.382683 -0.923880
vn 0.000000 0.500000 -0.866025
vn 0.000000 0.608761 -0.793353
vn 0.707314 0.425248 -0.564686
vn 0.000000 0.500000 -0.866025
vn 0.707314 0.425248 -0.564686
vn 0.707314 0.347904 -0.615361
vn 0.707314 0.347904 -0.615361
vn 0.707314 0.425248 -0.564686
vn 0.999959 -0.007179 -0.005509
vn 0.707314 0.347904 -0.615361
vn 0.999959 -0.007179 -0.005509
vn 0.999959 -0.007837 -0.004525
vn 0.999959 -0.007837 -0.004525
vn 0.999959 -0.007179 -0.005509
vn 0.707314 -0.435383 0.556910
vn 0.999959 -0.007837 -0.004525
vn 0.707314 -0.435383 0.556910
vn 0.707314 -0.358967 0.608974
vn 0.707314 -0.358967 0.608974
vn 0.707314 -0.435383 0.556910
vn -0.000000 -0.608761 0.793353
vn 0.707314 -0.358967 0.608974
vn -0.000000 -0.608761 0.793353
vn -0.000000 -0.500000 0.866025
vn -0.000000 -0.500000 0.866025
vn -0.000000 -0.608761 0.793353
vn -0.707314 -0.425248 0.564686
vn -0.000000 -0.500000 0.866025
vn -0.707314 -0.425248 0.564686
vn -0.707314 -0.347904 0.615361
vn -0.707314 -0.347904 0.615361
vn -0.707314 -0.425248 0.564686
vn -0.999959 0.007179 0.005509
vn -0.707314 -0.347904 0.615361
vn -0.999959 0.007179 0.005509
vn -0.999959 0.007837 0.004525
vn -0.999959 0.007837 0.004525
vn -0.999959 0.007179 0.005509
vn -0.707314 0.435383 -0.556910
vn -0.999959 0.007837 0.004525
vn -0.707314 0.435383 -0.556910
vn -0.707314 0.358967 -0.608974
vn -0.707314 0.358967 -0.608974
vn -0.707314 0.435383 -0.556910
vn 0.000000 0.608761 -0.793353
vn -0.707314 0.358967 -0.608974
vn 0.000000 0.608761 -0.793353
vn 0.000000 0.500000 -0.866025
vn 0.000000 0.608761 -0.793353
vn -0.000000 0.707107 -0.707107
vn 0.707314 0.495316 -0.504349
vn 0.000000 0.608761 -0.793353
vn 0.707314 0.495316 -0.504349
vn 0.707314 0.425248 -0.564686
vn 0.707314 0.425248 -0.564686
vn 0.707314 0.495316 -0.504349
vn 0.999959 -0.006399 -0.006399
vn 0.707314 0.425248 -0.564686
vn 0.999959 -0.006399 -0.006399
vn 0.999959 -0.007179 -0.005509
vn 0.999959 -0.007179 -0.005509
vn 0.999959 -0.006399 -0.006399
vn 0.707314 -0.504349 0.495316
vn 0.999959 -0.007179 -0.005509
vn 0.707314 -0.504349 0.495316
vn 0.707314 -0.435383 0.556910
vn 0.707314 -0.435383 0.556910
vn 0.707314 -0.504349 0.495316
vn 0.000000 -0.707107 0.707107
vn 0.707314 -0.435383 0.556910
vn 0.000000 -0.707107 0.707107
vn -0.000000 -0.608761 0.793353
vn -0.000000 -0.608761 0.793353
vn 0.000000 -0.707107 0.707107
vn -0.707314 -0.495316 0.504349
vn -0.000000 -0.608761 0.793353
vn -0.707314 -0.495316 0.504349
vn -0.707314 -0.425248 0.564686
vn -0.707314 -0.425248 0.564686
vn -0.707314 -0.495316 0.504349
vn -0.999959 0.006399 0.006399
vn -0.707314 -0.425248 0.564686
vn -0.999959 0.006399 0.006399
vn -0.999959 0.007179 0.005509
vn -0.999959 0.007179 0.005509
vn -0.999959 0.006399 0.006399
vn -0.707314 0.504349 -0.495316
vn -0.999959 0.007179 0.005509
vn -0.707314 0.504349 -0.495316
vn -0.707314 0.435383 -0.556910
vn -0.707314 0.435383 -0.556910
vn -0.707314 0.504349 -0.495316
vn -0.000000 0.707107 -0.707107
vn -0.707314 0.435383 -0.556910
vn -0.000000 0.707107 -0.707107
vn 0.000000 0.608761 -0.793353
vn -0.000000 0.707107 -0.707107
vn -0.000000 0.793353 -0.608761
vn 0.707314 0.556910 -0.435383
vn -0.000000 0.707107 -0.707107
vn 0.707314 0.556910 -0.435383
vn 0.707314 0.495316 -0.504349
vn 0.707314 0.495316 -0.504349
vn 0.707314 0.556910 -0.435383
vn 0.999959 -0.005509 -0.007179
vn 0.707314 0.495316 -0.504349
vn 0.999959 -0.005509 -0.007179
vn 0.999959 -0.006399 -0.006399
vn 0.999959 -0.006399 -0.006399
vn 0.999959 -0.005509 -0.007179
vn 0.707314 -0.564686 0.425248
vn 0.999959 -0.006399 -0.006399
vn 0.707314 -0.564686 0.425248
vn 0.707314 -0.504349 0.495316
vn 0.707314 -0.504349 0.495316
vn 0.707314 -0.564686 0.425248
vn 0.000000 -0.793353 0.608761
vn 0.707314 -0.504349 0.495316
vn 0.000000 -0.793353 0.608761
vn 0.000000 -0.707107 0.707107
vn 0.000000 -0.707107 0.707107
vn 0.000000 -0.793353 0.608761
vn -0.707314 -0.556910 0.435383
vn 0.000000 -0.707107 0.707107
vn -0.707314 -0.556910 0.435383
vn -0.707314 -0.495316 0.504349
vn -0.707314 -0.495316 0.504349
vn -0.707314 -0.556910 0.435383
vn -0.999959 0.005509 0.007179
vn -0.707314 -0.495316 0.504349
vn -0.999959 0.005509 0.007179
vn -0.999959 0.006399 0.006399
vn -0.999959 0.006399 0.006399
vn -0.999959 0.005509 0.007179
vn -0.707314 0.564686 -0.425248
vn -0.999959 0.006399 0.006399
vn -0.707314 0.564686 -0.425248
vn -0.707314 0.504349 -0.495316
vn -0.707314 0.504349 -0.495316
vn -0.707314 0.564686 -0.425248
vn -0.000000 0.793353 -0.608761
vn -0.707314 0.504349 -0.495316
vn -0.000000 0.793353 -0.608761
vn -0.000000 0.707107 -0.707107
vn -0.000000 0.793353 -0.608761
vn -0.000000 0.866025 -0.500000
vn 0.707314 0.608974 -0.358967
vn -0.000000 0.793353 -0.608761
vn 0.707314 0.608974 -0.358967
vn 0.707314 0.556910 -0.435383
vn 0.707314 0.556910 -0.435383
vn 0.707314 0.608974 -0.358967
vn 0.999959 -0.004525 -0.007837
vn 0.707314 0.556910 -0.435383
vn 0.999959 -0.004525 -0.007837
vn 0.999959 -0.005509 -0.007179
vn 0.999959 -0.005509 -0.007179
vn 0.999959 -0.004525 -0.007837
vn 0.707314 -0.615361 0.347904
vn 0.999959 -0.005509 -0.007179
vn 0.707314 -0.615361 0.347904
vn 0.707314 -0.564686 0.425248
vn 0.707314 -0.564686 0.425248
vn 0.707314 -0.615361 0.347904
vn -0.000000 -0.866025 0.500000
vn 0.707314 -0.564686 0.425248
vn -0.000000 -0.866025 0.500000
vn 0.000000 -0.793353 0.608761
vn 0.000000 -0.793353 0.608761
vn -0.000000 -0.866025 0.500000
vn -0.707314 -0.608974 0.358967
vn 0.000000 -0.793353 0.608761
vn -0.707314 -0.608974 0.358967
vn -0.707314 -0.556910 0.435383
vn -0.707314 -0.556910 0.435383
vn -0.707314 -0.608974 0.358967
vn -0.999959 0.004525 0.007837
vn -0.707314 -0.556910 0.435383
vn -0.999959 0.004525 0.007837
vn -0.999959 0.005509 0.007179
vn -0.999959 0.005509 0.007179
vn -0.999959 0.004525 0.007837
vn -0.707314 0.615361 -0.347904
vn -0.999959 0.005509 0.007179
vn -0.707314 0.615361 -0.347904
vn -0.707314 0.564686 -0.425248
vn -0.707314 0.564686 -0.425248
vn -0.707314 0.615361 -0.347904
vn -0.000000 0.866025 -0.500000
vn -0.707314 0.564686 -0.425248
vn -0.000000 0.866025 -0.500000
vn -0.000000 0.793353 -0.608761
vn -0.000000 0.866025 -0.500000
vn 0.000000 0.923880 -0.382683
vn 0.707314 0.650619 -0.276409
vn -0.000000 0.866025 -0.500000
vn 0.707314 0.650619 -0.276409
vn 0.707314 0.608974 -0.358967
vn 0.707314 0.608974 -0.358967
vn 0.707314 0.650619 -0.276409
vn 0.999959 -0.003463 -0.008360
vn 0.707314 0.608974 -0.358967
vn 0.999959 -0.003463 -0.008360
vn 0.999959 -0.004525 -0.007837
vn 0.999959 -0.004525 -0.007837
vn 0.999959 -0.003463 -0.008360
vn 0.707314 -0.655507 0.264607
vn 0.999959 -0.004525 -0.007837
vn 0.707314 -0.655507 0.264607
vn 0.707314 -0.615361 0.347904
vn 0.707314 -0.615361 0.347904
vn 0.707314 -0.655507 0.264607
vn 0.000000 -0.923880 0.382683
vn 0.707314 -0.615361 0.347904
vn 0.000000 -0.923880 0.382683
vn -0.000000 -0.866025 0.500000
vn -0.000000 -0.866025 0.500000
vn 0.000000 -0.923880 0.382683
vn -0.707314 -0.650619 0.276409
vn -0.000000 -0.866025 0.500000
vn -0.707314 -0.650619 0.276409
vn -0.707314 -0.608974 0.358967
vn -0.707314 -0.608974 0.358967
vn -0.707314 -0.650619 0.276409
vn -0.999959 0.003463 0.008360
vn -0.707314 -0.608974 0.358967
vn -0.999959 0.003463 0.008360
vn -0.999959 0.004525 0.007837
vn -0.999959 0.004525 0.007837
vn -0.999959 0.003463 0.008360
vn -0.707314 0.655507 -0.264607
vn -0.999959 0.004525 0.007837
vn -0.707314 0.655507 -0.264607
vn -0.707314 0.615361 -0.347904
vn -0.707314 0.615361 -0.347904
vn -0.707314 0.655507 -0.264607
vn 0.000000 0.923880 -0.382683
vn -0.707314 0.615361 -0.347904
vn 0.000000 0.923880 -0.382683
vn -0.000000 0.866025 -0.500000
vn 0.000000 0.923880 -0.382683
vn 0.000000 0.965926 -0.258819
vn 0.707314 0.681131 -0.189121
vn 0.000000 0.923880 -0.382683
vn 0.707314 0.681131 -0.189121
vn 0.707314 0.650619 -0.276409
vn 0.707314 0.650619 -0.276409
vn 0.707314 0.681131 -0.189121
vn 0.999959 -0.002342 -0.008741
vn 0.707314 0.650619 -0.276409
vn 0.999959 -0.002342 -0.008741
vn 0.999959 -0.003463 -0.008360
vn 0.999959 -0.003463 -0.008360
vn 0.999959 -0.002342 -0.008741
vn 0.707314 -0.684437 0.176782
vn 0.999959 -0.003463 -0.008360
vn 0.707314 -0.684437 0.176782
vn 0.707314 -0.655507 0.264607
vn 0.707314 -0.655507 0.264607
vn 0.707314 -0.684437 0.176782
vn 0.000000 -0.965926 0.258819
vn 0.707314 -0.655507 0.264607
vn 0.000000 -0.965926 0.258819
vn 0.000000 -0.923880 0.382683
vn 0.000000 -0.923880 0.382683
vn 0.000000 -0.965926 0.258819
vn -0.707314 -0.681131 0.189121
vn 0.000000 -0.923880 0.382683
vn -0.707314 -0.681131 0.189121
vn -0.707314 -0.650619 0.276409
vn -0.707314 -0.650619 0.276409
vn -0.707314 -0.681131 0.189121
vn -0.999959 0.002342 0.008741
vn -0.707314 -0.650619 0.276409
vn -0.999959 0.002342 0.008741
vn -0.999959 0.003463 0.008360
vn -0.999959 0.003463 0.008360
vn -0.999959 0.002342 0.008741
vn -0.707314 0.684437 -0.176782
vn -0.999959 0.003463 0.008360
vn -0.707314 0.684437 -0.176782
vn -0.707314 0.655507 -0.264607
vn -0.707314 0.655507 -0.264607
vn -0.707314 0.684437 -0.176782
vn 0.000000 0.965926 -0.258819
vn -0.707314 0.655507 -0.264607
vn 0.000000 0.965926 -0.258819
vn 0.000000 0.923880 -0.382683
vn 0.000000 0.965926 -0.258819
vn 0.000000 0.991445 -0.130526
vn 0.707314 0.699989 -0.098598
vn 0.000000 0.965926 -0.258819
vn 0.707314 0.699989 -0.098598
vn 0.707314 0.681131 -0.189121
vn 0.707314 0.681131 -0.189121
vn 0.707314 0.699989 -0.098598
vn 0.999959 -0.001181 -0.008972
vn 0.707314 0.681131 -0.189121
vn 0.999959 -0.001181 -0.008972
vn 0.999959 -0.002342 -0.008741
vn 0.999959 -0.002342 -0.008741
vn 0.999959 -0.001181 -0.008972
vn 0.707314 -0.701657 0.085933
vn 0.999959 -0.002342 -0.008741
vn 0.707314 -0.701657 0.085933
vn 0.707314 -0.684437 0.176782
vn 0.707314 -0.684437 0.176782
vn 0.707314 -0.701657 0.085933
vn -0.000000 -0.991445 0.130526
vn 0.707314 -0.684437 0.176782
vn -0.000000 -0.991445 0.130526
vn 0.000000 -0.965926 0.258819
vn 0.000000 -0.965926 0.258819
vn -0.000000 -0.991445 0.130526
vn -0.707314 -0.699989 0.098598
vn 0.000000 -0.965926 0.258819
vn -0.707314 -0.699989 0.098598
vn -0.707314 -0.681131 0.189121
vn -0.707314 -0.681131 0.189121
vn -0.707314 -0.699989 0.098598
vn -0.999959 0.001181 0.008972
vn -0.707314 -0.681131 0.189121
vn -0.999959 0.001181 0.008972
vn -0.999959 0.002342 0.008741
vn -0.999959 0.002342 0.008741
vn -0.999959 0.001181 0.008972
vn -0.707314 0.701657 -0.085933
vn -0.999959 0.002342 0.008741
vn -0.707314 0.701657 -0.085933
vn -0.707314 0.684437 -0.176782
vn -0.707314 0.684437 -0.176782
vn -0.707314 0.701657 -0.085933
vn 0.000000 0.991445 -0.130526
vn -0.707314 0.684437 -0.176782
vn 0.000000 0.991445 -0.130526
vn 0.000000 0.965926 -0.258819
vn 0.000000 0.991445 -0.130526
vn -0.000000 1.000000 0.000000
vn 0.707314 0.706870 -0.006387
vn 0.000000 0.991445 -0.130526
vn 0.707314 0.706870 -0.006387
vn 0.707314 0.699989 -0.098598
vn 0.707314 0.699989 -0.098598
vn 0.707314 0.706870 -0.006387
vn 0.999959 -0.000000 -0.009049
vn 0.707314 0.699989 -0.098598
vn 0.999959 -0.000000 -0.009049
vn 0.999959 -0.001181 -0.008972
vn 0.999959 -0.001181 -0.008972
vn 0.999959 -0.000000 -0.009049
vn 0.707314 -0.706870 -0.006387
vn 0.999959 -0.001181 -0.008972
vn 0.707314 -0.706870 -0.006387
vn 0.707314 -0.701657 0.085933
vn 0.707314 -0.701657 0.085933
vn 0.707314 -0.706870 -0.006387
vn 0.000000 -1.000000 -0.000000
vn 0.707314 -0.701657 0.085933
vn 0.000000 -1.000000 -0.000000
vn -0.000000 -0.991445 0.130526
vn -0.000000 -0.991445 0.130526
vn 0.000000 -1.000000 -0.000000
vn -0.707314 -0.706870 0.006387
vn -0.000000 -0.991445 0.130526
vn -0.707314 -0.706870 0.006387
vn -0.707314 -0.699989 0.098598
vn -0.707314 -0.699989 0.098598
vn -0.707314 -0.706870 0.006387
vn -0.999959 -0.000000 0.009049
vn -0.707314 -0.699989 0.098598
vn -0.999959 -0.000000 0.009049
vn -0.999959 0.001181 0.008972
vn -0.999959 0.001181 0.008972
vn -0.999959 -0.000000 0.009049
vn -0.707314 0.706870 0.006387
vn -0.999959 0.001181 0.008972
vn -0.707314 0.706870 0.006387
vn -0.707314 0.701657 -0.085933
vn -0.707314 0.701657 -0.085933
vn -0.707314 0.706870 0.006387
vn -0.000000 1.000000 0.000000
vn -0.707314 0.701657 -0.085933
vn -0.000000 1.000000 0.000000
vn 0.000000 0.991445 -0.130526
vn 0.000000 1.000000 0.000000
vn -0.000000 0.991445 0.130526
vn 0.707314 0.701657 0.085933
vn 0.000000 1.000000 0.000000
vn 0.707314 0.701657 0.085933
vn 0.707314 0.706870 -0.006387
vn 0.707314 0.706870 -0.006387
vn 0.707314 0.701657 0.085933
vn 0.999959 0.001181 -0.008972
vn 0.707314 0.706870 -0.006387
vn 0.999959 0.001181 -0.008972
vn 0.999959 0.000000 -0.009049
vn 0.999959 0.000000 -0.009049
vn 0.999959 0.001181 -0.008972
vn 0.707314 -0.699989 -0.098598
vn 0.999959 0.000000 -0.009049
vn 0.707314 -0.699989 -0.098598
vn 0.707314 -0.706870 -0.006387
vn 0.707314 -0.706870 -0.006387
vn 0.707314 -0.699989 -0.098598
vn -0.000000 -0.991445 -0.130526
vn 0.707314 -0.706870 -0.006387
vn -0.000000 -0.991445 -0.130526
vn 0.000000 -1.000000 -0.000000
vn 0.000000 -1.000000 -0.000000
vn -0.000000 -0.991445 -0.130526
vn -0.707314 -0.701657 -0.085933
vn 0.000000 -1.000000 -0.000000
vn -0.707314 -0.701657 -0.085933
vn -0.707314 -0.706870 0.006387
vn -0.707314 -0.706870 0.006387
vn -0.707314 -0.701657 -0.085933
vn -0.999959 -0.001181 0.008972
vn -0.707314 -0.706870 0.006387
vn -0.999959 -0.001181 0.008972
vn -0.999959 -0.000000 0.009049
vn -0.999959 -0.000000 0.009049
vn -0.999959 -0.001181 0.008972
vn -0.707314 0.699989 0.098598
vn -0.999959 -0.000000 0.009049
vn -0.707314 0.699989 0.098598
vn -0.707314 0.706870 0.006387
vn -0.707314 0.706870 0.006387
vn -0.707314 0.699989 0.098598
vn -0.000000 0.991445 0.130526
vn -0.707314 0.706870 0.006387
vn -0.000000 0.991445 0.130526
vn 0.000000 1.000000 0.000000
vn -0.000000 0.991445 0.130526
vn -0.000000 0.965926 0.258819
vn 0.707314 0.684437 0.176782
vn -0.000000 0.991445 0.130526
vn 0.707314 0.684437 0.176782
vn 0.707314 0.701657 0.085933
vn 0.707314 0.701657 0.085933
vn 0.707314 0.684437 0.176782
vn 0.999959 0.002342 -0.008741
vn 0.707314 0.701657 0.085933
vn 0.999959 0.002342 -0.008741
vn 0.999959 0.001181 -0.008972
vn 0.999959 0.001181 -0.008972
vn 0.999959 0.002342 -0.008741
vn 0.707314 -0.681131 -0.189121
vn 0.999959 0.001181 -0.008972
vn 0.707314 -0.681131 -0.189121
vn 0.707314 -0.699989 -0.098598
vn 0.707314 -0.699989 -0.098598
vn 0.707314 -0.681131 -0.189121
vn 0.000000 -0.965926 -0.258819
vn 0.707314 -0.699989 -0.098598
vn 0.000000 -0.965926 -0.258819
vn -0.000000 -0.991445 -0.130526
vn -0.000000 -0.991445 -0.130526
vn 0.000000 -0.965926 -0.258819
vn -0.707314 -0.684437 -0.176782
vn -0.000000 -0.991445 -0.130526
vn -0.707314 -0.684437 -0.176782
vn -0.707314 -0.701657 -0.085933
vn -0.707314 -0.701657 -0.085933
vn -0.707314 -0.684437 -0.176782
vn -0.999959 -0.002342 0.008741
vn -0.707314 -0.701657 -0.085933
vn -0.999959 -0.002342 0.008741
vn -0.999959 -0.001181 0.008972
vn -0.999959 -0.001181 0.008972
vn -0.999959 -0.002342 0.008741
vn -0.707314 0.681131 0.189121
vn -0.999959 -0.001181 0.008972
vn -0.707314 0.681131 0.189121
vn -0.707314 0.699989 0.098598
vn -0.707314 0.699989 0.098598
vn -0.707314 0.681131 0.189121
vn -0.000000 0.965926 0.258819
vn -0.707314 0.699989 0.098598
vn -0.000000 0.965926 0.258819
vn -0.000000 0.991445 0.130526
vn -0.000000 0.965926 0.258819
vn 0.000000 0.923880 0.382683
vn 0.707314 0.655507 0.264607
vn -0.000000 0.965926 0.258819
vn 0.707314 0.655507 0.264607
vn 0.707314 0.684437 0.176782
vn 0.707314 0.684437 0.176782
vn 0.707314 0.655507 0.264607
vn 0.999959 0.003463 -0.008360
vn 0.707314 0.684437 0.176782
vn 0.999959 0.003463 -0.008360
vn 0.999959 0.002342 -0.008741
vn 0.999959 0.002342 -0.008741
vn 0.999959 0.003463 -0.008360
vn 0.707314 -0.650619 -0.276409
vn 0.999959 0.002342 -0.008741
vn 0.707314 -0.650619 -0.276409
vn 0.707314 -0.681131 -0.189121
vn 0.707314 -0.681131 -0.189121
vn 0.707314 -0.650619 -0.276409
vn 0.000000 -0.923880 -0.382683
vn 0.707314 -0.681131 -0.189121
vn 0.000000 -0.923880 -0.382683
vn 0.000000 -0.965926 -0.258819
vn 0.000000 -0.965926 -0.258819
vn 0.000000 -0.923880 -0.382683
vn -0.707314 -0.655507 -0.264607
vn 0.000000 -0.965926 -0.258819
vn -0.707314 -0.655507 -0.264607
vn -0.707314 -0.684437 -0.176782
vn -0.707314 -0.684437 -0.176782
vn -0.707314 -0.655507 -0.264607
vn -0.999959 -0.003463 0.008360
vn -0.707314 -0.684437 -0.176782
vn -0.999959 -0.003463 0.008360
vn -0.999959 -0.002342 0.008741
vn -0.999959 -0.002342 0.008741
vn -0.999959 -0.003463 0.008360
vn -0.707314 0.650619 0.276409
vn -0.999959 -0.002342 0.008741
vn -0.707314 0.650619 0.276409
vn -0.707314 0.681131 0.189121
vn -0.707314 0.681131 0.189121
vn -0.707314 0.650619 0.276409
vn 0.000000 0.923880 0.382683
vn -0.707314 0.681131 0.189121
vn 0.000000 0.923880 0.382683
vn -0.000000 0.965926 0.258819
vn 0.000000 0.923880 0.382683
vn -0.000000 0.866025 0.500000
vn 0.707314 0.615361 0.347904
vn 0.000000 0.923880 0.382683
vn 0.707314 0.615361 0.347904
vn 0.707314 0.655507 0.264607
vn 0.707314 0.655507 0.264607
vn 0.707314 0.615361 0.347904
vn 0.999959 0.004525 -0.007837
vn 0.707314 0.655507 0.264607
vn 0.999959 0.004525 -0.007837
vn 0.999959 0.003463 -0.008360
vn 0.999959 0.003463 -0.008360
vn 0.999959 0.004525 -0.007837
vn 0.707314 -0.608974 -0.358967
vn 0.999959 0.003463 -0.008360
vn 0.707314 -0.608974 -0.358967
vn 0.707314 -0.650619 -0.276409
vn 0.707314 -0.650619 -0.276409
vn 0.707314 -0.608974 -0.358967
vn -0.000000 -0.866025 -0.500000
vn 0.707314 -0.650619 -0.276409
vn -0.000000 -0.866025 -0.500000
vn 0.000000 -0.923880 -0.382683
vn 0.000000 -0.923880 -0.382683
vn -0.000000 -0.866025 -0.500000
vn -0.707314 -0.615361 -0.347904
vn 0.000000 -0.923880 -0.382683
vn -0.707314 -0.615361 -0.347904
vn -0.707314 -0.655507 -0.264607
vn -0.707314 -0.655507 -0.264607
vn -0.707314 -0.615361 -0.347904
vn -0.999959 -0.004525 0.007837
vn -0.707314 -0.655507 -0.264607
vn -0.999959 -0.004525 0.007837
vn -0.999959 -0.003463 0.008360
vn -0.999959 -0.003463 0.008360
vn -0.999959 -0.004525 0.007837
vn -0.707314 0.608974 0.358967
vn -0.999959 -0.003463 0.008360
vn -0.707314 0.608974 0.358967
vn -0.707314 0.650619 0.276409
vn -0.707314 0.650619 0.276409
vn -0.707314 0.608974 0.358967
vn -0.000000 0.866025 0.500000
vn -0.707314 0.650619 0.276409
vn -0.000000 0.866025 0.500000
vn 0.000000 0.923880 0.382683
vn -0.000000 0.866025 0.500000
vn -0.000000 0.793353 0.608761
vn 0.707314 0.564686 0.425248
vn -0.000000 0.866025 0.500000
vn 0.707314 0.564686 0.425248
vn 0.707314 0.615361 0.347904
vn 0.707314 0.615361 0.347904
vn 0.707314 0.564686 0.425248
vn 0.999959 0.005509 -0.007179
vn 0.707314 0.615361 0.347904
vn 0.999959 0.005509 -0.007179
vn 0.999959 0.004525 -0.007837
vn 0.999959 0.004525 -0.007837
vn 0.999959 0.005509 -0.007179
vn 0.707314 -0.556910 -0.435383
vn 0.999959 0.004525 -0.007837
vn 0.707314 -0.556910 -0.435383
vn 0.707314 -0.608974 -0.358967
vn 0.707314 -0.608974 -0.358967
vn 0.707314 -0.556910 -0.435383
vn 0.000000 -0.793353 -0.608761
vn 0.707314 -0.608974 -0.358967
vn 0.000000 -0.793353 -0.608761
vn -0.000000 -0.866025 -0.500000
vn -0.000000 -0.866025 -0.500000
vn 0.000000 -0.793353 -0.608761
vn -0.707314 -0.564686 -0.425248
vn -0.000000 -0.866025 -0.500000
vn -0.707314 -0.564686 -0.425248
vn -0.707314 -0.615361 -0.347904
vn -0.707314 -0.615361 -0.347904
vn -0.707314 -0.564686 -0.425248
vn -0.999959 -0.005509 0.007179
vn -0.707314 -0.615361 -0.347904
vn -0.999959 -0.005509 0.007179
vn -0.999959 -0.004525 0.007837
vn -0.999959 -0.004525 0.007837
vn -0.999959 -0.005509 0.007179
vn -0.707314 0.556910 0.435383
vn -0.999959 -0.004525 0.007837
vn -0.707314 0.556910 0.435383
vn -0.707314 0.608974 0.358967
vn -0.707314 0.608974 0.358967
vn -0.707314 0.556910 0.435383
vn -0.000000 0.793353 0.608761
vn -0.707314 0.608974 0.358967
vn -0.000000 0.793353 0.608761
vn -0.000000 0.866025 0.500000
vn -0.000000 0.793353 0.608761
vn 0.000000 0.707107 0.707107
vn 0.707314 0.504349 0.495316
vn -0.000000 0.793353 0.608761
vn 0.707314 0.504349 0.495316
vn 0.707314 0.564686 0.425248
vn 0.707314 0.564686 0.425248
vn 0.707314 0.504349 0.495316
vn 0.999959 0.006399 -0.006399
vn 0.707314 0.564686 0.425248
vn 0.999959 0.006399 -0.006399
vn 0.999959 0.005509 -0.007179
vn 0.999959 0.005509 -0.007179
vn 0.999959 0.006399 -0.006399
vn 0.707314 -0.495316 -0.504349
vn 0.999959 0.005509 -0.007179
vn 0.707314 -0.495316 -0.504349
vn 0.707314 -0.556910 -0.435383
vn 0.707314 -0.556910 -0.435383
vn 0.707314 -0.495316 -0.504349
vn 0.000000 -0.707107 -0.707107
vn 0.707314 -0.556910 -0.435383
vn 0.000000 -0.707107 -0.707107
vn 0.000000 -0.793353 -0.608761
vn 0.000000 -0.793353 -0.608761
vn 0.000000 -0.707107 -0.707107
vn -0.707314 -0.504349 -0.495316
vn 0.000000 -0.793353 -0.608761
vn -0.707314 -0.504349 -0.495316
vn -0.707314 -0.564686 -0.425248
vn -0.707314 -0.564686 -0.425248
vn -0.707314 -0.504349 -0.495316
vn -0.999959 -0.006399 0.006399
vn -0.707314 -0.564686 -0.425248
vn -0.999959 -0.006399 0.006399
vn -0.999959 -0.005509 0.007179
vn -0.999959 -0.005509 0.007179
vn -0.999959 -0.006399 0.006399
vn -0.707314 0.495316 0.504349
vn -0.999959 -0.005509 0.007179
vn -0.707314 0.495316 0.504349
vn -0.707314 0.556910 0.435383
vn -0.707314 0.556910 0.435383
vn -0.707314 0.495316 0.504349
vn 0.000000 0.707107 0.707107
vn -0.707314 0.556910 0.435383
vn 0.000000 0.707107 0.707107
vn -0.000000 0.793353 0.608761
vn 0.000000 0.707107 0.707107
vn 0.000000 0.608761 0.793353
vn 0.707314 0.435383 0.556910
vn 0.000000 0.707107 0.707107
vn 0.707314 0.435383 0.556910
vn 0.707314 0.504349 0.495316
vn 0.707314 0.504349 0.495316
vn 0.707314 0.435383 0.556910
vn 0.999959 0.007179 -0.005509
vn 0.707314 0.504349 0.495316
vn 0.999959 0.007179 -0.005509
vn 0.999959 0.006399 -0.006399
vn 0.999959 0.006399 -0.006399
vn 0.999959 0.007179 -0.005509
vn 0.707314 -0.425248 -0.564686
vn 0.999959 0.006399 -0.006399
vn 0.707314 -0.425248 -0.564686
vn 0.707314 -0.495316 -0.504349
vn 0.707314 -0.495316 -0.504349
vn 0.707314 -0.425248 -0.564686
vn -0.000000 -0.608761 -0.793353
vn 0.707314 -0.495316 -0.504349
vn -0.000000 -0.608761 -0.793353
vn 0.000000 -0.707107 -0.707107
vn 0.000000 -0.707107 -0.707107
vn -0.000000 -0.608761 -0.793353
vn -0.707314 -0.435383 -0.556910
vn 0.000000 -0.707107 -0.707107
vn -0.707314 -0.435383 -0.556910
vn -0.707314 -0.504349 -0.495316
vn -0.707314 -0.504349 -0.495316
vn -0.707314 -0.435383 -0.556910
vn -0.999959 -0.007179 0.005509
vn -0.707314 -0.504349 -0.495316
vn -0.999959 -0.007179 0.005509
vn -0.999959 -0.006399 0.006399
vn -0.999959 -0.006399 0.006399
vn -0.999959 -0.007179 0.005509
vn -0.707314 0.425248 0.564686
vn -0.999959 -0.006399 0.006399
vn -0.707314 0.425248 0.564686
vn -0.707314 0.495316 0.504349
vn -0.707314 0.495316 0.504349
vn -0.707314 0.425248 0.564686
vn 0.000000 0.608761 0.793353
vn -0.707314 0.495316 0.504349
vn 0.000000 0.608761 0.793353
vn 0.000000 0.707107 0.707107
vn 0.000000 0.608761 0.793353
vn 0.000000 0.500000 0.866025
vn 0.707314 0.358967 0.608974
vn 0.000000 0.608761 0.793353
vn 0.707314 0.358967 0.608974
vn 0.707314 0.435383 0.556910
vn 0.707314 0.435383 0.556910
vn 0.707314 0.358967 0.608974
vn 0.999959 0.007837 -0.004525
vn 0.707314 0.435383 0.556910
vn 0.999959 0.007837 -0.004525
vn 0.999959 0.007179 -0.005509
vn 0.999959 0.007179 -0.005509
vn 0.999959 0.007837 -0.004525
vn 0.707314 -0.347904 -0.615361
vn 0.999959 0.007179 -0.005509
vn 0.707314 -0.347904 -0.615361
vn 0.707314 -0.425248 -0.564686
vn 0.707314 -0.425248 -0.564686
vn 0.707314 -0.347904 -0.615361
vn 0.000000 -0.500000 -0.866025
vn 0.707314 -0.425248 -0.564686
vn 0.000000 -0.500000 -0.866025
vn -0.000000 -0.608761 -0.793353
vn -0.000000 -0.608761 -0.793353
vn 0.000000 -0.500000 -0.866025
vn -0.707314 -0.358967 -0.608974
vn -0.000000 -0.608761 -0.793353
vn -0.707314 -0.358967 -0.608974
vn -0.707314 -0.435383 -0.556910
vn -0.707314 -0.435383 -0.556910
vn -0.707314 -0.358967 -0.608974
vn -0.999959 -0.007837 0.004525
vn -0.707314 -0.435383 -0.556910
vn -0.999959 -0.007837 0.004525
vn -0.999959 -0.007179 0.005509
vn -0.999959 -0.007179 0.005509
vn -0.999959 -0.007837 0.004525
vn -0.707314 0.347904 0.615361
vn -0.999959 -0.007179 0.005509
vn -0.707314 0.347904 0.615361
vn -0.707314 0.425248 0.564686
vn -0.707314 0.425248 0.564686
vn -0.707314 0.347904 0.615361
vn 0.000000 0.500000 0.866025
vn -0.707314 0.425248 0.564686
vn 0.000000 0.500000 0.866025
vn 0.000000 0.608761 0.793353
vn 0.000000 0.500000 0.866025
vn -0.000000 0.382683 0.923880
vn 0.707314 0.276409 0.650619
vn 0.000000 0.500000 0.866025
vn 0.707314 0.276409 0.650619
vn 0.707314 0.358967 0.608974
vn 0.707314 0.358967 0.608974
vn 0.707314 0.276409 0.650619
vn 0.999959 0.008360 -0.003463
vn 0.707314 0.358967 0.608974
vn 0.999959 0.008360 -0.003463
vn 0.999959 0.007837 -0.004525
vn 0.999959 0.007837 -0.004525
vn 0.999959 0.008360 -0.003463
vn 0.707314 -0.264607 -0.655507
vn 0.999959 0.007837 -0.004525
vn 0.707314 -0.264607 -0.655507
vn 0.707314 -0.347904 -0.615361
vn 0.707314 -0.347904 -0.615361
vn 0.707314 -0.264607 -0.655507
vn -0.000000 -0.382683 -0.923880
vn 0.707314 -0.347904 -0.615361
vn -0.000000 -0.382683 -0.923880
vn 0.000000 -0.500000 -0.866025
vn 0.000000 -0.500000 -0.866025
vn -0.000000 -0.382683 -0.923880
vn -0.707314 -0.276409 -0.650619
vn 0.000000 -0.500000 -0.866025
vn -0.707314 -0.276409 -0.650619
vn -0.707314 -0.358967 -0.608974
vn -0.707314 -0.358967 -0.608974
vn -0.707314 -0.276409 -0.650619
vn -0.999959 -0.008360 0.003463
vn -0.707314 -0.358967 -0.608974
vn -0.999959 -0.008360 0.003463
vn -0.999959 -0.007837 0.004525
vn -0.999959 -0.007837 0.004525
vn -0.999959 -0.008360 0.003463
vn -0.707314 0.264607 0.655507
vn -0.999959 -0.007837 0.004525
vn -0.707314 0.264607 0.655507
vn -0.707314 0.347904 0.615361
vn -0.707314 0.347904 0.615361
vn -0.707314 0.264607 0.655507
vn -0.000000 0.382683 0.923880
vn -0.707314 0.347904 0.615361
vn -0.000000 0.382683 0.923880
vn 0.000000 0.500000 0.866025
vn -0.000000 0.382683 0.923880
vn 0.000000 0.258819 0.965926
vn 0.707314 0.189121 0.681131
vn -0.000000 0.382683 0.923880
vn 0.707314 0.189121 0.681131
vn 0.707314 0.276409 0.650619
vn 0.707314 0.276409 0.650619
vn 0.707314 0.189121 0.681131
vn 0.999959 0.008741 -0.002342
vn 0.707314 0.276409 0.650619
vn 0.999959 0.008741 -0.002342
vn 0.999959 0.008360 -0.003463
vn 0.999959 0.008360 -0.003463
vn 0.999959 0.008741 -0.002342
vn 0.707314 -0.176782 -0.684437
vn 0.999959 0.008360 -0.003463
vn 0.707314 -0.176782 -0.684437
vn 0.707314 -0.264607 -0.655507
vn 0.707314 -0.264607 -0.655507
vn 0.707314 -0.176782 -0.684437
vn -0.000000 -0.258819 -0.965926
vn 0.707314 -0.264607 -0.655507
vn -0.000000 -0.258819 -0.965926
vn -0.000000 -0.382683 -0.923880
vn -0.000000 -0.382683 -0.923880
vn -0.000000 -0.258819 -0.965926
vn -0.707314 -0.189121 -0.681131
vn -0.000000 -0.382683 -0.923880
vn -0.707314 -0.189121 -0.681131
vn -0.707314 -0.276409 -0.650619
vn -0.707314 -0.276409 -0.650619
vn -0.707314 -0.189121 -0.681131
vn -0.999959 -0.008741 0.002342
vn -0.707314 -0.276409 -0.650619
vn -0.999959 -0.008741 0.002342
vn -0.999959 -0.008360 0.003463
vn -0.999959 -0.008360 0.003463
vn -0.999959 -0.008741 0.002342
vn -0.707314 0.176782 0.684437
vn -0.999959 -0.008360 0.003463
vn -0.707314 0.176782 0.684437
vn -0.707314 0.264607 0.655507
vn -0.707314 0.264607 0.655507
vn -0.707314 0.176782 0.684437
vn 0.000000 0.258819 0.965926
vn -0.707314 0.264607 0.655507
vn 0.000000 0.258819 0.965926
vn -0.000000 0.382683 0.923880
vn 0.000000 0.258819 0.965926
vn 0.000000 0.130526 0.991445
vn 0.707314 0.098598 0.699989
vn 0.000000 0.258819 0.965926
vn 0.707314 0.098598 0.699989
vn 0.707314 0.189121 0.681131
vn 0.707314 0.189121 0.681131
vn 0.707314 0.098598 0.699989
vn 0.999959 0.008972 -0.001181
vn 0.707314 0.189121 0.681131
vn 0.999959 0.008972 -0.001181
vn 0.999959 0.008741 -0.002342
vn 0.999959 0.008741 -0.002342
vn 0.999959 0.008972 -0.001181
vn 0.707314 -0.085933 -0.701657
vn 0.999959 0.008741 -0.002342
vn 0.707314 -0.085933 -0.701657
vn 0.707314 -0.176782 -0.684437
vn 0.707314 -0.176782 -0.684437
vn 0.707314 -0.085933 -0.701657
vn 0.000000 -0.130526 -0.991445
vn 0.707314 -0.176782 -0.684437
vn 0.000000 -0.130526 -0.991445
vn -0.000000 -0.258819 -0.965926
vn -0.000000 -0.258819 -0.965926
vn 0.000000 -0.130526 -0.991445
vn -0.707314 -0.098598 -0.699989
vn -0.000000 -0.258819 -0.965926
vn -0.707314 -0.098598 -0.699989
vn -0.707314 -0.189121 -0.681131
vn -0.707314 -0.189121 -0.681131
vn -0.707314 -0.098598 -0.699989
vn -0.999959 -0.008972 0.001181
vn -0.707314 -0.189121 -0.681131
vn -0.999959 -0.008972 0.001181
vn -0.999959 -0.008741 0.002342
vn -0.999959 -0.008741 0.002342
vn -0.999959 -0.008972 0.001181
vn -0.707314 0.085933 0.701657
vn -0.999959 -0.008741 0.002342
vn -0.707314 0.085933 0.701657
vn -0.707314 0.176782 0.684437
vn -0.707314 0.176782 0.684437
vn -0.707314 0.085933 0.701657
vn 0.000000 0.130526 0.991445
vn -0.707314 0.176782 0.684437
vn 0.000000 0.130526 0.991445
vn 0.000000 0.258819 0.965926
vn 0.000000 0.130526 0.991445
vn 0.000000 -0.000000 1.000000
vn 0.707314 0.006387 0.706870
vn 0.000000 0.130526 0.991445
vn 0.707314 0.006387 0.706870
vn 0.707314 0.098598 0.699989
vn 0.707314 0.098598 0.699989
vn 0.707314 0.006387 0.706870
vn 0.999959 0.009049 -0.000000
vn 0.707314 0.098598 0.699989
vn 0.999959 0.009049 -0.000000
vn 0.999959 0.008972 -0.001181
vn 0.999959 0.008972 -0.001181
vn 0.999959 0.009049 -0.000000
vn 0.707314 0.006387 -0.706870
vn 0.999959 0.008972 -0.001181
vn 0.707314 0.006387 -0.706870
vn 0.707314 -0.085933 -0.701657
vn 0.707314 -0.085933 -0.701657
vn 0.707314 0.006387 -0.706870
vn 0.000000 0.000000 -1.000000
vn 0.707314 -0.085933 -0.701657
vn 0.000000 0.000000 -1.000000
vn 0.000000 -0.130526 -0.991445
vn 0.000000 -0.130526 -0.991445
vn 0.000000 0.000000 -1.000000
vn -0.707314 -0.006387 -0.706870
vn 0.000000 -0.130526 -0.991445
vn -0.707314 -0.006387 -0.706870
vn -0.707314 -0.098598 -0.699989
vn -0.707314 -0.098598 -0.699989
vn -0.707314 -0.006387 -0.706870
vn -0.999959 -0.009049 -0.000000
vn -0.707314 -0.098598 -0.699989
vn -0.999959 -0.009049 -0.000000
vn -0.999959 -0.008972 0.001181
vn -0.999959 -0.008972 0.001181
vn -0.999959 -0.009049 -0.000000
vn -0.707314 -0.006387 0.706870
vn -0.999959 -0.008972 0.001181
vn -0.707314 -0.006387 0.706870
vn -0.707314 0.085933 0.701657
vn -0.707314 0.085933 0.701657
vn -0.707314 -0.006387 0.706870
vn 0.000000 -0.000000 1.000000
vn -0.707314 0.085933 0.701657
vn 0.000000 -0.000000 1.000000
vn 0.000000 0.130526 0.991445
vn 0.000000 -0.000000 1.000000
vn -0.000000 -0.130526 0.991445
vn 0.707314 -0.085933 0.701657
vn 0.000000 -0.000000 1.000000
vn 0.707314 -0.085933 0.701657
vn 0.707314 0.006387 0.706870
vn 0.707314 0.006387 0.706870
vn 0.707314 -0.085933 0.701657
vn 0.999959 0.008972 0.001181
vn 0.707314 0.006387 0.706870
vn 0.999959 0.008972 0.001181
vn 0.999959 0.009049 -0.000000
vn 0.999959 0.009049 -0.000000
vn 0.999959 0.008972 0.001181
vn 0.707314 0.098598 -0.699989
vn 0.999959 0.009049 -0.000000
vn 0.707314 0.098598 -0.699989
vn 0.707314 0.006387 -0.706870
vn 0.707314 0.006387 -0.706870
vn 0.707314 0.098598 -0.699989
vn -0.000000 0.130526 -0.991445
vn 0.707314 0.006387 -0.706870
vn -0.000000 0.130526 -0.991445
vn 0.000000 0.000000 -1.000000
vn 0.000000 0.000000 -1.000000
vn -0.000000 0.130526 -0.991445
vn -0.707314 0.085933 -0.701657
vn 0.000000 0.000000 -1.000000
vn -0.707314 0.085933 -0.701657
vn -0.707314 -0.006387 -0.706870
vn -0.707314 -0.006387 -0.706870
vn -0.707314 0.085933 -0.701657
vn -0.999959 -0.008972 -0.001181
vn -0.707314 -0.006387 -0.706870
vn -0.999959 -0.008972 -0.001181
vn -0.999959 -0.009049 -0.000000
vn -0.999959 -0.009049 -0.000000
vn -0.999959 -0.008972 -0.001181
vn -0.707314 -0.098598 0.699989
vn -0.999959 -0.009049 -0.000000
vn -0.707314 -0.098598 0.699989
vn -0.707314 -0.006387 0.706870
vn -0.707314 -0.006387 0.706870
vn -0.707314 -0.098598 0.699989
vn -0.000000 -0.130526 0.991445
vn -0.707314 -0.006387 0.706870
vn -0.000000 -0.130526 0.991445
vn 0.000000 -0.000000 1.000000
vn -0.000000 -0.130526 0.991445
vn -0.000000 -0.258819 0.965926
vn 0.707314 -0.176782 0.684437
vn -0.000000 -0.130526 0.991445
vn 0.707314 -0.176782 0.684437
vn 0.707314 -0.085933 0.701657
vn 0.707314 -0.085933 0.701657
vn 0.707314 -0.176782 0.684437
vn 0.999959 0.008741 0.002342
vn 0.707314 -0.085933 0.701657
vn 0.999959 0.008741 0.002342
vn 0.999959 0.008972 0.001181
vn 0.999959 0.008972 0.001181
vn 0.999959 0.008741 0.002342
vn 0.707314 0.189121 -0.681131
vn 0.999959 0.008972 0.001181
vn 0.707314 0.189121 -0.681131
vn 0.707314 0.098598 -0.699989
vn 0.707314 0.098598 -0.699989
vn 0.707314 0.189121 -0.681131
vn 0.000000 0.258819 -0.965926
vn 0.707314 0.098598 -0.699989
vn 0.000000 0.258819 -0.965926
vn -0.000000 0.130526 -0.991445
vn -0.000000 0.130526 -0.991445
vn 0.000000 0.258819 -0.965926
vn -0.707314 0.176782 -0.684437
vn -0.000000 0.130526 -0.991445
vn -0.707314 0.176782 -0.684437
vn -0.707314 0.085933 -0.701657
vn -0.707314 0.085933 -0.701657
vn -0.707314 0.176782 -0.684437
vn -0.999959 -0.008741 -0.002342
vn -0.707314 0.085933 -0.701657
vn -0.999959 -0.008741 -0.002342
vn -0.999959 -0.008972 -0.001181
vn -0.999959 -0.008972 -0.001181
vn -0.999959 -0.008741 -0.002342
vn -0.707314 -0.189121 0.681131
vn -0.999959 -0.008972 -0.001181
vn -0.707314 -0.189121 0.681131
vn -0.707314 -0.098598 0.699989
vn -0.707314 -0.098598 0.699989
vn -0.707314 -0.189121 0.681131
vn -0.000000 -0.258819 0.965926
vn -0.707314 -0.098598 0.699989
vn -0.000000 -0.258819 0.965926
vn -0.000000 -0.130526 0.991445
vn -0.000000 -0.258819 0.965926
vn 0.000000 -0.382683 0.923880
vn 0.707314 -0.264607 0.655507
vn -0.000000 -0.258819 0.965926
vn 0.707314 -0.264607 0.655507
vn 0.707314 -0.176782 0.684437
vn 0.707314 -0.176782 0.684437
vn 0.707314 -0.264607 0.655507
vn 0.999959 0.008360 0.003463
vn 0.707314 -0.176782 0.684437
vn 0.999959 0.008360 0.003463
vn 0.999959 0.008741 0.002342
vn 0.999959 0.008741 0.002342
vn 0.999959 0.008360 0.003463
vn 0.707314 0.276409 -0.650619
vn 0.999959 0.008741 0.002342
vn 0.707314 0.276409 -0.650619
vn 0.707314 0.189121 -0.681131
vn 0.707314 0.189121 -0.681131
vn 0.707314 0.276409 -0.650619
vn 0.000000 0.382683 -0.923880
vn 0.707314 0.189121 -0.681131
vn 0.000000 0.382683 -0.923880
vn 0.000000 0.258819 -0.965926
vn 0.000000 0.258819 -0.965926
vn 0.000000 0.382683 -0.923880
vn -0.707314 0.264607 -0.655507
vn 0.000000 0.258819 -0.965926
vn -0.707314 0.264607 -0.655507
vn -0.707314 0.176782 -0.684437
vn -0.707314 0.176782 -0.684437
vn -0.707314 0.264607 -0.655507
vn -0.999959 -0.008360 -0.003463
vn -0.707314 0.176782 -0.684437
vn -0.999959 -0.008360 -0.003463
vn -0.999959 -0.008741 -0.002342
vn -0.999959 -0.008741 -0.002342
vn -0.999959 -0.008360 -0.003463
vn -0.707314 -0.276409 0.650619
vn -0.999959 -0.008741 -0.002342
vn -0.707314 -0.276409 0.650619
vn -0.707314 -0.189121 0.681131
vn -0.707314 -0.189121 0.681131
vn -0.707314 -0.276409 0.650619
vn 0.000000 -0.382683 0.923880
vn -0.707314 -0.189121 0.681131
vn 0.000000 -0.382683 0.923880
vn -0.000000 -0.258819 0.965926
vn 0.000000 -0.382683 0.923880
vn 0.000000 -0.500000 0.866025
vn 0.707314 -0.347904 0.615361
vn 0.000000 -0.382683 0.923880
vn 0.707314 -0.347904 0.615361
vn 0.707314 -0.264607 0.655507
vn 0.707314 -0.264607 0.655507
vn 0.707314 -0.347904 0.615361
vn 0.999959 0.007837 0.004525
vn 0.707314 -0.264607 0.655507
vn 0.999959 0.007837 0.004525
vn 0.999959 0.008360 0.003463
vn 0.999959 0.008360 0.003463
vn 0.999959 0.007837 0.004525
vn 0.707314 0.358967 -0.608974
vn 0.999959 0.008360 0.003463
vn 0.707314 0.358967 -0.608974
vn 0.707314 0.276409 -0.650619
vn 0.707314 0.276409 -0.650619
vn 0.707314 0.358967 -0.608974
vn -0.000000 0.500000 -0.866025
vn 0.707314 0.276409 -0.650619
vn -0.000000 0.500000 -0.866025
vn 0.000000 0.382683 -0.923880
vn 0.000000 0.382683 -0.923880
vn -0.000000 0.500000 -0.866025
vn -0.707314 0.347904 -0.615361
vn 0.000000 0.382683 -0.923880
vn -0.707314 0.347904 -0.615361
vn -0.707314 0.264607 -0.655507
vn -0.707314 0.264607 -0.655507
vn -0.707314 0.347904 -0.615361
vn -0.999959 -0.007837 -0.004525
vn -0.707314 0.264607 -0.655507
vn -0.999959 -0.007837 -0.004525
vn -0.999959 -0.008360 -0.003463
vn -0.999959 -0.008360 -0.003463
vn -0.999959 -0.007837 -0.004525
vn -0.707314 -0.358967 0.608974
vn -0.999959 -0.008360 -0.003463
vn -0.707314 -0.358967 0.608974
vn -0.707314 -0.276409 0.650619
vn -0.707314 -0.276409 0.650619
vn -0.707314 -0.358967 0.608974
vn 0.000000 -0.500000 0.866025
vn -0.707314 -0.276409 0.650619
vn 0.000000 -0.500000 0.866025
vn 0.000000 -0.382683 0.923880
vn 0.000000 -0.500000 0.866025
vn -0.000000 -0.608761 0.793353
vn 0.707314 -0.425248 0.564686
vn 0.000000 -0.500000 0.866025
vn 0.707314 -0.425248 0.564686
vn 0.707314 -0.347904 0.615361
vn 0.707314 -0.347904 0.615361
vn 0.707314 -0.425248 0.564686
vn 0.999959 0.007179 0.005509
vn 0.707314 -0.347904 0.615361
vn 0.999959 0.007179 0.005509
vn 0.999959 0.007837 0.004525
vn 0.999959 0.007837 0.004525
vn 0.999959 0.007179 0.005509
vn 0.707314 0.435383 -0.556910
vn 0.999959 0.007837 0.004525
vn 0.707314 0.435383 -0.556910
vn 0.707314 0.358967 -0.608974
vn 0.707314 0.358967 -0.608974
vn 0.707314 0.435383 -0.556910
vn 0.000000 0.608761 -0.793353
vn 0.707314 0.358967 -0.608974
vn 0.000000 0.608761 -0.793353
vn -0.000000 0.500000 -0.866025
vn -0.000000 0.500000 -0.866025
vn 0.000000 0.608761 -0.793353
vn -0.707314 0.425248 -0.564686
vn -0.000000 0.500000 -0.866025
vn -0.707314 0.425248 -0.564686
vn -0.707314 0.347904 -0.615361
vn -0.707314 0.347904 -0.615361
vn -0.707314 0.425248 -0.564686
vn -0.999959 -0.007179 -0.005509
vn -0.707314 0.347904 -0.615361
vn -0.999959 -0.007179 -0.005509
vn -0.999959 -0.007837 -0.004525
vn -0.999959 -0.007837 -0.004525
vn -0.999959 -0.007179 -0.005509
vn -0.707314 -0.435383 0.556910
vn -0.999959 -0.007837 -0.004525
vn -0.707314 -0.435383 0.556910
vn -0.707314 -0.358967 0.608974
vn -0.707314 -0.358967 0.608974
vn -0.707314 -0.435383 0.556910
vn -0.000000 -0.608761 0.793353
vn -0.707314 -0.358967 0.608974
vn -0.000000 -0.608761 0.793353
vn 0.000000 -0.500000 0.866025
vn -0.000000 -0.608761 0.793353
vn 0.000000 -0.707107 0.707107
vn 0.707314 -0.495316 0.504349
vn -0.000000 -0.608761 0.793353
vn 0.707314 -0.495316 0.504349
vn 0.707314 -0.425248 0.564686
vn 0.707314 -0.425248 0.564686
vn 0.707314 -0.495316 0.504349
vn 0.999959 0.006399 0.006399
vn 0.707314 -0.425248 0.564686
vn 0.999959 0.006399 0.006399
vn 0.999959 0.007179 0.005509
vn 0.999959 0.007179 0.005509
vn 0.999959 0.006399 0.006399
vn 0.707314 0.504349 -0.495316
vn 0.999959 0.007179 0.005509
vn 0.707314 0.504349 -0.495316
vn 0.707314 0.435383 -0.556910
vn 0.707314 0.435383 -0.556910
vn 0.707314 0.504349 -0.495316
vn 0.000000 0.707107 -0.707107
vn 0.707314 0.435383 -0.556910
vn 0.000000 0.707107 -0.707107
vn 0.000000 0.608761 -0.793353
vn 0.000000 0.608761 -0.793353
vn 0.000000 0.707107 -0.707107
vn -0.707314 0.495316 -0.504349
vn 0.000000 0.608761 -0.793353
vn -0.707314 0.495316 -0.504349
vn -0.707314 0.425248 -0.564686
vn -0.707314 0.425248 -0.564686
vn -0.707314 0.495316 -0.504349
vn -0.999959 -0.006399 -0.006399
vn -0.707314 0.425248 -0.564686
vn -0.999959 -0.006399 -0.006399
vn -0.999959 -0.007179 -0.005509
vn -0.999959 -0.007179 -0.005509
vn -0.999959 -0.006399 -0.006399
vn -0.707314 -0.504349 0.495316
vn -0.999959 -0.007179 -0.005509
vn -0.707314 -0.504349 0.495316
vn -0.707314 -0.435383 0.556910
vn -0.707314 -0.435383 0.556910
vn -0.707314 -0.504349 0.495316
vn 0.000000 -0.707107 0.707107
vn -0.707314 -0.435383 0.556910
vn 0.000000 -0.707107 0.707107
vn -0.000000 -0.608761 0.793353
vn 0.000000 -0.707107 0.707107
vn 0.000000 -0.793353 0.608761
vn 0.707314 -0.556910 0.435383
vn 0.000000 -0.707107 0.707107
vn 0.707314 -0.556910 0.435383
vn 0.707314 -0.495316 0.504349
vn 0.707314 -0.495316 0.504349
vn 0.707314 -0.556910 0.435383
vn 0.999959 0.005509 0.007179
vn 0.707314 -0.495316 0.504349
vn 0.999959 0.005509 0.007179
vn 0.999959 0.006399 0.006399
vn 0.999959 0.006399 0.006399
vn 0.999959 0.005509 0.007179
vn 0.707314 0.564686 -0.425248
vn 0.999959 0.006399 0.006399
vn 0.707314 0.564686 -0.425248
vn 0.707314 0.504349 -0.495316
vn 0.707314 0.504349 -0.495316
vn 0.707314 0.564686 -0.425248
vn -0.000000 0.793353 -0.608761
vn 0.707314 0.504349 -0.495316
vn -0.000000 0.793353 -0.608761
vn 0.000000 0.707107 -0.707107
vn 0.000000 0.707107 -0.707107
vn -0.000000 0.793353 -0.608761
vn -0.707314 0.556910 -0.435383
vn 0.000000 0.707107 -0.707107
vn -0.707314 0.556910 -0.435383
vn -0.707314 0.495316 -0.504349
vn -0.707314 0.495316 -0.504349
vn -0.707314 0.556910 -0.435383
vn -0.999959 -0.005509 -0.007179
vn -0.707314 0.495316 -0.504349
vn -0.999959 -0.005509 -0.007179
vn -0.999959 -0.006399 -0.006399
vn -0.999959 -0.006399 -0.006399
vn -0.999959 -0.005509 -0.007179
vn -0.707314 -0.564686 0.425248
vn -0.999959 -0.006399 -0.006399
vn -0.707314 -0.564686 0.425248
vn -0.707314 -0.504349 0.495316
vn -0.707314 -0.504349 0.495316
vn -0.707314 -0.564686 0.425248
vn 0.000000 -0.793353 0.608761
vn -0.707314 -0.504349 0.495316
vn 0.000000 -0.793353 0.608761
vn 0.000000 -0.707107 0.707107
vn 0.000000 -0.793353 0.608761
vn 0.000000 -0.866025 0.500000
vn 0.707314 -0.608974 0.358967
vn 0.000000 -0.793353 0.608761
vn 0.707314 -0.608974 0.358967
vn 0.707314 -0.556910 0.435383
vn 0.707314 -0.556910 0.435383
vn 0.707314 -0.608974 0.358967
vn 0.999959 0.004525 0.007837
vn 0.707314 -0.556910 0.435383
vn 0.999959 0.004525 0.007837
vn 0.999959 0.005509 0.007179
vn 0.999959 0.005509 0.007179
vn 0.999959 0.004525 0.007837
vn 0.707314 0.615361 -0.347904
vn 0.999959 0.005509 0.007179
vn 0.707314 0.615361 -0.347904
vn 0.707314 0.564686 -0.425248
vn 0.707314 0.564686 -0.425248
vn 0.707314 0.615361 -0.347904
vn 0.000000 0.866025 -0.500000
vn 0.707314 0.564686 -0.425248
vn 0.000000 0.866025 -0.500000
vn -0.000000 0.793353 -0.608761
vn -0.000000 0.793353 -0.608761
vn 0.000000 0.866025 -0.500000
vn -0.707314 0.608974 -0.358967
vn -0.000000 0.793353 -0.608761
vn -0.707314 0.608974 -0.358967
vn -0.707314 0.556910 -0.435383
vn -0.707314 0.556910 -0.435383
vn -0.707314 0.608974 -0.358967
vn -0.999959 -0.004525 -0.007837
vn -0.707314 0.556910 -0.435383
vn -0.999959 -0.004525 -0.007837
vn -0.999959 -0.005509 -0.007179
vn -0.999959 -0.005509 -0.007179
vn -0.999959 -0.004525 -0.007837
vn -0.707314 -0.615361 0.347904
vn -0.999959 -0.005509 -0.007179
vn -0.707314 -0.615361 0.347904
vn -0.707314 -0.564686 0.425248
vn -0.707314 -0.564686 0.425248
vn -0.707314 -0.615361 0.347904
vn 0.000000 -0.866025 0.500000
vn -0.707314 -0.564686 0.425248
vn 0.000000 -0.866025 0.500000
vn 0.000000 -0.793353 0.608761
vn 0.000000 -0.866025 0.500000
vn 0.000000 -0.923880 0.382683
vn 0.707314 -0.650619 0.276409
vn 0.000000 -0.866025 0.500000
vn 0.707314 -0.650619 0.276409
vn 0.707314 -0.608974 0.358967
vn 0.707314 -0.608974 0.358967
vn 0.707314 -0.650619 0.276409
vn 0.999959 0.003463 0.008360
vn 0.707314 -0.608974 0.358967
vn 0.999959 0.003463 0.008360
vn 0.999959 0.004525 0.007837
vn 0.999959 0.004525 0.007837
vn 0.999959 0.003463 0.008360
vn 0.707314 0.655507 -0.264607
vn 0.999959 0.004525 0.007837
vn 0.707314 0.655507 -0.264607
vn 0.707314 0.615361 -0.347904
vn 0.707314 0.615361 -0.347904
vn 0.707314 0.655507 -0.264607
vn -0.000000 0.923880 -0.382683
vn 0.707314 0.615361 -0.347904
vn -0.000000 0.923880 -0.382683
vn 0.000000 0.866025 -0.500000
vn 0.000000 0.866025 -0.500000
vn -0.000000 0.923880 -0.382683
vn -0.707314 0.650619 -0.276409
vn 0.000000 0.866025 -0.500000
vn -0.707314 0.650619 -0.276409
vn -0.707314 0.608974 -0.358967
vn -0.707314 0.608974 -0.358967
vn -0.707314 0.650619 -0.276409
vn -0.999959 -0.003463 -0.008360
vn -0.707314 0.608974 -0.358967
vn -0.999959 -0.003463 -0.008360
vn -0.999959 -0.004525 -0.007837
vn -0.999959 -0.004525 -0.007837
vn -0.999959 -0.003463 -0.008360
vn -0.707314 -0.655507 0.264607
vn -0.999959 -0.004525 -0.007837
vn -0.707314 -0.655507 0.264607
vn -0.707314 -0.615361 0.347904
vn -0.707314 -0.615361 0.347904
vn -0.707314 -0.655507 0.264607
vn 0.000000 -0.923880 0.382683
vn -0.707314 -0.615361 0.347904
vn 0.000000 -0.923880 0.382683
vn 0.000000 -0.866025 0.500000
vn 0.000000 -0.923880 0.382683
vn 0.000000 -0.965926 0.258819
vn 0.707314 -0.681131 0.189121
vn 0.000000 -0.923880 0.382683
vn 0.707314 -0.681131 0.189121
vn 0.707314 -0.650619 0.276409
vn 0.707314 -0.650619 0.276409
vn 0.707314 -0.681131 0.189121
vn 0.999959 0.002342 0.008741
vn 0.707314 -0.650619 0.276409
vn 0.999959 0.002342 0.008741
vn 0.999959 0.003463 0.008360
vn 0.999959 0.003463 0.008360
vn 0.999959 0.002342 0.008741
vn 0.707314 0.684437 -0.176782
vn 0.999959 0.003463 0.008360
vn 0.707314 0.684437 -0.176782
vn 0.707314 0.655507 -0.264607
vn 0.707314 0.655507 -0.264607
vn 0.707314 0.684437 -0.176782
vn -0.000000 0.965926 -0.258819
vn 0.707314 0.655507 -0.264607
vn -0.000000 0.965926 -0.258819
vn -0.000000 0.923880 -0.382683
vn -0.000000 0.923880 -0.382683
vn -0.000000 0.965926 -0.258819
vn -0.707314 0.681131 -0.189121
vn -0.000000 0.923880 -0.382683
vn -0.707314 0.681131 -0.189121
vn -0.707314 0.650619 -0.276409
vn -0.707314 0.650619 -0.276409
vn -0.707314 0.681131 -0.189121
vn -0.999959 -0.002342 -0.008741
vn -0.707314 0.650619 -0.276409
vn -0.999959 -0.002342 -0.008741
vn -0.999959 -0.003463 -0.008360
vn -0.999959 -0.003463 -0.008360
vn -0.999959 -0.002342 -0.008741
vn -0.707314 -0.684437 0.176782
vn -0.999959 -0.003463 -0.008360
vn -0.707314 -0.684437 0.176782
vn -0.707314 -0.655507 0.264607
vn -0.707314 -0.655507 0.264607
vn -0.707314 -0.684437 0.176782
vn 0.000000 -0.965926 0.258819
vn -0.707314 -0.655507 0.264607
vn 0.000000 -0.965926 0.258819
vn 0.000000 -0.923880 0.382683
vn 0.000000 -0.965926 0.258819
vn -0.000000 -0.991445 0.130526
vn 0.707314 -0.699989 0.098598
vn 0.000000 -0.965926 0.258819
vn 0.707314 -0.699989 0.098598
vn 0.707314 -0.681131 0.189121
vn 0.707314 -0.681131 0.189121
vn 0.707314 -0.699989 0.098598
vn 0.999959 0.001181 0.008972
vn 0.707314 -0.681131 0.189121
vn 0.999959 0.001181 0.008972
vn 0.999959 0.002342 0.008741
vn 0.999959 0.002342 0.008741
vn 0.999959 0.001181 0.008972
vn 0.707314 0.701657 -0.085933
vn 0.999959 0.002342 0.008741
vn 0.707314 0.701657 -0.085933
vn 0.707314 0.684437 -0.176782
vn 0.707314 0.684437 -0.176782
vn 0.707314 0.701657 -0.085933
vn 0.000000 0.991445 -0.130526
vn 0.707314 0.684437 -0.176782
vn 0.000000 0.991445 -0.130526
vn -0.000000 0.965926 -0.258819
vn -0.000000 0.965926 -0.258819
vn 0.000000 0.991445 -0.130526
vn -0.707314 0.699989 -0.098598
vn -0.000000 0.965926 -0.258819
vn -0.707314 0.699989 -0.098598
vn -0.707314 0.681131 -0.189121
vn -0.707314 0.681131 -0.189121
vn -0.707314 0.699989 -0.098598
vn -0.999959 -0.001181 -0.008972
vn -0.707314 0.681131 -0.189121
vn -0.999959 -0.001181 -0.008972
vn -0.999959 -0.002342 -0.008741
vn -0.999959 -0.002342 -0.008741
vn -0.999959 -0.001181 -0.008972
vn -0.707314 -0.701657 0.085933
vn -0.999959 -0.002342 -0.008741
vn -0.707314 -0.701657 0.085933
vn -0.707314 -0.684437 0.176782
vn -0.707314 -0.684437 0.176782
vn -0.707314 -0.701657 0.085933
vn -0.000000 -0.991445 0.130526
vn -0.707314 -0.684437 0.176782
vn -0.000000 -0.991445 0.130526
vn 0.000000 -0.965926 0.258819
vn -0.000000 -0.991445 0.130526
vn -0.000000 -1.000000 0.000000
vn 0.707314 -0.706870 0.006387
vn -0.000000 -0.991445 0.130526
vn 0.707314 -0.706870 0.006387
vn 0.707314 -0.699989 0.098598
vn 0.707314 -0.699989 0.098598
vn 0.707314 -0.706870 0.006387
vn 0.999959 0.000000 0.009049
vn 0.707314 -0.699989 0.098598
vn 0.999959 0.000000 0.009049
vn 0.999959 0.001181 0.008972
vn 0.999959 0.001181 0.008972
vn 0.999959 0.000000 0.009049
vn 0.707314 0.706870 0.006387
vn 0.999959 0.001181 0.008972
vn 0.707314 0.706870 0.006387
vn 0.707314 0.701657 -0.085933
vn 0.707314 0.701657 -0.085933
vn 0.707314 0.706870 0.006387
vn 0.000000 1.000000 -0.000000
vn 0.707314 0.701657 -0.085933
vn 0.000000 1.000000 -0.000000
vn 0.000000 0.991445 -0.130526
vn 0.000000 0.991445 -0.130526
vn 0.000000 1.000000 -0.000000
vn -0.707314 0.706870 -0.006387
vn 0.000000 0.991445 -0.130526
vn -0.707314 0.706870 -0.006387
vn -0.707314 0.699989 -0.098598
vn -0.707314 0.699989 -0.098598
vn -0.707314 0.706870 -0.006387
vn -0.999959 0.000000 -0.009049
vn -0.707314 0.699989 -0.098598
vn -0.999959 0.000000 -0.009049
vn -0.999959 -0.001181 -0.008972
vn -0.999959 -0.001181 -0.008972
vn -0.999959 0.000000 -0.009049
vn -0.707314 -0.706870 -0.006387
vn -0.999959 -0.001181 -0.008972
vn -0.707314 -0.706870 -0.006387
vn -0.707314 -0.701657 0.085933
vn -0.707314 -0.701657 0.085933
vn -0.707314 -0.706870 -0.006387
vn -0.000000 -1.000000 0.000000
vn -0.707314 -0.701657 0.085933
vn -0.000000 -1.000000 0.000000
vn -0.000000 -0.991445 0.130526
vn -0.000000 -1.000000 0.000000
vn -0.000000 -0.991445 -0.130526
vn 0.707314 -0.701657 -0.085933
vn -0.000000 -1.000000 0.000000
vn 0.707314 -0.701657 -0.085933
vn 0.707314 -0.706870 0.006387
vn 0.707314 -0.706870 0.006387
vn 0.707314 -0.701657 -0.085933
vn 0.999959 -0.001181 0.008972
vn 0.707314 -0.706870 0.006387
vn 0.999959 -0.001181 0.008972
vn 0.999959 0.000000 0.009049
vn 0.999959 0.000000 0.009049
vn 0.999959 -0.001181 0.008972
vn 0.707314 0.699989 0.098598
vn 0.999959 0.000000 0.009049
vn 0.707314 0.699989 0.098598
vn 0.707314 0.706870 0.006387
vn 0.707314 0.706870 0.006387
vn 0.707314 0.699989 0.098598
vn -0.000000 0.991445 0.130526
vn 0.707314 0.706870 0.006387
vn -0.000000 0.991445 0.130526
vn 0.000000 1.000000 -0.000000
vn 0.000000 1.000000 -0.000000
vn -0.000000 0.991445 0.130526
vn -0.707314 0.701657 0.085933
vn 0.000000 1.000000 -0.000000
vn -0.707314 0.701657 0.085933
vn -0.707314 0.706870 -0.006387
vn -0.707314 0.706870 -0.006387
vn -0.707314 0.701657 0.085933
vn -0.999959 0.001181 -0.008972
vn -0.707314 0.706870 -0.006387
vn -0.999959 0.001181 -0.008972
vn -0.999959 0.000000 -0.009049
vn -0.999959 0.000000 -0.009049
vn -0.999959 0.001181 -0.008972
vn -0.707314 -0.699989 -0.098598
vn -0.999959 0.000000 -0.009049
vn -0.707314 -0.699989 -0.098598
vn -0.707314 -0.706870 -0.006387
vn -0.707314 -0.706870 -0.006387
vn -0.707314 -0.699989 -0.098598
vn -0.000000 -0.991445 -0.130526
vn -0.707314 -0.706870 -0.006387
vn -0.000000 -0.991445 -0.130526
vn -0.000000 -1.000000 0.000000
vn -0.000000 -0.991445 -0.130526
vn -0.000000 -0.965926 -0.258819
vn 0.707314 -0.684437 -0.176782
vn -0.000000 -0.991445 -0.130526
vn 0.707314 -0.684437 -0.176782
vn 0.707314 -0.701657 -0.085933
vn 0.707314 -0.701657 -0.085933
vn 0.707314 -0.684437 -0.176782
vn 0.999959 -0.002342 0.008741
vn 0.707314 -0.701657 -0.085933
vn 0.999959 -0.002342 0.008741
vn 0.999959 -0.001181 0.008972
vn 0.999959 -0.001181 0.008972
vn 0.999959 -0.002342 0.008741
vn 0.707314 0.681131 0.189121
vn 0.999959 -0.001181 0.008972
vn 0.707314 0.681131 0.189121
vn 0.707314 0.699989 0.098598
vn 0.707314 0.699989 0.098598
vn 0.707314 0.681131 0.189121
vn 0.000000 0.965926 0.258819
vn 0.707314 0.699989 0.098598
vn 0.000000 0.965926 0.258819
vn -0.000000 0.991445 0.130526
vn -0.000000 0.991445 0.130526
vn 0.000000 0.965926 0.258819
vn -0.707314 0.684437 0.176782
vn -0.000000 0.991445 0.130526
vn -0.707314 0.684437 0.176782
vn -0.707314 0.701657 0.085933
vn -0.707314 0.701657 0.085933
vn -0.707314 0.684437 0.176782
vn -0.999959 0.002342 -0.008741
vn -0.707314 0.701657 0.085933
vn -0.999959 0.002342 -0.008741
vn -0.999959 0.001181 -0.008972
vn -0.999959 0.001181 -0.008972
vn -0.999959 0.002342 -0.008741
vn -0.707314 -0.681131 -0.189121
vn -0.999959 0.001181 -0.008972
vn -0.707314 -0.681131 -0.189121
vn -0.707314 -0.699989 -0.098598
vn -0.707314 -0.699989 -0.098598
vn -0.707314 -0.681131 -0.189121
vn -0.000000 -0.965926 -0.258819
vn -0.707314 -0.699989 -0.098598
vn -0.000000 -0.965926 -0.258819
vn -0.000000 -0.991445 -0.130526
vn -0.000000 -0.965926 -0.258819
vn 0.000000 -0.923880 -0.382683
vn 0.707314 -0.655507 -0.264607
vn -0.000000 -0.965926 -0.258819
vn 0.707314 -0.655507 -0.264607
vn 0.707314 -0.684437 -0.176782
vn 0.707314 -0.684437 -0.176782
vn 0.707314 -0.655507 -0.264607
vn 0.999959 -0.003463 0.008360
vn 0.707314 -0.684437 -0.176782
vn 0.999959 -0.003463 0.008360
vn 0.999959 -0.002342 0.008741
vn 0.999959 -0.002342 0.008741
vn 0.999959 -0.003463 0.008360
vn 0.707314 0.650619 0.276409
vn 0.999959 -0.002342 0.008741
vn 0.707314 0.650619 0.276409
vn 0.707314 0.681131 0.189121
vn 0.707314 0.681131 0.189121
vn 0.707314 0.650619 0.276409
vn 0.000000 0.923880 0.382683
vn 0.707314 0.681131 0.189121
vn 0.000000 0.923880 0.382683
vn 0.000000 0.965926 0.258819
vn 0.000000 0.965926 0.258819
vn 0.000000 0.923880 0.382683
vn -0.707314 0.655507 0.264607
vn 0.000000 0.965926 0.258819
vn -0.707314 0.655507 0.264607
vn -0.707314 0.684437 0.176782
vn -0.707314 0.684437 0.176782
vn -0.707314 0.655507 0.264607
vn -0.999959 0.003463 -0.008360
vn -0.707314 0.684437 0.176782
vn -0.999959 0.003463 -0.008360
vn -0.999959 0.002342 -0.008741
vn -0.999959 0.002342 -0.008741
vn -0.999959 0.003463 -0.008360
vn -0.707314 -0.650619 -0.276409
vn -0.999959 0.002342 -0.008741
vn -0.707314 -0.650619 -0.276409
vn -0.707314 -0.681131 -0.189121
vn -0.707314 -0.681131 -0.189121
vn -0.707314 -0.650619 -0.276409
vn 0.000000 -0.923880 -0.382683
vn -0.707314 -0.681131 -0.189121
vn 0.000000 -0.923880 -0.382683
vn -0.000000 -0.965926 -0.258819
vn 0.000000 -0.923880 -0.382683
vn 0.000000 -0.866025 -0.500000
vn 0.707314 -0.615361 -0.347904
vn 0.000000 -0.923880 -0.382683
vn 0.707314 -0.615361 -0.347904
vn 0.707314 -0.655507 -0.264607
vn 0.707314 -0.655507 -0.264607
vn 0.707314 -0.615361 -0.347904
vn 0.999959 -0.004525 0.007837
vn 0.707314 -0.655507 -0.264607
vn 0.999959 -0.004525 0.007837
vn 0.999959 -0.003463 0.008360
vn 0.999959 -0.003463 0.008360
vn 0.999959 -0.004525 0.007837
vn 0.707314 0.608974 0.358967
vn 0.999959 -0.003463 0.008360
vn 0.707314 0.608974 0.358967
vn 0.707314 0.650619 0.276409
vn 0.707314 0.650619 0.276409
vn 0.707314 0.608974 0.358967
vn -0.000000 0.866025 0.500000
vn 0.707314 0.650619 0.276409
vn -0.000000 0.866025 0.500000
vn 0.000000 0.923880 0.382683
vn 0.000000 0.923880 0.382683
vn -0.000000 0.866025 0.500000
vn -0.707314 0.615361 0.347904
vn 0.000000 0.923880 0.382683
vn -0.707314 0.615361 0.347904
vn -0.707314 0.655507 0.264607
vn -0.707314 0.655507 0.264607
vn -0.707314 0.615361 0.347904
vn -0.999959 0.004525 -0.007837
vn -0.707314 0.655507 0.264607
vn -0.999959 0.004525 -0.007837
vn -0.999959 0.003463 -0.008360
vn -0.999959 0.003463 -0.008360
vn -0.999959 0.004525 -0.007837
vn -0.707314 -0.608974 -0.358967
vn -0.999959 0.003463 -0.008360
vn -0.707314 -0.608974 -0.358967
vn -0.707314 -0.650619 -0.276409
vn -0.707314 -0.650619 -0.276409
vn -0.707314 -0.608974 -0.358967
vn 0.000000 -0.866025 -0.500000
vn -0.707314 -0.650619 -0.276409
vn 0.000000 -0.866025 -0.500000
vn 0.000000 -0.923880 -0.382683
vn 0.000000 -0.866025 -0.500000
vn -0.000000 -0.793353 -0.608761
vn 0.707314 -0.564686 -0.425248
vn 0.000000 -0.866025 -0.500000
vn 0.707314 -0.564686 -0.425248
vn 0.707314 -0.615361 -0.347904
vn 0.707314 -0.615361 -0.347904
vn 0.707314 -0.564686 -0.425248
vn 0.999959 -0.005509 0.007179
vn 0.707314 -0.615361 -0.347904
vn 0.999959 -0.005509 0.007179
vn 0.999959 -0.004525 0.007837
vn 0.999959 -0.004525 0.007837
vn 0.999959 -0.005509 0.007179
vn 0.707314 0.556910 0.435383
vn 0.999959 -0.004525 0.007837
vn 0.707314 0.556910 0.435383
vn 0.707314 0.608974 0.358967
vn 0.707314 0.608974 0.358967
vn 0.707314 0.556910 0.435383
vn 0.000000 0.793353 0.608761
vn 0.707314 0.608974 0.358967
vn 0.000000 0.793353 0.608761
vn -0.000000 0.866025 0.500000
vn -0.000000 0.866025 0.500000
vn 0.000000 0.793353 0.608761
vn -0.707314 0.564686 0.425248
vn -0.000000 0.866025 0.500000
vn -0.707314 0.564686 0.425248
vn -0.707314 0.615361 0.347904
vn -0.707314 0.615361 0.347904
vn -0.707314 0.564686 0.425248
vn -0.999959 0.005509 -0.007179
vn -0.707314 0.615361 0.347904
vn -0.999959 0.005509 -0.007179
vn -0.999959 0.004525 -0.007837
vn -0.999959 0.004525 -0.007837
vn -0.999959 0.005509 -0.007179
vn -0.707314 -0.556910 -0.435383
vn -0.999959 0.004525 -0.007837
vn -0.707314 -0.556910 -0.435383
vn -0.707314 -0.608974 -0.358967
vn -0.707314 -0.608974 -0.358967
vn -0.707314 -0.556910 -0.435383
vn -0.000000 -0.793353 -0.608761
vn -0.707314 -0.608974 -0.358967
vn -0.000000 -0.793353 -0.608761
vn 0.000000 -0.866025 -0.500000
vn -0.000000 -0.793353 -0.608761
vn 0.000000 -0.707107 -0.707107
vn 0.707314 -0.504349 -0.495316
vn -0.000000 -0.793353 -0.608761
vn 0.707314 -0.504349 -0.495316
vn 0.707314 -0.564686 -0.425248
vn 0.707314 -0.564686 -0.425248
vn 0.707314 -0.504349 -0.495316
vn 0.999959 -0.006399 0.006399
vn 0.707314 -0.564686 -0.425248
vn 0.999959 -0.006399 0.006399
vn 0.999959 -0.005509 0.007179
vn 0.999959 -0.005509 0.007179
vn 0.999959 -0.006399 0.006399
vn 0.707314 0.495316 0.504349
vn 0.999959 -0.005509 0.007179
vn 0.707314 0.495316 0.504349
vn 0.707314 0.556910 0.435383
vn 0.707314 0.556910 0.435383
vn 0.707314 0.495316 0.504349
vn 0.000000 0.707107 0.707107
vn 0.707314 0.556910 0.435383
vn 0.000000 0.707107 0.707107
vn 0.000000 0.793353 0.608761
vn 0.000000 0.793353 0.608761
vn 0.000000 0.707107 0.707107
vn -0.707314 0.504349 0.495316
vn 0.000000 0.793353 0.608761
vn -0.707314 0.504349 0.495316
vn -0.707314 0.564686 0.425248
vn -0.707314 0.564686 0.425248
vn -0.707314 0.504349 0.495316
vn -0.999959 0.006399 -0.006399
vn -0.707314 0.564686 0.425248
vn -0.999959 0.006399 -0.006399
vn -0.999959 0.005509 -0.007179
vn -0.999959 0.005509 -0.007179
vn -0.999959 0.006399 -0.006399
vn -0.707314 -0.495316 -0.504349
vn -0.999959 0.005509 -0.007179
vn -0.707314 -0.495316 -0.504349
vn -0.707314 -0.556910 -0.435383
vn -0.707314 -0.556910 -0.435383
vn -0.707314 -0.495316 -0.504349
vn 0.000000 -0.707107 -0.707107
vn -0.707314 -0.556910 -0.435383
vn 0.000000 -0.707107 -0.707107
vn -0.000000 -0.793353 -0.608761
vn 0.000000 -0.707107 -0.707107
vn 0.000000 -0.608761 -0.793353
vn 0.707314 -0.435383 -0.556910
vn 0.000000 -0.707107 -0.707107
vn 0.707314 -0.435383 -0.556910
vn 0.707314 -0.504349 -0.495316
vn 0.707314 -0.504349 -0.495316
vn 0.707314 -0.435383 -0.556910
vn 0.999959 -0.007179 0.005509
vn 0.707314 -0.504349 -0.495316
vn 0.999959 -0.007179 0.005509
vn 0.999959 -0.006399 0.006399
vn 0.999959 -0.006399 0.006399
vn 0.999959 -0.007179 0.005509
vn 0.707314 0.425248 0.564686
vn 0.999959 -0.006399 0.006399
vn 0.707314 0.425248 0.564686
vn 0.707314 0.495316 0.504349
vn 0.707314 0.495316 0.504349
vn 0.707314 0.425248 0.564686
vn -0.000000 0.608761 0.793353
vn 0.707314 0.495316 0.504349
vn -0.000000 0.608761 0.793353
vn 0.000000 0.707107 0.707107
vn 0.000000 0.707107 0.707107
vn -0.000000 0.608761 0.793353
vn -0.707314 0.435383 0.556910
vn 0.000000 0.707107 0.707107
vn -0.707314 0.435383 0.556910
vn -0.707314 0.504349 0.495316
vn -0.707314 0.504349 0.495316
vn -0.707314 0.435383 0.556910
vn -0.999959 0.007179 -0.005509
vn -0.707314 0.504349 0.495316
vn -0.999959 0.007179 -0.005509
vn -0.999959 0.006399 -0.006399
vn -0.999959 0.006399 -0.006399
vn -0.999959 0.007179 -0.005509
vn -0.707314 -0.425248 -0.564686
vn -0.999959 0.006399 -0.006399
vn -0.707314 -0.425248 -0.564686
vn -0.707314 -0.495316 -0.504349
vn -0.707314 -0.495316 -0.504349
vn -0.707314 -0.425248 -0.564686
vn 0.000000 -0.608761 -0.793353
vn -0.707314 -0.495316 -0.504349
vn 0.000000 -0.608761 -0.793353
vn 0.000000 -0.707107 -0.707107
vn 0.000000 -0.608761 -0.793353
vn -0.000000 -0.500000 -0.866025
vn 0.707314 -0.358967 -0.608974
vn 0.000000 -0.608761 -0.793353
vn 0.707314 -0.358967 -0.608974
vn 0.707314 -0.435383 -0.556910
vn 0.707314 -0.435383 -0.556910
vn 0.707314 -0.358967 -0.608974
vn 0.999959 -0.007837 0.004525
vn 0.707314 -0.435383 -0.556910
vn 0.999959 -0.007837 0.004525
vn 0.999959 -0.007179 0.005509
vn 0.999959 -0.007179 0.005509
vn 0.999959 -0.007837 0.004525
vn 0.707314 0.347904 0.615361
vn 0.999959 -0.007179 0.005509
vn 0.707314 0.347904 0.615361
vn 0.707314 0.425248 0.564686
vn 0.707314 0.425248 0.564686
vn 0.707314 0.347904 0.615361
vn 0.000000 0.500000 0.866025
vn 0.707314 0.425248 0.564686
vn 0.000000 0.500000 0.866025
vn -0.000000 0.608761 0.793353
vn -0.000000 0.608761 0.793353
vn 0.000000 0.500000 0.866025
vn -0.707314 0.358967 0.608974
vn -0.000000 0.608761 0.793353
vn -0.707314 0.358967 0.608974
vn -0.707314 0.435383 0.556910
vn -0.707314 0.435383 0.556910
vn -0.707314 0.358967 0.608974
vn -0.999959 0.007837 -0.004525
vn -0.707314 0.435383 0.556910
vn -0.999959 0.007837 -0.004525
vn -0.999959 0.007179 -0.005509
vn -0.999959 0.007179 -0.005509
vn -0.999959 0.007837 -0.004525
vn -0.707314 -0.347904 -0.615361
vn -0.999959 0.007179 -0.005509
vn -0.707314 -0.347904 -0.615361
vn -0.707314 -0.425248 -0.564686
vn -0.707314 -0.425248 -0.564686
vn -0.707314 -0.347904 -0.615361
vn -0.000000 -0.500000 -0.866025
vn -0.707314 -0.425248 -0.564686
vn -0.000000 -0.500000 -0.866025
vn 0.000000 -0.608761 -0.793353
vn -0.000000 -0.500000 -0.866025
vn -0.000000 -0.382683 -0.923880
vn 0.707314 -0.276409 -0.650619
vn -0.000000 -0.500000 -0.866025
vn 0.707314 -0.276409 -0.650619
vn 0.707314 -0.358967 -0.608974
vn 0.707314 -0.358967 -0.608974
vn 0.707314 -0.276409 -0.650619
vn 0.999959 -0.008360 0.003463
vn 0.707314 -0.358967 -0.608974
vn 0.999959 -0.008360 0.003463
vn 0.999959 -0.007837 0.004525
vn 0.999959 -0.007837 0.004525
vn 0.999959 -0.008360 0.003463
vn 0.707314 0.264607 0.655507
vn 0.999959 -0.007837 0.004525
vn 0.707314 0.264607 0.655507
vn 0.707314 0.347904 0.615361
vn 0.707314 0.347904 0.615361
vn 0.707314 0.264607 0.655507
vn -0.000000 0.382683 0.923880
vn 0.707314 0.347904 0.615361
vn -0.000000 0.382683 0.923880
vn 0.000000 0.500000 0.866025
vn 0.000000 0.500000 0.866025
vn -0.000000 0.382683 0.923880
vn -0.707314 0.276409 0.650619
vn 0.000000 0.500000 0.866025
vn -0.707314 0.276409 0.650619
vn -0.707314 0.358967 0.608974
vn -0.707314 0.358967 0.608974
vn -0.707314 0.276409 0.650619
vn -0.999959 0.008360 -0.003463
vn -0.707314 0.358967 0.608974
vn -0.999959 0.008360 -0.003463
vn -0.999959 0.007837 -0.004525
vn -0.999959 0.007837 -0.004525
vn -0.999959 0.008360 -0.003463
vn -0.707314 -0.264607 -0.655507
vn -0.999959 0.007837 -0.004525
vn -0.707314 -0.264607 -0.655507
vn -0.707314 -0.347904 -0.615361
vn -0.707314 -0.347904 -0.615361
vn -0.707314 -0.264607 -0.655507
vn -0.000000 -0.382683 -0.923880
vn -0.707314 -0.347904 -0.615361
vn -0.000000 -0.382683 -0.923880
vn -0.000000 -0.500000 -0.866025
vn -0.000000 -0.382683 -0.923880
vn 0.000000 -0.258819 -0.965926
vn 0.707314 -0.189121 -0.681131
vn -0.000000 -0.382683 -0.923880
vn 0.707314 -0.189121 -0.681131
vn 0.707314 -0.276409 -0.650619
vn 0.707314 -0.276409 -0.650619
vn 0.707314 -0.189121 -0.681131
vn 0.999959 -0.008741 0.002342
vn 0.707314 -0.276409 -0.650619
vn 0.999959 -0.008741 0.002342
vn 0.999959 -0.008360 0.003463
vn 0.999959 -0.008360 0.003463
vn 0.999959 -0.008741 0.002342
vn 0.707314 0.176782 0.684437
vn 0.999959 -0.008360 0.003463
vn 0.707314 0.176782 0.684437
vn 0.707314 0.264607 0.655507
vn 0.707314 0.264607 0.655507
vn 0.707314 0.176782 0.684437
vn -0.000000 0.258819 0.965926
vn 0.707314 0.264607 0.655507
vn -0.000000 0.258819 0.965926
vn -0.000000 0.382683 0.923880
vn -0.000000 0.382683 0.923880
vn -0.000000 0.258819 0.965926
vn -0.707314 0.189121 0.681131
vn -0.000000 0.382683 0.923880
vn -0.707314 0.189121 0.681131
vn -0.707314 0.276409 0.650619
vn -0.707314 0.276409 0.650619
vn -0.707314 0.189121 0.681131
vn -0.999959 0.008741 -0.002342
vn -0.707314 0.276409 0.650619
vn -0.999959 0.008741 -0.002342
vn -0.999959 0.008360 -0.003463
vn -0.999959 0.008360 -0.003463
vn -0.999959 0.008741 -0.002342
vn -0.707314 -0.176782 -0.684437
vn -0.999959 0.008360 -0.003463
vn -0.707314 -0.176782 -0.684437
vn -0.707314 -0.264607 -0.655507
vn -0.707314 -0.264607 -0.655507
vn -0.707314 -0.176782 -0.684437
vn 0.000000 -0.258819 -0.965926
vn -0.707314 -0.264607 -0.655507
vn 0.000000 -0.258819 -0.965926
vn -0.000000 -0.382683 -0.923880
vn 0.000000 -0.258819 -0.965926
vn 0.000000 -0.130526 -0.991445
vn 0.707314 -0.098598 -0.699989
vn 0.000000 -0.258819 -0.965926
vn 0.707314 -0.098598 -0.699989
vn 0.707314 -0.189121 -0.681131
vn 0.707314 -0.189121 -0.681131
vn 0.707314 -0.098598 -0.699989
vn 0.999959 -0.008972 0.001181
vn 0.707314 -0.189121 -0.681131
vn 0.999959 -0.008972 0.001181
vn 0.999959 -0.008741 0.002342
vn 0.999959 -0.008741 0.002342
vn 0.999959 -0.008972 0.001181
vn 0.707314 0.085933 0.701657
vn 0.999959 -0.008741 0.002342
vn 0.707314 0.085933 0.701657
vn 0.707314 0.176782 0.684437
vn 0.707314 0.176782 0.684437
vn 0.707314 0.085933 0.701657
vn 0.000000 0.130526 0.991445
vn 0.707314 0.176782 0.684437
vn 0.000000 0.130526 0.991445
vn -0.000000 0.258819 0.965926
vn -0.000000 0.258819 0.965926
vn 0.000000 0.130526 0.991445
vn -0.707314 0.098598 0.699989
vn -0.000000 0.258819 0.965926
vn -0.707314 0.098598 0.699989
vn -0.707314 0.189121 0.681131
vn -0.707314 0.189121 0.681131
vn -0.707314 0.098598 0.699989
vn -0.999959 0.008972 -0.001181
vn -0.707314 0.189121 0.681131
vn -0.999959 0.008972 -0.001181
vn -0.999959 0.008741 -0.002342
vn -0.999959 0.008741 -0.002342
vn -0.999959 0.008972 -0.001181
vn -0.707314 -0.085933 -0.701657
vn -0.999959 0.008741 -0.002342
vn -0.707314 -0.085933 -0.701657
vn -0.707314 -0.176782 -0.684437
vn -0.707314 -0.176782 -0.684437
vn -0.707314 -0.085933 -0.701657
vn 0.000000 -0.130526 -0.991445
vn -0.707314 -0.176782 -0.684437
vn 0.000000 -0.130526 -0.991445
vn 0.000000 -0.258819 -0.965926
vn 0.000000 -0.130526 -0.991445
vn -0.000000 -0.000000 -1.000000
vn 0.707314 -0.006387 -0.706870
vn 0.000000 -0.130526 -0.991445
vn 0.707314 -0.006387 -0.706870
vn 0.707314 -0.098598 -0.699989
vn 0.707314 -0.098598 -0.699989
vn 0.707314 -0.006387 -0.706870
vn 0.999959 -0.009049 -0.000000
vn 0.707314 -0.098598 -0.699989
vn 0.999959 -0.009049 -0.000000
vn 0.999959 -0.008972 0.001181
vn 0.999959 -0.008972 0.001181
vn 0.999959 -0.009049 -0.000000
vn 0.707314 -0.006387 0.706870
vn 0.999959 -0.008972 0.001181
vn 0.707314 -0.006387 0.706870
vn 0.707314 0.085933 0.701657
vn 0.707314 0.085933 0.701657
vn 0.707314 -0.006387 0.706870
vn 0.000000 0.000000 1.000000
vn 0.707314 0.085933 0.701657
vn 0.000000 0.000000 1.000000
vn 0.000000 0.130526 0.991445
vn 0.000000 0.130526 0.991445
vn 0.000000 0.000000 1.000000
vn -0.707314 0.006387 0.706870
vn 0.000000 0.130526 0.991445
vn -0.707314 0.006387 0.706870
vn -0.707314 0.098598 0.699989
vn -0.707314 0.098598 0.699989
vn -0.707314 0.006387 0.706870
vn -0.999959 0.009049 0.000000
vn -0.707314 0.098598 0.699989
vn -0.999959 0.009049 0.000000
vn -0.999959 0.008972 -0.001181
vn -0.999959 0.008972 -0.001181
vn -0.999959 0.009049 0.000000
vn -0.707314 0.006387 -0.706870
vn -0.999959 0.008972 -0.001181
vn -0.707314 0.006387 -0.706870
vn -0.707314 -0.085933 -0.701657
vn -0.707314 -0.085933 -0.701657
vn -0.707314 0.006387 -0.706870
vn -0.000000 -0.000000 -1.000000
vn -0.707314 -0.085933 -0.701657
vn -0.000000 -0.000000 -1.000000
vn 0.000000 -0.130526 -0.991445
vn -0.000000 -0.000000 -1.000000
vn 0.000000 0.130526 -0.991445
vn 0.707314 0.085933 -0.701657
vn -0.000000 -0.000000 -1.000000
vn 0.707314 0.085933 -0.701657
vn 0.707314 -0.006387 -0.706870
vn 0.707314 -0.006387 -0.706870
vn 0.707314 0.085933 -0.701657
vn 0.999959 -0.008972 -0.001181
vn 0.707314 -0.006387 -0.706870
vn 0.999959 -0.008972 -0.001181
vn 0.999959 -0.009049 -0.000000
vn 0.999959 -0.009049 -0.000000
vn 0.999959 -0.008972 -0.001181
vn 0.707314 -0.098598 0.699989
vn 0.999959 -0.009049 -0.000000
vn 0.707314 -0.098598 0.699989
vn 0.707314 -0.006387 0.706870
vn 0.707314 -0.006387 0.706870
vn 0.707314 -0.098598 0.699989
vn 0.000000 -0.130526 0.991445
vn 0.707314 -0.006387 0.706870
vn 0.000000 -0.130526 0.991445
vn 0.000000 0.000000 1.000000
vn 0.000000 0.000000 1.000000
vn 0.000000 -0.130526 0.991445
vn -0.707314 -0.085933 0.701657
vn 0.000000 0.000000 1.000000
vn -0.707314 -0.085933 0.701657
vn -0.707314 0.006387 0.706870
vn -0.707314 0.006387 0.706870
vn -0.707314 -0.085933 0.701657
vn -0.999959 0.008972 0.001181
vn -0.707314 0.006387 0.706870
vn -0.999959 0.008972 0.001181
vn -0.999959 0.009049 0.000000
vn -0.999959 0.009049 0.000000
vn -0.999959 0.008972 0.001181
vn -0.707314 0.098598 -0.699989
vn -0.999959 0.009049 0.000000
vn -0.707314 0.098598 -0.699989
vn -0.707314 0.006387 -0.706870
vn -0.707314 0.006387 -0.706870
vn -0.707314 0.098598 -0.699989
vn 0.000000 0.130526 -0.991445
vn -0.707314 0.006387 -0.706870
vn 0.000000 0.130526 -0.991445
vn -0.000000 -0.000000 -1.000000
vn 0.000000 0.130526 -0.991445
vn 0.000000 0.258819 -0.965926
vn 0.707314 0.176782 -0.684437
vn 0.000000 0.130526 -0.991445
vn 0.707314 0.176782 -0.684437
vn 0.707314 0.085933 -0.701657
vn 0.707314 0.085933 -0.701657
vn 0.707314 0.176782 -0.684437
vn 0.999959 -0.008741 -0.002342
vn 0.707314 0.085933 -0.701657
vn 0.999959 -0.008741 -0.002342
vn 0.999959 -0.008972 -0.001181
vn 0.999959 -0.008972 -0.001181
vn 0.999959 -0.008741 -0.002342
vn 0.707314 -0.189121 0.681131
vn 0.999959 -0.008972 -0.001181
vn 0.707314 -0.189121 0.681131
vn 0.707314 -0.098598 0.699989
vn 0.707314 -0.098598 0.699989
vn 0.707314 -0.189121 0.681131
vn -0.000000 -0.258819 0.965926
vn 0.707314 -0.098598 0.699989
vn -0.000000 -0.258819 0.965926
vn 0.000000 -0.130526 0.991445
vn 0.000000 -0.130526 0.991445
vn -0.000000 -0.258819 0.965926
vn -0.707314 -0.176782 0.684437
vn 0.000000 -0.130526 0.991445
vn -0.707314 -0.176782 0.684437
vn -0.707314 -0.085933 0.701657
vn -0.707314 -0.085933 0.701657
vn -0.707314 -0.176782 0.684437
vn -0.999959 0.008741 0.002342
vn -0.707314 -0.085933 0.701657
vn -0.999959 0.008741 0.002342
vn -0.999959 0.008972 0.001181
vn -0.999959 0.008972 0.001181
vn -0.999959 0.008741 0.002342
vn -0.707314 0.189121 -0.681131
vn -0.999959 0.008972 0.001181
vn -0.707314 0.189121 -0.681131
vn -0.707314 0.098598 -0.699989
vn -0.707314 0.098598 -0.699989
vn -0.707314 0.189121 -0.681131
vn 0.000000 0.258819 -0.965926
vn -0.707314 0.098598 -0.699989
vn 0.000000 0.258819 -0.965926
vn 0.000000 0.130526 -0.991445
vn 0.000000 0.258819 -0.965926
vn -0.000000 0.382683 -0.923880
vn 0.707314 0.264607 -0.655507
vn 0.000000 0.258819 -0.965926
vn 0.707314 0.264607 -0.655507
vn 0.707314 0.176782 -0.684437
vn 0.707314 0.176782 -0.684437
vn 0.707314 0.264607 -0.655507
vn 0.999959 -0.008360 -0.003463
vn 0.707314 0.176782 -0.684437
vn 0.999959 -0.008360 -0.003463
vn 0.999959 -0.008741 -0.002342
vn 0.999959 -0.008741 -0.002342
vn 0.999959 -0.008360 -0.003463
vn 0.707314 -0.276409 0.650619
vn 0.999959 -0.008741 -0.002342
vn 0.707314 -0.276409 0.650619
vn 0.707314 -0.189121 0.681131
vn 0.707314 -0.189121 0.681131
vn 0.707314 -0.276409 0.650619
vn -0.000000 -0.382683 0.923880
vn 0.707314 -0.189121 0.681131
vn -0.000000 -0.382683 0.923880
vn -0.000000 -0.258819 0.965926
vn -0.000000 -0.258819 0.965926
vn -0.000000 -0.382683 0.923880
vn -0.707314 -0.264607 0.655507
vn -0.000000 -0.258819 0.965926
vn -0.707314 -0.264607 0.655507
vn -0.707314 -0.176782 0.684437
vn -0.707314 -0.176782 0.684437
vn -0.707314 -0.264607 0.655507
vn -0.999959 0.008360 0.003463
vn -0.707314 -0.176782 0.684437
vn -0.999959 0.008360 0.003463
vn -0.999959 0.008741 0.002342
vn -0.999959 0.008741 0.002342
vn -0.999959 0.008360 0.003463
vn -0.707314 0.276409 -0.650619
vn -0.999959 0.008741 0.002342
vn -0.707314 0.276409 -0.650619
vn -0.707314 0.189121 -0.681131
vn -0.707314 0.189121 -0.681131
vn -0.707314 0.276409 -0.650619
vn -0.000000 0.382683 -0.923880
vn -0.707314 0.189121 -0.681131
vn -0.000000 0.382683 -0.923880
vn 0.000000 0.258819 -0.965926
vn -0.000000 0.382683 -0.923880
vn 0.000000 0.500000 -0.866025
vn 0.707314 0.347904 -0.615361
vn -0.000000 0.382683 -0.923880
vn 0.707314 0.347904 -0.615361
vn 0.707314 0.264607 -0.655507
vn 0.707314 0.264607 -0.655507
vn 0.707314 0.347904 -0.615361
vn 0.999959 -0.007837 -0.004525
vn 0.707314 0.264607 -0.655507
vn 0.999959 -0.007837 -0.004525
vn 0.999959 -0.008360 -0.003463
vn 0.999959 -0.008360 -0.003463
vn 0.999959 -0.007837 -0.004525
vn 0.707314 -0.358967 0.608974
vn 0.999959 -0.008360 -0.003463
vn 0.707314 -0.358967 0.608974
vn 0.707314 -0.276409 0.650619
vn 0.707314 -0.276409 0.650619
vn 0.707314 -0.358967 0.608974
vn -0.000000 -0.500000 0.866025
vn 0.707314 -0.276409 0.650619
vn -0.000000 -0.500000 0.866025
vn -0.000000 -0.382683 0.923880
vn -0.000000 -0.382683 0.923880
vn -0.000000 -0.500000 0.866025
vn -0.707314 -0.347904 0.615361
vn -0.000000 -0.382683 0.923880
vn -0.707314 -0.347904 0.615361
vn -0.707314 -0.264607 0.655507
vn -0.707314 -0.264607 0.655507
vn -0.707314 -0.347904 0.615361
vn -0.999959 0.007837 0.004525
vn -0.707314 -0.264607 0.655507
vn -0.999959 0.007837 0.004525
vn -0.999959 0.008360 0.003463
vn -0.999959 0.008360 0.003463
vn -0.999959 0.007837 0.004525
vn -0.707314 0.358967 -0.608974
vn -0.999959 0.008360 0.003463
vn -0.707314 0.358967 -0.608974
vn -0.707314 0.276409 -0.650619
vn -0.707314 0.276409 -0.650619
vn -0.707314 0.358967 -0.608974
vn 0.000000 0.500000 -0.866025
vn -0.707314 0.276409 -0.650619
vn 0.000000 0.500000 -0.866025
vn -0.000000 0.382683 -0.923880
vn 0.000000 0.500000 -0.866025
vn -0.000000 0.608761 -0.793353
vn 0.707314 0.425248 -0.564686
vn 0.000000 0.500000 -0.866025
vn 0.707314 0.425248 -0.564686
vn 0.707314 0.347904 -0.615361
vn 0.707314 0.347904 -0.615361
vn 0.707314 0.425248 -0.564686
vn 0.999959 -0.007179 -0.005509
vn 0.707314 0.347904 -0.615361
vn 0.999959 -0.007179 -0.005509
vn 0.999959 -0.007837 -0.004525
vn 0.999959 -0.007837 -0.004525
vn 0.999959 -0.007179 -0.005509
vn 0.707314 -0.435383 0.556910
vn 0.999959 -0.007837 -0.004525
vn 0.707314 -0.435383 0.556910
vn 0.707314 -0.358967 0.608974
vn 0.707314 -0.358967 0.608974
vn 0.707314 -0.435383 0.556910
vn 0.000000 -0.608761 0.793353
vn 0.707314 -0.358967 0.608974
vn 0.000000 -0.608761 0.793353
vn -0.000000 -0.500000 0.866025
vn -0.000000 -0.500000 0.866025
vn 0.000000 -0.608761 0.793353
vn -0.707314 -0.425248 0.564686
vn -0.000000 -0.500000 0.866025
vn -0.707314 -0.425248 0.564686
vn -0.707314 -0.347904 0.615361
vn -0.707314 -0.347904 0.615361
vn -0.707314 -0.425248 0.564686
vn -0.999959 0.007179 0.005509
vn -0.707314 -0.347904 0.615361
vn -0.999959 0.007179 0.005509
vn -0.999959 0.007837 0.004525
vn -0.999959 0.007837 0.004525
vn -0.999959 0.007179 0.005509
vn -0.707314 0.435383 -0.556910
vn -0.999959 0.007837 0.004525
vn -0.707314 0.435383 -0.556910
vn -0.707314 0.358967 -0.608974
vn -0.707314 0.358967 -0.608974
vn -0.707314 0.435383 -0.556910
vn -0.000000 0.608761 -0.793353
vn -0.707314 0.358967 -0.608974
vn -0.000000 0.608761 -0.793353
vn 0.000000 0.500000 -0.866025
vn -0.000000 0.608761 -0.793353
vn -0.000000 0.707107 -0.707107
vn 0.707314 0.495316 -0.504349
vn -0.000000 0.608761 -0.793353
vn 0.707314 0.495316 -0.504349
vn 0.707314 0.425248 -0.564686
vn 0.707314 0.425248 -0.564686
vn 0.707314 0.495316 -0.504349
vn 0.999959 -0.006399 -0.006399
vn 0.707314 0.425248 -0.564686
vn 0.999959 -0.006399 -0.006399
vn 0.999959 -0.007179 -0.005509
vn 0.999959 -0.007179 -0.005509
vn 0.999959 -0.006399 -0.006399
vn 0.707314 -0.504349 0.495316
vn 0.999959 -0.007179 -0.005509
vn 0.707314 -0.504349 0.495316
vn 0.707314 -0.435383 0.556910
vn 0.707314 -0.435383 0.556910
vn 0.707314 -0.504349 0.495316
vn 0.000000 -0.707107 0.707107
vn 0.707314 -0.435383 0.556910
vn 0.000000 -0.707107 0.707107
vn 0.000000 -0.608761 0.793353
vn 0.000000 -0.608761 0.793353
vn 0.000000 -0.707107 0.707107
vn -0.707314 -0.495316 0.504349
vn 0.000000 -0.608761 0.793353
vn -0.707314 -0.495316 0.504349
vn -0.707314 -0.425248 0.564686
vn -0.707314 -0.425248 0.564686
vn -0.707314 -0.495316 0.504349
vn -0.999959 0.006399 0.006399
vn -0.707314 -0.425248 0.564686
vn -0.999959 0.006399 0.006399
vn -0.999959 0.007179 0.005509
vn -0.999959 0.007179 0.005509
vn -0.999959 0.006399 0.006399
vn -0.707314 0.504349 -0.495316
vn -0.999959 0.007179 0.005509
vn -0.707314 0.504349 -0.495316
vn -0.707314 0.435383 -0.556910
vn -0.707314 0.435383 -0.556910
vn -0.707314 0.504349 -0.495316
vn -0.000000 0.707107 -0.707107
vn -0.707314 0.435383 -0.556910
vn -0.000000 0.707107 -0.707107
vn -0.000000 0.608761 -0.793353
vn -0.000000 0.707107 -0.707107
vn 0.000000 0.793353 -0.608761
vn 0.707314 0.556910 -0.435383
vn -0.000000 0.707107 -0.707107
vn 0.707314 0.556910 -0.435383
vn 0.707314 0.495316 -0.504349
vn 0.707314 0.495316 -0.504349
vn 0.707314 0.556910 -0.435383
vn 0.999959 -0.005509 -0.007179
vn 0.707314 0.495316 -0.504349
vn 0.999959 -0.005509 -0.007179
vn 0.999959 -0.006399 -0.006399
vn 0.999959 -0.006399 -0.006399
vn 0.999959 -0.005509 -0.007179
vn 0.707314 -0.564686 0.425248
vn 0.999959 -0.006399 -0.006399
vn 0.707314 -0.564686 0.425248
vn 0.707314 -0.504349 0.495316
vn 0.707314 -0.504349 0.495316
vn 0.707314 -0.564686 0.425248
vn -0.000000 -0.793353 0.608761
vn 0.707314 -0.504349 0.495316
vn -0.000000 -0.793353 0.608761
vn 0.000000 -0.707107 0.707107
vn 0.000000 -0.707107 0.707107
vn -0.000000 -0.793353 0.608761
vn -0.707314 -0.556910 0.435383
vn 0.000000 -0.707107 0.707107
vn -0.707314 -0.556910 0.435383
vn -0.707314 -0.495316 0.504349
vn -0.707314 -0.495316 0.504349
vn -0.707314 -0.556910 0.435383
vn -0.999959 0.005509 0.007179
vn -0.707314 -0.495316 0.504349
vn -0.999959 0.005509 0.007179
vn -0.999959 0.006399 0.006399
vn -0.999959 0.006399 0.006399
vn -0.999959 0.005509 0.007179
vn -0.707314 0.564686 -0.425248
vn -0.999959 0.006399 0.006399
vn -0.707314 0.564686 -0.425248
vn -0.707314 0.504349 -0.495316
vn -0.707314 0.504349 -0.495316
vn -0.707314 0.564686 -0.425248
vn 0.000000 0.793353 -0.608761
vn -0.707314 0.504349 -0.495316
vn 0.000000 0.793353 -0.608761
vn -0.000000 0.707107 -0.707107
vn 0.000000 0.793353 -0.608761
vn -0.000000 0.866025 -0.500000
vn 0.707314 0.608974 -0.358967
vn 0.000000 0.793353 -0.608761
vn 0.707314 0.608974 -0.358967
vn 0.707314 0.556910 -0.435383
vn 0.707314 0.556910 -0.435383
vn 0.707314 0.608974 -0.358967
vn 0.999959 -0.004525 -0.007837
vn 0.707314 0.556910 -0.435383
vn 0.999959 -0.004525 -0.007837
vn 0.999959 -0.005509 -0.007179
vn 0.999959 -0.005509 -0.007179
vn 0.999959 -0.004525 -0.007837
vn 0.707314 -0.615361 0.347904
vn 0.999959 -0.005509 -0.007179
vn 0.707314 -0.615361 0.347904
vn 0.707314 -0.564686 0.425248
vn 0.707314 -0.564686 0.425248
vn 0.707314 -0.615361 0.347904
vn 0.000000 -0.866025 0.500000
vn 0.707314 -0.564686 0.425248
vn 0.000000 -0.866025 0.500000
vn -0.000000 -0.793353 0.608761
vn -0.000000 -0.793353 0.608761
vn 0.000000 -0.866025 0.500000
vn -0.707314 -0.608974 0.358967
vn -0.000000 -0.793353 0.608761
vn -0.707314 -0.608974 0.358967
vn -0.707314 -0.556910 0.435383
vn -0.707314 -0.556910 0.435383
vn -0.707314 -0.608974 0.358967
vn -0.999959 0.004525 0.007837
vn -0.707314 -0.556910 0.435383
vn -0.999959 0.004525 0.007837
vn -0.999959 0.005509 0.007179
vn -0.999959 0.005509 0.007179
vn -0.999959 0.004525 0.007837
vn -0.707314 0.615361 -0.347904
vn -0.999959 0.005509 0.007179
vn -0.707314 0.615361 -0.347904
vn -0.707314 0.564686 -0.425248
vn -0.707314 0.564686 -0.425248
vn -0.707314 0.615361 -0.347904
vn -0.000000 0.866025 -0.500000
vn -0.707314 0.564686 -0.425248
vn -0.000000 0.866025 -0.500000
vn 0.000000 0.793353 -0.608761
vn -0.000000 0.866025 -0.500000
vn -0.000000 0.923880 -0.382683
vn 0.707314 0.650619 -0.276409
vn -0.000000 0.866025 -0.500000
vn 0.707314 0.650619 -0.276409
vn 0.707314 0.608974 -0.358967
vn 0.707314 0.608974 -0.358967
vn 0.707314 0.650619 -0.276409
vn 0.999959 -0.003463 -0.008360
vn 0.707314 0.608974 -0.358967
vn 0.999959 -0.003463 -0.008360
vn 0.999959 -0.004525 -0.007837
vn 0.999959 -0.004525 -0.007837
vn 0.999959 -0.003463 -0.008360
vn 0.707314 -0.655507 0.264607
vn 0.999959 -0.004525 -0.007837
vn 0.707314 -0.655507 0.264607
vn 0.707314 -0.615361 0.347904
vn 0.707314 -0.615361 0.347904
vn 0.707314 -0.655507 0.264607
vn -0.000000 -0.923880 0.382683
vn 0.707314 -0.615361 0.347904
vn -0.000000 -0.923880 0.382683
vn 0.000000 -0.866025 0.500000
vn 0.000000 -0.866025 0.500000
vn -0.000000 -0.923880 0.382683
vn -0.707314 -0.650619 0.276409
vn 0.000000 -0.866025 0.500000
vn -0.707314 -0.650619 0.276409
vn -0.707314 -0.608974 0.358967
vn -0.707314 -0.608974 0.358967
vn -0.707314 -0.650619 0.276409
vn -0.999959 0.003463 0.008360
vn -0.707314 -0.608974 0.358967
vn -0.999959 0.003463 0.008360
vn -0.999959 0.004525 0.007837
vn -0.999959 0.004525 0.007837
vn -0.999959 0.003463 0.008360
vn -0.707314 0.655507 -0.264607
vn -0.999959 0.004525 0.007837
vn -0.707314 0.655507 -0.264607
vn -0.707314 0.615361 -0.347904
vn -0.707314 0.615361 -0.347904
vn -0.707314 0.655507 -0.264607
vn -0.000000 0.923880 -0.382683
vn -0.707314 0.615361 -0.347904
vn -0.000000 0.923880 -0.382683
vn -0.000000 0.866025 -0.500000
vn -0.000000 0.923880 -0.382683
vn 0.000000 0.965926 -0.258819
vn 0.707314 0.681131 -0.189121
vn -0.000000 0.923880 -0.382683
vn 0.707314 0.681131 -0.189121
vn 0.707314 0.650619 -0.276409
vn 0.707314 0.650619 -0.276409
vn 0.707314 0.681131 -0.189121
vn 0.999959 -0.002342 -0.008741
vn 0.707314 0.650619 -0.276409
vn 0.999959 -0.002342 -0.008741
vn 0.999959 -0.003463 -0.008360
vn 0.999959 -0.003463 -0.008360
vn 0.999959 -0.002342 -0.008741
vn 0.707314 -0.684437 0.176782
vn 0.999959 -0.003463 -0.008360
vn 0.707314 -0.684437 0.176782
vn 0.707314 -0.655507 0.264607
vn 0.707314 -0.655507 0.264607
vn 0.707314 -0.684437 0.176782
vn -0.000000 -0.965926 0.258819
vn 0.707314 -0.655507 0.264607
vn -0.000000 -0.965926 0.258819
vn -0.000000 -0.923880 0.382683
vn -0.000000 -0.923880 0.382683
vn -0.000000 -0.965926 0.258819
vn -0.707314 -0.681131 0.189121
vn -0.000000 -0.923880 0.382683
vn -0.707314 -0.681131 0.189121
vn -0.707314 -0.650619 0.276409
vn -0.707314 -0.650619 0.276409
vn -0.707314 -0.681131 0.189121
vn -0.999959 0.002342 0.008741
vn -0.707314 -0.650619 0.276409
vn -0.999959 0.002342 0.008741
vn -0.999959 0.003463 0.008360
vn -0.999959 0.003463 0.008360
vn -0.999959 0.002342 0.008741
vn -0.707314 0.684437 -0.176782
vn -0.999959 0.003463 0.008360
vn -0.707314 0.684437 -0.176782
vn -0.707314 0.655507 -0.264607
vn -0.707314 0.655507 -0.264607
vn -0.707314 0.684437 -0.176782
vn 0.000000 0.965926 -0.258819
vn -0.707314 0.655507 -0.264607
vn 0.000000 0.965926 -0.258819
vn -0.000000 0.923880 -0.382683
vn 0.000000 0.965926 -0.258819
vn 0.000000 0.991445 -0.130526
vn 0.707314 0.699989 -0.098598
vn 0.000000 0.965926 -0.258819
vn 0.707314 0.699989 -0.098598
vn 0.707314 0.681131 -0.189121
vn 0.707314 0.681131 -0.189121
vn 0.707314 0.699989 -0.098598
vn 0.999959 -0.001181 -0.008972
vn 0.707314 0.681131 -0.189121
vn 0.999959 -0.001181 -0.008972
vn 0.999959 -0.002342 -0.008741
vn 0.999959 -0.002342 -0.008741
vn 0.999959 -0.001181 -0.008972
vn 0.707314 -0.701657 0.085933
vn 0.999959 -0.002342 -0.008741
vn 0.707314 -0.701657 0.085933
vn 0.707314 -0.684437 0.176782
vn 0.707314 -0.684437 0.176782
vn 0.707314 -0.701657 0.085933
vn 0.000000 -0.991445 0.130526
vn 0.707314 -0.684437 0.176782
vn 0.000000 -0.991445 0.130526
vn -0.000000 -0.965926 0.258819
vn -0.000000 -0.965926 0.258819
vn 0.000000 -0.991445 0.130526
vn -0.707314 -0.699989 0.098598
vn -0.000000 -0.965926 0.258819
vn -0.707314 -0.699989 0.098598
vn -0.707314 -0.681131 0.189121
vn -0.707314 -0.681131 0.189121
vn -0.707314 -0.699989 0.098598
vn -0.999959 0.001181 0.008972
vn -0.707314 -0.681131 0.189121
vn -0.999959 0.001181 0.008972
vn -0.999959 0.002342 0.008741
vn -0.999959 0.002342 0.008741
vn -0.999959 0.001181 0.008972
vn -0.707314 0.701657 -0.085933
vn -0.999959 0.002342 0.008741
vn -0.707314 0.701657 -0.085933
vn -0.707314 0.684437 -0.176782
vn -0.707314 0.684437 -0.176782
vn -0.707314 0.701657 -0.085933
vn 0.000000 0.991445 -0.130526
vn -0.707314 0.684437 -0.176782
vn 0.000000 0.991445 -0.130526
vn 0.000000 0.965926 -0.258819
vn 0.000000 0.991445 -0.130526
vn 0.000000 1.000000 0.000000
vn 0.707314 0.706870 -0.006387
vn 0.000000 0.991445 -0.130526
vn 0.707314 0.706870 -0.006387
vn 0.707314 0.699989 -0.098598
vn 0.707314 0.699989 -0.098598
vn 0.707314 0.706870 -0.006387
vn 0.999959 0.000000 -0.009049
vn 0.707314 0.699989 -0.098598
vn 0.999959 0.000000 -0.009049
vn 0.999959 -0.001181 -0.008972
vn 0.999959 -0.001181 -0.008972
vn 0.999959 0.000000 -0.009049
vn 0.707314 -0.706870 -0.006387
vn 0.999959 -0.001181 -0.008972
vn 0.707314 -0.706870 -0.006387
vn 0.707314 -0.701657 0.085933
vn 0.707314 -0.701657 0.085933
vn 0.707314 -0.706870 -0.006387
vn 0.000000 -1.000000 -0.000000
vn 0.707314 -0.701657 0.085933
vn 0.000000 -1.000000 -0.000000
vn 0.000000 -0.991445 0.130526
vn 0.000000 -0.991445 0.130526
vn 0.000000 -1.000000 -0.000000
vn -0.707314 -0.706870 0.006387
vn 0.000000 -0.991445 0.130526
vn -0.707314 -0.706870 0.006387
vn -0.707314 -0.699989 0.098598
vn -0.707314 -0.699989 0.098598
vn -0.707314 -0.706870 0.006387
vn -0.999959 -0.000000 0.009049
vn -0.707314 -0.699989 0.098598
vn -0.999959 -0.000000 0.009049
vn -0.999959 0.001181 0.008972
vn -0.999959 0.001181 0.008972
vn -0.999959 -0.000000 0.009049
vn -0.707314 0.706870 0.006387
vn -0.999959 0.001181 0.008972
vn -0.707314 0.706870 0.006387
vn -0.707314 0.701657 -0.085933
vn -0.707314 0.701657 -0.085933
vn -0.707314 0.706870 0.006387
vn 0.000000 1.000000 0.000000
vn -0.707314 0.701657 -0.085933
vn 0.000000 1.000000 0.000000
vn 0.000000 0.991445 -0.130526
usemtl M_Violet
f 1/1/1 9/2/2 10/3/3
f 1/1/4 10/2/5 2/3/6
f 2/1/7 10/2/8 11/3/9
f 2/1/10 11/2/11 3/3/12
f 3/1/13 11/2/14 12/3/15
f 3/1/16 12/2/17 4/3/18
f 4/1/19 12/2/20 13/3/21
f 4/1/22 13/2/23 5/3/24
f 5/1/25 13/2/26 14/3/27
f 5/1/28 14/2/29 6/3/30
f 6/1/31 14/2/32 15/3/33
f 6/1/34 15/2/35 7/3/36
f 7/1/37 15/2/38 16/3/39
f 7/1/40 16/2/41 8/3/42
f 8/1/43 16/2/44 9/3/45
f 8/1/46 9/2/47 1/3/48
f 9/1/49 17/2/50 18/3/51
f 9/1/52 18/2/53 10/3/54
f 10/1/55 18/2/56 19/3/57
f 10/1/58 19/2/59 11/3/60
f 11/1/61 19/2/62 20/3/63
f 11/1/64 20/2/65 12/3/66
f 12/1/67 20/2/68 21/3/69
f 12/1/70 21/2/71 13/3/72
f 13/1/73 21/2/74 22/3/75
f 13/1/76 22/2/77 14/3/78
f 14/1/79 22/2/80 23/3/81
f 14/1/82 23/2/83 15/3/84
f 15/1/85 23/2/86 24/3/87
f 15/1/88 24/2/89 16/3/90
f 16/1/91 24/2/92 17/3/93
f 16/1/94 17/2/95 9/3/96
f 17/1/97 25/2/98 26/3/99
f 17/1/100 26/2/101 18/3/102
f 18/1/103 26/2/104 27/3/105
f 18/1/106 27/2/107 19/3/108
f 19/1/109 27/2/110 28/3/111
f 19/1/112 28/2/113 20/3/114
f 20/1/115 28/2/116 29/3/117
f 20/1/118 29/2/119 21/3/120
f 21/1/121 29/2/122 30/3/123
f 21/1/124 30/2/125 22/3/126
f 22/1/127 30/2/128 31/3/129
f 22/1/130 31/2/131 23/3/132
f 23/1/133 31/2/134 32/3/135
f 23/1/136 32/2/137 24/3/138
f 24/1/139 32/2/140 25/3/141
f 24/1/142 25/2/143 17/3/144
f 25/1/145 33/2/146 34/3/147
f 25/1/148 34/2/149 26/3/150
f 26/1/151 34/2/152 35/3/153
f 26/1/154 35/2/155 27/3/156
f 27/1/157 35/2/158 36/3/159
f 27/1/160 36/2/161 28/3/162
f 28/1/163 36/2/164 37/3/165
f 28/1/166 37/2/167 29/3/168
f 29/1/169 37/2/170 38/3/171
f 29/1/172 38/2/173 30/3/174
f 30/1/175 38/2/176 39/3/177
f 30/1/178 39/2/179 31/3/180
f 31/1/181 39/2/182 40/3/183
f 31/1/184 40/2/185 32/3/186
f 32/1/187 40/2/188 33/3/189
f 32/1/190 33/2/191 25/3/192
f 33/1/193 41/2/194 42/3/195
f 33/1/196 42/2/197 34/3/198
f 34/1/199 42/2/200 43/3/201
f 34/1/202 43/2/203 35/3/204
f 35/1/205 43/2/206 44/3/207
f 35/1/208 44/2/209 36/3/210
f 36/1/211 44/2/212 45/3/213
f 36/1/214 45/2/215 37/3/216
f 37/1/217 45/2/218 46/3/219
f 37/1/220 46/2/221 38/3/222
f 38/1/223 46/2/224 47/3/225
f 38/1/226 47/2/227 39/3/228
f 39/1/229 47/2/230 48/3/231
f 39/1/232 48/2/233 40/3/234
f 40/1/235 48/2/236 41/3/237
f 40/1/238 41/2/239 33/3/240
f 41/1/241 49/2/242 50/3/243
f 41/1/244 50/2/245 42/3/246
f 42/1/247 50/2/248 51/3/249
f 42/1/250 51/2/251 43/3/252
f 43/1/253 51/2/254 52/3/255
f 43/1/256 52/2/257 44/3/258
f 44/1/259 52/2/260 53/3/261
f 44/1/262 53/2/263 45/3/264
f 45/1/265 53/2/266 54/3/267
f 45/1/268 54/2/269 46/3/270
f 46/1/271 54/2/272 55/3/273
f 46/1/274 55/2/275 47/3/276
f 47/1/277 55/2/278 56/3/279
f 47/1/280 56/2/281 48/3/282
f 48/1/283 56/2/284 49/3/285
f 48/1/286 49/2/287 41/3/288
f 49/1/289 57/2/290 58/3/291
f 49/1/292 58/2/293 50/3/294
f 50/1/295 58/2/296 59/3/297
f 50/1/298 59/2/299 51/3/300
f 51/1/301 59/2/302 60/3/303
f 51/1/304 60/2/305 52/3/306
f 52/1/307 60/2/308 61/3/309
f 52/1/310 61/2/311 53/3/312
f 53/1/313 61/2/314 62/3/315
f 53/1/316 62/2/317 54/3/318
f 54/1/319 62/2/320 63/3/321
f 54/1/322 63/2/323 55/3/324
f 55/1/325 63/2/326 64/3/327
f 55/1/328 64/2/329 56/3/330
f 56/1/331 64/2/332 57/3/333
f 56/1/334 57/2/335 49/3/336
f 57/1/337 65/2/338 66/3/339
f 57/1/340 66/2/341 58/3/342
f 58/1/343 66/2/344 67/3/345
f 58/1/346 67/2/347 59/3/348
f 59/1/349 67/2/350 68/3/351
f 59/1/352 68/2/353 60/3/354
f 60/1/355 68/2/356 69/3/357
f 60/1/358 69/2/359 61/3/360
f 61/1/361 69/2/362 70/3/363
f 61/1/364 70/2/365 62/3/366
f 62/1/367 70/2/368 71/3/369
f 62/1/370 71/2/371 63/3/372
f 63/1/373 71/2/374 72/3/375
f 63/1/376 72/2/377 64/3/378
f 64/1/379 72/2/380 65/3/381
f 64/1/382 65/2/383 57/3/384
f 65/1/385 73/2/386 74/3/387
f 65/1/388 74/2/389 66/3/390
f 66/1/391 74/2/392 75/3/393
f 66/1/394 75/2/395 67/3/396
f 67/1/397 75/2/398 76/3/399
f 67/1/400 76/2/401 68/3/402
f 68/1/403 76/2/404 77/3/405
f 68/1/406 77/2/407 69/3/408
f 69/1/409 77/2/410 78/3/411
f 69/1/412 78/2/413 70/3/414
f 70/1/415 78/2/416 79/3/417
f 70/1/418 79/2/419 71/3/420
f 71/1/421 79/2/422 80/3/423
f 71/1/424 80/2/425 72/3/426
f 72/1/427 80/2/428 73/3/429
f 72/1/430 73/2/431 65/3/432
f 73/1/433 81/2/434 82/3/435
f 73/1/436 82/2/437 74/3/438
f 74/1/439 82/2/440 83/3/441
f 74/1/442 83/2/443 75/3/444
f 75/1/445 83/2/446 84/3/447
f 75/1/448 84/2/449 76/3/450
f 76/1/451 84/2/452 85/3/453
f 76/1/454 85/2/455 77/3/456
f 77/1/457 85/2/458 86/3/459
f 77/1/460 86/2/461 78/3/462
f 78/1/463 86/2/464 87/3/465
f 78/1/466 87/2/467 79/3/468
f 79/1/469 87/2/470 88/3/471
f 79/1/472 88/2/473 80/3/474
f 80/1/475 88/2/476 81/3/477
f 80/1/478 81/2/479 73/3/480
f 81/1/481 89/2/482 90/3/483
f 81/1/484 90/2/485 82/3/486
f 82/1/487 90/2/488 91/3/489
f 82/1/490 91/2/491 83/3/492
f 83/1/493 91/2/494 92/3/495
f 83/1/496 92/2/497 84/3/498
f 84/1/499 92/2/500 93/3/501
f 84/1/502 93/2/503 85/3/504
f 85/1/505 93/2/506 94/3/507
f 85/1/508 94/2/509 86/3/510
f 86/1/511 94/2/512 95/3/513
f 86/1/514 95/2/515 87/3/516
f 87/1/517 95/2/518 96/3/519
f 87/1/520 96/2/521 88/3/522
f 88/1/523 96/2/524 89/3/525
f 88/1/526 89/2/527 81/3/528
f 89/1/529 97/2/530 98/3/531
f 89/1/532 98/2/533 90/3/534
f 90/1/535 98/2/536 99/3/537
f 90/1/538 99/2/539 91/3/540
f 91/1/541 99/2/542 100/3/543
f 91/1/544 100/2/545 92/3/546
f 92/1/547 100/2/548 101/3/549
f 92/1/550 101/2/551 93/3/552
f 93/1/553 101/2/554 102/3/555
f 93/1/556 102/2/557 94/3/558
f 94/1/559 102/2/560 103/3/561
f 94/1/562 103/2/563 95/3/564
f 95/1/565 103/2/566 104/3/567
f 95/1/568 104/2/569 96/3/570
f 96/1/571 104/2/572 97/3/573
f 96/1/574 97/2/575 89/3/576
f 97/1/577 105/2/578 106/3/579
f 97/1/580 106/2/581 98/3/582
f 98/1/583 106/2/584 107/3/585
f 98/1/586 107/2/587 99/3/588
f 99/1/589 107/2/590 108/3/591
f 99/1/592 108/2/593 100/3/594
f 100/1/595 108/2/596 109/3/597
f 100/1/598 109/2/599 101/3/600
f 101/1/601 109/2/602 110/3/603
f 101/1/604 110/2/605 102/3/606
f 102/1/607 110/2/608 111/3/609
f 102/1/610 111/2/611 103/3/612
f 103/1/613 111/2/614 112/3/615
f 103/1/616 112/2/617 104/3/618
f 104/1/619 112/2/620 105/3/621
f 104/1/622 105/2/623 97/3/624
f 105/1/625 113/2/626 114/3/627
f 105/1/628 114/2/629 106/3/630
f 106/1/631 114/2/632 115/3/633
f 106/1/634 115/2/635 107/3/636
f 107/1/637 115/2/638 116/3/639
f 107/1/640 116/2/641 108/3/642
f 108/1/643 116/2/644 117/3/645
f 108/1/646 117/2/647 109/3/648
f 109/1/649 117/2/650 118/3/651
f 109/1/652 118/2/653 110/3/654
f 110/1/655 118/2/656 119/3/657
f 110/1/658 119/2/659 111/3/660
f 111/1/661 119/2/662 120/3/663
f 111/1/664 120/2/665 112/3/666
f 112/1/667 120/2/668 113/3/669
f 112/1/670 113/2/671 105/3/672
f 113/1/673 121/2/674 122/3/675
f 113/1/676 122/2/677 114/3/678
f 114/1/679 122/2/680 123/3/681
f 114/1/682 123/2/683 115/3/684
f 115/1/685 123/2/686 124/3/687
f 115/1/688 124/2/689 116/3/690
f 116/1/691 124/2/692 125/3/693
f 116/1/694 125/2/695 117/3/696
f 117/1/697 125/2/698 126/3/699
f 117/1/700 126/2/701 118/3/702
f 118/1/703 126/2/704 127/3/705
f 118/1/706 127/2/707 119/3/708
f 119/1/709 127/2/710 128/3/711
f 119/1/712 128/2/713 120/3/714
f 120/1/715 128/2/716 121/3/717
f 120/1/718 121/2/719 113/3/720
f 121/1/721 129/2/722 130/3/723
f 121/1/724 130/2/725 122/3/726
f 122/1/727 130/2/728 131/3/729
f 122/1/730 131/2/731 123/3/732
f 123/1/733 131/2/734 132/3/735
f 123/1/736 132/2/737 124/3/738
f 124/1/739 132/2/740 133/3/741
f 124/1/742 133/2/743 125/3/744
f 125/1/745 133/2/746 134/3/747
f 125/1/748 134/2/749 126/3/750
f 126/1/751 134/2/752 135/3/753
f 126/1/754 135/2/755 127/3/756
f 127/1/757 135/2/758 136/3/759
f 127/1/760 136/2/761 128/3/762
f 128/1/763 136/2/764 129/3/765
f 128/1/766 129/2/767 121/3/768
f 129/1/769 137/2/770 138/3/771
f 129/1/772 138/2/773 130/3/774
f 130/1/775 138/2/776 139/3/777
f 130/1/778 139/2/779 131/3/780
f 131/1/781 139/2/782 140/3/783
f 131/1/784 140/2/785 132/3/786
f 132/1/787 140/2/788 141/3/789
f 132/1/790 141/2/791 133/3/792
f 133/1/793 141/2/794 142/3/795
f 133/1/796 142/2/797 134/3/798
f 134/1/799 142/2/800 143/3/801
f 134/1/802 143/2/803 135/3/804
f 135/1/805 143/2/806 144/3/807
f 135/1/808 144/2/809 136/3/810
f 136/1/811 144/2/812 137/3/813
f 136/1/814 137/2/815 129/3/816
f 137/1/817 145/2/818 146/3/819
f 137/1/820 146/2/821 138/3/822
f 138/1/823 146/2/824 147/3/825
f 138/1/826 147/2/827 139/3/828
f 139/1/829 147/2/830 148/3/831
f 139/1/832 148/2/833 140/3/834
f 140/1/835 148/2/836 149/3/837
f 140/1/838 149/2/839 141/3/840
f 141/1/841 149/2/842 150/3/843
f 141/1/844 150/2/845 142/3/846
f 142/1/847 150/2/848 151/3/849
f 142/1/850 151/2/851 143/3/852
f 143/1/853 151/2/854 152/3/855
f 143/1/856 152/2/857 144/3/858
f 144/1/859 152/2/860 145/3/861
f 144/1/862 145/2/863 137/3/864
f 145/1/865 153/2/866 154/3/867
f 145/1/868 154/2/869 146/3/870
f 146/1/871 154/2/872 155/3/873
f 146/1/874 155/2/875 147/3/876
f 147/1/877 155/2/878 156/3/879
f 147/1/880 156/2/881 148/3/882
f 148/1/883 156/2/884 157/3/885
f 148/1/886 157/2/887 149/3/888
f 149/1/889 157/2/890 158/3/891
f 149/1/892 158/2/893 150/3/894
f 150/1/895 158/2/896 159/3/897
f 150/1/898 159/2/899 151/3/900
f 151/1/901 159/2/902 160/3/903
f 151/1/904 160/2/905 152/3/906
f 152/1/907 160/2/908 153/3/909
f 152/1/910 153/2/911 145/3/912
f 153/1/913 161/2/914 162/3/915
f 153/1/916 162/2/917 154/3/918
f 154/1/919 162/2/920 163/3/921
f 154/1/922 163/2/923 155/3/924
f 155/1/925 163/2/926 164/3/927
f 155/1/928 164/2/929 156/3/930
f 156/1/931 164/2/932 165/3/933
f 156/1/934 165/2/935 157/3/936
f 157/1/937 165/2/938 166/3/939
f 157/1/940 166/2/941 158/3/942
f 158/1/943 166/2/944 167/3/945
f 158/1/946 167/2/947 159/3/948
f 159/1/949 167/2/950 168/3/951
f 159/1/952 168/2/953 160/3/954
f 160/1/955 168/2/956 161/3/957
f 160/1/958 161/2/959 153/3/960
f 161/1/961 169/2/962 170/3/963
f 161/1/964 170/2/965 162/3/966
f 162/1/967 170/2/968 171/3/969
f 162/1/970 171/2/971 163/3/972
f 163/1/973 171/2/974 172/3/975
f 163/1/976 172/2/977 164/3/978
f 164/1/979 172/2/980 173/3/981
f 164/1/982 173/2/983 165/3/984
f 165/1/985 173/2/986 174/3/987
f 165/1/988 174/2/989 166/3/990
f 166/1/991 174/2/992 175/3/993
f 166/1/994 175/2/995 167/3/996
f 167/1/997 175/2/998 176/3/999
f 167/1/1000 176/2/1001 168/3/1002
f 168/1/1003 176/2/1004 169/3/1005
f 168/1/1006 169/2/1007 161/3/1008
f 169/1/1009 177/2/1010 178/3/1011
f 169/1/1012 178/2/1013 170/3/1014
f 170/1/1015 178/2/1016 179/3/1017
f 170/1/1018 179/2/1019 171/3/1020
f 171/1/1021 179/2/1022 180/3/1023
f 171/1/1024 180/2/1025 172/3/1026
f 172/1/1027 180/2/1028 181/3/1029
f 172/1/1030 181/2/1031 173/3/1032
f 173/1/1033 181/2/1034 182/3/1035
f 173/1/1036 182/2/1037 174/3/1038
f 174/1/1039 182/2/1040 183/3/1041
f 174/1/1042 183/2/1043 175/3/1044
f 175/1/1045 183/2/1046 184/3/1047
f 175/1/1048 184/2/1049 176/3/1050
f 176/1/1051 184/2/1052 177/3/1053
f 176/1/1054 177/2/1055 169/3/1056
f 177/1/1057 185/2/1058 186/3/1059
f 177/1/1060 186/2/1061 178/3/1062
f 178/1/1063 186/2/1064 187/3/1065
f 178/1/1066 187/2/1067 179/3/1068
f 179/1/1069 187/2/1070 188/3/1071
f 179/1/1072 188/2/1073 180/3/1074
f 180/1/1075 188/2/1076 189/3/1077
f 180/1/1078 189/2/1079 181/3/1080
f 181/1/1081 189/2/1082 190/3/1083
f 181/1/1084 190/2/1085 182/3/1086
f 182/1/1087 190/2/1088 191/3/1089
f 182/1/1090 191/2/1091 183/3/1092
f 183/1/1093 191/2/1094 192/3/1095
f 183/1/1096 192/2/1097 184/3/1098
f 184/1/1099 192/2/1100 185/3/1101
f 184/1/1102 185/2/1103 177/3/1104
f 185/1/1105 193/2/1106 194/3/1107
f 185/1/1108 194/2/1109 186/3/1110
f 186/1/1111 194/2/1112 195/3/1113
f 186/1/1114 195/2/1115 187/3/1116
f 187/1/1117 195/2/1118 196/3/1119
f 187/1/1120 196/2/1121 188/3/1122
f 188/1/1123 196/2/1124 197/3/1125
f 188/1/1126 197/2/1127 189/3/1128
f 189/1/1129 197/2/1130 198/3/1131
f 189/1/1132 198/2/1133 190/3/1134
f 190/1/1135 198/2/1136 199/3/1137
f 190/1/1138 199/2/1139 191/3/1140
f 191/1/1141 199/2/1142 200/3/1143
f 191/1/1144 200/2/1145 192/3/1146
f 192/1/1147 200/2/1148 193/3/1149
f 192/1/1150 193/2/1151 185/3/1152
f 193/1/1153 201/2/1154 202/3/1155
f 193/1/1156 202/2/1157 194/3/1158
f 194/1/1159 202/2/1160 203/3/1161
f 194/1/1162 203/2/1163 195/3/1164
f 195/1/1165 203/2/1166 204/3/1167
f 195/1/1168 204/2/1169 196/3/1170
f 196/1/1171 204/2/1172 205/3/1173
f 196/1/1174 205/2/1175 197/3/1176
f 197/1/1177 205/2/1178 206/3/1179
f 197/1/1180 206/2/1181 198/3/1182
f 198/1/1183 206/2/1184 207/3/1185
f 198/1/1186 207/2/1187 199/3/1188
f 199/1/1189 207/2/1190 208/3/1191
f 199/1/1192 208/2/1193 200/3/1194
f 200/1/1195 208/2/1196 201/3/1197
f 200/1/1198 201/2/1199 193/3/1200
f 201/1/1201 209/2/1202 210/3/1203
f 201/1/1204 210/2/1205 202/3/1206
f 202/1/1207 210/2/1208 211/3/1209
f 202/1/1210 211/2/1211 203/3/1212
f 203/1/1213 211/2/1214 212/3/1215
f 203/1/1216 212/2/1217 204/3/1218
f 204/1/1219 212/2/1220 213/3/1221
f 204/1/1222 213/2/1223 205/3/1224
f 205/1/1225 213/2/1226 214/3/1227
f 205/1/1228 214/2/1229 206/3/1230
f 206/1/1231 214/2/1232 215/3/1233
f 206/1/1234 215/2/1235 207/3/1236
f 207/1/1237 215/2/1238 216/3/1239
f 207/1/1240 216/2/1241 208/3/1242
f 208/1/1243 216/2/1244 209/3/1245
f 208/1/1246 209/2/1247 201/3/1248
f 209/1/1249 217/2/1250 218/3/1251
f 209/1/1252 218/2/1253 210/3/1254
f 210/1/1255 218/2/1256 219/3/1257
f 210/1/1258 219/2/1259 211/3/1260
f 211/1/1261 219/2/1262 220/3/1263
f 211/1/1264 220/2/1265 212/3/1266
f 212/1/1267 220/2/1268 221/3/1269
f 212/1/1270 221/2/1271 213/3/1272
f 213/1/1273 221/2/1274 222/3/1275
f 213/1/1276 222/2/1277 214/3/1278
f 214/1/1279 222/2/1280 223/3/1281
f 214/1/1282 223/2/1283 215/3/1284
f 215/1/1285 223/2/1286 224/3/1287
f 215/1/1288 224/2/1289 216/3/1290
f 216/1/1291 224/2/1292 217/3/1293
f 216/1/1294 217/2/1295 209/3/1296
f 217/1/1297 225/2/1298 226/3/1299
f 217/1/1300 226/2/1301 218/3/1302
f 218/1/1303 226/2/1304 227/3/1305
f 218/1/1306 227/2/1307 219/3/1308
f 219/1/1309 227/2/1310 228/3/1311
f 219/1/1312 228/2/1313 220/3/1314
f 220/1/1315 228/2/1316 229/3/1317
f 220/1/1318 229/2/1319 221/3/1320
f 221/1/1321 229/2/1322 230/3/1323
f 221/1/1324 230/2/1325 222/3/1326
f 222/1/1327 230/2/1328 231/3/1329
f 222/1/1330 231/2/1331 223/3/1332
f 223/1/1333 231/2/1334 232/3/1335
f 223/1/1336 232/2/1337 224/3/1338
f 224/1/1339 232/2/1340 225/3/1341
f 224/1/1342 225/2/1343 217/3/1344
f 225/1/1345 233/2/1346 234/3/1347
f 225/1/1348 234/2/1349 226/3/1350
f 226/1/1351 234/2/1352 235/3/1353
f 226/1/1354 235/2/1355 227/3/1356
f 227/1/1357 235/2/1358 236/3/1359
f 227/1/1360 236/2/1361 228/3/1362
f 228/1/1363 236/2/1364 237/3/1365
f 228/1/1366 237/2/1367 229/3/1368
f 229/1/1369 237/2/1370 238/3/1371
f 229/1/1372 238/2/1373 230/3/1374
f 230/1/1375 238/2/1376 239/3/1377
f 230/1/1378 239/2/1379 231/3/1380
f 231/1/1381 239/2/1382 240/3/1383
f 231/1/1384 240/2/1385 232/3/1386
f 232/1/1387 240/2/1388 233/3/1389
f 232/1/1390 233/2/1391 225/3/1392
f 233/1/1393 241/2/1394 242/3/1395
f 233/1/1396 242/2/1397 234/3/1398
f 234/1/1399 242/2/1400 243/3/1401
f 234/1/1402 243/2/1403 235/3/1404
f 235/1/1405 243/2/1406 244/3/1407
f 235/1/1408 244/2/1409 236/3/1410
f 236/1/1411 244/2/1412 245/3/1413
f 236/1/1414 245/2/1415 237/3/1416
f 237/1/1417 245/2/1418 246/3/1419
f 237/1/1420 246/2/1421 238/3/1422
f 238/1/1423 246/2/1424 247/3/1425
f 238/1/1426 247/2/1427 239/3/1428
f 239/1/1429 247/2/1430 248/3/1431
f 239/1/1432 248/2/1433 240/3/1434
f 240/1/1435 248/2/1436 241/3/1437
f 240/1/1438 241/2/1439 233/3/1440
f 241/1/1441 249/2/1442 250/3/1443
f 241/1/1444 250/2/1445 242/3/1446
f 242/1/1447 250/2/1448 251/3/1449
f 242/1/1450 251/2/1451 243/3/1452
f 243/1/1453 251/2/1454 252/3/1455
f 243/1/1456 252/2/1457 244/3/1458
f 244/1/1459 252/2/1460 253/3/1461
f 244/1/1462 253/2/1463 245/3/1464
f 245/1/1465 253/2/1466 254/3/1467
f 245/1/1468 254/2/1469 246/3/1470
f 246/1/1471 254/2/1472 255/3/1473
f 246/1/1474 255/2/1475 247/3/1476
f 247/1/1477 255/2/1478 256/3/1479
f 247/1/1480 256/2/1481 248/3/1482
f 248/1/1483 256/2/1484 249/3/1485
f 248/1/1486 249/2/1487 241/3/1488
f 249/1/1489 257/2/1490 258/3/1491
f 249/1/1492 258/2/1493 250/3/1494
f 250/1/1495 258/2/1496 259/3/1497
f 250/1/1498 259/2/1499 251/3/1500
f 251/1/1501 259/2/1502 260/3/1503
f 251/1/1504 260/2/1505 252/3/1506
f 252/1/1507 260/2/1508 261/3/1509
f 252/1/1510 261/2/1511 253/3/1512
f 253/1/1513 261/2/1514 262/3/1515
f 253/1/1516 262/2/1517 254/3/1518
f 254/1/1519 262/2/1520 263/3/1521
f 254/1/1522 263/2/1523 255/3/1524
f 255/1/1525 263/2/1526 264/3/1527
f 255/1/1528 264/2/1529 256/3/1530
f 256/1/1531 264/2/1532 257/3/1533
f 256/1/1534 257/2/1535 249/3/1536
f 257/1/1537 265/2/1538 266/3/1539
f 257/1/1540 266/2/1541 258/3/1542
f 258/1/1543 266/2/1544 267/3/1545
f 258/1/1546 267/2/1547 259/3/1548
f 259/1/1549 267/2/1550 268/3/1551
f 259/1/1552 268/2/1553 260/3/1554
f 260/1/1555 268/2/1556 269/3/1557
f 260/1/1558 269/2/1559 261/3/1560
f 261/1/1561 269/2/1562 270/3/1563
f 261/1/1564 270/2/1565 262/3/1566
f 262/1/1567 270/2/1568 271/3/1569
f 262/1/1570 271/2/1571 263/3/1572
f 263/1/1573 271/2/1574 272/3/1575
f 263/1/1576 272/2/1577 264/3/1578
f 264/1/1579 272/2/1580 265/3/1581
f 264/1/1582 265/2/1583 257/3/1584
f 265/1/1585 273/2/1586 274/3/1587
f 265/1/1588 274/2/1589 266/3/1590
f 266/1/1591 274/2/1592 275/3/1593
f 266/1/1594 275/2/1595 267/3/1596
f 267/1/1597 275/2/1598 276/3/1599
f 267/1/1600 276/2/1601 268/3/1602
f 268/1/1603 276/2/1604 277/3/1605
f 268/1/1606 277/2/1607 269/3/1608
f 269/1/1609 277/2/1610 278/3/1611
f 269/1/1612 278/2/1613 270/3/1614
f 270/1/1615 278/2/1616 279/3/1617
f 270/1/1618 279/2/1619 271/3/1620
f 271/1/1621 279/2/1622 280/3/1623
f 271/1/1624 280/2/1625 272/3/1626
f 272/1/1627 280/2/1628 273/3/1629
f 272/1/1630 273/2/1631 265/3/1632
f 273/1/1633 281/2/1634 282/3/1635
f 273/1/1636 282/2/1637 274/3/1638
f 274/1/1639 282/2/1640 283/3/1641
f 274/1/1642 283/2/1643 275/3/1644
f 275/1/1645 283/2/1646 284/3/1647
f 275/1/1648 284/2/1649 276/3/1650
f 276/1/1651 284/2/1652 285/3/1653
f 276/1/1654 285/2/1655 277/3/1656
f 277/1/1657 285/2/1658 286/3/1659
f 277/1/1660 286/2/1661 278/3/1662
f 278/1/1663 286/2/1664 287/3/1665
f 278/1/1666 287/2/1667 279/3/1668
f 279/1/1669 287/2/1670 288/3/1671
f 279/1/1672 288/2/1673 280/3/1674
f 280/1/1675 288/2/1676 281/3/1677
f 280/1/1678 281/2/1679 273/3/1680
f 281/1/1681 289/2/1682 290/3/1683
f 281/1/1684 290/2/1685 282/3/1686
f 282/1/1687 290/2/1688 291/3/1689
f 282/1/1690 291/2/1691 283/3/1692
f 283/1/1693 291/2/1694 292/3/1695
f 283/1/1696 292/2/1697 284/3/1698
f 284/1/1699 292/2/1700 293/3/1701
f 284/1/1702 293/2/1703 285/3/1704
f 285/1/1705 293/2/1706 294/3/1707
f 285/1/1708 294/2/1709 286/3/1710
f 286/1/1711 294/2/1712 295/3/1713
f 286/1/1714 295/2/1715 287/3/1716
f 287/1/1717 295/2/1718 296/3/1719
f 287/1/1720 296/2/1721 288/3/1722
f 288/1/1723 296/2/1724 289/3/1725
f 288/1/1726 289/2/1727 281/3/1728
f 289/1/1729 297/2/1730 298/3/1731
f 289/1/1732 298/2/1733 290/3/1734
f 290/1/1735 298/2/1736 299/3/1737
f 290/1/1738 299/2/1739 291/3/1740
f 291/1/1741 299/2/1742 300/3/1743
f 291/1/1744 300/2/1745 292/3/1746
f 292/1/1747 300/2/1748 301/3/1749
f 292/1/1750 301/2/1751 293/3/1752
f 293/1/1753 301/2/1754 302/3/1755
f 293/1/1756 302/2/1757 294/3/1758
f 294/1/1759 302/2/1760 303/3/1761
f 294/1/1762 303/2/1763 295/3/1764
f 295/1/1765 303/2/1766 304/3/1767
f 295/1/1768 304/2/1769 296/3/1770
f 296/1/1771 304/2/1772 297/3/1773
f 296/1/1774 297/2/1775 289/3/1776
f 297/1/1777 305/2/1778 306/3/1779
f 297/1/1780 306/2/1781 298/3/1782
f 298/1/1783 306/2/1784 307/3/1785
f 298/1/1786 307/2/1787 299/3/1788
f 299/1/1789 307/2/1790 308/3/1791
f 299/1/1792 308/2/1793 300/3/1794
f 300/1/1795 308/2/1796 309/3/1797
f 300/1/1798 309/2/1799 301/3/1800
f 301/1/1801 309/2/1802 310/3/1803
f 301/1/1804 310/2/1805 302/3/1806
f 302/1/1807 310/2/1808 311/3/1809
f 302/1/1810 311/2/1811 303/3/1812
f 303/1/1813 311/2/1814 312/3/1815
f 303/1/1816 312/2/1817 304/3/1818
f 304/1/1819 312/2/1820 305/3/1821
f 304/1/1822 305/2/1823 297/3/1824
f 305/1/1825 313/2/1826 314/3/1827
f 305/1/1828 314/2/1829 306/3/1830
f 306/1/1831 314/2/1832 315/3/1833
f 306/1/1834 315/2/1835 307/3/1836
f 307/1/1837 315/2/1838 316/3/1839
f 307/1/1840 316/2/1841 308/3/1842
f 308/1/1843 316/2/1844 317/3/1845
f 308/1/1846 317/2/1847 309/3/1848
f 309/1/1849 317/2/1850 318/3/1851
f 309/1/1852 318/2/1853 310/3/1854
f 310/1/1855 318/2/1856 319/3/1857
f 310/1/1858 319/2/1859 311/3/1860
f 311/1/1861 319/2/1862 320/3/1863
f 311/1/1864 320/2/1865 312/3/1866
f 312/1/1867 320/2/1868 313/3/1869
f 312/1/1870 313/2/1871 305/3/1872
f 313/1/1873 321/2/1874 322/3/1875
f 313/1/1876 322/2/1877 314/3/1878
f 314/1/1879 322/2/1880 323/3/1881
f 314/1/1882 323/2/1883 315/3/1884
f 315/1/1885 323/2/1886 324/3/1887
f 315/1/1888 324/2/1889 316/3/1890
f 316/1/1891 324/2/1892 325/3/1893
f 316/1/1894 325/2/1895 317/3/1896
f 317/1/1897 325/2/1898 326/3/1899
f 317/1/1900 326/2/1901 318/3/1902
f 318/1/1903 326/2/1904 327/3/1905
f 318/1/1906 327/2/1907 319/3/1908
f 319/1/1909 327/2/1910 328/3/1911
f 319/1/1912 328/2/1913 320/3/1914
f 320/1/1915 328/2/1916 321/3/1917
f 320/1/1918 321/2/1919 313/3/1920
f 321/1/1921 329/2/1922 330/3/1923
f 321/1/1924 330/2/1925 322/3/1926
f 322/1/1927 330/2/1928 331/3/1929
f 322/1/1930 331/2/1931 323/3/1932
f 323/1/1933 331/2/1934 332/3/1935
f 323/1/1936 332/2/1937 324/3/1938
f 324/1/1939 332/2/1940 333/3/1941
f 324/1/1942 333/2/1943 325/3/1944
f 325/1/1945 333/2/1946 334/3/1947
f 325/1/1948 334/2/1949 326/3/1950
f 326/1/1951 334/2/1952 335/3/1953
f 326/1/1954 335/2/1955 327/3/1956
f 327/1/1957 335/2/1958 336/3/1959
f 327/1/1960 336/2/1961 328/3/1962
f 328/1/1963 336/2/1964 329/3/1965
f 328/1/1966 329/2/1967 321/3/1968
f 329/1/1969 337/2/1970 338/3/1971
f 329/1/1972 338/2/1973 330/3/1974
f 330/1/1975 338/2/1976 339/3/1977
f 330/1/1978 339/2/1979 331/3/1980
f 331/1/1981 339/2/1982 340/3/1983
f 331/1/1984 340/2/1985 332/3/1986
f 332/1/1987 340/2/1988 341/3/1989
f 332/1/1990 341/2/1991 333/3/1992
f 333/1/1993 341/2/1994 342/3/1995
f 333/1/1996 342/2/1997 334/3/1998
f 334/1/1999 342/2/2000 343/3/2001
f 334/1/2002 343/2/2003 335/3/2004
f 335/1/2005 343/2/2006 344/3/2007
f 335/1/2008 344/2/2009 336/3/2010
f 336/1/2011 344/2/2012 337/3/2013
f 336/1/2014 337/2/2015 329/3/2016
f 337/1/2017 345/2/2018 346/3/2019
f 337/1/2020 346/2/2021 338/3/2022
f 338/1/2023 346/2/2024 347/3/2025
f 338/1/2026 347/2/2027 339/3/2028
f 339/1/2029 347/2/2030 348/3/2031
f 339/1/2032 348/2/2033 340/3/2034
f 340/1/2035 348/2/2036 349/3/2037
f 340/1/2038 349/2/2039 341/3/2040
f 341/1/2041 349/2/2042 350/3/2043
f 341/1/2044 350/2/2045 342/3/2046
f 342/1/2047 350/2/2048 351/3/2049
f 342/1/2050 351/2/2051 343/3/2052
f 343/1/2053 351/2/2054 352/3/2055
f 343/1/2056 352/2/2057 344/3/2058
f 344/1/2059 352/2/2060 345/3/2061
f 344/1/2062 345/2/2063 337/3/2064
f 345/1/2065 353/2/2066 354/3/2067
f 345/1/2068 354/2/2069 346/3/2070
f 346/1/2071 354/2/2072 355/3/2073
f 346/1/2074 355/2/2075 347/3/2076
f 347/1/2077 355/2/2078 356/3/2079
f 347/1/2080 356/2/2081 348/3/2082
f 348/1/2083 356/2/2084 357/3/2085
f 348/1/2086 357/2/2087 349/3/2088
f 349/1/2089 357/2/2090 358/3/2091
f 349/1/2092 358/2/2093 350/3/2094
f 350/1/2095 358/2/2096 359/3/2097
f 350/1/2098 359/2/2099 351/3/2100
f 351/1/2101 359/2/2102 360/3/2103
f 351/1/2104 360/2/2105 352/3/2106
f 352/1/2107 360/2/2108 353/3/2109
f 352/1/2110 353/2/2111 345/3/2112
f 353/1/2113 361/2/2114 362/3/2115
f 353/1/2116 362/2/2117 354/3/2118
f 354/1/2119 362/2/2120 363/3/2121
f 354/1/2122 363/2/2123 355/3/2124
f 355/1/2125 363/2/2126 364/3/2127
f 355/1/2128 364/2/2129 356/3/2130
f 356/1/2131 364/2/2132 365/3/2133
f 356/1/2134 365/2/2135 357/3/2136
f 357/1/2137 365/2/2138 366/3/2139
f 357/1/2140 366/2/2141 358/3/2142
f 358/1/2143 366/2/2144 367/3/2145
f 358/1/2146 367/2/2147 359/3/2148
f 359/1/2149 367/2/2150 368/3/2151
f 359/1/2152 368/2/2153 360/3/2154
f 360/1/2155 368/2/2156 361/3/2157
f 360/1/2158 361/2/2159 353/3/2160
f 361/1/2161 369/2/2162 370/3/2163
f 361/1/2164 370/2/2165 362/3/2166
f 362/1/2167 370/2/2168 371/3/2169
f 362/1/2170 371/2/2171 363/3/2172
f 363/1/2173 371/2/2174 372/3/2175
f 363/1/2176 372/2/2177 364/3/2178
f 364/1/2179 372/2/2180 373/3/2181
f 364/1/2182 373/2/2183 365/3/2184
f 365/1/2185 373/2/2186 374/3/2187
f 365/1/2188 374/2/2189 366/3/2190
f 366/1/2191 374/2/2192 375/3/2193
f 366/1/2194 375/2/2195 367/3/2196
f 367/1/2197 375/2/2198 376/3/2199
f 367/1/2200 376/2/2201 368/3/2202
f 368/1/2203 376/2/2204 369/3/2205
f 368/1/2206 369/2/2207 361/3/2208
f 369/1/2209 377/2/2210 378/3/2211
f 369/1/2212 378/2/2213 370/3/2214
f 370/1/2215 378/2/2216 379/3/2217
f 370/1/2218 379/2/2219 371/3/2220
f 371/1/2221 379/2/2222 380/3/2223
f 371/1/2224 380/2/2225 372/3/2226
f 372/1/2227 380/2/2228 381/3/2229
f 372/1/2230 381/2/2231 373/3/2232
f 373/1/2233 381/2/2234 382/3/2235
f 373/1/2236 382/2/2237 374/3/2238
f 374/1/2239 382/2/2240 383/3/2241
f 374/1/2242 383/2/2243 375/3/2244
f 375/1/2245 383/2/2246 384/3/2247
f 375/1/2248 384/2/2249 376/3/2250
f 376/1/2251 384/2/2252 377/3/2253
f 376/1/2254 377/2/2255 369/3/2256
f 377/1/2257 1/2/2258 2/3/2259
f 377/1/2260 2/2/2261 378/3/2262
f 378/1/2263 2/2/2264 3/3/2265
f 378/1/2266 3/2/2267 379/3/2268
f 379/1/2269 3/2/2270 4/3/2271
f 379/1/2272 4/2/2273 380/3/2274
f 380/1/2275 4/2/2276 5/3/2277
f 380/1/2278 5/2/2279 381/3/2280
f 381/1/2281 5/2/2282 6/3/2283
f 381/1/2284 6/2/2285 382/3/2286
f 382/1/2287 6/2/2288 7/3/2289
f 382/1/2290 7/2/2291 383/3/2292
f 383/1/2293 7/2/2294 8/3/2295
f 383/1/2296 8/2/2297 384/3/2298
f 384/1/2299 8/2/2300 1/3/2301
f 384/1/2302 1/2/2303 377/3/2304
usemtl M_Cyan
f 385/1/2305 393/2/2306 394/3/2307
f 385/1/2308 394/2/2309 386/3/2310
f 386/1/2311 394/2/2312 395/3/2313
f 386/1/2314 395/2/2315 387/3/2316
f 387/1/2317 395/2/2318 396/3/2319
f 387/1/2320 396/2/2321 388/3/2322
f 388/1/2323 396/2/2324 397/3/2325
f 388/1/2326 397/2/2327 389/3/2328
f 389/1/2329 397/2/2330 398/3/2331
f 389/1/2332 398/2/2333 390/3/2334
f 390/1/2335 398/2/2336 399/3/2337
f 390/1/2338 399/2/2339 391/3/2340
f 391/1/2341 399/2/2342 400/3/2343
f 391/1/2344 400/2/2345 392/3/2346
f 392/1/2347 400/2/2348 393/3/2349
f 392/1/2350 393/2/2351 385/3/2352
f 393/1/2353 401/2/2354 402/3/2355
f 393/1/2356 402/2/2357 394/3/2358
f 394/1/2359 402/2/2360 403/3/2361
f 394/1/2362 403/2/2363 395/3/2364
f 395/1/2365 403/2/2366 404/3/2367
f 395/1/2368 404/2/2369 396/3/2370
f 396/1/2371 404/2/2372 405/3/2373
f 396/1/2374 405/2/2375 397/3/2376
f 397/1/2377 405/2/2378 406/3/2379
f 397/1/2380 406/2/2381 398/3/2382
f 398/1/2383 406/2/2384 407/3/2385
f 398/1/2386 407/2/2387 399/3/2388
f 399/1/2389 407/2/2390 408/3/2391
f 399/1/2392 408/2/2393 400/3/2394
f 400/1/2395 408/2/2396 401/3/2397
f 400/1/2398 401/2/2399 393/3/2400
f 401/1/2401 409/2/2402 410/3/2403
f 401/1/2404 410/2/2405 402/3/2406
f 402/1/2407 410/2/2408 411/3/2409
f 402/1/2410 411/2/2411 403/3/2412
f 403/1/2413 411/2/2414 412/3/2415
f 403/1/2416 412/2/2417 404/3/2418
f 404/1/2419 412/2/2420 413/3/2421
f 404/1/2422 413/2/2423 405/3/2424
f 405/1/2425 413/2/2426 414/3/2427
f 405/1/2428 414/2/2429 406/3/2430
f 406/1/2431 414/2/2432 415/3/2433
f 406/1/2434 415/2/2435 407/3/2436
f 407/1/2437 415/2/2438 416/3/2439
f 407/1/2440 416/2/2441 408/3/2442
f 408/1/2443 416/2/2444 409/3/2445
f 408/1/2446 409/2/2447 401/3/2448
f 409/1/2449 417/2/2450 418/3/2451
f 409/1/2452 418/2/2453 410/3/2454
f 410/1/2455 418/2/2456 419/3/2457
f 410/1/2458 419/2/2459 411/3/2460
f 411/1/2461 419/2/2462 420/3/2463
f 411/1/2464 420/2/2465 412/3/2466
f 412/1/2467 420/2/2468 421/3/2469
f 412/1/2470 421/2/2471 413/3/2472
f 413/1/2473 421/2/2474 422/3/2475
f 413/1/2476 422/2/2477 414/3/2478
f 414/1/2479 422/2/2480 423/3/2481
f 414/1/2482 423/2/2483 415/3/2484
f 415/1/2485 423/2/2486 424/3/2487
f 415/1/2488 424/2/2489 416/3/2490
f 416/1/2491 424/2/2492 417/3/2493
f 416/1/2494 417/2/2495 409/3/2496
f 417/1/2497 425/2/2498 426/3/2499
f 417/1/2500 426/2/2501 418/3/2502
f 418/1/2503 426/2/2504 427/3/2505
f 418/1/2506 427/2/2507 419/3/2508
f 419/1/2509 427/2/2510 428/3/2511
f 419/1/2512 428/2/2513 420/3/2514
f 420/1/2515 428/2/2516 429/3/2517
f 420/1/2518 429/2/2519 421/3/2520
f 421/1/2521 429/2/2522 430/3/2523
f 421/1/2524 430/2/2525 422/3/2526
f 422/1/2527 430/2/2528 431/3/2529
f 422/1/2530 431/2/2531 423/3/2532
f 423/1/2533 431/2/2534 432/3/2535
f 423/1/2536 432/2/2537 424/3/2538
f 424/1/2539 432/2/2540 425/3/2541
f 424/1/2542 425/2/2543 417/3/2544
f 425/1/2545 433/2/2546 434/3/2547
f 425/1/2548 434/2/2549 426/3/2550
f 426/1/2551 434/2/2552 435/3/2553
f 426/1/2554 435/2/2555 427/3/2556
f 427/1/2557 435/2/2558 436/3/2559
f 427/1/2560 436/2/2561 428/3/2562
f 428/1/2563 436/2/2564 437/3/2565
f 428/1/2566 437/2/2567 429/3/2568
f 429/1/2569 437/2/2570 438/3/2571
f 429/1/2572 438/2/2573 430/3/2574
f 430/1/2575 438/2/2576 439/3/2577
f 430/1/2578 439/2/2579 431/3/2580
f 431/1/2581 439/2/2582 440/3/2583
f 431/1/2584 440/2/2585 432/3/2586
f 432/1/2587 440/2/2588 433/3/2589
f 432/1/2590 433/2/2591 425/3/2592
f 433/1/2593 441/2/2594 442/3/2595
f 433/1/2596 442/2/2597 434/3/2598
f 434/1/2599 442/2/2600 443/3/2601
f 434/1/2602 443/2/2603 435/3/2604
f 435/1/2605 443/2/2606 444/3/2607
f 435/1/2608 444/2/2609 436/3/2610
f 436/1/2611 444/2/2612 445/3/2613
f 436/1/2614 445/2/2615 437/3/2616
f 437/1/2617 445/2/2618 446/3/2619
f 437/1/2620 446/2/2621 438/3/2622
f 438/1/2623 446/2/2624 447/3/2625
f 438/1/2626 447/2/2627 439/3/2628
f 439/1/2629 447/2/2630 448/3/2631
f 439/1/2632 448/2/2633 440/3/2634
f 440/1/2635 448/2/2636 441/3/2637
f 440/1/2638 441/2/2639 433/3/2640
f 441/1/2641 449/2/2642 450/3/2643
f 441/1/2644 450/2/2645 442/3/2646
f 442/1/2647 450/2/2648 451/3/2649
f 442/1/2650 451/2/2651 443/3/2652
f 443/1/2653 451/2/2654 452/3/2655
f 443/1/2656 452/2/2657 444/3/2658
f 444/1/2659 452/2/2660 453/3/2661
f 444/1/2662 453/2/2663 445/3/2664
f 445/1/2665 453/2/2666 454/3/2667
f 445/1/2668 454/2/2669 446/3/2670
f 446/1/2671 454/2/2672 455/3/2673
f 446/1/2674 455/2/2675 447/3/2676
f 447/1/2677 455/2/2678 456/3/2679
f 447/1/2680 456/2/2681 448/3/2682
f 448/1/2683 456/2/2684 449/3/2685
f 448/1/2686 449/2/2687 441/3/2688
f 449/1/2689 457/2/2690 458/3/2691
f 449/1/2692 458/2/2693 450/3/2694
f 450/1/2695 458/2/2696 459/3/2697
f 450/1/2698 459/2/2699 451/3/2700
f 451/1/2701 459/2/2702 460/3/2703
f 451/1/2704 460/2/2705 452/3/2706
f 452/1/2707 460/2/2708 461/3/2709
f 452/1/2710 461/2/2711 453/3/2712
f 453/1/2713 461/2/2714 462/3/2715
f 453/1/2716 462/2/2717 454/3/2718
f 454/1/2719 462/2/2720 463/3/2721
f 454/1/2722 463/2/2723 455/3/2724
f 455/1/2725 463/2/2726 464/3/2727
f 455/1/2728 464/2/2729 456/3/2730
f 456/1/2731 464/2/2732 457/3/2733
f 456/1/2734 457/2/2735 449/3/2736
f 457/1/2737 465/2/2738 466/3/2739
f 457/1/2740 466/2/2741 458/3/2742
f 458/1/2743 466/2/2744 467/3/2745
f 458/1/2746 467/2/2747 459/3/2748
f 459/1/2749 467/2/2750 468/3/2751
f 459/1/2752 468/2/2753 460/3/2754
f 460/1/2755 468/2/2756 469/3/2757
f 460/1/2758 469/2/2759 461/3/2760
f 461/1/2761 469/2/2762 470/3/2763
f 461/1/2764 470/2/2765 462/3/2766
f 462/1/2767 470/2/2768 471/3/2769
f 462/1/2770 471/2/2771 463/3/2772
f 463/1/2773 471/2/2774 472/3/2775
f 463/1/2776 472/2/2777 464/3/2778
f 464/1/2779 472/2/2780 465/3/2781
f 464/1/2782 465/2/2783 457/3/2784
f 465/1/2785 473/2/2786 474/3/2787
f 465/1/2788 474/2/2789 466/3/2790
f 466/1/2791 474/2/2792 475/3/2793
f 466/1/2794 475/2/2795 467/3/2796
f 467/1/2797 475/2/2798 476/3/2799
f 467/1/2800 476/2/2801 468/3/2802
f 468/1/2803 476/2/2804 477/3/2805
f 468/1/2806 477/2/2807 469/3/2808
f 469/1/2809 477/2/2810 478/3/2811
f 469/1/2812 478/2/2813 470/3/2814
f 470/1/2815 478/2/2816 479/3/2817
f 470/1/2818 479/2/2819 471/3/2820
f 471/1/2821 479/2/2822 480/3/2823
f 471/1/2824 480/2/2825 472/3/2826
f 472/1/2827 480/2/2828 473/3/2829
f 472/1/2830 473/2/2831 465/3/2832
f 473/1/2833 481/2/2834 482/3/2835
f 473/1/2836 482/2/2837 474/3/2838
f 474/1/2839 482/2/2840 483/3/2841
f 474/1/2842 483/2/2843 475/3/2844
f 475/1/2845 483/2/2846 484/3/2847
f 475/1/2848 484/2/2849 476/3/2850
f 476/1/2851 484/2/2852 485/3/2853
f 476/1/2854 485/2/2855 477/3/2856
f 477/1/2857 485/2/2858 486/3/2859
f 477/1/2860 486/2/2861 478/3/2862
f 478/1/2863 486/2/2864 487/3/2865
f 478/1/2866 487/2/2867 479/3/2868
f 479/1/2869 487/2/2870 488/3/2871
f 479/1/2872 488/2/2873 480/3/2874
f 480/1/2875 488/2/2876 481/3/2877
f 480/1/2878 481/2/2879 473/3/2880
f 481/1/2881 489/2/2882 490/3/2883
f 481/1/2884 490/2/2885 482/3/2886
f 482/1/2887 490/2/2888 491/3/2889
f 482/1/2890 491/2/2891 483/3/2892
f 483/1/2893 491/2/2894 492/3/2895
f 483/1/2896 492/2/2897 484/3/2898
f 484/1/2899 492/2/2900 493/3/2901
f 484/1/2902 493/2/2903 485/3/2904
f 485/1/2905 493/2/2906 494/3/2907
f 485/1/2908 494/2/2909 486/3/2910
f 486/1/2911 494/2/2912 495/3/2913
f 486/1/2914 495/2/2915 487/3/2916
f 487/1/2917 495/2/2918 496/3/2919
f 487/1/2920 496/2/2921 488/3/2922
f 488/1/2923 496/2/2924 489/3/2925
f 488/1/2926 489/2/2927 481/3/2928
f 489/1/2929 497/2/2930 498/3/2931
f 489/1/2932 498/2/2933 490/3/2934
f 490/1/2935 498/2/2936 499/3/2937
f 490/1/2938 499/2/2939 491/3/2940
f 491/1/2941 499/2/2942 500/3/2943
f 491/1/2944 500/2/2945 492/3/2946
f 492/1/2947 500/2/2948 501/3/2949
f 492/1/2950 501/2/2951 493/3/2952
f 493/1/2953 501/2/2954 502/3/2955
f 493/1/2956 502/2/2957 494/3/2958
f 494/1/2959 502/2/2960 503/3/2961
f 494/1/2962 503/2/2963 495/3/2964
f 495/1/2965 503/2/2966 504/3/2967
f 495/1/2968 504/2/2969 496/3/2970
f 496/1/2971 504/2/2972 497/3/2973
f 496/1/2974 497/2/2975 489/3/2976
f 497/1/2977 505/2/2978 506/3/2979
f 497/1/2980 506/2/2981 498/3/2982
f 498/1/2983 506/2/2984 507/3/2985
f 498/1/2986 507/2/2987 499/3/2988
f 499/1/2989 507/2/2990 508/3/2991
f 499/1/2992 508/2/2993 500/3/2994
f 500/1/2995 508/2/2996 509/3/2997
f 500/1/2998 509/2/2999 501/3/3000
f 501/1/3001 509/2/3002 510/3/3003
f 501/1/3004 510/2/3005 502/3/3006
f 502/1/3007 510/2/3008 511/3/3009
f 502/1/3010 511/2/3011 503/3/3012
f 503/1/3013 511/2/3014 512/3/3015
f 503/1/3016 512/2/3017 504/3/3018
f 504/1/3019 512/2/3020 505/3/3021
f 504/1/3022 505/2/3023 497/3/3024
f 505/1/3025 513/2/3026 514/3/3027
f 505/1/3028 514/2/3029 506/3/3030
f 506/1/3031 514/2/3032 515/3/3033
f 506/1/3034 515/2/3035 507/3/3036
f 507/1/3037 515/2/3038 516/3/3039
f 507/1/3040 516/2/3041 508/3/3042
f 508/1/3043 516/2/3044 517/3/3045
f 508/1/3046 517/2/3047 509/3/3048
f 509/1/3049 517/2/3050 518/3/3051
f 509/1/3052 518/2/3053 510/3/3054
f 510/1/3055 518/2/3056 519/3/3057
f 510/1/3058 519/2/3059 511/3/3060
f 511/1/3061 519/2/3062 520/3/3063
f 511/1/3064 520/2/3065 512/3/3066
f 512/1/3067 520/2/3068 513/3/3069
f 512/1/3070 513/2/3071 505/3/3072
f 513/1/3073 521/2/3074 522/3/3075
f 513/1/3076 522/2/3077 514/3/3078
f 514/1/3079 522/2/3080 523/3/3081
f 514/1/3082 523/2/3083 515/3/3084
f 515/1/3085 523/2/3086 524/3/3087
f 515/1/3088 524/2/3089 516/3/3090
f 516/1/3091 524/2/3092 525/3/3093
f 516/1/3094 525/2/3095 517/3/3096
f 517/1/3097 525/2/3098 526/3/3099
f 517/1/3100 526/2/3101 518/3/3102
f 518/1/3103 526/2/3104 527/3/3105
f 518/1/3106 527/2/3107 519/3/3108
f 519/1/3109 527/2/3110 528/3/3111
f 519/1/3112 528/2/3113 520/3/3114
f 520/1/3115 528/2/3116 521/3/3117
f 520/1/3118 521/2/3119 513/3/3120
f 521/1/3121 529/2/3122 530/3/3123
f 521/1/3124 530/2/3125 522/3/3126
f 522/1/3127 530/2/3128 531/3/3129
f 522/1/3130 531/2/3131 523/3/3132
f 523/1/3133 531/2/3134 532/3/3135
f 523/1/3136 532/2/3137 524/3/3138
f 524/1/3139 532/2/3140 533/3/3141
f 524/1/3142 533/2/3143 525/3/3144
f 525/1/3145 533/2/3146 534/3/3147
f 525/1/3148 534/2/3149 526/3/3150
f 526/1/3151 534/2/3152 535/3/3153
f 526/1/3154 535/2/3155 527/3/3156
f 527/1/3157 535/2/3158 536/3/3159
f 527/1/3160 536/2/3161 528/3/3162
f 528/1/3163 536/2/3164 529/3/3165
f 528/1/3166 529/2/3167 521/3/3168
f 529/1/3169 537/2/3170 538/3/3171
f 529/1/3172 538/2/3173 530/3/3174
f 530/1/3175 538/2/3176 539/3/3177
f 530/1/3178 539/2/3179 531/3/3180
f 531/1/3181 539/2/3182 540/3/3183
f 531/1/3184 540/2/3185 532/3/3186
f 532/1/3187 540/2/3188 541/3/3189
f 532/1/3190 541/2/3191 533/3/3192
f 533/1/3193 541/2/3194 542/3/3195
f 533/1/3196 542/2/3197 534/3/3198
f 534/1/3199 542/2/3200 543/3/3201
f 534/1/3202 543/2/3203 535/3/3204
f 535/1/3205 543/2/3206 544/3/3207
f 535/1/3208 544/2/3209 536/3/3210
f 536/1/3211 544/2/3212 537/3/3213
f 536/1/3214 537/2/3215 529/3/3216
f 537/1/3217 545/2/3218 546/3/3219
f 537/1/3220 546/2/3221 538/3/3222
f 538/1/3223 546/2/3224 547/3/3225
f 538/1/3226 547/2/3227 539/3/3228
f 539/1/3229 547/2/3230 548/3/3231
f 539/1/3232 548/2/3233 540/3/3234
f 540/1/3235 548/2/3236 549/3/3237
f 540/1/3238 549/2/3239 541/3/3240
f 541/1/3241 549/2/3242 550/3/3243
f 541/1/3244 550/2/3245 542/3/3246
f 542/1/3247 550/2/3248 551/3/3249
f 542/1/3250 551/2/3251 543/3/3252
f 543/1/3253 551/2/3254 552/3/3255
f 543/1/3256 552/2/3257 544/3/3258
f 544/1/3259 552/2/3260 545/3/3261
f 544/1/3262 545/2/3263 537/3/3264
f 545/1/3265 553/2/3266 554/3/3267
f 545/1/3268 554/2/3269 546/3/3270
f 546/1/3271 554/2/3272 555/3/3273
f 546/1/3274 555/2/3275 547/3/3276
f 547/1/3277 555/2/3278 556/3/3279
f 547/1/3280 556/2/3281 548/3/3282
f 548/1/3283 556/2/3284 557/3/3285
f 548/1/3286 557/2/3287 549/3/3288
f 549/1/3289 557/2/3290 558/3/3291
f 549/1/3292 558/2/3293 550/3/3294
f 550/1/3295 558/2/3296 559/3/3297
f 550/1/3298 559/2/3299 551/3/3300
f 551/1/3301 559/2/3302 560/3/3303
f 551/1/3304 560/2/3305 552/3/3306
f 552/1/3307 560/2/3308 553/3/3309
f 552/1/3310 553/2/3311 545/3/3312
f 553/1/3313 561/2/3314 562/3/3315
f 553/1/3316 562/2/3317 554/3/3318
f 554/1/3319 562/2/3320 563/3/3321
f 554/1/3322 563/2/3323 555/3/3324
f 555/1/3325 563/2/3326 564/3/3327
f 555/1/3328 564/2/3329 556/3/3330
f 556/1/3331 564/2/3332 565/3/3333
f 556/1/3334 565/2/3335 557/3/3336
f 557/1/3337 565/2/3338 566/3/3339
f 557/1/3340 566/2/3341 558/3/3342
f 558/1/3343 566/2/3344 567/3/3345
f 558/1/3346 567/2/3347 559/3/3348
f 559/1/3349 567/2/3350 568/3/3351
f 559/1/3352 568/2/3353 560/3/3354
f 560/1/3355 568/2/3356 561/3/3357
f 560/1/3358 561/2/3359 553/3/3360
f 561/1/3361 569/2/3362 570/3/3363
f 561/1/3364 570/2/3365 562/3/3366
f 562/1/3367 570/2/3368 571/3/3369
f 562/1/3370 571/2/3371 563/3/3372
f 563/1/3373 571/2/3374 572/3/3375
f 563/1/3376 572/2/3377 564/3/3378
f 564/1/3379 572/2/3380 573/3/3381
f 564/1/3382 573/2/3383 565/3/3384
f 565/1/3385 573/2/3386 574/3/3387
f 565/1/3388 574/2/3389 566/3/3390
f 566/1/3391 574/2/3392 575/3/3393
f 566/1/3394 575/2/3395 567/3/3396
f 567/1/3397 575/2/3398 576/3/3399
f 567/1/3400 576/2/3401 568/3/3402
f 568/1/3403 576/2/3404 569/3/3405
f 568/1/3406 569/2/3407 561/3/3408
f 569/1/3409 577/2/3410 578/3/3411
f 569/1/3412 578/2/3413 570/3/3414
f 570/1/3415 578/2/3416 579/3/3417
f 570/1/3418 579/2/3419 571/3/3420
f 571/1/3421 579/2/3422 580/3/3423
f 571/1/3424 580/2/3425 572/3/3426
f 572/1/3427 580/2/3428 581/3/3429
f 572/1/3430 581/2/3431 573/3/3432
f 573/1/3433 581/2/3434 582/3/3435
f 573/1/3436 582/2/3437 574/3/3438
f 574/1/3439 582/2/3440 583/3/3441
f 574/1/3442 583/2/3443 575/3/3444
f 575/1/3445 583/2/3446 584/3/3447
f 575/1/3448 584/2/3449 576/3/3450
f 576/1/3451 584/2/3452 577/3/3453
f 576/1/3454 577/2/3455 569/3/3456
f 577/1/3457 585/2/3458 586/3/3459
f 577/1/3460 586/2/3461 578/3/3462
f 578/1/3463 586/2/3464 587/3/3465
f 578/1/3466 587/2/3467 579/3/3468
f 579/1/3469 587/2/3470 588/3/3471
f 579/1/3472 588/2/3473 580/3/3474
f 580/1/3475 588/2/3476 589/3/3477
f 580/1/3478 589/2/3479 581/3/3480
f 581/1/3481 589/2/3482 590/3/3483
f 581/1/3484 590/2/3485 582/3/3486
f 582/1/3487 590/2/3488 591/3/3489
f 582/1/3490 591/2/3491 583/3/3492
f 583/1/3493 591/2/3494 592/3/3495
f 583/1/3496 592/2/3497 584/3/3498
f 584/1/3499 592/2/3500 585/3/3501
f 584/1/3502 585/2/3503 577/3/3504
f 585/1/3505 593/2/3506 594/3/3507
f 585/1/3508 594/2/3509 586/3/3510
f 586/1/3511 594/2/3512 595/3/3513
f 586/1/3514 595/2/3515 587/3/3516
f 587/1/3517 595/2/3518 596/3/3519
f 587/1/3520 596/2/3521 588/3/3522
f 588/1/3523 596/2/3524 597/3/3525
f 588/1/3526 597/2/3527 589/3/3528
f 589/1/3529 597/2/3530 598/3/3531
f 589/1/3532 598/2/3533 590/3/3534
f 590/1/3535 598/2/3536 599/3/3537
f 590/1/3538 599/2/3539 591/3/3540
f 591/1/3541 599/2/3542 600/3/3543
f 591/1/3544 600/2/3545 592/3/3546
f 592/1/3547 600/2/3548 593/3/3549
f 592/1/3550 593/2/3551 585/3/3552
f 593/1/3553 601/2/3554 602/3/3555
f 593/1/3556 602/2/3557 594/3/3558
f 594/1/3559 602/2/3560 603/3/3561
f 594/1/3562 603/2/3563 595/3/3564
f 595/1/3565 603/2/3566 604/3/3567
f 595/1/3568 604/2/3569 596/3/3570
f 596/1/3571 604/2/3572 605/3/3573
f 596/1/3574 605/2/3575 597/3/3576
f 597/1/3577 605/2/3578 606/3/3579
f 597/1/3580 606/2/3581 598/3/3582
f 598/1/3583 606/2/3584 607/3/3585
f 598/1/3586 607/2/3587 599/3/3588
f 599/1/3589 607/2/3590 608/3/3591
f 599/1/3592 608/2/3593 600/3/3594
f 600/1/3595 608/2/3596 601/3/3597
f 600/1/3598 601/2/3599 593/3/3600
f 601/1/3601 609/2/3602 610/3/3603
f 601/1/3604 610/2/3605 602/3/3606
f 602/1/3607 610/2/3608 611/3/3609
f 602/1/3610 611/2/3611 603/3/3612
f 603/1/3613 611/2/3614 612/3/3615
f 603/1/3616 612/2/3617 604/3/3618
f 604/1/3619 612/2/3620 613/3/3621
f 604/1/3622 613/2/3623 605/3/3624
f 605/1/3625 613/2/3626 614/3/3627
f 605/1/3628 614/2/3629 606/3/3630
f 606/1/3631 614/2/3632 615/3/3633
f 606/1/3634 615/2/3635 607/3/3636
f 607/1/3637 615/2/3638 616/3/3639
f 607/1/3640 616/2/3641 608/3/3642
f 608/1/3643 616/2/3644 609/3/3645
f 608/1/3646 609/2/3647 601/3/3648
f 609/1/3649 617/2/3650 618/3/3651
f 609/1/3652 618/2/3653 610/3/3654
f 610/1/3655 618/2/3656 619/3/3657
f 610/1/3658 619/2/3659 611/3/3660
f 611/1/3661 619/2/3662 620/3/3663
f 611/1/3664 620/2/3665 612/3/3666
f 612/1/3667 620/2/3668 621/3/3669
f 612/1/3670 621/2/3671 613/3/3672
f 613/1/3673 621/2/3674 622/3/3675
f 613/1/3676 622/2/3677 614/3/3678
f 614/1/3679 622/2/3680 623/3/3681
f 614/1/3682 623/2/3683 615/3/3684
f 615/1/3685 623/2/3686 624/3/3687
f 615/1/3688 624/2/3689 616/3/3690
f 616/1/3691 624/2/3692 617/3/3693
f 616/1/3694 617/2/3695 609/3/3696
f 617/1/3697 625/2/3698 626/3/3699
f 617/1/3700 626/2/3701 618/3/3702
f 618/1/3703 626/2/3704 627/3/3705
f 618/1/3706 627/2/3707 619/3/3708
f 619/1/3709 627/2/3710 628/3/3711
f 619/1/3712 628/2/3713 620/3/3714
f 620/1/3715 628/2/3716 629/3/3717
f 620/1/3718 629/2/3719 621/3/3720
f 621/1/3721 629/2/3722 630/3/3723
f 621/1/3724 630/2/3725 622/3/3726
f 622/1/3727 630/2/3728 631/3/3729
f 622/1/3730 631/2/3731 623/3/3732
f 623/1/3733 631/2/3734 632/3/3735
f 623/1/3736 632/2/3737 624/3/3738
f 624/1/3739 632/2/3740 625/3/3741
f 624/1/3742 625/2/3743 617/3/3744
f 625/1/3745 633/2/3746 634/3/3747
f 625/1/3748 634/2/3749 626/3/3750
f 626/1/3751 634/2/3752 635/3/3753
f 626/1/3754 635/2/3755 627/3/3756
f 627/1/3757 635/2/3758 636/3/3759
f 627/1/3760 636/2/3761 628/3/3762
f 628/1/3763 636/2/3764 637/3/3765
f 628/1/3766 637/2/3767 629/3/3768
f 629/1/3769 637/2/3770 638/3/3771
f 629/1/3772 638/2/3773 630/3/3774
f 630/1/3775 638/2/3776 639/3/3777
f 630/1/3778 639/2/3779 631/3/3780
f 631/1/3781 639/2/3782 640/3/3783
f 631/1/3784 640/2/3785 632/3/3786
f 632/1/3787 640/2/3788 633/3/3789
f 632/1/3790 633/2/3791 625/3/3792
f 633/1/3793 641/2/3794 642/3/3795
f 633/1/3796 642/2/3797 634/3/3798
f 634/1/3799 642/2/3800 643/3/3801
f 634/1/3802 643/2/3803 635/3/3804
f 635/1/3805 643/2/3806 644/3/3807
f 635/1/3808 644/2/3809 636/3/3810
f 636/1/3811 644/2/3812 645/3/3813
f 636/1/3814 645/2/3815 637/3/3816
f 637/1/3817 645/2/3818 646/3/3819
f 637/1/3820 646/2/3821 638/3/3822
f 638/1/3823 646/2/3824 647/3/3825
f 638/1/3826 647/2/3827 639/3/3828
f 639/1/3829 647/2/3830 648/3/3831
f 639/1/3832 648/2/3833 640/3/3834
f 640/1/3835 648/2/3836 641/3/3837
f 640/1/3838 641/2/3839 633/3/3840
f 641/1/3841 649/2/3842 650/3/3843
f 641/1/3844 650/2/3845 642/3/3846
f 642/1/3847 650/2/3848 651/3/3849
f 642/1/3850 651/2/3851 643/3/3852
f 643/1/3853 651/2/3854 652/3/3855
f 643/1/3856 652/2/3857 644/3/3858
f 644/1/3859 652/2/3860 653/3/3861
f 644/1/3862 653/2/3863 645/3/3864
f 645/1/3865 653/2/3866 654/3/3867
f 645/1/3868 654/2/3869 646/3/3870
f 646/1/3871 654/2/3872 655/3/3873
f 646/1/3874 655/2/3875 647/3/3876
f 647/1/3877 655/2/3878 656/3/3879
f 647/1/3880 656/2/3881 648/3/3882
f 648/1/3883 656/2/3884 649/3/3885
f 648/1/3886 649/2/3887 641/3/3888
f 649/1/3889 657/2/3890 658/3/3891
f 649/1/3892 658/2/3893 650/3/3894
f 650/1/3895 658/2/3896 659/3/3897
f 650/1/3898 659/2/3899 651/3/3900
f 651/1/3901 659/2/3902 660/3/3903
f 651/1/3904 660/2/3905 652/3/3906
f 652/1/3907 660/2/3908 661/3/3909
f 652/1/3910 661/2/3911 653/3/3912
f 653/1/3913 661/2/3914 662/3/3915
f 653/1/3916 662/2/3917 654/3/3918
f 654/1/3919 662/2/3920 663/3/3921
f 654/1/3922 663/2/3923 655/3/3924
f 655/1/3925 663/2/3926 664/3/3927
f 655/1/3928 664/2/3929 656/3/3930
f 656/1/3931 664/2/3932 657/3/3933
f 656/1/3934 657/2/3935 649/3/3936
f 657/1/3937 665/2/3938 666/3/3939
f 657/1/3940 666/2/3941 658/3/3942
f 658/1/3943 666/2/3944 667/3/3945
f 658/1/3946 667/2/3947 659/3/3948
f 659/1/3949 667/2/3950 668/3/3951
f 659/1/3952 668/2/3953 660/3/3954
f 660/1/3955 668/2/3956 669/3/3957
f 660/1/3958 669/2/3959 661/3/3960
f 661/1/3961 669/2/3962 670/3/3963
f 661/1/3964 670/2/3965 662/3/3966
f 662/1/3967 670/2/3968 671/3/3969
f 662/1/3970 671/2/3971 663/3/3972
f 663/1/3973 671/2/3974 672/3/3975
f 663/1/3976 672/2/3977 664/3/3978
f 664/1/3979 672/2/3980 665/3/3981
f 664/1/3982 665/2/3983 657/3/3984
f 665/1/3985 673/2/3986 674/3/3987
f 665/1/3988 674/2/3989 666/3/3990
f 666/1/3991 674/2/3992 675/3/3993
f 666/1/3994 675/2/3995 667/3/3996
f 667/1/3997 675/2/3998 676/3/3999
f 667/1/4000 676/2/4001 668/3/4002
f 668/1/4003 676/2/4004 677/3/4005
f 668/1/4006 677/2/4007 669/3/4008
f 669/1/4009 677/2/4010 678/3/4011
f 669/1/4012 678/2/4013 670/3/4014
f 670/1/4015 678/2/4016 679/3/4017
f 670/1/4018 679/2/4019 671/3/4020
f 671/1/4021 679/2/4022 680/3/4023
f 671/1/4024 680/2/4025 672/3/4026
f 672/1/4027 680/2/4028 673/3/4029
f 672/1/4030 673/2/4031 665/3/4032
f 673/1/4033 681/2/4034 682/3/4035
f 673/1/4036 682/2/4037 674/3/4038
f 674/1/4039 682/2/4040 683/3/4041
f 674/1/4042 683/2/4043 675/3/4044
f 675/1/4045 683/2/4046 684/3/4047
f 675/1/4048 684/2/4049 676/3/4050
f 676/1/4051 684/2/4052 685/3/4053
f 676/1/4054 685/2/4055 677/3/4056
f 677/1/4057 685/2/4058 686/3/4059
f 677/1/4060 686/2/4061 678/3/4062
f 678/1/4063 686/2/4064 687/3/4065
f 678/1/4066 687/2/4067 679/3/4068
f 679/1/4069 687/2/4070 688/3/4071
f 679/1/4072 688/2/4073 680/3/4074
f 680/1/4075 688/2/4076 681/3/4077
f 680/1/4078 681/2/4079 673/3/4080
f 681/1/4081 689/2/4082 690/3/4083
f 681/1/4084 690/2/4085 682/3/4086
f 682/1/4087 690/2/4088 691/3/4089
f 682/1/4090 691/2/4091 683/3/4092
f 683/1/4093 691/2/4094 692/3/4095
f 683/1/4096 692/2/4097 684/3/4098
f 684/1/4099 692/2/4100 693/3/4101
f 684/1/4102 693/2/4103 685/3/4104
f 685/1/4105 693/2/4106 694/3/4107
f 685/1/4108 694/2/4109 686/3/4110
f 686/1/4111 694/2/4112 695/3/4113
f 686/1/4114 695/2/4115 687/3/4116
f 687/1/4117 695/2/4118 696/3/4119
f 687/1/4120 696/2/4121 688/3/4122
f 688/1/4123 696/2/4124 689/3/4125
f 688/1/4126 689/2/4127 681/3/4128
f 689/1/4129 697/2/4130 698/3/4131
f 689/1/4132 698/2/4133 690/3/4134
f 690/1/4135 698/2/4136 699/3/4137
f 690/1/4138 699/2/4139 691/3/4140
f 691/1/4141 699/2/4142 700/3/4143
f 691/1/4144 700/2/4145 692/3/4146
f 692/1/4147 700/2/4148 701/3/4149
f 692/1/4150 701/2/4151 693/3/4152
f 693/1/4153 701/2/4154 702/3/4155
f 693/1/4156 702/2/4157 694/3/4158
f 694/1/4159 702/2/4160 703/3/4161
f 694/1/4162 703/2/4163 695/3/4164
f 695/1/4165 703/2/4166 704/3/4167
f 695/1/4168 704/2/4169 696/3/4170
f 696/1/4171 704/2/4172 697/3/4173
f 696/1/4174 697/2/4175 689/3/4176
f 697/1/4177 705/2/4178 706/3/4179
f 697/1/4180 706/2/4181 698/3/4182
f 698/1/4183 706/2/4184 707/3/4185
f 698/1/4186 707/2/4187 699/3/4188
f 699/1/4189 707/2/4190 708/3/4191
f 699/1/4192 708/2/4193 700/3/4194
f 700/1/4195 708/2/4196 709/3/4197
f 700/1/4198 709/2/4199 701/3/4200
f 701/1/4201 709/2/4202 710/3/4203
f 701/1/4204 710/2/4205 702/3/4206
f 702/1/4207 710/2/4208 711/3/4209
f 702/1/4210 711/2/4211 703/3/4212
f 703/1/4213 711/2/4214 712/3/4215
f 703/1/4216 712/2/4217 704/3/4218
f 704/1/4219 712/2/4220 705/3/4221
f 704/1/4222 705/2/4223 697/3/4224
f 705/1/4225 713/2/4226 714/3/4227
f 705/1/4228 714/2/4229 706/3/4230
f 706/1/4231 714/2/4232 715/3/4233
f 706/1/4234 715/2/4235 707/3/4236
f 707/1/4237 715/2/4238 716/3/4239
f 707/1/4240 716/2/4241 708/3/4242
f 708/1/4243 716/2/4244 717/3/4245
f 708/1/4246 717/2/4247 709/3/4248
f 709/1/4249 717/2/4250 718/3/4251
f 709/1/4252 718/2/4253 710/3/4254
f 710/1/4255 718/2/4256 719/3/4257
f 710/1/4258 719/2/4259 711/3/4260
f 711/1/4261 719/2/4262 720/3/4263
f 711/1/4264 720/2/4265 712/3/4266
f 712/1/4267 720/2/4268 713/3/4269
f 712/1/4270 713/2/4271 705/3/4272
f 713/1/4273 721/2/4274 722/3/4275
f 713/1/4276 722/2/4277 714/3/4278
f 714/1/4279 722/2/4280 723/3/4281
f 714/1/4282 723/2/4283 715/3/4284
f 715/1/4285 723/2/4286 724/3/4287
f 715/1/4288 724/2/4289 716/3/4290
f 716/1/4291 724/2/4292 725/3/4293
f 716/1/4294 725/2/4295 717/3/4296
f 717/1/4297 725/2/4298 726/3/4299
f 717/1/4300 726/2/4301 718/3/4302
f 718/1/4303 726/2/4304 727/3/4305
f 718/1/4306 727/2/4307 719/3/4308
f 719/1/4309 727/2/4310 728/3/4311
f 719/1/4312 728/2/4313 720/3/4314
f 720/1/4315 728/2/4316 721/3/4317
f 720/1/4318 721/2/4319 713/3/4320
f 721/1/4321 729/2/4322 730/3/4323
f 721/1/4324 730/2/4325 722/3/4326
f 722/1/4327 730/2/4328 731/3/4329
f 722/1/4330 731/2/4331 723/3/4332
f 723/1/4333 731/2/4334 732/3/4335
f 723/1/4336 732/2/4337 724/3/4338
f 724/1/4339 732/2/4340 733/3/4341
f 724/1/4342 733/2/4343 725/3/4344
f 725/1/4345 733/2/4346 734/3/4347
f 725/1/4348 734/2/4349 726/3/4350
f 726/1/4351 734/2/4352 735/3/4353
f 726/1/4354 735/2/4355 727/3/4356
f 727/1/4357 735/2/4358 736/3/4359
f 727/1/4360 736/2/4361 728/3/4362
f 728/1/4363 736/2/4364 729/3/4365
f 728/1/4366 729/2/4367 721/3/4368
f 729/1/4369 737/2/4370 738/3/4371
f 729/1/4372 738/2/4373 730/3/4374
f 730/1/4375 738/2/4376 739/3/4377
f 730/1/4378 739/2/4379 731/3/4380
f 731/1/4381 739/2/4382 740/3/4383
f 731/1/4384 740/2/4385 732/3/4386
f 732/1/4387 740/2/4388 741/3/4389
f 732/1/4390 741/2/4391 733/3/4392
f 733/1/4393 741/2/4394 742/3/4395
f 733/1/4396 742/2/4397 734/3/4398
f 734/1/4399 742/2/4400 743/3/4401
f 734/1/4402 743/2/4403 735/3/4404
f 735/1/4405 743/2/4406 744/3/4407
f 735/1/4408 744/2/4409 736/3/4410
f 736/1/4411 744/2/4412 737/3/4413
f 736/1/4414 737/2/4415 729/3/4416
f 737/1/4417 745/2/4418 746/3/4419
f 737/1/4420 746/2/4421 738/3/4422
f 738/1/4423 746/2/4424 747/3/4425
f 738/1/4426 747/2/4427 739/3/4428
f 739/1/4429 747/2/4430 748/3/4431
f 739/1/4432 748/2/4433 740/3/4434
f 740/1/4435 748/2/4436 749/3/4437
f 740/1/4438 749/2/4439 741/3/4440
f 741/1/4441 749/2/4442 750/3/4443
f 741/1/4444 750/2/4445 742/3/4446
f 742/1/4447 750/2/4448 751/3/4449
f 742/1/4450 751/2/4451 743/3/4452
f 743/1/4453 751/2/4454 752/3/4455
f 743/1/4456 752/2/4457 744/3/4458
f 744/1/4459 752/2/4460 745/3/4461
f 744/1/4462 745/2/4463 737/3/4464
f 745/1/4465 753/2/4466 754/3/4467
f 745/1/4468 754/2/4469 746/3/4470
f 746/1/4471 754/2/4472 755/3/4473
f 746/1/4474 755/2/4475 747/3/4476
f 747/1/4477 755/2/4478 756/3/4479
f 747/1/4480 756/2/4481 748/3/4482
f 748/1/4483 756/2/4484 757/3/4485
f 748/1/4486 757/2/4487 749/3/4488
f 749/1/4489 757/2/4490 758/3/4491
f 749/1/4492 758/2/4493 750/3/4494
f 750/1/4495 758/2/4496 759/3/4497
f 750/1/4498 759/2/4499 751/3/4500
f 751/1/4501 759/2/4502 760/3/4503
f 751/1/4504 760/2/4505 752/3/4506
f 752/1/4507 760/2/4508 753/3/4509
f 752/1/4510 753/2/4511 745/3/4512
f 753/1/4513 761/2/4514 762/3/4515
f 753/1/4516 762/2/4517 754/3/4518
f 754/1/4519 762/2/4520 763/3/4521
f 754/1/4522 763/2/4523 755/3/4524
f 755/1/4525 763/2/4526 764/3/4527
f 755/1/4528 764/2/4529 756/3/4530
f 756/1/4531 764/2/4532 765/3/4533
f 756/1/4534 765/2/4535 757/3/4536
f 757/1/4537 765/2/4538 766/3/4539
f 757/1/4540 766/2/4541 758/3/4542
f 758/1/4543 766/2/4544 767/3/4545
f 758/1/4546 767/2/4547 759/3/4548
f 759/1/4549 767/2/4550 768/3/4551
f 759/1/4552 768/2/4553 760/3/4554
f 760/1/4555 768/2/4556 761/3/4557
f 760/1/4558 761/2/4559 753/3/4560
f 761/1/4561 385/2/4562 386/3/4563
f 761/1/4564 386/2/4565 762/3/4566
f 762/1/4567 386/2/4568 387/3/4569
f 762/1/4570 387/2/4571 763/3/4572
f 763/1/4573 387/2/4574 388/3/4575
f 763/1/4576 388/2/4577 764/3/4578
f 764/1/4579 388/2/4580 389/3/4581
f 764/1/4582 389/2/4583 765/3/4584
f 765/1/4585 389/2/4586 390/3/4587
f 765/1/4588 390/2/4589 766/3/4590
f 766/1/4591 390/2/4592 391/3/4593
f 766/1/4594 391/2/4595 767/3/4596
f 767/1/4597 391/2/4598 392/3/4599
f 767/1/4600 392/2/4601 768/3/4602
f 768/1/4603 392/2/4604 385/3/4605
f 768/1/4606 385/2/4607 761/3/4608
