# Original SpaceSurvival generated source; centimeters; X forward; Z up
mtllib Palette.mtl
o SM_Starfield
v 3048650.374932 -832708.559261 -2452005.239097
v 3050357.730166 -831799.952714 -2450189.564581
v 3049658.766808 -834358.945147 -2450189.564581
v 2663552.017858 -2904598.023465 684692.371126
v 2664311.129846 -2903331.022658 687108.324039
v 2662224.155787 -2905244.803471 687108.324039
v 1195771.642583 2250405.723545 3083148.483918
v 1195037.151907 2250060.333106 3083685.298240
v 1195896.462131 2249603.731531 3083685.298240
v -1696168.481721 2926755.058936 -2134740.719016
v -1697082.283226 2926960.109155 -2133733.084095
v -1695892.093044 2927649.870694 -2133733.084095
v 1038192.787706 3423597.972016 -1789171.698499
v 1037149.715220 3425066.470975 -1786964.701009
v 1039875.806901 3424239.794261 -1786964.701009
v 399090.624911 3682142.655072 -1510811.966057
v 398442.737806 3682674.198810 -1509686.982804
v 399837.352118 3682523.042935 -1509686.982804
v -3646019.944245 1616565.340365 -305377.596323
v -3646311.535674 1616088.175638 -304420.109711
v -3645862.111980 1617101.810973 -304420.109711
v -3655228.165027 465763.378529 -1556397.240969
v -3655856.911890 465045.817191 -1555134.548051
v -3655656.873245 466615.684903 -1555134.548051
v -3039173.716161 -2292209.636430 -1228494.516005
v -3039047.726277 -2293002.611426 -1227325.796836
v -3039901.533916 -2291870.572849 -1227325.796836
v 2706318.205574 2922770.660127 365039.434094
v 2705887.192688 2923059.210758 365923.080432
v 2706639.002261 2922363.078159 365923.080432
v -604359.562589 3051700.565234 2514333.903184
v -605252.803966 3050234.480687 2515897.544314
v -602974.970202 3050685.583470 2515897.544314
v -439586.743225 417467.382452 3953793.736465
v -439010.491859 418446.448112 3953754.265103
v -440140.252447 418446.448112 3953628.657190
v -3970389.041223 484945.333541 -28979.847850
v -3970501.345579 484110.154301 -27520.355768
v -3970297.024489 485782.990721 -27520.355768
v -567880.418212 3313431.744924 -2167644.841717
v -569369.068314 3314415.020041 -2165750.261769
v -566804.150974 3314854.614529 -2165750.261769
v 1100822.175901 2455397.249096 2959597.547131
v 1098756.730177 2454303.742235 2961271.609196
v 1101379.877026 2453127.713296 2961271.609196
v 112605.948095 -3639548.840172 -1655598.347533
v 113775.686310 -3640333.256980 -1653792.798129
v 111486.939775 -3640404.069734 -1653792.798129
v -2733298.910015 2917655.238968 127929.094740
v -2733860.223436 2917067.337191 129334.091489
v -2732675.672780 2918177.040275 129334.091489
v -194045.434494 -302849.345589 -3983796.039011
v -195347.427954 -300612.124284 -3983901.852486
v -192759.888131 -300612.124284 -3984027.888127
v 2985307.100643 761028.867834 2551230.694499
v 2983918.908221 761761.984275 2552635.521925
v 2984439.297024 759720.642014 2552635.521925
v 2470593.913538 -2943855.235209 1109001.040080
v 2471034.309138 -2942880.878397 1110604.707783
v 2469557.928335 -2944119.912634 1110604.707783
v -2013372.279547 -3255939.278125 -1159824.812989
v -2012633.253297 -3257139.192367 -1157736.491991
v -2014775.957576 -3255814.210225 -1157736.491991
v 1899985.144488 3163045.313451 -1544409.763418
v 1899607.738083 3163845.617102 -1543234.290084
v 1900868.941076 3163088.034863 -1543234.290084
v -1632324.826620 -2237952.413641 2885669.177052
v -1630459.562905 -2237444.461465 2887117.219688
v -1632410.962556 -2236021.143401 2887117.219688
v -2490044.784430 2123452.978767 -2300135.977049
v -2491318.978772 2123348.932772 -2298851.919997
v -2490143.270315 2124727.614919 -2298851.919997
v 3039276.132675 -2588932.048775 245426.793369
v 3040108.652227 -2587712.411195 247965.187482
v 3038204.394587 -2589947.913976 247965.187482
v 2538364.399498 -2168880.618537 2202876.484897
v 2538276.861141 -2167290.470233 2204541.758183
v 2536780.067214 -2169042.253335 2204541.758183
v 1837473.618610 3551919.906866 -86935.150310
v 1836394.945591 3552529.540507 -84790.988758
v 1838594.421057 3551391.711320 -84790.988758
v -3645317.459753 -1626988.867116 -254103.080391
v -3645123.385396 -1627593.665460 -253011.653742
v -3645638.053062 -1626440.537084 -253011.653742
v 1575353.063676 3061343.990021 -2036280.350753
v 1574762.795439 3062851.560992 -2034469.075871
v 1576922.896897 3061739.983050 -2034469.075871
v 1203576.554004 -3086682.698690 2241382.634706
v 1204403.151131 -3084871.908490 2243430.648925
v 1201742.361672 -3085909.418374 2243430.648925
v 165244.642000 913168.044587 3890863.803285
v 163382.229367 911021.416670 3891445.622188
v 166236.686620 910504.881110 3891445.622188
v 1990509.012609 3408533.729467 647899.173954
v 1989389.438092 3408825.001776 649802.604335
v 1991312.841403 3407701.776387 649802.604335
v 292569.773617 3724282.863027 -1429728.039733
v 291355.927493 3725172.208555 -1427657.495303
v 293907.601950 3724971.755785 -1427657.495303
v 328709.153451 1688407.341183 3611264.740348
v 327109.065313 1686727.701293 3612194.818001
v 329562.254794 1686250.099817 3612194.818001
v 421508.531840 437813.396203 -3953561.781112
v 420737.908715 439121.175086 -3953498.827002
v 422248.560103 439121.175086 -3953337.769079
v 1172457.142740 1910134.742760 -3313114.897134
v 1172377.813145 1911494.177078 -3312358.839691
v 1173705.221570 1910679.402364 -3312358.839691
v -2387424.913852 -1928015.310186 2565727.901245
v -2386588.280507 -1928060.043056 2566472.534144
v -2387292.509064 -1927188.010146 2566472.534144
v -90835.548755 -1214490.554586 -3810086.905274
v -90234.752663 -1215672.500300 -3809724.227715
v -91605.479819 -1215569.979327 -3809724.227715
v 132271.063722 155132.622692 -3994801.728995
v 130867.233392 157558.211853 -3994753.033154
v 133668.598130 157558.211853 -3994660.277738
v -51904.654907 -2441954.859722 3167674.715529
v -51141.507384 -2440953.316429 3168458.960871
v -52624.556054 -2440921.793680 3168458.960871
v 877905.854131 -3779407.177034 972298.024002
v 878563.121918 -3778930.916554 973554.679870
v 877105.953029 -3779269.397443 973554.679870
v -1884674.599932 2912406.979949 1991453.769959
v -1884976.278335 2911375.847070 1992675.585625
v -1883610.378440 2912259.747176 1992675.585625
v 1556865.147261 -3495410.583290 1165451.098817
v 1557297.092375 -3494880.959713 1166461.889545
v 1556182.522878 -3495377.391924 1166461.889545
v 2601299.333283 2998967.953938 -489319.648123
v 2600843.530586 2999570.229586 -488049.275464
v 2601959.973049 2998601.829430 -488049.275464
v 3198484.928018 1084472.030718 -2143272.063402
v 3198845.600924 1085277.341599 -2142325.948861
v 3199261.013082 1084052.146766 -2142325.948861
v 2631277.074514 474773.530542 2975058.602796
v 2629243.346376 475835.902630 2976686.456015
v 2629742.883358 473067.382222 2976686.456015
v -513218.392653 -2997315.583174 2598597.060164
v -512495.068752 -2996736.866121 2599407.137118
v -513707.973369 -2996529.185301 2599407.137118
v -723345.664127 -2987166.348292 -2560002.008085
v -722469.622168 -2988782.975897 -2558361.974296
v -724864.229464 -2988203.119068 -2558361.974296
v 904415.633875 -710120.046339 -3831157.119279
v 907294.852774 -710476.326962 -3830410.216992
v 905444.828782 -712832.535085 -3830410.216992
v -3339491.473762 53676.642806 -2201117.228562
v -3340532.171507 52618.839945 -2199563.049317
v -3340497.637937 54767.345490 -2199563.049317
v 882203.160825 -3221664.586223 -2200590.115570
v 883684.921137 -3222462.075463 -2198827.212882
v 881334.414401 -3223105.725482 -2198827.212882
v 3867234.627645 -875175.389459 -527792.483486
v 3867514.969243 -874590.485638 -526706.728916
v 3867235.817309 -875824.005274 -526706.728916
v 1253412.338563 921998.715808 -3684952.748333
v 1253975.033754 923421.045097 -3684405.117250
v 1254937.702506 922112.343825 -3684405.117250
v 3106881.549315 -907129.339455 -2350405.289193
v 3108268.352242 -906384.772121 -2348858.471404
v 3107649.843531 -908503.139612 -2348858.471404
v -2450316.606233 -3111869.048364 558768.375636
v -2449024.412254 -3112460.069879 561136.600158
v -2451194.232701 -3110751.531701 561136.600158
v -396584.460345 3112034.244602 2481524.744135
v -397470.861363 3110799.250324 2482931.003472
v -395416.654510 3111061.029743 2482931.003472
v 1361548.266074 -3670042.489902 -822785.030902
v 1362352.501581 -3670031.781050 -821500.549663
v 1360931.642509 -3670558.905249 -821500.549663
v -1696114.191326 -159358.009447 -3619088.727387
v -1697691.188680 -160586.248491 -3618294.933597
v -1697892.368703 -158445.005054 -3618294.933597
v 1798371.402282 3141177.789854 -1702604.849951
v 1797963.109456 3142102.568945 -1701329.182233
v 1799375.613591 3141293.889141 -1701329.182233
v -1069746.500370 3403152.473854 1809474.230006
v -1070462.949804 3402108.230671 1811013.524039
v -1068561.443404 3402705.949942 1811013.524039
v -2803091.122651 2853262.760993 39657.910287
v -2803690.566011 2852652.760256 41138.964770
v -2802470.584650 2853851.289522 41138.964770
v -1152702.173079 3824089.938181 -218207.767501
v -1153457.600421 3823937.639173 -216880.798207
v -1151988.421450 3824380.496381 -216880.798207
v -109910.779279 -3667389.011336 -1593166.470411
v -108729.327469 -3668256.753557 -1591248.649821
v -111142.076049 -3668184.444054 -1591248.649821
v -2524859.409159 430681.074059 -3072393.265711
v -2526481.229942 429845.526570 -3071176.813654
v -2526112.530740 432007.018462 -3071176.813654
v 1675797.146026 -3548065.688128 776490.162607
v 1676970.256823 -3546936.556776 779111.669996
v 1674179.899961 -3548254.478279 779111.669996
v -830463.047126 1021985.408006 -3777019.651126
v -831560.747691 1022373.238043 -3776673.162563
v -830618.094403 1023139.235987 -3776673.162563
v -3241868.709114 -1919717.850543 1343492.659499
v -3240669.064896 -1920387.050519 1345429.101401
v -3241878.758332 -1918344.215267 1345429.101401
v -1025987.691577 1979348.988943 3321073.449405
v -1026265.642801 1977210.905797 3322260.959641
v -1024080.355279 1978343.640910 3322260.959641
v -2722004.896220 -2676344.643203 1194935.178797
v -2720913.668532 -2676701.393525 1196620.175330
v -2722343.137206 -2675247.537148 1196620.175330
v 1114533.778475 -1261496.049757 3628559.652881
v 1114098.440263 -1258744.896362 3629648.596295
v 1111857.242753 -1260724.997948 3629648.596295
v -1168485.987652 -2247904.626190 3095410.588863
v -1166929.248622 -2247151.533310 3096544.451549
v -1168764.029834 -2246197.793498 3096544.451549
v 859980.577346 -2034910.505854 3334602.656125
v 860445.147773 -2032684.364353 3335840.322463
v 858060.343351 -2033692.214810 3335840.322463
v -1700383.519058 3620500.186491 -26001.489276
v -1701437.420417 3620018.887014 -23994.826462
v -1699340.137491 3621003.884981 -23994.826462
v 2650033.265769 2772334.110869 -1136436.592436
v 2649725.491327 2773174.790410 -1135102.313895
v 2650886.966972 2772064.552981 -1135102.313895
v 1815326.145157 -3224872.398679 -1518153.343696
v 1816110.752947 -3224926.341028 -1517099.998015
v 1814965.246445 -3225571.162790 -1517099.998015
v 1139721.853561 -774481.246771 -3755158.282290
v 1141226.430452 -774549.696131 -3754687.181745
v 1140339.488118 -775854.915031 -3754687.181745
v 3372574.991666 -1986614.346667 824077.892953
v 3372874.661932 -1985046.998320 826624.424800
v 3371349.433808 -1987636.301189 826624.424800
v -1389370.282484 -1436440.970170 3465009.225742
v -1387579.529343 -1436051.294878 3465888.213038
v -1389040.465436 -1434638.232152 3465888.213038
v -1589449.350044 -3435441.874985 1292823.480276
v -1587833.898161 -3435316.376506 1295139.980448
v -1590399.493133 -3434129.372502 1295139.980448
v -2446445.477970 -3021892.560675 -939719.187536
v -2445763.985421 -3023127.286325 -937519.180904
v -2447795.016155 -3021483.016764 -937519.180904
v 1052188.312764 -3114354.625874 -2278968.078152
v 1052948.133178 -3114724.329774 -2278111.731409
v 1051808.395652 -3115109.391415 -2278111.731409
v -1470497.624153 3101116.210746 2054438.561957
v -1471256.947120 3099323.310719 2056599.336552
v -1468628.892260 3100569.490534 2056599.336552
v -2658319.020915 -910927.635070 2846674.025667
v -2656412.206765 -911626.374544 2848229.927971
v -2657241.510317 -909206.255401 2848229.927971
v 555874.308530 357560.457343 3945016.440497
v 556432.798828 358555.191963 3944847.418851
v 555290.858567 358555.191963 3945008.324455
v 3253963.432871 2325970.352971 -39802.524556
v 3253674.109835 2326389.988856 -38919.828438
v 3254266.836407 2325560.781989 -38919.828438
v 3940386.412972 -435796.910899 -532387.899496
v 3940665.663438 -434998.196373 -530972.320107
v 3940484.377744 -436637.344490 -530972.320107
v -1889721.782804 -1453558.212355 3211871.938668
v -1888068.176199 -1453504.607712 3212868.525296
v -1889245.734419 -1451973.704168 3212868.525296
v 2590839.976922 2923366.826714 -861090.351685
v 2590228.387988 2924515.521986 -859027.265549
v 2592053.842768 2922897.708861 -859027.265549
v -3147201.772396 301452.507108 2450356.766649
v -3146414.687214 300554.517846 2451477.613995
v -3146258.535740 302184.758709 2451477.613995
v -471509.323381 3885777.707705 -823658.272411
v -472894.470413 3886089.297136 -821391.003042
v -470238.894916 3886411.530856 -821391.003042
v -1198503.046130 141161.858813 3813615.632360
v -1197654.995774 140501.357088 3813906.434757
v -1197524.741802 141607.249176 3813906.434757
v 1855322.793642 3501654.625443 544237.044983
v 1854185.213744 3501951.470948 546200.360500
v 1856207.277317 3500880.097258 546200.360500
v -2739667.183054 681504.436863 -2833686.048431
v -2741021.222029 680866.779560 -2832529.661144
v -2740564.660722 682702.168977 -2832529.661144
v -767485.080344 -1215280.909106 -3732835.454080
v -767504.023661 -1217339.060531 -3732160.868602
v -769335.325506 -1216182.540394 -3732160.868602
v 3785550.155185 -1217197.391976 -433636.780008
v 3785789.574223 -1216755.442052 -432786.112712
v 3785487.130252 -1217696.059269 -432786.112712
v -1878659.140191 3453561.311931 -737262.694855
v -1879977.481656 3453308.106999 -735085.007344
v -1877730.292137 3454530.527205 -735085.007344
v 3338987.836268 -1721953.782855 -1373330.300599
v 3339710.574903 -1721502.262086 -1372138.459872
v 3339039.032013 -1722804.430335 -1372138.459872
v -2635785.623279 2421819.274324 1785336.528687
v -2635876.909188 2420744.852029 1786658.403551
v -2634722.750144 2422000.980365 1786658.403551
v 841315.333383 -2769648.275526 -2760658.988860
v 842506.906654 -2770427.496198 -2759513.492191
v 840758.485878 -2770958.600895 -2759513.492191
v 4520.740607 1577929.658732 -3675611.365356
v 3517.597287 1579536.294634 -3674922.322243
v 5533.073351 1579530.520331 -3674922.322243
v -2500784.104219 431452.501569 -3091913.523002
v -2502430.830411 430614.380865 -3090697.789282
v -2502054.795234 432793.955188 -3090697.789282
v 1654619.489861 -3567905.469118 729579.248451
v 1655280.602519 -3567301.067816 731033.645600
v 1653731.048576 -3568019.674903 731033.645600
v 225661.702911 1193462.512425 3811131.697516
v 224670.284242 1192358.291191 3811535.879053
v 226181.516619 1192072.545080 3811535.879053
v -134483.239960 -122186.879646 3995871.289967
v -133052.725176 -119704.444948 3995994.314239
v -135918.789264 -119704.444948 3995897.855280
v 3220104.242761 -1536061.643346 1808713.904467
v 3219710.560804 -1534298.828048 1810909.634796
v 3218486.464629 -1536864.947257 1810909.634796
v -1254722.352751 -2351942.035962 2982288.232912
v -1252630.373227 -2351002.808173 2983907.768530
v -1255107.270571 -2349681.424221 2983907.768530
v -81541.072624 -3714732.368253 -1481254.620907
v -80793.869541 -3715234.849326 -1480034.841210
v -82309.605023 -3715201.577832 -1480034.841210
v -1086398.978208 18436.632542 3849597.192656
v -1084837.075380 17463.321442 3850042.174732
v -1084804.949301 19356.386197 3850042.174732
v 1319484.942081 700841.182337 -3710496.261065
v 1320450.651203 702505.456308 -3709837.939877
v 1321404.590730 700709.459050 -3709837.939877
v -3215562.490489 748527.515545 2258288.583772
v -3214491.496223 746764.198446 2260396.105081
v -3213822.858281 749636.567253 2260396.105081
v 1367127.285848 3401932.631365 -1599318.322166
v 1366362.185516 3403091.984360 -1597504.636480
v 1368481.874516 3402240.149540 -1597504.636480
v -1589227.515086 3668693.846585 122650.613718
v -1590271.077524 3668173.658974 124666.415838
v -1588134.252310 3669099.302150 124666.415838
v -1875344.013826 1969943.626892 -2932986.237982
v -1876945.034850 1970173.941674 -2931807.174963
v -1875495.322792 1971554.036410 -2931807.174963
v -3148253.218658 -1649332.678287 1835266.697897
v -3147563.426735 -1649637.869771 1836175.328813
v -3148111.432981 -1648591.833120 1836175.328813
v 2693846.686508 2901328.094036 -570513.623058
v 2693509.952930 2901841.449379 -569491.711846
v 2694383.571322 2901030.305677 -569491.711846
v 610286.680642 -107163.280185 -3951717.275622
v 608759.920572 -104469.372348 -3952024.890716
v 611835.109730 -104469.372348 -3951549.971370
v -1279415.166781 3726238.553386 -691553.233892
v -1280926.587524 3726177.406049 -689080.413980
v -1278184.968740 3727118.749069 -689080.413980
v -3392144.306204 -394038.496709 -2082808.996019
v -3393242.711156 -395583.949258 -2080725.807757
v -3393567.728489 -392785.984826 -2080725.807757
v 3935779.473561 -693380.856160 169899.614057
v 3935928.809142 -691895.562924 172475.778866
v 3935412.233067 -694827.760279 172475.778866
v -443850.698783 1820955.102169 3533711.983816
v -444454.802614 1819245.632037 3534516.454931
v -442527.732976 1819715.347739 3534516.454931
v 2475757.648832 2196371.122946 -2246459.549936
v 2475845.716789 2198299.699366 -2244475.211107
v 2477682.976877 2196228.733003 -2244475.211107
v 58197.568878 3814306.615894 1203195.677182
v 57041.438432 3813725.884287 1205090.415036
v 59335.444021 3813690.883024 1205090.415036
v -3539485.271483 1843004.189459 -274555.196928
v -3539972.661022 1842288.676745 -273069.544771
v -3539178.545653 1843813.773470 -273069.544771
v 377455.062158 -3850341.040618 1016072.296714
v 378418.589950 -3849798.759162 1017767.286684
v 376404.568077 -3849996.196933 1017767.286684
v -3050702.526296 899210.141226 -2425826.779303
v -3051358.963753 898873.168183 -2425125.944574
v -3051071.248267 899849.285242 -2425125.944574
v 3684134.492440 -548273.083111 1458269.687804
v 3683761.120192 -547427.388874 1459530.087957
v 3683531.041768 -548973.406513 1459530.087957
v 701407.998807 -3894503.666466 583839.771007
v 702165.448577 -3894159.766061 585221.553176
v 700578.161147 -3894445.639742 585221.553176
v -2982653.364358 -1236782.525962 -2360963.835191
v -2983396.270939 -1238524.528991 -2359111.277801
v -2984410.996787 -1236077.392652 -2359111.277801
v -1739883.999228 -3515831.111988 782135.565895
v -1739082.349964 -3515938.071112 783436.559236
v -1740455.282563 -3515258.646138 783436.559236
v 1374867.388073 3107052.547850 -2110916.194058
v 1374043.601192 3108927.328409 -2108691.086143
v 1376808.892933 3107703.689808 -2108691.086143
v 687735.536027 277183.297868 3930672.976818
v 688481.893781 278520.705816 3930447.773111
v 686957.052442 278520.705816 3930714.569047
v 3942893.185031 -101435.858356 -665812.382594
v 3943279.858370 -100211.311859 -663704.514223
v 3943216.382569 -102678.667169 -663704.514223
v -1533700.865262 -2952807.959038 2220065.214008
v -1531792.618634 -2952244.843019 2222130.622119
v -1534337.564809 -2950922.987279 2222130.622119
v -2230122.879463 -701990.083305 -3245576.119593
v -2231541.876418 -703867.256209 -3244193.924838
v -2232361.266951 -701264.168762 -3244193.924838
v 3658419.940876 577209.502914 -1510891.491565
v 3658679.307744 577786.106335 -1510042.817846
v 3658844.237150 576740.764874 -1510042.817846
v 843864.490125 74786.502620 3909258.286808
v 842623.944396 75378.376610 3909514.501865
v 842747.370213 73985.683273 3909514.501865
v -3143831.404038 -342645.161770 2449269.308370
v -3142499.335961 -343651.986474 2450837.200718
v -3142747.501661 -341375.021234 2450837.200718
v -298202.533034 302933.053970 3977349.322901
v -297411.723103 304289.314445 3977305.004939
v -298977.893587 304289.314445 3977187.581005
v 350561.624887 2231360.970671 3301232.389768
v 349802.136777 2230571.730073 3301846.263473
v 351042.507670 2230376.859570 3301846.263473
v -1856376.333762 3520511.976736 399829.903726
v -1857262.799820 3519827.925728 401731.114562
v -1855311.123853 3520857.050213 401731.114562
v -3205739.114060 668724.379700 2296964.527153
v -3204895.100201 667428.479549 2298518.702064
v -3204447.381617 669574.758375 2298518.702064
v 3714266.062343 242409.798741 -1464740.863159
v 3714673.857854 243156.570391 -1463582.488494
v 3714767.460571 241722.365185 -1463582.488494
v 2836295.412379 -2211709.470629 -1750363.436513
v 2837990.832228 -2211257.852376 -1748184.588370
v 2836270.633368 -2213463.834762 -1748184.588370
v 1387131.624702 2172189.838127 -3058996.484376
v 1386959.677427 2174375.898366 -3057520.994895
v 1389187.187193 2172953.440170 -3057520.994895
v 1610214.951623 926208.228015 -3542505.701321
v 1610731.863997 927223.178960 -3542005.160166
v 1611352.182819 926144.753384 -3542005.160166
v 2600915.585967 -800361.160955 2931665.391194
v 2599835.554631 -798800.012383 2933048.834955
v 2599144.714040 -801045.021446 2933048.834955
v 371031.250621 3859481.131491 -983231.339872
v 369682.534333 3860214.052652 -980859.292852
v 372494.894014 3859943.686431 -980859.292852
v -1563964.692288 -2222091.675404 -2935357.452669
v -1563920.645481 -2222916.133917 -2934756.620873
v -1564755.651644 -2222328.435322 -2934756.620873
v -3860438.280706 -661329.403474 812196.019199
v -3859707.489789 -662640.590924 814596.963567
v -3860185.589451 -659849.736275 814596.963567
v 3939166.570428 210819.699095 662211.573905
v 3938711.380680 212134.293282 664495.361104
v 3938854.290081 209464.030785 664495.361104
v -448128.888765 -3570292.317937 -1747053.084500
v -447271.099231 -3571127.841425 -1745564.585018
v -449166.559866 -3570889.930746 -1745564.585018
v -1759601.332208 -2771154.996367 -2285717.356987
v -1759374.258755 -2772147.348497 -2284688.598924
v -1760596.030945 -2771371.559349 -2284688.598924
v -3003351.371440 -2464269.486236 -952500.506020
v -3003110.644955 -2465058.186424 -951217.833496
v -3004077.873275 -2463879.367907 -951217.833496
v 3686520.092261 -1256903.050747 -910914.268709
v 3686935.173602 -1256414.276574 -909908.053495
v 3686550.139255 -1257543.589496 -909908.053495
v 2002806.060747 -3458315.002912 169786.306991
v 2003861.702436 -3457594.419606 171992.073350
v 2001655.676249 -3458871.990508 171992.073350
v -3638411.601852 1361936.145404 -952413.675603
v -3639002.395027 1361300.711638 -951064.035473
v -3638439.932283 1362803.330524 -951064.035473
v -3858782.858967 1017809.528639 -271770.334666
v -3859009.445628 1017233.438665 -270707.838523
v -3858695.832170 1018422.429536 -270707.838523
v 3441642.955878 1982179.482884 475457.306081
v 3440951.282328 1982958.506707 477211.924909
v 3441969.680240 1981190.270263 477211.924909
v 3106932.679907 -595640.477373 -2447893.710921
v 3108390.174415 -594712.250103 -2446268.533669
v 3107943.545175 -597041.922168 -2446268.533669
v -3105884.092160 -1717811.508394 1844616.506294
v -3104287.216063 -1718470.220619 1846689.851740
v -3105593.300130 -1716108.759129 1846689.851740
v -2502960.988865 -2904195.368485 1140542.184586
v -2502061.346370 -2904427.257816 1141924.799601
v -2503323.122066 -2903339.805031 1141924.799601
v 23281.782969 274622.056375 -3990493.913512
v 22419.954591 276110.271946 -3990396.152309
v 24142.411978 276110.271946 -3990386.102957
v 1897422.136890 3367171.536716 -1030508.238900
v 1896592.967664 3368288.842547 -1028381.029460
v 1898807.365449 3367041.015601 -1028381.029460
v 2817026.730257 1890434.538580 -2119108.403776
v 2817321.105787 1892368.044717 -2116990.255218
v 2818927.565603 1889974.182275 -2116990.255218
v -83688.982130 -2991626.504241 -2653896.759815
v -82851.828896 -2992644.427801 -2652775.132105
v -84581.733217 -2992596.034751 -2652775.132105
v 3023815.345357 -1812489.126193 -1889821.535974
v 3025110.338669 -1812023.344475 -1888194.998168
v 3024014.962550 -1813850.784470 -1888194.998168
v 301916.188506 -1814548.110454 -3551937.793472
v 302521.880311 -1815209.593947 -3551548.248397
v 301557.323675 -1815370.083086 -3551548.248397
v -3178051.118600 1641455.086876 1790423.824472
v -3177833.914545 1640281.470952 1791884.341545
v -3176968.364646 1641957.277890 1791884.341545
v 2747652.700757 -67402.808066 2906176.652501
v 2746463.762792 -66409.773314 2907323.129560
v 2746416.501800 -68336.351661 2907323.129560
v -1611953.284768 -2364950.557847 -2794390.414096
v -1611761.949852 -2367011.711772 -2792755.143754
v -1613941.714327 -2365525.981556 -2792755.143754
v -2601429.741272 2107249.118027 2189078.795456
v -2601315.087172 2105783.626941 2190624.716972
v -2599972.378461 2107441.220409 2190624.716972
v -2018855.967179 -2005967.604085 2810749.906729
v -2017911.999892 -2005878.128767 2811491.521637
v -2018760.448180 -2005024.229190 2811491.521637
v 2319527.698276 17103.421483 -3258757.287524
v 2320224.976594 17605.366044 -3258258.190835
v 2320232.302715 16611.813937 -3258258.190835
v 515028.895574 2732333.496300 2875604.582774
v 513265.878961 2730824.035455 2877353.130830
v 516121.406081 2730285.785281 2877353.130830
v 2020380.886333 1908528.955686 -2876730.592656
v 2020527.979187 1909593.192108 -2875920.918459
v 2021451.767441 1908615.263990 -2875920.918459
v 2944457.799551 2517559.751870 -996023.952052
v 2944011.687158 2518998.007174 -993703.565583
v 2945809.279336 2516895.600546 -993703.565583
v 1850499.979728 -1750655.520254 -3083967.591575
v 1851957.456317 -1750823.627890 -3082997.118944
v 1850748.586069 -1752101.443168 -3082997.118944
v -3423793.028467 651055.707606 -1963101.782118
v -3424605.371774 650400.745084 -1961901.567744
v -3424308.276404 651963.119925 -1961901.567744
v -1215625.745111 -3810610.142635 -38797.007893
v -1214882.937325 -3810860.605483 -37439.461695
v -1216376.370105 -3810384.184315 -37439.461695
v -2164698.673230 1952068.513349 -2739253.374247
v -2165954.586003 1952110.256351 -2738230.661102
v -2164869.584196 1953313.442590 -2738230.661102
v 1395359.188739 1690263.821539 -3346039.645861
v 1395438.128112 1691179.777585 -3345543.865227
v 1396243.610444 1690514.829806 -3345543.865227
v -2113212.447087 -2369549.758695 -2433016.164914
v -2113183.005767 -2370494.038780 -2432121.740457
v -2114153.928034 -2369628.150646 -2432121.740457
v -953362.578259 -2157006.107875 -3230855.207374
v -953071.592643 -2158409.212244 -3230003.891299
v -954596.059182 -2157735.422149 -3230003.891299
v -2783898.592008 -1948007.372623 -2110729.032440
v -2784060.808979 -1949250.773554 -2109366.724025
v -2785122.316978 -1947733.771787 -2109366.724025
v -1367068.666711 -494328.771577 -3726495.031270
v -1368802.342045 -496521.694145 -3725566.969941
v -1369803.927164 -493751.805538 -3725566.969941
v -1281274.215222 -2492623.570139 -2853973.579849
v -1280983.291841 -2494018.414661 -2852885.385848
v -1282577.805077 -2493198.792830 -2852885.385848
v 366417.614238 2892842.496146 -2738101.960635
v 365405.256021 2894405.204407 -2736585.360235
v 367787.626797 2894103.444938 -2736585.360235
v -2948945.029337 -2558839.183340 -869520.865933
v -2948579.975092 -2559823.934264 -867858.769927
v -2949868.495274 -2558338.973736 -867858.769927
v 3493647.093832 1775628.299659 800983.948706
v 3492935.453375 1776313.269791 802567.284995
v 3493780.964019 1774649.680737 802567.284995
v -1384892.137540 -3504517.272814 1341802.821127
v -1383370.841406 -3504286.593124 1343972.822326
v -1385844.781202 -3503308.957831 1343972.822326
v -2445057.207641 -2659047.026061 1717895.520640
v -2444064.215050 -2659150.354170 1719148.150064
v -2445243.289577 -2658066.167000 1719148.150064
v 2649905.067072 -1437618.970337 2628927.055886
v 2649168.339800 -1435620.427925 2630761.054856
v 2647828.017263 -1438090.990400 2630761.054856
v -1272004.635489 3352152.758789 -1773437.027823
v -1273754.755167 3352678.455369 -1771185.704856
v -1271043.821492 3353707.143633 -1771185.704856
v -168717.714830 3724069.421458 -1450118.394073
v -170000.847999 3724795.630403 -1448101.965775
v -167505.504689 3724908.681094 -1448101.965775
v -3482726.187000 -729836.448857 1827008.205953
v -3481550.188559 -730816.137614 1828857.014033
v -3482042.463271 -728467.038672 1828857.014033
v 357046.958777 2496227.595958 3105055.153833
v 355513.686880 2494682.025581 3106472.896955
v 358085.474587 2494314.170911 3106472.896955
v -407531.251899 2048009.387287 3411682.497626
v -408298.261944 2046187.791364 3412683.648977
v -406125.327726 2046620.181278 3412683.648977
v 351105.046220 -3934637.555310 -628771.190585
v 351820.218783 -3934765.117228 -627572.036598
v 350423.759181 -3934889.729472 -627572.036598
v -1191652.422558 932209.899672 3702830.021967
v -1191102.171304 930699.463785 3703386.975512
v -1190053.945166 932039.420825 3703386.975512
v 2103169.457243 1203678.808038 3182426.147171
v 2102014.134306 1203803.893493 3183142.061887
v 2102692.092183 1202619.308128 3183142.061887
v -2129071.556066 -2737938.276380 -1992673.789094
v -2128908.346782 -2738751.406320 -1991730.531777
v -2129899.832871 -2737980.408359 -1991730.531777
v -1134197.309514 -2434919.591724 2963910.405908
v -1132491.360964 -2434046.303638 2965279.709965
v -1134626.437951 -2433051.774463 2965279.709965
v -3540084.533497 1589268.096093 -970581.831789
v -3540649.659804 1588740.304624 -969383.777836
v -3540065.675263 1590041.126458 -969383.777836
v 501740.867432 -2600018.735303 2998026.222051
v 502758.430209 -2597993.274486 2999611.217566
v 500042.707214 -2598517.343484 2999611.217566
v 2629540.891278 3014107.778668 25885.160328
v 2628868.035558 3014681.118390 27416.196919
v 2630200.206297 3013518.917935 27416.196919
v -1491101.125035 -2846014.788275 -2382607.516626
v -1490696.255789 -2847384.662236 -2381223.756102
v -1492457.861424 -2846461.711254 -2381223.756102
v -401345.217480 -1353630.805799 -3742540.197370
v -400822.043632 -1355561.100252 -3741897.548530
v -402835.992703 -1354963.973750 -3741897.548530
v 95000.493833 -1763304.150424 3589113.599631
v 96384.630632 -1760874.429491 3590269.390756
v 93363.317628 -1761037.206983 3590269.390756
v -3560964.288325 -1095427.150049 -1455876.276415
v -3561428.843283 -1097148.771833 -1453441.502979
v -3562316.166820 -1094264.301215 -1453441.502979
v -587540.781651 3935588.767735 407354.256991
v -588191.824703 3935370.762686 408519.212557
v -586854.453352 3935570.417746 408519.212557
v 781615.292388 -1025186.806694 -3786564.497482
v 783275.160661 -1025833.873089 -3786046.227262
v 781799.720556 -1026958.767149 -3786046.227262
v -1966041.428448 -2423073.135846 2502678.582059
v -1964081.015347 -2422788.561667 2504492.714230
v -1966166.849489 -2421096.150376 2504492.714230
v -3223231.481518 197821.309257 -2360433.413896
v -3223789.611208 197338.407111 -2359711.518600
v -3223726.369902 198368.838910 -2359711.518600
v -2041919.641509 3096795.329543 -1496804.365103
v -2042606.298251 3096789.807055 -1495878.619439
v -2041644.051219 3097424.279439 -1495878.619439
v -2425273.297178 3051379.758348 -898405.159844
v -2426080.209574 3051129.366631 -897075.934162
v -2424847.249316 3052109.338260 -897075.934162
v 1240134.858392 -2726282.292823 2651311.422306
v 1240648.982491 -2724556.105571 2652844.887092
v 1238495.836235 -2725535.531558 2652844.887092
v -1843905.527775 -2183654.637722 -2798511.587959
v -1843928.394582 -2185708.593443 -2796892.615072
v -1845926.627716 -2184021.260173 -2796892.615072
v -2754160.974003 -1279829.639090 2603196.932683
v -2753010.718882 -1280173.534778 2604244.333523
v -2753682.113522 -1278728.710514 2604244.333523
v -3339671.826592 -1479547.592730 -1630193.814797
v -3339864.846898 -1480512.651593 -1628921.715487
v -3340516.303372 -1479042.167747 -1628921.715487
v -2370419.611059 -2373543.289937 -2178853.902182
v -2370380.442033 -2374851.441971 -2177470.642120
v -2371727.813540 -2373505.843659 -2177470.642120
v 1438439.113111 671549.648949 -3671500.320397
v 1439130.545975 672622.444904 -3671032.951914
v 1439705.511512 671390.886050 -3671032.951914
v -3175720.792567 -135273.981834 -2428271.314613
v -3177276.457800 -136885.917036 -2426145.036093
v -3177407.898946 -133800.176730 -2426145.036093
v -814778.713837 -3631803.866162 1464970.045918
v -813857.735523 -3631473.005103 1466301.575300
v -815470.086732 -3631111.281427 1466301.575300
v -3779627.181669 -278554.553183 1279386.016223
v -3778710.960867 -279952.973978 1281784.949388
v -3778925.870834 -277036.922004 1281784.949388
v -3809270.034444 -955569.958669 -759177.076720
v -3809361.274694 -956847.598583 -757107.209647
v -3809953.524464 -954486.662807 -757107.209647
v 3465205.375455 733985.290338 1858391.759707
v 3463807.040163 735125.512352 1860546.667664
v 3464389.420477 732376.046633 1860546.667664
v 359601.565899 2922494.323067 -2707344.762048
v 358557.370455 2924074.328688 -2705776.773398
v 360997.641889 2923774.062774 -2705776.773398
v 1583743.389718 2165502.008727 2966877.142741
v 1581799.812950 2164947.160272 2968318.581164
v 1583803.607748 2163481.681712 2968318.581164
v -322417.485077 -1391195.802294 3736391.601653
v -321259.852666 -1390028.617849 3736925.680889
v -322943.675064 -1389638.382497 3736925.680889
v 2616077.952017 2920967.961288 789989.513326
v 2615188.573583 2921344.385476 791540.787998
v 2616549.749254 2920125.289029 791540.787998
v 1551744.277582 3575801.035806 -897629.533252
v 1550780.194826 3576754.044622 -895496.187131
v 1553098.844904 3575747.849939 -895496.187131
v -3984809.209910 -210261.314639 277645.262039
v -3984648.253207 -211183.341253 279250.865519
v -3984746.179627 -209327.469191 279250.865519
v 2602033.529650 3010693.036665 -406386.433565
v 2601482.243724 3011368.797001 -404906.270417
v 2602782.017384 3010245.449452 -404906.270417
v -3875083.835886 965697.283815 -226174.234514
v -3875338.442277 964980.908651 -224865.664756
v -3874972.493843 966449.361431 -224865.664756
v -3390472.257328 -2111771.864570 -212409.706951
v -3390219.431230 -2112275.043055 -211439.754746
v -3390812.379240 -2111323.058700 -211439.754746
v 1689854.960631 -1340253.617908 3368695.745077
v 1689513.549488 -1339147.483601 3369306.835896
v 1688700.141995 -1340173.066125 3369306.835896
v 2827534.474517 -2637107.727708 1025042.671281
v 2827819.651880 -2636281.890625 1026379.393613
v 2826730.491741 -2637449.699512 1026379.393613
v 2036715.006409 3046290.514045 -1603716.678866
v 2036310.431188 3047319.072378 -1602275.693591
v 2037820.105698 3046309.721262 -1602275.693591
v -1920957.728307 3502682.169173 -202828.924594
v -1921545.093729 3502423.842185 -201723.145096
v -1920424.159995 3503038.590031 -201723.145096
v -1575718.307722 -3030824.647374 2081156.971782
v -1574866.615350 -3030603.369597 2082123.658584
v -1576026.427031 -3030000.386346 2082123.658584
v 1232221.197200 3621908.983406 -1167650.025043
v 1231823.083101 3622315.525103 -1166808.670011
v 1232784.637828 3621988.391505 -1166808.670011
v 538512.170814 3723336.220695 1358960.498899
v 537332.740000 3722853.280923 1360749.272717
v 539506.434882 3722538.895898 1360749.272717
v 2840533.653890 -2348809.175502 1553854.869922
v 2840632.996296 -2347802.658155 1555193.813407
v 2839563.709521 -2349095.800698 1555193.813407
v 1652951.929011 2053940.103441 -3008169.385495
v 1653008.646695 2056434.688360 -3006433.412915
v 1655376.679379 2054528.963756 -3006433.412915
v 1000659.590096 362975.531570 -3855765.856854
v 1001822.375643 364404.203110 -3855329.129791
v 1002467.907073 362624.586690 -3855329.129791
v 417844.450270 -775231.655470 3901848.623671
v 417904.796343 -773725.116406 3902141.182955
v 416552.838183 -774453.812416 3902141.182955
v 3338265.738594 -1222988.961199 -1833106.783044
v 3339007.585384 -1222535.278995 -1832057.983540
v 3338538.933728 -1223814.508668 -1832057.983540
v 3032130.092197 2324657.245597 -1184126.823700
v 3032001.688059 2325360.774074 -1183073.782189
v 3032776.163410 2324350.599338 -1183073.782189
v 3726390.207860 -1436783.306746 222872.734577
v 3726759.192931 -1435455.826541 225244.301686
v 3725772.497096 -1438014.885851 225244.301686
v -1287857.856346 3786278.708491 -74276.196220
v -1288791.702235 3785993.722460 -72586.166306
v -1286943.918623 3786622.224169 -72586.166306
v 2842852.784949 2739264.584664 643909.307415
v 2841866.884846 2739844.263493 645792.256389
v 2843395.486271 2738257.856382 645792.256389
v 1276001.360599 1897688.262568 3281859.414528
v 1274320.110549 1897044.369909 3282884.759666
v 1276039.388740 1895888.331084 3282884.759666
v -3079478.779683 -2552721.676408 -20568.043033
v -3079070.902726 -2553222.405238 -19449.459369
v -3079895.191989 -2552228.022922 -19449.459369
v -2515006.562618 3110212.218550 36366.139240
v -2515499.700262 3109800.175304 37479.036080
v -2514500.440957 3110608.204960 37479.036080
v 2977714.586123 -854865.542135 -2530300.814144
v 2979105.683848 -854175.653421 -2528895.952606
v 2978527.881779 -856188.285305 -2528895.952606
v 3867300.799222 599090.887825 -827692.568446
v 3867403.908184 599626.338739 -826822.602640
v 3867561.083025 598611.730772 -826822.602640
v 3883325.670890 263551.951992 922129.489549
v 3882989.377058 264251.750066 923344.574523
v 3883087.012510 262813.133296 923344.574523
v 2989704.439796 1899825.241734 1858045.457512
v 2988411.215434 1900263.728274 1859676.767359
v 2989552.184025 1898468.216356 1859676.767359
v 2501233.065982 1504971.465980 -2734756.828206
v 2501636.782140 1506158.804178 -2733733.699540
v 2502471.201087 1504772.016250 -2733733.699540
v -2924231.075049 -2063290.224316 1786535.110282
v -2922894.198631 -2063700.225055 1788248.448890
v -2924169.163181 -2061893.261152 1788248.448890
v 2004112.373238 -2667922.555317 -2205838.518105
v 2005130.873196 -2668043.358673 -2204766.552553
v 2003944.702514 -2668934.396285 -2204766.552553
v -1770013.049610 -2572652.674409 -2499702.912904
v -1769717.160146 -2574701.150716 -2497802.592116
v -1772031.957134 -2573108.545187 -2497802.592116
v 565251.353768 -482986.777734 -3930294.623950
v 564359.155090 -481388.915023 -3930618.858140
v 566198.764229 -481388.915023 -3930354.287247
v -1642408.382545 2158023.837777 2940311.141402
v -1642436.654517 2156149.086684 2941670.399540
v -1640593.868721 2157551.576678 2941670.399540
v 491154.244153 3853848.163897 952167.349863
v 490333.395103 3853625.717089 953489.810260
v 491893.061161 3853426.945220 953489.810260
v -2480960.006040 -981764.254946 -2980097.212219
v -2482206.833128 -983870.276208 -2978363.899051
v -2483310.328701 -981081.695987 -2978363.899051
v -3718486.371706 333270.583586 1435893.855712
v -3717953.909903 332215.131176 1437516.321200
v -3717774.713000 334214.531279 1437516.321200
v 3484369.043451 -1919949.120731 415894.708897
v 3484598.430471 -1919268.568334 417112.223486
v 3483916.264098 -1920506.579992 417112.223486
v 1115917.565961 -2926304.234211 2488266.982073
v 1116408.062774 -2925089.048792 2489475.477529
v 1114742.480545 -2925724.202323 2489475.477529
v -2573802.678670 2865069.347662 1080240.391486
v -2574316.938959 2863856.034736 1082230.478713
v -2572541.382547 2865451.085778 1082230.478713
v -312573.654706 3920238.760737 730771.056321
v -313207.577714 3919980.899813 731882.043702
v -311906.880538 3920084.608718 731882.043702
v -2137849.403236 1887573.443204 2804757.906230
v -2137699.086237 1886634.556117 2805504.082213
v -2136899.127303 1887540.582708 2805504.082213
v -1440420.447672 117206.478414 3729805.906884
v -1439458.721335 116497.067962 3730199.398207
v -1439356.683211 117751.075429 3730199.398207
v 2029215.451431 -169155.739378 3442916.354134
v 2027482.670607 -167771.919790 3444004.738278
v 2027277.467583 -170233.563409 3444004.738278
v -2206988.127264 1599915.359676 -2927366.858260
v -2209185.440571 1599825.578536 -2925758.069659
v -2207586.214938 1602031.615227 -2925758.069659
v -3288652.953897 -773781.100766 2141500.802510
v -3287610.681210 -774481.672307 2142847.469661
v -3288032.408081 -772689.287720 2142847.469661
v -3985110.697995 -322392.762128 -122299.592056
v -3985080.006631 -323474.946103 -120427.814433
v -3985254.363155 -321319.717656 -120427.814433
v -3166003.990296 2425274.806513 307345.651463
v -3166312.495680 2424737.330080 308406.489790
v -3165565.386056 2425712.622466 308406.489790
v 1547604.969557 -1369238.211148 -3424924.641882
v 1550361.682210 -1369601.274951 -3423532.419166
v 1548301.221512 -1371930.145990 -3423532.419166
v -796528.672704 3079913.439101 -2424804.366646
v -797559.627231 3080554.852183 -2423650.424249
v -795937.948536 3080974.251495 -2423650.424249
v -1685558.997348 -1022974.162069 -3480289.648787
v -1686321.305410 -1024595.924514 -3479443.196201
v -1687349.522451 -1022901.726803 -3479443.196201
v -2554921.501051 -1929940.147132 -2397438.056601
v -2555203.030124 -1931719.288714 -2395704.520103
v -2556709.828635 -1929724.536742 -2395704.520103
v -1128520.411505 3832880.425865 188333.946583
v -1129002.501851 3832694.566314 189224.907821
v -1128014.523115 3832985.458292 189224.907821
v 3164560.336420 -1767534.020785 1691562.175509
v 3164414.048034 -1766351.724919 1693070.154341
v 3163476.947477 -1768029.492486 1693070.154341
v 2350486.295633 3236220.010863 -45788.632009
v 2349419.587965 3237026.425948 -43472.989195
v 2351583.109591 3235455.047020 -43472.989195
v -1643582.585413 1076105.551745 3484341.451197
v -1642659.820800 1073958.388322 3485438.898515
v -1641245.570364 1076118.434225 3485438.898515
v -2730921.094231 -2812827.761467 793770.817705
v -2729705.561338 -2813398.521119 795926.164480
v -2731527.514940 -2811629.620943 795926.164480
v 3559577.695263 -1203871.328456 -1371167.861258
v 3560281.379134 -1203267.553275 -1369870.265546
v 3559770.441337 -1204778.281823 -1369870.265546
v -1580480.659528 -2936419.410760 2208964.602962
v -1578586.306372 -2935895.679720 2211014.364310
v -1581086.839167 -2934549.808042 2211014.364310
v 2212193.714183 3257887.287543 -701690.705364
v 2211810.738163 3258361.303617 -700696.315828
v 2212775.568074 3257706.157974 -700696.315828
v 3380207.409483 -927767.235793 1927031.147962
v 3379367.201646 -925925.133256 1929389.329310
v 3378544.561379 -928922.323301 1929389.329310
v 1117619.309381 -702032.180506 -3775987.113825
v 1119091.541429 -702049.749279 -3775547.782554
v 1118274.278915 -703350.812667 -3775547.782554
v 2875640.384028 125752.943682 -2777567.282767
v 2876839.708921 126842.472095 -2776275.510064
v 2876930.239795 124772.268170 -2776275.510064
v -3589197.609929 -799167.760585 1574482.309772
v -3587842.565370 -800437.296581 1576923.903265
v -3588509.220571 -797443.235290 1576923.903265
v -3516459.468822 1715665.554967 831267.782242
v -3516585.599297 1714501.358209 833134.103014
v -3515619.507857 1716481.476878 833134.103014
v 1158632.492776 2519302.300343 2882826.267724
v 1157654.328750 2518812.248394 2883647.332138
v 1158897.055779 2518240.715588 2883647.332138
v -3348019.825484 -894386.435959 -1997708.019143
v -3348562.505353 -895504.453723 -1996297.096993
v -3349047.753850 -893687.988799 -1996297.096993
v -1779662.409673 3283455.941614 -1432382.937572
v -1781133.750051 3283541.481950 -1430356.596594
v -1778930.927739 3284735.431293 -1430356.596594
v 283563.626448 -2370211.575028 3209624.868381
v 284812.743847 -2367949.183777 3211183.800444
v 281816.071265 -2368307.694955 3211183.800444
v 1843701.552483 -3537696.735894 -292348.072394
v 1844522.141956 -3537392.601837 -290848.162232
v 1842982.213292 -3538195.149110 -290848.162232
v -2679467.554714 2814467.609258 -948275.557288
v -2680263.523725 2814157.484996 -946945.577037
v -2679118.710351 2815247.385722 -946945.577037
v -2886225.707105 -4523.801234 -2769418.988865
v -2887172.108491 -5315.682590 -2768430.926075
v -2887174.586187 -3734.890496 -2768430.926075
v -3040113.001888 -1989050.755942 -1673735.490195
v -3040147.712123 -1989779.238259 -1672806.305747
v -3040794.411024 -1988790.808108 -1672806.305747
v 1760517.799679 -483877.757264 3558994.235704
v 1759714.687954 -482974.965562 3559514.008450
v 1759366.095326 -484243.268388 3559514.008450
v -2832509.298632 -1128980.575405 -2588879.233453
v -2833278.094200 -1130520.920171 -2587365.347566
v -2834126.880714 -1128391.392217 -2587365.347566
v -3955245.554015 -595171.964835 42474.403564
v -3955091.051971 -596081.805336 44072.521570
v -3955365.650462 -594256.947096 44072.521570
v 2681605.118111 1567562.017181 -2520266.631153
v 2681893.345539 1568493.980511 -2519379.942668
v 2682558.613399 1567355.916639 -2519379.942668
v 2277738.880687 58631.109908 -3287623.660570
v 2279144.253317 59673.515347 -3286630.781402
v 2279196.021593 57662.388220 -3286630.781402
v 2142442.983390 -2844235.356271 1822159.096351
v 2142635.531849 -2843502.790128 1823075.788750
v 2141685.728482 -2844218.237095 1823075.788750
v 1780272.565842 2199365.436911 2827264.023648
v 1779240.287946 2199150.256881 2828081.105373
v 1780277.138374 2198310.980088 2828081.105373
v 1740136.022356 2283708.975486 -2785067.873430
v 1740036.889041 2286102.988647 -2783165.081443
v 1742470.529353 2284248.608243 -2783165.081443
v -940576.573896 1985143.311934 3342831.559169
v -940833.537952 1983570.921026 3343692.531967
v -939196.983838 1984346.333286 3343692.531967
v 1895988.923167 560422.805234 3477233.629536
v 1894198.656408 560974.179498 3478120.304376
v 1894786.114167 558986.727535 3478120.304376
v -2847856.173880 744874.146159 -2708298.413528
v -2849784.735488 743941.490979 -2706525.558111
v -2849081.115981 746631.619462 -2706525.558111
v 2436485.988899 -1921648.949815 2524045.191020
v 2436139.965043 -1919534.857501 2525987.091847
v 2434349.461850 -1921805.061922 2525987.091847
v 3490330.867075 -310258.429702 1929075.453756
v 3489428.524356 -308960.685222 1930915.282826
v 3489213.765970 -311376.664132 1930915.282826
v 3417517.358169 1748021.452196 1124721.463680
v 3416358.876410 1748891.714911 1126886.000702
v 3417544.989357 1746572.772211 1126886.000702
v -1300183.389053 3328479.240600 -1797429.136854
v -1301813.453434 3328963.219737 -1795351.780648
v -1299312.973052 3329939.967021 -1795351.780648
v 180167.894145 316246.964985 -3983406.872843
v 178678.453997 318805.360795 -3983270.023415
v 181638.898772 318805.360795 -3983136.123686
v -2344019.229553 3087501.059745 986363.279075
v -2344582.221195 3086511.683812 988120.080978
v -2342914.954396 3087777.466515 988120.080978
v 149142.990075 3947130.921914 630806.458343
v 147645.316124 3946780.939333 633343.517782
v 150609.983017 3946668.918908 633343.517782
v 999745.018817 -2375770.821280 3058794.770487
v 1000308.504329 -2373547.390263 3060336.293300
v 997761.311835 -2374619.271012 3060336.293300
v 1835160.812049 -1261663.024165 3322708.794510
v 1834308.281163 -1259406.740915 3324035.245935
v 1832748.866850 -1261674.997955 3324035.245935
v 3168131.998956 461757.447132 -2397857.391603
v 3168599.196395 462360.209689 -2397123.806219
v 3168751.810892 461313.116948 -2397123.806219
v -1474734.651141 3126976.408161 2011760.159059
v -1475490.577702 3125251.918460 2013884.477124
v -1472923.175674 3126462.748425 2013884.477124
v -1798208.675796 -2180870.613417 2830238.837667
v -1795899.947943 -2180409.599945 2832059.375390
v -1798196.095909 -2178516.340818 2832059.375390
v 285368.891139 3654290.047141 -1601477.181114
v 284911.070526 3654663.399105 -1600706.542568
v 285879.119529 3654587.802732 -1600706.542568
v -2421284.608320 -414128.221503 3156878.305103
v -2419440.712155 -415046.476281 3158171.153432
v -2419850.709463 -412649.343898 3158171.153432
v 1199815.242166 -744301.100114 3742520.509064
v 1199292.752373 -743253.682564 3742896.119473
v 1198644.741786 -744298.277258 3742896.119473
v -2655973.130804 -2669231.011882 -1349449.865969
v -2655573.889062 -2670734.645018 -1347258.766027
v -2657478.733230 -2668839.262077 -1347258.766027
v -249151.133721 -3133848.831001 -2473239.957579
v -248504.293006 -3134662.051827 -2472274.278459
v -249918.343932 -3134549.630198 -2472274.278459
v -1210970.636228 -168172.352248 -3808578.488750
v -1212768.734876 -169635.697652 -3807941.393003
v -1213099.441930 -167254.351811 -3807941.393003
v 2383303.249518 -203265.872504 3206017.666327
v 2382382.196269 -202475.420861 3206752.164684
v 2382261.641350 -203888.933747 3206752.164684
v 1613078.761786 3658600.981846 112331.822298
v 1611754.710174 3659108.374154 114783.860821
v 1614346.421362 3657965.687565 114783.860821
v 3493332.895684 667257.366103 -1830681.318483
v 3493893.782751 668331.322775 -1829218.598288
v 3494250.124988 666465.742683 -1829218.598288
v -1198460.051698 -3777834.772172 -540054.579756
v -1197691.731280 -3778291.691249 -538560.510135
v -1199351.261714 -3777765.230710 -538560.510135
v -3487309.754103 1253992.008749 -1505382.979035
v -3488781.479101 1252876.858186 -1502899.385123
v -3487734.298117 1255789.033409 -1502899.385123
v 1156412.194765 -3824937.227909 180462.841204
v 1157135.432050 -3824655.071840 181802.013220
v 1155653.778817 -3825103.027392 181802.013220
v -1305515.937401 -763625.328155 -3703040.158364
v -1306570.486460 -765631.984677 -3702253.792885
v -1307781.901857 -763560.913892 -3702253.792885
v -3889225.400766 791189.757045 497942.339280
v -3889209.949684 789929.695065 500059.063427
v -3888718.879306 792343.633529 500059.063427
v 1312342.589697 -2499650.194305 -2833638.372050
v 1313311.021141 -2500063.577935 -2832824.890137
v 1312132.941051 -2500682.082349 -2832824.890137
v -2103061.672711 -2863447.888153 1837879.242005
v -2101378.288510 -2863382.055598 1839906.195365
v -2103502.511309 -2861821.918404 1839906.195365
v -94159.991697 -2907618.829045 -2745339.615912
v -92726.762780 -2909438.304261 -2743460.126698
v -95707.937557 -2909341.762242 -2743460.126698
v 1793357.960644 3565521.740184 266314.899317
v 1792296.642251 3565909.940636 268254.956543
v 1794302.374909 3564901.113066 268254.956543
v -2830709.589561 -1272187.517810 2523613.025387
v -2829795.550913 -1272489.001645 2524485.976096
v -2830328.192787 -1271303.834806 2524485.976096
v -1873238.978364 -2395855.161767 2598240.709958
v -1871948.057863 -2395619.239245 2599388.378501
v -1873321.421088 -2394545.452496 2599388.378501
v 1843698.449630 1571394.726997 3183001.379837
v 1841090.563310 1571190.000982 3184611.540457
v 1843083.056144 1568852.233210 3184611.540457
v 3030521.312186 2543143.804901 590220.854830
v 3030010.999937 2543509.751538 591263.035856
v 3030793.135886 2542577.724157 591263.035856
v -486737.173805 -744677.011487 3899813.285548
v -485565.821096 -744100.658519 3900069.311344
v -486679.363442 -743372.822899 3900069.311344
v 2586889.768616 -329634.966343 -3033042.033100
v 2588577.610846 -328659.246333 -3031707.590269
v 2588278.985424 -331002.781241 -3031707.590269
v -3702326.201994 239554.162551 -1495123.779012
v -3702809.524224 238903.592509 -1494030.561302
v -3702721.656603 240261.592697 -1494030.561302
v -2421980.860073 -1162823.535038 2963419.155808
v -2419614.482552 -1163338.256417 2965149.711239
v -2420902.720195 -1160655.057445 2965149.711239
v 3058743.304570 2570725.499841 188309.739192
v 3058211.395411 2571262.472355 189613.068809
v 3059180.732091 2570109.120089 189613.068809
v 3670871.744155 -1153531.082476 -1092734.282079
v 3671676.290853 -1152660.523613 -1090948.424048
v 3671033.723067 -1154705.361385 -1090948.424048
v -2854992.217714 -672469.684497 -2719706.827775
v -2855886.455581 -673682.488694 -2718467.532640
v -2856333.747348 -671783.496749 -2718467.532640
v -962892.784776 -3148953.058668 2270888.279901
v -961590.903102 -3148274.505744 2272380.256902
v -963592.530767 -3147662.444274 2272380.256902
v -3655975.355995 555642.579981 1524830.084261
v -3655485.213758 554582.425478 1526390.333923
v -3655192.372228 556509.242202 1526390.333923
v 2818564.776855 1279597.196390 -2533441.160983
v 2818924.096029 1280434.506480 -2532618.194264
v 2819431.633020 1279316.556325 -2532618.194264
v 1335380.483159 2381189.188614 2923473.618740
v 1334097.700453 2380660.034559 2924490.060113
v 1335597.936460 2379818.696167 2924490.060113
v 328666.828235 -997586.989709 3859637.360129
v 329219.653886 -995125.028083 3860225.749306
v 326758.864468 -995935.764251 3860225.749306
v 1100898.892850 930630.235901 -3731212.925851
v 1101383.831797 932119.693343 -3730697.982762
v 1102448.291884 930860.479011 -3730697.982762
v -2529869.026307 -1860378.896884 -2477651.118568
v -2530201.200246 -1862141.684785 -2475987.121846
v -2531650.698560 -1860170.558960 -2475987.121846
v 1743807.793105 2333363.575777 2741267.956647
v 1742369.888120 2333028.323152 2742467.360332
v 1743893.596073 2331889.600566 2742467.360332
v -1776897.133599 -2674690.393366 2385092.927084
v -1776133.067171 -2674523.338277 2385849.248229
v -1777039.284319 -2673921.304241 2385849.248229
v 3601162.298680 1672326.066999 -484723.717497
v 3600920.441882 1673366.719455 -482925.720474
v 3601801.319113 1671469.851412 -482925.720474
v 1948308.603780 226891.336897 -3486060.337558
v 1950303.014544 228575.019347 -3484834.914782
v 1950636.543594 225711.016132 -3484834.914782
v 2785923.316979 -2609880.133263 1194637.186112
v 2786194.006389 -2608920.940168 1196100.134270
v 2784983.807956 -2610212.769623 1196100.134270
v -1434297.375376 -2293407.290648 2946705.723699
v -1433288.528328 -2293042.148721 2947480.667047
v -1434410.623014 -2292340.390481 2947480.667047
v -2683910.829606 2932782.146666 442055.488589
v -2684559.271259 2931911.283691 443891.044815
v -2682986.028177 2933351.023820 443891.044815
v -1289630.495150 93643.053772 -3785245.634002
v -1290499.194497 93195.930797 -3784960.593288
v -1290425.489326 94210.981382 -3784960.593288
v 2948724.231898 2307481.060867 1407322.878693
v 2947716.161094 2307859.551890 1408813.276933
v 2948849.264840 2306411.561468 1408813.276933
v -2093357.134622 -3211800.937073 -1141136.799666
v -2092571.529918 -3213127.233257 -1138841.658430
v -2094887.700452 -3211617.621607 -1138841.658430
v -2025399.227468 -3189125.794341 1314243.326147
v -2024463.801134 -3189170.866458 1315574.545769
v -2025837.733558 -3188298.288250 1315574.545769
v -3329239.812722 -1600328.799964 1534637.550071
v -3327851.793360 -1601152.839226 1536787.049484
v -3329016.356956 -1598730.142410 1536787.049484
v -3638538.382995 138987.022840 -1655814.648837
v -3639226.033338 138100.916267 -1654376.959311
v -3639156.432114 139923.005286 -1654376.959311
v -1181159.640152 2154274.473958 3156575.040260
v -1181465.520938 2151933.747675 3158056.832579
v -1179021.652999 2153273.687506 3158056.832579
v 3571945.660391 762615.753458 1630834.762580
v 3571336.591950 763177.922043 1631905.333445
v 3571619.280079 761853.865161 1631905.333445
v 787401.694236 2756511.525390 -2789559.739727
v 786926.445261 2757595.002757 -2788622.837475
v 788377.533015 2757180.497341 -2788622.837475
v 3932494.935835 -717952.354033 -141522.111015
v 3932643.240939 -717350.183211 -140450.578703
v 3932420.890102 -718568.082329 -140450.578703
v 1208442.074667 2264365.091015 3067950.482755
v 1206750.599571 2263578.147586 3069196.741494
v 1208729.877938 2262521.850055 3069196.741494
v 2242274.150409 2625233.783103 2019989.110044
v 2240736.175172 2625215.228824 2021719.115451
v 2242496.341355 2623711.829334 2021719.115451
v -1527800.285549 -2843585.693398 2362170.191557
v -1526440.870607 -2843159.391068 2363561.775704
v -1528195.194202 -2842216.828972 2363561.775704
v -482281.522520 -3793846.051271 1172236.888474
v -480792.555536 -3793312.961297 1174571.388415
v -483589.751772 -3792957.375952 1174571.388415
v 177524.130189 -3832574.365452 -1131309.093835
v 178551.777406 -3833019.605554 -1129637.692128
v 176542.041788 -3833112.696133 -1129637.692128
v -1286790.080497 -3776880.392386 -281684.611786
v -1286274.730103 -3777128.995247 -280703.227836
v -1287350.013345 -3776762.644273 -280703.227836
v 3225142.599617 2014092.057431 -1241728.189871
v 3225097.312449 2014786.591138 -1240718.670197
v 3225746.804835 2013746.566401 -1240718.670197
v -1373193.811257 3676415.628993 -773504.027215
v -1374348.333742 3676375.494541 -771642.067998
v -1372295.679063 3677142.190418 -771642.067998
v -2358225.753744 2479013.839102 2072018.941884
v -2358308.577586 2477966.176728 2073177.535921
v -2357175.263320 2479044.271109 2073177.535921
v 3830199.985038 -856255.741290 -772266.285898
v 3830679.632816 -855459.668423 -770768.021259
v 3830294.983884 -857180.278590 -770768.021259
v 518308.650214 1774411.801028 3547227.235463
v 516540.114935 1772892.944225 3548244.506008
v 518981.552553 1772179.796219 3548244.506008
v 3142775.458411 206150.132901 -2465859.963668
v 3143559.301124 206987.290048 -2464790.457979
v 3143661.940753 205422.540607 -2464790.457979
v 1225167.409720 2109946.005274 3169715.046488
v 1223961.410877 2109414.425695 3170534.662838
v 1225303.544901 2108635.098233 3170534.662838
v 1234815.324836 12312.653309 -3804613.267670
v 1237103.456540 13733.104895 -3803865.013896
v 1237131.326128 10938.110688 -3803865.013896
v 2237893.554095 -1491218.021723 -2961098.128048
v 2239204.463527 -1491119.942382 -2960156.340401
v 2238307.764216 -1492465.632668 -2960156.340401
v -460358.010045 2779609.153787 2839338.684171
v -460930.741658 2778605.571879 2840227.919718
v -459492.308628 2778843.804713 2840227.919718
v -1190374.115835 732048.905398 -3747948.220133
v -1192706.421191 732046.762852 -3747207.083429
v -1191424.483452 734131.303232 -3747207.083429
v -752001.675832 -3178398.063135 2309173.460568
v -750245.534043 -3177313.286763 2311236.629052
v -753085.527911 -3176641.350742 2311236.629052
v -3408528.538771 -1228186.971598 1695137.807968
v -3407197.925076 -1229080.522510 1697163.985379
v -3408073.685143 -1226650.067498 1697163.985379
v 3987087.783196 -318252.434437 43003.458950
v 3987176.672592 -316779.987222 45557.892044
v 3986941.971510 -319720.338070 45557.892044
v 3643528.305282 -1296646.781617 1021474.379634
v 3643447.571854 -1295571.642990 1023125.214670
v 3642786.510092 -1297429.201483 1023125.214670
v 1139449.504593 -3620316.803442 -1262917.916475
v 1140196.020138 -3620464.461119 -1261820.397665
v 1138922.127313 -3620865.402978 -1261820.397665
v 3282413.406944 -2047123.524257 -1017373.325348
v 3283187.544962 -2046595.566323 -1015936.569500
v 3282279.849741 -2048050.989472 -1015936.569500
v -622820.690239 -3425314.003147 -1969599.288340
v -621575.909822 -3426837.224901 -1967341.610194
v -624521.999044 -3426301.541072 -1967341.610194
v -1003305.098596 -1470168.428268 -3582175.955007
v -1003344.791879 -1471684.854868 -3581542.100479
v -1004702.725558 -1470758.143508 -3581542.100479
v -610836.453024 780935.368684 3875180.159092
v -610500.041975 778288.228528 3875765.681745
v -608348.250774 779971.328766 3875765.681745
v 2136110.281072 3084331.933888 1387057.963430
v 2135468.486616 3084373.482001 1387953.519181
v 2136374.875320 3083745.745988 1387953.519181
v -202211.560380 71305.832510 -3994249.166695
v -202786.012358 72303.528824 -3994202.107485
v -201635.292841 72303.528824 -3994260.363437
v 1541245.960504 1380817.752428 -3423142.385986
v 1541531.665958 1381952.264544 -3422555.862549
v 1542404.931254 1380977.540249 -3422555.862549
v 3682756.533416 -548767.032735 -1461560.723615
v 3683312.394299 -548122.857390 -1460401.256034
v 3683100.438985 -549545.282153 -1460401.256034
v -826152.428526 1906897.124515 3417779.736672
v -826629.902685 1904349.461306 3419084.517841
v -823967.220224 1905503.053470 3419084.517841
v 2863874.464982 -2590983.776153 -1041646.185489
v 2864579.042580 -2590675.926350 -1040473.838509
v 2863638.472196 -2591715.560612 -1040473.838509
v -324816.935403 -3952005.143911 525500.231086
v -323857.008303 -3951867.730018 527123.585558
v -325741.543758 -3951712.839271 527123.585558
v -3423414.089619 -2030941.626191 394352.832558
v -3422593.825104 -2031905.306636 396502.720894
v -3423866.646028 -2029759.802782 396502.720894
v 3006182.974155 1509884.722606 -2164050.661355
v 3006785.390762 1511924.802153 -2161788.199838
v 3008179.155513 1509149.814236 -2161788.199838
v -902986.703275 2873842.484920 -2631662.194715
v -904370.560848 2874683.196417 -2630268.414128
v -902332.386861 2875323.608694 -2630268.414128
v 463354.392130 957020.924784 -3856088.196414
v 463117.188412 959686.755038 -3855454.100828
v 465592.696207 958488.205059 -3855454.100828
v -2315950.628629 -1492420.830144 -2899837.072055
v -2316623.955235 -1494414.763794 -2898271.943183
v -2318044.611816 -1492210.177503 -2898271.943183
v 31559.634382 1043604.142254 -3861333.426749
v 30570.425214 1045377.601824 -3860861.635364
v 32654.200287 1045314.586379 -3860861.635364
v 1258255.777814 1635854.857235 -3426481.029062
v 1258350.616823 1637369.046604 -3425722.885638
v 1259694.945130 1636335.025247 -3425722.885638
v -1504384.359762 3020538.113376 2147831.543740
v -1505120.839813 3018576.621146 2150071.993267
v -1502375.121151 3019944.131191 2150071.993267
v 1098494.661599 -3634147.400384 1259477.663642
v 1099432.148393 -3633195.053921 1261405.757739
v 1097186.611451 -3633873.812945 1261405.757739
v -3553410.028423 1227642.848291 -1366078.711241
v -3554112.016453 1227046.457637 -1364787.750396
v -3553594.164316 1228545.379720 -1364787.750396
v 127172.653307 3602292.552911 -1734161.791734
v 126093.549705 3603163.521683 -1732430.285199
v 128310.489958 3603085.256476 -1732430.285199
v -2262116.312315 321704.066227 3283190.087585
v -2261094.159140 320743.816770 3283988.044338
v -2260866.978042 322341.278914 3283988.044338
v -1649711.936353 669695.217629 3581893.478533
v -1648396.360430 667823.290322 3582848.523277
v -1647463.824729 670120.477517 3582848.523277
v -3825121.915128 1150781.067436 -210111.467567
v -3825527.148948 1149773.615910 -208240.784465
v -3824904.013600 1151844.877547 -208240.784465
v -3730901.398409 1203571.042892 794853.535016
v -3730886.911378 1202837.237304 796031.454845
v -3730460.824170 1204158.047879 796031.454845
v 3096444.927792 -135488.278381 -2528571.239039
v 3097312.164511 -134762.960978 -2527547.640543
v 3097245.497252 -136286.572437 -2527547.640543
v -1648759.318619 1371191.413200 3376599.966890
v -1648456.868937 1370128.622141 3377179.004553
v -1647659.202019 1371087.759394 3377179.004553
v -565913.352119 1683815.782656 3583923.473549
v -566301.333775 1682284.282122 3584581.338138
v -564679.161646 1682829.477669 3584581.338138
v 3679439.811353 -1446233.556598 608386.665662
v 3679624.435796 -1444651.896509 611022.151662
v 3678498.042065 -1447517.614787 611022.151662
v -1909735.699101 -1588416.892050 -3135257.912492
v -1910056.692609 -1589716.988929 -3134403.319184
v -1911072.516968 -1588495.674769 -3134403.319184
v 1830517.981247 1971291.013819 -2960272.989404
v 1830604.371935 1972295.253728 -2959550.570302
v 1831513.082195 1971451.435916 -2959550.570302
v 2444614.238956 401077.493275 -3140541.274493
v 2445835.873100 402327.246258 -3139430.059489
v 2446171.164365 400283.606776 -3139430.059489
v -3139570.740359 -2136698.826569 1256031.208681
v -3138833.768353 -2137077.663352 1257228.038891
v -3139652.771462 -2135874.256412 1257228.038891
v -964437.792351 -3810267.368889 -742780.857699
v -963636.154785 -3810768.505176 -741248.839055
v -965381.312808 -3810326.778602 -741248.839055
v 277398.689277 947008.825765 3876367.719147
v 275460.973269 945208.701995 3876945.215592
v 278058.907795 944447.712643 3876945.215592
v -3097874.672656 -1333585.191270 2150517.528214
v -3096131.096361 -1334351.668835 2152552.077634
v -3097233.029198 -1331791.914986 2152552.077634
v 2889909.327080 1880260.975452 2028063.930633
v 2889077.754851 1880493.968733 2029032.459388
v 2889785.414506 1879406.315336 2029032.459388
v 3187076.629416 -2125640.297287 -1150737.455207
v 3187830.104134 -2125208.279756 -1149447.606824
v 3186967.296669 -2126501.929256 -1149447.606824
v 3027622.674674 122613.622949 -2611219.722820
v 3028816.075857 123758.803133 -2609781.320107
v 3028904.771499 121568.696269 -2609781.320107
v -2254240.472686 -3096958.582120 1152062.446338
v -2253601.335501 -3097065.816454 1153024.196403
v -2254538.950453 -3096383.337332 1153024.196403
v 22853.137987 -2958301.977818 2692198.012956
v 24339.247148 -2956541.318480 2694118.414598
v 21340.005321 -2956564.487882 2694118.414598
v -2896265.832834 2376828.103312 -1400832.901374
v -2896888.379811 2376608.917210 -1399917.209782
v -2896172.331667 2377481.452236 -1399917.209782
v -573910.705168 1793968.941235 3528782.180945
v -574466.787401 1791957.938562 3529713.358999
v -572290.651149 1792654.108859 3529713.358999
v -2445271.523504 3062353.670153 -801647.284993
v -2446215.798367 3062019.521074 -800041.195580
v -2444736.687249 3063200.582664 -800041.195580
v -19583.056961 3848617.959902 -1089842.909686
v -20559.465447 3849072.240319 -1088219.399902
v -18611.321977 3849082.153126 -1088219.399902
v -3376845.244431 2008922.898143 749096.971291
v -3377073.336533 2007915.034806 750769.059389
v -3376068.379527 2009604.290421 750769.059389
v -3487091.781372 -1226632.813358 -1528255.287841
v -3487388.336732 -1227813.729304 -1526629.427932
v -3488062.352369 -1225897.626652 -1526629.427932
v 2216576.526121 1260826.166493 -3081737.710711
v 2217266.847741 1262412.678203 -3080591.402903
v 2218292.993943 1260608.677268 -3080591.402903
v -2185785.678651 -2889746.327040 -1694611.306119
v -2185604.718198 -2890352.057353 -1693811.485022
v -2186417.794045 -2889737.051972 -1693811.485022
v 2357615.234936 -2116795.867225 2441480.423025
v 2357512.551622 -2115542.442029 2442665.703774
v 2356358.029277 -2116828.309746 2442665.703774
v -1408986.185212 2795404.835795 2490074.485953
v -1409374.633809 2794057.582270 2491366.408256
v -1407672.132009 2794915.705389 2491366.408256
v 3844052.705221 24947.194570 1105729.081544
v 3843798.741589 25468.611700 1106599.723822
v 3843805.530498 24422.525144 1106599.723822
v 501253.181805 -263957.459435 -3959680.862511
v 500483.800287 -262597.474695 -3959868.603564
v 502045.076128 -262597.474695 -3959670.962767
v -3438408.813349 -1211429.023370 1646142.694861
v -3437448.176701 -1212103.991113 1647651.408944
v -3438083.425226 -1210300.960078 1647651.408944
v -2569075.328066 -2041037.584170 2287798.020838
v -2567260.989933 -2041253.518029 2289641.310342
v -2568875.426625 -2039221.409701 2289641.310342
v -3033148.309906 -2594506.752785 261816.352321
v -3032301.439477 -2595295.263194 263803.410485
v -3033796.077736 -2593547.933184 263803.410485
v -669229.164874 -3573836.528416 1667281.010375
v -668181.880398 -3573342.861741 1668758.503085
v -670026.867911 -3572997.373232 1668758.503085
v -822928.667049 3665987.985842 -1372341.467651
v -823674.895087 3666231.256717 -1371243.467321
v -822358.013613 3666526.865846 -1371243.467321
v -23572.128822 -3955428.586013 595005.182495
v -22311.829117 -3955111.082038 597160.466232
v -24828.554855 -3955096.083769 597160.466232
v -954942.550407 2951414.623159 2525319.292481
v -955496.106227 2950200.164969 2526528.697423
v -953782.501227 2950754.609036 2526528.697423
v 1787823.304632 666026.153970 -3515693.193428
v 1789016.797553 667653.048407 -3514777.367292
v 1789790.324213 665576.659995 -3514777.367292
v 3948810.420092 518103.678065 372110.411953
v 3948522.226605 519066.966070 373822.182878
v 3948780.479612 517098.649292 373822.182878
v 3766678.727652 1015183.521641 884045.591667
v 3765760.439474 1016444.342712 886505.520929
v 3766518.413580 1013631.999050 886505.520929
v -1542617.832098 -3690392.844761 -36502.344727
v -1541630.788365 -3690823.255276 -34637.499231
v -1543617.555781 -3689992.768395 -34637.499231
v -3533952.874761 348072.097236 -1841202.122271
v -3535138.320156 346851.771103 -1839155.585345
v -3534877.461838 349500.248276 -1839155.585345
v 386858.342227 2440250.261398 -3145714.902551
v 385703.817116 2442488.633353 -3144119.082447
v 388648.566747 2442021.795595 -3144119.082447
v -1112198.714959 3759742.412473 -792055.251172
v -1112852.269645 3759770.218643 -791004.576187
v -1111665.466374 3760121.296171 -791004.576187
v 3172761.246610 -409326.828124 2401257.620652
v 3172185.735974 -408610.363470 2402139.831124
v 3172022.740637 -409873.767809 2402139.831124
v -3216679.066760 -2351745.285858 -349672.652607
v -3216259.138156 -2352549.021629 -348125.450213
v -3217317.552653 -2351101.339443 -348125.450213
v -1197014.982546 2036100.449510 3228227.262164
v -1197158.432088 2034500.018492 3229182.950578
v -1195546.780871 2035447.501537 3229182.950578
v -52722.199005 758314.747951 3927108.344532
v -51926.529567 759662.051327 3926858.545986
v -53510.875698 759662.051327 3926837.275828
v 3648205.916654 -1202106.284721 -1116035.386756
v 3648844.919099 -1201444.856919 -1114657.762129
v 3648326.552811 -1203018.018114 -1114657.762129
v -1506417.494692 -913172.407455 -3591214.673421
v -1506829.986878 -914016.970423 -3590826.745062
v -1507357.076417 -913147.455646 -3590826.745062
v -78617.724393 -3713654.066179 -1484114.098110
v -77432.475610 -3714451.040625 -1482180.692249
v -79835.639918 -3714400.165852 -1482180.692249
v 1058480.427743 -3516448.029928 -1585627.069264
v 1059356.053251 -3516727.618447 -1584421.779685
v 1057904.627224 -3517164.509887 -1584421.779685
v -1140942.685474 3597708.765374 1324667.490992
v -1142017.356979 3596537.501290 1326920.077376
v -1139389.422875 3597370.898985 1326920.077376
v -2003566.414434 -2852851.658192 1961366.707078
v -2002926.004014 -2852792.603226 1962106.548009
v -2003728.206098 -2852229.214257 1962106.548009
v 1466938.453115 2725025.603840 -2534231.501036
v 1466468.204673 2726903.268983 -2532483.333379
v 1468764.757727 2725666.986294 -2532483.333379
v 1020153.245683 2540885.666446 2916022.764806
v 1018730.686228 2540072.437679 2917228.338632
v 1020618.480953 2539314.497272 2917228.338632
v 1857837.785865 1660108.297297 3129294.014148
v 1855876.204071 1659924.114382 3130555.425783
v 1857434.952276 1658179.709321 3130555.425783
v -440233.086264 3975441.336718 45421.756180
v -441485.839317 3975276.807896 47609.684458
v -438974.688072 3975554.888182 47609.684458
v 2819626.726563 -2819476.852070 316634.716088
v 2820399.097398 -2818457.658469 318822.048580
v 2818607.574019 -2820249.277080 318822.048580
v 1334059.830059 -3498680.622187 1406954.205713
v 1334907.525785 -3497585.931191 1408870.616726
v 1332698.491873 -3498428.243972 1408870.616726
v 3836187.981219 -970462.207503 584692.961786
v 3836187.451869 -969576.417586 586164.130209
v 3835766.305037 -971241.189695 586164.130209
v 2910643.003126 1822873.374351 -2050680.632803
v 2910843.095694 1824064.671741 -2049336.876608
v 2911802.140140 1822533.333336 -2049336.876608
v -3878806.428004 -962930.027584 166215.867578
v -3878504.021508 -963855.978419 167897.190363
v -3878972.185589 -961970.153081 167897.190363
v 3336310.782611 -1621640.440844 1496433.797099
v 3336157.577601 -1620399.876941 1498118.260624
v 3335240.627388 -1622286.380757 1498118.260624
v 1529246.320790 -3529442.862698 -1097469.437925
v 1529850.697348 -3529463.757232 -1096559.541508
v 1528848.244953 -3529898.102452 -1096559.541508
v -49727.992988 2447557.067496 -3163383.171940
v -50841.078579 2449018.161864 -3162234.461891
v -48675.172749 2449062.167436 -3162234.461891
v -2014485.432617 3374590.345779 -744304.935592
v -2015533.218015 3374348.499186 -742562.758461
v -2013775.337443 3375397.878353 -742562.758461
v 1434956.051421 -3453611.397860 1418968.372366
v 1435754.536013 -3452506.151075 1420849.037631
v 1433609.439213 -3453397.426693 1420849.037631
v -3979565.966852 381568.351017 132148.667472
v -3979622.209759 380076.649129 134728.503249
v -3979337.736472 383043.562420 134728.503249
v 1000703.871842 3443353.347242 1772543.658875
v 999443.310722 3442861.349182 1774209.777505
v 1001504.387687 3442262.361076 1774209.777505
v 1993850.156644 2295011.579122 -2599516.173044
v 1993836.081795 2296268.339098 -2598416.887861
v 1995096.550803 2295173.274327 -2598416.887861
v 494825.453585 -3969139.741078 32842.300243
v 495737.443696 -3969012.422110 34437.049908
v 493910.118795 -3969240.231392 34437.049908
v -3917408.931885 700030.014816 404804.028975
v -3917411.535983 699123.418846 406342.670727
v -3917097.388906 700881.404272 406342.670727
v 3910094.036239 -516695.952435 -666476.216740
v 3910379.830418 -516042.044376 -665305.055774
v 3910200.166393 -517401.650991 -665305.055774
v 1914629.136059 1668044.961276 -3090602.495398
v 1915111.508267 1670283.427839 -3089094.315090
v 1916912.582030 1668216.104486 -3089094.315090
v -507413.641796 -2441814.222474 -3127311.240922
v -506836.043992 -2443069.448324 -3126424.442345
v -508443.503517 -2442735.415176 -3126424.442345
v 3047931.499143 -1122356.250466 -2334615.783612
v 3048954.517521 -1121890.429075 -2333503.599465
v 3048408.108234 -1123374.287766 -2333503.599465
v 712940.162197 3590818.533112 1611750.836987
v 711514.322138 3590192.483504 1613774.294576
v 714018.681396 3589695.254730 1613774.294576
v 3966612.233362 -495961.725307 -141464.825031
v 3966885.603202 -494499.578103 -138894.628334
v 3966517.179032 -497446.168028 -138894.628334
v -3920690.665362 -461188.408821 -644585.535414
v -3920793.875379 -461849.772469 -643483.277782
v -3920944.526297 -460569.047207 -643483.277782
v 361533.486094 3061579.813149 -2548729.884577
v 360636.415354 3062839.575664 -2547343.036967
v 362699.314282 3062595.973640 -2547343.036967
v -1097729.042063 1560296.474294 -3515745.863425
v -1100317.137847 1561319.436397 -3514482.455103
v -1097817.547462 1563077.995109 -3514482.455103
v -989068.685994 2998522.167607 -2455730.231906
v -991001.202851 2999570.936312 -2453669.464494
v -988139.415423 3000514.902764 -2453669.464494
v -685833.724991 -854551.017940 3846995.798469
v -683593.658496 -853723.413882 3847578.206691
v -685510.631395 -852184.916313 3847578.206691
v 1908871.389492 491174.691550 -3480654.819188
v 1909634.138664 492021.688628 -3480116.757225
v 1909948.225420 490801.041000 -3480116.757225
v -2656038.365912 160381.712923 2986593.192712
v -2654975.694507 159452.665914 2987587.639327
v -2654871.624607 161176.139501 2987587.639327
v 2274371.709937 -1113545.161859 3096328.962127
v 2273315.194027 -1111489.903567 3097842.921604
v 2272100.389783 -1113971.092925 3097842.921604
v 2494209.517217 -140697.758285 3123960.023918
v 2492201.847617 -139031.441475 3125636.481562
v 2492027.187391 -142127.718236 3125636.481562
v 42771.619603 -3714467.555086 1483544.013366
v 43813.329409 -3713780.760879 1485232.076496
v 41714.371407 -3713804.930112 1485232.076496
v -501690.201951 -1970993.213400 -3444342.388059
v -500993.134549 -1972954.559863 -3443320.777383
v -503240.156637 -1972382.610169 -3443320.777383
v 1275333.062897 3401622.689956 1674064.475009
v 1273484.254478 3401112.981281 1676505.757417
v 1276391.076960 3400023.158230 1676505.757417
v 1641840.655264 -959805.909073 3518967.822749
v 1640695.482069 -957501.052281 3520129.646447
v 1639270.414961 -959938.767128 3520129.646447
v -2160175.014185 510077.848815 -3327681.875619
v -2162256.345033 509258.806673 -3326455.340927
v -2161670.137098 511741.391902 -3326455.340927
v -697476.275590 2476226.519831 3062977.604887
v -698340.501484 2474006.923277 3064573.873805
v -695580.627849 2474784.294155 3064573.873805
v -2076744.741852 288498.750285 -3406449.815273
v -2077813.146017 287972.362316 -3405842.780349
v -2077629.208407 289296.428582 -3405842.780349
v -2813139.016676 -2545667.225981 1267213.137056
v -2811856.192534 -2546110.877844 1269167.458399
v -2813452.723658 -2544346.600113 1269167.458399
v 129796.441055 2128696.421730 3384051.575311
v 129045.276201 2127727.893107 3384689.345555
v 130424.367266 2127643.803563 3384689.345555
v 581414.262177 -2749752.030580 2846194.497542
v 582275.819909 -2748068.878336 2847643.622570
v 579945.125299 -2748561.686077 2847643.622570
v -2019834.477142 -2410036.278656 -2472244.834881
v -2019777.141296 -2411098.340656 -2471255.914355
v -2020890.208307 -2410165.487013 -2471255.914355
v -2763269.423418 -1170803.629427 -2644534.529490
v -2764066.607309 -1172445.559324 -2642973.538164
v -2765003.555254 -1170234.223843 -2642973.538164
v -681405.081660 -2923843.004445 -2643261.199466
v -680938.738594 -2924718.958861 -2642412.158330
v -682210.629150 -2924422.543258 -2642412.158330
v -3603358.932649 -1230088.630304 1225841.344436
v -3602787.923699 -1230624.402957 1226981.415220
v -3603234.736120 -1229315.533429 1226981.415220
v 1933024.414034 -3206024.607507 -1408837.665738
v 1933895.496288 -3206028.925546 -1407631.867911
v 1932621.628645 -3206796.984921 -1407631.867911
v 2418720.396804 -3061499.851717 -881483.280632
v 2420110.968501 -3061062.701423 -879181.728656
v 2417973.335317 -3062751.526259 -879181.728656
v -1331567.543789 -3251179.694004 1912266.054351
v -1329711.783502 -3250598.956777 1914543.283368
v -1332482.788685 -3249464.051631 1914543.283368
v -1449681.970555 -1762253.182430 -3285252.923951
v -1449788.011328 -1763652.867885 -3284454.924769
v -1451034.948590 -1762627.100143 -3284454.924769
v 83361.855140 955027.126196 3883423.056540
v 82566.219758 953920.931837 3883711.925704
v 83953.804676 953799.813127 3883711.925704
v 2790231.931646 1070753.186702 -2658588.880105
v 2790979.434328 1072158.002362 -2657237.751442
v 2791727.331992 1070209.086433 -2657237.751442
v -308875.397593 -2275608.002137 -3275088.477106
v -308481.259924 -2276366.378687 -3274598.562534
v -309457.424557 -2276233.880806 -3274598.562534
v -3525698.521247 1717280.321887 787655.547627
v -3525895.330696 1715699.890135 790214.548210
v -3524575.491140 1718409.614524 790214.548210
v 601592.791685 2178052.946152 -3300632.205624
v 600978.081530 2179784.588135 -3299600.881142
v 603009.134715 2179223.597660 -3299600.881142
v -3434664.484629 -2013143.023326 387733.855060
v -3433773.537476 -2014206.901470 390092.742801
v -3435157.407219 -2011845.852999 390092.742801
v -2529037.488928 -2633148.054528 1634166.905929
v -2528114.417052 -2633286.778759 1635371.214425
v -2529213.318102 -2632231.326542 1635371.214425
v -3049026.191965 -566988.770993 2526255.344216
v -3047122.264696 -568173.028630 2528285.656982
v -3047675.260894 -565199.248588 2528285.656982
v 3758691.154224 -1062229.771487 862502.379561
v 3758593.737030 -1061051.532054 864375.150752
v 3757991.444839 -1063182.737933 864375.150752
v 1064785.580914 1514075.732676 3545956.774767
v 1062188.705788 1513036.299476 3547179.078612
v 1064685.589418 1511280.346567 3547179.078612
v 2035124.581513 -2091028.596061 2736031.435545
v 2035046.794269 -2089933.775689 2736925.652343
v 2034032.270459 -2090921.176028 2736925.652343
v -1305334.315239 753946.811371 -3705086.709401
v -1306964.812564 753891.949852 -3704523.032689
v -1306101.536848 755386.569100 -3704523.032689
v -2025914.487954 2820334.167862 1985292.533076
v -2026150.824123 2819358.273762 1986437.145957
v -2024914.213411 2820246.561252 1986437.145957
v -3442148.331222 1412098.398166 1468875.597860
v -3441859.030325 1410487.261584 1471099.807079
v -3440810.903052 1413042.189448 1471099.807079
v -3344217.938915 -2130250.936834 -527484.130103
v -3343776.189878 -2131487.068433 -525286.448869
v -3345151.464918 -2129328.064825 -525286.448869
v 2991332.310725 2645676.693344 -228749.422575
v 2990987.686663 2646153.635897 -227736.801287
v 2991763.574419 2645276.379005 -227736.801287
v -2956497.478412 2241168.850508 -1495422.209220
v -2958102.476242 2240586.656432 -1493118.854989
v -2956370.492187 2242871.449250 -1493118.854989
v 2772285.843161 -1322495.653968 -2562311.009414
v 2773677.489106 -1322082.534235 -2561017.809185
v 2772840.435611 -1323837.210364 -2561017.809185
v 1048055.372452 -2473726.173942 -2963487.924747
v 1049764.111862 -2474677.331121 -2962088.679240
v 1047550.024938 -2475615.383894 -2962088.679240
v -2069165.519768 508503.451262 3385259.211467
v -2067852.346309 507039.772900 3386280.995348
v -2067323.496385 509191.730814 3386280.995348
v 1194164.235977 -2507704.841864 -2878435.564834
v 1196356.665470 -2508763.985103 -2876601.657024
v 1193604.601226 -2510074.512818 -2876601.657024
v -1329271.110385 156813.538981 3769409.540360
v -1328393.675553 156122.562179 3769747.530297
v -1328256.971768 157281.367680 3769747.530297
v -2692418.182655 -2419626.974132 -1701849.089390
v -2692331.642482 -2420514.461065 -1700723.598333
v -2693291.419848 -2419446.477422 -1700723.598333
v 3643592.508812 935636.943369 -1359712.704416
v 3643932.903479 936818.888822 -1357985.590144
v 3644460.259991 934765.237297 -1357985.590144
v 512080.078634 3947517.121797 -393553.316617
v 511002.267637 3947847.296136 -391637.658593
v 513206.459691 3947561.363787 -391637.658593
v -1108472.883320 -3559238.305217 -1450211.226347
v -1107520.962023 -3560349.034051 -1448210.662069
v -1109887.144410 -3559612.121041 -1448210.662069
v -386847.889812 3912472.015244 736826.666392
v -388056.190380 3911949.765705 738961.108473
v -385560.710560 3912196.507688 738961.108473
v -3801438.588253 934689.315375 821840.452330
v -3801337.440691 933693.404837 823438.809710
v -3800887.148852 935524.769273 823438.809710
v -2324027.473129 -1057897.068249 3078920.724079
v -2321698.633866 -1058408.549822 3080501.505125
v -2322883.812654 -1055804.905151 3080501.505125
v 3339192.291944 -1386867.648632 1710670.463072
v 3339013.593797 -1386150.131899 1711600.567562
v 3338557.847441 -1387247.442606 1711600.567562
v 2762392.202187 2500329.147460 -1455178.516539
v 2762211.927497 2501356.791079 -1453753.937435
v 2763396.852467 2500047.672438 -1453753.937435
v 16379.427400 3328377.949324 2218475.358999
v 15519.110106 3327559.279196 2219709.300402
v 17231.645633 3327550.851562 2219709.300402
v 742869.169828 -2413374.325726 3102220.530563
v 743630.341001 -2411230.394063 3103704.941257
v 741034.125666 -2412029.544161 3103704.941257
v 1420789.113825 375407.972671 3720272.841809
v 1418129.191388 376222.443356 3721205.334153
v 1418878.677264 373385.898980 3721205.334153
v 2539933.462411 1798746.813855 -2512617.953988
v 2540211.731679 1800044.905196 -2511406.732092
v 2541250.314848 1798578.366312 -2511406.732092
v 2263968.033825 1521697.228656 -2925557.655960
v 2264457.391908 1523221.427553 -2924385.493577
v 2265564.172093 1521574.769523 -2924385.493577
v -1883959.755342 -3363463.652045 1066681.292123
v -1882972.445382 -3363540.342599 1068181.731232
v -1884540.893204 -3362661.815913 1068181.731232
v -3174722.127388 -2144840.738480 1149260.181624
v -3173745.460218 -2145392.800329 1150926.075221
v -3174869.791449 -2143728.602529 1150926.075221
v -582415.429852 3765033.795048 1218734.535721
v -583231.910332 3764426.645430 1220218.689106
v -581453.660736 3764701.723971 1220218.689106
v -2043452.136108 2894428.475412 1856498.936694
v -2043777.676158 2893290.761882 1857913.483288
v -2042271.084705 2894354.407969 1857913.483288
v 509137.731665 -1917748.693467 -3473185.977581
v 510841.314633 -1919256.221343 -3472102.939714
v 508406.239885 -1919902.702521 -3472102.939714
v 1907447.068278 -1030273.621607 3361574.728670
v 1906298.198442 -1028032.769360 3362912.207257
v 1904943.157843 -1030541.489533 3362912.207257
v -79845.182084 3282319.789532 2284732.514345
v -80737.726786 3281392.377730 2286032.939123
v -78908.599622 3281436.872783 2286032.939123
v 2968602.842142 -1387330.899522 2294060.333937
v 2967927.098001 -1385451.716731 2296069.458079
v 2966727.783230 -1388018.003722 2296069.458079
v -1896561.566442 848369.994557 3418087.704096
v -1895754.864867 847071.968323 3418857.052968
v -1895056.226937 848633.798484 3418857.052968
v -2590678.178290 984145.000134 2884414.702884
v -2589462.209815 982083.100462 2886208.798852
v -2588399.910979 984879.511978 2886208.798852
v -3027528.192712 1016946.887165 2408297.078392
v -3026565.566019 1015109.479347 2410281.387344
v -3025651.547069 1017830.583248 2410281.387344
v -1724246.871742 -51325.464540 3608924.957558
v -1722919.256924 -52120.245087 3609547.567416
v -1722968.881954 -50453.123252 3609547.567416
v 2270017.853635 -2910872.004089 -1540728.490009
v 2271135.751275 -2910788.823372 -1539237.468651
v 2269664.789333 -2911935.940066 -1539237.468651
v -632649.482166 2100281.443524 -3344932.553694
v -634006.315831 2101364.995581 -3343994.982777
v -632116.864382 2101934.138580 -3343994.982777
v -3688290.562272 -1388333.284010 -684867.994968
v -3688234.264370 -1389113.316612 -683588.293106
v -3688762.593595 -1387709.740311 -683588.293106
v 2400536.601708 -2081853.887605 2429672.600411
v 2400448.377001 -2080942.329230 2430540.504171
v 2399621.730482 -2081895.515828 2430540.504171
v 1406757.342109 3344738.966733 1683376.719746
v 1405225.668580 3344376.879936 1685374.219858
v 1407569.777306 3343390.975746 1685374.219858
v 3351645.287557 713434.807641 -2063367.710159
v 3352388.813658 714735.785612 -2061708.918454
v 3352854.203940 712549.428669 -2061708.918454
v 2711205.878629 -2902821.102095 -472222.461676
v 2712194.099484 -2902215.058723 -470268.689113
v 2710533.865200 -2903765.700940 -470268.689113
v 363067.224970 -1350340.256354 3747634.464687
v 363461.230862 -1349017.795212 3748072.520712
v 362063.146134 -1349393.699537 3748072.520712
v 808382.717696 2046063.257455 -3340680.075986
v 808066.022443 2047424.101742 -3339922.857314
v 809544.018221 2046840.157800 -3339922.857314
v 2638726.075250 -2795572.198490 -1105397.245298
v 2640108.216854 -2795128.512922 -1103216.881005
v 2638203.411223 -2796926.449062 -1103216.881005
v 3189751.429605 -1573679.312106 1830033.046709
v 3189446.980728 -1572265.586692 1831777.987099
v 3188444.300613 -1574297.957776 1831777.987099
v 2099362.744694 1592646.264500 -3009344.695626
v 2099830.843774 1594356.748187 -3008112.122528
v 2101136.094707 1592636.218498 -3008112.122528
v -1566696.356922 -1234970.119845 3467032.285334
v -1564764.214762 -1234815.165105 3467959.918945
v -1566094.469021 -1233127.590265 3467959.918945
v -254063.898930 3749790.886390 -1369132.223034
v -255671.648861 3750601.449545 -1366610.396215
v -252580.178815 3750810.909474 -1366610.396215
v -1689209.754761 1845079.487115 3121258.306002
v -1689035.183793 1843414.181428 3122336.565090
v -1687566.282552 1844758.991949 3122336.565090
v -1650143.412497 3226498.605283 1693143.300196
v -1650565.258886 3225658.122697 1694333.133804
v -1649215.034291 3226348.674436 1694333.133804
v -97077.339280 -3902978.476900 870250.598606
v -96158.618426 -3902657.718378 871789.744466
v -97978.977757 -3902612.441254 871789.744466
v -2665489.495936 -2904110.614930 -679196.923813
v -2664983.661527 -2904949.524618 -677592.444747
v -2666368.595532 -2903678.386038 -677592.444747
v -1729468.295134 3180432.199186 -1701114.564217
v -1730069.198578 3180514.848945 -1700348.841222
v -1729211.037962 3180981.502999 -1700348.841222
v 1605123.377951 2751780.064733 2418943.389070
v 1603550.662443 2751326.566682 2420501.827929
v 1605502.828255 2750187.861223 2420501.827929
v 3393130.365857 -1924752.414252 884305.054486
v 3393266.467419 -1923851.438775 885742.224258
v 3392426.879778 -1925331.540994 885742.224258
v -2932602.142032 -2569049.319850 894333.060287
v -2931644.219470 -2569549.819021 896034.180127
v -2932972.239276 -2568033.867692 896034.180127
v 691159.912637 -3931163.621659 261250.993010
v 692192.629118 -3930858.577318 263100.238883
v 690085.079771 -3931229.117382 263100.238883
v 298257.224416 -825967.146517 3902412.457152
v 298715.593454 -823554.934675 3902887.181111
v 296363.456790 -824404.292613 3902887.181111
v -2831719.732939 2465465.609666 -1379436.063151
v -2832756.821969 2465126.183686 -1377912.499664
v -2831526.265769 2466539.543605 -1377912.499664
v -2745077.089639 -2338225.452012 -1731258.139158
v -2745001.904537 -2339426.575296 -1729754.051802
v -2746250.963764 -2337960.179545 -1729754.051802
v 217622.784791 1090111.788884 -3842433.745436
v 217231.155458 1091204.501641 -3842145.733501
v 218403.957874 1090970.371041 -3842145.733501
v -2030425.233637 3441949.287111 -174238.842999
v -2031076.393337 3441628.277835 -172986.070092
v -2029829.313280 3442363.937371 -172986.070092
v -1318849.150571 -916911.544476 3663319.817232
v -1316586.034171 -916809.358735 3664159.352424
v -1317965.127700 -914825.725374 3664159.352424
v 2616058.130546 2049862.062306 2225827.064405
v 2615035.013266 2050005.206568 2226897.229313
v 2615952.418898 2048834.402685 2226897.229313
v -1914598.372976 -1806485.848224 3011797.504192
v -1912471.501600 -1806267.361801 3013279.480741
v -1914256.770937 -1804375.249680 3013279.480741
v 1704969.729920 -2047816.097760 2983207.799618
v 1704911.636619 -2046187.852815 2984358.039536
v 1703378.966191 -2047463.922814 2984358.039536
v -1065928.349826 2643913.568131 -2805979.310773
v -1067660.244870 2644856.951941 -2804431.386289
v -1065335.065578 2645794.378397 -2804431.386289
v 559155.442798 3418108.812020 2000969.557432
v 557835.413875 3417295.643019 2002726.134283
v 560147.551429 3416917.409215 2002726.134283
v -904611.113668 -2665498.124669 2841970.969834
v -903778.424534 -2664974.518813 2842726.839914
v -904953.105651 -2664575.858021 2842726.839914
v 3121787.832807 2140226.232839 -1293782.782290
v 3121678.173986 2141432.084870 -1292050.886162
v 3122873.053437 2139689.203639 -1292050.886162
v 1879049.175456 -1159877.533129 -3335245.089418
v 1880910.814452 -1159779.363908 -3334229.721718
v 1879795.814411 -1161585.709706 -3334229.721718
v -3470625.968429 -1622791.742929 1149479.903478
v -3469637.411108 -1623576.763583 1151354.172387
v -3470594.530978 -1621529.794160 1151354.172387
v -2611326.751826 1108483.824467 -2819971.432368
v -2613470.916637 1107855.788832 -2818231.358886
v -2612364.389694 1110462.505630 -2818231.358886
v -3470121.749407 461743.067254 1935213.108095
v -3469407.948864 460618.233469 1936760.366413
v -3469138.647207 462642.106921 1936760.366413
v 2941091.624457 -1465773.737820 -2280677.051593
v 2941826.821329 -1465522.401184 -2279890.228172
v 2941333.592105 -1466512.071215 -2279890.228172
v 366214.316644 3969197.951068 333700.771653
v 365142.087465 3969142.120575 335534.779204
v 367258.229536 3968946.876716 335534.779204
v -223613.802829 3281159.289110 2276838.119683
v -224509.995199 3280146.175960 2278209.288654
v -222588.446117 3280277.131168 2278209.288654
v -2809001.823363 -1797606.303284 2208646.885483
v -2808006.744708 -1797847.965562 2209715.263192
v -2808804.407418 -1796601.510205 2209715.263192
v -2470044.635667 -237017.578444 -3137308.218376
v -2470949.719231 -237828.009973 -3136534.076722
v -2471087.317608 -236394.048260 -3136534.076722
v -3522953.341068 -444049.951331 1841635.516516
v -3521836.624099 -445136.883823 1843508.048813
v -3522141.271669 -442719.905347 1843508.048813
v -1688825.661042 -434208.429466 -3599907.158723
v -1689688.733083 -435137.251659 -3599389.973665
v -1690029.701793 -433811.075867 -3599389.973665
v -1403161.292661 -550571.456116 3705132.958311
v -1401739.257745 -550835.223070 3705631.982612
v -1402298.089815 -549411.009152 3705631.982612
v -1087547.048751 54828.124486 -3848926.865712
v -1089997.929193 53520.555166 -3848251.913335
v -1089853.995734 56375.557225 -3848251.913335
v 1244602.528549 -3624619.073983 -1145907.040570
v 1245899.521958 -3624787.844619 -1143962.103301
v 1243682.803152 -3625549.009799 -1143962.103301
v 3027029.843487 835830.564928 -2477595.438690
v 3027861.277375 837183.851432 -2476122.139203
v 3028437.877661 835095.645587 -2476122.139203
v 3568499.073408 -870460.920418 1583702.156343
v 3568272.551561 -869862.796459 1584540.969491
v 3568022.582116 -870887.558984 1584540.969491
v 592053.141010 -2829905.140968 -2764256.201206
v 593686.308136 -2831194.742577 -2762584.889482
v 591073.921360 -2831741.288033 -2762584.889482
v 3214468.115824 104319.761170 -2378300.342528
v 3215013.646746 104885.109102 -2377537.962809
v 3215049.154925 103790.974036 -2377537.962809
v 2588920.494816 -1709107.169658 2525162.144938
v 2588698.039356 -1708223.569323 2525987.965589
v 2588020.555714 -1709249.807652 2525987.965589
v -2988952.034467 -1744030.643003 2006121.756258
v -2987556.725331 -1744504.019459 2007787.884205
v -2988677.626008 -1742582.999107 2007787.884205
v 1864322.810490 -3538946.305620 -12744.065714
v 1865632.437768 -3538264.369338 -10186.593026
v 1863019.762502 -3539640.731021 -10186.593026
v -1618612.066864 2396570.156986 -2763430.492306
v -1620266.605767 2397046.817700 -2762047.122350
v -1618436.284940 2398282.992393 -2762047.122350
v 3570504.174963 1679964.933112 -655148.522621
v 3570305.716686 1681165.055743 -653148.506295
v 3571302.304640 1679046.963049 -653148.506295
v -698425.294789 863459.429823 -3842738.995116
v -701189.968813 864467.016468 -3842008.910567
v -698832.831896 866373.630710 -3842008.910567
v -1365058.987972 -3546592.091659 1248319.097597
v -1363652.406898 -3546410.194913 1250371.511659
v -1365980.637047 -3545514.075086 1250371.511659
v -3189878.652127 -633633.961798 -2328772.952981
v -3190656.269840 -634787.092372 -2327393.218691
v -3191037.957050 -632865.579391 -2327393.218691
v 1682101.576712 2642274.001552 -2487754.750012
v 1681838.669660 2643706.618141 -2486410.126314
v 1683510.837532 2642642.097121 -2486410.126314
v 2456145.950089 -106837.968359 3155302.824985
v 2454098.859511 -105199.042066 3156950.291997
v 2453964.279986 -108292.951104 3156950.291997
v 3928256.989775 -458473.570016 598833.010344
v 3928084.265182 -457230.791244 600912.618835
v 3927802.712309 -459643.170310 600912.618835
v 223168.722067 -2730773.130314 2914288.401977
v 224522.272635 -2728744.367191 2916084.186907
v 221503.735745 -2728991.053015 2916084.186907
v 799750.301337 -3099029.116323 -2399253.868183
v 800881.722075 -3099725.540737 -2397976.474364
v 799097.172282 -3100186.070206 -2397976.474364
v -2473407.169499 -1619297.064475 2694463.817148
v -2471919.009915 -1619489.759711 2695713.374531
v -2472988.572477 -1617856.048537 2695713.374531
v 2809940.336240 -2054533.834821 -1970565.224945
v 2811191.902908 -2054236.435274 -1969089.645085
v 2810036.502230 -2055816.651143 -1969089.645085
v 1537570.771875 2477007.576869 2738669.756403
v 1535571.361709 2476356.243172 2740380.046439
v 1537874.236461 2474926.763124 2740380.046439
v -2551212.051068 180123.336072 3075528.086375
v -2550562.111067 179559.603965 3076100.066967
v -2550489.350984 180590.155611 3076100.066967
v 3287773.560165 -43088.919256 -2277869.487736
v 3288656.297334 -42216.819975 -2276611.196299
v 3288633.138943 -43983.852990 -2276611.196299
v 2641309.698495 2203920.030962 2041132.027671
v 2640604.721265 2204027.638217 2041927.828456
v 2641289.315229 2203207.179828 2041927.828456
v 794011.148540 3367790.962999 -2006870.977593
v 793413.462802 3368621.100978 -2005713.775748
v 794916.712033 3368266.685677 -2005713.775748
v 2145389.785648 -1086175.436281 3196486.658004
v 2144596.912135 -1084639.734533 3197540.006977
v 2143682.706538 -1086445.453282 3197540.006977
v -349214.962779 -3872108.811765 -940651.101446
v -347972.819321 -3872749.512948 -938471.289870
v -350551.696501 -3872516.931029 -938471.289870
v 3857516.863999 -971744.753858 418660.030750
v 3857556.220714 -971159.573178 419654.061658
v 3857274.291430 -972278.742554 419654.061658
v -3478234.155916 -1873860.034977 -624931.111515
v -3477869.265339 -1875414.347426 -622293.794555
v -3479331.434491 -1872700.288430 -622293.794555
v -3802066.894458 1070972.258600 630322.267923
v -3802071.411416 1070397.398919 631270.782566
v -3801770.699673 1071464.958005 631270.782566
v 319602.358270 3688910.359268 1513207.186667
v 318564.403254 3688351.437721 1514787.671159
v 320528.720148 3688181.251880 1514787.671159
v 961279.527214 3052146.258526 2400072.140716
v 959985.163484 3051439.576749 2401488.369489
v 961935.305434 3050825.375668 2401488.369489
v 2501409.108312 1150173.658998 2901732.997745
v 2499832.081732 1150561.399445 2902938.062100
v 2500676.889259 1148724.103637 2902938.062100
v -2350140.086284 2032973.316111 2518702.714885
v -2349915.713628 2031044.497344 2520467.552597
v -2348199.058822 2033028.969665 2520467.552597
v -2725976.891297 -2794918.786957 -870333.637220
v -2725468.636960 -2796004.155645 -868437.187215
v -2727074.613160 -2794437.793849 -868437.187215
v -2618249.357196 -529924.629079 -2977239.091301
v -2619682.546917 -531587.985242 -2975681.431698
v -2620216.566814 -528949.502001 -2975681.431698
v -977299.142680 -3877570.435295 -96625.043412
v -975986.756895 -3877959.255540 -94256.865006
v -978639.041363 -3877290.776300 -94256.865006
v -508216.310064 -3925105.869664 579016.763456
v -507716.066856 -3925047.006731 579854.040815
v -508685.065399 -3924921.542379 579854.040815
v -1207871.330470 -1694262.430520 -3416214.853638
v -1207928.990377 -1696586.325508 -3415040.944830
v -1210049.441244 -1695074.616481 -3415040.944830
v 2259384.918464 -238822.037700 -3292134.047710
v 2261576.604799 -237606.048056 -3290716.850474
v 2261273.945492 -240469.367871 -3290716.850474
v 1496820.069698 3352015.708689 1588559.433060
v 1495952.261688 3351855.281909 1589714.975889
v 1497279.875355 3351262.444956 1589714.975889
v 3808496.091950 1164737.803352 372486.858500
v 3807814.683931 1166121.996360 375113.202940
v 3808705.476990 1163209.253360 375113.202940
v -3007319.936788 -1586627.069229 2106808.418291
v -3006648.631003 -1586868.795756 2107584.353026
v -3007140.499212 -1585936.500385 2107584.353026
v -307967.764255 -3983372.069743 194693.939174
v -306482.700258 -3983360.660576 197253.952730
v -309433.426563 -3983132.530096 197253.952730
v -3233214.617746 2059462.713072 1142338.737872
v -3233329.197003 2058400.218051 1143928.349620
v -3232300.171906 2060015.716581 1143928.349620
v 1438308.845248 -1062219.364280 -3578122.165841
v 1439486.317581 -1062293.565011 -3577626.597210
v 1438726.121235 -1063322.916542 -3577626.597210
v -1066204.733099 -1743281.345753 3438630.422653
v -1064437.605412 -1742469.681716 3439589.155603
v -1066287.165903 -1741338.475813 3439589.155603
v -2092674.822546 1247577.180790 -3172422.459445
v -2094137.098816 1247442.669050 -3171510.301874
v -2093251.905297 1248927.484754 -3171510.301874
v -358043.907142 489528.746116 3953753.486718
v -357443.539494 490545.483810 3953681.791801
v -358621.628488 490545.483810 3953575.106448
v 1853341.494794 -2735140.376528 2254802.570753
v 1853701.660071 -2733377.545105 2256643.427745
v 1851570.734753 -2734821.468184 2256643.427745
v -2662940.021504 -2964807.874889 -344478.259547
v -2662520.696989 -2965314.672002 -343355.498746
v -2663488.766108 -2964445.168780 -343355.498746
v -1370398.614224 -3436689.874424 -1520254.308510
v -1369402.486436 -3438116.212911 -1517925.081785
v -1372102.883388 -3437039.415069 -1517925.081785
v -633560.754076 93834.953608 -3948391.780627
v -634725.692798 95891.583540 -3948155.262901
v -632380.300006 95891.583540 -3948531.605702
v -566874.939345 -2357931.731015 -3181008.276536
v -565915.677471 -2360251.082879 -3179458.628761
v -568783.638831 -2359561.590727 -3179458.628761
v 1323985.126358 -2978451.828319 -2318596.318677
v 1325007.059132 -2978846.969461 -2317504.654399
v 1323593.757950 -2979475.211868 -2317504.654399
v -1934919.192657 1832396.533577 2983020.881809
v -1934548.303438 1830007.312176 2984727.628880
v -1932513.335878 1832156.136253 2984727.628880
v 900775.697255 3363352.345271 -1968874.642970
v 899618.009506 3365031.807257 -1966532.885032
v 902617.805398 3364228.399538 -1966532.885032
v 3846071.278713 183456.067514 -1083549.886397
v 3846390.105567 184230.054263 -1082286.103040
v 3846462.328138 182715.941580 -1082286.103040
v -409129.811469 1908266.179700 -3491580.675791
v -410948.325811 1910047.771720 -3490392.759264
v -408201.501921 1910636.687224 -3490392.759264
v 467367.318476 -1500517.176228 3678317.299815
v 467980.194745 -1498200.352529 3679183.660212
v 465547.228233 -1498958.150609 3679183.660212
v 513692.054482 -1192406.181322 3783422.976232
v 513973.281174 -1190427.703441 3784007.768785
v 512061.052452 -1191251.497142 3784007.768785
v 2522557.747845 3033978.208895 -657022.898708
v 2522215.590506 3034478.058652 -656027.346407
v 2523111.654896 3033733.038744 -656027.346407
v 897509.166416 -647240.856572 -3843898.958090
v 900226.584328 -647468.940956 -3843225.038619
v 898583.572667 -649747.255144 -3843225.038619
v -3238882.898306 -724831.992715 2232545.387559
v -3237212.352240 -725930.861193 2234610.329624
v -3237840.077074 -723125.897768 2234610.329624
v -1409084.851514 3743580.792798 9126.089603
v -1409688.483371 3743350.634823 10245.051302
v -1408479.273971 3743805.781578 10245.051302
v -200040.321466 -3570741.145946 1791589.500748
v -198972.481002 -3570004.097320 1793176.538331
v -201019.156510 -3569889.438315 1793176.538331
v -3781731.847842 1300785.037494 -80402.633580
v -3782176.992543 1299621.747638 -78246.893169
v -3781367.205168 1301976.017266 -78246.893169
v -844869.769247 2385291.389324 -3097834.925228
v -846168.240448 2386160.197227 -3096811.260782
v -844407.641591 2386783.801016 -3096811.260782
v 2821384.534783 2619708.463658 1084858.926739
v 2820123.238173 2620216.323484 1086910.004636
v 2821797.628540 2618413.031571 1086910.004636
v 3871016.096698 -975620.074397 251793.999867
v 3871088.890105 -975096.041392 252703.153482
v 3870831.825010 -976116.011302 252703.153482
v -3877285.324135 -921037.132309 344020.773269
v -3876931.695103 -921918.500220 345641.558107
v -3877365.838977 -920090.886966 345641.558107
v -3861718.773341 -815479.022744 649709.573388
v -3861438.463528 -816014.008015 650703.144109
v -3861678.696112 -814876.381352 650703.144109
v 3767528.989504 -1217995.262846 567639.098698
v 3767601.147554 -1216983.502699 569327.709224
v 3766995.214443 -1218857.787955 569327.709224
v 1552993.370983 -1864685.760992 3179804.980478
v 1552890.241964 -1863135.324906 3180764.022823
v 1551487.169045 -1864303.866538 3180764.022823
v 538292.289782 -1725494.075312 3568320.837764
v 538896.908954 -1723325.544626 3569277.403491
v 536561.908956 -1724053.980911 3569277.403491
v 1224712.408028 2780136.801727 -2602099.037406
v 1224424.761833 2781031.635503 -2601278.063584
v 1225566.815848 2780528.535180 -2601278.063584
v 835615.130033 2084917.872097 3309813.669959
v 833960.614926 2083832.664086 3310914.198457
v 836062.182183 2082990.376042 3310914.198457
v 1420146.841024 3341345.592927 -1678866.799450
v 1419555.641489 3342330.589244 -1677405.486045
v 1421266.309579 3341603.516926 -1677405.486045
v -1746260.133627 1902700.416762 -3054555.507895
v -1748572.586303 1903122.954981 -3052968.982742
v -1746483.203646 1905040.548316 -3052968.982742
v -3539809.992564 247475.763941 -1846213.338512
v -3541049.667967 246128.468105 -1844014.846620
v -3540850.140128 248982.447126 -1844014.846620
v -1273809.944939 985440.973116 -3661463.521464
v -1275260.861276 985580.256701 -3660920.935993
v -1274309.212982 986810.385237 -3660920.935993
v 1976855.816734 3435039.455070 540875.750398
v 1975793.260495 3435358.428074 542729.230633
v 1977665.446556 3434280.990113 542729.230633
v -63088.605375 -3920302.670776 791989.849408
v -62165.452506 -3920002.175208 793548.692276
v -64001.611095 -3919972.626295 793548.692276
v 21166.894433 -3446822.325201 2029524.400531
v 22211.627639 -3445892.265933 2031091.973887
v 20110.817486 -3445905.166983 2031091.973887
v -1055936.015638 -1488197.687168 3559532.273924
v -1053276.367863 -1487140.665448 3560761.824139
v -1055816.727622 -1485338.178194 3560761.824139
v 659110.458968 -2273467.387070 3224425.683849
v 659726.284258 -2271722.198033 3225529.573979
v 657656.674717 -2272322.207209 3225529.573979
v -1739776.301317 -3354272.558202 -1312263.667694
v -1739027.307240 -3355425.787902 -1310306.724912
v -1741150.428214 -3354324.578775 -1310306.724912
v -1072905.902440 -3448040.815614 -1720432.866659
v -1072055.798346 -3449208.771428 -1718620.669772
v -1074268.607197 -3448520.225148 -1718620.669772
v 1929398.692580 960794.427924 3369613.516988
v 1928324.176249 960944.469884 3370185.766186
v 1928870.941458 959846.495074 3370185.766186
v 3962231.810212 -86258.939268 541553.069265
v 3962025.479035 -85286.276699 543214.141676
v 3961983.344290 -87221.700771 543214.141676
v 1619414.629956 1107097.982743 -3485947.603152
v 1619778.062800 1107992.277432 -3485494.587492
v 1620379.849969 1107112.009415 -3485494.587492
v -2536302.450759 2808229.686664 -1296540.313565
v -2537210.570366 2808023.488696 -1295209.437893
v -2536005.146838 2809112.188335 -1295209.437893
v 44790.733723 3765389.096355 1349014.251556
v 44057.208919 3764971.976579 1350202.090640
v 45514.128777 3764954.645964 1350202.090640
v 1007330.526158 -2483381.183337 -2969529.215442
v 1008316.466590 -2483951.442030 -2968717.532683
v 1007020.451546 -2484477.142846 -2968717.532683
v 3283542.657264 503638.717595 -2228159.782354
v 3283956.777802 504224.716526 -2227416.816043
v 3284113.372524 503203.775462 -2227416.816043
v 3735147.671660 1220345.793658 747950.417547
v 3734426.052987 1221336.501807 749934.008002
v 3735150.182129 1219120.138796 749934.008002
v -518315.593848 -3959898.053965 224848.414672
v -517724.359006 -3959917.453982 225866.571050
v -518891.904310 -3959764.632640 225866.571050
v -3721934.509520 87795.130832 1462702.090390
v -3721209.327884 86589.226257 1464617.809282
v -3721153.274945 88965.501195 1464617.809282
v 3602812.586039 841154.096154 -1520592.668485
v 3603134.282863 842028.103533 -1519346.181595
v 3603488.040825 840512.895268 -1519346.181595
v 3895302.125140 -701512.996649 -578361.113958
v 3895610.779779 -700827.804727 -577111.557055
v 3895352.345091 -702262.819038 -577111.557055
v 3293879.505160 2269193.877917 33457.896092
v 3293088.628685 2270305.411356 35820.435260
v 3294636.301216 2268058.866061 35820.435260
v 1663464.314976 -3628407.446146 259897.954269
v 1664236.100939 -3627942.319111 261445.593891
v 1662608.203007 -3628688.638304 261445.593891
v 3051026.209963 2584281.728225 112824.076095
v 3050136.203625 2585232.827992 115076.588323
v 3051817.924470 2583247.373264 115076.588323
v 1584442.944171 -2874745.838632 -2285908.803369
v 1586156.371425 -2875231.695165 -2284108.754372
v 1583938.747772 -2876453.959096 -2284108.754372
v 2397674.988375 -2896768.083262 1363778.535808
v 2398221.423481 -2895249.758796 1366040.047307
v 2396081.296348 -2897021.156835 1366040.047307
v 3045382.119759 -2576632.683478 294299.754084
v 3045745.698844 -2576071.805957 295445.045083
v 3044889.196671 -2577084.125804 295445.045083
v -2689096.561677 2702478.471120 1210525.544375
v -2689541.223758 2701063.974190 1212692.752270
v -2687679.874882 2702916.106193 1212692.752270
v -2185686.402736 -368045.336760 -3329762.719183
v -2187294.270827 -369614.821377 -3328532.836492
v -2187719.596744 -367088.966598 -3328532.836492
v 844108.722902 3402460.180027 -1926329.643024
v 843548.444789 3403224.455767 -1925224.670338
v 844961.260596 3402873.953458 -1925224.670338
v 3216269.879206 1240731.626639 -2028840.506390
v 3216604.105968 1241640.250495 -2027754.477098
v 3217127.738683 1240282.870628 -2027754.477098
v 1718560.537489 881553.232690 -3502772.408852
v 1719322.686757 882903.401935 -3502058.259496
v 1720101.768669 881384.606042 -3502058.259496
v -586702.541513 -1961662.339732 3436227.994873
v -585076.104463 -1960323.943335 3437268.949207
v -587327.042031 -1959650.723095 3437268.949207
v 2194090.105254 2979217.733414 -1519944.335856
v 2193841.810976 2979889.362882 -1518985.836187
v 2194805.160516 2979179.889496 -1518985.836187
v -2025494.140301 -3269182.833597 -1099917.944726
v -2024690.280943 -3270431.097036 -1097684.883152
v -2026969.756682 -3269018.797697 -1097684.883152
v -3549221.031559 -1813585.682017 -337546.908443
v -3548957.991482 -1814359.553994 -336150.941937
v -3549694.037306 -1812919.098578 -336150.941937
v 747838.976671 3850998.312939 781378.066711
v 746316.191702 3850791.326011 783850.196032
v 749173.613974 3850236.433078 783850.196032
v 3940385.434030 -551196.531063 -411759.133021
v 3940590.927271 -550566.139181 -410634.434098
v 3940410.061026 -551859.113064 -410634.434098
v -183419.580998 3779087.679495 1298019.320828
v -184065.438241 3778682.036713 1299108.374651
v -182737.475939 3778746.489912 1299108.374651
v -1666093.981408 -3061062.884778 1963167.503484
v -1664606.767018 -3060751.489591 1964913.844491
v -1666639.907234 -3059644.879631 1964913.844491
v -229380.742719 -3159222.289569 -2442682.954226
v -228577.408217 -3160205.550638 -2441486.076353
v -230317.685647 -3160079.194816 -2441486.076353
v 313058.062330 790023.433122 3908690.228430
v 311316.109661 788671.765867 3909102.301374
v 313401.345217 787845.461513 3909102.301374
v 3870203.207727 103478.771464 1005395.595656
v 3869797.038313 104346.697442 1006868.252534
v 3869843.997459 102590.381301 1006868.252534
v -983134.096230 1462036.475049 3591086.015772
v -983086.593651 1459728.560842 3592037.772097
v -981014.622836 1461121.840140 3592037.772097
v -511532.521818 -757072.355134 -3894249.209162
v -511631.230427 -758745.690343 -3893910.558325
v -513048.180565 -757788.296941 -3893910.558325
v 732878.437347 -1605502.149285 -3589603.472786
v 734256.517900 -1606387.072935 -3588925.881780
v 732644.216066 -1607123.055287 -3588925.881780
v -699110.363687 1145820.255634 -3768068.863929
v -701358.252726 1146970.789307 -3767301.014234
v -699105.194075 1148345.469712 -3767301.014234
v 1083537.067564 410792.069416 -3828472.126063
v 1084813.961439 412418.419220 -3827935.636555
v 1085571.222375 410421.008963 -3827935.636555
v 1825638.977010 -1330347.456814 3301093.615550
v 1825127.014879 -1328856.262704 3301977.210920
v 1824062.642141 -1330316.903941 3301977.210920
v -2906600.329040 1571667.641480 -2254226.408466
v -2907941.867982 1571249.724370 -2252787.105947
v -2906985.154552 1573019.044740 -2252787.105947
v -2024641.499965 1151407.912184 3251936.261621
v -2023577.259348 1149125.771288 3253405.580366
v -2022136.059019 1151659.985240 3253405.580366
v 3500149.925542 1925685.818023 201706.236897
v 3499723.284619 1926322.361565 203026.765243
v 3500459.221176 1924984.714344 203026.765243
v 196766.481738 -2196767.469210 -3336989.073930
v 197413.884828 -2197544.337087 -3336439.282565
v 196267.446009 -2197647.024666 -3336439.282565
v 2677712.725249 -2383554.319124 1774408.682758
v 2677843.945442 -2381729.489498 1776659.575499
v 2675915.383786 -2383896.058159 1776659.575499
v -1283946.896852 -3666850.229288 -951678.633624
v -1282849.705184 -3667826.486285 -949393.469521
v -1285413.435101 -3666928.796752 -949393.469521
v 2141052.478556 2407275.610017 -2370847.908744
v 2140986.025805 2408734.382478 -2369425.858056
v 2142509.042297 2407379.797975 -2369425.858056
v 1232957.407233 -2887194.606915 2478694.134657
v 1233445.192801 -2885842.646479 2480025.494929
v 1231643.498079 -2886612.048323 2480025.494929
v -3119859.311343 -2136888.573748 -1303911.711937
v -3119789.730576 -2137688.294209 -1302766.842332
v -3120579.852117 -2136534.716022 -1302766.842332
v 3758307.929447 1273060.463299 -504421.964423
v 3758137.292438 1274574.134108 -501864.345886
v 3759092.328191 1271754.693441 -501864.345886
v 484332.403651 -2053731.051724 3398178.021870
v 485282.109866 -2051246.940924 3399542.651509
v 482372.841239 -2051933.035175 3399542.651509
v -42960.567116 2867180.771334 -2788804.278027
v -43575.756383 2867901.301800 -2788053.759084
v -42367.241387 2867919.409653 -2788053.759084
v 2040731.259671 2149907.389114 -2685761.637350
v 2040809.020117 2151492.813525 -2684432.648685
v 2042310.484460 2150067.596218 -2684432.648685
v -1221453.099812 -3805712.389340 156863.109256
v -1220856.997557 -3805859.808388 157923.433498
v -1222023.653271 -3805485.367261 157923.433498
v -3718988.972771 -565938.841199 1359719.342397
v -3717996.857995 -567156.640052 1361923.327923
v -3718404.016990 -564481.050916 1361923.327923
v 3412071.579360 -1343963.829265 1597350.973562
v 3411790.298294 -1342763.697943 1598960.281459
v 3411047.406066 -1344649.761691 1598960.281459
v -2645248.688571 -2023795.994705 2215155.083561
v -2643229.480763 -2024106.985897 2217280.252548
v -2645020.693836 -2021765.740017 2217280.252548
v 3941651.737754 -650379.368708 200974.964507
v 3941759.844076 -648959.974855 203428.031228
v 3941298.123284 -651758.253290 203428.031228
v 1791761.361091 -2470854.098619 -2585434.704699
v 1793244.661089 -2471176.713094 -2584097.637881
v 1791607.083232 -2472364.216934 -2584097.637881
v 2735970.258673 -976883.009678 -2749575.760118
v 2736890.415147 -976541.122621 -2748781.334128
v 2736465.791837 -977730.371218 -2748781.334128
v -2975579.238093 -2339298.912828 -1293680.768238
v -2975414.964985 -2340343.778338 -1292167.915220
v -2976555.799762 -2338892.640880 -1292167.915220
v -2492105.169836 -3127152.491009 -101637.741367
v -2491416.407867 -3127752.198105 -100057.882374
v -2492843.465800 -3126614.940340 -100057.882374
v -3071105.364369 -2496625.119754 578943.429745
v -3070532.283902 -2497053.816943 580133.063414
v -3071408.014247 -2495976.578658 580133.063414
v -2712568.124429 147138.301491 2936039.231866
v -2711124.352813 145870.686829 2937435.678736
v -2710995.708525 148242.308573 2937435.678736
v -2502820.142189 -405680.086571 3093754.624128
v -2500721.380456 -406773.720528 3095307.801916
v -2501174.294701 -403979.491943 3095307.801916
v 985864.279357 -3199761.157235 -2188515.995205
v 987414.301904 -3200527.936882 -2186695.228758
v 985014.560194 -3201267.310703 -2186695.228758
v 3761347.589997 -1041805.968005 -875732.680923
v 3762310.129517 -1040491.387628 -873157.063563
v 3761496.636436 -1043428.431889 -873157.063563
v 2098707.452079 -2485244.495617 -2327871.943983
v 2099907.373225 -2485350.303499 -2326676.568138
v 2098610.830404 -2486445.191380 -2326676.568138
v -2852234.307095 -2434342.692526 -1392384.828300
v -2852130.174649 -2434971.454885 -1391498.429045
v -2852838.899935 -2434141.066221 -1391498.429045
v 2638596.602371 -2702822.468628 1316267.795128
v 2639007.013999 -2701389.334228 1318385.330753
v 2637154.014064 -2703198.302219 1318385.330753
v -450238.822054 -3716967.692255 1407635.834998
v -448788.947427 -3716307.434740 1409840.415499
v -451489.123088 -3715980.360628 1409840.415499
v -1366640.351154 3036275.327794 -2216602.679029
v -1367854.107056 3036707.097043 -2215262.129134
v -1366158.747030 3037470.185753 -2215262.129134
v -3292226.894352 2192279.869386 595946.493623
v -3292544.902827 2191364.849402 597552.786367
v -3291505.261134 2192926.117372 597552.786367
v 1940394.213131 -1985691.684868 -2879566.103934
v 1942392.927684 -1985934.354170 -2878050.828590
v 1940590.703375 -1987695.466253 -2878050.828590
v -225936.791750 3396595.903031 2100497.988434
v -227333.837611 3395143.438010 2102694.300952
v -224359.673873 3395341.275207 2102694.300952
v 1223025.813068 3179499.234430 -2096423.928444
v 1222552.615351 3180438.556564 -2095274.802861
v 1224006.524748 3179879.295941 -2095274.802861
v 2837362.728307 -2746611.494284 -636789.013075
v 2838509.939343 -2745934.416090 -634592.551465
v 2836723.286992 -2747780.101510 -634592.551465
v 1228238.573282 1988269.860407 3246261.630097
v 1226496.244608 1987534.824961 3247370.302753
v 1228361.127128 1986382.807977 3247370.302753
v 2950395.443038 -2483936.640599 1060766.649741
v 2950553.609396 -2483362.832657 1061669.830715
v 2949856.982587 -2484190.279109 1061669.830715
v -2716951.096447 -43397.958259 2935352.711376
v -2715303.777370 -44651.453251 2936857.815366
v -2715344.651770 -42092.490780 2936857.815366
v -1944427.534847 -3436541.134840 -639833.871278
v -1943861.579913 -3437106.447989 -638515.634774
v -1945203.580347 -3436347.131428 -638515.634774
v 2795533.207892 631428.509444 2790392.944571
v 2794545.783919 631928.970167 2791268.582974
v 2794856.749645 630552.226796 2791268.582974
v 2767668.366513 -707647.760907 -2799865.977209
v 2769811.968892 -706639.696575 -2798000.183510
v 2769065.035320 -709561.014967 -2798000.183510
v -1619256.303207 2843197.528899 -2300921.166253
v -1620640.283164 2843574.096410 -2299480.986631
v -1618874.110615 2844579.966035 -2299480.986631
v 432600.686955 192193.895067 3971891.165577
v 433565.376160 193888.200436 3971703.628056
v 431618.244286 193888.200436 3971915.700983
v -2548481.798050 3018683.526787 626730.580200
v -2548973.517646 3017971.322086 628159.243671
v -2547697.209575 3019048.827515 628159.243671
v 2152191.403837 2862657.147405 -1781366.902264
v 2151798.463824 2864080.155191 -1779553.331167
v 2153667.559816 2862674.938946 -1779553.331167
v 1368419.039784 -1313749.870604 3521575.192166
v 1368028.304532 -1312046.022129 3522362.136237
v 1366700.684761 -1313428.888238 3522362.136237
v 2990332.854345 -2229159.054842 1445254.762615
v 2990449.764510 -2227718.492676 1447232.712340
v 2988985.678388 -2229682.509027 1447232.712340
v -3934500.423570 302256.821629 -654483.809572
v -3934920.093581 301115.300140 -652483.915019
v -3934740.809870 303449.050070 -652483.915019
v 2290456.325989 3154607.135555 -895692.515656
v 2289851.161504 3155544.587656 -893935.935607
v 2291535.079775 3154321.950069 -893935.935607
v -586441.900032 -3682723.790630 -1446939.189120
v -585456.707317 -3683583.116990 -1445149.646648
v -587645.276021 -3683234.606360 -1445149.646648
v 798398.801456 -361512.617317 3902802.680474
v 797535.982293 -360281.622358 3903092.913429
v 796904.474752 -361676.303595 3903092.913429
v 3312222.186165 -327356.388371 2218563.624057
v 3311030.776094 -325843.701311 2220563.813873
v 3310757.712220 -328606.586821 2220563.813873
v 824078.693319 520598.851063 -3879416.672091
v 825309.251785 523019.070612 -3878829.496483
v 826792.838427 520670.636422 -3878829.496483
v -1559957.238774 2466415.652905 -2735567.670393
v -1562260.846644 2467142.122098 -2733597.270130
v -1559626.430701 2468808.336070 -2733597.270130
v 2964208.138266 -1832127.595240 1963868.707932
v 2963983.594037 -1830655.880965 1965579.307453
v 2962791.345125 -1832584.826272 1965579.307453
v 2383110.483039 -3169501.159473 524449.413806
v 2383455.705158 -3169093.395580 525343.995435
v 2382622.893497 -3169719.576831 525343.995435
v 2642894.081791 2261404.955719 1975135.384051
v 2641616.763592 2261604.839742 1976614.709487
v 2642894.039939 2260112.092462 1976614.709487
v -2812774.575042 -86360.259968 2842682.294689
v -2811422.001980 -87391.483309 2843988.500047
v -2811487.813030 -85248.001457 2843988.500047
v 1488125.265690 3399134.138461 1493777.315547
v 1487509.302556 3399033.681441 1494619.173336
v 1488469.276386 3398613.409321 1494619.173336
v -3578347.858026 -575658.492924 1692349.040957
v -3577453.035436 -576541.178319 1693939.614873
v -3577775.018540 -574539.700763 1693939.614873
v -563732.372562 3048513.665045 -2527601.794305
v -564515.096001 3049105.639324 -2526712.902373
v -563213.107582 3049346.403546 -2526712.902373
v -3581667.164359 1576428.260427 828574.507853
v -3581744.357890 1575322.274746 830342.421492
v -3580903.725490 1577232.203373 830342.421492
v -3741395.070257 -997332.209243 -1003639.451490
v -3741517.054954 -998143.951549 -1002376.942754
v -3741904.925061 -996688.894456 -1002376.942754
v -1143318.332096 1773311.180875 -3398263.054338
v -1144832.092277 1773953.286960 -3397418.189645
v -1143278.397867 1774955.010357 -3397418.189645
v 3360747.348522 1813435.563826 -1190307.384125
v 3360714.774515 1815109.100165 -1187845.996825
v 3362128.251207 1812489.576130 -1187845.996825
v 1271526.806925 -3624158.702976 1117450.590895
v 1272609.491273 -3623068.977182 1119749.444016
v 1270000.605553 -3623984.298061 1119749.444016
v 1471635.293148 -695184.726732 -3653903.391489
v 1474039.982932 -694888.939918 -3652990.244232
v 1472934.090680 -697230.001228 -3652990.244232
v 2741576.675831 -2911825.096828 70940.737596
v 2742070.982892 -2911329.846150 72151.950044
v 2741052.578119 -2912288.706892 72151.950044
v -3204196.857409 -562399.078401 2327408.551880
v -3203298.480765 -563023.759898 2328493.908230
v -3203564.913103 -561505.795712 2328493.908230
v 2226580.834615 3311199.076805 -279819.352404
v 2226158.456871 3311563.813040 -278862.056110
v 2227077.961567 3310945.501822 -278862.056110
v -3557307.550317 -1825649.810255 -112111.216727
v -3556669.876486 -1827053.467258 -109444.869602
v -3558076.139926 -1824313.340687 -109444.869602
v 3829040.052367 167387.580372 -1144742.105460
v 3829392.291566 168184.427091 -1143446.320759
v 3829460.483736 166624.511167 -1143446.320759
v 643179.408154 -131017.721393 -3945777.184062
v 641717.238549 -128429.388554 -3946100.335575
v 644668.511367 -128429.388554 -3945619.264847
v -1012797.901074 3197548.821585 -2179432.065919
v -1014382.758117 3198313.297108 -2177572.469123
v -1011942.179224 3199086.330865 -2177572.469123
v 2274102.660155 438045.119182 3261376.271307
v 2272366.137760 438832.573754 3262480.609369
v 2272782.901358 436668.953695 3262480.609369
v 2886403.516022 -2606269.761232 -935967.676605
v 2887814.137245 -2605585.049337 -933519.617651
v 2885865.870822 -2607742.724317 -933519.617651
v -1089112.119736 -616728.254212 -3799142.423421
v -1090290.700156 -618838.639368 -3798461.139702
v -1091528.143407 -616653.374735 -3798461.139702
v 3582917.176328 -121.688880 1778399.658942
v 3582300.563812 678.694406 1779641.273967
v 3582300.509446 -922.030279 1779641.273967
v -3560570.687846 649931.164984 -1702917.466176
v -3561689.101776 648878.299402 -1700979.051529
v -3561244.998446 651311.266744 -1700979.051529
v 2219383.289292 -3262777.573230 -654692.516232
v 2220581.091351 -3262378.470148 -652616.504644
v 2218572.083882 -3263745.022880 -652616.504644
v 3308908.780044 -1657788.059974 1517518.336218
v 3308826.013986 -1657084.525562 1518466.908267
v 3308295.720192 -1658142.980399 1518466.908267
v -3370050.136309 -2152827.198155 -89992.009476
v -3369526.537591 -2153720.761794 -88199.890851
v -3370640.805237 -2151976.479746 -88199.890851
v -1680108.867159 3549866.482283 -758737.870711
v -1681014.988329 3549752.629792 -757262.094819
v -1679446.352630 3550495.046094 -757262.094819
v -1178601.541756 3652993.927299 1125404.835991
v -1179648.238638 3651986.947322 1127574.228843
v -1177163.693506 3652788.560678 1127574.228843
v -2474830.127790 -2396439.047653 2032805.627515
v -2472840.873710 -2396597.180688 2035038.809578
v -2474924.171229 -2394445.735413 2035038.809578
v -1726187.118855 1655725.477861 3206064.824194
v -1726000.404011 1654711.323047 3206688.872808
v -1725166.067154 1655581.166239 3206688.872808
v -1511043.233332 2991320.971365 2183746.320574
v -1511404.096888 2990318.139068 2184869.763255
v -1510021.913620 2991016.338524 2184869.763255
v -294589.459925 3910332.487980 788997.939557
v -295371.949525 3909997.248151 790365.609023
v -293765.575991 3910118.266175 790365.609023
v -449554.113983 -3648541.485491 -1576720.302243
v -448856.957898 -3649154.689782 -1575499.370234
v -450379.270139 -3648967.118465 -1575499.370234
v -2116114.880918 1585795.723987 3001218.240551
v -2115697.844431 1584300.263630 3002301.866994
v -2114562.483578 1585815.309963 3002301.866994
v -450278.660080 -3811299.999151 -1127494.102034
v -449284.272719 -3811939.302935 -1125728.163605
v -451394.649869 -3811689.976512 -1125728.163605
v -676697.825199 -3419327.656754 -1962212.848915
v -676051.905611 -3420140.768502 -1961018.046788
v -677604.761542 -3419833.452463 -1961018.046788
v -1601656.533359 -3015472.391759 2083656.482736
v -1600166.355318 -3015098.092692 2085342.384606
v -1602180.791308 -3014028.132784 2085342.384606
v 3028353.412714 1875774.751505 1819490.554934
v 3027222.780073 1876185.750160 1820947.682066
v 3028217.755390 1874579.407558 1820947.682066
v -3602765.578013 1103190.888694 -1342778.055338
v -3604006.120346 1102040.990572 -1340391.134107
v -3603149.585471 1104838.234815 -1340391.134107
v -1560533.249277 -2944375.441528 2212552.830195
v -1559508.216841 -2944084.233297 2213662.787779
v -1560867.709654 -2943363.695520 2213662.787779
v 39973.675012 -2461258.876954 -3152873.271750
v 41512.235613 -2463288.738865 -3151267.736156
v 38501.843062 -2463337.631102 -3151267.736156
v 1114910.474801 -2773476.567594 -2657970.046398
v 1116732.983792 -2774409.303909 -2656230.950530
v 1114240.623401 -2775411.208429 -2656230.950530
v -763595.400574 3603269.038803 1559928.442470
v -764730.856578 3602092.086409 1562088.910825
v -762080.151656 3602653.816900 1562088.910825
v 1523441.279648 595224.937528 -3650320.046742
v 1524959.321253 597288.837455 -3649348.930358
v 1525956.413159 594736.842615 -3649348.930358
v 882572.168679 1175960.533925 3719971.145286
v 880337.978604 1175090.209370 3720775.480356
v 882360.666261 1173572.158568 3720775.480356
v 3190059.277987 -1019538.918141 2187250.562879
v 3189187.993994 -1017731.703721 2189361.766718
v 3188301.380511 -1020505.849483 2189361.766718
v 375012.482580 -841589.781659 3892440.448698
v 375132.138500 -840565.248343 3892650.293986
v 374170.670860 -840993.678410 3892650.293986
v 3703332.564558 -1494935.726655 -224712.263670
v 3703620.251308 -1494383.621557 -223640.644090
v 3703156.347202 -1495532.828948 -223640.644090
v 1831064.660722 -3463592.224380 -806680.019971
v 1832191.078325 -3463421.154090 -804854.834731
v 1830288.971509 -3464426.722975 -804854.834731
v 1354987.808847 725269.256505 3692965.405456
v 1353405.645437 725375.957784 3693524.579744
v 1354199.123985 723893.537635 3693524.579744
v 3565258.971413 -1749322.800649 478328.920386
v 3565389.298557 -1748815.913481 479210.184225
v 3564937.821706 -1749736.059203 479210.184225
v 3874585.945025 145275.335558 983096.791822
v 3874310.791531 145859.511415 984094.184584
v 3874355.309250 144672.195428 984094.184584
v 1154399.326078 -3825833.329347 -174247.054969
v 1155001.354111 -3825699.939291 -173182.997558
v 1153823.994062 -3826055.193567 -173182.997558
v -3818100.742436 433132.909628 1111082.228609
v -3817766.181824 432174.435225 1112604.041845
v -3817559.983910 433992.086094 1112604.041845
v -2507511.043542 2868615.273314 1217964.188724
v -2508005.672674 2867327.328513 1219976.852935
v -2506168.519639 2868933.218842 1219976.852935
v 3185159.487765 -575574.441230 -2350207.597301
v 3186821.313224 -574442.079572 -2348231.007587
v 3186319.907754 -577216.796926 -2348231.007587
v -24166.556222 3897182.989482 900767.262367
v -25002.744333 3896850.498296 902181.796295
v -23326.308996 3896860.893925 902181.796295
v 1896378.510430 1696362.619557 3086438.770265
v 1894406.649413 1696189.524642 3087744.551857
v 1895987.607788 1694422.157540 3087744.551857
v -1653.685249 -3999768.640020 43014.216850
v -389.428726 -3999744.815391 45203.885010
v -2917.921638 -3999743.769998 45203.885010
v 623883.995964 1834213.063056 3499490.213361
v 622958.754404 1833495.460279 3500031.048711
v 624179.803618 1833080.136085 3500031.048711
v -2201704.787902 8222.442222 3339525.264548
v -2200758.182265 7562.692737 3340150.715616
v -2200753.280964 8875.103054 3340150.715616
v -907610.055237 2096933.091547 3283156.486235
v -907902.543641 2095522.371280 3283976.229904
v -906381.349864 2096180.785597 3283976.229904
v 2139091.324578 -131769.083022 -3377414.057401
v 2140023.919491 -131212.247066 -3376844.898934
v 2139948.525155 -132436.171264 -3376844.898934
v -1806750.812104 2568846.081799 -2477233.013504
v -1808548.052731 2569224.030774 -2475529.016750
v -1806498.889282 2570665.272330 -2475529.016750
v -2609872.603058 1640293.540245 2549118.381170
v -2609329.434623 1638359.825557 2550917.365789
v -2607894.637227 1640642.733050 2550917.365789
v -3564867.644822 -1317111.696506 -1247772.433174
v -3564974.153831 -1317860.881155 -1246676.610662
v -3565435.676143 -1316611.734282 -1246676.610662
v 802222.856685 2823397.651347 2717510.818683
v 801192.534658 2822708.232768 2718530.782262
v 802736.737722 2822269.472400 2718530.782262
v -209515.032086 3111142.850237 -2505373.131473
v -210400.038899 3111981.823481 -2504256.749031
v -208750.504811 3112092.908765 -2504256.749031
v 803012.643599 3653645.540093 -1416349.558719
v 802241.246549 3654387.852933 -1414870.846942
v 804024.211451 3653995.985867 -1414870.846942
v -380217.328674 3952257.903295 484864.203249
v -381081.427390 3951987.496647 486387.519139
v -379317.527111 3952157.188369 486387.519139
v 877953.044013 1741526.814958 3492317.932605
v 876156.698767 1740499.046786 3493281.300493
v 878195.087896 1739471.437033 3493281.300493
v 3445837.959640 -555167.035191 1953968.350189
v 3445010.182040 -553794.842980 1955816.482199
v 3444621.100841 -556209.811237 1955816.482199
v -3200045.088256 -1673942.648607 -1719775.710659
v -3200219.244471 -1675036.486774 -1718386.047407
v -3201042.921871 -1673461.877977 -1718386.047407
v 1384838.216676 3746584.849522 -212902.932412
v 1383577.698328 3747186.451850 -210497.095728
v 1386186.981123 3746221.990967 -210497.095728
v 36612.830328 -1541354.527527 -3690919.403292
v 37121.541711 -1542126.156829 -3690591.988831
v 36141.330075 -1542149.440455 -3690591.988831
v 3023651.647627 62718.404692 2617937.679368
v 3022891.921837 63360.914042 2618799.419769
v 3022919.218477 62044.944164 2618799.419769
v 341115.032685 -3375868.075632 2118290.729851
v 341574.709713 -3375352.037818 2119038.858596
v 340561.415296 -3375454.426285 2119038.858596
v 404439.989387 3969485.821358 282155.264568
v 403574.560439 3969468.109475 283639.712117
v 405284.062742 3969293.932988 283639.712117
v 651426.065228 335621.057880 3932302.544136
v 652129.358577 336881.891247 3932078.153161
v 650687.982685 336881.891247 3932316.931794
v 487530.011108 -3856307.886386 944037.282972
v 488796.838113 -3855591.972803 946303.655377
v 486124.872852 -3855929.773438 946303.655377
v 2803548.923419 -1957540.548011 2075608.192211
v 2803411.300548 -1956425.504780 2076845.024274
v 2802454.726839 -1957795.489782 2076845.024274
v 3149625.171548 1539471.500186 -1926107.856319
v 3150065.404458 1541269.166415 -1923949.063639
v 3151314.068335 1538714.508421 -1923949.063639
v -3170776.786420 -1533966.825367 -1895553.578322
v -3171232.408587 -1535858.758059 -1893258.013268
v -3172542.972471 -1533149.764963 -1893258.013268
v 1981689.068377 3121467.173557 -1526221.840740
v 1981090.603300 3122801.788135 -1524267.364973
v 1983151.486812 3121493.419313 -1524267.364973
v -2545253.325421 2092563.153153 -2267789.253704
v -2547391.079788 2092334.188588 -2265599.141388
v -2545442.069917 2094704.833340 -2265599.141388
v -1270101.191345 -427977.441551 -3768776.892591
v -1271160.042177 -429244.812418 -3768275.737125
v -1271711.131210 -427609.355106 -3768275.737125
v -2838405.944824 2707420.623511 -783152.649163
v -2839763.908675 2706708.990516 -780685.721424
v -2837759.216318 2708810.670121 -780685.721424
v -3247574.689188 2323779.717904 230883.007986
v -3247881.874285 2323244.612548 231944.613027
v -3247167.364197 2324243.168848 231944.613027
v 83405.327282 3295834.272371 2265065.197744
v 82880.755890 3295345.066165 2265796.112799
v 83904.483085 3295319.159431 2265796.112799
v 77687.088590 2412491.455371 -3189647.561425
v 76555.467087 2414164.895902 -3188408.535281
v 78924.030283 2414088.623392 -3188408.535281
v 952289.823715 -3497353.650138 -1691645.449506
v 953963.445309 -3497995.005978 -1689374.876209
v 951172.401158 -3498754.975718 -1689374.876209
v 263934.115644 2122586.940500 3380083.591826
v 262639.148260 2121119.343357 3381105.593453
v 264830.226832 2120846.892616 3381105.593453
v -1901505.954084 2687150.041068 2272333.757676
v -1901714.261211 2685988.629244 2273532.250735
v -1900341.396246 2686960.108643 2273532.250735
v 2444774.753815 -1152723.184424 2948610.920130
v 2444248.672869 -1151676.887986 2949455.791487
v 2443632.830567 -1152983.008773 2949455.791487
v 2694918.429593 2001827.824453 -2174879.537925
v 2695055.483680 2003000.503973 -2173629.661724
v 2696080.711746 2001620.312342 -2173629.661724
v -1114733.058285 -3048456.650972 -2337580.748817
v -1114105.212623 -3049829.383979 -2336088.997681
v -1116098.331206 -3049100.557747 -2336088.997681
v 3260963.395853 -955536.009499 2110230.261616
v 3260055.372426 -953683.235940 2112470.199942
v 3259199.021428 -956605.710061 2112470.199942
v 3434015.117881 -1209745.885105 -1656519.901678
v 3435557.531663 -1208667.182643 -1654107.375330
v 3434540.850046 -1211553.160670 -1654107.375330
v 3419318.321249 -1659758.953144 1246380.551687
v 3419257.173658 -1658352.946323 1248418.171092
v 3418175.809677 -1660580.696120 1248418.171092
v -869576.288095 -2350374.640286 -3117623.563213
v -869274.090753 -2351412.807784 -3116924.913265
v -870481.415286 -2350966.129723 -3116924.913265
v 2722561.649234 2787903.518394 -902914.461677
v 2721957.022248 2789239.031570 -900609.838135
v 2723911.123947 2787330.729396 -900609.838135
v -657833.222844 -281365.699461 -3935490.980833
v -658428.230642 -280344.117478 -3935464.382636
v -657261.910588 -280344.117478 -3935659.337747
v -2828108.377496 1982262.606466 2018028.494174
v -2827983.081769 1981096.739341 2019348.518138
v -2826969.701031 1982542.536959 2019348.518138
v -849096.765696 -3877026.750569 -497695.205322
v -847884.991529 -3877578.473127 -495457.854236
v -850428.218556 -3877021.488102 -495457.854236
v -1619247.851447 2450977.469007 -2714911.852208
v -1620176.391226 2451246.509389 -2714114.871326
v -1619131.050149 2451937.118060 -2714114.871326
v 1666696.017152 562741.822414 -3592415.155357
v 1667483.256003 563727.752701 -3591895.214574
v 1667919.778871 562434.884645 -3591895.214574
v -3556388.155270 34785.296551 -1830544.961837
v -3557262.502246 33703.493583 -1828865.536247
v -3557241.174600 35883.995018 -1828865.536247
v -3301023.224620 -1696801.656523 1491345.259369
v -3300187.974035 -1697282.463610 1492646.122970
v -3300928.091398 -1695842.610819 1492646.122970
v 943080.163355 -2054556.931901 3299908.720390
v 943457.563346 -2052484.872424 3301090.065174
v 941262.938570 -2053492.246355 3301090.065174
v 3440423.893138 -769856.333911 1889657.858463
v 3439684.564289 -768386.246445 1891601.130196
v 3439128.528878 -770871.122428 1891601.130196
v 991861.731019 -1375755.287365 -3622638.406176
v 993585.409244 -1376440.876466 -3621905.558425
v 991967.547461 -1377607.286803 -3621905.558425
v -3734005.215888 -853858.274062 1152446.079584
v -3733431.625985 -854556.098872 1153786.392168
v -3733791.917120 -852980.510723 1153786.392168
v 2754340.684224 -1683327.454895 2362205.955635
v 2754051.495226 -1682186.798513 2363355.419425
v 2753193.689455 -1683590.381236 2363355.419425
v -616373.000267 3821432.439117 1008335.978192
v -617750.985199 3820544.890044 1010852.843108
v -614785.843298 3821023.148770 1010852.843108
v -3981227.872211 293033.041990 -252898.434913
v -3981411.294581 292036.666252 -251157.403710
v -3981263.434380 294045.535798 -251157.403710
v -3756465.591879 1115890.154988 -802345.137534
v -3757276.309935 1114760.701137 -800115.998215
v -3756528.215192 1117279.042344 -800115.998215
v 2967729.600240 2672000.805284 230204.638901
v 2966951.697207 2672708.129849 232013.659887
v 2968351.688123 2671153.192262 232013.659887
v 2995514.046126 -62981.973676 -2650081.456215
v 2997222.533651 -61554.539957 -2648182.579880
v 2997161.025486 -64479.957531 -2648182.579880
v 3991368.829473 74911.776653 251721.304715
v 3991288.672913 75536.312346 252803.317597
v 3991312.164233 74284.673028 252803.317597
v 1467063.421815 3304316.226215 -1711496.286231
v 1466751.793575 3304866.464571 -1710700.783779
v 1467680.563338 3304454.105688 -1710700.783779
v -3259232.421103 -1875791.405308 -1363382.290256
v -3259241.143321 -1876596.009174 -1362253.731279
v -3259932.509294 -1875394.744264 -1362253.731279
v 1830318.776931 -1861569.764045 -3030592.842279
v 1832209.217965 -1861841.149172 -3029283.529821
v 1830558.121166 -1863464.528285 -3029283.529821
v -2260142.384298 1900583.282553 -2698062.305300
v -2261186.196821 1900574.061634 -2697194.066808
v -2260312.369926 1901613.202208 -2697194.066808
v -1591285.575923 -443292.812318 3642980.180743
v -1588648.816244 -444088.878601 3644033.878176
v -1589440.179097 -441248.128067 3644033.878176
v -84647.712220 1824796.607960 -3558504.407101
v -85787.063557 1826385.571251 -3557661.849551
v -83660.353133 1826484.223984 -3557661.849551
v 3721301.381393 1453635.882172 -197128.583368
v 3721063.916026 1454438.500818 -195685.736898
v 3721670.824639 1452884.817473 -195685.736898
v -2862911.141321 1151203.274355 2545284.191805
v -2862408.129737 1150166.662262 2546318.351431
v -2861830.526529 1151603.095511 2546318.351431
v 687722.903852 2617026.252545 2945880.425749
v 686799.434905 2616325.607664 2946718.095215
v 688182.612022 2615962.125417 2946718.095215
v 37978.207479 3759543.643004 1365426.998642
v 36863.798312 3758899.261885 1367230.425283
v 39079.371720 3758876.880576 1367230.425283
v -1581424.047640 3613964.341218 662089.313789
v -1582528.912439 3613048.131171 664445.618925
v -1580001.327618 3614154.169593 664445.618925
v -3684452.556089 737165.658591 -1371640.074134
v -3684845.165456 736729.811691 -1370819.328146
v -3684647.251847 737719.010374 -1370819.328146
v -847498.974716 2787449.566320 -2740779.424175
v -848856.069939 2788329.616468 -2739463.956926
v -846861.410355 2788936.074778 -2739463.956926
v 980728.706530 -2840863.885100 2639633.620886
v 981440.148857 -2839113.940875 2641251.469823
v 979089.206825 -2839925.537781 2641251.469823
v 1043819.970408 -1500872.996164 -3557783.451938
v 1046358.640065 -1501908.450496 -3556600.564399
v 1043907.262741 -1503613.322669 -3556600.564399
v -2743581.301064 2555172.272731 1394222.795614
v -2743778.315069 2554231.401153 1395558.458030
v -2742656.798457 2555435.614285 1395558.458030
v -3741351.911188 892015.582908 -1098451.468480
v -3742100.775867 891084.992864 -1096654.398972
v -3741600.341445 893183.948667 -1096654.398972
v -3304569.532564 2235066.711968 290342.704856
v -3305111.783365 2233996.640475 292398.697819
v -3303778.219501 2235968.328609 292398.697819
v -3034909.069618 -847953.771294 2463798.543711
v -3033351.361409 -848765.472973 2465436.799664
v -3033997.688371 -846452.205877 2465436.799664
v 1289821.986944 1057854.340966 3635561.349823
v 1287094.566317 1057522.444706 3636624.361851
v 1288962.741333 1055244.613895 3636624.361851
v 180201.822335 3963877.913534 -505172.796331
v 179684.836358 3964015.743290 -504274.638306
v 180729.181716 3963968.266314 -504274.638306
v -2783497.293229 277903.917291 -2859180.610925
v -2784925.096451 276968.361826 -2857880.730224
v -2784711.945065 279103.295040 -2857880.730224
v 272101.265043 2739826.744508 2901604.902497
v 271291.114501 2738993.116787 2902467.663198
v 272731.626959 2738850.054726 2902467.663198
v 1247820.685617 -3742299.435460 -661921.127136
v 1248767.383920 -3742258.594067 -660364.855656
v 1247038.921938 -3742834.927055 -660364.855656
v -442135.490096 -1597124.723245 -3640564.400815
v -441865.396185 -1598012.802238 -3640207.464583
v -442823.831008 -1597747.476654 -3640207.464583
v -2697197.827188 2531987.151609 -1521238.286068
v -2698195.001191 2531748.650498 -1519866.271785
v -2697022.748261 2532997.392244 -1519866.271785
v 1468172.700150 3126355.205864 2017516.440619
v 1467361.132778 3126122.565473 2018467.128911
v 1468511.966973 3125582.120375 2018467.128911
v -168616.900774 -2103914.725755 -3397810.180489
v -167330.244231 -2106177.169874 -3396471.871436
v -170247.463945 -2105943.371164 -3396471.871436
v 1221416.689321 -3661365.338062 1050022.933174
v 1222628.991494 -3660237.469623 1052541.230975
v 1219770.044023 -3661191.202952 1052541.230975
v 695390.113307 -3368579.280354 2041839.558038
v 696498.925298 -3367098.975760 2043902.221944
v 693785.752329 -3367659.067568 2043902.221944
v -2555696.922966 -1417395.775244 -2731190.842422
v -2556163.578446 -1418626.593962 -2730114.889625
v -2556988.121153 -1417139.866475 -2730114.889625
v 3146528.833874 -2370154.004594 -694065.673788
v 3147207.478287 -2369655.425487 -692689.772164
v 3146236.925036 -2370943.896103 -692689.772164
v -3560798.199647 -878070.279052 -1596781.490237
v -3561372.157456 -879582.367655 -1594667.857465
v -3562009.350719 -876998.386990 -1594667.857465
v -3837215.698919 99303.430924 -1125129.373250
v -3837776.623595 98222.862181 -1123309.598746
v -3837719.982051 100411.566216 -1123309.598746
v -1324891.976965 -3235729.071635 1942863.918084
v -1323537.457648 -3235293.578425 1944511.671187
v -1325552.099842 -3234468.669039 1944511.671187
v -874501.046913 -3855109.646386 611048.343852
v -873072.598963 -3855057.853487 613413.179133
v -875767.333421 -3854446.574348 613413.179133
v 762810.854354 -1089368.746285 3772452.436248
v 762664.624280 -1086998.933011 3773165.519703
v 760633.940823 -1088420.882546 3773165.519703
v -3291992.641872 1493855.166023 1712070.116867
v -3291605.786603 1492061.179659 1714376.760776
v -3290387.759572 1494745.332791 1714376.760776
v -3322499.855419 1999413.265302 -981500.336132
v -3323464.444168 1998713.454910 -979658.214885
v -3322333.213182 2000593.263778 -979658.214885
v 749529.736063 -3620941.605559 1525446.874003
v 750297.987112 -3620169.084822 1526902.036575
v 748517.935995 -3620537.552859 1526902.036575
v -3355303.427505 -612942.487253 2089555.192187
v -3354658.410223 -613437.418978 2090445.399477
v -3354875.057743 -612251.470572 2090445.399477
v 3236533.739413 -1635588.970144 -1688105.646074
v 3238073.172406 -1634802.989543 -1685913.376582
v 3236814.050956 -1637294.562383 -1685913.376582
v 2702921.106837 -2476454.562330 -1600435.101773
v 2704452.930362 -2476106.442759 -1598384.639421
v 2702708.017200 -2478010.924548 -1598384.639421
v -696333.720366 -3645468.615454 -1491870.990178
v -695541.807038 -3646224.325620 -1490392.864174
v -697348.419051 -3645879.238336 -1490392.864174
v 2541033.409976 905327.170082 -2953562.928187
v 2542109.639570 907025.680494 -2952115.350304
v 2542941.161138 904691.801477 -2952115.350304
v 237761.456104 372725.378801 3975493.150888
v 238373.292280 373792.720542 3975356.296780
v 237137.669958 373792.720542 3975430.195376
v -1224822.633600 -2906149.849021 2460508.750384
v -1223828.164946 -2905707.711425 2461525.554991
v -1225200.629137 -2905129.274217 2461525.554991
v -1778207.564185 -1208142.879634 3373183.915636
v -1776608.641838 -1208148.429782 3374024.332004
v -1777623.748911 -1206654.342364 3374024.332004
v -3487065.738419 -751031.383016 -1810062.384455
v -3487642.324012 -752217.837664 -1808458.122917
v -3488079.615744 -750187.476417 -1808458.122917
v 3996132.225704 16576.815962 175084.982875
v 3996026.172467 17891.843363 177361.264563
v 3996037.085962 15260.953969 177361.264563
v -536810.821572 60849.752821 3963348.645794
v -535933.039552 62378.312909 3963443.674614
v -537682.256311 62378.312909 3963206.754129
v 3742904.494961 1410446.131339 36201.093959
v 3742364.911942 1411809.789492 38740.818913
v 3743399.046531 1409065.503895 38740.818913
v 2602661.501685 2903216.045486 893023.528845
v 2601662.680455 2903593.661371 894704.682509
v 2603145.597003 2902264.263300 894704.682509
v 3680904.447889 245111.750840 1546242.088052
v 3680022.438313 246255.561605 1548158.574421
v 3680181.886286 243861.091539 1548158.574421
v 2294662.210662 -489030.314465 -3239656.941292
v 2296785.048834 -488109.064717 -3238291.275820
v 2296224.986309 -490737.029225 -3238291.275820
v -1686429.823743 -878025.063356 3519236.692913
v -1685361.089095 -878133.004104 3519721.706255
v -1685905.352178 -877087.633608 3519721.706255
v 2248127.634740 1296379.755005 3043899.300015
v 2246519.248815 1296583.233092 3044999.912023
v 2247498.085825 1294885.774825 3044999.912023
v -15012.028114 -1150668.327546 -3830892.638222
v -14021.656337 -1152360.627722 -3830387.675335
v -16046.211997 -1152334.214649 -3830387.675335
v -2673382.571798 2975393.176622 7990.534400
v -2674452.458499 2974423.769517 10491.223129
v -2672304.614517 2976353.601418 10491.223129
v -2364997.108103 -2424161.770107 -2128433.515803
v -2364939.632716 -2425239.569312 -2127269.236650
v -2366075.998246 -2424130.938186 -2127269.236650
v -1907377.435619 3119884.846677 -1621181.798113
v -1908168.231572 3119934.848195 -1620154.654340
v -1907061.451109 3120611.491144 -1620154.654340
v -2875718.448729 -1952906.060070 -1978990.106916
v -2875810.108720 -1953722.511969 -1978050.829446
v -2876511.162068 -1952690.187840 -1978050.829446
v 2097.601667 491757.728283 -3969656.426931
v 809.723895 493971.189888 -3969382.070165
v 3385.188775 493971.189888 -3969380.709267
v -1526846.017029 2835631.726993 -2372327.025017
v -1528327.045922 2836097.514078 -2370816.082228
v -1526419.613269 2837124.571266 -2370816.082228
v 1206621.460951 -3727066.967802 808107.150100
v 1207231.979904 -3726602.823634 809334.936907
v 1205854.760745 -3727048.692251 809334.936907
v 2359945.248942 1577081.626766 2818416.648408
v 2359043.588182 1577169.589384 2819122.181615
v 2359681.575166 1576214.905537 2819122.181615
v -3995880.066063 -9608.891729 181247.956888
v -3995823.125855 -10309.649641 182460.716365
v -3995826.496719 -8907.868074 182460.716365
v -3261110.595694 -1998308.604470 -1171290.361263
v -3261044.860231 -1999121.979152 -1170084.799679
v -3261805.455005 -1997880.737598 -1170084.799679
v 2715517.689737 2880503.567156 -573293.064958
v 2714824.076446 2881580.665507 -571161.241712
v 2716633.780902 2879874.615038 -571161.241712
v -3165368.100471 1935468.690675 -1494792.991088
v -3165918.398023 1935204.423443 -1493969.506650
v -3165383.664608 1936078.954818 -1493969.506650
v 1282850.831861 3723007.277143 -702504.382264
v 1281853.827629 3723729.042960 -700495.987636
v 1284080.825373 3722961.677845 -700495.987636
v -3393995.667673 -1026241.349135 -1851384.347089
v -3394565.523669 -1027660.567647 -1849551.449039
v -3395256.413718 -1025375.649158 -1849551.449039
v 2577268.425863 -356409.173028 3038200.182912
v 2576638.412060 -355776.774849 3038808.610126
v 2576490.430743 -356846.858352 3038808.610126
v -274257.120732 829927.004396 3903332.631560
v -274691.680016 827937.536311 3903724.548470
v -272722.703716 828588.202897 3903724.548470
v -1976850.480861 -3156185.099194 -1459643.251019
v -1976500.045297 -3156914.652389 -1458539.705576
v -1977659.828211 -3156188.231935 -1458539.705576
v -2928080.121098 2004062.938639 -1846640.088654
v -2929179.267874 2003727.362433 -1845260.563789
v -2928165.179169 2005209.018981 -1845260.563789
v 1980077.844658 -3121192.906678 -1528871.128899
v 1980701.143127 -3121204.935914 -1528038.968747
v 1979823.161708 -3121761.925375 -1528038.968747
v 1011759.146485 3453146.571476 1747033.285320
v 1009967.076154 3452465.737925 1749414.172804
v 1012900.433940 3451606.274966 1749414.172804
v -3793969.555808 1015687.735631 -757742.626800
v -3794305.675689 1015172.879874 -756748.913817
v -3794003.489071 1016301.658719 -756748.913817
v -730532.063694 1885677.304017 -3451165.681487
v -731479.373653 1886341.404058 -3450602.061275
v -730279.411966 1886806.282373 -3450602.061275
v 1235924.576075 -3393674.264605 -1719147.381969
v 1237490.529091 -3394142.065135 -1717096.131530
v 1235026.200095 -3395039.536292 -1717096.131530
v -519760.332169 3938381.708789 -467975.509855
v -521115.818491 3938474.143553 -465684.538105
v -518475.234414 3938822.629545 -465684.538105
v 3604680.735514 -1729334.979101 125220.084007
v 3605230.213302 -1728007.408664 127703.754628
v 3603989.129190 -1730594.363790 127703.754628
v 1659521.323015 3338338.287234 1449651.149468
v 1658083.297833 3338194.526055 1451626.356980
v 1660274.846163 3337105.085480 1451626.356980
v -3388600.372036 -1395807.869361 -1602844.549768
v -3388973.505292 -1397511.973889 -1600569.149833
v -3390065.490157 -1394860.964105 -1600569.149833
v -2191805.786404 -2771030.096382 -1875468.524080
v -2191414.694771 -2772780.124476 -1873337.823757
v -2193598.841867 -2771052.526408 -1873337.823757
v 1803081.858593 3562614.584339 238062.939488
v 1802341.725659 3562897.754538 239425.819643
v 1803748.323977 3562185.858302 239425.819643
v 2768231.747051 -1860950.251071 2207659.059362
v 2767993.183378 -1859570.850832 2209120.040238
v 2766864.346025 -1861250.037793 2209120.040238
v 2042989.154885 -471119.468965 3406500.359867
v 2041187.063690 -469179.327612 3407848.158623
v 2040519.424644 -472074.515393 3407848.158623
v -2330956.958195 2055735.840376 2518053.057846
v -2330797.119762 2054234.276058 2519426.068374
v -2329447.190878 2055764.932898 2519426.068374
v -2813567.256462 1419620.857072 2463436.452331
v -2812784.145811 1417479.976187 2465562.634609
v -2811379.948309 1420262.975673 2465562.634609
v -1454816.996562 -2680999.862094 -2587614.805437
v -1454288.281438 -2683240.612272 -2585588.626664
v -1456983.827140 -2681777.902126 -2585588.626664
v 515487.750861 94934.285974 3965508.859517
v 516178.951228 96147.782477 3965389.709607
v 514789.059801 96147.782477 3965570.385538
v -3660095.210750 -1589045.229295 280426.321318
v -3659749.122054 -1589634.863533 281598.967384
v -3660289.684185 -1588389.770675 281598.967384
v -2760767.589659 1676245.662997 2359738.284217
v -2760335.511403 1674558.865310 2361440.756792
v -2759071.667213 1676640.409892 2361440.756792
v -2401197.861587 -2370421.054161 2148337.838545
v -2399287.042786 -2370501.804360 2150382.639149
v -2401253.956639 -2368509.352711 2150382.639149
v -3808479.133912 696519.003482 -1005161.619346
v -3809207.467648 695433.398585 -1003151.420836
v -3808776.089626 697792.119865 -1003151.420836
v 1319543.475268 -1094991.689686 -3613834.344152
v 1320614.665823 -1095125.209921 -3613402.569541
v 1319872.238668 -1096019.887860 -3613402.569541
v -526776.673402 2023904.403911 -3409738.672189
v -527607.133257 2024633.958654 -3409177.108748
v -526407.270748 2024946.255806 -3409177.108748
v -1576716.304517 -2976776.094884 2157028.659512
v -1574780.723531 -2976251.773119 2159165.097355
v -1577370.014728 -2974880.296892 2159165.097355
v -958973.216969 1742598.662211 -3470406.524547
v -960475.035202 1743381.463990 -3469597.952464
v -958830.888481 1744286.257907 -3469597.952464
v -817366.249466 3387471.690554 1963911.587798
v -817951.318291 3386667.733910 1965054.214450
v -816478.930108 3387023.007848 1965054.214450
v -836583.055856 -3708658.162798 -1243376.459549
v -835644.735394 -3709473.466742 -1241574.030685
v -837780.523525 -3708991.684900 -1241574.030685
v 865407.887614 -931366.719963 -3792575.076547
v 866529.872164 -931683.432486 -3792241.085756
v 865641.483394 -932508.906097 -3792241.085756
v 835740.067651 1681335.448011 -3531947.119448
v 835573.282223 1682744.422445 -3531315.520132
v 836963.962469 1682053.158127 -3531315.520132
v 1168668.103768 822902.723061 3735913.071962
v 1167494.360556 822832.362744 3736295.535756
v 1168206.228617 821821.383592 3736295.535756
v -1531278.176683 -2725702.942559 -2495141.696868
v -1530917.849949 -2727207.376146 -2493718.495950
v -1532750.467928 -2726177.825980 -2493718.495950
v -1766892.560009 1850919.177178 -3074441.421289
v -1768432.339575 1851174.435440 -3073402.258388
v -1767076.056327 1852469.147176 -3073402.258388
v -1600430.307893 1750453.633349 3220952.752643
v -1600198.844530 1748513.560138 3222121.306777
v -1598518.681103 1750049.724490 3222121.306777
v 326898.115007 -431369.565455 -3963213.165882
v 326198.481758 -430141.797935 -3963404.251644
v 327619.602408 -430141.797935 -3963287.033205
v -701383.643306 -2835171.337657 -2733105.373903
v -700957.443674 -2836033.449682 -2732320.158445
v -702162.635089 -2835735.301371 -2732320.158445
v -2230267.435758 715243.899027 -3242581.482182
v -2231912.826077 714719.333427 -3241564.861274
v -2231300.861112 716627.557369 -3241564.861274
v 273487.650064 755043.857679 -3918560.426801
v 272987.460730 757715.783197 -3918079.526798
v 275582.934439 756775.665615 -3918079.526798
v -3349911.061101 1637656.288200 1447818.668787
v -3349796.346887 1636574.047982 1449307.059617
v -3348986.566848 1638230.495144 1449307.059617
v 3981427.925717 307791.682228 -231294.156353
v 3981447.601926 308676.469807 -229771.330132
v 3981583.355725 306920.431562 -229771.330132
v 961252.767284 3056310.356698 -2394777.899982
v 960677.032921 3057464.585932 -2393535.254274
v 962385.540361 3056927.236215 -2393535.254274
v -3820964.205970 548814.673308 1048349.057832
v -3820732.639744 548020.713989 1049607.616494
v -3820518.534619 549511.359295 1049607.616494
v 1800552.104018 -2860982.731554 2138408.668717
v 1800951.001664 -2859494.221165 2140063.081462
v 1799037.515953 -2860698.468462 2140063.081462
v -3491414.199003 -1000327.992879 -1676118.090519
v -3491789.611862 -1001361.144182 -1674718.549808
v -3492279.760290 -999650.394113 -1674718.549808
v -3191734.159408 -724170.705383 2299654.947144
v -3189935.562831 -725308.574704 2301790.956430
v -3190602.737696 -722368.045918 2301790.956430
v 1950361.236871 2302298.419331 -2625931.137780
v 1950333.262276 2303796.668372 -2624637.571761
v 1951843.702037 2302517.119581 -2624637.571761
v 663375.371092 2284215.297891 -3215944.156927
v 662484.931516 2286730.306225 -3214339.971523
v 665474.469873 2285862.092919 -3214339.971523
v -1107779.997656 3834786.658647 -259297.892816
v -1108465.904680 3834669.096395 -258102.493318
v -1107137.060299 3835052.968395 -258102.493318
v -2784948.290456 -1094713.922470 2654367.636376
v -2782758.036192 -1095491.713823 2656343.110071
v -2783873.935167 -1092652.870834 2656343.110071
v -3737119.148203 -1402845.689947 256836.289731
v -3736858.080269 -1403359.448217 257826.267869
v -3737260.640599 -1402287.045222 257826.267869
v 1394722.130032 3748268.512163 72351.135595
v 1393769.309484 3748588.928900 74091.160776
v 1395652.643083 3747888.144780 74091.160776
v -215300.764526 3870597.309366 985964.076837
v -216789.647669 3869860.177412 988527.979926
v -213739.313970 3870029.851270 988527.979926
v 381087.340535 3915114.244506 725710.026931
v 379784.216879 3914839.195581 727873.734306
v 382312.960262 3914593.054082 727873.734306
v 2173149.353779 -2889898.345268 -1710529.912128
v 2175058.362484 -2889883.661507 -1708126.658858
v 2172605.369435 -2891728.266272 -1708126.658858
v -3082246.222296 2496610.914089 -516425.522574
v -3083480.124271 2495631.924031 -513784.754946
v -3081544.804989 2498021.215255 -513784.754946
v 1789309.040702 2519278.388540 -2540002.271686
v 1789091.198775 2521077.292278 -2538370.333701
v 1791079.310017 2519665.242925 -2538370.333701
v -3425528.322105 -1837316.723700 943410.469557
v -3425106.019362 -1837665.580889 944263.899413
v -3425585.333361 -1836771.938731 944263.899413
v 3213402.005435 1737754.383577 1629189.345769
v 3212624.420462 1738140.069089 1630311.045107
v 3213299.070262 1736892.527409 1630311.045107
v 854458.089073 -3895804.361705 304320.313094
v 855320.955474 -3895491.952031 305891.514032
v 853543.677795 -3895881.758384 305891.514032
v -1456189.366904 2127762.014838 -3058127.593373
v -1458564.838127 2128558.907874 -3056440.516349
v -1456072.147606 2130264.845571 -3056440.516349
v -2346253.388203 3092797.252355 -964209.971566
v -2346999.675637 3092603.698834 -963013.789923
v -2345865.915526 3093463.790294 -963013.789923
v 1845162.675543 2901571.262002 2043589.799054
v 1844482.685513 2901462.825429 2044357.466289
v 1845352.860078 2900909.465375 2044357.466289
v -1025234.941080 3677319.443281 1194242.629760
v -1025703.634967 3676883.358691 1195182.517803
v -1024608.231635 3677188.756628 1195182.517803
v 2216210.477573 -320855.110747 3314432.634421
v 2215374.528698 -320072.808138 3315067.068126
v 2215186.985000 -321368.210003 3315067.068126
v -3110754.124237 -2395761.545925 763895.193099
v -3110234.799422 -2396112.885513 764907.187018
v -3110961.186073 -2395169.715574 764907.187018
v 1940241.266604 -970503.320605 3360593.400066
v 1939551.774055 -969256.049184 3361351.290084
v 1938829.691917 -970699.644001 3361351.290084
v 3411044.319780 -1908630.770540 -849650.281963
v 3411471.356647 -1908264.956304 -848756.979763
v 3410955.946016 -1909186.081821 -848756.979763
v -80770.052661 318259.146715 3986500.770102
v -79869.457752 319810.065467 3986394.795752
v -81665.615972 319810.065467 3986358.403988
v -2963256.827823 -2566444.651381 795281.921125
v -2962000.674286 -2567171.867737 797610.880836
v -2963797.233020 -2565097.533139 797610.880836
v -3372829.514290 -2002759.364184 782929.349601
v -3371759.501112 -2003674.430952 785193.613743
v -3373120.793054 -2001381.891108 785193.613743
v 931820.425036 910325.877699 -3781933.375338
v 932475.544461 912904.319586 -3781150.304573
v 934413.450983 910920.655359 -3781150.304573
v 3223470.146272 -2273366.782975 -664111.444021
v 3223869.941722 -2273045.623286 -663269.566034
v 3223301.816032 -2273851.184541 -663269.566034
v -1443720.362159 1575880.990912 -3381164.259428
v -1445310.076060 1576252.934645 -3380311.612984
v -1443951.993838 1577497.121844 -3380311.612984
v 2016626.623726 -3402616.238065 -596171.743036
v 2017463.778750 -3402373.005238 -594725.806462
v 2016011.336103 -3403233.823593 -594725.806462
v 3187402.837017 651942.032683 2327108.804741
v 3186574.391067 652484.412898 2328091.147184
v 3186853.888645 651117.924272 2328091.147184
v 1104538.166962 2966499.208969 -2445378.986101
v 1104188.859479 2967324.308720 -2444535.521159
v 1105342.034712 2966894.938622 -2444535.521159
v 781418.177730 3203559.147354 -2264198.758951
v 780608.583360 3204861.304285 -2262634.716194
v 782736.419492 3204342.278490 -2262634.716194
v 1069599.409931 3137609.125100 2238608.195370
v 1068774.553684 3137219.340195 2239548.243931
v 1070014.427577 3136796.671745 2239548.243931
v 675416.142077 3734301.379901 -1264439.603892
v 674549.862098 3735001.227243 -1262833.951389
v 676472.680524 3734653.450652 -1262833.951389
v 730118.265900 132596.063172 3930565.606211
v 730639.477671 133523.728873 3930437.348486
v 729585.763295 133523.728873 3930633.080142
v 3387843.414845 422265.424382 -2084277.093748
v 3388810.483464 423649.316412 -2082423.314177
v 3389120.598335 421161.258996 -2082423.314177
v 413836.343825 3834035.748840 1062501.650349
v 413264.849987 3833843.878822 1063416.041076
v 414353.731684 3833726.347622 1063416.041076
v 972700.963711 -3193961.316834 2202831.440023
v 973613.479419 -3192341.697228 2204775.202173
v 971040.585835 -3193125.255894 2204775.202173
v -2949494.222937 922427.448756 -2539609.098792
v -2951496.500873 921496.774451 -2537619.956556
v -2950609.466089 924333.099382 -2537619.956556
v 3595851.210694 553849.962749 1662259.311258
v 3594867.314862 554850.411935 1664052.804866
v 3595213.962071 552599.817247 1664052.804866
v -1464282.403470 -3079778.205680 -2090656.393153
v -1463857.913821 -3080806.692129 -2089437.972603
v -1465348.035285 -3080098.212981 -2089437.972603
v -3106174.138600 -1962239.602914 -1581549.489230
v -3106209.238364 -1963192.410768 -1580297.614757
v -3107049.655679 -1961862.052066 -1580297.614757
v 1527751.644065 1247611.303639 -3479862.276473
v 1528083.541642 1248684.036651 -3479331.743379
v 1528869.064954 1247722.130865 -3479331.743379
v 793019.207586 3867795.380457 641311.825781
v 791948.143493 3867721.226226 643080.151094
v 793974.672874 3867305.724224 643080.151094
v 1391650.864746 159742.611713 3746704.112899
v 1389795.327681 160611.694205 3747355.650554
v 1390040.511699 158475.692125 3747355.650554
v -2351751.203313 91804.369761 3234321.966077
v -2351059.273331 91268.431732 3234840.136927
v -2351019.600194 92284.737900 3234840.136927
v -2975469.294691 -2581450.900427 -694762.850272
v -2974986.454459 -2582523.794559 -692840.630543
v -2976463.324624 -2580821.503096 -692840.630543
v -1318278.937109 -309471.976932 3763823.786388
v -1316195.895515 -310161.577616 3764495.971021
v -1316720.357931 -307927.489208 3764495.971021
v -1397289.119317 -2058115.348348 -3132370.596961
v -1397226.171221 -2059730.278515 -3131337.004052
v -1398813.314884 -2058652.739993 -3131337.004052
v 958556.738885 3855862.617710 462053.389853
v 957727.468524 3855900.621542 463453.747618
v 959307.271784 3855507.886839 463453.747618
v 3267883.823772 98745.144129 2304601.074719
v 3266829.310664 99739.421937 2306052.840981
v 3266891.267636 97689.010343 2306052.840981
v -3923487.258143 261187.551797 -733506.202287
v -3924016.534097 259836.611877 -731150.959764
v -3923832.792456 262596.728061 -731150.959764
v -1047366.746107 3857065.445086 -161460.862823
v -1048003.262343 3856939.283681 -160340.521534
v -1046753.841050 3857278.557757 -160340.521534
v 1987515.480555 -970455.228185 -3332866.795103
v 1989749.160665 -970113.448462 -3331633.290731
v 1988619.616493 -972426.781899 -3331633.290731
v 3616434.094320 1540189.424506 -741095.411263
v 3616333.575459 1541272.407171 -739332.312528
v 3617145.269889 1539366.512114 -739332.312528
v 2820843.916714 2796729.074275 470264.812730
v 2819589.100524 2797565.788876 472806.379440
v 2821669.827449 2795467.120848 472806.379440
v 2356495.705146 2169977.765956 2395438.813968
v 2354474.231684 2170023.484431 2397384.365056
v 2356374.957279 2167959.384157 2397384.365056
v -2285691.587553 1240223.904253 3039318.930303
v -2285124.771954 1238968.137878 3040257.169397
v -2284329.817087 1240433.213375 3040257.169397
v 304274.304671 -94559.292085 3987289.495861
v 305447.930046 -92527.355003 3987247.432319
v 303107.886428 -92527.355003 3987426.003537
v -3084351.004738 1963416.501831 1622274.941500
v -3084292.281133 1962136.196370 1623934.770020
v -3083166.181318 1963905.198053 1623934.770020
v -1452752.204535 3471632.236694 1355463.817233
v -1453493.648162 3470643.299563 1357200.359692
v -1451527.404852 3471466.101089 1357200.359692
v 3273446.511510 -2171430.190529 -754612.115893
v 3273991.207990 -2170999.042327 -753488.758847
v 3273261.107405 -2172099.674170 -753488.758847
v 3387513.054369 231727.133735 -2114487.814253
v 3388197.349652 232585.747081 -2113296.823612
v 3388307.897220 230969.702713 -2113296.823612
v -1694258.207727 -3623436.603433 14030.729954
v -1693672.072098 -3623706.114094 15148.127833
v -1694840.846724 -3623159.614674 15148.127833
v 204641.205522 -3572797.123765 1786965.062817
v 205634.863422 -3571932.508725 1788578.738079
v 203555.323883 -3572051.619736 1788578.738079
v -1696781.215002 -1488436.991945 3302346.018531
v -1695835.126302 -1488332.619675 3302878.991771
v -1696554.492509 -1487512.560060 3302878.991771
v 2398838.115251 -1784999.446424 2656944.597898
v 2398446.105552 -1783210.770096 2658499.116289
v 2397012.216751 -1785137.755068 2658499.116289
v 3534309.289669 -1633207.930810 -917218.763723
v 3534814.975966 -1632727.179799 -916125.320487
v 3534270.883202 -1633904.612307 -916125.320487
v 464210.043986 -1731144.966081 -3575981.914283
v 465055.240286 -1731909.540230 -3575501.849772
v 463860.780179 -1732229.837138 -3575501.849772
v -1879242.281106 974419.419245 3393958.814742
v -1878443.755618 972940.398834 3394825.066054
v -1877573.358806 974619.025572 3394825.066054
v 3994748.434599 -29084.120967 202832.090536
v 3994654.206407 -27921.938841 204841.244047
v 3994637.294552 -30244.807892 204841.244047
v 988310.002413 3875769.747656 -40656.302751
v 987594.881702 3875965.285502 -39372.425065
v 989031.436446 3875598.968224 -39372.425065
v 1876891.406709 -2157756.939845 2796670.258998
v 1876858.120815 -2156465.750125 2797688.325104
v 1875617.282846 -2157545.073786 2797688.325104
v -1028625.700133 -3292421.844112 -2025312.355888
v -1027663.498647 -3293997.052231 -2023238.424606
v -1030313.501137 -3293169.132603 -2023238.424606
v -2913040.924956 2027825.573187 -1844482.922281
v -2914221.921873 2027474.450376 -1843002.761640
v -2913121.660758 2029055.013173 -1843002.761640
v 1176071.120822 3763393.324894 673594.981263
v 1174562.180479 3763421.122419 676067.997512
v 1177327.389879 3762556.986615 676067.997512
v 462182.140564 -3823894.359843 -1078990.468844
v 463013.651873 -3824166.681342 -1077668.033117
v 461439.455666 -3824356.949510 -1077668.033117
v -2909339.303065 2009842.343454 -1869834.209589
v -2910602.693643 2009470.952810 -1868266.535256
v -2909439.030314 2011155.409042 -1868266.535256
v 3378769.421790 -362966.684038 -2110017.532155
v 3379882.915028 -361982.747732 -2108402.612482
v 3379648.519861 -364164.675869 -2108402.612482
v -1532882.565510 3398083.731182 -1450275.302535
v -1533567.261812 3398177.981011 -1449330.300436
v -1532500.068277 3398659.394212 -1449330.300436
v 2719888.354980 -1489574.463556 -2526534.477166
v 2721259.905065 -1489239.350146 -2525254.818301
v 2720344.626895 -1490910.602237 -2525254.818301
v -2894386.589294 2105670.923328 -1785686.842432
v -2895568.222438 2105326.133339 -1784177.066971
v -2894422.275272 2106901.314946 -1784177.066971
v 1777244.934904 1869719.599667 -3057049.194309
v 1777382.050656 1870927.791247 -3056230.188052
v 1778444.624735 1869917.771134 -3056230.188052
v 3007261.440285 -2050199.618775 -1659235.269630
v 3008499.118103 -2049748.228178 -1657548.425966
v 3007293.496782 -2051516.650373 -1657548.425966
v 1407520.095861 3690438.325173 632103.108377
v 1406196.837109 3690566.557974 634295.773397
v 1408592.664790 3689652.797789 634295.773397
v 2135890.220670 566159.652256 3334282.409587
v 2133422.897581 567050.520861 3335710.332180
v 2134188.132816 564163.599392 3335710.332180
v 1619963.156036 -1938128.318358 3101512.321445
v 1619895.631420 -1936929.589183 3102296.342266
v 1618795.425125 -1937849.184467 3102296.342266
v 1281381.338750 3716276.728795 -739830.874746
v 1280824.965067 3716692.511880 -738704.788449
v 1282075.735926 3716261.243018 -738704.788449
v 3337897.225006 -2152506.392266 474509.272617
v 3338165.179597 -2151815.051507 475758.259049
v 3337378.016585 -2153035.707224 475758.259049
v -3298935.839156 2158705.523200 676029.509780
v -3299396.626995 2157183.436777 678634.380640
v -3297725.557077 2159737.167420 678634.380640
v -645622.213064 -3884190.333323 -704442.373886
v -644581.797173 -3884706.178353 -702548.119463
v -646773.559466 -3884341.868084 -702548.119463
v -390389.469828 3869598.729549 934773.799908
v -390859.058129 3869351.041064 935602.501361
v -389879.870990 3869449.827625 935602.501361
v 2246111.887470 -3078467.603498 -1215738.662028
v 2247443.089933 -3078271.590462 -1213773.234155
v 2245518.957934 -3079675.475873 -1213773.234155
v 665259.709801 -1213446.468809 3752996.034770
v 665378.160038 -1211082.568977 3753738.531960
v 663203.055797 -1212275.047799 3753738.531960
v 2629064.057459 -1926787.540606 -2318515.126464
v 2629865.484189 -1926665.534199 -2317707.464475
v 2629189.056974 -1927588.505954 -2317707.464475
v -584049.702779 -3264378.393042 2236676.179141
v -583225.734761 -3263823.680305 2237700.472533
v -584630.217922 -3263572.395719 2237700.472533
v 555603.884034 3733019.060635 1325093.783561
v 554934.561293 3732756.831726 1326112.584252
v 556167.829906 3732573.278194 1326112.584252
v -1967463.172495 -104030.348201 -3481130.234683
v -1968929.464306 -105118.947958 -3480268.399219
v -1969036.087512 -103102.447638 -3480268.399219
v -1404881.635527 -2408180.089939 -2868271.058171
v -1404547.907093 -2410389.051535 -2866578.520705
v -1406968.786939 -2408976.761128 -2866578.520705
v -1278545.873579 -589407.510543 3744051.385445
v -1276512.689401 -589654.046328 3744706.263589
v -1277412.870891 -587701.367904 3744706.263589
v -1895488.328966 -925753.944194 3398544.629342
v -1893348.282095 -926060.795215 3399653.755051
v -1894414.604617 -923877.491642 3399653.755051
v 2343898.945449 2418225.333815 2158315.250503
v 2342870.956503 2418243.854474 2159410.357846
v 2343949.538608 2417198.423586 2159410.357846
v -2604028.479668 1974524.505946 -2306575.315370
v -2605260.527094 1974354.135877 -2305329.556710
v -2604196.933537 1975756.816830 -2305329.556710
v -3301757.528596 1396590.613504 -1774241.422304
v -3302576.840799 1396126.130146 -1773081.719294
v -3301994.853940 1397502.037641 -1773081.719294
v -2999220.502617 31322.245864 2646449.717751
v -2998332.562981 30531.133149 2647464.920755
v -2998316.234539 32094.641725 2647464.920755
v 2014723.136337 -1315852.031778 -3195219.288258
v 2016905.951351 -1315748.493914 -3193884.542333
v 2015505.759658 -1317892.350922 -3193884.542333
v 935249.702591 -1561072.591426 -3562072.530692
v 936102.291474 -1561490.566930 -3561665.349956
v 935216.039679 -1562021.526689 -3561665.349956
v -531818.462966 -923703.250412 -3855378.580293
v -531771.648546 -926404.220126 -3854736.917661
v -534177.817301 -925018.878061 -3854736.917661
v 1337457.624289 -3759146.467392 282889.258023
v 1338378.243512 -3758685.505192 284654.778063
v 1336452.735824 -3759370.576913 284654.778063
v 1576798.891562 -2945183.013480 -2199910.209936
v 1578678.416439 -2945701.722529 -2197866.801775
v 1576188.482313 -2947034.789219 -2197866.801775
v -1868093.558460 -2181361.644206 -2784221.492244
v -1868119.335107 -2183013.520397 -2782909.197826
v -1869721.815992 -2181641.173805 -2782909.197826
v -3962746.897126 474675.113777 267061.862320
v -3962750.669702 473617.146213 268878.041406
v -3962500.692250 475704.041744 268878.041406
v -373880.959316 3686660.690417 1506235.821222
v -374368.463607 3686267.119912 1507077.748901
v -373324.365937 3686373.006586 1507077.748901
v 2908446.939278 2731676.206787 -280859.421517
v 2908077.516456 2732179.334380 -279788.768591
v 2908925.945484 2731276.002277 -279788.768591
v 2581628.862264 2526651.971287 -1717912.568336
v 2581459.125797 2527898.412871 -1716333.229567
v 2582871.362048 2526455.448067 -1716333.229567
v -1100515.716668 -1829490.025093 -3382578.012575
v -1100373.024388 -1831964.750678 -3381284.809811
v -1102768.795854 -1830523.592697 -3381284.809811
v -2636626.251054 1736986.913769 -2455825.927441
v -2638599.704266 1736643.301400 -2453948.686604
v -2637089.446012 1738935.769194 -2453948.686604
v 3158172.065188 -365467.656164 -2427423.309849
v 3159327.670611 -364597.423726 -2426050.023083
v 3159098.381945 -366578.811263 -2426050.023083
v -2638204.156261 2383941.681822 1832130.299808
v -2638256.463658 2383124.981614 1833117.208982
v -2637396.915037 2384076.206537 1833117.208982
v -2245499.283243 -3284887.213738 -408962.632472
v -2244736.384749 -3285633.499782 -407151.741753
v -2246471.624310 -3284447.316228 -407151.741753
v 149483.131707 3529353.725694 1876517.422037
v 148811.608236 3528853.529491 1877511.234473
v 150109.955226 3528798.538977 1877511.234473
v -1388531.349216 2424844.427165 2862186.446976
v -1388755.915887 2423441.533739 2863265.478357
v -1387207.757118 2424328.051225 2863265.478357
v -119274.680458 -997005.168411 3871918.793200
v -118297.279251 -995737.528588 3872274.967538
v -119925.475830 -995542.742610 3872274.967538
v -1344893.092652 -3232318.479583 -1934782.200115
v -1344095.054887 -3233853.334659 -1932770.922596
v -1346544.344866 -3232834.241648 -1932770.922596
v 583345.357358 -3876562.707324 -794967.123369
v 584894.067475 -3876846.962879 -792438.964921
v 581948.888188 -3877290.153611 -792438.964921
v -2489327.416727 3077550.399867 -576136.414397
v -2489964.105085 3077253.802935 -574968.179176
v -2488904.304300 3078111.040285 -574968.179176
v 1103473.943251 -3378043.167208 -1836074.910992
v 1104727.534126 -3378508.888868 -1834463.470568
v 1102737.020466 -3379159.111453 -1834463.470568
v 2392748.410519 3186974.726136 343434.906968
v 2392263.617718 3187237.124100 344375.804134
v 2393135.658237 3186582.404894 344375.804134
v -796873.873046 696133.516043 -3857511.050785
v -798800.561245 696481.244153 -3857049.764842
v -797477.276554 697996.026838 -3857049.764842
v -2325771.399497 -1776278.761467 -2726833.785836
v -2326102.963641 -1777791.848847 -2725564.616991
v -2327318.405984 -1776200.408865 -2725564.616991
v -2665166.642568 2982478.182047 41368.586484
v -2665697.701645 2981985.877945 42622.601291
v -2664617.949760 2982950.752968 42622.601291
v -1427271.745381 -1707161.630421 3323928.063103
v -1424637.834679 -1706440.049037 3325428.188238
v -1427028.250380 -1704441.543021 3325428.188238
v 1160534.665380 192232.366086 3823114.869704
v 1158761.143920 192939.086237 3823617.190483
v 1159083.737142 190991.544185 3823617.190483
v -3777435.225514 -641355.016215 -1148759.200725
v -3777691.476930 -642204.078739 -1147441.443984
v -3777957.355926 -640638.111904 -1147441.443984
v 1513523.080797 3678754.158913 -419545.132942
v 1512375.639268 3679488.634095 -417235.800966
v 1514855.174314 3678468.497016 -417235.800966
v 3319834.694419 -25285.526914 -2231156.974225
v 3321342.105666 -23747.870239 -2228929.306959
v 3321318.509012 -26845.966265 -2228929.306959
v 3298621.662756 -1792146.531208 1381053.591419
v 3298547.552227 -1790375.020476 1383526.081183
v 3297095.103307 -1793048.395329 1383526.081183
v 2687481.938424 2937534.625380 -385138.634143
v 2687058.141867 2938075.195117 -383970.444446
v 2688057.980225 2937160.466315 -383970.444446
v -3357353.696302 -973173.091517 -1944508.401899
v -3358098.119345 -974851.982525 -1942380.824166
v -3358880.579946 -972152.568603 -1942380.824166
v -1088788.273890 -2383105.856363 3022473.662946
v -1087924.211700 -2382645.115608 3023147.967573
v -1089005.604504 -2382151.051192 3023147.967573
v -1428168.537382 -2508064.815255 -2769467.018244
v -1427826.262735 -2509971.829203 -2767915.394984
v -1429983.235142 -2508743.583381 -2767915.394984
v -490856.546440 3869308.003142 887422.219848
v -492216.233416 3868576.330405 889855.675888
v -489357.231427 3868939.020540 889855.675888
v -2985482.039207 -2603784.965106 -554258.810676
v -2984900.927844 -2604895.121941 -552168.302882
v -2986502.888286 -2603058.325051 -552168.302882
v -1523287.417743 -1059189.475781 3543686.808135
v -1520496.957675 -1059105.348790 3544910.148162
v -1522236.982999 -1056602.908251 3544910.148162
v -2054667.321747 -2797032.427713 1988706.230657
v -2053729.947438 -2796959.587706 1989776.631760
v -2054878.109843 -2796116.161026 1989776.631760
v 3473059.138785 1819032.375262 -793085.394909
v 3472818.255560 1820601.525655 -790535.550034
v 3474211.829952 1817940.788912 -790535.550034
v 3653001.822330 -1334511.909111 935230.623024
v 3652975.232369 -1333748.793871 936422.326874
v 3652489.582250 -1335078.179361 936422.326874
vt 0.05 0.05
vt 0.95 0.05
vt 0.05 0.95
vn -0.762389 0.208239 0.612699
vn -0.762389 0.208239 0.612699
vn -0.762389 0.208239 0.612699
vn -0.665841 0.726098 -0.171576
vn -0.665841 0.726098 -0.171576
vn -0.665841 0.726098 -0.171576
vn -0.298892 -0.562506 -0.770877
vn -0.298892 -0.562506 -0.770877
vn -0.298892 -0.562506 -0.770877
vn 0.424095 -0.731780 0.533517
vn 0.424095 -0.731780 0.533517
vn 0.424095 -0.731780 0.533517
vn -0.259602 -0.856075 0.446925
vn -0.259602 -0.856075 0.446925
vn -0.259602 -0.856075 0.446925
vn -0.099781 -0.920612 0.377515
vn -0.099781 -0.920612 0.377515
vn -0.099781 -0.920612 0.377515
vn 0.911516 -0.404146 0.076185
vn 0.911516 -0.404146 0.076185
vn 0.911516 -0.404146 0.076185
vn 0.913895 -0.116452 0.388889
vn 0.913895 -0.116452 0.388889
vn 0.913895 -0.116452 0.388889
vn 0.759844 0.573090 0.306929
vn 0.759844 0.573090 0.306929
vn 0.759844 0.573090 0.306929
vn -0.676570 -0.730683 -0.091407
vn -0.676570 -0.730683 -0.091407
vn -0.676570 -0.730683 -0.091407
vn 0.151049 -0.762718 -0.628844
vn 0.151049 -0.762718 -0.628844
vn 0.151049 -0.762718 -0.628844
vn 0.109895 -0.104530 -0.988431
vn 0.109895 -0.104530 -0.988431
vn 0.109895 -0.104530 -0.988431
vn 0.992599 -0.121237 0.007002
vn 0.992599 -0.121237 0.007002
vn 0.992599 -0.121237 0.007002
vn 0.142004 -0.828558 0.541595
vn 0.142004 -0.828558 0.541595
vn 0.142004 -0.828558 0.541595
vn -0.275080 -0.613569 -0.740178
vn -0.275080 -0.613569 -0.740178
vn -0.275080 -0.613569 -0.740178
vn -0.028156 0.910024 0.413599
vn -0.028156 0.910024 0.413599
vn -0.028156 0.910024 0.413599
vn 0.683320 -0.729408 -0.032216
vn 0.683320 -0.729408 -0.032216
vn 0.683320 -0.729408 -0.032216
vn 0.048513 0.075339 0.995977
vn 0.048513 0.075339 0.995977
vn 0.048513 0.075339 0.995977
vn -0.746139 -0.190209 -0.638042
vn -0.746139 -0.190209 -0.638042
vn -0.746139 -0.190209 -0.638042
vn -0.617599 0.735905 -0.277518
vn -0.617599 0.735905 -0.277518
vn -0.617599 0.735905 -0.277518
vn 0.503398 0.814074 0.289608
vn 0.503398 0.814074 0.289608
vn 0.503398 0.814074 0.289608
vn -0.475038 -0.790832 0.385907
vn -0.475038 -0.790832 0.385907
vn -0.475038 -0.790832 0.385907
vn 0.407933 0.559285 -0.721659
vn 0.407933 0.559285 -0.721659
vn 0.407933 0.559285 -0.721659
vn 0.622626 -0.530961 0.574820
vn 0.622626 -0.530961 0.574820
vn 0.622626 -0.530961 0.574820
vn -0.759799 0.647216 -0.061780
vn -0.759799 0.647216 -0.061780
vn -0.759799 0.647216 -0.061780
vn -0.634452 0.542101 -0.550997
vn -0.634452 0.542101 -0.550997
vn -0.634452 0.542101 -0.550997
vn -0.459372 -0.887987 0.021376
vn -0.459372 -0.887987 0.021376
vn -0.459372 -0.887987 0.021376
vn 0.911340 0.406752 0.063344
vn 0.911340 0.406752 0.063344
vn 0.911340 0.406752 0.063344
vn -0.393920 -0.765495 0.508768
vn -0.393920 -0.765495 0.508768
vn -0.393920 -0.765495 0.508768
vn -0.300810 0.771455 -0.560687
vn -0.300810 0.771455 -0.560687
vn -0.300810 0.771455 -0.560687
vn -0.041239 -0.227891 -0.972813
vn -0.041239 -0.227891 -0.972813
vn -0.041239 -0.227891 -0.972813
vn -0.497601 -0.852088 -0.162292
vn -0.497601 -0.852088 -0.162292
vn -0.497601 -0.852088 -0.162292
vn -0.073153 -0.931202 0.357087
vn -0.073153 -0.931202 0.357087
vn -0.073153 -0.931202 0.357087
vn -0.082115 -0.421782 -0.902971
vn -0.082115 -0.421782 -0.902971
vn -0.082115 -0.421782 -0.902971
vn -0.105375 -0.109671 0.988367
vn -0.105375 -0.109671 0.988367
vn -0.105375 -0.109671 0.988367
vn -0.293212 -0.477692 0.828153
vn -0.293212 -0.477692 0.828153
vn -0.293212 -0.477692 0.828153
vn 0.596775 0.481939 -0.641556
vn 0.596775 0.481939 -0.641556
vn 0.596775 0.481939 -0.641556
vn 0.022723 0.303811 0.952461
vn 0.022723 0.303811 0.952461
vn 0.022723 0.303811 0.952461
vn -0.033067 -0.039187 0.998685
vn -0.033067 -0.039187 0.998685
vn -0.033067 -0.039187 0.998685
vn 0.012973 0.610319 -0.792049
vn 0.012973 0.610319 -0.792049
vn 0.012973 0.610319 -0.792049
vn -0.219465 0.944801 -0.243284
vn -0.219465 0.944801 -0.243284
vn -0.219465 0.944801 -0.243284
vn 0.471105 -0.728004 -0.498067
vn 0.471105 -0.728004 -0.498067
vn 0.471105 -0.728004 -0.498067
vn -0.389195 0.873806 -0.291531
vn -0.389195 0.873806 -0.291531
vn -0.389195 0.873806 -0.291531
vn -0.650342 -0.749762 0.122118
vn -0.650342 -0.749762 0.122118
vn -0.650342 -0.749762 0.122118
vn -0.799716 -0.271150 0.535660
vn -0.799716 -0.271150 0.535660
vn -0.799716 -0.271150 0.535660
vn -0.657522 -0.118640 -0.744036
vn -0.657522 -0.118640 -0.744036
vn -0.657522 -0.118640 -0.744036
vn 0.128285 0.749215 -0.649784
vn 0.128285 0.749215 -0.649784
vn 0.128285 0.749215 -0.649784
vn 0.180890 0.747013 0.639727
vn 0.180890 0.747013 0.639727
vn 0.180890 0.747013 0.639727
vn -0.226430 0.177786 0.957665
vn -0.226430 0.177786 0.957665
vn -0.226430 0.177786 0.957665
vn 0.835043 -0.013422 0.550020
vn 0.835043 -0.013422 0.550020
vn 0.835043 -0.013422 0.550020
vn -0.220602 0.805603 0.549854
vn -0.220602 0.805603 0.549854
vn -0.220602 0.805603 0.549854
vn -0.966832 0.218799 0.131767
vn -0.966832 0.218799 0.131767
vn -0.966832 0.218799 0.131767
vn -0.313527 -0.230628 0.921147
vn -0.313527 -0.230628 0.921147
vn -0.313527 -0.230628 0.921147
vn -0.776900 0.226835 0.587344
vn -0.776900 0.226835 0.587344
vn -0.776900 0.226835 0.587344
vn 0.612545 0.777923 -0.140087
vn 0.612545 0.777923 -0.140087
vn 0.612545 0.777923 -0.140087
vn 0.099123 -0.777825 -0.620616
vn 0.099123 -0.777825 -0.620616
vn 0.099123 -0.777825 -0.620616
vn -0.340403 0.917553 0.205482
vn -0.340403 0.917553 0.205482
vn -0.340403 0.917553 0.205482
vn 0.424308 0.039866 0.904640
vn 0.424308 0.039866 0.904640
vn 0.424308 0.039866 0.904640
vn -0.449643 -0.785381 0.425439
vn -0.449643 -0.785381 0.425439
vn -0.449643 -0.785381 0.425439
vn 0.267398 -0.850664 -0.452625
vn 0.267398 -0.850664 -0.452625
vn 0.267398 -0.850664 -0.452625
vn 0.700771 -0.713314 -0.010161
vn 0.700771 -0.713314 -0.010161
vn 0.700771 -0.713314 -0.010161
vn 0.288179 -0.956034 0.054331
vn 0.288179 -0.956034 0.054331
vn 0.288179 -0.956034 0.054331
vn 0.027482 0.916986 0.397972
vn 0.027482 0.916986 0.397972
vn 0.027482 0.916986 0.397972
vn 0.631454 -0.107711 0.767896
vn 0.631454 -0.107711 0.767896
vn 0.631454 -0.107711 0.767896
vn -0.418912 0.886938 -0.194559
vn -0.418912 0.886938 -0.194559
vn -0.418912 0.886938 -0.194559
vn 0.207720 -0.255625 0.944197
vn 0.207720 -0.255625 0.944197
vn 0.207720 -0.255625 0.944197
vn 0.810368 0.479871 -0.336196
vn 0.810368 0.479871 -0.336196
vn 0.810368 0.479871 -0.336196
vn 0.256361 -0.494575 -0.830466
vn 0.256361 -0.494575 -0.830466
vn 0.256361 -0.494575 -0.830466
vn 0.680438 0.669024 -0.299015
vn 0.680438 0.669024 -0.299015
vn 0.680438 0.669024 -0.299015
vn -0.278374 0.315080 -0.907321
vn -0.278374 0.315080 -0.907321
vn -0.278374 0.315080 -0.907321
vn 0.292015 0.561771 -0.774042
vn 0.292015 0.561771 -0.774042
vn 0.292015 0.561771 -0.774042
vn -0.214874 0.508441 -0.833857
vn -0.214874 0.508441 -0.833857
vn -0.214874 0.508441 -0.833857
vn 0.425097 -0.905127 0.006166
vn 0.425097 -0.905127 0.006166
vn 0.425097 -0.905127 0.006166
vn -0.662554 -0.693131 0.283887
vn -0.662554 -0.693131 0.283887
vn -0.662554 -0.693131 0.283887
vn -0.453867 0.806281 0.379363
vn -0.453867 0.806281 0.379363
vn -0.453867 0.806281 0.379363
vn -0.285107 0.193740 0.938711
vn -0.285107 0.193740 0.938711
vn -0.285107 0.193740 0.938711
vn -0.843067 0.496608 -0.206444
vn -0.843067 0.496608 -0.206444
vn -0.843067 0.496608 -0.206444
vn 0.347166 0.358928 -0.866399
vn 0.347166 0.358928 -0.866399
vn 0.347166 0.358928 -0.866399
vn 0.397307 0.858741 -0.323592
vn 0.397307 0.858741 -0.323592
vn 0.397307 0.858741 -0.323592
vn 0.611667 0.755542 0.234563
vn 0.611667 0.755542 0.234563
vn 0.611667 0.755542 0.234563
vn -0.263079 0.778682 0.569599
vn -0.263079 0.778682 0.569599
vn -0.263079 0.778682 0.569599
vn 0.367532 -0.775084 -0.513970
vn 0.367532 -0.775084 -0.513970
vn 0.367532 -0.775084 -0.513970
vn 0.664331 0.227647 -0.711928
vn 0.664331 0.227647 -0.711928
vn 0.664331 0.227647 -0.711928
vn -0.138966 -0.089556 -0.986239
vn -0.138966 -0.089556 -0.986239
vn -0.138966 -0.089556 -0.986239
vn -0.813492 -0.581493 0.009804
vn -0.813492 -0.581493 0.009804
vn -0.813492 -0.581493 0.009804
vn -0.985128 0.108953 0.132861
vn -0.985128 0.108953 0.132861
vn -0.985128 0.108953 0.132861
vn 0.472253 0.363253 -0.803134
vn 0.472253 0.363253 -0.803134
vn 0.472253 0.363253 -0.803134
vn -0.647760 -0.730898 0.214929
vn -0.647760 -0.730898 0.214929
vn -0.647760 -0.730898 0.214929
vn 0.786656 -0.075349 -0.612776
vn 0.786656 -0.075349 -0.612776
vn 0.786656 -0.075349 -0.612776
vn 0.117887 -0.971523 0.205537
vn 0.117887 -0.971523 0.205537
vn 0.117887 -0.971523 0.205537
vn 0.299474 -0.035273 -0.953452
vn 0.299474 -0.035273 -0.953452
vn 0.299474 -0.035273 -0.953452
vn -0.463810 -0.875374 -0.136386
vn -0.463810 -0.875374 -0.136386
vn -0.463810 -0.875374 -0.136386
vn 0.685104 -0.170423 0.708229
vn 0.685104 -0.170423 0.708229
vn 0.685104 -0.170423 0.708229
vn 0.192027 0.304067 0.933096
vn 0.192027 0.304067 0.933096
vn 0.192027 0.304067 0.933096
vn -0.946402 0.304304 0.108267
vn -0.946402 0.304304 0.108267
vn -0.946402 0.304304 0.108267
vn 0.469697 -0.863450 0.183953
vn 0.469697 -0.863450 0.183953
vn 0.469697 -0.863450 0.183953
vn -0.834811 0.430522 0.343134
vn -0.834811 0.430522 0.343134
vn -0.834811 0.430522 0.343134
vn 0.658865 -0.605380 -0.446554
vn 0.658865 -0.605380 -0.446554
vn 0.658865 -0.605380 -0.446554
vn -0.210382 0.692586 0.689974
vn -0.210382 0.692586 0.689974
vn -0.210382 0.692586 0.689974
vn -0.001131 -0.394750 0.918788
vn -0.001131 -0.394750 0.918788
vn -0.001131 -0.394750 0.918788
vn 0.625439 -0.107905 0.772776
vn 0.625439 -0.107905 0.772776
vn 0.625439 -0.107905 0.772776
vn -0.413636 0.891936 -0.182637
vn -0.413636 0.891936 -0.182637
vn -0.413636 0.891936 -0.182637
vn -0.056376 -0.298158 -0.952850
vn -0.056376 -0.298158 -0.952850
vn -0.056376 -0.298158 -0.952850
vn 0.033621 0.030133 -0.998980
vn 0.033621 0.030133 -0.998980
vn 0.033621 0.030133 -0.998980
vn -0.804858 0.383935 -0.452544
vn -0.804858 0.383935 -0.452544
vn -0.804858 0.383935 -0.452544
vn 0.313538 0.587719 -0.745842
vn 0.313538 0.587719 -0.745842
vn 0.313538 0.587719 -0.745842
vn 0.020387 0.928764 0.370110
vn 0.020387 0.928764 0.370110
vn 0.020387 0.928764 0.370110
vn 0.271337 -0.004605 -0.962473
vn 0.271337 -0.004605 -0.962473
vn 0.271337 -0.004605 -0.962473
vn -0.330112 -0.175338 0.927514
vn -0.330112 -0.175338 0.927514
vn -0.330112 -0.175338 0.927514
vn 0.803656 -0.187077 -0.564923
vn 0.803656 -0.187077 -0.564923
vn 0.803656 -0.187077 -0.564923
vn -0.341831 -0.850605 0.399527
vn -0.341831 -0.850605 0.399527
vn -0.341831 -0.850605 0.399527
vn 0.397303 -0.917164 -0.030999
vn 0.397303 -0.917164 -0.030999
vn 0.397303 -0.917164 -0.030999
vn 0.468982 -0.492639 0.733050
vn 0.468982 -0.492639 0.733050
vn 0.468982 -0.492639 0.733050
vn 0.786994 0.412297 -0.458968
vn 0.786994 0.412297 -0.458968
vn 0.786994 0.412297 -0.458968
vn -0.673478 -0.725350 0.142458
vn -0.673478 -0.725350 0.142458
vn -0.673478 -0.725350 0.142458
vn -0.152573 0.026342 0.987941
vn -0.152573 0.026342 0.987941
vn -0.152573 0.026342 0.987941
vn 0.319877 -0.931628 0.172476
vn 0.319877 -0.931628 0.172476
vn 0.319877 -0.931628 0.172476
vn 0.848246 0.098534 0.520355
vn 0.848246 0.098534 0.520355
vn 0.848246 0.098534 0.520355
vn -0.983927 0.173342 -0.042904
vn -0.983927 0.173342 -0.042904
vn -0.983927 0.173342 -0.042904
vn 0.110903 -0.454993 -0.883562
vn 0.110903 -0.454993 -0.883562
vn 0.110903 -0.454993 -0.883562
vn -0.619107 -0.549242 0.561284
vn -0.619107 -0.549242 0.561284
vn -0.619107 -0.549242 0.561284
vn -0.014548 -0.953477 -0.301115
vn -0.014548 -0.953477 -0.301115
vn -0.014548 -0.953477 -0.301115
vn 0.884886 -0.460759 0.068391
vn 0.884886 -0.460759 0.068391
vn 0.884886 -0.460759 0.068391
vn -0.094357 0.962511 -0.254301
vn -0.094357 0.962511 -0.254301
vn -0.094357 0.962511 -0.254301
vn 0.762761 -0.224828 0.606340
vn 0.762761 -0.224828 0.606340
vn 0.762761 -0.224828 0.606340
vn -0.920952 0.137056 -0.364777
vn -0.920952 0.137056 -0.364777
vn -0.920952 0.137056 -0.364777
vn -0.175346 0.973592 -0.146190
vn -0.175346 0.973592 -0.146190
vn -0.175346 0.973592 -0.146190
vn 0.745872 0.309282 0.589932
vn 0.745872 0.309282 0.589932
vn 0.745872 0.309282 0.589932
vn 0.434952 0.878919 -0.195751
vn 0.434952 0.878919 -0.195751
vn 0.434952 0.878919 -0.195751
vn -0.343810 -0.776974 0.527358
vn -0.343810 -0.776974 0.527358
vn -0.343810 -0.776974 0.527358
vn -0.171931 -0.069519 -0.982653
vn -0.171931 -0.069519 -0.982653
vn -0.171931 -0.069519 -0.982653
vn -0.985782 0.025360 0.166102
vn -0.985782 0.025360 0.166102
vn -0.985782 0.025360 0.166102
vn 0.383319 0.737998 -0.555361
vn 0.383319 0.737998 -0.555361
vn 0.383319 0.737998 -0.555361
vn 0.557836 0.175593 0.811164
vn 0.557836 0.175593 0.811164
vn 0.557836 0.175593 0.811164
vn -0.914662 -0.144311 0.377581
vn -0.914662 -0.144311 0.377581
vn -0.914662 -0.144311 0.377581
vn -0.210770 -0.018679 -0.977357
vn -0.210770 -0.018679 -0.977357
vn -0.210770 -0.018679 -0.977357
vn 0.785757 0.085639 -0.612579
vn 0.785757 0.085639 -0.612579
vn 0.785757 0.085639 -0.612579
vn 0.074549 -0.075959 -0.994320
vn 0.074549 -0.075959 -0.994320
vn 0.074549 -0.075959 -0.994320
vn -0.087617 -0.557692 -0.825410
vn -0.087617 -0.557692 -0.825410
vn -0.087617 -0.557692 -0.825410
vn 0.464079 -0.880100 -0.100274
vn 0.464079 -0.880100 -0.100274
vn 0.464079 -0.880100 -0.100274
vn 0.801257 -0.167144 -0.574500
vn 0.801257 -0.167144 -0.574500
vn 0.801257 -0.167144 -0.574500
vn -0.928642 -0.060607 0.365992
vn -0.928642 -0.060607 0.365992
vn -0.928642 -0.060607 0.365992
vn -0.709213 0.553036 0.437228
vn -0.709213 0.553036 0.437228
vn -0.709213 0.553036 0.437228
vn -0.346940 -0.543293 0.764503
vn -0.346940 -0.543293 0.764503
vn -0.346940 -0.543293 0.764503
vn -0.402692 -0.231631 0.885543
vn -0.402692 -0.231631 0.885543
vn -0.402692 -0.231631 0.885543
vn -0.649991 0.200017 -0.733147
vn -0.649991 0.200017 -0.733147
vn -0.649991 0.200017 -0.733147
vn -0.092767 -0.964970 0.245412
vn -0.092767 -0.964970 0.245412
vn -0.092767 -0.964970 0.245412
vn 0.391053 0.555611 0.733739
vn 0.391053 0.555611 0.733739
vn 0.391053 0.555611 0.733739
vn 0.965028 0.165318 -0.203449
vn 0.965028 0.165318 -0.203449
vn 0.965028 0.165318 -0.203449
vn -0.984728 -0.052702 -0.165934
vn -0.984728 -0.052702 -0.165934
vn -0.984728 -0.052702 -0.165934
vn 0.112047 0.892693 0.436515
vn 0.112047 0.892693 0.436515
vn 0.112047 0.892693 0.436515
vn 0.439964 0.692889 0.571258
vn 0.439964 0.692889 0.571258
vn 0.439964 0.692889 0.571258
vn 0.750878 0.616101 0.237911
vn 0.750878 0.616101 0.237911
vn 0.750878 0.616101 0.237911
vn -0.921667 0.314238 0.227561
vn -0.921667 0.314238 0.227561
vn -0.921667 0.314238 0.227561
vn -0.500694 0.864565 -0.042814
vn -0.500694 0.864565 -0.042814
vn -0.500694 0.864565 -0.042814
vn 0.909654 -0.340503 0.237878
vn 0.909654 -0.340503 0.237878
vn 0.909654 -0.340503 0.237878
vn 0.964707 -0.254455 0.067766
vn 0.964707 -0.254455 0.067766
vn 0.964707 -0.254455 0.067766
vn -0.860380 -0.495527 -0.119157
vn -0.860380 -0.495527 -0.119157
vn -0.860380 -0.495527 -0.119157
vn -0.776939 0.148950 0.611703
vn -0.776939 0.148950 0.611703
vn -0.776939 0.148950 0.611703
vn 0.776314 0.429366 -0.461500
vn 0.776314 0.429366 -0.461500
vn 0.776314 0.429366 -0.461500
vn 0.625695 0.725997 -0.285366
vn 0.625695 0.725997 -0.285366
vn 0.625695 0.725997 -0.285366
vn -0.005820 -0.068904 0.997606
vn -0.005820 -0.068904 0.997606
vn -0.005820 -0.068904 0.997606
vn -0.474402 -0.841875 0.257273
vn -0.474402 -0.841875 0.257273
vn -0.474402 -0.841875 0.257273
vn -0.704440 -0.472731 0.529424
vn -0.704440 -0.472731 0.529424
vn -0.704440 -0.472731 0.529424
vn 0.020927 0.748072 0.663287
vn 0.020927 0.748072 0.663287
vn 0.020927 0.748072 0.663287
vn -0.756078 0.453197 0.472184
vn -0.756078 0.453197 0.472184
vn -0.756078 0.453197 0.472184
vn -0.075500 0.453761 0.887920
vn -0.075500 0.453761 0.887920
vn -0.075500 0.453761 0.887920
vn 0.794404 -0.410308 -0.447849
vn 0.794404 -0.410308 -0.447849
vn 0.794404 -0.410308 -0.447849
vn -0.686711 0.016846 -0.726735
vn -0.686711 0.016846 -0.726735
vn -0.686711 0.016846 -0.726735
vn 0.403138 0.591457 0.698325
vn 0.403138 0.591457 0.698325
vn 0.403138 0.591457 0.698325
vn 0.650226 -0.526706 -0.547527
vn 0.650226 -0.526706 -0.547527
vn 0.650226 -0.526706 -0.547527
vn 0.504627 0.501406 -0.702811
vn 0.504627 0.501406 -0.702811
vn 0.504627 0.501406 -0.702811
vn -0.579999 -0.004277 0.814606
vn -0.579999 -0.004277 0.814606
vn -0.579999 -0.004277 0.814606
vn -0.128701 -0.682787 -0.719193
vn -0.128701 -0.682787 -0.719193
vn -0.128701 -0.682787 -0.719193
vn -0.505197 -0.477228 0.719048
vn -0.505197 -0.477228 0.719048
vn -0.505197 -0.477228 0.719048
vn -0.736190 -0.629454 0.248619
vn -0.736190 -0.629454 0.248619
vn -0.736190 -0.629454 0.248619
vn -0.462767 0.437798 0.770830
vn -0.462767 0.437798 0.770830
vn -0.462767 0.437798 0.770830
vn 0.856059 -0.162785 0.490575
vn 0.856059 -0.162785 0.490575
vn 0.856059 -0.162785 0.490575
vn 0.303907 0.952655 0.009473
vn 0.303907 0.952655 0.009473
vn 0.303907 0.952655 0.009473
vn 0.541294 -0.488124 0.684643
vn 0.541294 -0.488124 0.684643
vn 0.541294 -0.488124 0.684643
vn -0.348920 -0.422663 0.836427
vn -0.348920 -0.422663 0.836427
vn -0.348920 -0.422663 0.836427
vn 0.528379 0.592473 0.608105
vn 0.528379 0.592473 0.608105
vn 0.528379 0.592473 0.608105
vn 0.238419 0.539429 0.807572
vn 0.238419 0.539429 0.807572
vn 0.238419 0.539429 0.807572
vn 0.696090 0.487083 0.527455
vn 0.696090 0.487083 0.527455
vn 0.696090 0.487083 0.527455
vn 0.342140 0.123717 0.931469
vn 0.342140 0.123717 0.931469
vn 0.342140 0.123717 0.931469
vn 0.320403 0.623320 0.713312
vn 0.320403 0.623320 0.713312
vn 0.320403 0.623320 0.713312
vn -0.091634 -0.723446 0.684273
vn -0.091634 -0.723446 0.684273
vn -0.091634 -0.723446 0.684273
vn 0.737283 0.639750 0.217103
vn 0.737283 0.639750 0.217103
vn 0.737283 0.639750 0.217103
vn -0.873364 -0.443883 -0.200510
vn -0.873364 -0.443883 -0.200510
vn -0.873364 -0.443883 -0.200510
vn 0.346176 0.876009 -0.335812
vn 0.346176 0.876009 -0.335812
vn 0.346176 0.876009 -0.335812
vn 0.611197 0.664689 -0.429683
vn 0.611197 0.664689 -0.429683
vn 0.611197 0.664689 -0.429683
vn -0.662242 0.359278 -0.657537
vn -0.662242 0.359278 -0.657537
vn -0.662242 0.359278 -0.657537
vn 0.318067 -0.838212 0.442984
vn 0.318067 -0.838212 0.442984
vn 0.318067 -0.838212 0.442984
vn 0.042185 -0.931148 0.362194
vn 0.042185 -0.931148 0.362194
vn 0.042185 -0.931148 0.362194
vn 0.870527 0.182427 -0.457060
vn 0.870527 0.182427 -0.457060
vn 0.870527 0.182427 -0.457060
vn -0.089221 -0.623769 -0.776500
vn -0.089221 -0.623769 -0.776500
vn -0.089221 -0.623769 -0.776500
vn 0.101830 -0.511735 -0.853087
vn 0.101830 -0.511735 -0.853087
vn 0.101830 -0.511735 -0.853087
vn -0.087779 0.983691 0.156993
vn -0.087779 0.983691 0.156993
vn -0.087779 0.983691 0.156993
vn 0.297734 -0.232912 -0.925800
vn 0.297734 -0.232912 -0.925800
vn 0.297734 -0.232912 -0.925800
vn -0.525656 -0.300842 -0.795726
vn -0.525656 -0.300842 -0.795726
vn -0.525656 -0.300842 -0.795726
vn 0.532323 0.684556 0.498011
vn 0.532323 0.684556 0.498011
vn 0.532323 0.684556 0.498011
vn 0.283443 0.608501 -0.741206
vn 0.283443 0.608501 -0.741206
vn 0.283443 0.608501 -0.741206
vn 0.885067 -0.397337 0.242446
vn 0.885067 -0.397337 0.242446
vn 0.885067 -0.397337 0.242446
vn -0.125379 0.649711 -0.749771
vn -0.125379 0.649711 -0.749771
vn -0.125379 0.649711 -0.749771
vn -0.657384 -0.753526 -0.006726
vn -0.657384 -0.753526 -0.006726
vn -0.657384 -0.753526 -0.006726
vn 0.372855 0.711655 0.595421
vn 0.372855 0.711655 0.595421
vn 0.372855 0.711655 0.595421
vn 0.100417 0.338680 0.935528
vn 0.100417 0.338680 0.935528
vn 0.100417 0.338680 0.935528
vn -0.023729 0.440435 -0.897471
vn -0.023729 0.440435 -0.897471
vn -0.023729 0.440435 -0.897471
vn 0.890392 0.273903 0.363563
vn 0.890392 0.273903 0.363563
vn 0.890392 0.273903 0.363563
vn 0.146882 -0.983877 -0.102033
vn 0.146882 -0.983877 -0.102033
vn 0.146882 -0.983877 -0.102033
vn -0.195558 0.256498 0.946555
vn -0.195558 0.256498 0.946555
vn -0.195558 0.256498 0.946555
vn 0.491357 0.605580 -0.625972
vn 0.491357 0.605580 -0.625972
vn 0.491357 0.605580 -0.625972
vn 0.805896 -0.049461 0.589988
vn 0.805896 -0.049461 0.589988
vn 0.805896 -0.049461 0.589988
vn 0.510514 -0.774251 0.374047
vn 0.510514 -0.774251 0.374047
vn 0.510514 -0.774251 0.374047
vn 0.606350 -0.762885 0.224380
vn 0.606350 -0.762885 0.224380
vn 0.606350 -0.762885 0.224380
vn -0.309940 0.681364 -0.663083
vn -0.309940 0.681364 -0.663083
vn -0.309940 0.681364 -0.663083
vn 0.461147 0.546115 0.699358
vn 0.461147 0.546115 0.699358
vn 0.461147 0.546115 0.699358
vn 0.688404 0.319894 -0.650974
vn 0.688404 0.319894 -0.650974
vn 0.688404 0.319894 -0.650974
vn 0.835004 0.369925 0.407336
vn 0.835004 0.369925 0.407336
vn 0.835004 0.369925 0.407336
vn 0.592711 0.593492 0.544483
vn 0.592711 0.593492 0.544483
vn 0.592711 0.593492 0.544483
vn -0.359773 -0.167964 0.917797
vn -0.359773 -0.167964 0.917797
vn -0.359773 -0.167964 0.917797
vn 0.794200 0.033830 0.606713
vn 0.794200 0.033830 0.606713
vn 0.794200 0.033830 0.606713
vn 0.203676 0.907866 -0.366464
vn 0.203676 0.907866 -0.366464
vn 0.203676 0.907866 -0.366464
vn 0.944772 0.069629 -0.320246
vn 0.944772 0.069629 -0.320246
vn 0.944772 0.069629 -0.320246
vn 0.952382 0.238909 0.189449
vn 0.952382 0.238909 0.189449
vn 0.952382 0.238909 0.189449
vn -0.866117 -0.183457 -0.464957
vn -0.866117 -0.183457 -0.464957
vn -0.866117 -0.183457 -0.464957
vn -0.089930 -0.730862 0.676575
vn -0.089930 -0.730862 0.676575
vn -0.089930 -0.730862 0.676575
vn -0.395779 -0.541161 -0.741960
vn -0.395779 -0.541161 -0.741960
vn -0.395779 -0.541161 -0.741960
vn 0.080552 0.347572 -0.934187
vn 0.080552 0.347572 -0.934187
vn 0.080552 0.347572 -0.934187
vn -0.653985 -0.730203 -0.197756
vn -0.653985 -0.730203 -0.197756
vn -0.653985 -0.730203 -0.197756
vn -0.387969 -0.894025 0.224052
vn -0.387969 -0.894025 0.224052
vn -0.387969 -0.894025 0.224052
vn 0.996184 0.052564 -0.069679
vn 0.996184 0.052564 -0.069679
vn 0.996184 0.052564 -0.069679
vn -0.650525 -0.752692 0.101350
vn -0.650525 -0.752692 0.101350
vn -0.650525 -0.752692 0.101350
vn 0.968783 -0.241427 0.056325
vn 0.968783 -0.241427 0.056325
vn 0.968783 -0.241427 0.056325
vn 0.847625 0.527947 0.052941
vn 0.847625 0.527947 0.052941
vn 0.847625 0.527947 0.052941
vn -0.422339 0.334965 -0.842276
vn -0.422339 0.334965 -0.842276
vn -0.422339 0.334965 -0.842276
vn -0.706840 0.659237 -0.256483
vn -0.706840 0.659237 -0.256483
vn -0.706840 0.659237 -0.256483
vn -0.509237 -0.761660 0.400689
vn -0.509237 -0.761660 0.400689
vn -0.509237 -0.761660 0.400689
vn 0.480244 -0.875679 0.050523
vn 0.480244 -0.875679 0.050523
vn 0.480244 -0.875679 0.050523
vn 0.393884 0.757619 -0.520450
vn 0.393884 0.757619 -0.520450
vn 0.393884 0.757619 -0.520450
vn -0.308069 -0.905518 0.291772
vn -0.308069 -0.905518 0.291772
vn -0.308069 -0.905518 0.291772
vn -0.134613 -0.930727 -0.340038
vn -0.134613 -0.930727 -0.340038
vn -0.134613 -0.930727 -0.340038
vn -0.710061 0.587142 -0.388687
vn -0.710061 0.587142 -0.388687
vn -0.710061 0.587142 -0.388687
vn -0.413445 -0.513742 0.751753
vn -0.413445 -0.513742 0.751753
vn -0.413445 -0.513742 0.751753
vn -0.250412 -0.090834 0.963869
vn -0.250412 -0.090834 0.963869
vn -0.250412 -0.090834 0.963869
vn -0.104359 0.193618 -0.975511
vn -0.104359 0.193618 -0.975511
vn -0.104359 0.193618 -0.975511
vn -0.834651 0.305778 0.458102
vn -0.834651 0.305778 0.458102
vn -0.834651 0.305778 0.458102
vn -0.758076 -0.581197 0.295856
vn -0.758076 -0.581197 0.295856
vn -0.758076 -0.581197 0.295856
vn -0.931577 0.359188 -0.056113
vn -0.931577 0.359188 -0.056113
vn -0.931577 0.359188 -0.056113
vn 0.321966 -0.946575 0.018287
vn 0.321966 -0.946575 0.018287
vn 0.321966 -0.946575 0.018287
vn -0.710676 -0.684781 -0.161291
vn -0.710676 -0.684781 -0.161291
vn -0.710676 -0.684781 -0.161291
vn -0.318863 -0.474218 -0.820636
vn -0.318863 -0.474218 -0.820636
vn -0.318863 -0.474218 -0.820636
vn 0.769870 0.638181 0.004956
vn 0.769870 0.638181 0.004956
vn 0.769870 0.638181 0.004956
vn 0.628751 -0.777552 -0.009277
vn 0.628751 -0.777552 -0.009277
vn 0.628751 -0.777552 -0.009277
vn -0.744612 0.213769 0.632341
vn -0.744612 0.213769 0.632341
vn -0.744612 0.213769 0.632341
vn -0.966855 -0.149777 0.206778
vn -0.966855 -0.149777 0.206778
vn -0.966855 -0.149777 0.206778
vn -0.970784 -0.065885 -0.230735
vn -0.970784 -0.065885 -0.230735
vn -0.970784 -0.065885 -0.230735
vn -0.747306 -0.474880 -0.464783
vn -0.747306 -0.474880 -0.464783
vn -0.747306 -0.474880 -0.464783
vn -0.625445 -0.376325 0.683519
vn -0.625445 -0.376325 0.683519
vn -0.625445 -0.376325 0.683519
vn 0.730941 0.515740 -0.446919
vn 0.730941 0.515740 -0.446919
vn 0.730941 0.515740 -0.446919
vn -0.501099 0.667075 0.551281
vn -0.501099 0.667075 0.551281
vn -0.501099 0.667075 0.551281
vn 0.442647 0.643372 0.624609
vn 0.442647 0.643372 0.624609
vn 0.442647 0.643372 0.624609
vn -0.141317 0.120480 0.982606
vn -0.141317 0.120480 0.982606
vn -0.141317 0.120480 0.982606
vn 0.410453 -0.539310 -0.735304
vn 0.410453 -0.539310 -0.735304
vn 0.410453 -0.539310 -0.735304
vn -0.122782 -0.963408 -0.238262
vn -0.122782 -0.963408 -0.238262
vn -0.122782 -0.963408 -0.238262
vn 0.620540 0.245560 0.744735
vn 0.620540 0.245560 0.744735
vn 0.620540 0.245560 0.744735
vn 0.929518 -0.083308 -0.359244
vn 0.929518 -0.083308 -0.359244
vn 0.929518 -0.083308 -0.359244
vn -0.871074 0.479977 -0.104177
vn -0.871074 0.479977 -0.104177
vn -0.871074 0.479977 -0.104177
vn -0.278922 0.731426 -0.622268
vn -0.278922 0.731426 -0.622268
vn -0.278922 0.731426 -0.622268
vn 0.643388 -0.716198 -0.270392
vn 0.643388 -0.716198 -0.270392
vn 0.643388 -0.716198 -0.270392
vn 0.078141 -0.980025 -0.182878
vn 0.078141 -0.980025 -0.182878
vn 0.078141 -0.980025 -0.182878
vn 0.534371 -0.471812 -0.701314
vn 0.534371 -0.471812 -0.701314
vn 0.534371 -0.471812 -0.701314
vn 0.359936 -0.029288 -0.932517
vn 0.359936 -0.029288 -0.932517
vn 0.359936 -0.029288 -0.932517
vn -0.506998 0.042263 -0.860910
vn -0.506998 0.042263 -0.860910
vn -0.506998 0.042263 -0.860910
vn 0.551980 -0.400148 0.731574
vn 0.551980 -0.400148 0.731574
vn 0.551980 -0.400148 0.731574
vn 0.822025 0.193413 -0.535600
vn 0.822025 0.193413 -0.535600
vn 0.822025 0.193413 -0.535600
vn 0.996287 0.080599 0.030263
vn 0.996287 0.080599 0.030263
vn 0.996287 0.080599 0.030263
vn 0.791490 -0.606310 -0.077013
vn 0.791490 -0.606310 -0.077013
vn 0.791490 -0.606310 -0.077013
vn -0.387189 0.342564 0.855999
vn -0.387189 0.342564 0.855999
vn -0.387189 0.342564 0.855999
vn 0.199169 -0.770120 0.606009
vn 0.199169 -0.770120 0.606009
vn 0.199169 -0.770120 0.606009
vn 0.421602 0.255873 0.869931
vn 0.421602 0.255873 0.869931
vn 0.421602 0.255873 0.869931
vn 0.638903 0.482615 0.599071
vn 0.638903 0.482615 0.599071
vn 0.638903 0.482615 0.599071
vn 0.282128 -0.958213 -0.047232
vn 0.282128 -0.958213 -0.047232
vn 0.282128 -0.958213 -0.047232
vn -0.791038 0.441826 -0.423142
vn -0.791038 0.441826 -0.423142
vn -0.791038 0.441826 -0.423142
vn -0.587624 -0.809058 0.011061
vn -0.587624 -0.809058 0.011061
vn -0.587624 -0.809058 0.011061
vn 0.410624 -0.268849 -0.871268
vn 0.410624 -0.268849 -0.871268
vn 0.410624 -0.268849 -0.871268
vn 0.682680 0.703155 -0.198802
vn 0.682680 0.703155 -0.198802
vn 0.682680 0.703155 -0.198802
vn -0.889969 0.300993 0.342576
vn -0.889969 0.300993 0.342576
vn -0.889969 0.300993 0.342576
vn 0.395013 0.733905 -0.552583
vn 0.395013 0.733905 -0.552583
vn 0.395013 0.733905 -0.552583
vn -0.553065 -0.814496 0.175257
vn -0.553065 -0.814496 0.175257
vn -0.553065 -0.814496 0.175257
vn -0.844843 0.231885 -0.482151
vn -0.844843 0.231885 -0.482151
vn -0.844843 0.231885 -0.482151
vn -0.279582 0.175619 0.943924
vn -0.279582 0.175619 0.943924
vn -0.279582 0.175619 0.943924
vn -0.719118 -0.031447 0.694177
vn -0.719118 -0.031447 0.694177
vn -0.719118 -0.031447 0.694177
vn 0.897129 0.199754 -0.394028
vn 0.897129 0.199754 -0.394028
vn 0.897129 0.199754 -0.394028
vn 0.879055 -0.428887 -0.208128
vn 0.879055 -0.428887 -0.208128
vn 0.879055 -0.428887 -0.208128
vn -0.289599 -0.629696 -0.720843
vn -0.289599 -0.629696 -0.720843
vn -0.289599 -0.629696 -0.720843
vn 0.837136 0.223632 0.499192
vn 0.837136 0.223632 0.499192
vn 0.837136 0.223632 0.499192
vn 0.444977 -0.820978 0.357758
vn 0.444977 -0.820978 0.357758
vn 0.444977 -0.820978 0.357758
vn -0.070849 0.592206 -0.802666
vn -0.070849 0.592206 -0.802666
vn -0.070849 0.592206 -0.802666
vn -0.460934 0.884440 0.072837
vn -0.460934 0.884440 0.072837
vn -0.460934 0.884440 0.072837
vn 0.669904 -0.703656 0.236847
vn 0.669904 -0.703656 0.236847
vn 0.669904 -0.703656 0.236847
vn 0.721714 0.001131 0.692190
vn 0.721714 0.001131 0.692190
vn 0.721714 0.001131 0.692190
vn 0.760088 0.497302 0.418279
vn 0.760088 0.497302 0.418279
vn 0.760088 0.497302 0.418279
vn -0.439967 0.120925 -0.889835
vn -0.439967 0.120925 -0.889835
vn -0.439967 0.120925 -0.889835
vn 0.708326 0.282324 0.646967
vn 0.708326 0.282324 0.646967
vn 0.708326 0.282324 0.646967
vn 0.988809 0.148793 -0.010885
vn 0.988809 0.148793 -0.010885
vn 0.988809 0.148793 -0.010885
vn -0.670505 -0.391951 0.629919
vn -0.670505 -0.391951 0.629919
vn -0.670505 -0.391951 0.629919
vn -0.569673 -0.014664 0.821740
vn -0.569673 -0.014664 0.821740
vn -0.569673 -0.014664 0.821740
vn -0.535564 0.710996 -0.455693
vn -0.535564 0.710996 -0.455693
vn -0.535564 0.710996 -0.455693
vn -0.444982 -0.549736 -0.706952
vn -0.444982 -0.549736 -0.706952
vn -0.444982 -0.549736 -0.706952
vn -0.435220 -0.571172 0.695950
vn -0.435220 -0.571172 0.695950
vn -0.435220 -0.571172 0.695950
vn 0.235051 -0.496088 -0.835851
vn 0.235051 -0.496088 -0.835851
vn 0.235051 -0.496088 -0.835851
vn -0.473748 -0.140032 -0.869456
vn -0.473748 -0.140032 -0.869456
vn -0.473748 -0.140032 -0.869456
vn 0.712227 -0.186287 0.676779
vn 0.712227 -0.186287 0.676779
vn 0.712227 -0.186287 0.676779
vn -0.608915 0.480249 -0.631335
vn -0.608915 0.480249 -0.631335
vn -0.608915 0.480249 -0.631335
vn -0.872414 0.077550 -0.482576
vn -0.872414 0.077550 -0.482576
vn -0.872414 0.077550 -0.482576
vn -0.854285 -0.436957 -0.281541
vn -0.854285 -0.436957 -0.281541
vn -0.854285 -0.436957 -0.281541
vn 0.325109 -0.832282 0.449011
vn 0.325109 -0.832282 0.449011
vn 0.325109 -0.832282 0.449011
vn -0.045040 -0.079488 0.995818
vn -0.045040 -0.079488 0.995818
vn -0.045040 -0.079488 0.995818
vn 0.585960 -0.771816 -0.246884
vn 0.585960 -0.771816 -0.246884
vn 0.585960 -0.771816 -0.246884
vn -0.037283 -0.986715 -0.158124
vn -0.037283 -0.986715 -0.158124
vn -0.037283 -0.986715 -0.158124
vn -0.249818 0.593661 -0.764956
vn -0.249818 0.593661 -0.764956
vn -0.249818 0.593661 -0.764956
vn -0.458518 0.315229 -0.830898
vn -0.458518 0.315229 -0.830898
vn -0.458518 0.315229 -0.830898
vn -0.792124 -0.115453 0.599342
vn -0.792124 -0.115453 0.599342
vn -0.792124 -0.115453 0.599342
vn 0.368596 -0.781558 -0.503294
vn 0.368596 -0.781558 -0.503294
vn 0.368596 -0.781558 -0.503294
vn 0.449359 0.544983 -0.707863
vn 0.449359 0.544983 -0.707863
vn 0.449359 0.544983 -0.707863
vn -0.071347 -0.913628 0.400241
vn -0.071347 -0.913628 0.400241
vn -0.071347 -0.913628 0.400241
vn 0.605048 0.103485 -0.789435
vn 0.605048 0.103485 -0.789435
vn 0.605048 0.103485 -0.789435
vn -0.299813 0.185988 -0.935693
vn -0.299813 0.185988 -0.935693
vn -0.299813 0.185988 -0.935693
vn 0.664085 0.667400 0.336997
vn 0.664085 0.667400 0.336997
vn 0.664085 0.667400 0.336997
vn 0.062298 0.783588 0.618149
vn 0.062298 0.783588 0.618149
vn 0.062298 0.783588 0.618149
vn 0.303070 0.042089 0.952038
vn 0.303070 0.042089 0.952038
vn 0.303070 0.042089 0.952038
vn -0.595662 0.050803 -0.801627
vn -0.595662 0.050803 -0.801627
vn -0.595662 0.050803 -0.801627
vn -0.403265 -0.914640 -0.028492
vn -0.403265 -0.914640 -0.028492
vn -0.403265 -0.914640 -0.028492
vn -0.873456 -0.166838 0.457427
vn -0.873456 -0.166838 0.457427
vn -0.873456 -0.166838 0.457427
vn 0.299625 0.944491 0.134765
vn 0.299625 0.944491 0.134765
vn 0.299625 0.944491 0.134765
vn 0.871985 -0.313555 0.375932
vn 0.871985 -0.313555 0.375932
vn 0.871985 -0.313555 0.375932
vn -0.289100 0.956225 -0.045339
vn -0.289100 0.956225 -0.045339
vn -0.289100 0.956225 -0.045339
vn 0.326656 0.191068 0.925629
vn 0.326656 0.191068 0.925629
vn 0.326656 0.191068 0.925629
vn 0.972263 -0.197789 -0.124838
vn 0.972263 -0.197789 -0.124838
vn 0.972263 -0.197789 -0.124838
vn -0.328149 0.625033 0.708274
vn -0.328149 0.625033 0.708274
vn -0.328149 0.625033 0.708274
vn 0.525662 0.715721 -0.459808
vn 0.525662 0.715721 -0.459808
vn 0.525662 0.715721 -0.459808
vn 0.023550 0.727200 0.686022
vn 0.023550 0.727200 0.686022
vn 0.023550 0.727200 0.686022
vn -0.448330 -0.891361 -0.066902
vn -0.448330 -0.891361 -0.066902
vn -0.448330 -0.891361 -0.066902
vn 0.707569 0.317998 -0.631049
vn 0.707569 0.317998 -0.631049
vn 0.707569 0.317998 -0.631049
vn 0.468209 0.598835 -0.649751
vn 0.468209 0.598835 -0.649751
vn 0.468209 0.598835 -0.649751
vn -0.460656 -0.392620 -0.796019
vn -0.460656 -0.392620 -0.796019
vn -0.460656 -0.392620 -0.796019
vn -0.757610 -0.635769 -0.147729
vn -0.757610 -0.635769 -0.147729
vn -0.757610 -0.635769 -0.147729
vn 0.121582 0.186013 -0.974996
vn 0.121582 0.186013 -0.974996
vn 0.121582 0.186013 -0.974996
vn -0.646979 0.082441 0.758038
vn -0.646979 0.082441 0.758038
vn -0.646979 0.082441 0.758038
vn 0.925655 -0.059893 0.373599
vn 0.925655 -0.059893 0.373599
vn 0.925655 -0.059893 0.373599
vn 0.605208 0.290568 -0.741143
vn 0.605208 0.290568 -0.741143
vn 0.605208 0.290568 -0.741143
vn -0.764678 -0.642675 -0.047295
vn -0.764678 -0.642675 -0.047295
vn -0.764678 -0.642675 -0.047295
vn -0.917798 0.288408 0.272886
vn -0.917798 0.288408 0.272886
vn -0.917798 0.288408 0.272886
vn 0.713934 0.168161 0.679720
vn 0.713934 0.168161 0.679720
vn 0.713934 0.168161 0.679720
vn 0.240673 0.787074 -0.567971
vn 0.240673 0.787074 -0.567971
vn 0.240673 0.787074 -0.567971
vn 0.913888 -0.138895 -0.381468
vn 0.913888 -0.138895 -0.381468
vn 0.913888 -0.138895 -0.381468
vn -0.704743 -0.319946 0.633223
vn -0.704743 -0.319946 0.633223
vn -0.704743 -0.319946 0.633223
vn -0.333756 -0.595139 -0.731038
vn -0.333756 -0.595139 -0.731038
vn -0.333756 -0.595139 -0.731038
vn -0.082054 0.249054 -0.965007
vn -0.082054 0.249054 -0.965007
vn -0.082054 0.249054 -0.965007
vn -0.275394 -0.232801 0.932717
vn -0.275394 -0.232801 0.932717
vn -0.275394 -0.232801 0.932717
vn 0.632643 0.465224 0.619135
vn 0.632643 0.465224 0.619135
vn 0.632643 0.465224 0.619135
vn -0.435839 -0.583190 -0.685517
vn -0.435839 -0.583190 -0.685517
vn -0.435839 -0.583190 -0.685517
vn 0.444172 0.668595 -0.596399
vn 0.444172 0.668595 -0.596399
vn 0.444172 0.668595 -0.596399
vn -0.900324 -0.418097 0.120881
vn -0.900324 -0.418097 0.120881
vn -0.900324 -0.418097 0.120881
vn -0.487437 -0.056765 0.871311
vn -0.487437 -0.056765 0.871311
vn -0.487437 -0.056765 0.871311
vn -0.696425 0.652418 -0.298903
vn -0.696425 0.652418 -0.298903
vn -0.696425 0.652418 -0.298903
vn 0.358500 0.573232 -0.736806
vn 0.358500 0.573232 -0.736806
vn 0.358500 0.573232 -0.736806
vn 0.670955 -0.733170 -0.110820
vn 0.670955 -0.733170 -0.110820
vn 0.670955 -0.733170 -0.110820
vn 0.322546 -0.023421 0.946264
vn 0.322546 -0.023421 0.946264
vn 0.322546 -0.023421 0.946264
vn -0.737107 -0.576813 -0.352079
vn -0.737107 -0.576813 -0.352079
vn -0.737107 -0.576813 -0.352079
vn 0.523401 0.803045 0.284902
vn 0.523401 0.803045 0.284902
vn 0.523401 0.803045 0.284902
vn 0.506308 0.797216 -0.328783
vn 0.506308 0.797216 -0.328783
vn 0.506308 0.797216 -0.328783
vn 0.832176 0.400018 -0.384018
vn 0.832176 0.400018 -0.384018
vn 0.832176 0.400018 -0.384018
vn 0.909743 -0.034751 0.413714
vn 0.909743 -0.034751 0.413714
vn 0.909743 -0.034751 0.413714
vn 0.295137 -0.538290 -0.789391
vn 0.295137 -0.538290 -0.789391
vn 0.295137 -0.538290 -0.789391
vn -0.892908 -0.190637 -0.407887
vn -0.892908 -0.190637 -0.407887
vn -0.892908 -0.190637 -0.407887
vn -0.196892 -0.689274 0.697234
vn -0.196892 -0.689274 0.697234
vn -0.196892 -0.689274 0.697234
vn -0.983130 0.179489 0.035202
vn -0.983130 0.179489 0.035202
vn -0.983130 0.179489 0.035202
vn -0.301994 -0.565872 -0.767195
vn -0.301994 -0.565872 -0.767195
vn -0.301994 -0.565872 -0.767195
vn -0.560459 -0.656180 -0.505286
vn -0.560459 -0.656180 -0.505286
vn -0.560459 -0.656180 -0.505286
vn 0.381870 0.710747 -0.590774
vn 0.381870 0.710747 -0.590774
vn 0.381870 0.710747 -0.590774
vn 0.120555 0.948343 -0.293448
vn 0.120555 0.948343 -0.293448
vn 0.120555 0.948343 -0.293448
vn -0.044385 0.958226 0.282549
vn -0.044385 0.958226 0.282549
vn -0.044385 0.958226 0.282549
vn 0.321701 0.944231 0.070258
vn 0.321701 0.944231 0.070258
vn 0.321701 0.944231 0.070258
vn -0.806332 -0.503552 0.310264
vn -0.806332 -0.503552 0.310264
vn -0.806332 -0.503552 0.310264
vn 0.343320 -0.919161 0.193066
vn 0.343320 -0.919161 0.193066
vn 0.343320 -0.919161 0.193066
vn 0.589476 -0.619669 -0.518198
vn 0.589476 -0.619669 -0.518198
vn 0.589476 -0.619669 -0.518198
vn -0.957598 0.214075 0.192817
vn -0.957598 0.214075 0.192817
vn -0.957598 0.214075 0.192817
vn -0.129486 -0.443290 -0.886976
vn -0.129486 -0.443290 -0.886976
vn -0.129486 -0.443290 -0.886976
vn -0.785833 -0.051547 0.616287
vn -0.785833 -0.051547 0.616287
vn -0.785833 -0.051547 0.616287
vn -0.306203 -0.527333 -0.792565
vn -0.306203 -0.527333 -0.792565
vn -0.306203 -0.527333 -0.792565
vn -0.309088 -0.003082 0.951029
vn -0.309088 -0.003082 0.951029
vn -0.309088 -0.003082 0.951029
vn -0.559617 0.372900 0.740118
vn -0.559617 0.372900 0.740118
vn -0.559617 0.372900 0.740118
vn 0.115065 -0.694755 -0.709983
vn 0.115065 -0.694755 -0.709983
vn 0.115065 -0.694755 -0.709983
vn 0.297875 -0.183186 0.936864
vn 0.297875 -0.183186 0.936864
vn 0.297875 -0.183186 0.936864
vn 0.187944 0.794363 -0.577637
vn 0.187944 0.794363 -0.577637
vn 0.187944 0.794363 -0.577637
vn 0.851983 0.306993 -0.424122
vn 0.851983 0.306993 -0.424122
vn 0.851983 0.306993 -0.424122
vn -0.996767 0.079563 -0.011177
vn -0.996767 0.079563 -0.011177
vn -0.996767 0.079563 -0.011177
vn -0.910814 0.324137 -0.255644
vn -0.910814 0.324137 -0.255644
vn -0.910814 0.324137 -0.255644
vn -0.284881 0.905137 0.315547
vn -0.284881 0.905137 0.315547
vn -0.284881 0.905137 0.315547
vn -0.820657 0.511814 0.254104
vn -0.820657 0.511814 0.254104
vn -0.820657 0.511814 0.254104
vn 0.155743 0.856538 0.492024
vn 0.155743 0.856538 0.492024
vn 0.155743 0.856538 0.492024
vn 0.250946 0.367718 0.895438
vn 0.250946 0.367718 0.895438
vn 0.250946 0.367718 0.895438
vn 0.152474 -0.194933 -0.968893
vn 0.152474 -0.194933 -0.968893
vn 0.152474 -0.194933 -0.968893
vn -0.533996 -0.771038 -0.346914
vn -0.533996 -0.771038 -0.346914
vn -0.533996 -0.771038 -0.346914
vn 0.050553 -0.017993 0.998559
vn 0.050553 -0.017993 0.998559
vn 0.050553 -0.017993 0.998559
vn -0.385432 -0.345312 0.855688
vn -0.385432 -0.345312 0.855688
vn -0.385432 -0.345312 0.855688
vn -0.920764 0.137203 0.365197
vn -0.920764 0.137203 0.365197
vn -0.920764 0.137203 0.365197
vn 0.206396 -0.476396 -0.854662
vn 0.206396 -0.476396 -0.854662
vn 0.206396 -0.476396 -0.854662
vn -0.716008 0.647781 0.260216
vn -0.716008 0.647781 0.260216
vn -0.716008 0.647781 0.260216
vn 0.081201 0.987965 -0.131646
vn 0.081201 0.987965 -0.131646
vn 0.081201 0.987965 -0.131646
vn 0.855823 0.507717 -0.098947
vn 0.855823 0.507717 -0.098947
vn 0.855823 0.507717 -0.098947
vn -0.751762 -0.377580 0.540636
vn -0.751762 -0.377580 0.540636
vn -0.751762 -0.377580 0.540636
vn 0.225807 -0.718654 0.657683
vn 0.225807 -0.718654 0.657683
vn 0.225807 -0.718654 0.657683
vn -0.116005 -0.239600 0.963916
vn -0.116005 -0.239600 0.963916
vn -0.116005 -0.239600 0.963916
vn 0.579218 0.373254 0.724698
vn 0.579218 0.373254 0.724698
vn 0.579218 0.373254 0.724698
vn -0.007899 -0.261191 0.965255
vn -0.007899 -0.261191 0.965255
vn -0.007899 -0.261191 0.965255
vn -0.314692 -0.409130 0.856494
vn -0.314692 -0.409130 0.856494
vn -0.314692 -0.409130 0.856494
vn 0.375990 -0.754922 -0.537331
vn 0.375990 -0.754922 -0.537331
vn 0.375990 -0.754922 -0.537331
vn -0.274593 0.908435 -0.315191
vn -0.274593 0.908435 -0.315191
vn -0.274593 0.908435 -0.315191
vn 0.888426 -0.306936 0.341305
vn 0.888426 -0.306936 0.341305
vn 0.888426 -0.306936 0.341305
vn -0.031798 -0.900712 0.433252
vn -0.031798 -0.900712 0.433252
vn -0.031798 -0.900712 0.433252
vn 0.565340 -0.080399 -0.820931
vn 0.565340 -0.080399 -0.820931
vn 0.565340 -0.080399 -0.820931
vn 0.412131 -0.167303 -0.895633
vn 0.412131 -0.167303 -0.895633
vn 0.412131 -0.167303 -0.895633
vn 0.956296 -0.287700 0.052216
vn 0.956296 -0.287700 0.052216
vn 0.956296 -0.287700 0.052216
vn 0.932687 -0.300881 -0.198910
vn 0.932687 -0.300881 -0.198910
vn 0.932687 -0.300881 -0.198910
vn -0.774250 0.033878 0.631972
vn -0.774250 0.033878 0.631972
vn -0.774250 0.033878 0.631972
vn 0.412073 -0.342701 -0.844246
vn 0.412073 -0.342701 -0.844246
vn 0.412073 -0.342701 -0.844246
vn 0.141408 -0.420744 -0.896091
vn 0.141408 -0.420744 -0.896091
vn 0.141408 -0.420744 -0.896091
vn -0.919797 0.361534 -0.152536
vn -0.919797 0.361534 -0.152536
vn -0.919797 0.361534 -0.152536
vn 0.477572 0.397219 0.783672
vn 0.477572 0.397219 0.783672
vn 0.477572 0.397219 0.783672
vn -0.457720 -0.492920 0.739948
vn -0.457720 -0.492920 0.739948
vn -0.457720 -0.492920 0.739948
vn -0.611385 -0.100307 0.784950
vn -0.611385 -0.100307 0.784950
vn -0.611385 -0.100307 0.784950
vn 0.784838 0.534138 -0.314207
vn 0.784838 0.534138 -0.314207
vn 0.784838 0.534138 -0.314207
vn 0.241121 0.952614 0.185440
vn 0.241121 0.952614 0.185440
vn 0.241121 0.952614 0.185440
vn -0.069243 -0.236389 -0.969188
vn -0.069243 -0.236389 -0.969188
vn -0.069243 -0.236389 -0.969188
vn 0.774270 0.333311 -0.537968
vn 0.774270 0.333311 -0.537968
vn 0.774270 0.333311 -0.537968
vn -0.722398 -0.470013 -0.507177
vn -0.722398 -0.470013 -0.507177
vn -0.722398 -0.470013 -0.507177
vn -0.796823 0.531446 0.287469
vn -0.796823 0.531446 0.287469
vn -0.796823 0.531446 0.287469
vn -0.757112 -0.030662 0.652565
vn -0.757112 -0.030662 0.652565
vn -0.757112 -0.030662 0.652565
vn 0.563532 0.774201 -0.288176
vn 0.563532 0.774201 -0.288176
vn 0.563532 0.774201 -0.288176
vn -0.005711 0.739284 -0.673370
vn -0.005711 0.739284 -0.673370
vn -0.005711 0.739284 -0.673370
vn 0.724111 -0.594243 0.350056
vn 0.724111 -0.594243 0.350056
vn 0.724111 -0.594243 0.350056
vn 0.143389 -0.448215 -0.882351
vn 0.143389 -0.448215 -0.882351
vn 0.143389 -0.448215 -0.882351
vn 0.611352 -0.765631 0.200144
vn 0.611352 -0.765631 0.200144
vn 0.611352 -0.765631 0.200144
vn 0.004896 -0.962231 0.272190
vn 0.004896 -0.962231 0.272190
vn 0.004896 -0.962231 0.272190
vn 0.844166 -0.502204 -0.187553
vn 0.844166 -0.502204 -0.187553
vn 0.844166 -0.502204 -0.187553
vn 0.871879 0.306695 0.381793
vn 0.871879 0.306695 0.381793
vn 0.871879 0.306695 0.381793
vn -0.554345 -0.315321 0.770243
vn -0.554345 -0.315321 0.770243
vn -0.554345 -0.315321 0.770243
vn 0.546484 0.722486 0.423520
vn 0.546484 0.722486 0.423520
vn 0.546484 0.722486 0.423520
vn -0.589290 0.529097 -0.610568
vn -0.589290 0.529097 -0.610568
vn -0.589290 0.529097 -0.610568
vn 0.352169 -0.698698 -0.622734
vn 0.352169 -0.698698 -0.622734
vn 0.352169 -0.698698 -0.622734
vn -0.960971 -0.006237 -0.276577
vn -0.960971 -0.006237 -0.276577
vn -0.960971 -0.006237 -0.276577
vn -0.125315 0.065763 0.989935
vn -0.125315 0.065763 0.989935
vn -0.125315 0.065763 0.989935
vn 0.859495 0.302819 -0.411787
vn 0.859495 0.302819 -0.411787
vn 0.859495 0.302819 -0.411787
vn 0.642101 0.510126 -0.572257
vn 0.642101 0.510126 -0.572257
vn 0.642101 0.510126 -0.572257
vn 0.758270 0.648612 -0.065785
vn 0.758270 0.648612 -0.065785
vn 0.758270 0.648612 -0.065785
vn 0.167286 0.893348 -0.417067
vn 0.167286 0.893348 -0.417067
vn 0.167286 0.893348 -0.417067
vn 0.205747 -0.916562 0.342902
vn 0.205747 -0.916562 0.342902
vn 0.205747 -0.916562 0.342902
vn 0.005893 0.988803 -0.149111
vn 0.005893 0.988803 -0.149111
vn 0.005893 0.988803 -0.149111
vn 0.238685 -0.737697 -0.631531
vn 0.238685 -0.737697 -0.631531
vn 0.238685 -0.737697 -0.631531
vn -0.447219 -0.166605 0.878771
vn -0.447219 -0.166605 0.878771
vn -0.447219 -0.166605 0.878771
vn -0.987176 -0.129522 -0.093313
vn -0.987176 -0.129522 -0.093313
vn -0.987176 -0.129522 -0.093313
vn -0.941580 -0.253772 -0.221421
vn -0.941580 -0.253772 -0.221421
vn -0.941580 -0.253772 -0.221421
vn 0.385656 0.922601 0.008815
vn 0.385656 0.922601 0.008815
vn 0.385656 0.922601 0.008815
vn 0.883664 -0.087035 0.459959
vn 0.883664 -0.087035 0.459959
vn 0.883664 -0.087035 0.459959
vn -0.096768 -0.610397 0.786163
vn -0.096768 -0.610397 0.786163
vn -0.096768 -0.610397 0.786163
vn 0.278060 -0.939969 0.197839
vn 0.278060 -0.939969 0.197839
vn 0.278060 -0.939969 0.197839
vn -0.793081 0.102318 -0.600461
vn -0.793081 0.102318 -0.600461
vn -0.793081 0.102318 -0.600461
vn 0.804188 0.587950 0.087160
vn 0.804188 0.587950 0.087160
vn 0.804188 0.587950 0.087160
vn 0.299143 -0.508837 -0.807216
vn 0.299143 -0.508837 -0.807216
vn 0.299143 -0.508837 -0.807216
vn 0.013180 -0.189803 -0.981734
vn 0.013180 -0.189803 -0.981734
vn 0.013180 -0.189803 -0.981734
vn -0.912115 0.300547 0.278779
vn -0.912115 0.300547 0.278779
vn -0.912115 0.300547 0.278779
vn 0.376717 0.228361 0.897739
vn 0.376717 0.228361 0.897739
vn 0.376717 0.228361 0.897739
vn 0.019657 0.928542 0.370706
vn 0.019657 0.928542 0.370706
vn 0.019657 0.928542 0.370706
vn -0.264645 0.879195 0.396206
vn -0.264645 0.879195 0.396206
vn -0.264645 0.879195 0.396206
vn 0.285196 -0.899301 -0.331542
vn 0.285196 -0.899301 -0.331542
vn 0.285196 -0.899301 -0.331542
vn 0.500852 0.713156 -0.490465
vn 0.500852 0.713156 -0.490465
vn 0.500852 0.713156 -0.490465
vn -0.366848 -0.681466 0.633267
vn -0.366848 -0.681466 0.633267
vn -0.366848 -0.681466 0.633267
vn -0.254959 -0.635023 -0.729207
vn -0.254959 -0.635023 -0.729207
vn -0.254959 -0.635023 -0.729207
vn -0.464262 -0.414851 -0.782534
vn -0.464262 -0.414851 -0.782534
vn -0.464262 -0.414851 -0.782534
vn 0.110058 -0.993856 -0.011720
vn 0.110058 -0.993856 -0.011720
vn 0.110058 -0.993856 -0.011720
vn -0.704886 0.704849 -0.079523
vn -0.704886 0.704849 -0.079523
vn -0.704886 0.704849 -0.079523
vn -0.333472 0.874558 -0.352058
vn -0.333472 0.874558 -0.352058
vn -0.333472 0.874558 -0.352058
vn -0.959012 0.242607 -0.146418
vn -0.959012 0.242607 -0.146418
vn -0.959012 0.242607 -0.146418
vn -0.727774 -0.455789 0.512446
vn -0.727774 -0.455789 0.512446
vn -0.727774 -0.455789 0.512446
vn 0.969690 0.240730 -0.041834
vn 0.969690 0.240730 -0.041834
vn 0.969690 0.240730 -0.041834
vn -0.833976 0.405361 -0.374389
vn -0.833976 0.405361 -0.374389
vn -0.833976 0.405361 -0.374389
vn -0.382329 0.882400 0.274216
vn -0.382329 0.882400 0.274216
vn -0.382329 0.882400 0.274216
vn 0.012437 -0.612136 0.790654
vn 0.012437 -0.612136 0.790654
vn 0.012437 -0.612136 0.790654
vn 0.503649 -0.843695 0.185786
vn 0.503649 -0.843695 0.185786
vn 0.503649 -0.843695 0.185786
vn -0.358693 0.863293 -0.355056
vn -0.358693 0.863293 -0.355056
vn -0.358693 0.863293 -0.355056
vn 0.994877 -0.095391 -0.033467
vn 0.994877 -0.095391 -0.033467
vn 0.994877 -0.095391 -0.033467
vn -0.250138 -0.860706 -0.443414
vn -0.250138 -0.860706 -0.443414
vn -0.250138 -0.860706 -0.443414
vn -0.498565 -0.573871 0.649696
vn -0.498565 -0.573871 0.649696
vn -0.498565 -0.573871 0.649696
vn -0.123706 0.992283 -0.008476
vn -0.123706 0.992283 -0.008476
vn -0.123706 0.992283 -0.008476
vn 0.979326 -0.175003 -0.101457
vn 0.979326 -0.175003 -0.101457
vn 0.979326 -0.175003 -0.101457
vn -0.977556 0.129178 0.166424
vn -0.977556 0.129178 0.166424
vn -0.977556 0.129178 0.166424
vn -0.478888 -0.417212 0.772399
vn -0.478888 -0.417212 0.772399
vn -0.478888 -0.417212 0.772399
vn 0.126891 0.610635 0.781680
vn 0.126891 0.610635 0.781680
vn 0.126891 0.610635 0.781680
vn -0.762108 0.280635 0.583469
vn -0.762108 0.280635 0.583469
vn -0.762108 0.280635 0.583469
vn -0.178206 -0.897559 -0.403275
vn -0.178206 -0.897559 -0.403275
vn -0.178206 -0.897559 -0.403275
vn -0.991668 0.123992 0.034938
vn -0.991668 0.123992 0.034938
vn -0.991668 0.123992 0.034938
vn 0.980202 0.115301 0.160963
vn 0.980202 0.115301 0.160963
vn 0.980202 0.115301 0.160963
vn -0.090406 -0.765585 0.636951
vn -0.090406 -0.765585 0.636951
vn -0.090406 -0.765585 0.636951
vn 0.274655 -0.390391 0.878726
vn 0.274655 -0.390391 0.878726
vn 0.274655 -0.390391 0.878726
vn 0.247351 -0.749884 0.613589
vn 0.247351 -0.749884 0.613589
vn 0.247351 -0.749884 0.613589
vn 0.171245 0.213372 -0.961846
vn 0.171245 0.213372 -0.961846
vn 0.171245 0.213372 -0.961846
vn -0.477371 -0.122833 0.870074
vn -0.477371 -0.122833 0.870074
vn -0.477371 -0.122833 0.870074
vn 0.663824 -0.040084 -0.746814
vn 0.663824 -0.040084 -0.746814
vn 0.663824 -0.040084 -0.746814
vn -0.568316 0.278251 -0.774335
vn -0.568316 0.278251 -0.774335
vn -0.568316 0.278251 -0.774335
vn -0.623203 0.035155 -0.781269
vn -0.623203 0.035155 -0.781269
vn -0.623203 0.035155 -0.781269
vn -0.010692 0.928504 -0.371167
vn -0.010692 0.928504 -0.371167
vn -0.010692 0.928504 -0.371167
vn 0.125494 0.493028 0.860915
vn 0.125494 0.493028 0.860915
vn 0.125494 0.493028 0.860915
vn -0.318767 -0.850230 -0.418923
vn -0.318767 -0.850230 -0.418923
vn -0.318767 -0.850230 -0.418923
vn -0.410151 0.239770 -0.879936
vn -0.410151 0.239770 -0.879936
vn -0.410151 0.239770 -0.879936
vn 0.540342 -0.127590 0.831716
vn 0.540342 -0.127590 0.831716
vn 0.540342 -0.127590 0.831716
vn 0.174283 -0.618751 -0.766010
vn 0.174283 -0.618751 -0.766010
vn 0.174283 -0.618751 -0.766010
vn 0.519349 -0.072147 0.851511
vn 0.519349 -0.072147 0.851511
vn 0.519349 -0.072147 0.851511
vn 0.703204 0.636344 -0.317129
vn 0.703204 0.636344 -0.317129
vn 0.703204 0.636344 -0.317129
vn -0.032439 -0.532006 -0.846119
vn -0.032439 -0.532006 -0.846119
vn -0.032439 -0.532006 -0.846119
vn -0.145303 0.687199 -0.711790
vn -0.145303 0.687199 -0.711790
vn -0.145303 0.687199 -0.711790
vn 0.505042 0.602608 0.617896
vn 0.505042 0.602608 0.617896
vn 0.505042 0.602608 0.617896
vn 0.691028 0.292790 0.660873
vn 0.691028 0.292790 0.660873
vn 0.691028 0.292790 0.660873
vn 0.170380 0.731082 0.660674
vn 0.170380 0.731082 0.660674
vn 0.170380 0.731082 0.660674
vn 0.900782 0.307502 -0.306650
vn 0.900782 0.307502 -0.306650
vn 0.900782 0.307502 -0.306650
vn -0.483295 0.801571 0.352008
vn -0.483295 0.801571 0.352008
vn -0.483295 0.801571 0.352008
vn -0.604734 0.765443 0.219987
vn -0.604734 0.765443 0.219987
vn -0.604734 0.765443 0.219987
vn 0.332814 0.812604 -0.478446
vn 0.332814 0.812604 -0.478446
vn 0.332814 0.812604 -0.478446
vn 0.362542 0.440711 0.821180
vn 0.362542 0.440711 0.821180
vn 0.362542 0.440711 0.821180
vn -0.020823 -0.238562 -0.970904
vn -0.020823 -0.238562 -0.970904
vn -0.020823 -0.238562 -0.970904
vn -0.697745 -0.267760 0.664422
vn -0.697745 -0.267760 0.664422
vn -0.697745 -0.267760 0.664422
vn 0.077235 0.569017 0.818690
vn 0.077235 0.569017 0.818690
vn 0.077235 0.569017 0.818690
vn 0.881347 -0.429282 -0.197340
vn 0.881347 -0.429282 -0.197340
vn 0.881347 -0.429282 -0.197340
vn -0.150465 -0.544755 0.824986
vn -0.150465 -0.544755 0.824986
vn -0.150465 -0.544755 0.824986
vn 0.858633 0.503266 -0.097327
vn 0.858633 0.503266 -0.097327
vn 0.858633 0.503266 -0.097327
vn 0.632197 0.658222 -0.408742
vn 0.632197 0.658222 -0.408742
vn 0.632197 0.658222 -0.408742
vn 0.761985 0.141697 -0.631902
vn 0.761985 0.141697 -0.631902
vn 0.761985 0.141697 -0.631902
vn -0.939606 0.265539 -0.215938
vn -0.939606 0.265539 -0.215938
vn -0.939606 0.265539 -0.215938
vn -0.265972 -0.378199 -0.886693
vn -0.265972 -0.378199 -0.886693
vn -0.265972 -0.378199 -0.886693
vn -0.508684 0.522657 -0.684157
vn -0.508684 0.522657 -0.684157
vn -0.508684 0.522657 -0.684157
vn 0.326533 -0.188602 0.926178
vn 0.326533 -0.188602 0.926178
vn 0.326533 -0.188602 0.926178
vn 0.506415 -0.704995 -0.496514
vn 0.506415 -0.704995 -0.496514
vn 0.506415 -0.704995 -0.496514
vn 0.860402 -0.352969 -0.367590
vn 0.860402 -0.352969 -0.367590
vn 0.860402 -0.352969 -0.367590
vn 0.836095 0.532589 0.131505
vn 0.836095 0.532589 0.131505
vn 0.836095 0.532589 0.131505
vn -0.747840 -0.661426 0.057019
vn -0.747840 -0.661426 0.057019
vn -0.747840 -0.661426 0.057019
vn 0.739248 -0.560386 0.373472
vn 0.739248 -0.560386 0.373472
vn 0.739248 -0.560386 0.373472
vn -0.693234 0.330701 0.640362
vn -0.693234 0.330701 0.640362
vn -0.693234 0.330701 0.640362
vn -0.262114 0.618668 0.740639
vn -0.262114 0.618668 0.740639
vn -0.262114 0.618668 0.740639
vn 0.517028 -0.127061 -0.846485
vn 0.517028 -0.127061 -0.846485
vn 0.517028 -0.127061 -0.846485
vn -0.298677 0.627212 0.719303
vn -0.298677 0.627212 0.719303
vn -0.298677 0.627212 0.719303
vn 0.332160 -0.039185 -0.942409
vn 0.332160 -0.039185 -0.942409
vn 0.332160 -0.039185 -0.942409
vn 0.673170 0.604966 0.425275
vn 0.673170 0.604966 0.425275
vn 0.673170 0.604966 0.425275
vn -0.910999 -0.233935 0.339640
vn -0.910999 -0.233935 0.339640
vn -0.910999 -0.233935 0.339640
vn -0.128024 -0.986910 0.098069
vn -0.128024 -0.986910 0.098069
vn -0.128024 -0.986910 0.098069
vn 0.277157 0.889933 0.362219
vn 0.277157 0.889933 0.362219
vn 0.277157 0.889933 0.362219
vn 0.096705 -0.978052 -0.184562
vn 0.096705 -0.978052 -0.184562
vn 0.096705 -0.978052 -0.184562
vn 0.950305 -0.233659 -0.205727
vn 0.950305 -0.233659 -0.205727
vn 0.950305 -0.233659 -0.205727
vn 0.580717 0.264343 -0.769994
vn 0.580717 0.264343 -0.769994
vn 0.580717 0.264343 -0.769994
vn -0.834730 0.346689 -0.427823
vn -0.834730 0.346689 -0.427823
vn -0.834730 0.346689 -0.427823
vn -0.690667 -0.625144 0.363557
vn -0.690667 -0.625144 0.363557
vn -0.690667 -0.625144 0.363557
vn -0.004094 -0.831957 -0.554824
vn -0.004094 -0.831957 -0.554824
vn -0.004094 -0.831957 -0.554824
vn -0.185628 0.603053 -0.775803
vn -0.185628 0.603053 -0.775803
vn -0.185628 0.603053 -0.775803
vn -0.354816 -0.093751 -0.930224
vn -0.354816 -0.093751 -0.930224
vn -0.354816 -0.093751 -0.930224
vn -0.635116 -0.449781 0.627953
vn -0.635116 -0.449781 0.627953
vn -0.635116 -0.449781 0.627953
vn -0.566166 -0.380541 0.731194
vn -0.566166 -0.380541 0.731194
vn -0.566166 -0.380541 0.731194
vn 0.470956 0.840805 -0.266920
vn 0.470956 0.840805 -0.266920
vn 0.470956 0.840805 -0.266920
vn 0.793611 0.536164 -0.287593
vn 0.793611 0.536164 -0.287593
vn 0.793611 0.536164 -0.287593
vn 0.145592 -0.941180 -0.304931
vn 0.145592 -0.941180 -0.304931
vn 0.145592 -0.941180 -0.304931
vn 0.510792 -0.723506 -0.464360
vn 0.510792 -0.723506 -0.464360
vn 0.510792 -0.723506 -0.464360
vn -0.127365 0.479742 0.868116
vn -0.127365 0.479742 0.868116
vn -0.127365 0.479742 0.868116
vn -0.476557 0.257404 -0.840617
vn -0.476557 0.257404 -0.840617
vn -0.476557 0.257404 -0.840617
vn 0.019958 -0.820429 -0.571400
vn 0.019958 -0.820429 -0.571400
vn 0.019958 -0.820429 -0.571400
vn -0.741938 0.346733 -0.573850
vn -0.741938 0.346733 -0.573850
vn -0.741938 0.346733 -0.573850
vn 0.473948 -0.212006 -0.854650
vn 0.473948 -0.212006 -0.854650
vn 0.473948 -0.212006 -0.854650
vn 0.647378 -0.245926 -0.721403
vn 0.647378 -0.245926 -0.721403
vn 0.647378 -0.245926 -0.721403
vn 0.756645 -0.254157 -0.602405
vn 0.756645 -0.254157 -0.602405
vn 0.756645 -0.254157 -0.602405
vn 0.430845 0.012825 -0.902335
vn 0.430845 0.012825 -0.902335
vn 0.430845 0.012825 -0.902335
vn -0.567568 0.727800 0.384934
vn -0.567568 0.727800 0.384934
vn -0.567568 0.727800 0.384934
vn 0.158231 -0.525298 0.836077
vn 0.158231 -0.525298 0.836077
vn 0.158231 -0.525298 0.836077
vn 0.922107 0.347096 0.171004
vn 0.922107 0.347096 0.171004
vn 0.922107 0.347096 0.171004
vn -0.600051 0.520391 -0.607563
vn -0.600051 0.520391 -0.607563
vn -0.600051 0.520391 -0.607563
vn -0.351629 -0.836042 -0.421177
vn -0.351629 -0.836042 -0.421177
vn -0.351629 -0.836042 -0.421177
vn -0.838074 -0.178393 0.515565
vn -0.838074 -0.178393 0.515565
vn -0.838074 -0.178393 0.515565
vn -0.677828 0.725733 0.117730
vn -0.677828 0.725733 0.117730
vn -0.677828 0.725733 0.117730
vn -0.090716 0.337396 -0.936982
vn -0.090716 0.337396 -0.936982
vn -0.090716 0.337396 -0.936982
vn -0.202166 -0.511694 0.835044
vn -0.202166 -0.511694 0.835044
vn -0.202166 -0.511694 0.835044
vn -0.659753 0.698969 0.275986
vn -0.659753 0.698969 0.275986
vn -0.659753 0.698969 0.275986
vn -0.797304 0.393354 -0.457799
vn -0.797304 0.393354 -0.457799
vn -0.797304 0.393354 -0.457799
vn -0.525027 -0.398303 0.752131
vn -0.525027 -0.398303 0.752131
vn -0.525027 -0.398303 0.752131
vn 0.391463 0.308576 -0.866913
vn 0.391463 0.308576 -0.866913
vn 0.391463 0.308576 -0.866913
vn 0.063526 -0.937600 0.341863
vn 0.063526 -0.937600 0.341863
vn 0.063526 -0.937600 0.341863
vn 0.422151 -0.461104 -0.780494
vn 0.422151 -0.461104 -0.780494
vn 0.422151 -0.461104 -0.780494
vn 0.412494 -0.806542 -0.423484
vn 0.412494 -0.806542 -0.423484
vn 0.412494 -0.806542 -0.423484
vn 0.024268 0.975687 -0.217819
vn 0.024268 0.975687 -0.217819
vn 0.024268 0.975687 -0.217819
vn 0.666403 0.726062 0.169532
vn 0.666403 0.726062 0.169532
vn 0.666403 0.726062 0.169532
vn 0.432396 -0.795161 0.425151
vn 0.432396 -0.795161 0.425151
vn 0.432396 -0.795161 0.425151
vn -0.401181 -0.687775 -0.604996
vn -0.401181 -0.687775 -0.604996
vn -0.401181 -0.687775 -0.604996
vn -0.848235 0.481161 -0.221316
vn -0.848235 0.481161 -0.221316
vn -0.848235 0.481161 -0.221316
vn 0.733102 0.642219 -0.223867
vn 0.733102 0.642219 -0.223867
vn 0.733102 0.642219 -0.223867
vn -0.172786 0.982771 -0.065621
vn -0.172786 0.982771 -0.065621
vn -0.172786 0.982771 -0.065621
vn -0.074445 0.206161 -0.975682
vn -0.074445 0.206161 -0.975682
vn -0.074445 0.206161 -0.975682
vn 0.708000 -0.616428 0.344605
vn 0.708000 -0.616428 0.344605
vn 0.708000 -0.616428 0.344605
vn 0.686361 0.584634 0.432564
vn 0.686361 0.584634 0.432564
vn 0.686361 0.584634 0.432564
vn -0.054438 -0.272691 0.960560
vn -0.054438 -0.272691 0.960560
vn -0.054438 -0.272691 0.960560
vn 0.507611 -0.860495 0.043351
vn 0.507611 -0.860495 0.043351
vn 0.507611 -0.860495 0.043351
vn 0.329450 0.229046 -0.915970
vn 0.329450 0.229046 -0.915970
vn 0.329450 0.229046 -0.915970
vn -0.653920 -0.512392 -0.556635
vn -0.653920 -0.512392 -0.556635
vn -0.653920 -0.512392 -0.556635
vn 0.478444 0.451427 -0.753196
vn 0.478444 0.451427 -0.753196
vn 0.478444 0.451427 -0.753196
vn -0.426105 0.511789 -0.745994
vn -0.426105 0.511789 -0.745994
vn -0.426105 0.511789 -0.745994
vn 0.266577 -0.661214 0.701237
vn 0.266577 -0.661214 0.701237
vn 0.266577 -0.661214 0.701237
vn -0.139762 -0.854360 -0.500535
vn -0.139762 -0.854360 -0.500535
vn -0.139762 -0.854360 -0.500535
vn 0.226112 0.666254 -0.710619
vn 0.226112 0.666254 -0.710619
vn 0.226112 0.666254 -0.710619
vn -0.780528 -0.535112 0.323157
vn -0.780528 -0.535112 0.323157
vn -0.780528 -0.535112 0.323157
vn -0.469980 0.290104 0.833642
vn -0.469980 0.290104 0.833642
vn -0.469980 0.290104 0.833642
vn 0.867571 0.405658 -0.287682
vn 0.867571 0.405658 -0.287682
vn 0.867571 0.405658 -0.287682
vn 0.653097 -0.277234 0.704703
vn 0.653097 -0.277234 0.704703
vn 0.653097 -0.277234 0.704703
vn 0.867389 -0.115417 -0.484061
vn 0.867389 -0.115417 -0.484061
vn 0.867389 -0.115417 -0.484061
vn -0.735354 0.366484 0.570038
vn -0.735354 0.366484 0.570038
vn -0.735354 0.366484 0.570038
vn -0.091551 -0.992274 -0.083731
vn -0.091551 -0.992274 -0.083731
vn -0.091551 -0.992274 -0.083731
vn 0.055893 -0.820132 -0.569438
vn 0.055893 -0.820132 -0.569438
vn 0.055893 -0.820132 -0.569438
vn 0.702151 0.449338 -0.552340
vn 0.702151 0.449338 -0.552340
vn 0.702151 0.449338 -0.552340
vn 0.617673 0.059270 0.784198
vn 0.617673 0.059270 0.784198
vn 0.617673 0.059270 0.784198
vn 0.880578 0.110992 -0.460721
vn 0.880578 0.110992 -0.460721
vn 0.880578 0.110992 -0.460721
vn 0.422379 0.108596 0.899891
vn 0.422379 0.108596 0.899891
vn 0.422379 0.108596 0.899891
vn 0.350600 0.137568 -0.926366
vn 0.350600 0.137568 -0.926366
vn 0.350600 0.137568 -0.926366
vn 0.272283 -0.013727 0.962119
vn 0.272283 -0.013727 0.962119
vn 0.272283 -0.013727 0.962119
vn -0.311182 0.906246 0.286153
vn -0.311182 0.906246 0.286153
vn -0.311182 0.906246 0.286153
vn -0.756944 -0.209009 0.619153
vn -0.756944 -0.209009 0.619153
vn -0.756944 -0.209009 0.619153
vn -0.892066 0.217601 -0.396065
vn -0.892066 0.217601 -0.396065
vn -0.892066 0.217601 -0.396065
vn -0.148068 0.707737 0.690785
vn -0.148068 0.707737 0.690785
vn -0.148068 0.707737 0.690785
vn -0.803711 -0.026083 0.594448
vn -0.803711 -0.026083 0.594448
vn -0.803711 -0.026083 0.594448
vn -0.647137 0.427215 -0.631428
vn -0.647137 0.427215 -0.631428
vn -0.647137 0.427215 -0.631428
vn 0.747099 0.435926 -0.501808
vn 0.747099 0.435926 -0.501808
vn 0.747099 0.435926 -0.501808
vn -0.466081 0.884738 0.002760
vn -0.466081 0.884738 0.002760
vn -0.466081 0.884738 0.002760
vn 0.404776 -0.599325 0.690627
vn 0.404776 -0.599325 0.690627
vn 0.404776 -0.599325 0.690627
vn -0.892676 -0.420015 0.163454
vn -0.892676 -0.420015 0.163454
vn -0.892676 -0.420015 0.163454
vn 0.174871 -0.216192 0.960563
vn 0.174871 -0.216192 0.960563
vn 0.174871 -0.216192 0.960563
vn 0.341224 0.886543 -0.312422
vn 0.341224 0.886543 -0.312422
vn 0.341224 0.886543 -0.312422
vn 0.797631 0.158441 0.581963
vn 0.797631 0.158441 0.581963
vn 0.797631 0.158441 0.581963
vn -0.420621 -0.660719 0.621715
vn -0.420621 -0.660719 0.621715
vn -0.420621 -0.660719 0.621715
vn -0.613684 0.026694 -0.789100
vn -0.613684 0.026694 -0.789100
vn -0.613684 0.026694 -0.789100
vn -0.982012 0.114612 -0.150055
vn -0.982012 0.114612 -0.150055
vn -0.982012 0.114612 -0.150055
vn -0.055766 0.682376 -0.728871
vn -0.055766 0.682376 -0.728871
vn -0.055766 0.682376 -0.728871
vn -0.199977 0.774912 0.599601
vn -0.199977 0.774912 0.599601
vn -0.199977 0.774912 0.599601
vn 0.618193 0.404720 -0.673824
vn 0.618193 0.404720 -0.673824
vn 0.618193 0.404720 -0.673824
vn -0.702597 0.513716 0.492395
vn -0.702597 0.513716 0.492395
vn -0.702597 0.513716 0.492395
vn -0.384251 -0.619024 -0.684952
vn -0.384251 -0.619024 -0.684952
vn -0.384251 -0.619024 -0.684952
vn 0.637689 -0.045023 -0.768977
vn 0.637689 -0.045023 -0.768977
vn 0.637689 -0.045023 -0.768977
vn -0.822089 0.010774 0.569258
vn -0.822089 0.010774 0.569258
vn -0.822089 0.010774 0.569258
vn -0.660267 -0.550930 -0.510416
vn -0.660267 -0.550930 -0.510416
vn -0.660267 -0.550930 -0.510416
vn -0.198528 -0.842057 0.501525
vn -0.198528 -0.842057 0.501525
vn -0.198528 -0.842057 0.501525
vn -0.536139 0.271438 -0.799297
vn -0.536139 0.271438 -0.799297
vn -0.536139 0.271438 -0.799297
vn 0.087312 0.968115 0.234799
vn 0.087312 0.968115 0.234799
vn 0.087312 0.968115 0.234799
vn -0.964362 0.242932 -0.104831
vn -0.964362 0.242932 -0.104831
vn -0.964362 0.242932 -0.104831
vn 0.869620 0.468498 0.155793
vn 0.869620 0.468498 0.155793
vn 0.869620 0.468498 0.155793
vn 0.950492 -0.267736 -0.157739
vn 0.950492 -0.267736 -0.157739
vn 0.950492 -0.267736 -0.157739
vn -0.079891 -0.922120 -0.378565
vn -0.079891 -0.922120 -0.378565
vn -0.079891 -0.922120 -0.378565
vn -0.240267 -0.762868 -0.600254
vn -0.240267 -0.762868 -0.600254
vn -0.240267 -0.762868 -0.600254
vn -0.625160 -0.287455 -0.725634
vn -0.625160 -0.287455 -0.725634
vn -0.625160 -0.287455 -0.725634
vn 0.587355 -0.508087 -0.629970
vn 0.587355 -0.508087 -0.629970
vn 0.587355 -0.508087 -0.629970
vn 0.681543 0.698780 0.217267
vn 0.681543 0.698780 0.217267
vn 0.681543 0.698780 0.217267
vn 0.654846 0.132539 0.744050
vn 0.654846 0.132539 0.744050
vn 0.654846 0.132539 0.744050
vn 0.244327 0.969402 0.023762
vn 0.244327 0.969402 0.023762
vn 0.244327 0.969402 0.023762
vn 0.127051 0.981256 -0.144894
vn 0.127051 0.981256 -0.144894
vn 0.127051 0.981256 -0.144894
vn 0.302154 0.423827 0.853858
vn 0.302154 0.423827 0.853858
vn 0.302154 0.423827 0.853858
vn -0.565186 0.059741 0.822797
vn -0.565186 0.059741 0.822797
vn -0.565186 0.059741 0.822797
vn -0.374171 -0.837928 -0.397332
vn -0.374171 -0.837928 -0.397332
vn -0.374171 -0.837928 -0.397332
vn -0.952085 -0.291172 -0.093559
vn -0.952085 -0.291172 -0.093559
vn -0.952085 -0.291172 -0.093559
vn 0.751759 0.396619 -0.526831
vn 0.751759 0.396619 -0.526831
vn 0.751759 0.396619 -0.526831
vn 0.076990 0.995822 -0.049100
vn 0.076990 0.995822 -0.049100
vn 0.076990 0.995822 -0.049100
vn 0.808237 -0.514823 -0.285850
vn 0.808237 -0.514823 -0.285850
vn 0.808237 -0.514823 -0.285850
vn -0.359710 0.265653 0.894448
vn -0.359710 0.265653 0.894448
vn -0.359710 0.265653 0.894448
vn 0.266411 0.435591 -0.859817
vn 0.266411 0.435591 -0.859817
vn 0.266411 0.435591 -0.859817
vn 0.523339 -0.311996 0.792954
vn 0.523339 -0.311996 0.792954
vn 0.523339 -0.311996 0.792954
vn 0.089509 -0.122552 -0.988418
vn 0.089509 -0.122552 -0.988418
vn 0.089509 -0.122552 -0.988418
vn -0.463218 0.683612 -0.564007
vn -0.463218 0.683612 -0.564007
vn -0.463218 0.683612 -0.564007
vn 0.665746 0.741214 0.085932
vn 0.665746 0.741214 0.085932
vn 0.665746 0.741214 0.085932
vn 0.342659 0.859320 0.379675
vn 0.342659 0.859320 0.379675
vn 0.342659 0.859320 0.379675
vn 0.158389 -0.023802 0.987090
vn 0.158389 -0.023802 0.987090
vn 0.158389 -0.023802 0.987090
vn 0.141798 0.589812 0.794994
vn 0.141798 0.589812 0.794994
vn 0.141798 0.589812 0.794994
vn -0.331049 0.744731 0.579467
vn -0.331049 0.744731 0.579467
vn -0.331049 0.744731 0.579467
vn 0.483498 -0.457880 -0.746040
vn 0.483498 -0.457880 -0.746040
vn 0.483498 -0.457880 -0.746040
vn -0.225251 -0.841051 0.491828
vn -0.225251 -0.841051 0.491828
vn -0.225251 -0.841051 0.491828
vn -0.961577 -0.045867 0.270677
vn -0.961577 -0.045867 0.270677
vn -0.961577 -0.045867 0.270677
vn 0.102357 -0.477413 0.872697
vn 0.102357 -0.477413 0.872697
vn 0.102357 -0.477413 0.872697
vn -0.116741 0.374806 -0.919724
vn -0.116741 0.374806 -0.919724
vn -0.116741 0.374806 -0.919724
vn -0.128311 0.297840 -0.945953
vn -0.128311 0.297840 -0.945953
vn -0.128311 0.297840 -0.945953
vn -0.630657 -0.758516 0.164090
vn -0.630657 -0.758516 0.164090
vn -0.630657 -0.758516 0.164090
vn -0.224693 0.162038 0.960862
vn -0.224693 0.162038 0.960862
vn -0.224693 0.162038 0.960862
vn 0.809495 0.181157 -0.558481
vn 0.809495 0.181157 -0.558481
vn 0.809495 0.181157 -0.558481
vn 0.352271 -0.935895 -0.002468
vn 0.352271 -0.935895 -0.002468
vn 0.352271 -0.935895 -0.002468
vn 0.050003 0.892553 -0.448162
vn 0.050003 0.892553 -0.448162
vn 0.050003 0.892553 -0.448162
vn 0.945440 -0.325199 0.019741
vn 0.945440 -0.325199 0.019741
vn 0.945440 -0.325199 0.019741
vn 0.211287 -0.596520 0.774288
vn 0.211287 -0.596520 0.774288
vn 0.211287 -0.596520 0.774288
vn -0.705275 -0.654861 -0.271557
vn -0.705275 -0.654861 -0.271557
vn -0.705275 -0.654861 -0.271557
vn -0.967745 0.243903 -0.063100
vn -0.967745 0.243903 -0.063100
vn -0.967745 0.243903 -0.063100
vn 0.969299 0.230254 -0.086275
vn 0.969299 0.230254 -0.086275
vn 0.969299 0.230254 -0.086275
vn 0.965403 0.203864 -0.162593
vn 0.965403 0.203864 -0.162593
vn 0.965403 0.203864 -0.162593
vn -0.941844 0.304486 -0.142191
vn -0.941844 0.304486 -0.142191
vn -0.941844 0.304486 -0.142191
vn -0.388114 0.466010 -0.795111
vn -0.388114 0.466010 -0.795111
vn -0.388114 0.466010 -0.795111
vn -0.134479 0.431073 -0.892240
vn -0.134479 0.431073 -0.892240
vn -0.134479 0.431073 -0.892240
vn -0.306225 -0.695141 0.650388
vn -0.306225 -0.695141 0.650388
vn -0.306225 -0.695141 0.650388
vn -0.208803 -0.520978 -0.827637
vn -0.208803 -0.520978 -0.827637
vn -0.208803 -0.520978 -0.827637
vn -0.355081 -0.835440 0.419473
vn -0.355081 -0.835440 0.419473
vn -0.355081 -0.835440 0.419473
vn 0.436776 -0.475905 0.763374
vn 0.436776 -0.475905 0.763374
vn 0.436776 -0.475905 0.763374
vn 0.885142 -0.061882 0.461187
vn 0.885142 -0.061882 0.461187
vn 0.885142 -0.061882 0.461187
vn 0.318615 -0.246486 0.915275
vn 0.318615 -0.246486 0.915275
vn 0.318615 -0.246486 0.915275
vn -0.494193 -0.858723 -0.135528
vn -0.494193 -0.858723 -0.135528
vn -0.494193 -0.858723 -0.135528
vn 0.015771 0.980023 -0.198257
vn 0.015771 0.980023 -0.198257
vn 0.015771 0.980023 -0.198257
vn -0.005291 0.861552 -0.507642
vn -0.005291 0.861552 -0.507642
vn -0.005291 0.861552 -0.507642
vn 0.263752 0.371723 -0.890088
vn 0.263752 0.371723 -0.890088
vn 0.263752 0.371723 -0.890088
vn -0.164708 0.568126 -0.806290
vn -0.164708 0.568126 -0.806290
vn -0.164708 0.568126 -0.806290
vn 0.434996 0.838669 0.327740
vn 0.434996 0.838669 0.327740
vn 0.434996 0.838669 0.327740
vn 0.268269 0.862147 0.429806
vn 0.268269 0.862147 0.429806
vn 0.268269 0.862147 0.429806
vn -0.482216 -0.240132 -0.842499
vn -0.482216 -0.240132 -0.842499
vn -0.482216 -0.240132 -0.842499
vn -0.990520 0.021564 -0.135665
vn -0.990520 0.021564 -0.135665
vn -0.990520 0.021564 -0.135665
vn -0.404964 -0.276850 0.871411
vn -0.404964 -0.276850 0.871411
vn -0.404964 -0.276850 0.871411
vn 0.634127 -0.702114 0.323913
vn 0.634127 -0.702114 0.323913
vn 0.634127 -0.702114 0.323913
vn -0.011197 -0.941276 -0.337452
vn -0.011197 -0.941276 -0.337452
vn -0.011197 -0.941276 -0.337452
vn -0.251889 0.620984 0.742247
vn -0.251889 0.620984 0.742247
vn -0.251889 0.620984 0.742247
vn -0.820968 -0.125922 0.556916
vn -0.820968 -0.125922 0.556916
vn -0.820968 -0.125922 0.556916
vn -0.933727 -0.305067 -0.187318
vn -0.933727 -0.305067 -0.187318
vn -0.933727 -0.305067 -0.187318
vn 0.129578 0.989965 -0.056382
vn 0.129578 0.989965 -0.056382
vn 0.129578 0.989965 -0.056382
vn 0.930358 -0.021946 -0.365995
vn 0.930358 -0.021946 -0.365995
vn 0.930358 -0.021946 -0.365995
vn -0.900786 -0.210308 0.379940
vn -0.900786 -0.210308 0.379940
vn -0.900786 -0.210308 0.379940
vn -0.973855 0.175384 0.144382
vn -0.973855 0.175384 0.144382
vn -0.973855 0.175384 0.144382
vn -0.823467 -0.567297 -0.008758
vn -0.823467 -0.567297 -0.008758
vn -0.823467 -0.567297 -0.008758
vn -0.415859 0.907087 -0.065232
vn -0.415859 0.907087 -0.065232
vn -0.415859 0.907087 -0.065232
vn -0.762748 -0.646063 -0.028581
vn -0.762748 -0.646063 -0.028581
vn -0.762748 -0.646063 -0.028581
vn -0.396212 0.718869 0.571177
vn -0.396212 0.718869 0.571177
vn -0.396212 0.718869 0.571177
vn -0.599331 0.724087 -0.341322
vn -0.599331 0.724087 -0.341322
vn -0.599331 0.724087 -0.341322
vn -0.761335 0.644149 -0.073766
vn -0.761335 0.644149 -0.073766
vn -0.761335 0.644149 -0.073766
vn 0.672193 -0.675538 -0.302993
vn 0.672193 -0.675538 -0.302993
vn 0.672193 -0.675538 -0.302993
vn 0.546725 0.092062 0.832236
vn 0.546725 0.092062 0.832236
vn 0.546725 0.092062 0.832236
vn -0.211052 -0.850713 0.481398
vn -0.211052 -0.850713 0.481398
vn -0.211052 -0.850713 0.481398
vn -0.804167 -0.310221 0.507029
vn -0.804167 -0.310221 0.507029
vn -0.804167 -0.310221 0.507029
vn -0.429832 -0.220487 0.875574
vn -0.429832 -0.220487 0.875574
vn -0.429832 -0.220487 0.875574
vn 0.146592 0.490136 -0.859230
vn 0.146592 0.490136 -0.859230
vn 0.146592 0.490136 -0.859230
vn -0.548561 -0.744857 0.379826
vn -0.548561 -0.744857 0.379826
vn -0.548561 -0.744857 0.379826
vn 0.506430 0.817386 0.274607
vn 0.506430 0.817386 0.274607
vn 0.506430 0.817386 0.274607
vn 0.887323 0.453405 0.084154
vn 0.887323 0.453405 0.084154
vn 0.887323 0.453405 0.084154
vn -0.186944 -0.962669 -0.195757
vn -0.186944 -0.962669 -0.195757
vn -0.186944 -0.962669 -0.195757
vn -0.985116 0.137802 0.102752
vn -0.985116 0.137802 0.102752
vn -0.985116 0.137802 0.102752
vn 0.045852 -0.944710 -0.324686
vn 0.045852 -0.944710 -0.324686
vn 0.045852 -0.944710 -0.324686
vn 0.416445 0.765122 -0.491083
vn 0.416445 0.765122 -0.491083
vn 0.416445 0.765122 -0.491083
vn 0.057356 0.789959 0.610471
vn 0.057356 0.789959 0.610471
vn 0.057356 0.789959 0.610471
vn -0.078148 -0.197212 -0.977241
vn -0.078148 -0.197212 -0.977241
vn -0.078148 -0.197212 -0.977241
vn -0.967487 -0.025868 -0.251594
vn -0.967487 -0.025868 -0.251594
vn -0.967487 -0.025868 -0.251594
vn 0.245603 -0.365241 -0.897930
vn 0.245603 -0.365241 -0.897930
vn 0.245603 -0.365241 -0.897930
vn 0.128018 0.189467 0.973506
vn 0.128018 0.189467 0.973506
vn 0.128018 0.189467 0.973506
vn -0.183315 0.401584 0.897288
vn -0.183315 0.401584 0.897288
vn -0.183315 0.401584 0.897288
vn 0.174964 -0.286761 0.941889
vn 0.174964 -0.286761 0.941889
vn 0.174964 -0.286761 0.941889
vn -0.271160 -0.102803 0.957029
vn -0.271160 -0.102803 0.957029
vn -0.271160 -0.102803 0.957029
vn -0.456236 0.332460 -0.825421
vn -0.456236 0.332460 -0.825421
vn -0.456236 0.332460 -0.825421
vn 0.726794 -0.392995 0.563317
vn 0.726794 -0.392995 0.563317
vn 0.726794 -0.392995 0.563317
vn 0.505863 -0.287683 -0.813229
vn 0.505863 -0.287683 -0.813229
vn 0.505863 -0.287683 -0.813229
vn -0.875028 -0.481416 -0.050647
vn -0.875028 -0.481416 -0.050647
vn -0.875028 -0.481416 -0.050647
vn -0.049204 0.549330 0.834156
vn -0.049204 0.549330 0.834156
vn -0.049204 0.549330 0.834156
vn -0.669289 0.595765 -0.443977
vn -0.669289 0.595765 -0.443977
vn -0.669289 0.595765 -0.443977
vn 0.321018 0.916800 0.237539
vn 0.321018 0.916800 0.237539
vn 0.321018 0.916800 0.237539
vn -0.535379 -0.601949 0.592475
vn -0.535379 -0.601949 0.592475
vn -0.535379 -0.601949 0.592475
vn -0.308171 0.721637 -0.619895
vn -0.308171 0.721637 -0.619895
vn -0.308171 0.721637 -0.619895
vn 0.780019 0.534259 0.325787
vn 0.780019 0.534259 0.325787
vn 0.780019 0.534259 0.325787
vn -0.939628 -0.318282 0.125679
vn -0.939628 -0.318282 0.125679
vn -0.939628 -0.318282 0.125679
vn -0.120999 0.513076 -0.849772
vn -0.120999 0.513076 -0.849772
vn -0.120999 0.513076 -0.849772
vn 0.010742 -0.716917 0.697076
vn 0.010742 -0.716917 0.697076
vn 0.010742 -0.716917 0.697076
vn -0.510321 -0.537622 0.671219
vn -0.510321 -0.537622 0.671219
vn -0.510321 -0.537622 0.671219
vn 0.305361 0.951421 -0.039392
vn 0.305361 0.951421 -0.039392
vn 0.305361 0.951421 -0.039392
vn 0.929616 0.141465 -0.340297
vn 0.929616 0.141465 -0.340297
vn 0.929616 0.141465 -0.340297
vn -0.852909 0.335948 -0.399606
vn -0.852909 0.335948 -0.399606
vn -0.852909 0.335948 -0.399606
vn 0.661125 0.505806 -0.554143
vn 0.661125 0.505806 -0.554143
vn 0.661125 0.505806 -0.554143
vn -0.985392 0.162591 -0.050653
vn -0.985392 0.162591 -0.050653
vn -0.985392 0.162591 -0.050653
vn -0.448051 0.617866 0.646136
vn -0.448051 0.617866 0.646136
vn -0.448051 0.617866 0.646136
vn -0.684111 0.244263 0.687262
vn -0.684111 0.244263 0.687262
vn -0.684111 0.244263 0.687262
vn 0.743963 0.584878 0.323168
vn 0.743963 0.584878 0.323168
vn 0.743963 0.584878 0.323168
vn 0.623030 0.781793 0.025146
vn 0.623030 0.781793 0.025146
vn 0.623030 0.781793 0.025146
vn 0.767754 0.624138 -0.144934
vn 0.767754 0.624138 -0.144934
vn 0.767754 0.624138 -0.144934
vn 0.677891 -0.036771 -0.734243
vn 0.677891 -0.036771 -0.734243
vn 0.677891 -0.036771 -0.734243
vn 0.625393 0.101369 -0.773698
vn 0.625393 0.101369 -0.773698
vn 0.625393 0.101369 -0.773698
vn -0.246524 0.800130 0.546826
vn -0.246524 0.800130 0.546826
vn -0.246524 0.800130 0.546826
vn -0.940430 0.260477 0.218504
vn -0.940430 0.260477 0.218504
vn -0.940430 0.260477 0.218504
vn -0.524769 0.621420 0.581769
vn -0.524769 0.621420 0.581769
vn -0.524769 0.621420 0.581769
vn 0.713100 0.608621 0.347948
vn 0.713100 0.608621 0.347948
vn 0.713100 0.608621 0.347948
vn -0.659563 0.675618 -0.329420
vn -0.659563 0.675618 -0.329420
vn -0.659563 0.675618 -0.329420
vn 0.112543 0.929105 -0.352276
vn 0.112543 0.929105 -0.352276
vn 0.112543 0.929105 -0.352276
vn 0.341721 -0.759204 0.553927
vn 0.341721 -0.759204 0.553927
vn 0.341721 -0.759204 0.553927
vn 0.823023 -0.548048 -0.149254
vn 0.823023 -0.548048 -0.149254
vn 0.823023 -0.548048 -0.149254
vn -0.485281 0.496610 0.719639
vn -0.485281 0.496610 0.719639
vn -0.485281 0.496610 0.719639
vn 0.056469 -0.848923 -0.525491
vn 0.056469 -0.848923 -0.525491
vn 0.056469 -0.848923 -0.525491
vn -0.305799 -0.794985 0.523914
vn -0.305799 -0.794985 0.523914
vn -0.305799 -0.794985 0.523914
vn -0.709383 0.686694 0.158831
vn -0.709383 0.686694 0.158831
vn -0.709383 0.686694 0.158831
vn -0.306925 -0.496849 -0.811750
vn -0.306925 -0.496849 -0.811750
vn -0.306925 -0.496849 -0.811750
vn -0.737567 0.620957 -0.265342
vn -0.737567 0.620957 -0.265342
vn -0.737567 0.620957 -0.265342
vn 0.678967 0.010845 -0.734089
vn 0.678967 0.010845 -0.734089
vn 0.678967 0.010845 -0.734089
vn 0.486124 0.859166 0.159739
vn 0.486124 0.859166 0.159739
vn 0.486124 0.859166 0.159739
vn -0.698745 -0.157826 -0.697744
vn -0.698745 -0.157826 -0.697744
vn -0.698745 -0.157826 -0.697744
vn -0.692212 0.176987 0.699656
vn -0.692212 0.176987 0.699656
vn -0.692212 0.176987 0.699656
vn 0.404898 -0.710946 0.574990
vn 0.404898 -0.710946 0.574990
vn 0.404898 -0.710946 0.574990
vn -0.108149 -0.048331 -0.992959
vn -0.108149 -0.048331 -0.992959
vn -0.108149 -0.048331 -0.992959
vn 0.637096 -0.754642 -0.156921
vn 0.637096 -0.754642 -0.156921
vn 0.637096 -0.754642 -0.156921
vn -0.538138 -0.715784 0.445039
vn -0.538138 -0.715784 0.445039
vn -0.538138 -0.715784 0.445039
vn -0.341929 0.328269 -0.880525
vn -0.341929 0.328269 -0.880525
vn -0.341929 0.328269 -0.880525
vn -0.747481 0.557213 -0.361643
vn -0.747481 0.557213 -0.361643
vn -0.747481 0.557213 -0.361643
vn 0.983680 -0.075568 0.163288
vn 0.983680 -0.075568 0.163288
vn 0.983680 -0.075568 0.163288
vn -0.572654 -0.788706 0.223630
vn -0.572654 -0.788706 0.223630
vn -0.572654 -0.788706 0.223630
vn 0.146629 0.920795 0.361437
vn 0.146629 0.920795 0.361437
vn 0.146629 0.920795 0.361437
vn -0.199403 0.090289 -0.975749
vn -0.199403 0.090289 -0.975749
vn -0.199403 0.090289 -0.975749
vn -0.827834 0.081817 -0.554974
vn -0.827834 0.081817 -0.554974
vn -0.827834 0.081817 -0.554974
vn -0.206348 -0.130357 0.969756
vn -0.206348 -0.130357 0.969756
vn -0.206348 -0.130357 0.969756
vn 0.390154 -0.616864 0.683564
vn 0.390154 -0.616864 0.683564
vn 0.390154 -0.616864 0.683564
vn -0.740915 0.457947 -0.491252
vn -0.740915 0.457947 -0.491252
vn -0.740915 0.457947 -0.491252
vn -0.595766 0.792360 -0.131261
vn -0.595766 0.792360 -0.131261
vn -0.595766 0.792360 -0.131261
vn -0.660617 -0.565260 -0.494030
vn -0.660617 -0.565260 -0.494030
vn -0.660617 -0.565260 -0.494030
vn 0.702974 0.021583 -0.710888
vn 0.702974 0.021583 -0.710888
vn 0.702974 0.021583 -0.710888
vn -0.372009 -0.849732 -0.373585
vn -0.372009 -0.849732 -0.373585
vn -0.372009 -0.849732 -0.373585
vn 0.894465 0.143895 -0.423352
vn 0.894465 0.143895 -0.423352
vn 0.894465 0.143895 -0.423352
vn 0.140955 -0.762247 0.631752
vn 0.140955 -0.762247 0.631752
vn 0.140955 -0.762247 0.631752
vn 0.895360 -0.394082 -0.207438
vn 0.895360 -0.394082 -0.207438
vn 0.895360 -0.394082 -0.207438
vn 0.935401 0.249347 0.250699
vn 0.935401 0.249347 0.250699
vn 0.935401 0.249347 0.250699
vn 0.285952 -0.443518 0.849425
vn 0.285952 -0.443518 0.849425
vn 0.285952 -0.443518 0.849425
vn -0.840299 -0.453420 0.297167
vn -0.840299 -0.453420 0.297167
vn -0.840299 -0.453420 0.297167
vn -0.317845 0.905934 -0.279746
vn -0.317845 0.905934 -0.279746
vn -0.317845 0.905934 -0.279746
vn -0.368217 0.173942 0.913324
vn -0.368217 0.173942 0.913324
vn -0.368217 0.173942 0.913324
vn -0.685392 0.727954 -0.017937
vn -0.685392 0.727954 -0.017937
vn -0.685392 0.727954 -0.017937
vn 0.800922 0.140577 -0.582033
vn 0.800922 0.140577 -0.582033
vn 0.800922 0.140577 -0.582033
vn -0.556651 -0.827809 0.069795
vn -0.556651 -0.827809 0.069795
vn -0.556651 -0.827809 0.069795
vn 0.889338 0.456418 0.027583
vn 0.889338 0.456418 0.027583
vn 0.889338 0.456418 0.027583
vn -0.957324 -0.041850 0.285970
vn -0.957324 -0.041850 0.285970
vn -0.957324 -0.041850 0.285970
vn -0.160797 0.032323 0.986458
vn -0.160797 0.032323 0.986458
vn -0.160797 0.032323 0.986458
vn 0.253260 -0.799579 0.544548
vn 0.253260 -0.799579 0.544548
vn 0.253260 -0.799579 0.544548
vn -0.568271 -0.109462 -0.815528
vn -0.568271 -0.109462 -0.815528
vn -0.568271 -0.109462 -0.815528
vn -0.721674 0.651633 0.233584
vn -0.721674 0.651633 0.233584
vn -0.721674 0.651633 0.233584
vn 0.272578 0.154352 0.949672
vn 0.272578 0.154352 0.949672
vn 0.272578 0.154352 0.949672
vn -0.895627 0.000030 -0.444807
vn -0.895627 0.000030 -0.444807
vn -0.895627 0.000030 -0.444807
vn 0.890292 -0.162510 0.425406
vn 0.890292 -0.162510 0.425406
vn 0.890292 -0.162510 0.425406
vn -0.554878 0.815742 0.163327
vn -0.554878 0.815742 0.163327
vn -0.554878 0.815742 0.163327
vn -0.827169 0.414418 -0.379538
vn -0.827169 0.414418 -0.379538
vn -0.827169 0.414418 -0.379538
vn 0.842518 0.538210 0.022199
vn 0.842518 0.538210 0.022199
vn 0.842518 0.538210 0.022199
vn 0.420048 -0.887510 0.189439
vn 0.420048 -0.887510 0.189439
vn 0.420048 -0.887510 0.189439
vn 0.294618 -0.913147 -0.281713
vn 0.294618 -0.913147 -0.281713
vn 0.294618 -0.913147 -0.281713
vn 0.618550 0.598957 -0.508574
vn 0.618550 0.598957 -0.508574
vn 0.618550 0.598957 -0.508574
vn 0.431446 -0.413835 -0.801620
vn 0.431446 -0.413835 -0.801620
vn 0.431446 -0.413835 -0.801620
vn 0.377706 -0.747721 -0.546124
vn 0.377706 -0.747721 -0.546124
vn 0.377706 -0.747721 -0.546124
vn 0.073644 -0.977537 -0.197477
vn 0.073644 -0.977537 -0.197477
vn 0.073644 -0.977537 -0.197477
vn 0.112399 0.912222 0.393977
vn 0.112399 0.912222 0.393977
vn 0.112399 0.912222 0.393977
vn 0.528865 -0.396326 -0.750485
vn 0.528865 -0.396326 -0.750485
vn 0.528865 -0.396326 -0.750485
vn 0.112580 0.952911 0.281579
vn 0.112580 0.952911 0.281579
vn 0.112580 0.952911 0.281579
vn 0.169196 0.854942 0.490354
vn 0.169196 0.854942 0.490354
vn 0.169196 0.854942 0.490354
vn 0.400334 0.753717 -0.521195
vn 0.400334 0.753717 -0.521195
vn 0.400334 0.753717 -0.521195
vn -0.756983 -0.468878 -0.455115
vn -0.756983 -0.468878 -0.455115
vn -0.756983 -0.468878 -0.455115
vn 0.900827 -0.275839 0.335297
vn 0.900827 -0.275839 0.335297
vn 0.900827 -0.275839 0.335297
vn 0.390076 0.735985 -0.553323
vn 0.390076 0.735985 -0.553323
vn 0.390076 0.735985 -0.553323
vn -0.009999 0.615657 0.787951
vn -0.009999 0.615657 0.787951
vn -0.009999 0.615657 0.787951
vn -0.278824 0.693608 0.664203
vn -0.278824 0.693608 0.664203
vn -0.278824 0.693608 0.664203
vn 0.190867 -0.900668 -0.390342
vn 0.190867 -0.900668 -0.390342
vn 0.190867 -0.900668 -0.390342
vn -0.381196 -0.148938 0.912418
vn -0.381196 -0.148938 0.912418
vn -0.381196 -0.148938 0.912418
vn -0.220439 -0.293719 -0.930127
vn -0.220439 -0.293719 -0.930127
vn -0.220439 -0.293719 -0.930127
vn -0.797296 0.254815 -0.547165
vn -0.797296 0.254815 -0.547165
vn -0.797296 0.254815 -0.547165
vn -0.093693 0.210262 -0.973145
vn -0.093693 0.210262 -0.973145
vn -0.093693 0.210262 -0.973145
vn -0.925842 0.373738 0.055999
vn -0.925842 0.373738 0.055999
vn -0.925842 0.373738 0.055999
vn -0.457795 0.865953 0.201366
vn -0.457795 0.865953 0.201366
vn -0.457795 0.865953 0.201366
vn -0.338549 -0.181212 -0.923335
vn -0.338549 -0.181212 -0.923335
vn -0.338549 -0.181212 -0.923335
vn -0.891299 0.437323 -0.119729
vn -0.891299 0.437323 -0.119729
vn -0.891299 0.437323 -0.119729
vn -0.968604 -0.036317 -0.245940
vn -0.968604 -0.036317 -0.245940
vn -0.968604 -0.036317 -0.245940
vn -0.288602 0.956466 0.043384
vn -0.288602 0.956466 0.043384
vn -0.288602 0.956466 0.043384
vn 0.954452 -0.108275 -0.278024
vn 0.954452 -0.108275 -0.278024
vn 0.954452 -0.108275 -0.278024
vn 0.626807 -0.717073 -0.304826
vn 0.626807 -0.717073 -0.304826
vn 0.626807 -0.717073 -0.304826
vn -0.796525 0.143936 0.587222
vn -0.796525 0.143936 0.587222
vn -0.796525 0.143936 0.587222
vn 0.006041 -0.974241 -0.225428
vn 0.006041 -0.974241 -0.225428
vn 0.006041 -0.974241 -0.225428
vn -0.473898 -0.423915 -0.771827
vn -0.473898 -0.423915 -0.771827
vn -0.473898 -0.423915 -0.771827
vn 0.000413 0.999938 -0.011118
vn 0.000413 0.999938 -0.011118
vn 0.000413 0.999938 -0.011118
vn -0.155919 -0.458399 -0.874963
vn -0.155919 -0.458399 -0.874963
vn -0.155919 -0.458399 -0.874963
vn 0.550268 -0.002055 -0.834986
vn 0.550268 -0.002055 -0.834986
vn 0.550268 -0.002055 -0.834986
vn 0.226824 -0.524053 -0.820926
vn 0.226824 -0.524053 -0.820926
vn 0.226824 -0.524053 -0.820926
vn -0.534922 0.032951 0.844259
vn -0.534922 0.032951 0.844259
vn -0.534922 0.032951 0.844259
vn 0.451816 -0.642395 0.619024
vn 0.451816 -0.642395 0.619024
vn 0.451816 -0.642395 0.619024
vn 0.652258 -0.409941 -0.637579
vn 0.652258 -0.409941 -0.637579
vn 0.652258 -0.409941 -0.637579
vn 0.891273 0.329299 0.311760
vn 0.891273 0.329299 0.311760
vn 0.891273 0.329299 0.311760
vn -0.200513 -0.705698 -0.679548
vn -0.200513 -0.705698 -0.679548
vn -0.200513 -0.705698 -0.679548
vn 0.052389 -0.777935 0.626157
vn 0.052389 -0.777935 0.626157
vn 0.052389 -0.777935 0.626157
vn -0.200773 -0.913502 0.353841
vn -0.200773 -0.913502 0.353841
vn -0.200773 -0.913502 0.353841
vn 0.095051 -0.988034 -0.121470
vn 0.095051 -0.988034 -0.121470
vn 0.095051 -0.988034 -0.121470
vn -0.219359 -0.435125 -0.873240
vn -0.219359 -0.435125 -0.873240
vn -0.219359 -0.435125 -0.873240
vn -0.861289 0.138764 -0.488800
vn -0.861289 0.138764 -0.488800
vn -0.861289 0.138764 -0.488800
vn 0.800109 0.418537 0.429712
vn 0.800109 0.418537 0.429712
vn 0.800109 0.418537 0.429712
vn -0.346217 -0.936666 0.052825
vn -0.346217 -0.936666 0.052825
vn -0.346217 -0.936666 0.052825
vn -0.009156 0.385469 0.922675
vn -0.009156 0.385469 0.922675
vn -0.009156 0.385469 0.922675
vn -0.755789 -0.015677 -0.654628
vn -0.755789 -0.015677 -0.654628
vn -0.755789 -0.015677 -0.654628
vn -0.085271 0.843890 -0.529697
vn -0.085271 0.843890 -0.529697
vn -0.085271 0.843890 -0.529697
vn -0.101108 -0.992354 -0.070786
vn -0.101108 -0.992354 -0.070786
vn -0.101108 -0.992354 -0.070786
vn -0.162854 -0.084115 -0.983058
vn -0.162854 -0.084115 -0.983058
vn -0.162854 -0.084115 -0.983058
vn -0.121871 0.963986 -0.236387
vn -0.121871 0.963986 -0.236387
vn -0.121871 0.963986 -0.236387
vn -0.700785 0.489313 -0.519108
vn -0.700785 0.489313 -0.519108
vn -0.700785 0.489313 -0.519108
vn -0.787584 -0.384955 0.481167
vn -0.787584 -0.384955 0.481167
vn -0.787584 -0.384955 0.481167
vn 0.792879 0.383581 0.473506
vn 0.792879 0.383581 0.473506
vn 0.792879 0.383581 0.473506
vn -0.495494 -0.780480 0.381230
vn -0.495494 -0.780480 0.381230
vn -0.495494 -0.780480 0.381230
vn 0.636507 -0.523300 0.566582
vn 0.636507 -0.523300 0.566582
vn 0.636507 -0.523300 0.566582
vn 0.317748 0.107069 0.942111
vn 0.317748 0.107069 0.942111
vn 0.317748 0.107069 0.942111
vn 0.709661 -0.676912 0.195377
vn 0.709661 -0.676912 0.195377
vn 0.709661 -0.676912 0.195377
vn 0.811885 -0.580939 -0.057898
vn 0.811885 -0.580939 -0.057898
vn 0.811885 -0.580939 -0.057898
vn -0.020849 -0.823875 -0.566388
vn -0.020849 -0.823875 -0.566388
vn -0.020849 -0.823875 -0.566388
vn -0.019431 -0.603395 0.797205
vn -0.019431 -0.603395 0.797205
vn -0.019431 -0.603395 0.797205
vn -0.238119 0.874509 0.422533
vn -0.238119 0.874509 0.422533
vn -0.238119 0.874509 0.422533
vn -0.065950 -0.530379 -0.845191
vn -0.065950 -0.530379 -0.845191
vn -0.065950 -0.530379 -0.845191
vn 0.475297 -0.671675 -0.568283
vn 0.475297 -0.671675 -0.568283
vn 0.475297 -0.671675 -0.568283
vn -0.611055 0.288115 -0.737294
vn -0.611055 0.288115 -0.737294
vn -0.611055 0.288115 -0.737294
vn -0.673838 -0.500537 0.543512
vn -0.673838 -0.500537 0.543512
vn -0.673838 -0.500537 0.543512
vn 0.278745 0.762282 0.584147
vn 0.278745 0.762282 0.584147
vn 0.278745 0.762282 0.584147
vn -0.815018 0.238819 -0.527931
vn -0.815018 0.238819 -0.527931
vn -0.815018 0.238819 -0.527931
vn -0.858676 0.302497 0.413728
vn -0.858676 0.302497 0.413728
vn -0.858676 0.302497 0.413728
vn -0.854729 0.414891 -0.311935
vn -0.854729 0.414891 -0.311935
vn -0.854729 0.414891 -0.311935
vn 0.217444 0.587729 0.779289
vn 0.217444 0.587729 0.779289
vn 0.217444 0.587729 0.779289
vn -0.680702 -0.697039 0.225345
vn -0.680702 -0.697039 0.225345
vn -0.680702 -0.697039 0.225345
vn 0.164460 0.070171 0.983885
vn 0.164460 0.070171 0.983885
vn 0.164460 0.070171 0.983885
vn 0.706922 -0.495492 -0.504727
vn 0.706922 -0.495492 -0.504727
vn 0.706922 -0.495492 -0.504727
vn 0.212284 0.969302 0.124051
vn 0.212284 0.969302 0.124051
vn 0.212284 0.969302 0.124051
vn 0.404880 -0.612847 0.678595
vn 0.404880 -0.612847 0.678595
vn 0.404880 -0.612847 0.678595
vn -0.416842 -0.140742 0.898017
vn -0.416842 -0.140742 0.898017
vn -0.416842 -0.140742 0.898017
vn 0.889241 -0.008698 0.457356
vn 0.889241 -0.008698 0.457356
vn 0.889241 -0.008698 0.457356
vn 0.825178 0.424161 -0.373053
vn 0.825178 0.424161 -0.373053
vn 0.825178 0.424161 -0.373053
vn -0.235650 0.513378 -0.825174
vn -0.235650 0.513378 -0.825174
vn -0.235650 0.513378 -0.825174
vn -0.859936 0.192426 -0.472738
vn -0.859936 0.192426 -0.472738
vn -0.859936 0.192426 -0.472738
vn -0.248118 0.344150 0.905537
vn -0.248118 0.344150 0.905537
vn -0.248118 0.344150 0.905537
vn 0.933436 0.213450 -0.288335
vn 0.933436 0.213450 -0.288335
vn 0.933436 0.213450 -0.288335
vn -0.688465 0.420759 -0.590743
vn -0.688465 0.420759 -0.590743
vn -0.688465 0.420759 -0.590743
vn 0.154076 -0.955250 -0.252503
vn 0.154076 -0.955250 -0.252503
vn 0.154076 -0.955250 -0.252503
vn 0.995325 -0.073260 0.062934
vn 0.995325 -0.073260 0.062934
vn 0.995325 -0.073260 0.062934
vn 0.939189 -0.278994 0.200215
vn 0.939189 -0.278994 0.200215
vn 0.939189 -0.278994 0.200215
vn -0.741919 -0.667989 -0.057853
vn -0.741919 -0.667989 -0.057853
vn -0.741919 -0.667989 -0.057853
vn -0.749158 0.015751 0.662204
vn -0.749158 0.015751 0.662204
vn -0.749158 0.015751 0.662204
vn -0.997831 -0.018728 -0.063111
vn -0.997831 -0.018728 -0.063111
vn -0.997831 -0.018728 -0.063111
vn -0.366791 -0.826136 0.427741
vn -0.366791 -0.826136 0.427741
vn -0.366791 -0.826136 0.427741
vn 0.814867 0.468982 0.340657
vn 0.814867 0.468982 0.340657
vn 0.814867 0.468982 0.340657
vn -0.457757 0.465573 0.757430
vn -0.457757 0.465573 0.757430
vn -0.457757 0.465573 0.757430
vn 0.565137 -0.475231 0.674371
vn 0.565137 -0.475231 0.674371
vn 0.565137 -0.475231 0.674371
vn 0.397448 0.110719 -0.910921
vn 0.397448 0.110719 -0.910921
vn 0.397448 0.110719 -0.910921
vn 0.021175 -0.456472 0.889486
vn 0.021175 -0.456472 0.889486
vn 0.021175 -0.456472 0.889486
vn -0.930336 -0.363413 0.049042
vn -0.930336 -0.363413 0.049042
vn -0.930336 -0.363413 0.049042
vn 0.715596 -0.287748 -0.636493
vn 0.715596 -0.287748 -0.636493
vn 0.715596 -0.287748 -0.636493
vn -0.171892 -0.654109 -0.736610
vn -0.171892 -0.654109 -0.736610
vn -0.171892 -0.654109 -0.736610
vn -0.009493 -0.939777 -0.341657
vn -0.009493 -0.939777 -0.341657
vn -0.009493 -0.939777 -0.341657
vn 0.395330 -0.903431 -0.165915
vn 0.395330 -0.903431 -0.165915
vn 0.395330 -0.903431 -0.165915
vn 0.921162 -0.184301 0.342773
vn 0.921162 -0.184301 0.342773
vn 0.921162 -0.184301 0.342773
vn 0.211935 -0.697060 0.684976
vn 0.211935 -0.697060 0.684976
vn 0.211935 -0.697060 0.684976
vn -0.245105 0.709992 -0.660178
vn -0.245105 0.709992 -0.660178
vn -0.245105 0.709992 -0.660178
vn -0.261174 0.375533 0.889249
vn -0.261174 0.375533 0.889249
vn -0.261174 0.375533 0.889249
vn 0.685835 -0.638737 -0.348778
vn 0.685835 -0.638737 -0.348778
vn 0.685835 -0.638737 -0.348778
vn 0.935421 -0.223024 0.274313
vn 0.935421 -0.223024 0.274313
vn 0.935421 -0.223024 0.274313
vn 0.826122 -0.558753 -0.072928
vn 0.826122 -0.558753 -0.072928
vn 0.826122 -0.558753 -0.072928
vn 0.758522 0.211931 -0.616223
vn 0.758522 0.211931 -0.616223
vn 0.758522 0.211931 -0.616223
vn -0.322157 -0.264218 -0.909068
vn -0.322157 -0.264218 -0.909068
vn -0.322157 -0.264218 -0.909068
vn -0.045051 -0.990988 0.126144
vn -0.045051 -0.990988 0.126144
vn -0.045051 -0.990988 0.126144
vn 0.696095 -0.069498 0.714579
vn 0.696095 -0.069498 0.714579
vn 0.696095 -0.069498 0.714579
vn -0.068010 -0.684806 -0.725545
vn -0.068010 -0.684806 -0.725545
vn -0.068010 -0.684806 -0.725545
vn -0.311969 0.935616 0.165221
vn -0.311969 0.935616 0.165221
vn -0.311969 0.935616 0.165221
vn 0.110569 0.399407 0.910082
vn 0.110569 0.399407 0.910082
vn 0.110569 0.399407 0.910082
vn 0.674368 -0.633061 0.380081
vn 0.674368 -0.633061 0.380081
vn 0.674368 -0.633061 0.380081
vn -0.367004 -0.781505 -0.504538
vn -0.367004 -0.781505 -0.504538
vn -0.367004 -0.781505 -0.504538
vn 0.042183 0.526336 0.849229
vn 0.042183 0.526336 0.849229
vn 0.042183 0.526336 0.849229
vn -0.305318 0.915233 -0.262925
vn -0.305318 0.915233 -0.262925
vn -0.305318 0.915233 -0.262925
vn -0.173806 0.841945 -0.510804
vn -0.173806 0.841945 -0.510804
vn -0.173806 0.841945 -0.510804
vn 0.639071 0.354430 0.682618
vn 0.639071 0.354430 0.682618
vn 0.639071 0.354430 0.682618
vn -0.786664 0.592563 0.173287
vn -0.786664 0.592563 0.173287
vn -0.786664 0.592563 0.173287
vn 0.890348 0.219554 0.398843
vn 0.890348 0.219554 0.398843
vn 0.890348 0.219554 0.398843
vn 0.959393 -0.024828 0.280979
vn 0.959393 -0.024828 0.280979
vn 0.959393 -0.024828 0.280979
vn 0.331165 0.808791 -0.485991
vn 0.331165 0.808791 -0.485991
vn 0.331165 0.808791 -0.485991
vn 0.218612 0.963718 -0.153156
vn 0.218612 0.963718 -0.153156
vn 0.218612 0.963718 -0.153156
vn -0.190509 0.272066 -0.943232
vn -0.190509 0.272066 -0.943232
vn -0.190509 0.272066 -0.943232
vn 0.822832 -0.373388 -0.428402
vn 0.822832 -0.373388 -0.428402
vn 0.822832 -0.373388 -0.428402
vn 0.830691 -0.499893 0.245068
vn 0.830691 -0.499893 0.245068
vn 0.830691 -0.499893 0.245068
vn -0.187362 0.905137 -0.381604
vn -0.187362 0.905137 -0.381604
vn -0.187362 0.905137 -0.381604
vn 0.838736 0.153219 -0.522537
vn 0.838736 0.153219 -0.522537
vn 0.838736 0.153219 -0.522537
vn -0.809285 0.408974 0.421661
vn -0.809285 0.408974 0.421661
vn -0.809285 0.408974 0.421661
vn -0.675840 0.619214 0.399767
vn -0.675840 0.619214 0.399767
vn -0.675840 0.619214 0.399767
vn 0.174102 0.911464 0.372721
vn 0.174102 0.911464 0.372721
vn 0.174102 0.911464 0.372721
vn -0.635507 -0.226420 0.738149
vn -0.635507 -0.226420 0.738149
vn -0.635507 -0.226420 0.738149
vn -0.059439 -0.093359 -0.993857
vn -0.059439 -0.093359 -0.993857
vn -0.059439 -0.093359 -0.993857
vn 0.306154 0.726416 -0.615297
vn 0.306154 0.726416 -0.615297
vn 0.306154 0.726416 -0.615297
vn 0.444370 0.301912 -0.843436
vn 0.444370 0.301912 -0.843436
vn 0.444370 0.301912 -0.843436
vn 0.871899 0.187786 0.452248
vn 0.871899 0.187786 0.452248
vn 0.871899 0.187786 0.452248
vn -0.999016 -0.004144 -0.044151
vn -0.999016 -0.004144 -0.044151
vn -0.999016 -0.004144 -0.044151
vn 0.134202 -0.015467 -0.990833
vn 0.134202 -0.015467 -0.990833
vn 0.134202 -0.015467 -0.990833
vn -0.935722 -0.352610 -0.009474
vn -0.935722 -0.352610 -0.009474
vn -0.935722 -0.352610 -0.009474
vn -0.650622 -0.725756 -0.223536
vn -0.650622 -0.725756 -0.223536
vn -0.650622 -0.725756 -0.223536
vn -0.920092 -0.061269 -0.386880
vn -0.920092 -0.061269 -0.386880
vn -0.920092 -0.061269 -0.386880
vn -0.573973 0.122323 0.809687
vn -0.573973 0.122323 0.809687
vn -0.573973 0.122323 0.809687
vn 0.421475 0.219437 -0.879890
vn 0.421475 0.219437 -0.879890
vn 0.421475 0.219437 -0.879890
vn -0.561845 -0.323987 -0.761158
vn -0.561845 -0.323987 -0.761158
vn -0.561845 -0.323987 -0.761158
vn 0.003757 0.287947 0.957639
vn 0.003757 0.287947 0.957639
vn 0.003757 0.287947 0.957639
vn 0.668345 -0.743848 -0.002414
vn 0.668345 -0.743848 -0.002414
vn 0.668345 -0.743848 -0.002414
vn 0.591334 0.606128 0.531914
vn 0.591334 0.606128 0.531914
vn 0.591334 0.606128 0.531914
vn 0.476884 -0.780036 0.405124
vn 0.476884 -0.780036 0.405124
vn 0.476884 -0.780036 0.405124
vn 0.719003 0.488277 0.494591
vn 0.719003 0.488277 0.494591
vn 0.719003 0.488277 0.494591
vn -0.000524 -0.123308 0.992368
vn -0.000524 -0.123308 0.992368
vn -0.000524 -0.123308 0.992368
vn 0.381799 -0.709071 0.592830
vn 0.381799 -0.709071 0.592830
vn 0.381799 -0.709071 0.592830
vn -0.301642 0.931727 -0.202231
vn -0.301642 0.931727 -0.202231
vn -0.301642 0.931727 -0.202231
vn -0.589889 -0.394206 -0.704722
vn -0.589889 -0.394206 -0.704722
vn -0.589889 -0.394206 -0.704722
vn 0.998961 0.002402 -0.045514
vn 0.998961 0.002402 -0.045514
vn 0.998961 0.002402 -0.045514
vn 0.815330 0.499609 0.292622
vn 0.815330 0.499609 0.292622
vn 0.815330 0.499609 0.292622
vn -0.678915 -0.720163 0.142968
vn -0.678915 -0.720163 0.142968
vn -0.678915 -0.720163 0.142968
vn 0.791389 -0.483896 0.373561
vn 0.791389 -0.483896 0.373561
vn 0.791389 -0.483896 0.373561
vn -0.320732 -0.930808 0.175291
vn -0.320732 -0.930808 0.175291
vn -0.320732 -0.930808 0.175291
vn 0.848651 0.256606 0.462541
vn 0.848651 0.256606 0.462541
vn 0.848651 0.256606 0.462541
vn -0.644200 0.089086 -0.759651
vn -0.644200 0.089086 -0.759651
vn -0.644200 0.089086 -0.759651
vn 0.068473 -0.207204 -0.975898
vn 0.068473 -0.207204 -0.975898
vn 0.068473 -0.207204 -0.975898
vn 0.494251 0.789107 0.364727
vn 0.494251 0.789107 0.364727
vn 0.494251 0.789107 0.364727
vn 0.732119 -0.501083 0.461430
vn 0.732119 -0.501083 0.461430
vn 0.732119 -0.501083 0.461430
vn -0.495050 0.780347 0.382079
vn -0.495050 0.780347 0.382079
vn -0.495050 0.780347 0.382079
vn -0.252886 -0.863102 -0.437155
vn -0.252886 -0.863102 -0.437155
vn -0.252886 -0.863102 -0.437155
vn 0.948523 -0.253930 0.189270
vn 0.948523 -0.253930 0.189270
vn 0.948523 -0.253930 0.189270
vn 0.182691 -0.471569 0.862697
vn 0.182691 -0.471569 0.862697
vn 0.182691 -0.471569 0.862697
vn -0.309037 0.848571 0.429445
vn -0.309037 0.848571 0.429445
vn -0.309037 0.848571 0.429445
vn 0.129946 -0.984640 0.116612
vn 0.129946 -0.984640 0.116612
vn 0.129946 -0.984640 0.116612
vn -0.901158 0.432328 -0.031719
vn -0.901158 0.432328 -0.031719
vn -0.901158 0.432328 -0.031719
vn -0.414823 -0.834470 -0.362742
vn -0.414823 -0.834470 -0.362742
vn -0.414823 -0.834470 -0.362742
vn 0.847303 0.349015 0.400332
vn 0.847303 0.349015 0.400332
vn 0.847303 0.349015 0.400332
vn 0.548068 0.692905 0.468512
vn 0.548068 0.692905 0.468512
vn 0.548068 0.692905 0.468512
vn -0.450764 -0.890642 -0.059743
vn -0.450764 -0.890642 -0.059743
vn -0.450764 -0.890642 -0.059743
vn -0.691924 0.465148 -0.552158
vn -0.691924 0.465148 -0.552158
vn -0.691924 0.465148 -0.552158
vn -0.510391 0.117698 -0.851850
vn -0.510391 0.117698 -0.851850
vn -0.510391 0.117698 -0.851850
vn 0.582600 -0.513811 -0.629742
vn 0.582600 -0.513811 -0.629742
vn 0.582600 -0.513811 -0.629742
vn 0.703144 -0.354780 -0.616213
vn 0.703144 -0.354780 -0.616213
vn 0.703144 -0.354780 -0.616213
vn 0.363841 0.670502 0.646566
vn 0.363841 0.670502 0.646566
vn 0.363841 0.670502 0.646566
vn -0.128871 -0.023936 -0.991372
vn -0.128871 -0.023936 -0.991372
vn -0.128871 -0.023936 -0.991372
vn 0.915011 0.397256 -0.070302
vn 0.915011 0.397256 -0.070302
vn 0.915011 0.397256 -0.070302
vn 0.690015 -0.418954 -0.590218
vn 0.690015 -0.418954 -0.590218
vn 0.690015 -0.418954 -0.590218
vn 0.600145 0.592453 -0.537425
vn 0.600145 0.592453 -0.537425
vn 0.600145 0.592453 -0.537425
vn 0.952205 -0.174145 0.250955
vn 0.952205 -0.174145 0.250955
vn 0.952205 -0.174145 0.250955
vn -0.330003 0.273845 0.903387
vn -0.330003 0.273845 0.903387
vn -0.330003 0.273845 0.903387
vn 0.131733 -0.506124 0.852341
vn 0.131733 -0.506124 0.852341
vn 0.131733 -0.506124 0.852341
vn 0.394072 0.743992 -0.539613
vn 0.394072 0.743992 -0.539613
vn 0.394072 0.743992 -0.539613
vn 0.239857 -0.435856 0.867467
vn 0.239857 -0.435856 0.867467
vn 0.239857 -0.435856 0.867467
vn 0.204316 -0.846764 -0.491168
vn 0.204316 -0.846764 -0.491168
vn 0.204316 -0.846764 -0.491168
vn 0.209167 0.927260 0.310544
vn 0.209167 0.927260 0.310544
vn 0.209167 0.927260 0.310544
vn -0.216465 0.232963 0.948088
vn -0.216465 0.232963 0.948088
vn -0.216465 0.232963 0.948088
vn -0.209023 -0.420511 0.882882
vn -0.209023 -0.420511 0.882882
vn -0.209023 -0.420511 0.882882
vn -0.292031 -0.205630 -0.934042
vn -0.292031 -0.205630 -0.934042
vn -0.292031 -0.205630 -0.934042
vn 0.382912 0.681591 0.623548
vn 0.382912 0.681591 0.623548
vn 0.382912 0.681591 0.623548
vn 0.441867 -0.462880 0.768437
vn 0.441867 -0.462880 0.768437
vn 0.441867 -0.462880 0.768437
vn 0.399929 -0.437418 -0.805433
vn 0.399929 -0.437418 -0.805433
vn 0.399929 -0.437418 -0.805433
vn -0.081726 0.107638 0.990825
vn -0.081726 0.107638 0.990825
vn -0.081726 0.107638 0.990825
vn 0.175375 0.708912 0.683145
vn 0.175375 0.708912 0.683145
vn 0.175375 0.708912 0.683145
vn 0.557790 -0.178883 0.810476
vn 0.557790 -0.178883 0.810476
vn 0.557790 -0.178883 0.810476
vn -0.068505 -0.189128 0.979560
vn -0.068505 -0.189128 0.979560
vn -0.068505 -0.189128 0.979560
vn 0.837391 -0.409372 -0.362203
vn 0.837391 -0.409372 -0.362203
vn 0.837391 -0.409372 -0.362203
vn -0.995372 -0.076949 0.057570
vn -0.995372 -0.076949 0.057570
vn -0.995372 -0.076949 0.057570
vn -0.240360 -0.764225 0.598487
vn -0.240360 -0.764225 0.598487
vn -0.240360 -0.764225 0.598487
vn 0.955185 -0.137196 -0.262297
vn 0.955185 -0.137196 -0.262297
vn 0.955185 -0.137196 -0.262297
vn -0.450045 0.715098 -0.534878
vn -0.450045 0.715098 -0.534878
vn -0.450045 0.715098 -0.534878
vn 0.872957 0.250112 0.418796
vn 0.872957 0.250112 0.418796
vn 0.872957 0.250112 0.418796
vn 0.797689 0.180987 -0.575270
vn 0.797689 0.180987 -0.575270
vn 0.797689 0.180987 -0.575270
vn -0.487712 -0.575718 0.656267
vn -0.487712 -0.575718 0.656267
vn -0.487712 -0.575718 0.656267
vn -0.165945 -0.571401 0.803719
vn -0.165945 -0.571401 0.803719
vn -0.165945 -0.571401 0.803719
vn 0.276949 -0.958709 0.064625
vn 0.276949 -0.958709 0.064625
vn 0.276949 -0.958709 0.064625
vn 0.695965 0.273572 -0.663921
vn 0.695965 0.273572 -0.663921
vn 0.695965 0.273572 -0.663921
vn 0.934270 0.350708 -0.064374
vn 0.934270 0.350708 -0.064374
vn 0.934270 0.350708 -0.064374
vn -0.348679 -0.937062 -0.018378
vn -0.348679 -0.937062 -0.018378
vn -0.348679 -0.937062 -0.018378
vn 0.053819 -0.967541 -0.246918
vn 0.053819 -0.967541 -0.246918
vn 0.053819 -0.967541 -0.246918
vn -0.095265 -0.978712 -0.181788
vn -0.095265 -0.978712 -0.181788
vn -0.095265 -0.978712 -0.181788
vn -0.543401 0.722626 0.427232
vn -0.543401 0.722626 0.427232
vn -0.543401 0.722626 0.427232
vn 0.770606 -0.624189 0.128666
vn 0.770606 -0.624189 0.128666
vn 0.770606 -0.624189 0.128666
vn -0.447457 -0.630002 0.634729
vn -0.447457 -0.630002 0.634729
vn -0.447457 -0.630002 0.634729
vn 0.856352 0.459313 -0.235995
vn 0.856352 0.459313 -0.235995
vn 0.856352 0.459313 -0.235995
vn -0.803277 -0.434399 -0.407484
vn -0.803277 -0.434399 -0.407484
vn -0.803277 -0.434399 -0.407484
vn -0.213610 0.973932 -0.076342
vn -0.213610 0.973932 -0.076342
vn -0.213610 0.973932 -0.076342
vn 0.364236 -0.532215 0.764251
vn 0.364236 -0.532215 0.764251
vn 0.364236 -0.532215 0.764251
vn 0.586593 -0.773239 0.240853
vn 0.586593 -0.773239 0.240853
vn 0.586593 -0.773239 0.240853
vn -0.461250 -0.725329 -0.511025
vn -0.461250 -0.725329 -0.511025
vn -0.461250 -0.725329 -0.511025
vn 0.256296 -0.919283 -0.298717
vn 0.256296 -0.919283 -0.298717
vn 0.256296 -0.919283 -0.298717
vn -0.553898 0.080191 -0.828714
vn -0.553898 0.080191 -0.828714
vn -0.553898 0.080191 -0.828714
vn 0.777663 0.598920 -0.191142
vn 0.777663 0.598920 -0.191142
vn 0.777663 0.598920 -0.191142
vn -0.484885 0.242538 -0.840275
vn -0.484885 0.242538 -0.840275
vn -0.484885 0.242538 -0.840275
vn -0.852789 0.477173 0.212264
vn -0.852789 0.477173 0.212264
vn -0.852789 0.477173 0.212264
vn 0.020192 -0.079823 -0.996604
vn 0.020192 -0.079823 -0.996604
vn 0.020192 -0.079823 -0.996604
vn 0.740755 0.641560 -0.199209
vn 0.740755 0.641560 -0.199209
vn 0.740755 0.641560 -0.199209
vn 0.843142 0.500651 -0.196110
vn 0.843142 0.500651 -0.196110
vn 0.843142 0.500651 -0.196110
vn -0.233226 -0.227846 0.945353
vn -0.233226 -0.227846 0.945353
vn -0.233226 -0.227846 0.945353
vn -0.805887 0.568355 0.165888
vn -0.805887 0.568355 0.165888
vn -0.805887 0.568355 0.165888
vn 0.361082 -0.394136 0.845149
vn 0.361082 -0.394136 0.845149
vn 0.361082 -0.394136 0.845149
vn -0.504175 0.850685 0.148802
vn -0.504175 0.850685 0.148802
vn -0.504175 0.850685 0.148802
vn -0.796736 -0.162962 -0.581941
vn -0.796736 -0.162962 -0.581941
vn -0.796736 -0.162962 -0.581941
vn -0.276172 -0.741727 0.611204
vn -0.276172 -0.741727 0.611204
vn -0.276172 -0.741727 0.611204
vn -0.195397 -0.801064 0.565789
vn -0.195397 -0.801064 0.565789
vn -0.195397 -0.801064 0.565789
vn -0.267366 -0.784302 -0.559809
vn -0.267366 -0.784302 -0.559809
vn -0.267366 -0.784302 -0.559809
vn -0.168870 -0.933663 0.315842
vn -0.168870 -0.933663 0.315842
vn -0.168870 -0.933663 0.315842
vn -0.182529 -0.033304 -0.982636
vn -0.182529 -0.033304 -0.982636
vn -0.182529 -0.033304 -0.982636
vn -0.847148 -0.105590 0.520760
vn -0.847148 -0.105590 0.520760
vn -0.847148 -0.105590 0.520760
vn -0.103455 -0.958467 -0.265778
vn -0.103455 -0.958467 -0.265778
vn -0.103455 -0.958467 -0.265778
vn -0.243113 0.798286 -0.551032
vn -0.243113 0.798286 -0.551032
vn -0.243113 0.798286 -0.551032
vn 0.737633 -0.230688 0.634571
vn 0.737633 -0.230688 0.634571
vn 0.737633 -0.230688 0.634571
vn -0.898828 -0.138442 -0.415864
vn -0.898828 -0.138442 -0.415864
vn -0.898828 -0.138442 -0.415864
vn 0.366124 0.770057 0.522461
vn 0.366124 0.770057 0.522461
vn 0.366124 0.770057 0.522461
vn 0.776619 0.490608 0.395179
vn 0.776619 0.490608 0.395179
vn 0.776619 0.490608 0.395179
vn -0.382059 -0.312001 0.869877
vn -0.382059 -0.312001 0.869877
vn -0.382059 -0.312001 0.869877
vn -0.198245 -0.966902 -0.160623
vn -0.198245 -0.966902 -0.160623
vn -0.198245 -0.966902 -0.160623
vn -0.347624 -0.039902 -0.936785
vn -0.347624 -0.039902 -0.936785
vn -0.347624 -0.039902 -0.936785
vn 0.587819 -0.022946 -0.808667
vn 0.587819 -0.022946 -0.808667
vn 0.587819 -0.022946 -0.808667
vn 0.743910 0.645400 0.173370
vn 0.743910 0.645400 0.173370
vn 0.743910 0.645400 0.173370
vn 0.329266 0.077297 -0.941068
vn 0.329266 0.077297 -0.941068
vn 0.329266 0.077297 -0.941068
vn 0.349444 0.514708 0.782920
vn 0.349444 0.514708 0.782920
vn 0.349444 0.514708 0.782920
vn -0.239633 -0.963939 -0.115747
vn -0.239633 -0.963939 -0.115747
vn -0.239633 -0.963939 -0.115747
vn -0.816800 -0.024681 -0.576392
vn -0.816800 -0.024681 -0.576392
vn -0.816800 -0.024681 -0.576392
vn 0.980945 -0.065302 0.182984
vn 0.980945 -0.065302 0.182984
vn 0.980945 -0.065302 0.182984
vn 0.261844 -0.964274 0.040178
vn 0.261844 -0.964274 0.040178
vn 0.261844 -0.964274 0.040178
vn -0.497157 0.242750 0.833011
vn -0.497157 0.242750 0.833011
vn -0.497157 0.242750 0.833011
vn -0.904159 -0.385069 0.184980
vn -0.904159 -0.385069 0.184980
vn -0.904159 -0.385069 0.184980
vn -0.705175 -0.699147 -0.117990
vn -0.705175 -0.699147 -0.117990
vn -0.705175 -0.699147 -0.117990
vn -0.588945 -0.542330 -0.599184
vn -0.588945 -0.542330 -0.599184
vn -0.588945 -0.542330 -0.599184
vn 0.571262 -0.309969 -0.759986
vn 0.571262 -0.309969 -0.759986
vn 0.571262 -0.309969 -0.759986
vn -0.076069 0.023301 -0.996830
vn -0.076069 0.023301 -0.996830
vn -0.076069 0.023301 -0.996830
vn 0.770984 -0.490788 -0.405845
vn 0.770984 -0.490788 -0.405845
vn 0.770984 -0.490788 -0.405845
vn 0.363148 -0.867812 -0.339155
vn 0.363148 -0.867812 -0.339155
vn 0.363148 -0.867812 -0.339155
vn -0.818392 0.542877 0.188466
vn -0.818392 0.542877 0.188466
vn -0.818392 0.542877 0.188466
vn -0.847002 -0.057940 0.528423
vn -0.847002 -0.057940 0.528423
vn -0.847002 -0.057940 0.528423
vn 0.423564 0.905859 -0.003694
vn 0.423564 0.905859 -0.003694
vn 0.423564 0.905859 -0.003694
vn -0.051153 0.893065 -0.447010
vn -0.051153 0.893065 -0.447010
vn -0.051153 0.893065 -0.447010
vn 0.424098 0.372024 -0.825675
vn 0.424098 0.372024 -0.825675
vn 0.424098 0.372024 -0.825675
vn -0.599525 0.446112 -0.664495
vn -0.599525 0.446112 -0.664495
vn -0.599525 0.446112 -0.664495
vn -0.883616 0.408320 0.229122
vn -0.883616 0.408320 0.229122
vn -0.883616 0.408320 0.229122
vn -0.116094 0.432940 0.893915
vn -0.116094 0.432940 0.893915
vn -0.116094 0.432940 0.893915
vn 0.469605 -0.243498 -0.848634
vn 0.469605 -0.243498 -0.848634
vn 0.469605 -0.243498 -0.848634
vn -0.998670 0.007271 -0.051043
vn -0.998670 0.007271 -0.051043
vn -0.998670 0.007271 -0.051043
vn -0.247078 -0.968945 0.009950
vn -0.247078 -0.968945 0.009950
vn -0.247078 -0.968945 0.009950
vn -0.469114 0.539314 -0.699337
vn -0.469114 0.539314 -0.699337
vn -0.469114 0.539314 -0.699337
vn 0.257217 0.823299 0.505982
vn 0.257217 0.823299 0.505982
vn 0.257217 0.823299 0.505982
vn 0.728365 -0.507030 0.460874
vn 0.728365 -0.507030 0.460874
vn 0.728365 -0.507030 0.460874
vn -0.293997 -0.940781 -0.168811
vn -0.293997 -0.940781 -0.168811
vn -0.293997 -0.940781 -0.168811
vn -0.115553 0.956035 0.269527
vn -0.115553 0.956035 0.269527
vn -0.115553 0.956035 0.269527
vn 0.727448 -0.502539 0.467197
vn 0.727448 -0.502539 0.467197
vn 0.727448 -0.502539 0.467197
vn -0.844858 0.090760 0.527235
vn -0.844858 0.090760 0.527235
vn -0.844858 0.090760 0.527235
vn 0.383246 -0.849577 0.362411
vn 0.383246 -0.849577 0.362411
vn 0.383246 -0.849577 0.362411
vn -0.680124 0.372477 0.631420
vn -0.680124 0.372477 0.631420
vn -0.680124 0.372477 0.631420
vn 0.723698 -0.526492 0.446170
vn 0.723698 -0.526492 0.446170
vn 0.723698 -0.526492 0.446170
vn -0.444423 -0.467547 0.764126
vn -0.444423 -0.467547 0.764126
vn -0.444423 -0.467547 0.764126
vn -0.751921 0.512622 0.414528
vn -0.751921 0.512622 0.414528
vn -0.751921 0.512622 0.414528
vn -0.351859 -0.922555 -0.158391
vn -0.351859 -0.922555 -0.158391
vn -0.351859 -0.922555 -0.158391
vn -0.533625 -0.141448 -0.833809
vn -0.533625 -0.141448 -0.833809
vn -0.533625 -0.141448 -0.833809
vn -0.404888 0.484409 -0.775509
vn -0.404888 0.484409 -0.775509
vn -0.404888 0.484409 -0.775509
vn -0.320357 -0.929103 0.184770
vn -0.320357 -0.929103 0.184770
vn -0.320357 -0.929103 0.184770
vn -0.834453 0.538113 -0.118835
vn -0.834453 0.538113 -0.118835
vn -0.834453 0.538113 -0.118835
vn 0.824672 -0.539636 -0.169442
vn 0.824672 -0.539636 -0.169442
vn 0.824672 -0.539636 -0.169442
vn 0.161415 0.971103 0.175795
vn 0.161415 0.971103 0.175795
vn 0.161415 0.971103 0.175795
vn 0.097594 -0.967367 -0.233832
vn 0.097594 -0.967367 -0.233832
vn 0.097594 -0.967367 -0.233832
vn -0.561589 0.769701 0.303607
vn -0.561589 0.769701 0.303607
vn -0.561589 0.769701 0.303607
vn -0.166153 0.303067 -0.938373
vn -0.166153 0.303067 -0.938373
vn -0.166153 0.303067 -0.938373
vn -0.657343 0.481753 0.579494
vn -0.657343 0.481753 0.579494
vn -0.657343 0.481753 0.579494
vn 0.145992 0.815981 -0.559340
vn 0.145992 0.815981 -0.559340
vn 0.145992 0.815981 -0.559340
vn -0.138892 -0.933196 -0.331443
vn -0.138892 -0.933196 -0.331443
vn -0.138892 -0.933196 -0.331443
vn 0.492119 0.026021 0.870139
vn 0.492119 0.026021 0.870139
vn 0.492119 0.026021 0.870139
vn 0.351367 0.602295 0.716786
vn 0.351367 0.602295 0.716786
vn 0.351367 0.602295 0.716786
vn 0.319373 0.147230 -0.936122
vn 0.319373 0.147230 -0.936122
vn 0.319373 0.147230 -0.936122
vn 0.473604 0.231308 -0.849821
vn 0.473604 0.231308 -0.849821
vn 0.473604 0.231308 -0.849821
vn -0.585893 -0.604472 -0.539761
vn -0.585893 -0.604472 -0.539761
vn -0.585893 -0.604472 -0.539761
vn 0.651124 -0.493720 0.576436
vn 0.651124 -0.493720 0.576436
vn 0.651124 -0.493720 0.576436
vn 0.825527 -0.349185 0.443367
vn 0.825527 -0.349185 0.443367
vn 0.825527 -0.349185 0.443367
vn 0.749656 -0.007829 -0.661782
vn 0.749656 -0.007829 -0.661782
vn 0.749656 -0.007829 -0.661782
vn -0.503928 0.329124 0.798582
vn -0.503928 0.329124 0.798582
vn -0.503928 0.329124 0.798582
vn -0.233881 0.390382 0.890450
vn -0.233881 0.390382 0.890450
vn -0.233881 0.390382 0.890450
vn 0.133147 0.231261 0.963738
vn 0.133147 0.231261 0.963738
vn 0.133147 0.231261 0.963738
vn -0.334357 0.939767 -0.071017
vn -0.334357 0.939767 -0.071017
vn -0.334357 0.939767 -0.071017
vn -0.394305 0.736493 0.549637
vn -0.394305 0.736493 0.549637
vn -0.394305 0.736493 0.549637
vn 0.467161 0.545501 0.695837
vn 0.467161 0.545501 0.695837
vn 0.467161 0.545501 0.695837
vn 0.990667 -0.118666 -0.067068
vn 0.990667 -0.118666 -0.067068
vn 0.990667 -0.118666 -0.067068
vn 0.093464 -0.921608 -0.376699
vn 0.093464 -0.921608 -0.376699
vn 0.093464 -0.921608 -0.376699
vn -0.727121 -0.682928 0.070036
vn -0.727121 -0.682928 0.070036
vn -0.727121 -0.682928 0.070036
vn -0.645497 -0.631750 0.429215
vn -0.645497 -0.631750 0.429215
vn -0.645497 -0.631750 0.429215
vn 0.275305 0.457665 0.845429
vn 0.275305 0.457665 0.845429
vn 0.275305 0.457665 0.845429
vn 0.659360 -0.434380 0.613644
vn 0.659360 -0.434380 0.613644
vn 0.659360 -0.434380 0.613644
vn -0.789717 0.091387 0.606627
vn -0.789717 0.091387 0.606627
vn -0.789717 0.091387 0.606627
vn 0.659488 -0.595929 -0.458197
vn 0.659488 -0.595929 -0.458197
vn 0.659488 -0.595929 -0.458197
vn 0.561392 0.821247 0.101939
vn 0.561392 0.821247 0.101939
vn 0.561392 0.821247 0.101939
vn -0.037367 -0.882250 -0.469295
vn -0.037367 -0.882250 -0.469295
vn -0.037367 -0.882250 -0.469295
vn 0.347041 -0.606051 -0.715726
vn 0.347041 -0.606051 -0.715726
vn 0.347041 -0.606051 -0.715726
vn 0.029791 0.249024 -0.968039
vn 0.029791 0.249024 -0.968039
vn 0.029791 0.249024 -0.968039
vn 0.336294 0.808251 0.483360
vn 0.336294 0.808251 0.483360
vn 0.336294 0.808251 0.483360
vn -0.145849 0.969225 0.198320
vn -0.145849 0.969225 0.198320
vn -0.145849 0.969225 0.198320
vn 0.622350 -0.769410 0.143839
vn 0.622350 -0.769410 0.143839
vn 0.622350 -0.769410 0.143839
vn -0.275912 0.844643 0.458750
vn -0.275912 0.844643 0.458750
vn -0.275912 0.844643 0.458750
vn -0.598179 -0.796733 -0.086016
vn -0.598179 -0.796733 -0.086016
vn -0.598179 -0.796733 -0.086016
vn 0.199429 -0.174218 0.964301
vn 0.199429 -0.174218 0.964301
vn 0.199429 -0.174218 0.964301
vn 0.581599 0.444189 0.681497
vn 0.581599 0.444189 0.681497
vn 0.581599 0.444189 0.681497
vn 0.666290 -0.745618 -0.010551
vn 0.666290 -0.745618 -0.010551
vn 0.666290 -0.745618 -0.010551
vn 0.356578 0.426504 -0.831232
vn 0.356578 0.426504 -0.831232
vn 0.356578 0.426504 -0.831232
vn -0.289865 -0.048014 -0.955862
vn -0.289865 -0.048014 -0.955862
vn -0.289865 -0.048014 -0.955862
vn 0.944424 0.160350 0.286970
vn 0.944424 0.160350 0.286970
vn 0.944424 0.160350 0.286970
vn -0.378396 -0.919726 0.104501
vn -0.378396 -0.919726 0.104501
vn -0.378396 -0.919726 0.104501
vn -0.830208 0.006323 0.557418
vn -0.830208 0.006323 0.557418
vn -0.830208 0.006323 0.557418
vn -0.824522 0.447964 -0.345675
vn -0.824522 0.447964 -0.345675
vn -0.824522 0.447964 -0.345675
vn -0.671883 -0.734398 0.096090
vn -0.671883 -0.734398 0.096090
vn -0.671883 -0.734398 0.096090
vn 0.839528 0.243348 0.485773
vn 0.839528 0.243348 0.485773
vn 0.839528 0.243348 0.485773
vn 0.272143 0.595659 -0.755731
vn 0.272143 0.595659 -0.755731
vn 0.272143 0.595659 -0.755731
vn 0.357165 0.627232 0.692108
vn 0.357165 0.627232 0.692108
vn 0.357165 0.627232 0.692108
vn 0.122703 -0.967235 -0.222261
vn 0.122703 -0.967235 -0.222261
vn 0.122703 -0.967235 -0.222261
vn 0.746407 0.650978 0.138216
vn 0.746407 0.650978 0.138216
vn 0.746407 0.650978 0.138216
vn 0.380502 0.264575 -0.886126
vn 0.380502 0.264575 -0.886126
vn 0.380502 0.264575 -0.886126
vn 0.513606 0.699176 -0.497355
vn 0.513606 0.699176 -0.497355
vn 0.513606 0.699176 -0.497355
vn -0.868341 -0.454798 0.197846
vn -0.868341 -0.454798 0.197846
vn -0.868341 -0.454798 0.197846
vn -0.913206 0.333612 -0.234006
vn -0.913206 0.333612 -0.234006
vn -0.913206 0.333612 -0.234006
usemtl M_StarWarm
f 1/1/1 3/2/2 2/3/3
usemtl M_Star
f 4/1/4 6/2/5 5/3/6
f 7/1/7 9/2/8 8/3/9
f 10/1/10 12/2/11 11/3/12
f 13/1/13 15/2/14 14/3/15
f 16/1/16 18/2/17 17/3/18
f 19/1/19 21/2/20 20/3/21
usemtl M_StarWarm
f 22/1/22 24/2/23 23/3/24
usemtl M_Star
f 25/1/25 27/2/26 26/3/27
f 28/1/28 30/2/29 29/3/30
f 31/1/31 33/2/32 32/3/33
f 34/1/34 36/2/35 35/3/36
f 37/1/37 39/2/38 38/3/39
f 40/1/40 42/2/41 41/3/42
usemtl M_StarWarm
f 43/1/43 45/2/44 44/3/45
usemtl M_Star
f 46/1/46 48/2/47 47/3/48
f 49/1/49 51/2/50 50/3/51
f 52/1/52 54/2/53 53/3/54
f 55/1/55 57/2/56 56/3/57
f 58/1/58 60/2/59 59/3/60
f 61/1/61 63/2/62 62/3/63
usemtl M_StarWarm
f 64/1/64 66/2/65 65/3/66
usemtl M_Star
f 67/1/67 69/2/68 68/3/69
f 70/1/70 72/2/71 71/3/72
f 73/1/73 75/2/74 74/3/75
f 76/1/76 78/2/77 77/3/78
f 79/1/79 81/2/80 80/3/81
f 82/1/82 84/2/83 83/3/84
usemtl M_StarWarm
f 85/1/85 87/2/86 86/3/87
usemtl M_Star
f 88/1/88 90/2/89 89/3/90
f 91/1/91 93/2/92 92/3/93
f 94/1/94 96/2/95 95/3/96
f 97/1/97 99/2/98 98/3/99
f 100/1/100 102/2/101 101/3/102
f 103/1/103 105/2/104 104/3/105
usemtl M_StarWarm
f 106/1/106 108/2/107 107/3/108
usemtl M_Star
f 109/1/109 111/2/110 110/3/111
f 112/1/112 114/2/113 113/3/114
f 115/1/115 117/2/116 116/3/117
f 118/1/118 120/2/119 119/3/120
f 121/1/121 123/2/122 122/3/123
f 124/1/124 126/2/125 125/3/126
usemtl M_StarWarm
f 127/1/127 129/2/128 128/3/129
usemtl M_Star
f 130/1/130 132/2/131 131/3/132
f 133/1/133 135/2/134 134/3/135
f 136/1/136 138/2/137 137/3/138
f 139/1/139 141/2/140 140/3/141
f 142/1/142 144/2/143 143/3/144
f 145/1/145 147/2/146 146/3/147
usemtl M_StarWarm
f 148/1/148 150/2/149 149/3/150
usemtl M_Star
f 151/1/151 153/2/152 152/3/153
f 154/1/154 156/2/155 155/3/156
f 157/1/157 159/2/158 158/3/159
f 160/1/160 162/2/161 161/3/162
f 163/1/163 165/2/164 164/3/165
f 166/1/166 168/2/167 167/3/168
usemtl M_StarWarm
f 169/1/169 171/2/170 170/3/171
usemtl M_Star
f 172/1/172 174/2/173 173/3/174
f 175/1/175 177/2/176 176/3/177
f 178/1/178 180/2/179 179/3/180
f 181/1/181 183/2/182 182/3/183
f 184/1/184 186/2/185 185/3/186
f 187/1/187 189/2/188 188/3/189
usemtl M_StarWarm
f 190/1/190 192/2/191 191/3/192
usemtl M_Star
f 193/1/193 195/2/194 194/3/195
f 196/1/196 198/2/197 197/3/198
f 199/1/199 201/2/200 200/3/201
f 202/1/202 204/2/203 203/3/204
f 205/1/205 207/2/206 206/3/207
f 208/1/208 210/2/209 209/3/210
usemtl M_StarWarm
f 211/1/211 213/2/212 212/3/213
usemtl M_Star
f 214/1/214 216/2/215 215/3/216
f 217/1/217 219/2/218 218/3/219
f 220/1/220 222/2/221 221/3/222
f 223/1/223 225/2/224 224/3/225
f 226/1/226 228/2/227 227/3/228
f 229/1/229 231/2/230 230/3/231
usemtl M_StarWarm
f 232/1/232 234/2/233 233/3/234
usemtl M_Star
f 235/1/235 237/2/236 236/3/237
f 238/1/238 240/2/239 239/3/240
f 241/1/241 243/2/242 242/3/243
f 244/1/244 246/2/245 245/3/246
f 247/1/247 249/2/248 248/3/249
f 250/1/250 252/2/251 251/3/252
usemtl M_StarWarm
f 253/1/253 255/2/254 254/3/255
usemtl M_Star
f 256/1/256 258/2/257 257/3/258
f 259/1/259 261/2/260 260/3/261
f 262/1/262 264/2/263 263/3/264
f 265/1/265 267/2/266 266/3/267
f 268/1/268 270/2/269 269/3/270
f 271/1/271 273/2/272 272/3/273
usemtl M_StarWarm
f 274/1/274 276/2/275 275/3/276
usemtl M_Star
f 277/1/277 279/2/278 278/3/279
f 280/1/280 282/2/281 281/3/282
f 283/1/283 285/2/284 284/3/285
f 286/1/286 288/2/287 287/3/288
f 289/1/289 291/2/290 290/3/291
f 292/1/292 294/2/293 293/3/294
usemtl M_StarWarm
f 295/1/295 297/2/296 296/3/297
usemtl M_Star
f 298/1/298 300/2/299 299/3/300
f 301/1/301 303/2/302 302/3/303
f 304/1/304 306/2/305 305/3/306
f 307/1/307 309/2/308 308/3/309
f 310/1/310 312/2/311 311/3/312
f 313/1/313 315/2/314 314/3/315
usemtl M_StarWarm
f 316/1/316 318/2/317 317/3/318
usemtl M_Star
f 319/1/319 321/2/320 320/3/321
f 322/1/322 324/2/323 323/3/324
f 325/1/325 327/2/326 326/3/327
f 328/1/328 330/2/329 329/3/330
f 331/1/331 333/2/332 332/3/333
f 334/1/334 336/2/335 335/3/336
usemtl M_StarWarm
f 337/1/337 339/2/338 338/3/339
usemtl M_Star
f 340/1/340 342/2/341 341/3/342
f 343/1/343 345/2/344 344/3/345
f 346/1/346 348/2/347 347/3/348
f 349/1/349 351/2/350 350/3/351
f 352/1/352 354/2/353 353/3/354
f 355/1/355 357/2/356 356/3/357
usemtl M_StarWarm
f 358/1/358 360/2/359 359/3/360
usemtl M_Star
f 361/1/361 363/2/362 362/3/363
f 364/1/364 366/2/365 365/3/366
f 367/1/367 369/2/368 368/3/369
f 370/1/370 372/2/371 371/3/372
f 373/1/373 375/2/374 374/3/375
f 376/1/376 378/2/377 377/3/378
usemtl M_StarWarm
f 379/1/379 381/2/380 380/3/381
usemtl M_Star
f 382/1/382 384/2/383 383/3/384
f 385/1/385 387/2/386 386/3/387
f 388/1/388 390/2/389 389/3/390
f 391/1/391 393/2/392 392/3/393
f 394/1/394 396/2/395 395/3/396
f 397/1/397 399/2/398 398/3/399
usemtl M_StarWarm
f 400/1/400 402/2/401 401/3/402
usemtl M_Star
f 403/1/403 405/2/404 404/3/405
f 406/1/406 408/2/407 407/3/408
f 409/1/409 411/2/410 410/3/411
f 412/1/412 414/2/413 413/3/414
f 415/1/415 417/2/416 416/3/417
f 418/1/418 420/2/419 419/3/420
usemtl M_StarWarm
f 421/1/421 423/2/422 422/3/423
usemtl M_Star
f 424/1/424 426/2/425 425/3/426
f 427/1/427 429/2/428 428/3/429
f 430/1/430 432/2/431 431/3/432
f 433/1/433 435/2/434 434/3/435
f 436/1/436 438/2/437 437/3/438
f 439/1/439 441/2/440 440/3/441
usemtl M_StarWarm
f 442/1/442 444/2/443 443/3/444
usemtl M_Star
f 445/1/445 447/2/446 446/3/447
f 448/1/448 450/2/449 449/3/450
f 451/1/451 453/2/452 452/3/453
f 454/1/454 456/2/455 455/3/456
f 457/1/457 459/2/458 458/3/459
f 460/1/460 462/2/461 461/3/462
usemtl M_StarWarm
f 463/1/463 465/2/464 464/3/465
usemtl M_Star
f 466/1/466 468/2/467 467/3/468
f 469/1/469 471/2/470 470/3/471
f 472/1/472 474/2/473 473/3/474
f 475/1/475 477/2/476 476/3/477
f 478/1/478 480/2/479 479/3/480
f 481/1/481 483/2/482 482/3/483
usemtl M_StarWarm
f 484/1/484 486/2/485 485/3/486
usemtl M_Star
f 487/1/487 489/2/488 488/3/489
f 490/1/490 492/2/491 491/3/492
f 493/1/493 495/2/494 494/3/495
f 496/1/496 498/2/497 497/3/498
f 499/1/499 501/2/500 500/3/501
f 502/1/502 504/2/503 503/3/504
usemtl M_StarWarm
f 505/1/505 507/2/506 506/3/507
usemtl M_Star
f 508/1/508 510/2/509 509/3/510
f 511/1/511 513/2/512 512/3/513
f 514/1/514 516/2/515 515/3/516
f 517/1/517 519/2/518 518/3/519
f 520/1/520 522/2/521 521/3/522
f 523/1/523 525/2/524 524/3/525
usemtl M_StarWarm
f 526/1/526 528/2/527 527/3/528
usemtl M_Star
f 529/1/529 531/2/530 530/3/531
f 532/1/532 534/2/533 533/3/534
f 535/1/535 537/2/536 536/3/537
f 538/1/538 540/2/539 539/3/540
f 541/1/541 543/2/542 542/3/543
f 544/1/544 546/2/545 545/3/546
usemtl M_StarWarm
f 547/1/547 549/2/548 548/3/549
usemtl M_Star
f 550/1/550 552/2/551 551/3/552
f 553/1/553 555/2/554 554/3/555
f 556/1/556 558/2/557 557/3/558
f 559/1/559 561/2/560 560/3/561
f 562/1/562 564/2/563 563/3/564
f 565/1/565 567/2/566 566/3/567
usemtl M_StarWarm
f 568/1/568 570/2/569 569/3/570
usemtl M_Star
f 571/1/571 573/2/572 572/3/573
f 574/1/574 576/2/575 575/3/576
f 577/1/577 579/2/578 578/3/579
f 580/1/580 582/2/581 581/3/582
f 583/1/583 585/2/584 584/3/585
f 586/1/586 588/2/587 587/3/588
usemtl M_StarWarm
f 589/1/589 591/2/590 590/3/591
usemtl M_Star
f 592/1/592 594/2/593 593/3/594
f 595/1/595 597/2/596 596/3/597
f 598/1/598 600/2/599 599/3/600
f 601/1/601 603/2/602 602/3/603
f 604/1/604 606/2/605 605/3/606
f 607/1/607 609/2/608 608/3/609
usemtl M_StarWarm
f 610/1/610 612/2/611 611/3/612
usemtl M_Star
f 613/1/613 615/2/614 614/3/615
f 616/1/616 618/2/617 617/3/618
f 619/1/619 621/2/620 620/3/621
f 622/1/622 624/2/623 623/3/624
f 625/1/625 627/2/626 626/3/627
f 628/1/628 630/2/629 629/3/630
usemtl M_StarWarm
f 631/1/631 633/2/632 632/3/633
usemtl M_Star
f 634/1/634 636/2/635 635/3/636
f 637/1/637 639/2/638 638/3/639
f 640/1/640 642/2/641 641/3/642
f 643/1/643 645/2/644 644/3/645
f 646/1/646 648/2/647 647/3/648
f 649/1/649 651/2/650 650/3/651
usemtl M_StarWarm
f 652/1/652 654/2/653 653/3/654
usemtl M_Star
f 655/1/655 657/2/656 656/3/657
f 658/1/658 660/2/659 659/3/660
f 661/1/661 663/2/662 662/3/663
f 664/1/664 666/2/665 665/3/666
f 667/1/667 669/2/668 668/3/669
f 670/1/670 672/2/671 671/3/672
usemtl M_StarWarm
f 673/1/673 675/2/674 674/3/675
usemtl M_Star
f 676/1/676 678/2/677 677/3/678
f 679/1/679 681/2/680 680/3/681
f 682/1/682 684/2/683 683/3/684
f 685/1/685 687/2/686 686/3/687
f 688/1/688 690/2/689 689/3/690
f 691/1/691 693/2/692 692/3/693
usemtl M_StarWarm
f 694/1/694 696/2/695 695/3/696
usemtl M_Star
f 697/1/697 699/2/698 698/3/699
f 700/1/700 702/2/701 701/3/702
f 703/1/703 705/2/704 704/3/705
f 706/1/706 708/2/707 707/3/708
f 709/1/709 711/2/710 710/3/711
f 712/1/712 714/2/713 713/3/714
usemtl M_StarWarm
f 715/1/715 717/2/716 716/3/717
usemtl M_Star
f 718/1/718 720/2/719 719/3/720
f 721/1/721 723/2/722 722/3/723
f 724/1/724 726/2/725 725/3/726
f 727/1/727 729/2/728 728/3/729
f 730/1/730 732/2/731 731/3/732
f 733/1/733 735/2/734 734/3/735
usemtl M_StarWarm
f 736/1/736 738/2/737 737/3/738
usemtl M_Star
f 739/1/739 741/2/740 740/3/741
f 742/1/742 744/2/743 743/3/744
f 745/1/745 747/2/746 746/3/747
f 748/1/748 750/2/749 749/3/750
f 751/1/751 753/2/752 752/3/753
f 754/1/754 756/2/755 755/3/756
usemtl M_StarWarm
f 757/1/757 759/2/758 758/3/759
usemtl M_Star
f 760/1/760 762/2/761 761/3/762
f 763/1/763 765/2/764 764/3/765
f 766/1/766 768/2/767 767/3/768
f 769/1/769 771/2/770 770/3/771
f 772/1/772 774/2/773 773/3/774
f 775/1/775 777/2/776 776/3/777
usemtl M_StarWarm
f 778/1/778 780/2/779 779/3/780
usemtl M_Star
f 781/1/781 783/2/782 782/3/783
f 784/1/784 786/2/785 785/3/786
f 787/1/787 789/2/788 788/3/789
f 790/1/790 792/2/791 791/3/792
f 793/1/793 795/2/794 794/3/795
f 796/1/796 798/2/797 797/3/798
usemtl M_StarWarm
f 799/1/799 801/2/800 800/3/801
usemtl M_Star
f 802/1/802 804/2/803 803/3/804
f 805/1/805 807/2/806 806/3/807
f 808/1/808 810/2/809 809/3/810
f 811/1/811 813/2/812 812/3/813
f 814/1/814 816/2/815 815/3/816
f 817/1/817 819/2/818 818/3/819
usemtl M_StarWarm
f 820/1/820 822/2/821 821/3/822
usemtl M_Star
f 823/1/823 825/2/824 824/3/825
f 826/1/826 828/2/827 827/3/828
f 829/1/829 831/2/830 830/3/831
f 832/1/832 834/2/833 833/3/834
f 835/1/835 837/2/836 836/3/837
f 838/1/838 840/2/839 839/3/840
usemtl M_StarWarm
f 841/1/841 843/2/842 842/3/843
usemtl M_Star
f 844/1/844 846/2/845 845/3/846
f 847/1/847 849/2/848 848/3/849
f 850/1/850 852/2/851 851/3/852
f 853/1/853 855/2/854 854/3/855
f 856/1/856 858/2/857 857/3/858
f 859/1/859 861/2/860 860/3/861
usemtl M_StarWarm
f 862/1/862 864/2/863 863/3/864
usemtl M_Star
f 865/1/865 867/2/866 866/3/867
f 868/1/868 870/2/869 869/3/870
f 871/1/871 873/2/872 872/3/873
f 874/1/874 876/2/875 875/3/876
f 877/1/877 879/2/878 878/3/879
f 880/1/880 882/2/881 881/3/882
usemtl M_StarWarm
f 883/1/883 885/2/884 884/3/885
usemtl M_Star
f 886/1/886 888/2/887 887/3/888
f 889/1/889 891/2/890 890/3/891
f 892/1/892 894/2/893 893/3/894
f 895/1/895 897/2/896 896/3/897
f 898/1/898 900/2/899 899/3/900
f 901/1/901 903/2/902 902/3/903
usemtl M_StarWarm
f 904/1/904 906/2/905 905/3/906
usemtl M_Star
f 907/1/907 909/2/908 908/3/909
f 910/1/910 912/2/911 911/3/912
f 913/1/913 915/2/914 914/3/915
f 916/1/916 918/2/917 917/3/918
f 919/1/919 921/2/920 920/3/921
f 922/1/922 924/2/923 923/3/924
usemtl M_StarWarm
f 925/1/925 927/2/926 926/3/927
usemtl M_Star
f 928/1/928 930/2/929 929/3/930
f 931/1/931 933/2/932 932/3/933
f 934/1/934 936/2/935 935/3/936
f 937/1/937 939/2/938 938/3/939
f 940/1/940 942/2/941 941/3/942
f 943/1/943 945/2/944 944/3/945
usemtl M_StarWarm
f 946/1/946 948/2/947 947/3/948
usemtl M_Star
f 949/1/949 951/2/950 950/3/951
f 952/1/952 954/2/953 953/3/954
f 955/1/955 957/2/956 956/3/957
f 958/1/958 960/2/959 959/3/960
f 961/1/961 963/2/962 962/3/963
f 964/1/964 966/2/965 965/3/966
usemtl M_StarWarm
f 967/1/967 969/2/968 968/3/969
usemtl M_Star
f 970/1/970 972/2/971 971/3/972
f 973/1/973 975/2/974 974/3/975
f 976/1/976 978/2/977 977/3/978
f 979/1/979 981/2/980 980/3/981
f 982/1/982 984/2/983 983/3/984
f 985/1/985 987/2/986 986/3/987
usemtl M_StarWarm
f 988/1/988 990/2/989 989/3/990
usemtl M_Star
f 991/1/991 993/2/992 992/3/993
f 994/1/994 996/2/995 995/3/996
f 997/1/997 999/2/998 998/3/999
f 1000/1/1000 1002/2/1001 1001/3/1002
f 1003/1/1003 1005/2/1004 1004/3/1005
f 1006/1/1006 1008/2/1007 1007/3/1008
usemtl M_StarWarm
f 1009/1/1009 1011/2/1010 1010/3/1011
usemtl M_Star
f 1012/1/1012 1014/2/1013 1013/3/1014
f 1015/1/1015 1017/2/1016 1016/3/1017
f 1018/1/1018 1020/2/1019 1019/3/1020
f 1021/1/1021 1023/2/1022 1022/3/1023
f 1024/1/1024 1026/2/1025 1025/3/1026
f 1027/1/1027 1029/2/1028 1028/3/1029
usemtl M_StarWarm
f 1030/1/1030 1032/2/1031 1031/3/1032
usemtl M_Star
f 1033/1/1033 1035/2/1034 1034/3/1035
f 1036/1/1036 1038/2/1037 1037/3/1038
f 1039/1/1039 1041/2/1040 1040/3/1041
f 1042/1/1042 1044/2/1043 1043/3/1044
f 1045/1/1045 1047/2/1046 1046/3/1047
f 1048/1/1048 1050/2/1049 1049/3/1050
usemtl M_StarWarm
f 1051/1/1051 1053/2/1052 1052/3/1053
usemtl M_Star
f 1054/1/1054 1056/2/1055 1055/3/1056
f 1057/1/1057 1059/2/1058 1058/3/1059
f 1060/1/1060 1062/2/1061 1061/3/1062
f 1063/1/1063 1065/2/1064 1064/3/1065
f 1066/1/1066 1068/2/1067 1067/3/1068
f 1069/1/1069 1071/2/1070 1070/3/1071
usemtl M_StarWarm
f 1072/1/1072 1074/2/1073 1073/3/1074
usemtl M_Star
f 1075/1/1075 1077/2/1076 1076/3/1077
f 1078/1/1078 1080/2/1079 1079/3/1080
f 1081/1/1081 1083/2/1082 1082/3/1083
f 1084/1/1084 1086/2/1085 1085/3/1086
f 1087/1/1087 1089/2/1088 1088/3/1089
f 1090/1/1090 1092/2/1091 1091/3/1092
usemtl M_StarWarm
f 1093/1/1093 1095/2/1094 1094/3/1095
usemtl M_Star
f 1096/1/1096 1098/2/1097 1097/3/1098
f 1099/1/1099 1101/2/1100 1100/3/1101
f 1102/1/1102 1104/2/1103 1103/3/1104
f 1105/1/1105 1107/2/1106 1106/3/1107
f 1108/1/1108 1110/2/1109 1109/3/1110
f 1111/1/1111 1113/2/1112 1112/3/1113
usemtl M_StarWarm
f 1114/1/1114 1116/2/1115 1115/3/1116
usemtl M_Star
f 1117/1/1117 1119/2/1118 1118/3/1119
f 1120/1/1120 1122/2/1121 1121/3/1122
f 1123/1/1123 1125/2/1124 1124/3/1125
f 1126/1/1126 1128/2/1127 1127/3/1128
f 1129/1/1129 1131/2/1130 1130/3/1131
f 1132/1/1132 1134/2/1133 1133/3/1134
usemtl M_StarWarm
f 1135/1/1135 1137/2/1136 1136/3/1137
usemtl M_Star
f 1138/1/1138 1140/2/1139 1139/3/1140
f 1141/1/1141 1143/2/1142 1142/3/1143
f 1144/1/1144 1146/2/1145 1145/3/1146
f 1147/1/1147 1149/2/1148 1148/3/1149
f 1150/1/1150 1152/2/1151 1151/3/1152
f 1153/1/1153 1155/2/1154 1154/3/1155
usemtl M_StarWarm
f 1156/1/1156 1158/2/1157 1157/3/1158
usemtl M_Star
f 1159/1/1159 1161/2/1160 1160/3/1161
f 1162/1/1162 1164/2/1163 1163/3/1164
f 1165/1/1165 1167/2/1166 1166/3/1167
f 1168/1/1168 1170/2/1169 1169/3/1170
f 1171/1/1171 1173/2/1172 1172/3/1173
f 1174/1/1174 1176/2/1175 1175/3/1176
usemtl M_StarWarm
f 1177/1/1177 1179/2/1178 1178/3/1179
usemtl M_Star
f 1180/1/1180 1182/2/1181 1181/3/1182
f 1183/1/1183 1185/2/1184 1184/3/1185
f 1186/1/1186 1188/2/1187 1187/3/1188
f 1189/1/1189 1191/2/1190 1190/3/1191
f 1192/1/1192 1194/2/1193 1193/3/1194
f 1195/1/1195 1197/2/1196 1196/3/1197
usemtl M_StarWarm
f 1198/1/1198 1200/2/1199 1199/3/1200
usemtl M_Star
f 1201/1/1201 1203/2/1202 1202/3/1203
f 1204/1/1204 1206/2/1205 1205/3/1206
f 1207/1/1207 1209/2/1208 1208/3/1209
f 1210/1/1210 1212/2/1211 1211/3/1212
f 1213/1/1213 1215/2/1214 1214/3/1215
f 1216/1/1216 1218/2/1217 1217/3/1218
usemtl M_StarWarm
f 1219/1/1219 1221/2/1220 1220/3/1221
usemtl M_Star
f 1222/1/1222 1224/2/1223 1223/3/1224
f 1225/1/1225 1227/2/1226 1226/3/1227
f 1228/1/1228 1230/2/1229 1229/3/1230
f 1231/1/1231 1233/2/1232 1232/3/1233
f 1234/1/1234 1236/2/1235 1235/3/1236
f 1237/1/1237 1239/2/1238 1238/3/1239
usemtl M_StarWarm
f 1240/1/1240 1242/2/1241 1241/3/1242
usemtl M_Star
f 1243/1/1243 1245/2/1244 1244/3/1245
f 1246/1/1246 1248/2/1247 1247/3/1248
f 1249/1/1249 1251/2/1250 1250/3/1251
f 1252/1/1252 1254/2/1253 1253/3/1254
f 1255/1/1255 1257/2/1256 1256/3/1257
f 1258/1/1258 1260/2/1259 1259/3/1260
usemtl M_StarWarm
f 1261/1/1261 1263/2/1262 1262/3/1263
usemtl M_Star
f 1264/1/1264 1266/2/1265 1265/3/1266
f 1267/1/1267 1269/2/1268 1268/3/1269
f 1270/1/1270 1272/2/1271 1271/3/1272
f 1273/1/1273 1275/2/1274 1274/3/1275
f 1276/1/1276 1278/2/1277 1277/3/1278
f 1279/1/1279 1281/2/1280 1280/3/1281
usemtl M_StarWarm
f 1282/1/1282 1284/2/1283 1283/3/1284
usemtl M_Star
f 1285/1/1285 1287/2/1286 1286/3/1287
f 1288/1/1288 1290/2/1289 1289/3/1290
f 1291/1/1291 1293/2/1292 1292/3/1293
f 1294/1/1294 1296/2/1295 1295/3/1296
f 1297/1/1297 1299/2/1298 1298/3/1299
f 1300/1/1300 1302/2/1301 1301/3/1302
usemtl M_StarWarm
f 1303/1/1303 1305/2/1304 1304/3/1305
usemtl M_Star
f 1306/1/1306 1308/2/1307 1307/3/1308
f 1309/1/1309 1311/2/1310 1310/3/1311
f 1312/1/1312 1314/2/1313 1313/3/1314
f 1315/1/1315 1317/2/1316 1316/3/1317
f 1318/1/1318 1320/2/1319 1319/3/1320
f 1321/1/1321 1323/2/1322 1322/3/1323
usemtl M_StarWarm
f 1324/1/1324 1326/2/1325 1325/3/1326
usemtl M_Star
f 1327/1/1327 1329/2/1328 1328/3/1329
f 1330/1/1330 1332/2/1331 1331/3/1332
f 1333/1/1333 1335/2/1334 1334/3/1335
f 1336/1/1336 1338/2/1337 1337/3/1338
f 1339/1/1339 1341/2/1340 1340/3/1341
f 1342/1/1342 1344/2/1343 1343/3/1344
usemtl M_StarWarm
f 1345/1/1345 1347/2/1346 1346/3/1347
usemtl M_Star
f 1348/1/1348 1350/2/1349 1349/3/1350
f 1351/1/1351 1353/2/1352 1352/3/1353
f 1354/1/1354 1356/2/1355 1355/3/1356
f 1357/1/1357 1359/2/1358 1358/3/1359
f 1360/1/1360 1362/2/1361 1361/3/1362
f 1363/1/1363 1365/2/1364 1364/3/1365
usemtl M_StarWarm
f 1366/1/1366 1368/2/1367 1367/3/1368
usemtl M_Star
f 1369/1/1369 1371/2/1370 1370/3/1371
f 1372/1/1372 1374/2/1373 1373/3/1374
f 1375/1/1375 1377/2/1376 1376/3/1377
f 1378/1/1378 1380/2/1379 1379/3/1380
f 1381/1/1381 1383/2/1382 1382/3/1383
f 1384/1/1384 1386/2/1385 1385/3/1386
usemtl M_StarWarm
f 1387/1/1387 1389/2/1388 1388/3/1389
usemtl M_Star
f 1390/1/1390 1392/2/1391 1391/3/1392
f 1393/1/1393 1395/2/1394 1394/3/1395
f 1396/1/1396 1398/2/1397 1397/3/1398
f 1399/1/1399 1401/2/1400 1400/3/1401
f 1402/1/1402 1404/2/1403 1403/3/1404
f 1405/1/1405 1407/2/1406 1406/3/1407
usemtl M_StarWarm
f 1408/1/1408 1410/2/1409 1409/3/1410
usemtl M_Star
f 1411/1/1411 1413/2/1412 1412/3/1413
f 1414/1/1414 1416/2/1415 1415/3/1416
f 1417/1/1417 1419/2/1418 1418/3/1419
f 1420/1/1420 1422/2/1421 1421/3/1422
f 1423/1/1423 1425/2/1424 1424/3/1425
f 1426/1/1426 1428/2/1427 1427/3/1428
usemtl M_StarWarm
f 1429/1/1429 1431/2/1430 1430/3/1431
usemtl M_Star
f 1432/1/1432 1434/2/1433 1433/3/1434
f 1435/1/1435 1437/2/1436 1436/3/1437
f 1438/1/1438 1440/2/1439 1439/3/1440
f 1441/1/1441 1443/2/1442 1442/3/1443
f 1444/1/1444 1446/2/1445 1445/3/1446
f 1447/1/1447 1449/2/1448 1448/3/1449
usemtl M_StarWarm
f 1450/1/1450 1452/2/1451 1451/3/1452
usemtl M_Star
f 1453/1/1453 1455/2/1454 1454/3/1455
f 1456/1/1456 1458/2/1457 1457/3/1458
f 1459/1/1459 1461/2/1460 1460/3/1461
f 1462/1/1462 1464/2/1463 1463/3/1464
f 1465/1/1465 1467/2/1466 1466/3/1467
f 1468/1/1468 1470/2/1469 1469/3/1470
usemtl M_StarWarm
f 1471/1/1471 1473/2/1472 1472/3/1473
usemtl M_Star
f 1474/1/1474 1476/2/1475 1475/3/1476
f 1477/1/1477 1479/2/1478 1478/3/1479
f 1480/1/1480 1482/2/1481 1481/3/1482
f 1483/1/1483 1485/2/1484 1484/3/1485
f 1486/1/1486 1488/2/1487 1487/3/1488
f 1489/1/1489 1491/2/1490 1490/3/1491
usemtl M_StarWarm
f 1492/1/1492 1494/2/1493 1493/3/1494
usemtl M_Star
f 1495/1/1495 1497/2/1496 1496/3/1497
f 1498/1/1498 1500/2/1499 1499/3/1500
f 1501/1/1501 1503/2/1502 1502/3/1503
f 1504/1/1504 1506/2/1505 1505/3/1506
f 1507/1/1507 1509/2/1508 1508/3/1509
f 1510/1/1510 1512/2/1511 1511/3/1512
usemtl M_StarWarm
f 1513/1/1513 1515/2/1514 1514/3/1515
usemtl M_Star
f 1516/1/1516 1518/2/1517 1517/3/1518
f 1519/1/1519 1521/2/1520 1520/3/1521
f 1522/1/1522 1524/2/1523 1523/3/1524
f 1525/1/1525 1527/2/1526 1526/3/1527
f 1528/1/1528 1530/2/1529 1529/3/1530
f 1531/1/1531 1533/2/1532 1532/3/1533
usemtl M_StarWarm
f 1534/1/1534 1536/2/1535 1535/3/1536
usemtl M_Star
f 1537/1/1537 1539/2/1538 1538/3/1539
f 1540/1/1540 1542/2/1541 1541/3/1542
f 1543/1/1543 1545/2/1544 1544/3/1545
f 1546/1/1546 1548/2/1547 1547/3/1548
f 1549/1/1549 1551/2/1550 1550/3/1551
f 1552/1/1552 1554/2/1553 1553/3/1554
usemtl M_StarWarm
f 1555/1/1555 1557/2/1556 1556/3/1557
usemtl M_Star
f 1558/1/1558 1560/2/1559 1559/3/1560
f 1561/1/1561 1563/2/1562 1562/3/1563
f 1564/1/1564 1566/2/1565 1565/3/1566
f 1567/1/1567 1569/2/1568 1568/3/1569
f 1570/1/1570 1572/2/1571 1571/3/1572
f 1573/1/1573 1575/2/1574 1574/3/1575
usemtl M_StarWarm
f 1576/1/1576 1578/2/1577 1577/3/1578
usemtl M_Star
f 1579/1/1579 1581/2/1580 1580/3/1581
f 1582/1/1582 1584/2/1583 1583/3/1584
f 1585/1/1585 1587/2/1586 1586/3/1587
f 1588/1/1588 1590/2/1589 1589/3/1590
f 1591/1/1591 1593/2/1592 1592/3/1593
f 1594/1/1594 1596/2/1595 1595/3/1596
usemtl M_StarWarm
f 1597/1/1597 1599/2/1598 1598/3/1599
usemtl M_Star
f 1600/1/1600 1602/2/1601 1601/3/1602
f 1603/1/1603 1605/2/1604 1604/3/1605
f 1606/1/1606 1608/2/1607 1607/3/1608
f 1609/1/1609 1611/2/1610 1610/3/1611
f 1612/1/1612 1614/2/1613 1613/3/1614
f 1615/1/1615 1617/2/1616 1616/3/1617
usemtl M_StarWarm
f 1618/1/1618 1620/2/1619 1619/3/1620
usemtl M_Star
f 1621/1/1621 1623/2/1622 1622/3/1623
f 1624/1/1624 1626/2/1625 1625/3/1626
f 1627/1/1627 1629/2/1628 1628/3/1629
f 1630/1/1630 1632/2/1631 1631/3/1632
f 1633/1/1633 1635/2/1634 1634/3/1635
f 1636/1/1636 1638/2/1637 1637/3/1638
usemtl M_StarWarm
f 1639/1/1639 1641/2/1640 1640/3/1641
usemtl M_Star
f 1642/1/1642 1644/2/1643 1643/3/1644
f 1645/1/1645 1647/2/1646 1646/3/1647
f 1648/1/1648 1650/2/1649 1649/3/1650
f 1651/1/1651 1653/2/1652 1652/3/1653
f 1654/1/1654 1656/2/1655 1655/3/1656
f 1657/1/1657 1659/2/1658 1658/3/1659
usemtl M_StarWarm
f 1660/1/1660 1662/2/1661 1661/3/1662
usemtl M_Star
f 1663/1/1663 1665/2/1664 1664/3/1665
f 1666/1/1666 1668/2/1667 1667/3/1668
f 1669/1/1669 1671/2/1670 1670/3/1671
f 1672/1/1672 1674/2/1673 1673/3/1674
f 1675/1/1675 1677/2/1676 1676/3/1677
f 1678/1/1678 1680/2/1679 1679/3/1680
usemtl M_StarWarm
f 1681/1/1681 1683/2/1682 1682/3/1683
usemtl M_Star
f 1684/1/1684 1686/2/1685 1685/3/1686
f 1687/1/1687 1689/2/1688 1688/3/1689
f 1690/1/1690 1692/2/1691 1691/3/1692
f 1693/1/1693 1695/2/1694 1694/3/1695
f 1696/1/1696 1698/2/1697 1697/3/1698
f 1699/1/1699 1701/2/1700 1700/3/1701
usemtl M_StarWarm
f 1702/1/1702 1704/2/1703 1703/3/1704
usemtl M_Star
f 1705/1/1705 1707/2/1706 1706/3/1707
f 1708/1/1708 1710/2/1709 1709/3/1710
f 1711/1/1711 1713/2/1712 1712/3/1713
f 1714/1/1714 1716/2/1715 1715/3/1716
f 1717/1/1717 1719/2/1718 1718/3/1719
f 1720/1/1720 1722/2/1721 1721/3/1722
usemtl M_StarWarm
f 1723/1/1723 1725/2/1724 1724/3/1725
usemtl M_Star
f 1726/1/1726 1728/2/1727 1727/3/1728
f 1729/1/1729 1731/2/1730 1730/3/1731
f 1732/1/1732 1734/2/1733 1733/3/1734
f 1735/1/1735 1737/2/1736 1736/3/1737
f 1738/1/1738 1740/2/1739 1739/3/1740
f 1741/1/1741 1743/2/1742 1742/3/1743
usemtl M_StarWarm
f 1744/1/1744 1746/2/1745 1745/3/1746
usemtl M_Star
f 1747/1/1747 1749/2/1748 1748/3/1749
f 1750/1/1750 1752/2/1751 1751/3/1752
f 1753/1/1753 1755/2/1754 1754/3/1755
f 1756/1/1756 1758/2/1757 1757/3/1758
f 1759/1/1759 1761/2/1760 1760/3/1761
f 1762/1/1762 1764/2/1763 1763/3/1764
usemtl M_StarWarm
f 1765/1/1765 1767/2/1766 1766/3/1767
usemtl M_Star
f 1768/1/1768 1770/2/1769 1769/3/1770
f 1771/1/1771 1773/2/1772 1772/3/1773
f 1774/1/1774 1776/2/1775 1775/3/1776
f 1777/1/1777 1779/2/1778 1778/3/1779
f 1780/1/1780 1782/2/1781 1781/3/1782
f 1783/1/1783 1785/2/1784 1784/3/1785
usemtl M_StarWarm
f 1786/1/1786 1788/2/1787 1787/3/1788
usemtl M_Star
f 1789/1/1789 1791/2/1790 1790/3/1791
f 1792/1/1792 1794/2/1793 1793/3/1794
f 1795/1/1795 1797/2/1796 1796/3/1797
f 1798/1/1798 1800/2/1799 1799/3/1800
f 1801/1/1801 1803/2/1802 1802/3/1803
f 1804/1/1804 1806/2/1805 1805/3/1806
usemtl M_StarWarm
f 1807/1/1807 1809/2/1808 1808/3/1809
usemtl M_Star
f 1810/1/1810 1812/2/1811 1811/3/1812
f 1813/1/1813 1815/2/1814 1814/3/1815
f 1816/1/1816 1818/2/1817 1817/3/1818
f 1819/1/1819 1821/2/1820 1820/3/1821
f 1822/1/1822 1824/2/1823 1823/3/1824
f 1825/1/1825 1827/2/1826 1826/3/1827
usemtl M_StarWarm
f 1828/1/1828 1830/2/1829 1829/3/1830
usemtl M_Star
f 1831/1/1831 1833/2/1832 1832/3/1833
f 1834/1/1834 1836/2/1835 1835/3/1836
f 1837/1/1837 1839/2/1838 1838/3/1839
f 1840/1/1840 1842/2/1841 1841/3/1842
f 1843/1/1843 1845/2/1844 1844/3/1845
f 1846/1/1846 1848/2/1847 1847/3/1848
usemtl M_StarWarm
f 1849/1/1849 1851/2/1850 1850/3/1851
usemtl M_Star
f 1852/1/1852 1854/2/1853 1853/3/1854
f 1855/1/1855 1857/2/1856 1856/3/1857
f 1858/1/1858 1860/2/1859 1859/3/1860
f 1861/1/1861 1863/2/1862 1862/3/1863
f 1864/1/1864 1866/2/1865 1865/3/1866
f 1867/1/1867 1869/2/1868 1868/3/1869
usemtl M_StarWarm
f 1870/1/1870 1872/2/1871 1871/3/1872
usemtl M_Star
f 1873/1/1873 1875/2/1874 1874/3/1875
f 1876/1/1876 1878/2/1877 1877/3/1878
f 1879/1/1879 1881/2/1880 1880/3/1881
f 1882/1/1882 1884/2/1883 1883/3/1884
f 1885/1/1885 1887/2/1886 1886/3/1887
f 1888/1/1888 1890/2/1889 1889/3/1890
usemtl M_StarWarm
f 1891/1/1891 1893/2/1892 1892/3/1893
usemtl M_Star
f 1894/1/1894 1896/2/1895 1895/3/1896
f 1897/1/1897 1899/2/1898 1898/3/1899
f 1900/1/1900 1902/2/1901 1901/3/1902
f 1903/1/1903 1905/2/1904 1904/3/1905
f 1906/1/1906 1908/2/1907 1907/3/1908
f 1909/1/1909 1911/2/1910 1910/3/1911
usemtl M_StarWarm
f 1912/1/1912 1914/2/1913 1913/3/1914
usemtl M_Star
f 1915/1/1915 1917/2/1916 1916/3/1917
f 1918/1/1918 1920/2/1919 1919/3/1920
f 1921/1/1921 1923/2/1922 1922/3/1923
f 1924/1/1924 1926/2/1925 1925/3/1926
f 1927/1/1927 1929/2/1928 1928/3/1929
f 1930/1/1930 1932/2/1931 1931/3/1932
usemtl M_StarWarm
f 1933/1/1933 1935/2/1934 1934/3/1935
usemtl M_Star
f 1936/1/1936 1938/2/1937 1937/3/1938
f 1939/1/1939 1941/2/1940 1940/3/1941
f 1942/1/1942 1944/2/1943 1943/3/1944
f 1945/1/1945 1947/2/1946 1946/3/1947
f 1948/1/1948 1950/2/1949 1949/3/1950
f 1951/1/1951 1953/2/1952 1952/3/1953
usemtl M_StarWarm
f 1954/1/1954 1956/2/1955 1955/3/1956
usemtl M_Star
f 1957/1/1957 1959/2/1958 1958/3/1959
f 1960/1/1960 1962/2/1961 1961/3/1962
f 1963/1/1963 1965/2/1964 1964/3/1965
f 1966/1/1966 1968/2/1967 1967/3/1968
f 1969/1/1969 1971/2/1970 1970/3/1971
f 1972/1/1972 1974/2/1973 1973/3/1974
usemtl M_StarWarm
f 1975/1/1975 1977/2/1976 1976/3/1977
usemtl M_Star
f 1978/1/1978 1980/2/1979 1979/3/1980
f 1981/1/1981 1983/2/1982 1982/3/1983
f 1984/1/1984 1986/2/1985 1985/3/1986
f 1987/1/1987 1989/2/1988 1988/3/1989
f 1990/1/1990 1992/2/1991 1991/3/1992
f 1993/1/1993 1995/2/1994 1994/3/1995
usemtl M_StarWarm
f 1996/1/1996 1998/2/1997 1997/3/1998
usemtl M_Star
f 1999/1/1999 2001/2/2000 2000/3/2001
f 2002/1/2002 2004/2/2003 2003/3/2004
f 2005/1/2005 2007/2/2006 2006/3/2007
f 2008/1/2008 2010/2/2009 2009/3/2010
f 2011/1/2011 2013/2/2012 2012/3/2013
f 2014/1/2014 2016/2/2015 2015/3/2016
usemtl M_StarWarm
f 2017/1/2017 2019/2/2018 2018/3/2019
usemtl M_Star
f 2020/1/2020 2022/2/2021 2021/3/2022
f 2023/1/2023 2025/2/2024 2024/3/2025
f 2026/1/2026 2028/2/2027 2027/3/2028
f 2029/1/2029 2031/2/2030 2030/3/2031
f 2032/1/2032 2034/2/2033 2033/3/2034
f 2035/1/2035 2037/2/2036 2036/3/2037
usemtl M_StarWarm
f 2038/1/2038 2040/2/2039 2039/3/2040
usemtl M_Star
f 2041/1/2041 2043/2/2042 2042/3/2043
f 2044/1/2044 2046/2/2045 2045/3/2046
f 2047/1/2047 2049/2/2048 2048/3/2049
f 2050/1/2050 2052/2/2051 2051/3/2052
f 2053/1/2053 2055/2/2054 2054/3/2055
f 2056/1/2056 2058/2/2057 2057/3/2058
usemtl M_StarWarm
f 2059/1/2059 2061/2/2060 2060/3/2061
usemtl M_Star
f 2062/1/2062 2064/2/2063 2063/3/2064
f 2065/1/2065 2067/2/2066 2066/3/2067
f 2068/1/2068 2070/2/2069 2069/3/2070
f 2071/1/2071 2073/2/2072 2072/3/2073
f 2074/1/2074 2076/2/2075 2075/3/2076
f 2077/1/2077 2079/2/2078 2078/3/2079
usemtl M_StarWarm
f 2080/1/2080 2082/2/2081 2081/3/2082
usemtl M_Star
f 2083/1/2083 2085/2/2084 2084/3/2085
f 2086/1/2086 2088/2/2087 2087/3/2088
f 2089/1/2089 2091/2/2090 2090/3/2091
f 2092/1/2092 2094/2/2093 2093/3/2094
f 2095/1/2095 2097/2/2096 2096/3/2097
f 2098/1/2098 2100/2/2099 2099/3/2100
usemtl M_StarWarm
f 2101/1/2101 2103/2/2102 2102/3/2103
usemtl M_Star
f 2104/1/2104 2106/2/2105 2105/3/2106
f 2107/1/2107 2109/2/2108 2108/3/2109
f 2110/1/2110 2112/2/2111 2111/3/2112
f 2113/1/2113 2115/2/2114 2114/3/2115
f 2116/1/2116 2118/2/2117 2117/3/2118
f 2119/1/2119 2121/2/2120 2120/3/2121
usemtl M_StarWarm
f 2122/1/2122 2124/2/2123 2123/3/2124
usemtl M_Star
f 2125/1/2125 2127/2/2126 2126/3/2127
f 2128/1/2128 2130/2/2129 2129/3/2130
f 2131/1/2131 2133/2/2132 2132/3/2133
f 2134/1/2134 2136/2/2135 2135/3/2136
f 2137/1/2137 2139/2/2138 2138/3/2139
f 2140/1/2140 2142/2/2141 2141/3/2142
usemtl M_StarWarm
f 2143/1/2143 2145/2/2144 2144/3/2145
usemtl M_Star
f 2146/1/2146 2148/2/2147 2147/3/2148
f 2149/1/2149 2151/2/2150 2150/3/2151
f 2152/1/2152 2154/2/2153 2153/3/2154
f 2155/1/2155 2157/2/2156 2156/3/2157
f 2158/1/2158 2160/2/2159 2159/3/2160
f 2161/1/2161 2163/2/2162 2162/3/2163
usemtl M_StarWarm
f 2164/1/2164 2166/2/2165 2165/3/2166
usemtl M_Star
f 2167/1/2167 2169/2/2168 2168/3/2169
f 2170/1/2170 2172/2/2171 2171/3/2172
f 2173/1/2173 2175/2/2174 2174/3/2175
f 2176/1/2176 2178/2/2177 2177/3/2178
f 2179/1/2179 2181/2/2180 2180/3/2181
f 2182/1/2182 2184/2/2183 2183/3/2184
usemtl M_StarWarm
f 2185/1/2185 2187/2/2186 2186/3/2187
usemtl M_Star
f 2188/1/2188 2190/2/2189 2189/3/2190
f 2191/1/2191 2193/2/2192 2192/3/2193
f 2194/1/2194 2196/2/2195 2195/3/2196
f 2197/1/2197 2199/2/2198 2198/3/2199
f 2200/1/2200 2202/2/2201 2201/3/2202
f 2203/1/2203 2205/2/2204 2204/3/2205
usemtl M_StarWarm
f 2206/1/2206 2208/2/2207 2207/3/2208
usemtl M_Star
f 2209/1/2209 2211/2/2210 2210/3/2211
f 2212/1/2212 2214/2/2213 2213/3/2214
f 2215/1/2215 2217/2/2216 2216/3/2217
f 2218/1/2218 2220/2/2219 2219/3/2220
f 2221/1/2221 2223/2/2222 2222/3/2223
f 2224/1/2224 2226/2/2225 2225/3/2226
usemtl M_StarWarm
f 2227/1/2227 2229/2/2228 2228/3/2229
usemtl M_Star
f 2230/1/2230 2232/2/2231 2231/3/2232
f 2233/1/2233 2235/2/2234 2234/3/2235
f 2236/1/2236 2238/2/2237 2237/3/2238
f 2239/1/2239 2241/2/2240 2240/3/2241
f 2242/1/2242 2244/2/2243 2243/3/2244
f 2245/1/2245 2247/2/2246 2246/3/2247
usemtl M_StarWarm
f 2248/1/2248 2250/2/2249 2249/3/2250
usemtl M_Star
f 2251/1/2251 2253/2/2252 2252/3/2253
f 2254/1/2254 2256/2/2255 2255/3/2256
f 2257/1/2257 2259/2/2258 2258/3/2259
f 2260/1/2260 2262/2/2261 2261/3/2262
f 2263/1/2263 2265/2/2264 2264/3/2265
f 2266/1/2266 2268/2/2267 2267/3/2268
usemtl M_StarWarm
f 2269/1/2269 2271/2/2270 2270/3/2271
usemtl M_Star
f 2272/1/2272 2274/2/2273 2273/3/2274
f 2275/1/2275 2277/2/2276 2276/3/2277
f 2278/1/2278 2280/2/2279 2279/3/2280
f 2281/1/2281 2283/2/2282 2282/3/2283
f 2284/1/2284 2286/2/2285 2285/3/2286
f 2287/1/2287 2289/2/2288 2288/3/2289
usemtl M_StarWarm
f 2290/1/2290 2292/2/2291 2291/3/2292
usemtl M_Star
f 2293/1/2293 2295/2/2294 2294/3/2295
f 2296/1/2296 2298/2/2297 2297/3/2298
f 2299/1/2299 2301/2/2300 2300/3/2301
f 2302/1/2302 2304/2/2303 2303/3/2304
f 2305/1/2305 2307/2/2306 2306/3/2307
f 2308/1/2308 2310/2/2309 2309/3/2310
usemtl M_StarWarm
f 2311/1/2311 2313/2/2312 2312/3/2313
usemtl M_Star
f 2314/1/2314 2316/2/2315 2315/3/2316
f 2317/1/2317 2319/2/2318 2318/3/2319
f 2320/1/2320 2322/2/2321 2321/3/2322
f 2323/1/2323 2325/2/2324 2324/3/2325
f 2326/1/2326 2328/2/2327 2327/3/2328
f 2329/1/2329 2331/2/2330 2330/3/2331
usemtl M_StarWarm
f 2332/1/2332 2334/2/2333 2333/3/2334
usemtl M_Star
f 2335/1/2335 2337/2/2336 2336/3/2337
f 2338/1/2338 2340/2/2339 2339/3/2340
f 2341/1/2341 2343/2/2342 2342/3/2343
f 2344/1/2344 2346/2/2345 2345/3/2346
f 2347/1/2347 2349/2/2348 2348/3/2349
f 2350/1/2350 2352/2/2351 2351/3/2352
usemtl M_StarWarm
f 2353/1/2353 2355/2/2354 2354/3/2355
usemtl M_Star
f 2356/1/2356 2358/2/2357 2357/3/2358
f 2359/1/2359 2361/2/2360 2360/3/2361
f 2362/1/2362 2364/2/2363 2363/3/2364
f 2365/1/2365 2367/2/2366 2366/3/2367
f 2368/1/2368 2370/2/2369 2369/3/2370
f 2371/1/2371 2373/2/2372 2372/3/2373
usemtl M_StarWarm
f 2374/1/2374 2376/2/2375 2375/3/2376
usemtl M_Star
f 2377/1/2377 2379/2/2378 2378/3/2379
f 2380/1/2380 2382/2/2381 2381/3/2382
f 2383/1/2383 2385/2/2384 2384/3/2385
f 2386/1/2386 2388/2/2387 2387/3/2388
f 2389/1/2389 2391/2/2390 2390/3/2391
f 2392/1/2392 2394/2/2393 2393/3/2394
usemtl M_StarWarm
f 2395/1/2395 2397/2/2396 2396/3/2397
usemtl M_Star
f 2398/1/2398 2400/2/2399 2399/3/2400
f 2401/1/2401 2403/2/2402 2402/3/2403
f 2404/1/2404 2406/2/2405 2405/3/2406
f 2407/1/2407 2409/2/2408 2408/3/2409
f 2410/1/2410 2412/2/2411 2411/3/2412
f 2413/1/2413 2415/2/2414 2414/3/2415
usemtl M_StarWarm
f 2416/1/2416 2418/2/2417 2417/3/2418
usemtl M_Star
f 2419/1/2419 2421/2/2420 2420/3/2421
f 2422/1/2422 2424/2/2423 2423/3/2424
f 2425/1/2425 2427/2/2426 2426/3/2427
f 2428/1/2428 2430/2/2429 2429/3/2430
f 2431/1/2431 2433/2/2432 2432/3/2433
f 2434/1/2434 2436/2/2435 2435/3/2436
usemtl M_StarWarm
f 2437/1/2437 2439/2/2438 2438/3/2439
usemtl M_Star
f 2440/1/2440 2442/2/2441 2441/3/2442
f 2443/1/2443 2445/2/2444 2444/3/2445
f 2446/1/2446 2448/2/2447 2447/3/2448
f 2449/1/2449 2451/2/2450 2450/3/2451
f 2452/1/2452 2454/2/2453 2453/3/2454
f 2455/1/2455 2457/2/2456 2456/3/2457
usemtl M_StarWarm
f 2458/1/2458 2460/2/2459 2459/3/2460
usemtl M_Star
f 2461/1/2461 2463/2/2462 2462/3/2463
f 2464/1/2464 2466/2/2465 2465/3/2466
f 2467/1/2467 2469/2/2468 2468/3/2469
f 2470/1/2470 2472/2/2471 2471/3/2472
f 2473/1/2473 2475/2/2474 2474/3/2475
f 2476/1/2476 2478/2/2477 2477/3/2478
usemtl M_StarWarm
f 2479/1/2479 2481/2/2480 2480/3/2481
usemtl M_Star
f 2482/1/2482 2484/2/2483 2483/3/2484
f 2485/1/2485 2487/2/2486 2486/3/2487
f 2488/1/2488 2490/2/2489 2489/3/2490
f 2491/1/2491 2493/2/2492 2492/3/2493
f 2494/1/2494 2496/2/2495 2495/3/2496
f 2497/1/2497 2499/2/2498 2498/3/2499
usemtl M_StarWarm
f 2500/1/2500 2502/2/2501 2501/3/2502
usemtl M_Star
f 2503/1/2503 2505/2/2504 2504/3/2505
f 2506/1/2506 2508/2/2507 2507/3/2508
f 2509/1/2509 2511/2/2510 2510/3/2511
f 2512/1/2512 2514/2/2513 2513/3/2514
f 2515/1/2515 2517/2/2516 2516/3/2517
f 2518/1/2518 2520/2/2519 2519/3/2520
usemtl M_StarWarm
f 2521/1/2521 2523/2/2522 2522/3/2523
usemtl M_Star
f 2524/1/2524 2526/2/2525 2525/3/2526
f 2527/1/2527 2529/2/2528 2528/3/2529
f 2530/1/2530 2532/2/2531 2531/3/2532
f 2533/1/2533 2535/2/2534 2534/3/2535
f 2536/1/2536 2538/2/2537 2537/3/2538
f 2539/1/2539 2541/2/2540 2540/3/2541
usemtl M_StarWarm
f 2542/1/2542 2544/2/2543 2543/3/2544
usemtl M_Star
f 2545/1/2545 2547/2/2546 2546/3/2547
f 2548/1/2548 2550/2/2549 2549/3/2550
f 2551/1/2551 2553/2/2552 2552/3/2553
f 2554/1/2554 2556/2/2555 2555/3/2556
f 2557/1/2557 2559/2/2558 2558/3/2559
f 2560/1/2560 2562/2/2561 2561/3/2562
usemtl M_StarWarm
f 2563/1/2563 2565/2/2564 2564/3/2565
usemtl M_Star
f 2566/1/2566 2568/2/2567 2567/3/2568
f 2569/1/2569 2571/2/2570 2570/3/2571
f 2572/1/2572 2574/2/2573 2573/3/2574
f 2575/1/2575 2577/2/2576 2576/3/2577
f 2578/1/2578 2580/2/2579 2579/3/2580
f 2581/1/2581 2583/2/2582 2582/3/2583
usemtl M_StarWarm
f 2584/1/2584 2586/2/2585 2585/3/2586
usemtl M_Star
f 2587/1/2587 2589/2/2588 2588/3/2589
f 2590/1/2590 2592/2/2591 2591/3/2592
f 2593/1/2593 2595/2/2594 2594/3/2595
f 2596/1/2596 2598/2/2597 2597/3/2598
f 2599/1/2599 2601/2/2600 2600/3/2601
f 2602/1/2602 2604/2/2603 2603/3/2604
usemtl M_StarWarm
f 2605/1/2605 2607/2/2606 2606/3/2607
usemtl M_Star
f 2608/1/2608 2610/2/2609 2609/3/2610
f 2611/1/2611 2613/2/2612 2612/3/2613
f 2614/1/2614 2616/2/2615 2615/3/2616
f 2617/1/2617 2619/2/2618 2618/3/2619
f 2620/1/2620 2622/2/2621 2621/3/2622
f 2623/1/2623 2625/2/2624 2624/3/2625
usemtl M_StarWarm
f 2626/1/2626 2628/2/2627 2627/3/2628
usemtl M_Star
f 2629/1/2629 2631/2/2630 2630/3/2631
f 2632/1/2632 2634/2/2633 2633/3/2634
f 2635/1/2635 2637/2/2636 2636/3/2637
f 2638/1/2638 2640/2/2639 2639/3/2640
f 2641/1/2641 2643/2/2642 2642/3/2643
f 2644/1/2644 2646/2/2645 2645/3/2646
usemtl M_StarWarm
f 2647/1/2647 2649/2/2648 2648/3/2649
usemtl M_Star
f 2650/1/2650 2652/2/2651 2651/3/2652
f 2653/1/2653 2655/2/2654 2654/3/2655
f 2656/1/2656 2658/2/2657 2657/3/2658
f 2659/1/2659 2661/2/2660 2660/3/2661
f 2662/1/2662 2664/2/2663 2663/3/2664
f 2665/1/2665 2667/2/2666 2666/3/2667
usemtl M_StarWarm
f 2668/1/2668 2670/2/2669 2669/3/2670
usemtl M_Star
f 2671/1/2671 2673/2/2672 2672/3/2673
f 2674/1/2674 2676/2/2675 2675/3/2676
f 2677/1/2677 2679/2/2678 2678/3/2679
f 2680/1/2680 2682/2/2681 2681/3/2682
f 2683/1/2683 2685/2/2684 2684/3/2685
f 2686/1/2686 2688/2/2687 2687/3/2688
usemtl M_StarWarm
f 2689/1/2689 2691/2/2690 2690/3/2691
usemtl M_Star
f 2692/1/2692 2694/2/2693 2693/3/2694
f 2695/1/2695 2697/2/2696 2696/3/2697
f 2698/1/2698 2700/2/2699 2699/3/2700
f 2701/1/2701 2703/2/2702 2702/3/2703
f 2704/1/2704 2706/2/2705 2705/3/2706
f 2707/1/2707 2709/2/2708 2708/3/2709
usemtl M_StarWarm
f 2710/1/2710 2712/2/2711 2711/3/2712
usemtl M_Star
f 2713/1/2713 2715/2/2714 2714/3/2715
f 2716/1/2716 2718/2/2717 2717/3/2718
f 2719/1/2719 2721/2/2720 2720/3/2721
f 2722/1/2722 2724/2/2723 2723/3/2724
f 2725/1/2725 2727/2/2726 2726/3/2727
f 2728/1/2728 2730/2/2729 2729/3/2730
usemtl M_StarWarm
f 2731/1/2731 2733/2/2732 2732/3/2733
usemtl M_Star
f 2734/1/2734 2736/2/2735 2735/3/2736
f 2737/1/2737 2739/2/2738 2738/3/2739
f 2740/1/2740 2742/2/2741 2741/3/2742
f 2743/1/2743 2745/2/2744 2744/3/2745
f 2746/1/2746 2748/2/2747 2747/3/2748
f 2749/1/2749 2751/2/2750 2750/3/2751
usemtl M_StarWarm
f 2752/1/2752 2754/2/2753 2753/3/2754
usemtl M_Star
f 2755/1/2755 2757/2/2756 2756/3/2757
f 2758/1/2758 2760/2/2759 2759/3/2760
f 2761/1/2761 2763/2/2762 2762/3/2763
f 2764/1/2764 2766/2/2765 2765/3/2766
f 2767/1/2767 2769/2/2768 2768/3/2769
f 2770/1/2770 2772/2/2771 2771/3/2772
usemtl M_StarWarm
f 2773/1/2773 2775/2/2774 2774/3/2775
usemtl M_Star
f 2776/1/2776 2778/2/2777 2777/3/2778
f 2779/1/2779 2781/2/2780 2780/3/2781
f 2782/1/2782 2784/2/2783 2783/3/2784
f 2785/1/2785 2787/2/2786 2786/3/2787
f 2788/1/2788 2790/2/2789 2789/3/2790
f 2791/1/2791 2793/2/2792 2792/3/2793
usemtl M_StarWarm
f 2794/1/2794 2796/2/2795 2795/3/2796
usemtl M_Star
f 2797/1/2797 2799/2/2798 2798/3/2799
f 2800/1/2800 2802/2/2801 2801/3/2802
f 2803/1/2803 2805/2/2804 2804/3/2805
f 2806/1/2806 2808/2/2807 2807/3/2808
f 2809/1/2809 2811/2/2810 2810/3/2811
f 2812/1/2812 2814/2/2813 2813/3/2814
usemtl M_StarWarm
f 2815/1/2815 2817/2/2816 2816/3/2817
usemtl M_Star
f 2818/1/2818 2820/2/2819 2819/3/2820
f 2821/1/2821 2823/2/2822 2822/3/2823
f 2824/1/2824 2826/2/2825 2825/3/2826
f 2827/1/2827 2829/2/2828 2828/3/2829
f 2830/1/2830 2832/2/2831 2831/3/2832
f 2833/1/2833 2835/2/2834 2834/3/2835
usemtl M_StarWarm
f 2836/1/2836 2838/2/2837 2837/3/2838
usemtl M_Star
f 2839/1/2839 2841/2/2840 2840/3/2841
f 2842/1/2842 2844/2/2843 2843/3/2844
f 2845/1/2845 2847/2/2846 2846/3/2847
f 2848/1/2848 2850/2/2849 2849/3/2850
f 2851/1/2851 2853/2/2852 2852/3/2853
f 2854/1/2854 2856/2/2855 2855/3/2856
usemtl M_StarWarm
f 2857/1/2857 2859/2/2858 2858/3/2859
usemtl M_Star
f 2860/1/2860 2862/2/2861 2861/3/2862
f 2863/1/2863 2865/2/2864 2864/3/2865
f 2866/1/2866 2868/2/2867 2867/3/2868
f 2869/1/2869 2871/2/2870 2870/3/2871
f 2872/1/2872 2874/2/2873 2873/3/2874
f 2875/1/2875 2877/2/2876 2876/3/2877
usemtl M_StarWarm
f 2878/1/2878 2880/2/2879 2879/3/2880
usemtl M_Star
f 2881/1/2881 2883/2/2882 2882/3/2883
f 2884/1/2884 2886/2/2885 2885/3/2886
f 2887/1/2887 2889/2/2888 2888/3/2889
f 2890/1/2890 2892/2/2891 2891/3/2892
f 2893/1/2893 2895/2/2894 2894/3/2895
f 2896/1/2896 2898/2/2897 2897/3/2898
usemtl M_StarWarm
f 2899/1/2899 2901/2/2900 2900/3/2901
usemtl M_Star
f 2902/1/2902 2904/2/2903 2903/3/2904
f 2905/1/2905 2907/2/2906 2906/3/2907
f 2908/1/2908 2910/2/2909 2909/3/2910
f 2911/1/2911 2913/2/2912 2912/3/2913
f 2914/1/2914 2916/2/2915 2915/3/2916
f 2917/1/2917 2919/2/2918 2918/3/2919
usemtl M_StarWarm
f 2920/1/2920 2922/2/2921 2921/3/2922
usemtl M_Star
f 2923/1/2923 2925/2/2924 2924/3/2925
f 2926/1/2926 2928/2/2927 2927/3/2928
f 2929/1/2929 2931/2/2930 2930/3/2931
f 2932/1/2932 2934/2/2933 2933/3/2934
f 2935/1/2935 2937/2/2936 2936/3/2937
f 2938/1/2938 2940/2/2939 2939/3/2940
usemtl M_StarWarm
f 2941/1/2941 2943/2/2942 2942/3/2943
usemtl M_Star
f 2944/1/2944 2946/2/2945 2945/3/2946
f 2947/1/2947 2949/2/2948 2948/3/2949
f 2950/1/2950 2952/2/2951 2951/3/2952
f 2953/1/2953 2955/2/2954 2954/3/2955
f 2956/1/2956 2958/2/2957 2957/3/2958
f 2959/1/2959 2961/2/2960 2960/3/2961
usemtl M_StarWarm
f 2962/1/2962 2964/2/2963 2963/3/2964
usemtl M_Star
f 2965/1/2965 2967/2/2966 2966/3/2967
f 2968/1/2968 2970/2/2969 2969/3/2970
f 2971/1/2971 2973/2/2972 2972/3/2973
f 2974/1/2974 2976/2/2975 2975/3/2976
f 2977/1/2977 2979/2/2978 2978/3/2979
f 2980/1/2980 2982/2/2981 2981/3/2982
usemtl M_StarWarm
f 2983/1/2983 2985/2/2984 2984/3/2985
usemtl M_Star
f 2986/1/2986 2988/2/2987 2987/3/2988
f 2989/1/2989 2991/2/2990 2990/3/2991
f 2992/1/2992 2994/2/2993 2993/3/2994
f 2995/1/2995 2997/2/2996 2996/3/2997
f 2998/1/2998 3000/2/2999 2999/3/3000
f 3001/1/3001 3003/2/3002 3002/3/3003
usemtl M_StarWarm
f 3004/1/3004 3006/2/3005 3005/3/3006
usemtl M_Star
f 3007/1/3007 3009/2/3008 3008/3/3009
f 3010/1/3010 3012/2/3011 3011/3/3012
f 3013/1/3013 3015/2/3014 3014/3/3015
f 3016/1/3016 3018/2/3017 3017/3/3018
f 3019/1/3019 3021/2/3020 3020/3/3021
f 3022/1/3022 3024/2/3023 3023/3/3024
usemtl M_StarWarm
f 3025/1/3025 3027/2/3026 3026/3/3027
usemtl M_Star
f 3028/1/3028 3030/2/3029 3029/3/3030
f 3031/1/3031 3033/2/3032 3032/3/3033
f 3034/1/3034 3036/2/3035 3035/3/3036
f 3037/1/3037 3039/2/3038 3038/3/3039
f 3040/1/3040 3042/2/3041 3041/3/3042
f 3043/1/3043 3045/2/3044 3044/3/3045
usemtl M_StarWarm
f 3046/1/3046 3048/2/3047 3047/3/3048
usemtl M_Star
f 3049/1/3049 3051/2/3050 3050/3/3051
f 3052/1/3052 3054/2/3053 3053/3/3054
f 3055/1/3055 3057/2/3056 3056/3/3057
f 3058/1/3058 3060/2/3059 3059/3/3060
f 3061/1/3061 3063/2/3062 3062/3/3063
f 3064/1/3064 3066/2/3065 3065/3/3066
usemtl M_StarWarm
f 3067/1/3067 3069/2/3068 3068/3/3069
usemtl M_Star
f 3070/1/3070 3072/2/3071 3071/3/3072
f 3073/1/3073 3075/2/3074 3074/3/3075
f 3076/1/3076 3078/2/3077 3077/3/3078
f 3079/1/3079 3081/2/3080 3080/3/3081
f 3082/1/3082 3084/2/3083 3083/3/3084
f 3085/1/3085 3087/2/3086 3086/3/3087
usemtl M_StarWarm
f 3088/1/3088 3090/2/3089 3089/3/3090
usemtl M_Star
f 3091/1/3091 3093/2/3092 3092/3/3093
f 3094/1/3094 3096/2/3095 3095/3/3096
f 3097/1/3097 3099/2/3098 3098/3/3099
f 3100/1/3100 3102/2/3101 3101/3/3102
f 3103/1/3103 3105/2/3104 3104/3/3105
f 3106/1/3106 3108/2/3107 3107/3/3108
usemtl M_StarWarm
f 3109/1/3109 3111/2/3110 3110/3/3111
usemtl M_Star
f 3112/1/3112 3114/2/3113 3113/3/3114
f 3115/1/3115 3117/2/3116 3116/3/3117
f 3118/1/3118 3120/2/3119 3119/3/3120
f 3121/1/3121 3123/2/3122 3122/3/3123
f 3124/1/3124 3126/2/3125 3125/3/3126
f 3127/1/3127 3129/2/3128 3128/3/3129
usemtl M_StarWarm
f 3130/1/3130 3132/2/3131 3131/3/3132
usemtl M_Star
f 3133/1/3133 3135/2/3134 3134/3/3135
f 3136/1/3136 3138/2/3137 3137/3/3138
f 3139/1/3139 3141/2/3140 3140/3/3141
f 3142/1/3142 3144/2/3143 3143/3/3144
f 3145/1/3145 3147/2/3146 3146/3/3147
f 3148/1/3148 3150/2/3149 3149/3/3150
usemtl M_StarWarm
f 3151/1/3151 3153/2/3152 3152/3/3153
usemtl M_Star
f 3154/1/3154 3156/2/3155 3155/3/3156
f 3157/1/3157 3159/2/3158 3158/3/3159
f 3160/1/3160 3162/2/3161 3161/3/3162
f 3163/1/3163 3165/2/3164 3164/3/3165
f 3166/1/3166 3168/2/3167 3167/3/3168
f 3169/1/3169 3171/2/3170 3170/3/3171
usemtl M_StarWarm
f 3172/1/3172 3174/2/3173 3173/3/3174
usemtl M_Star
f 3175/1/3175 3177/2/3176 3176/3/3177
f 3178/1/3178 3180/2/3179 3179/3/3180
f 3181/1/3181 3183/2/3182 3182/3/3183
f 3184/1/3184 3186/2/3185 3185/3/3186
f 3187/1/3187 3189/2/3188 3188/3/3189
f 3190/1/3190 3192/2/3191 3191/3/3192
usemtl M_StarWarm
f 3193/1/3193 3195/2/3194 3194/3/3195
usemtl M_Star
f 3196/1/3196 3198/2/3197 3197/3/3198
f 3199/1/3199 3201/2/3200 3200/3/3201
f 3202/1/3202 3204/2/3203 3203/3/3204
f 3205/1/3205 3207/2/3206 3206/3/3207
f 3208/1/3208 3210/2/3209 3209/3/3210
f 3211/1/3211 3213/2/3212 3212/3/3213
usemtl M_StarWarm
f 3214/1/3214 3216/2/3215 3215/3/3216
usemtl M_Star
f 3217/1/3217 3219/2/3218 3218/3/3219
f 3220/1/3220 3222/2/3221 3221/3/3222
f 3223/1/3223 3225/2/3224 3224/3/3225
f 3226/1/3226 3228/2/3227 3227/3/3228
f 3229/1/3229 3231/2/3230 3230/3/3231
f 3232/1/3232 3234/2/3233 3233/3/3234
usemtl M_StarWarm
f 3235/1/3235 3237/2/3236 3236/3/3237
usemtl M_Star
f 3238/1/3238 3240/2/3239 3239/3/3240
f 3241/1/3241 3243/2/3242 3242/3/3243
f 3244/1/3244 3246/2/3245 3245/3/3246
f 3247/1/3247 3249/2/3248 3248/3/3249
f 3250/1/3250 3252/2/3251 3251/3/3252
f 3253/1/3253 3255/2/3254 3254/3/3255
usemtl M_StarWarm
f 3256/1/3256 3258/2/3257 3257/3/3258
usemtl M_Star
f 3259/1/3259 3261/2/3260 3260/3/3261
f 3262/1/3262 3264/2/3263 3263/3/3264
f 3265/1/3265 3267/2/3266 3266/3/3267
f 3268/1/3268 3270/2/3269 3269/3/3270
f 3271/1/3271 3273/2/3272 3272/3/3273
f 3274/1/3274 3276/2/3275 3275/3/3276
usemtl M_StarWarm
f 3277/1/3277 3279/2/3278 3278/3/3279
usemtl M_Star
f 3280/1/3280 3282/2/3281 3281/3/3282
f 3283/1/3283 3285/2/3284 3284/3/3285
f 3286/1/3286 3288/2/3287 3287/3/3288
f 3289/1/3289 3291/2/3290 3290/3/3291
f 3292/1/3292 3294/2/3293 3293/3/3294
f 3295/1/3295 3297/2/3296 3296/3/3297
usemtl M_StarWarm
f 3298/1/3298 3300/2/3299 3299/3/3300
usemtl M_Star
f 3301/1/3301 3303/2/3302 3302/3/3303
f 3304/1/3304 3306/2/3305 3305/3/3306
f 3307/1/3307 3309/2/3308 3308/3/3309
f 3310/1/3310 3312/2/3311 3311/3/3312
f 3313/1/3313 3315/2/3314 3314/3/3315
f 3316/1/3316 3318/2/3317 3317/3/3318
usemtl M_StarWarm
f 3319/1/3319 3321/2/3320 3320/3/3321
usemtl M_Star
f 3322/1/3322 3324/2/3323 3323/3/3324
f 3325/1/3325 3327/2/3326 3326/3/3327
f 3328/1/3328 3330/2/3329 3329/3/3330
f 3331/1/3331 3333/2/3332 3332/3/3333
f 3334/1/3334 3336/2/3335 3335/3/3336
f 3337/1/3337 3339/2/3338 3338/3/3339
usemtl M_StarWarm
f 3340/1/3340 3342/2/3341 3341/3/3342
usemtl M_Star
f 3343/1/3343 3345/2/3344 3344/3/3345
f 3346/1/3346 3348/2/3347 3347/3/3348
f 3349/1/3349 3351/2/3350 3350/3/3351
f 3352/1/3352 3354/2/3353 3353/3/3354
f 3355/1/3355 3357/2/3356 3356/3/3357
f 3358/1/3358 3360/2/3359 3359/3/3360
usemtl M_StarWarm
f 3361/1/3361 3363/2/3362 3362/3/3363
usemtl M_Star
f 3364/1/3364 3366/2/3365 3365/3/3366
f 3367/1/3367 3369/2/3368 3368/3/3369
f 3370/1/3370 3372/2/3371 3371/3/3372
f 3373/1/3373 3375/2/3374 3374/3/3375
f 3376/1/3376 3378/2/3377 3377/3/3378
f 3379/1/3379 3381/2/3380 3380/3/3381
usemtl M_StarWarm
f 3382/1/3382 3384/2/3383 3383/3/3384
usemtl M_Star
f 3385/1/3385 3387/2/3386 3386/3/3387
f 3388/1/3388 3390/2/3389 3389/3/3390
f 3391/1/3391 3393/2/3392 3392/3/3393
f 3394/1/3394 3396/2/3395 3395/3/3396
f 3397/1/3397 3399/2/3398 3398/3/3399
f 3400/1/3400 3402/2/3401 3401/3/3402
usemtl M_StarWarm
f 3403/1/3403 3405/2/3404 3404/3/3405
usemtl M_Star
f 3406/1/3406 3408/2/3407 3407/3/3408
f 3409/1/3409 3411/2/3410 3410/3/3411
f 3412/1/3412 3414/2/3413 3413/3/3414
f 3415/1/3415 3417/2/3416 3416/3/3417
f 3418/1/3418 3420/2/3419 3419/3/3420
f 3421/1/3421 3423/2/3422 3422/3/3423
usemtl M_StarWarm
f 3424/1/3424 3426/2/3425 3425/3/3426
usemtl M_Star
f 3427/1/3427 3429/2/3428 3428/3/3429
f 3430/1/3430 3432/2/3431 3431/3/3432
f 3433/1/3433 3435/2/3434 3434/3/3435
f 3436/1/3436 3438/2/3437 3437/3/3438
f 3439/1/3439 3441/2/3440 3440/3/3441
f 3442/1/3442 3444/2/3443 3443/3/3444
usemtl M_StarWarm
f 3445/1/3445 3447/2/3446 3446/3/3447
usemtl M_Star
f 3448/1/3448 3450/2/3449 3449/3/3450
f 3451/1/3451 3453/2/3452 3452/3/3453
f 3454/1/3454 3456/2/3455 3455/3/3456
f 3457/1/3457 3459/2/3458 3458/3/3459
f 3460/1/3460 3462/2/3461 3461/3/3462
f 3463/1/3463 3465/2/3464 3464/3/3465
usemtl M_StarWarm
f 3466/1/3466 3468/2/3467 3467/3/3468
usemtl M_Star
f 3469/1/3469 3471/2/3470 3470/3/3471
f 3472/1/3472 3474/2/3473 3473/3/3474
f 3475/1/3475 3477/2/3476 3476/3/3477
f 3478/1/3478 3480/2/3479 3479/3/3480
f 3481/1/3481 3483/2/3482 3482/3/3483
f 3484/1/3484 3486/2/3485 3485/3/3486
usemtl M_StarWarm
f 3487/1/3487 3489/2/3488 3488/3/3489
usemtl M_Star
f 3490/1/3490 3492/2/3491 3491/3/3492
f 3493/1/3493 3495/2/3494 3494/3/3495
f 3496/1/3496 3498/2/3497 3497/3/3498
f 3499/1/3499 3501/2/3500 3500/3/3501
f 3502/1/3502 3504/2/3503 3503/3/3504
f 3505/1/3505 3507/2/3506 3506/3/3507
usemtl M_StarWarm
f 3508/1/3508 3510/2/3509 3509/3/3510
usemtl M_Star
f 3511/1/3511 3513/2/3512 3512/3/3513
f 3514/1/3514 3516/2/3515 3515/3/3516
f 3517/1/3517 3519/2/3518 3518/3/3519
f 3520/1/3520 3522/2/3521 3521/3/3522
f 3523/1/3523 3525/2/3524 3524/3/3525
f 3526/1/3526 3528/2/3527 3527/3/3528
usemtl M_StarWarm
f 3529/1/3529 3531/2/3530 3530/3/3531
usemtl M_Star
f 3532/1/3532 3534/2/3533 3533/3/3534
f 3535/1/3535 3537/2/3536 3536/3/3537
f 3538/1/3538 3540/2/3539 3539/3/3540
f 3541/1/3541 3543/2/3542 3542/3/3543
f 3544/1/3544 3546/2/3545 3545/3/3546
f 3547/1/3547 3549/2/3548 3548/3/3549
usemtl M_StarWarm
f 3550/1/3550 3552/2/3551 3551/3/3552
usemtl M_Star
f 3553/1/3553 3555/2/3554 3554/3/3555
f 3556/1/3556 3558/2/3557 3557/3/3558
f 3559/1/3559 3561/2/3560 3560/3/3561
f 3562/1/3562 3564/2/3563 3563/3/3564
f 3565/1/3565 3567/2/3566 3566/3/3567
f 3568/1/3568 3570/2/3569 3569/3/3570
usemtl M_StarWarm
f 3571/1/3571 3573/2/3572 3572/3/3573
usemtl M_Star
f 3574/1/3574 3576/2/3575 3575/3/3576
f 3577/1/3577 3579/2/3578 3578/3/3579
f 3580/1/3580 3582/2/3581 3581/3/3582
f 3583/1/3583 3585/2/3584 3584/3/3585
f 3586/1/3586 3588/2/3587 3587/3/3588
f 3589/1/3589 3591/2/3590 3590/3/3591
usemtl M_StarWarm
f 3592/1/3592 3594/2/3593 3593/3/3594
usemtl M_Star
f 3595/1/3595 3597/2/3596 3596/3/3597
f 3598/1/3598 3600/2/3599 3599/3/3600
