# Original SpaceSurvival generated source; centimeters; X forward; Z up
mtllib Palette.mtl
o SM_StormRing
v 0.000000 100.000000 0.000000
v 2.121320 99.121320 0.000000
v 3.000000 97.000000 0.000000
v 2.121320 94.878680 0.000000
v 0.000000 94.000000 0.000000
v -2.121320 94.878680 0.000000
v -3.000000 97.000000 0.000000
v -2.121320 99.121320 0.000000
v 0.000000 99.144486 13.052619
v 2.121320 98.273324 12.937929
v 3.000000 96.170152 12.661041
v 2.121320 94.066979 12.384153
v 0.000000 93.195817 12.269462
v -2.121320 94.066979 12.384153
v -3.000000 96.170152 12.661041
v -2.121320 98.273324 12.937929
v 0.000000 96.592583 25.881905
v 2.121320 95.743843 25.654485
v 3.000000 93.694805 25.105447
v 2.121320 91.645767 24.556409
v 0.000000 90.797028 24.328990
v -2.121320 91.645767 24.556409
v -3.000000 93.694805 25.105447
v -2.121320 95.743843 25.654485
v 0.000000 92.387953 38.268343
v 2.121320 91.576159 37.932087
v 3.000000 89.616315 37.120293
v 2.121320 87.656470 36.308499
v 0.000000 86.844676 35.972243
v -2.121320 87.656470 36.308499
v -3.000000 89.616315 37.120293
v -2.121320 91.576159 37.932087
v 0.000000 86.602540 50.000000
v 2.121320 85.841581 49.560660
v 3.000000 84.004464 48.500000
v 2.121320 82.167347 47.439340
v 0.000000 81.406388 47.000000
v -2.121320 82.167347 47.439340
v -3.000000 84.004464 48.500000
v -2.121320 85.841581 49.560660
v 0.000000 79.335334 60.876143
v 2.121320 78.638231 60.341237
v 3.000000 76.955274 59.049859
v 2.121320 75.272317 57.758481
v 0.000000 74.575214 57.223574
v -2.121320 75.272317 57.758481
v -3.000000 76.955274 59.049859
v -2.121320 78.638231 60.341237
v 0.000000 70.710678 70.710678
v 2.121320 70.089358 70.089358
v 3.000000 68.589358 68.589358
v 2.121320 67.089358 67.089358
v 0.000000 66.468037 66.468037
v -2.121320 67.089358 67.089358
v -3.000000 68.589358 68.589358
v -2.121320 70.089358 70.089358
v 0.000000 60.876143 79.335334
v 2.121320 60.341237 78.638231
v 3.000000 59.049859 76.955274
v 2.121320 57.758481 75.272317
v 0.000000 57.223574 74.575214
v -2.121320 57.758481 75.272317
v -3.000000 59.049859 76.955274
v -2.121320 60.341237 78.638231
v 0.000000 50.000000 86.602540
v 2.121320 49.560660 85.841581
v 3.000000 48.500000 84.004464
v 2.121320 47.439340 82.167347
v 0.000000 47.000000 81.406388
v -2.121320 47.439340 82.167347
v -3.000000 48.500000 84.004464
v -2.121320 49.560660 85.841581
v 0.000000 38.268343 92.387953
v 2.121320 37.932087 91.576159
v 3.000000 37.120293 89.616315
v 2.121320 36.308499 87.656470
v 0.000000 35.972243 86.844676
v -2.121320 36.308499 87.656470
v -3.000000 37.120293 89.616315
v -2.121320 37.932087 91.576159
v 0.000000 25.881905 96.592583
v 2.121320 25.654485 95.743843
v 3.000000 25.105447 93.694805
v 2.121320 24.556409 91.645767
v 0.000000 24.328990 90.797028
v -2.121320 24.556409 91.645767
v -3.000000 25.105447 93.694805
v -2.121320 25.654485 95.743843
v 0.000000 13.052619 99.144486
v 2.121320 12.937929 98.273324
v 3.000000 12.661041 96.170152
v 2.121320 12.384153 94.066979
v 0.000000 12.269462 93.195817
v -2.121320 12.384153 94.066979
v -3.000000 12.661041 96.170152
v -2.121320 12.937929 98.273324
v 0.000000 0.000000 100.000000
v 2.121320 0.000000 99.121320
v 3.000000 0.000000 97.000000
v 2.121320 0.000000 94.878680
v 0.000000 0.000000 94.000000
v -2.121320 0.000000 94.878680
v -3.000000 0.000000 97.000000
v -2.121320 0.000000 99.121320
v 0.000000 -13.052619 99.144486
v 2.121320 -12.937929 98.273324
v 3.000000 -12.661041 96.170152
v 2.121320 -12.384153 94.066979
v 0.000000 -12.269462 93.195817
v -2.121320 -12.384153 94.066979
v -3.000000 -12.661041 96.170152
v -2.121320 -12.937929 98.273324
v 0.000000 -25.881905 96.592583
v 2.121320 -25.654485 95.743843
v 3.000000 -25.105447 93.694805
v 2.121320 -24.556409 91.645767
v 0.000000 -24.328990 90.797028
v -2.121320 -24.556409 91.645767
v -3.000000 -25.105447 93.694805
v -2.121320 -25.654485 95.743843
v 0.000000 -38.268343 92.387953
v 2.121320 -37.932087 91.576159
v 3.000000 -37.120293 89.616315
v 2.121320 -36.308499 87.656470
v 0.000000 -35.972243 86.844676
v -2.121320 -36.308499 87.656470
v -3.000000 -37.120293 89.616315
v -2.121320 -37.932087 91.576159
v 0.000000 -50.000000 86.602540
v 2.121320 -49.560660 85.841581
v 3.000000 -48.500000 84.004464
v 2.121320 -47.439340 82.167347
v 0.000000 -47.000000 81.406388
v -2.121320 -47.439340 82.167347
v -3.000000 -48.500000 84.004464
v -2.121320 -49.560660 85.841581
v 0.000000 -60.876143 79.335334
v 2.121320 -60.341237 78.638231
v 3.000000 -59.049859 76.955274
v 2.121320 -57.758481 75.272317
v 0.000000 -57.223574 74.575214
v -2.121320 -57.758481 75.272317
v -3.000000 -59.049859 76.955274
v -2.121320 -60.341237 78.638231
v 0.000000 -70.710678 70.710678
v 2.121320 -70.089358 70.089358
v 3.000000 -68.589358 68.589358
v 2.121320 -67.089358 67.089358
v 0.000000 -66.468037 66.468037
v -2.121320 -67.089358 67.089358
v -3.000000 -68.589358 68.589358
v -2.121320 -70.089358 70.089358
v 0.000000 -79.335334 60.876143
v 2.121320 -78.638231 60.341237
v 3.000000 -76.955274 59.049859
v 2.121320 -75.272317 57.758481
v 0.000000 -74.575214 57.223574
v -2.121320 -75.272317 57.758481
v -3.000000 -76.955274 59.049859
v -2.121320 -78.638231 60.341237
v 0.000000 -86.602540 50.000000
v 2.121320 -85.841581 49.560660
v 3.000000 -84.004464 48.500000
v 2.121320 -82.167347 47.439340
v 0.000000 -81.406388 47.000000
v -2.121320 -82.167347 47.439340
v -3.000000 -84.004464 48.500000
v -2.121320 -85.841581 49.560660
v 0.000000 -92.387953 38.268343
v 2.121320 -91.576159 37.932087
v 3.000000 -89.616315 37.120293
v 2.121320 -87.656470 36.308499
v 0.000000 -86.844676 35.972243
v -2.121320 -87.656470 36.308499
v -3.000000 -89.616315 37.120293
v -2.121320 -91.576159 37.932087
v 0.000000 -96.592583 25.881905
v 2.121320 -95.743843 25.654485
v 3.000000 -93.694805 25.105447
v 2.121320 -91.645767 24.556409
v 0.000000 -90.797028 24.328990
v -2.121320 -91.645767 24.556409
v -3.000000 -93.694805 25.105447
v -2.121320 -95.743843 25.654485
v 0.000000 -99.144486 13.052619
v 2.121320 -98.273324 12.937929
v 3.000000 -96.170152 12.661041
v 2.121320 -94.066979 12.384153
v 0.000000 -93.195817 12.269462
v -2.121320 -94.066979 12.384153
v -3.000000 -96.170152 12.661041
v -2.121320 -98.273324 12.937929
v 0.000000 -100.000000 0.000000
v 2.121320 -99.121320 0.000000
v 3.000000 -97.000000 0.000000
v 2.121320 -94.878680 0.000000
v 0.000000 -94.000000 0.000000
v -2.121320 -94.878680 0.000000
v -3.000000 -97.000000 0.000000
v -2.121320 -99.121320 0.000000
v 0.000000 -99.144486 -13.052619
v 2.121320 -98.273324 -12.937929
v 3.000000 -96.170152 -12.661041
v 2.121320 -94.066979 -12.384153
v 0.000000 -93.195817 -12.269462
v -2.121320 -94.066979 -12.384153
v -3.000000 -96.170152 -12.661041
v -2.121320 -98.273324 -12.937929
v 0.000000 -96.592583 -25.881905
v 2.121320 -95.743843 -25.654485
v 3.000000 -93.694805 -25.105447
v 2.121320 -91.645767 -24.556409
v 0.000000 -90.797028 -24.328990
v -2.121320 -91.645767 -24.556409
v -3.000000 -93.694805 -25.105447
v -2.121320 -95.743843 -25.654485
v 0.000000 -92.387953 -38.268343
v 2.121320 -91.576159 -37.932087
v 3.000000 -89.616315 -37.120293
v 2.121320 -87.656470 -36.308499
v 0.000000 -86.844676 -35.972243
v -2.121320 -87.656470 -36.308499
v -3.000000 -89.616315 -37.120293
v -2.121320 -91.576159 -37.932087
v 0.000000 -86.602540 -50.000000
v 2.121320 -85.841581 -49.560660
v 3.000000 -84.004464 -48.500000
v 2.121320 -82.167347 -47.439340
v 0.000000 -81.406388 -47.000000
v -2.121320 -82.167347 -47.439340
v -3.000000 -84.004464 -48.500000
v -2.121320 -85.841581 -49.560660
v 0.000000 -79.335334 -60.876143
v 2.121320 -78.638231 -60.341237
v 3.000000 -76.955274 -59.049859
v 2.121320 -75.272317 -57.758481
v 0.000000 -74.575214 -57.223574
v -2.121320 -75.272317 -57.758481
v -3.000000 -76.955274 -59.049859
v -2.121320 -78.638231 -60.341237
v 0.000000 -70.710678 -70.710678
v 2.121320 -70.089358 -70.089358
v 3.000000 -68.589358 -68.589358
v 2.121320 -67.089358 -67.089358
v 0.000000 -66.468037 -66.468037
v -2.121320 -67.089358 -67.089358
v -3.000000 -68.589358 -68.589358
v -2.121320 -70.089358 -70.089358
v 0.000000 -60.876143 -79.335334
v 2.121320 -60.341237 -78.638231
v 3.000000 -59.049859 -76.955274
v 2.121320 -57.758481 -75.272317
v 0.000000 -57.223574 -74.575214
v -2.121320 -57.758481 -75.272317
v -3.000000 -59.049859 -76.955274
v -2.121320 -60.341237 -78.638231
v 0.000000 -50.000000 -86.602540
v 2.121320 -49.560660 -85.841581
v 3.000000 -48.500000 -84.004464
v 2.121320 -47.439340 -82.167347
v 0.000000 -47.000000 -81.406388
v -2.121320 -47.439340 -82.167347
v -3.000000 -48.500000 -84.004464
v -2.121320 -49.560660 -85.841581
v 0.000000 -38.268343 -92.387953
v 2.121320 -37.932087 -91.576159
v 3.000000 -37.120293 -89.616315
v 2.121320 -36.308499 -87.656470
v 0.000000 -35.972243 -86.844676
v -2.121320 -36.308499 -87.656470
v -3.000000 -37.120293 -89.616315
v -2.121320 -37.932087 -91.576159
v 0.000000 -25.881905 -96.592583
v 2.121320 -25.654485 -95.743843
v 3.000000 -25.105447 -93.694805
v 2.121320 -24.556409 -91.645767
v 0.000000 -24.328990 -90.797028
v -2.121320 -24.556409 -91.645767
v -3.000000 -25.105447 -93.694805
v -2.121320 -25.654485 -95.743843
v 0.000000 -13.052619 -99.144486
v 2.121320 -12.937929 -98.273324
v 3.000000 -12.661041 -96.170152
v 2.121320 -12.384153 -94.066979
v 0.000000 -12.269462 -93.195817
v -2.121320 -12.384153 -94.066979
v -3.000000 -12.661041 -96.170152
v -2.121320 -12.937929 -98.273324
v 0.000000 0.000000 -100.000000
v 2.121320 0.000000 -99.121320
v 3.000000 0.000000 -97.000000
v 2.121320 0.000000 -94.878680
v 0.000000 0.000000 -94.000000
v -2.121320 0.000000 -94.878680
v -3.000000 0.000000 -97.000000
v -2.121320 0.000000 -99.121320
v 0.000000 13.052619 -99.144486
v 2.121320 12.937929 -98.273324
v 3.000000 12.661041 -96.170152
v 2.121320 12.384153 -94.066979
v 0.000000 12.269462 -93.195817
v -2.121320 12.384153 -94.066979
v -3.000000 12.661041 -96.170152
v -2.121320 12.937929 -98.273324
v 0.000000 25.881905 -96.592583
v 2.121320 25.654485 -95.743843
v 3.000000 25.105447 -93.694805
v 2.121320 24.556409 -91.645767
v 0.000000 24.328990 -90.797028
v -2.121320 24.556409 -91.645767
v -3.000000 25.105447 -93.694805
v -2.121320 25.654485 -95.743843
v 0.000000 38.268343 -92.387953
v 2.121320 37.932087 -91.576159
v 3.000000 37.120293 -89.616315
v 2.121320 36.308499 -87.656470
v 0.000000 35.972243 -86.844676
v -2.121320 36.308499 -87.656470
v -3.000000 37.120293 -89.616315
v -2.121320 37.932087 -91.576159
v 0.000000 50.000000 -86.602540
v 2.121320 49.560660 -85.841581
v 3.000000 48.500000 -84.004464
v 2.121320 47.439340 -82.167347
v 0.000000 47.000000 -81.406388
v -2.121320 47.439340 -82.167347
v -3.000000 48.500000 -84.004464
v -2.121320 49.560660 -85.841581
v 0.000000 60.876143 -79.335334
v 2.121320 60.341237 -78.638231
v 3.000000 59.049859 -76.955274
v 2.121320 57.758481 -75.272317
v 0.000000 57.223574 -74.575214
v -2.121320 57.758481 -75.272317
v -3.000000 59.049859 -76.955274
v -2.121320 60.341237 -78.638231
v 0.000000 70.710678 -70.710678
v 2.121320 70.089358 -70.089358
v 3.000000 68.589358 -68.589358
v 2.121320 67.089358 -67.089358
v 0.000000 66.468037 -66.468037
v -2.121320 67.089358 -67.089358
v -3.000000 68.589358 -68.589358
v -2.121320 70.089358 -70.089358
v 0.000000 79.335334 -60.876143
v 2.121320 78.638231 -60.341237
v 3.000000 76.955274 -59.049859
v 2.121320 75.272317 -57.758481
v 0.000000 74.575214 -57.223574
v -2.121320 75.272317 -57.758481
v -3.000000 76.955274 -59.049859
v -2.121320 78.638231 -60.341237
v 0.000000 86.602540 -50.000000
v 2.121320 85.841581 -49.560660
v 3.000000 84.004464 -48.500000
v 2.121320 82.167347 -47.439340
v 0.000000 81.406388 -47.000000
v -2.121320 82.167347 -47.439340
v -3.000000 84.004464 -48.500000
v -2.121320 85.841581 -49.560660
v 0.000000 92.387953 -38.268343
v 2.121320 91.576159 -37.932087
v 3.000000 89.616315 -37.120293
v 2.121320 87.656470 -36.308499
v 0.000000 86.844676 -35.972243
v -2.121320 87.656470 -36.308499
v -3.000000 89.616315 -37.120293
v -2.121320 91.576159 -37.932087
v 0.000000 96.592583 -25.881905
v 2.121320 95.743843 -25.654485
v 3.000000 93.694805 -25.105447
v 2.121320 91.645767 -24.556409
v 0.000000 90.797028 -24.328990
v -2.121320 91.645767 -24.556409
v -3.000000 93.694805 -25.105447
v -2.121320 95.743843 -25.654485
v 0.000000 99.144486 -13.052619
v 2.121320 98.273324 -12.937929
v 3.000000 96.170152 -12.661041
v 2.121320 94.066979 -12.384153
v 0.000000 93.195817 -12.269462
v -2.121320 94.066979 -12.384153
v -3.000000 96.170152 -12.661041
v -2.121320 98.273324 -12.937929
vt 0.05 0.05
vt 0.95 0.05
vt 0.05 0.95
vn 0.000000 1.000000 0.000000
vn 0.000000 0.991445 0.130526
vn 0.707314 0.701657 0.085933
vn 0.000000 1.000000 0.000000
vn 0.707314 0.701657 0.085933
vn 0.707314 0.706870 -0.006387
vn 0.707314 0.706870 -0.006387
vn 0.707314 0.701657 0.085933
vn 0.999959 0.001181 -0.008972
vn 0.707314 0.706870 -0.006387
vn 0.999959 0.001181 -0.008972
vn 0.999959 0.000000 -0.009049
vn 0.999959 0.000000 -0.009049
vn 0.999959 0.001181 -0.008972
vn 0.707314 -0.699989 -0.098598
vn 0.999959 0.000000 -0.009049
vn 0.707314 -0.699989 -0.098598
vn 0.707314 -0.706870 -0.006387
vn 0.707314 -0.706870 -0.006387
vn 0.707314 -0.699989 -0.098598
vn 0.000000 -0.991445 -0.130526
vn 0.707314 -0.706870 -0.006387
vn 0.000000 -0.991445 -0.130526
vn 0.000000 -1.000000 0.000000
vn 0.000000 -1.000000 0.000000
vn 0.000000 -0.991445 -0.130526
vn -0.707314 -0.701657 -0.085933
vn 0.000000 -1.000000 0.000000
vn -0.707314 -0.701657 -0.085933
vn -0.707314 -0.706870 0.006387
vn -0.707314 -0.706870 0.006387
vn -0.707314 -0.701657 -0.085933
vn -0.999959 -0.001181 0.008972
vn -0.707314 -0.706870 0.006387
vn -0.999959 -0.001181 0.008972
vn -0.999959 0.000000 0.009049
vn -0.999959 0.000000 0.009049
vn -0.999959 -0.001181 0.008972
vn -0.707314 0.699989 0.098598
vn -0.999959 0.000000 0.009049
vn -0.707314 0.699989 0.098598
vn -0.707314 0.706870 0.006387
vn -0.707314 0.706870 0.006387
vn -0.707314 0.699989 0.098598
vn 0.000000 0.991445 0.130526
vn -0.707314 0.706870 0.006387
vn 0.000000 0.991445 0.130526
vn 0.000000 1.000000 0.000000
vn 0.000000 0.991445 0.130526
vn 0.000000 0.965926 0.258819
vn 0.707314 0.684437 0.176782
vn 0.000000 0.991445 0.130526
vn 0.707314 0.684437 0.176782
vn 0.707314 0.701657 0.085933
vn 0.707314 0.701657 0.085933
vn 0.707314 0.684437 0.176782
vn 0.999959 0.002342 -0.008741
vn 0.707314 0.701657 0.085933
vn 0.999959 0.002342 -0.008741
vn 0.999959 0.001181 -0.008972
vn 0.999959 0.001181 -0.008972
vn 0.999959 0.002342 -0.008741
vn 0.707314 -0.681131 -0.189121
vn 0.999959 0.001181 -0.008972
vn 0.707314 -0.681131 -0.189121
vn 0.707314 -0.699989 -0.098598
vn 0.707314 -0.699989 -0.098598
vn 0.707314 -0.681131 -0.189121
vn 0.000000 -0.965926 -0.258819
vn 0.707314 -0.699989 -0.098598
vn 0.000000 -0.965926 -0.258819
vn 0.000000 -0.991445 -0.130526
vn 0.000000 -0.991445 -0.130526
vn 0.000000 -0.965926 -0.258819
vn -0.707314 -0.684437 -0.176782
vn 0.000000 -0.991445 -0.130526
vn -0.707314 -0.684437 -0.176782
vn -0.707314 -0.701657 -0.085933
vn -0.707314 -0.701657 -0.085933
vn -0.707314 -0.684437 -0.176782
vn -0.999959 -0.002342 0.008741
vn -0.707314 -0.701657 -0.085933
vn -0.999959 -0.002342 0.008741
vn -0.999959 -0.001181 0.008972
vn -0.999959 -0.001181 0.008972
vn -0.999959 -0.002342 0.008741
vn -0.707314 0.681131 0.189121
vn -0.999959 -0.001181 0.008972
vn -0.707314 0.681131 0.189121
vn -0.707314 0.699989 0.098598
vn -0.707314 0.699989 0.098598
vn -0.707314 0.681131 0.189121
vn 0.000000 0.965926 0.258819
vn -0.707314 0.699989 0.098598
vn 0.000000 0.965926 0.258819
vn 0.000000 0.991445 0.130526
vn 0.000000 0.965926 0.258819
vn 0.000000 0.923880 0.382683
vn 0.707314 0.655507 0.264607
vn 0.000000 0.965926 0.258819
vn 0.707314 0.655507 0.264607
vn 0.707314 0.684437 0.176782
vn 0.707314 0.684437 0.176782
vn 0.707314 0.655507 0.264607
vn 0.999959 0.003463 -0.008360
vn 0.707314 0.684437 0.176782
vn 0.999959 0.003463 -0.008360
vn 0.999959 0.002342 -0.008741
vn 0.999959 0.002342 -0.008741
vn 0.999959 0.003463 -0.008360
vn 0.707314 -0.650619 -0.276409
vn 0.999959 0.002342 -0.008741
vn 0.707314 -0.650619 -0.276409
vn 0.707314 -0.681131 -0.189121
vn 0.707314 -0.681131 -0.189121
vn 0.707314 -0.650619 -0.276409
vn 0.000000 -0.923880 -0.382683
vn 0.707314 -0.681131 -0.189121
vn 0.000000 -0.923880 -0.382683
vn 0.000000 -0.965926 -0.258819
vn 0.000000 -0.965926 -0.258819
vn 0.000000 -0.923880 -0.382683
vn -0.707314 -0.655507 -0.264607
vn 0.000000 -0.965926 -0.258819
vn -0.707314 -0.655507 -0.264607
vn -0.707314 -0.684437 -0.176782
vn -0.707314 -0.684437 -0.176782
vn -0.707314 -0.655507 -0.264607
vn -0.999959 -0.003463 0.008360
vn -0.707314 -0.684437 -0.176782
vn -0.999959 -0.003463 0.008360
vn -0.999959 -0.002342 0.008741
vn -0.999959 -0.002342 0.008741
vn -0.999959 -0.003463 0.008360
vn -0.707314 0.650619 0.276409
vn -0.999959 -0.002342 0.008741
vn -0.707314 0.650619 0.276409
vn -0.707314 0.681131 0.189121
vn -0.707314 0.681131 0.189121
vn -0.707314 0.650619 0.276409
vn 0.000000 0.923880 0.382683
vn -0.707314 0.681131 0.189121
vn 0.000000 0.923880 0.382683
vn 0.000000 0.965926 0.258819
vn 0.000000 0.923880 0.382683
vn 0.000000 0.866025 0.500000
vn 0.707314 0.615361 0.347904
vn 0.000000 0.923880 0.382683
vn 0.707314 0.615361 0.347904
vn 0.707314 0.655507 0.264607
vn 0.707314 0.655507 0.264607
vn 0.707314 0.615361 0.347904
vn 0.999959 0.004525 -0.007837
vn 0.707314 0.655507 0.264607
vn 0.999959 0.004525 -0.007837
vn 0.999959 0.003463 -0.008360
vn 0.999959 0.003463 -0.008360
vn 0.999959 0.004525 -0.007837
vn 0.707314 -0.608974 -0.358967
vn 0.999959 0.003463 -0.008360
vn 0.707314 -0.608974 -0.358967
vn 0.707314 -0.650619 -0.276409
vn 0.707314 -0.650619 -0.276409
vn 0.707314 -0.608974 -0.358967
vn 0.000000 -0.866025 -0.500000
vn 0.707314 -0.650619 -0.276409
vn 0.000000 -0.866025 -0.500000
vn 0.000000 -0.923880 -0.382683
vn 0.000000 -0.923880 -0.382683
vn 0.000000 -0.866025 -0.500000
vn -0.707314 -0.615361 -0.347904
vn 0.000000 -0.923880 -0.382683
vn -0.707314 -0.615361 -0.347904
vn -0.707314 -0.655507 -0.264607
vn -0.707314 -0.655507 -0.264607
vn -0.707314 -0.615361 -0.347904
vn -0.999959 -0.004525 0.007837
vn -0.707314 -0.655507 -0.264607
vn -0.999959 -0.004525 0.007837
vn -0.999959 -0.003463 0.008360
vn -0.999959 -0.003463 0.008360
vn -0.999959 -0.004525 0.007837
vn -0.707314 0.608974 0.358967
vn -0.999959 -0.003463 0.008360
vn -0.707314 0.608974 0.358967
vn -0.707314 0.650619 0.276409
vn -0.707314 0.650619 0.276409
vn -0.707314 0.608974 0.358967
vn 0.000000 0.866025 0.500000
vn -0.707314 0.650619 0.276409
vn 0.000000 0.866025 0.500000
vn 0.000000 0.923880 0.382683
vn 0.000000 0.866025 0.500000
vn 0.000000 0.793353 0.608761
vn 0.707314 0.564686 0.425248
vn 0.000000 0.866025 0.500000
vn 0.707314 0.564686 0.425248
vn 0.707314 0.615361 0.347904
vn 0.707314 0.615361 0.347904
vn 0.707314 0.564686 0.425248
vn 0.999959 0.005509 -0.007179
vn 0.707314 0.615361 0.347904
vn 0.999959 0.005509 -0.007179
vn 0.999959 0.004525 -0.007837
vn 0.999959 0.004525 -0.007837
vn 0.999959 0.005509 -0.007179
vn 0.707314 -0.556910 -0.435383
vn 0.999959 0.004525 -0.007837
vn 0.707314 -0.556910 -0.435383
vn 0.707314 -0.608974 -0.358967
vn 0.707314 -0.608974 -0.358967
vn 0.707314 -0.556910 -0.435383
vn 0.000000 -0.793353 -0.608761
vn 0.707314 -0.608974 -0.358967
vn 0.000000 -0.793353 -0.608761
vn 0.000000 -0.866025 -0.500000
vn 0.000000 -0.866025 -0.500000
vn 0.000000 -0.793353 -0.608761
vn -0.707314 -0.564686 -0.425248
vn 0.000000 -0.866025 -0.500000
vn -0.707314 -0.564686 -0.425248
vn -0.707314 -0.615361 -0.347904
vn -0.707314 -0.615361 -0.347904
vn -0.707314 -0.564686 -0.425248
vn -0.999959 -0.005509 0.007179
vn -0.707314 -0.615361 -0.347904
vn -0.999959 -0.005509 0.007179
vn -0.999959 -0.004525 0.007837
vn -0.999959 -0.004525 0.007837
vn -0.999959 -0.005509 0.007179
vn -0.707314 0.556910 0.435383
vn -0.999959 -0.004525 0.007837
vn -0.707314 0.556910 0.435383
vn -0.707314 0.608974 0.358967
vn -0.707314 0.608974 0.358967
vn -0.707314 0.556910 0.435383
vn 0.000000 0.793353 0.608761
vn -0.707314 0.608974 0.358967
vn 0.000000 0.793353 0.608761
vn 0.000000 0.866025 0.500000
vn 0.000000 0.793353 0.608761
vn 0.000000 0.707107 0.707107
vn 0.707314 0.504349 0.495316
vn 0.000000 0.793353 0.608761
vn 0.707314 0.504349 0.495316
vn 0.707314 0.564686 0.425248
vn 0.707314 0.564686 0.425248
vn 0.707314 0.504349 0.495316
vn 0.999959 0.006399 -0.006399
vn 0.707314 0.564686 0.425248
vn 0.999959 0.006399 -0.006399
vn 0.999959 0.005509 -0.007179
vn 0.999959 0.005509 -0.007179
vn 0.999959 0.006399 -0.006399
vn 0.707314 -0.495316 -0.504349
vn 0.999959 0.005509 -0.007179
vn 0.707314 -0.495316 -0.504349
vn 0.707314 -0.556910 -0.435383
vn 0.707314 -0.556910 -0.435383
vn 0.707314 -0.495316 -0.504349
vn 0.000000 -0.707107 -0.707107
vn 0.707314 -0.556910 -0.435383
vn 0.000000 -0.707107 -0.707107
vn 0.000000 -0.793353 -0.608761
vn 0.000000 -0.793353 -0.608761
vn 0.000000 -0.707107 -0.707107
vn -0.707314 -0.504349 -0.495316
vn 0.000000 -0.793353 -0.608761
vn -0.707314 -0.504349 -0.495316
vn -0.707314 -0.564686 -0.425248
vn -0.707314 -0.564686 -0.425248
vn -0.707314 -0.504349 -0.495316
vn -0.999959 -0.006399 0.006399
vn -0.707314 -0.564686 -0.425248
vn -0.999959 -0.006399 0.006399
vn -0.999959 -0.005509 0.007179
vn -0.999959 -0.005509 0.007179
vn -0.999959 -0.006399 0.006399
vn -0.707314 0.495316 0.504349
vn -0.999959 -0.005509 0.007179
vn -0.707314 0.495316 0.504349
vn -0.707314 0.556910 0.435383
vn -0.707314 0.556910 0.435383
vn -0.707314 0.495316 0.504349
vn 0.000000 0.707107 0.707107
vn -0.707314 0.556910 0.435383
vn 0.000000 0.707107 0.707107
vn 0.000000 0.793353 0.608761
vn 0.000000 0.707107 0.707107
vn 0.000000 0.608761 0.793353
vn 0.707314 0.435383 0.556910
vn 0.000000 0.707107 0.707107
vn 0.707314 0.435383 0.556910
vn 0.707314 0.504349 0.495316
vn 0.707314 0.504349 0.495316
vn 0.707314 0.435383 0.556910
vn 0.999959 0.007179 -0.005509
vn 0.707314 0.504349 0.495316
vn 0.999959 0.007179 -0.005509
vn 0.999959 0.006399 -0.006399
vn 0.999959 0.006399 -0.006399
vn 0.999959 0.007179 -0.005509
vn 0.707314 -0.425248 -0.564686
vn 0.999959 0.006399 -0.006399
vn 0.707314 -0.425248 -0.564686
vn 0.707314 -0.495316 -0.504349
vn 0.707314 -0.495316 -0.504349
vn 0.707314 -0.425248 -0.564686
vn 0.000000 -0.608761 -0.793353
vn 0.707314 -0.495316 -0.504349
vn 0.000000 -0.608761 -0.793353
vn 0.000000 -0.707107 -0.707107
vn 0.000000 -0.707107 -0.707107
vn 0.000000 -0.608761 -0.793353
vn -0.707314 -0.435383 -0.556910
vn 0.000000 -0.707107 -0.707107
vn -0.707314 -0.435383 -0.556910
vn -0.707314 -0.504349 -0.495316
vn -0.707314 -0.504349 -0.495316
vn -0.707314 -0.435383 -0.556910
vn -0.999959 -0.007179 0.005509
vn -0.707314 -0.504349 -0.495316
vn -0.999959 -0.007179 0.005509
vn -0.999959 -0.006399 0.006399
vn -0.999959 -0.006399 0.006399
vn -0.999959 -0.007179 0.005509
vn -0.707314 0.425248 0.564686
vn -0.999959 -0.006399 0.006399
vn -0.707314 0.425248 0.564686
vn -0.707314 0.495316 0.504349
vn -0.707314 0.495316 0.504349
vn -0.707314 0.425248 0.564686
vn 0.000000 0.608761 0.793353
vn -0.707314 0.495316 0.504349
vn 0.000000 0.608761 0.793353
vn 0.000000 0.707107 0.707107
vn 0.000000 0.608761 0.793353
vn 0.000000 0.500000 0.866025
vn 0.707314 0.358967 0.608974
vn 0.000000 0.608761 0.793353
vn 0.707314 0.358967 0.608974
vn 0.707314 0.435383 0.556910
vn 0.707314 0.435383 0.556910
vn 0.707314 0.358967 0.608974
vn 0.999959 0.007837 -0.004525
vn 0.707314 0.435383 0.556910
vn 0.999959 0.007837 -0.004525
vn 0.999959 0.007179 -0.005509
vn 0.999959 0.007179 -0.005509
vn 0.999959 0.007837 -0.004525
vn 0.707314 -0.347904 -0.615361
vn 0.999959 0.007179 -0.005509
vn 0.707314 -0.347904 -0.615361
vn 0.707314 -0.425248 -0.564686
vn 0.707314 -0.425248 -0.564686
vn 0.707314 -0.347904 -0.615361
vn 0.000000 -0.500000 -0.866025
vn 0.707314 -0.425248 -0.564686
vn 0.000000 -0.500000 -0.866025
vn 0.000000 -0.608761 -0.793353
vn 0.000000 -0.608761 -0.793353
vn 0.000000 -0.500000 -0.866025
vn -0.707314 -0.358967 -0.608974
vn 0.000000 -0.608761 -0.793353
vn -0.707314 -0.358967 -0.608974
vn -0.707314 -0.435383 -0.556910
vn -0.707314 -0.435383 -0.556910
vn -0.707314 -0.358967 -0.608974
vn -0.999959 -0.007837 0.004525
vn -0.707314 -0.435383 -0.556910
vn -0.999959 -0.007837 0.004525
vn -0.999959 -0.007179 0.005509
vn -0.999959 -0.007179 0.005509
vn -0.999959 -0.007837 0.004525
vn -0.707314 0.347904 0.615361
vn -0.999959 -0.007179 0.005509
vn -0.707314 0.347904 0.615361
vn -0.707314 0.425248 0.564686
vn -0.707314 0.425248 0.564686
vn -0.707314 0.347904 0.615361
vn 0.000000 0.500000 0.866025
vn -0.707314 0.425248 0.564686
vn 0.000000 0.500000 0.866025
vn 0.000000 0.608761 0.793353
vn 0.000000 0.500000 0.866025
vn 0.000000 0.382683 0.923880
vn 0.707314 0.276409 0.650619
vn 0.000000 0.500000 0.866025
vn 0.707314 0.276409 0.650619
vn 0.707314 0.358967 0.608974
vn 0.707314 0.358967 0.608974
vn 0.707314 0.276409 0.650619
vn 0.999959 0.008360 -0.003463
vn 0.707314 0.358967 0.608974
vn 0.999959 0.008360 -0.003463
vn 0.999959 0.007837 -0.004525
vn 0.999959 0.007837 -0.004525
vn 0.999959 0.008360 -0.003463
vn 0.707314 -0.264607 -0.655507
vn 0.999959 0.007837 -0.004525
vn 0.707314 -0.264607 -0.655507
vn 0.707314 -0.347904 -0.615361
vn 0.707314 -0.347904 -0.615361
vn 0.707314 -0.264607 -0.655507
vn 0.000000 -0.382683 -0.923880
vn 0.707314 -0.347904 -0.615361
vn 0.000000 -0.382683 -0.923880
vn 0.000000 -0.500000 -0.866025
vn 0.000000 -0.500000 -0.866025
vn 0.000000 -0.382683 -0.923880
vn -0.707314 -0.276409 -0.650619
vn 0.000000 -0.500000 -0.866025
vn -0.707314 -0.276409 -0.650619
vn -0.707314 -0.358967 -0.608974
vn -0.707314 -0.358967 -0.608974
vn -0.707314 -0.276409 -0.650619
vn -0.999959 -0.008360 0.003463
vn -0.707314 -0.358967 -0.608974
vn -0.999959 -0.008360 0.003463
vn -0.999959 -0.007837 0.004525
vn -0.999959 -0.007837 0.004525
vn -0.999959 -0.008360 0.003463
vn -0.707314 0.264607 0.655507
vn -0.999959 -0.007837 0.004525
vn -0.707314 0.264607 0.655507
vn -0.707314 0.347904 0.615361
vn -0.707314 0.347904 0.615361
vn -0.707314 0.264607 0.655507
vn 0.000000 0.382683 0.923880
vn -0.707314 0.347904 0.615361
vn 0.000000 0.382683 0.923880
vn 0.000000 0.500000 0.866025
vn 0.000000 0.382683 0.923880
vn 0.000000 0.258819 0.965926
vn 0.707314 0.189121 0.681131
vn 0.000000 0.382683 0.923880
vn 0.707314 0.189121 0.681131
vn 0.707314 0.276409 0.650619
vn 0.707314 0.276409 0.650619
vn 0.707314 0.189121 0.681131
vn 0.999959 0.008741 -0.002342
vn 0.707314 0.276409 0.650619
vn 0.999959 0.008741 -0.002342
vn 0.999959 0.008360 -0.003463
vn 0.999959 0.008360 -0.003463
vn 0.999959 0.008741 -0.002342
vn 0.707314 -0.176782 -0.684437
vn 0.999959 0.008360 -0.003463
vn 0.707314 -0.176782 -0.684437
vn 0.707314 -0.264607 -0.655507
vn 0.707314 -0.264607 -0.655507
vn 0.707314 -0.176782 -0.684437
vn 0.000000 -0.258819 -0.965926
vn 0.707314 -0.264607 -0.655507
vn 0.000000 -0.258819 -0.965926
vn 0.000000 -0.382683 -0.923880
vn 0.000000 -0.382683 -0.923880
vn 0.000000 -0.258819 -0.965926
vn -0.707314 -0.189121 -0.681131
vn 0.000000 -0.382683 -0.923880
vn -0.707314 -0.189121 -0.681131
vn -0.707314 -0.276409 -0.650619
vn -0.707314 -0.276409 -0.650619
vn -0.707314 -0.189121 -0.681131
vn -0.999959 -0.008741 0.002342
vn -0.707314 -0.276409 -0.650619
vn -0.999959 -0.008741 0.002342
vn -0.999959 -0.008360 0.003463
vn -0.999959 -0.008360 0.003463
vn -0.999959 -0.008741 0.002342
vn -0.707314 0.176782 0.684437
vn -0.999959 -0.008360 0.003463
vn -0.707314 0.176782 0.684437
vn -0.707314 0.264607 0.655507
vn -0.707314 0.264607 0.655507
vn -0.707314 0.176782 0.684437
vn 0.000000 0.258819 0.965926
vn -0.707314 0.264607 0.655507
vn 0.000000 0.258819 0.965926
vn 0.000000 0.382683 0.923880
vn 0.000000 0.258819 0.965926
vn 0.000000 0.130526 0.991445
vn 0.707314 0.098598 0.699989
vn 0.000000 0.258819 0.965926
vn 0.707314 0.098598 0.699989
vn 0.707314 0.189121 0.681131
vn 0.707314 0.189121 0.681131
vn 0.707314 0.098598 0.699989
vn 0.999959 0.008972 -0.001181
vn 0.707314 0.189121 0.681131
vn 0.999959 0.008972 -0.001181
vn 0.999959 0.008741 -0.002342
vn 0.999959 0.008741 -0.002342
vn 0.999959 0.008972 -0.001181
vn 0.707314 -0.085933 -0.701657
vn 0.999959 0.008741 -0.002342
vn 0.707314 -0.085933 -0.701657
vn 0.707314 -0.176782 -0.684437
vn 0.707314 -0.176782 -0.684437
vn 0.707314 -0.085933 -0.701657
vn 0.000000 -0.130526 -0.991445
vn 0.707314 -0.176782 -0.684437
vn 0.000000 -0.130526 -0.991445
vn 0.000000 -0.258819 -0.965926
vn 0.000000 -0.258819 -0.965926
vn 0.000000 -0.130526 -0.991445
vn -0.707314 -0.098598 -0.699989
vn 0.000000 -0.258819 -0.965926
vn -0.707314 -0.098598 -0.699989
vn -0.707314 -0.189121 -0.681131
vn -0.707314 -0.189121 -0.681131
vn -0.707314 -0.098598 -0.699989
vn -0.999959 -0.008972 0.001181
vn -0.707314 -0.189121 -0.681131
vn -0.999959 -0.008972 0.001181
vn -0.999959 -0.008741 0.002342
vn -0.999959 -0.008741 0.002342
vn -0.999959 -0.008972 0.001181
vn -0.707314 0.085933 0.701657
vn -0.999959 -0.008741 0.002342
vn -0.707314 0.085933 0.701657
vn -0.707314 0.176782 0.684437
vn -0.707314 0.176782 0.684437
vn -0.707314 0.085933 0.701657
vn 0.000000 0.130526 0.991445
vn -0.707314 0.176782 0.684437
vn 0.000000 0.130526 0.991445
vn 0.000000 0.258819 0.965926
vn 0.000000 0.130526 0.991445
vn 0.000000 0.000000 1.000000
vn 0.707314 0.006387 0.706870
vn 0.000000 0.130526 0.991445
vn 0.707314 0.006387 0.706870
vn 0.707314 0.098598 0.699989
vn 0.707314 0.098598 0.699989
vn 0.707314 0.006387 0.706870
vn 0.999959 0.009049 0.000000
vn 0.707314 0.098598 0.699989
vn 0.999959 0.009049 0.000000
vn 0.999959 0.008972 -0.001181
vn 0.999959 0.008972 -0.001181
vn 0.999959 0.009049 0.000000
vn 0.707314 0.006387 -0.706870
vn 0.999959 0.008972 -0.001181
vn 0.707314 0.006387 -0.706870
vn 0.707314 -0.085933 -0.701657
vn 0.707314 -0.085933 -0.701657
vn 0.707314 0.006387 -0.706870
vn 0.000000 0.000000 -1.000000
vn 0.707314 -0.085933 -0.701657
vn 0.000000 0.000000 -1.000000
vn 0.000000 -0.130526 -0.991445
vn 0.000000 -0.130526 -0.991445
vn 0.000000 0.000000 -1.000000
vn -0.707314 -0.006387 -0.706870
vn 0.000000 -0.130526 -0.991445
vn -0.707314 -0.006387 -0.706870
vn -0.707314 -0.098598 -0.699989
vn -0.707314 -0.098598 -0.699989
vn -0.707314 -0.006387 -0.706870
vn -0.999959 -0.009049 0.000000
vn -0.707314 -0.098598 -0.699989
vn -0.999959 -0.009049 0.000000
vn -0.999959 -0.008972 0.001181
vn -0.999959 -0.008972 0.001181
vn -0.999959 -0.009049 0.000000
vn -0.707314 -0.006387 0.706870
vn -0.999959 -0.008972 0.001181
vn -0.707314 -0.006387 0.706870
vn -0.707314 0.085933 0.701657
vn -0.707314 0.085933 0.701657
vn -0.707314 -0.006387 0.706870
vn 0.000000 0.000000 1.000000
vn -0.707314 0.085933 0.701657
vn 0.000000 0.000000 1.000000
vn 0.000000 0.130526 0.991445
vn 0.000000 0.000000 1.000000
vn 0.000000 -0.130526 0.991445
vn 0.707314 -0.085933 0.701657
vn 0.000000 0.000000 1.000000
vn 0.707314 -0.085933 0.701657
vn 0.707314 0.006387 0.706870
vn 0.707314 0.006387 0.706870
vn 0.707314 -0.085933 0.701657
vn 0.999959 0.008972 0.001181
vn 0.707314 0.006387 0.706870
vn 0.999959 0.008972 0.001181
vn 0.999959 0.009049 0.000000
vn 0.999959 0.009049 0.000000
vn 0.999959 0.008972 0.001181
vn 0.707314 0.098598 -0.699989
vn 0.999959 0.009049 0.000000
vn 0.707314 0.098598 -0.699989
vn 0.707314 0.006387 -0.706870
vn 0.707314 0.006387 -0.706870
vn 0.707314 0.098598 -0.699989
vn 0.000000 0.130526 -0.991445
vn 0.707314 0.006387 -0.706870
vn 0.000000 0.130526 -0.991445
vn 0.000000 0.000000 -1.000000
vn 0.000000 0.000000 -1.000000
vn 0.000000 0.130526 -0.991445
vn -0.707314 0.085933 -0.701657
vn 0.000000 0.000000 -1.000000
vn -0.707314 0.085933 -0.701657
vn -0.707314 -0.006387 -0.706870
vn -0.707314 -0.006387 -0.706870
vn -0.707314 0.085933 -0.701657
vn -0.999959 -0.008972 -0.001181
vn -0.707314 -0.006387 -0.706870
vn -0.999959 -0.008972 -0.001181
vn -0.999959 -0.009049 0.000000
vn -0.999959 -0.009049 0.000000
vn -0.999959 -0.008972 -0.001181
vn -0.707314 -0.098598 0.699989
vn -0.999959 -0.009049 0.000000
vn -0.707314 -0.098598 0.699989
vn -0.707314 -0.006387 0.706870
vn -0.707314 -0.006387 0.706870
vn -0.707314 -0.098598 0.699989
vn 0.000000 -0.130526 0.991445
vn -0.707314 -0.006387 0.706870
vn 0.000000 -0.130526 0.991445
vn 0.000000 0.000000 1.000000
vn 0.000000 -0.130526 0.991445
vn 0.000000 -0.258819 0.965926
vn 0.707314 -0.176782 0.684437
vn 0.000000 -0.130526 0.991445
vn 0.707314 -0.176782 0.684437
vn 0.707314 -0.085933 0.701657
vn 0.707314 -0.085933 0.701657
vn 0.707314 -0.176782 0.684437
vn 0.999959 0.008741 0.002342
vn 0.707314 -0.085933 0.701657
vn 0.999959 0.008741 0.002342
vn 0.999959 0.008972 0.001181
vn 0.999959 0.008972 0.001181
vn 0.999959 0.008741 0.002342
vn 0.707314 0.189121 -0.681131
vn 0.999959 0.008972 0.001181
vn 0.707314 0.189121 -0.681131
vn 0.707314 0.098598 -0.699989
vn 0.707314 0.098598 -0.699989
vn 0.707314 0.189121 -0.681131
vn 0.000000 0.258819 -0.965926
vn 0.707314 0.098598 -0.699989
vn 0.000000 0.258819 -0.965926
vn 0.000000 0.130526 -0.991445
vn 0.000000 0.130526 -0.991445
vn 0.000000 0.258819 -0.965926
vn -0.707314 0.176782 -0.684437
vn 0.000000 0.130526 -0.991445
vn -0.707314 0.176782 -0.684437
vn -0.707314 0.085933 -0.701657
vn -0.707314 0.085933 -0.701657
vn -0.707314 0.176782 -0.684437
vn -0.999959 -0.008741 -0.002342
vn -0.707314 0.085933 -0.701657
vn -0.999959 -0.008741 -0.002342
vn -0.999959 -0.008972 -0.001181
vn -0.999959 -0.008972 -0.001181
vn -0.999959 -0.008741 -0.002342
vn -0.707314 -0.189121 0.681131
vn -0.999959 -0.008972 -0.001181
vn -0.707314 -0.189121 0.681131
vn -0.707314 -0.098598 0.699989
vn -0.707314 -0.098598 0.699989
vn -0.707314 -0.189121 0.681131
vn 0.000000 -0.258819 0.965926
vn -0.707314 -0.098598 0.699989
vn 0.000000 -0.258819 0.965926
vn 0.000000 -0.130526 0.991445
vn 0.000000 -0.258819 0.965926
vn 0.000000 -0.382683 0.923880
vn 0.707314 -0.264607 0.655507
vn 0.000000 -0.258819 0.965926
vn 0.707314 -0.264607 0.655507
vn 0.707314 -0.176782 0.684437
vn 0.707314 -0.176782 0.684437
vn 0.707314 -0.264607 0.655507
vn 0.999959 0.008360 0.003463
vn 0.707314 -0.176782 0.684437
vn 0.999959 0.008360 0.003463
vn 0.999959 0.008741 0.002342
vn 0.999959 0.008741 0.002342
vn 0.999959 0.008360 0.003463
vn 0.707314 0.276409 -0.650619
vn 0.999959 0.008741 0.002342
vn 0.707314 0.276409 -0.650619
vn 0.707314 0.189121 -0.681131
vn 0.707314 0.189121 -0.681131
vn 0.707314 0.276409 -0.650619
vn 0.000000 0.382683 -0.923880
vn 0.707314 0.189121 -0.681131
vn 0.000000 0.382683 -0.923880
vn 0.000000 0.258819 -0.965926
vn 0.000000 0.258819 -0.965926
vn 0.000000 0.382683 -0.923880
vn -0.707314 0.264607 -0.655507
vn 0.000000 0.258819 -0.965926
vn -0.707314 0.264607 -0.655507
vn -0.707314 0.176782 -0.684437
vn -0.707314 0.176782 -0.684437
vn -0.707314 0.264607 -0.655507
vn -0.999959 -0.008360 -0.003463
vn -0.707314 0.176782 -0.684437
vn -0.999959 -0.008360 -0.003463
vn -0.999959 -0.008741 -0.002342
vn -0.999959 -0.008741 -0.002342
vn -0.999959 -0.008360 -0.003463
vn -0.707314 -0.276409 0.650619
vn -0.999959 -0.008741 -0.002342
vn -0.707314 -0.276409 0.650619
vn -0.707314 -0.189121 0.681131
vn -0.707314 -0.189121 0.681131
vn -0.707314 -0.276409 0.650619
vn 0.000000 -0.382683 0.923880
vn -0.707314 -0.189121 0.681131
vn 0.000000 -0.382683 0.923880
vn 0.000000 -0.258819 0.965926
vn 0.000000 -0.382683 0.923880
vn 0.000000 -0.500000 0.866025
vn 0.707314 -0.347904 0.615361
vn 0.000000 -0.382683 0.923880
vn 0.707314 -0.347904 0.615361
vn 0.707314 -0.264607 0.655507
vn 0.707314 -0.264607 0.655507
vn 0.707314 -0.347904 0.615361
vn 0.999959 0.007837 0.004525
vn 0.707314 -0.264607 0.655507
vn 0.999959 0.007837 0.004525
vn 0.999959 0.008360 0.003463
vn 0.999959 0.008360 0.003463
vn 0.999959 0.007837 0.004525
vn 0.707314 0.358967 -0.608974
vn 0.999959 0.008360 0.003463
vn 0.707314 0.358967 -0.608974
vn 0.707314 0.276409 -0.650619
vn 0.707314 0.276409 -0.650619
vn 0.707314 0.358967 -0.608974
vn 0.000000 0.500000 -0.866025
vn 0.707314 0.276409 -0.650619
vn 0.000000 0.500000 -0.866025
vn 0.000000 0.382683 -0.923880
vn 0.000000 0.382683 -0.923880
vn 0.000000 0.500000 -0.866025
vn -0.707314 0.347904 -0.615361
vn 0.000000 0.382683 -0.923880
vn -0.707314 0.347904 -0.615361
vn -0.707314 0.264607 -0.655507
vn -0.707314 0.264607 -0.655507
vn -0.707314 0.347904 -0.615361
vn -0.999959 -0.007837 -0.004525
vn -0.707314 0.264607 -0.655507
vn -0.999959 -0.007837 -0.004525
vn -0.999959 -0.008360 -0.003463
vn -0.999959 -0.008360 -0.003463
vn -0.999959 -0.007837 -0.004525
vn -0.707314 -0.358967 0.608974
vn -0.999959 -0.008360 -0.003463
vn -0.707314 -0.358967 0.608974
vn -0.707314 -0.276409 0.650619
vn -0.707314 -0.276409 0.650619
vn -0.707314 -0.358967 0.608974
vn 0.000000 -0.500000 0.866025
vn -0.707314 -0.276409 0.650619
vn 0.000000 -0.500000 0.866025
vn 0.000000 -0.382683 0.923880
vn 0.000000 -0.500000 0.866025
vn 0.000000 -0.608761 0.793353
vn 0.707314 -0.425248 0.564686
vn 0.000000 -0.500000 0.866025
vn 0.707314 -0.425248 0.564686
vn 0.707314 -0.347904 0.615361
vn 0.707314 -0.347904 0.615361
vn 0.707314 -0.425248 0.564686
vn 0.999959 0.007179 0.005509
vn 0.707314 -0.347904 0.615361
vn 0.999959 0.007179 0.005509
vn 0.999959 0.007837 0.004525
vn 0.999959 0.007837 0.004525
vn 0.999959 0.007179 0.005509
vn 0.707314 0.435383 -0.556910
vn 0.999959 0.007837 0.004525
vn 0.707314 0.435383 -0.556910
vn 0.707314 0.358967 -0.608974
vn 0.707314 0.358967 -0.608974
vn 0.707314 0.435383 -0.556910
vn 0.000000 0.608761 -0.793353
vn 0.707314 0.358967 -0.608974
vn 0.000000 0.608761 -0.793353
vn 0.000000 0.500000 -0.866025
vn 0.000000 0.500000 -0.866025
vn 0.000000 0.608761 -0.793353
vn -0.707314 0.425248 -0.564686
vn 0.000000 0.500000 -0.866025
vn -0.707314 0.425248 -0.564686
vn -0.707314 0.347904 -0.615361
vn -0.707314 0.347904 -0.615361
vn -0.707314 0.425248 -0.564686
vn -0.999959 -0.007179 -0.005509
vn -0.707314 0.347904 -0.615361
vn -0.999959 -0.007179 -0.005509
vn -0.999959 -0.007837 -0.004525
vn -0.999959 -0.007837 -0.004525
vn -0.999959 -0.007179 -0.005509
vn -0.707314 -0.435383 0.556910
vn -0.999959 -0.007837 -0.004525
vn -0.707314 -0.435383 0.556910
vn -0.707314 -0.358967 0.608974
vn -0.707314 -0.358967 0.608974
vn -0.707314 -0.435383 0.556910
vn 0.000000 -0.608761 0.793353
vn -0.707314 -0.358967 0.608974
vn 0.000000 -0.608761 0.793353
vn 0.000000 -0.500000 0.866025
vn 0.000000 -0.608761 0.793353
vn 0.000000 -0.707107 0.707107
vn 0.707314 -0.495316 0.504349
vn 0.000000 -0.608761 0.793353
vn 0.707314 -0.495316 0.504349
vn 0.707314 -0.425248 0.564686
vn 0.707314 -0.425248 0.564686
vn 0.707314 -0.495316 0.504349
vn 0.999959 0.006399 0.006399
vn 0.707314 -0.425248 0.564686
vn 0.999959 0.006399 0.006399
vn 0.999959 0.007179 0.005509
vn 0.999959 0.007179 0.005509
vn 0.999959 0.006399 0.006399
vn 0.707314 0.504349 -0.495316
vn 0.999959 0.007179 0.005509
vn 0.707314 0.504349 -0.495316
vn 0.707314 0.435383 -0.556910
vn 0.707314 0.435383 -0.556910
vn 0.707314 0.504349 -0.495316
vn 0.000000 0.707107 -0.707107
vn 0.707314 0.435383 -0.556910
vn 0.000000 0.707107 -0.707107
vn 0.000000 0.608761 -0.793353
vn 0.000000 0.608761 -0.793353
vn 0.000000 0.707107 -0.707107
vn -0.707314 0.495316 -0.504349
vn 0.000000 0.608761 -0.793353
vn -0.707314 0.495316 -0.504349
vn -0.707314 0.425248 -0.564686
vn -0.707314 0.425248 -0.564686
vn -0.707314 0.495316 -0.504349
vn -0.999959 -0.006399 -0.006399
vn -0.707314 0.425248 -0.564686
vn -0.999959 -0.006399 -0.006399
vn -0.999959 -0.007179 -0.005509
vn -0.999959 -0.007179 -0.005509
vn -0.999959 -0.006399 -0.006399
vn -0.707314 -0.504349 0.495316
vn -0.999959 -0.007179 -0.005509
vn -0.707314 -0.504349 0.495316
vn -0.707314 -0.435383 0.556910
vn -0.707314 -0.435383 0.556910
vn -0.707314 -0.504349 0.495316
vn 0.000000 -0.707107 0.707107
vn -0.707314 -0.435383 0.556910
vn 0.000000 -0.707107 0.707107
vn 0.000000 -0.608761 0.793353
vn 0.000000 -0.707107 0.707107
vn 0.000000 -0.793353 0.608761
vn 0.707314 -0.556910 0.435383
vn 0.000000 -0.707107 0.707107
vn 0.707314 -0.556910 0.435383
vn 0.707314 -0.495316 0.504349
vn 0.707314 -0.495316 0.504349
vn 0.707314 -0.556910 0.435383
vn 0.999959 0.005509 0.007179
vn 0.707314 -0.495316 0.504349
vn 0.999959 0.005509 0.007179
vn 0.999959 0.006399 0.006399
vn 0.999959 0.006399 0.006399
vn 0.999959 0.005509 0.007179
vn 0.707314 0.564686 -0.425248
vn 0.999959 0.006399 0.006399
vn 0.707314 0.564686 -0.425248
vn 0.707314 0.504349 -0.495316
vn 0.707314 0.504349 -0.495316
vn 0.707314 0.564686 -0.425248
vn 0.000000 0.793353 -0.608761
vn 0.707314 0.504349 -0.495316
vn 0.000000 0.793353 -0.608761
vn 0.000000 0.707107 -0.707107
vn 0.000000 0.707107 -0.707107
vn 0.000000 0.793353 -0.608761
vn -0.707314 0.556910 -0.435383
vn 0.000000 0.707107 -0.707107
vn -0.707314 0.556910 -0.435383
vn -0.707314 0.495316 -0.504349
vn -0.707314 0.495316 -0.504349
vn -0.707314 0.556910 -0.435383
vn -0.999959 -0.005509 -0.007179
vn -0.707314 0.495316 -0.504349
vn -0.999959 -0.005509 -0.007179
vn -0.999959 -0.006399 -0.006399
vn -0.999959 -0.006399 -0.006399
vn -0.999959 -0.005509 -0.007179
vn -0.707314 -0.564686 0.425248
vn -0.999959 -0.006399 -0.006399
vn -0.707314 -0.564686 0.425248
vn -0.707314 -0.504349 0.495316
vn -0.707314 -0.504349 0.495316
vn -0.707314 -0.564686 0.425248
vn 0.000000 -0.793353 0.608761
vn -0.707314 -0.504349 0.495316
vn 0.000000 -0.793353 0.608761
vn 0.000000 -0.707107 0.707107
vn 0.000000 -0.793353 0.608761
vn 0.000000 -0.866025 0.500000
vn 0.707314 -0.608974 0.358967
vn 0.000000 -0.793353 0.608761
vn 0.707314 -0.608974 0.358967
vn 0.707314 -0.556910 0.435383
vn 0.707314 -0.556910 0.435383
vn 0.707314 -0.608974 0.358967
vn 0.999959 0.004525 0.007837
vn 0.707314 -0.556910 0.435383
vn 0.999959 0.004525 0.007837
vn 0.999959 0.005509 0.007179
vn 0.999959 0.005509 0.007179
vn 0.999959 0.004525 0.007837
vn 0.707314 0.615361 -0.347904
vn 0.999959 0.005509 0.007179
vn 0.707314 0.615361 -0.347904
vn 0.707314 0.564686 -0.425248
vn 0.707314 0.564686 -0.425248
vn 0.707314 0.615361 -0.347904
vn 0.000000 0.866025 -0.500000
vn 0.707314 0.564686 -0.425248
vn 0.000000 0.866025 -0.500000
vn 0.000000 0.793353 -0.608761
vn 0.000000 0.793353 -0.608761
vn 0.000000 0.866025 -0.500000
vn -0.707314 0.608974 -0.358967
vn 0.000000 0.793353 -0.608761
vn -0.707314 0.608974 -0.358967
vn -0.707314 0.556910 -0.435383
vn -0.707314 0.556910 -0.435383
vn -0.707314 0.608974 -0.358967
vn -0.999959 -0.004525 -0.007837
vn -0.707314 0.556910 -0.435383
vn -0.999959 -0.004525 -0.007837
vn -0.999959 -0.005509 -0.007179
vn -0.999959 -0.005509 -0.007179
vn -0.999959 -0.004525 -0.007837
vn -0.707314 -0.615361 0.347904
vn -0.999959 -0.005509 -0.007179
vn -0.707314 -0.615361 0.347904
vn -0.707314 -0.564686 0.425248
vn -0.707314 -0.564686 0.425248
vn -0.707314 -0.615361 0.347904
vn 0.000000 -0.866025 0.500000
vn -0.707314 -0.564686 0.425248
vn 0.000000 -0.866025 0.500000
vn 0.000000 -0.793353 0.608761
vn 0.000000 -0.866025 0.500000
vn 0.000000 -0.923880 0.382683
vn 0.707314 -0.650619 0.276409
vn 0.000000 -0.866025 0.500000
vn 0.707314 -0.650619 0.276409
vn 0.707314 -0.608974 0.358967
vn 0.707314 -0.608974 0.358967
vn 0.707314 -0.650619 0.276409
vn 0.999959 0.003463 0.008360
vn 0.707314 -0.608974 0.358967
vn 0.999959 0.003463 0.008360
vn 0.999959 0.004525 0.007837
vn 0.999959 0.004525 0.007837
vn 0.999959 0.003463 0.008360
vn 0.707314 0.655507 -0.264607
vn 0.999959 0.004525 0.007837
vn 0.707314 0.655507 -0.264607
vn 0.707314 0.615361 -0.347904
vn 0.707314 0.615361 -0.347904
vn 0.707314 0.655507 -0.264607
vn 0.000000 0.923880 -0.382683
vn 0.707314 0.615361 -0.347904
vn 0.000000 0.923880 -0.382683
vn 0.000000 0.866025 -0.500000
vn 0.000000 0.866025 -0.500000
vn 0.000000 0.923880 -0.382683
vn -0.707314 0.650619 -0.276409
vn 0.000000 0.866025 -0.500000
vn -0.707314 0.650619 -0.276409
vn -0.707314 0.608974 -0.358967
vn -0.707314 0.608974 -0.358967
vn -0.707314 0.650619 -0.276409
vn -0.999959 -0.003463 -0.008360
vn -0.707314 0.608974 -0.358967
vn -0.999959 -0.003463 -0.008360
vn -0.999959 -0.004525 -0.007837
vn -0.999959 -0.004525 -0.007837
vn -0.999959 -0.003463 -0.008360
vn -0.707314 -0.655507 0.264607
vn -0.999959 -0.004525 -0.007837
vn -0.707314 -0.655507 0.264607
vn -0.707314 -0.615361 0.347904
vn -0.707314 -0.615361 0.347904
vn -0.707314 -0.655507 0.264607
vn 0.000000 -0.923880 0.382683
vn -0.707314 -0.615361 0.347904
vn 0.000000 -0.923880 0.382683
vn 0.000000 -0.866025 0.500000
vn 0.000000 -0.923880 0.382683
vn 0.000000 -0.965926 0.258819
vn 0.707314 -0.681131 0.189121
vn 0.000000 -0.923880 0.382683
vn 0.707314 -0.681131 0.189121
vn 0.707314 -0.650619 0.276409
vn 0.707314 -0.650619 0.276409
vn 0.707314 -0.681131 0.189121
vn 0.999959 0.002342 0.008741
vn 0.707314 -0.650619 0.276409
vn 0.999959 0.002342 0.008741
vn 0.999959 0.003463 0.008360
vn 0.999959 0.003463 0.008360
vn 0.999959 0.002342 0.008741
vn 0.707314 0.684437 -0.176782
vn 0.999959 0.003463 0.008360
vn 0.707314 0.684437 -0.176782
vn 0.707314 0.655507 -0.264607
vn 0.707314 0.655507 -0.264607
vn 0.707314 0.684437 -0.176782
vn 0.000000 0.965926 -0.258819
vn 0.707314 0.655507 -0.264607
vn 0.000000 0.965926 -0.258819
vn 0.000000 0.923880 -0.382683
vn 0.000000 0.923880 -0.382683
vn 0.000000 0.965926 -0.258819
vn -0.707314 0.681131 -0.189121
vn 0.000000 0.923880 -0.382683
vn -0.707314 0.681131 -0.189121
vn -0.707314 0.650619 -0.276409
vn -0.707314 0.650619 -0.276409
vn -0.707314 0.681131 -0.189121
vn -0.999959 -0.002342 -0.008741
vn -0.707314 0.650619 -0.276409
vn -0.999959 -0.002342 -0.008741
vn -0.999959 -0.003463 -0.008360
vn -0.999959 -0.003463 -0.008360
vn -0.999959 -0.002342 -0.008741
vn -0.707314 -0.684437 0.176782
vn -0.999959 -0.003463 -0.008360
vn -0.707314 -0.684437 0.176782
vn -0.707314 -0.655507 0.264607
vn -0.707314 -0.655507 0.264607
vn -0.707314 -0.684437 0.176782
vn 0.000000 -0.965926 0.258819
vn -0.707314 -0.655507 0.264607
vn 0.000000 -0.965926 0.258819
vn 0.000000 -0.923880 0.382683
vn 0.000000 -0.965926 0.258819
vn 0.000000 -0.991445 0.130526
vn 0.707314 -0.699989 0.098598
vn 0.000000 -0.965926 0.258819
vn 0.707314 -0.699989 0.098598
vn 0.707314 -0.681131 0.189121
vn 0.707314 -0.681131 0.189121
vn 0.707314 -0.699989 0.098598
vn 0.999959 0.001181 0.008972
vn 0.707314 -0.681131 0.189121
vn 0.999959 0.001181 0.008972
vn 0.999959 0.002342 0.008741
vn 0.999959 0.002342 0.008741
vn 0.999959 0.001181 0.008972
vn 0.707314 0.701657 -0.085933
vn 0.999959 0.002342 0.008741
vn 0.707314 0.701657 -0.085933
vn 0.707314 0.684437 -0.176782
vn 0.707314 0.684437 -0.176782
vn 0.707314 0.701657 -0.085933
vn 0.000000 0.991445 -0.130526
vn 0.707314 0.684437 -0.176782
vn 0.000000 0.991445 -0.130526
vn 0.000000 0.965926 -0.258819
vn 0.000000 0.965926 -0.258819
vn 0.000000 0.991445 -0.130526
vn -0.707314 0.699989 -0.098598
vn 0.000000 0.965926 -0.258819
vn -0.707314 0.699989 -0.098598
vn -0.707314 0.681131 -0.189121
vn -0.707314 0.681131 -0.189121
vn -0.707314 0.699989 -0.098598
vn -0.999959 -0.001181 -0.008972
vn -0.707314 0.681131 -0.189121
vn -0.999959 -0.001181 -0.008972
vn -0.999959 -0.002342 -0.008741
vn -0.999959 -0.002342 -0.008741
vn -0.999959 -0.001181 -0.008972
vn -0.707314 -0.701657 0.085933
vn -0.999959 -0.002342 -0.008741
vn -0.707314 -0.701657 0.085933
vn -0.707314 -0.684437 0.176782
vn -0.707314 -0.684437 0.176782
vn -0.707314 -0.701657 0.085933
vn 0.000000 -0.991445 0.130526
vn -0.707314 -0.684437 0.176782
vn 0.000000 -0.991445 0.130526
vn 0.000000 -0.965926 0.258819
vn 0.000000 -0.991445 0.130526
vn 0.000000 -1.000000 0.000000
vn 0.707314 -0.706870 0.006387
vn 0.000000 -0.991445 0.130526
vn 0.707314 -0.706870 0.006387
vn 0.707314 -0.699989 0.098598
vn 0.707314 -0.699989 0.098598
vn 0.707314 -0.706870 0.006387
vn 0.999959 0.000000 0.009049
vn 0.707314 -0.699989 0.098598
vn 0.999959 0.000000 0.009049
vn 0.999959 0.001181 0.008972
vn 0.999959 0.001181 0.008972
vn 0.999959 0.000000 0.009049
vn 0.707314 0.706870 0.006387
vn 0.999959 0.001181 0.008972
vn 0.707314 0.706870 0.006387
vn 0.707314 0.701657 -0.085933
vn 0.707314 0.701657 -0.085933
vn 0.707314 0.706870 0.006387
vn 0.000000 1.000000 0.000000
vn 0.707314 0.701657 -0.085933
vn 0.000000 1.000000 0.000000
vn 0.000000 0.991445 -0.130526
vn 0.000000 0.991445 -0.130526
vn 0.000000 1.000000 0.000000
vn -0.707314 0.706870 -0.006387
vn 0.000000 0.991445 -0.130526
vn -0.707314 0.706870 -0.006387
vn -0.707314 0.699989 -0.098598
vn -0.707314 0.699989 -0.098598
vn -0.707314 0.706870 -0.006387
vn -0.999959 0.000000 -0.009049
vn -0.707314 0.699989 -0.098598
vn -0.999959 0.000000 -0.009049
vn -0.999959 -0.001181 -0.008972
vn -0.999959 -0.001181 -0.008972
vn -0.999959 0.000000 -0.009049
vn -0.707314 -0.706870 -0.006387
vn -0.999959 -0.001181 -0.008972
vn -0.707314 -0.706870 -0.006387
vn -0.707314 -0.701657 0.085933
vn -0.707314 -0.701657 0.085933
vn -0.707314 -0.706870 -0.006387
vn 0.000000 -1.000000 0.000000
vn -0.707314 -0.701657 0.085933
vn 0.000000 -1.000000 0.000000
vn 0.000000 -0.991445 0.130526
vn 0.000000 -1.000000 0.000000
vn 0.000000 -0.991445 -0.130526
vn 0.707314 -0.701657 -0.085933
vn 0.000000 -1.000000 0.000000
vn 0.707314 -0.701657 -0.085933
vn 0.707314 -0.706870 0.006387
vn 0.707314 -0.706870 0.006387
vn 0.707314 -0.701657 -0.085933
vn 0.999959 -0.001181 0.008972
vn 0.707314 -0.706870 0.006387
vn 0.999959 -0.001181 0.008972
vn 0.999959 0.000000 0.009049
vn 0.999959 0.000000 0.009049
vn 0.999959 -0.001181 0.008972
vn 0.707314 0.699989 0.098598
vn 0.999959 0.000000 0.009049
vn 0.707314 0.699989 0.098598
vn 0.707314 0.706870 0.006387
vn 0.707314 0.706870 0.006387
vn 0.707314 0.699989 0.098598
vn 0.000000 0.991445 0.130526
vn 0.707314 0.706870 0.006387
vn 0.000000 0.991445 0.130526
vn 0.000000 1.000000 0.000000
vn 0.000000 1.000000 0.000000
vn 0.000000 0.991445 0.130526
vn -0.707314 0.701657 0.085933
vn 0.000000 1.000000 0.000000
vn -0.707314 0.701657 0.085933
vn -0.707314 0.706870 -0.006387
vn -0.707314 0.706870 -0.006387
vn -0.707314 0.701657 0.085933
vn -0.999959 0.001181 -0.008972
vn -0.707314 0.706870 -0.006387
vn -0.999959 0.001181 -0.008972
vn -0.999959 0.000000 -0.009049
vn -0.999959 0.000000 -0.009049
vn -0.999959 0.001181 -0.008972
vn -0.707314 -0.699989 -0.098598
vn -0.999959 0.000000 -0.009049
vn -0.707314 -0.699989 -0.098598
vn -0.707314 -0.706870 -0.006387
vn -0.707314 -0.706870 -0.006387
vn -0.707314 -0.699989 -0.098598
vn 0.000000 -0.991445 -0.130526
vn -0.707314 -0.706870 -0.006387
vn 0.000000 -0.991445 -0.130526
vn 0.000000 -1.000000 0.000000
vn 0.000000 -0.991445 -0.130526
vn 0.000000 -0.965926 -0.258819
vn 0.707314 -0.684437 -0.176782
vn 0.000000 -0.991445 -0.130526
vn 0.707314 -0.684437 -0.176782
vn 0.707314 -0.701657 -0.085933
vn 0.707314 -0.701657 -0.085933
vn 0.707314 -0.684437 -0.176782
vn 0.999959 -0.002342 0.008741
vn 0.707314 -0.701657 -0.085933
vn 0.999959 -0.002342 0.008741
vn 0.999959 -0.001181 0.008972
vn 0.999959 -0.001181 0.008972
vn 0.999959 -0.002342 0.008741
vn 0.707314 0.681131 0.189121
vn 0.999959 -0.001181 0.008972
vn 0.707314 0.681131 0.189121
vn 0.707314 0.699989 0.098598
vn 0.707314 0.699989 0.098598
vn 0.707314 0.681131 0.189121
vn 0.000000 0.965926 0.258819
vn 0.707314 0.699989 0.098598
vn 0.000000 0.965926 0.258819
vn 0.000000 0.991445 0.130526
vn 0.000000 0.991445 0.130526
vn 0.000000 0.965926 0.258819
vn -0.707314 0.684437 0.176782
vn 0.000000 0.991445 0.130526
vn -0.707314 0.684437 0.176782
vn -0.707314 0.701657 0.085933
vn -0.707314 0.701657 0.085933
vn -0.707314 0.684437 0.176782
vn -0.999959 0.002342 -0.008741
vn -0.707314 0.701657 0.085933
vn -0.999959 0.002342 -0.008741
vn -0.999959 0.001181 -0.008972
vn -0.999959 0.001181 -0.008972
vn -0.999959 0.002342 -0.008741
vn -0.707314 -0.681131 -0.189121
vn -0.999959 0.001181 -0.008972
vn -0.707314 -0.681131 -0.189121
vn -0.707314 -0.699989 -0.098598
vn -0.707314 -0.699989 -0.098598
vn -0.707314 -0.681131 -0.189121
vn 0.000000 -0.965926 -0.258819
vn -0.707314 -0.699989 -0.098598
vn 0.000000 -0.965926 -0.258819
vn 0.000000 -0.991445 -0.130526
vn 0.000000 -0.965926 -0.258819
vn 0.000000 -0.923880 -0.382683
vn 0.707314 -0.655507 -0.264607
vn 0.000000 -0.965926 -0.258819
vn 0.707314 -0.655507 -0.264607
vn 0.707314 -0.684437 -0.176782
vn 0.707314 -0.684437 -0.176782
vn 0.707314 -0.655507 -0.264607
vn 0.999959 -0.003463 0.008360
vn 0.707314 -0.684437 -0.176782
vn 0.999959 -0.003463 0.008360
vn 0.999959 -0.002342 0.008741
vn 0.999959 -0.002342 0.008741
vn 0.999959 -0.003463 0.008360
vn 0.707314 0.650619 0.276409
vn 0.999959 -0.002342 0.008741
vn 0.707314 0.650619 0.276409
vn 0.707314 0.681131 0.189121
vn 0.707314 0.681131 0.189121
vn 0.707314 0.650619 0.276409
vn 0.000000 0.923880 0.382683
vn 0.707314 0.681131 0.189121
vn 0.000000 0.923880 0.382683
vn 0.000000 0.965926 0.258819
vn 0.000000 0.965926 0.258819
vn 0.000000 0.923880 0.382683
vn -0.707314 0.655507 0.264607
vn 0.000000 0.965926 0.258819
vn -0.707314 0.655507 0.264607
vn -0.707314 0.684437 0.176782
vn -0.707314 0.684437 0.176782
vn -0.707314 0.655507 0.264607
vn -0.999959 0.003463 -0.008360
vn -0.707314 0.684437 0.176782
vn -0.999959 0.003463 -0.008360
vn -0.999959 0.002342 -0.008741
vn -0.999959 0.002342 -0.008741
vn -0.999959 0.003463 -0.008360
vn -0.707314 -0.650619 -0.276409
vn -0.999959 0.002342 -0.008741
vn -0.707314 -0.650619 -0.276409
vn -0.707314 -0.681131 -0.189121
vn -0.707314 -0.681131 -0.189121
vn -0.707314 -0.650619 -0.276409
vn 0.000000 -0.923880 -0.382683
vn -0.707314 -0.681131 -0.189121
vn 0.000000 -0.923880 -0.382683
vn 0.000000 -0.965926 -0.258819
vn 0.000000 -0.923880 -0.382683
vn 0.000000 -0.866025 -0.500000
vn 0.707314 -0.615361 -0.347904
vn 0.000000 -0.923880 -0.382683
vn 0.707314 -0.615361 -0.347904
vn 0.707314 -0.655507 -0.264607
vn 0.707314 -0.655507 -0.264607
vn 0.707314 -0.615361 -0.347904
vn 0.999959 -0.004525 0.007837
vn 0.707314 -0.655507 -0.264607
vn 0.999959 -0.004525 0.007837
vn 0.999959 -0.003463 0.008360
vn 0.999959 -0.003463 0.008360
vn 0.999959 -0.004525 0.007837
vn 0.707314 0.608974 0.358967
vn 0.999959 -0.003463 0.008360
vn 0.707314 0.608974 0.358967
vn 0.707314 0.650619 0.276409
vn 0.707314 0.650619 0.276409
vn 0.707314 0.608974 0.358967
vn 0.000000 0.866025 0.500000
vn 0.707314 0.650619 0.276409
vn 0.000000 0.866025 0.500000
vn 0.000000 0.923880 0.382683
vn 0.000000 0.923880 0.382683
vn 0.000000 0.866025 0.500000
vn -0.707314 0.615361 0.347904
vn 0.000000 0.923880 0.382683
vn -0.707314 0.615361 0.347904
vn -0.707314 0.655507 0.264607
vn -0.707314 0.655507 0.264607
vn -0.707314 0.615361 0.347904
vn -0.999959 0.004525 -0.007837
vn -0.707314 0.655507 0.264607
vn -0.999959 0.004525 -0.007837
vn -0.999959 0.003463 -0.008360
vn -0.999959 0.003463 -0.008360
vn -0.999959 0.004525 -0.007837
vn -0.707314 -0.608974 -0.358967
vn -0.999959 0.003463 -0.008360
vn -0.707314 -0.608974 -0.358967
vn -0.707314 -0.650619 -0.276409
vn -0.707314 -0.650619 -0.276409
vn -0.707314 -0.608974 -0.358967
vn 0.000000 -0.866025 -0.500000
vn -0.707314 -0.650619 -0.276409
vn 0.000000 -0.866025 -0.500000
vn 0.000000 -0.923880 -0.382683
vn 0.000000 -0.866025 -0.500000
vn 0.000000 -0.793353 -0.608761
vn 0.707314 -0.564686 -0.425248
vn 0.000000 -0.866025 -0.500000
vn 0.707314 -0.564686 -0.425248
vn 0.707314 -0.615361 -0.347904
vn 0.707314 -0.615361 -0.347904
vn 0.707314 -0.564686 -0.425248
vn 0.999959 -0.005509 0.007179
vn 0.707314 -0.615361 -0.347904
vn 0.999959 -0.005509 0.007179
vn 0.999959 -0.004525 0.007837
vn 0.999959 -0.004525 0.007837
vn 0.999959 -0.005509 0.007179
vn 0.707314 0.556910 0.435383
vn 0.999959 -0.004525 0.007837
vn 0.707314 0.556910 0.435383
vn 0.707314 0.608974 0.358967
vn 0.707314 0.608974 0.358967
vn 0.707314 0.556910 0.435383
vn 0.000000 0.793353 0.608761
vn 0.707314 0.608974 0.358967
vn 0.000000 0.793353 0.608761
vn 0.000000 0.866025 0.500000
vn 0.000000 0.866025 0.500000
vn 0.000000 0.793353 0.608761
vn -0.707314 0.564686 0.425248
vn 0.000000 0.866025 0.500000
vn -0.707314 0.564686 0.425248
vn -0.707314 0.615361 0.347904
vn -0.707314 0.615361 0.347904
vn -0.707314 0.564686 0.425248
vn -0.999959 0.005509 -0.007179
vn -0.707314 0.615361 0.347904
vn -0.999959 0.005509 -0.007179
vn -0.999959 0.004525 -0.007837
vn -0.999959 0.004525 -0.007837
vn -0.999959 0.005509 -0.007179
vn -0.707314 -0.556910 -0.435383
vn -0.999959 0.004525 -0.007837
vn -0.707314 -0.556910 -0.435383
vn -0.707314 -0.608974 -0.358967
vn -0.707314 -0.608974 -0.358967
vn -0.707314 -0.556910 -0.435383
vn 0.000000 -0.793353 -0.608761
vn -0.707314 -0.608974 -0.358967
vn 0.000000 -0.793353 -0.608761
vn 0.000000 -0.866025 -0.500000
vn 0.000000 -0.793353 -0.608761
vn 0.000000 -0.707107 -0.707107
vn 0.707314 -0.504349 -0.495316
vn 0.000000 -0.793353 -0.608761
vn 0.707314 -0.504349 -0.495316
vn 0.707314 -0.564686 -0.425248
vn 0.707314 -0.564686 -0.425248
vn 0.707314 -0.504349 -0.495316
vn 0.999959 -0.006399 0.006399
vn 0.707314 -0.564686 -0.425248
vn 0.999959 -0.006399 0.006399
vn 0.999959 -0.005509 0.007179
vn 0.999959 -0.005509 0.007179
vn 0.999959 -0.006399 0.006399
vn 0.707314 0.495316 0.504349
vn 0.999959 -0.005509 0.007179
vn 0.707314 0.495316 0.504349
vn 0.707314 0.556910 0.435383
vn 0.707314 0.556910 0.435383
vn 0.707314 0.495316 0.504349
vn 0.000000 0.707107 0.707107
vn 0.707314 0.556910 0.435383
vn 0.000000 0.707107 0.707107
vn 0.000000 0.793353 0.608761
vn 0.000000 0.793353 0.608761
vn 0.000000 0.707107 0.707107
vn -0.707314 0.504349 0.495316
vn 0.000000 0.793353 0.608761
vn -0.707314 0.504349 0.495316
vn -0.707314 0.564686 0.425248
vn -0.707314 0.564686 0.425248
vn -0.707314 0.504349 0.495316
vn -0.999959 0.006399 -0.006399
vn -0.707314 0.564686 0.425248
vn -0.999959 0.006399 -0.006399
vn -0.999959 0.005509 -0.007179
vn -0.999959 0.005509 -0.007179
vn -0.999959 0.006399 -0.006399
vn -0.707314 -0.495316 -0.504349
vn -0.999959 0.005509 -0.007179
vn -0.707314 -0.495316 -0.504349
vn -0.707314 -0.556910 -0.435383
vn -0.707314 -0.556910 -0.435383
vn -0.707314 -0.495316 -0.504349
vn 0.000000 -0.707107 -0.707107
vn -0.707314 -0.556910 -0.435383
vn 0.000000 -0.707107 -0.707107
vn 0.000000 -0.793353 -0.608761
vn 0.000000 -0.707107 -0.707107
vn 0.000000 -0.608761 -0.793353
vn 0.707314 -0.435383 -0.556910
vn 0.000000 -0.707107 -0.707107
vn 0.707314 -0.435383 -0.556910
vn 0.707314 -0.504349 -0.495316
vn 0.707314 -0.504349 -0.495316
vn 0.707314 -0.435383 -0.556910
vn 0.999959 -0.007179 0.005509
vn 0.707314 -0.504349 -0.495316
vn 0.999959 -0.007179 0.005509
vn 0.999959 -0.006399 0.006399
vn 0.999959 -0.006399 0.006399
vn 0.999959 -0.007179 0.005509
vn 0.707314 0.425248 0.564686
vn 0.999959 -0.006399 0.006399
vn 0.707314 0.425248 0.564686
vn 0.707314 0.495316 0.504349
vn 0.707314 0.495316 0.504349
vn 0.707314 0.425248 0.564686
vn 0.000000 0.608761 0.793353
vn 0.707314 0.495316 0.504349
vn 0.000000 0.608761 0.793353
vn 0.000000 0.707107 0.707107
vn 0.000000 0.707107 0.707107
vn 0.000000 0.608761 0.793353
vn -0.707314 0.435383 0.556910
vn 0.000000 0.707107 0.707107
vn -0.707314 0.435383 0.556910
vn -0.707314 0.504349 0.495316
vn -0.707314 0.504349 0.495316
vn -0.707314 0.435383 0.556910
vn -0.999959 0.007179 -0.005509
vn -0.707314 0.504349 0.495316
vn -0.999959 0.007179 -0.005509
vn -0.999959 0.006399 -0.006399
vn -0.999959 0.006399 -0.006399
vn -0.999959 0.007179 -0.005509
vn -0.707314 -0.425248 -0.564686
vn -0.999959 0.006399 -0.006399
vn -0.707314 -0.425248 -0.564686
vn -0.707314 -0.495316 -0.504349
vn -0.707314 -0.495316 -0.504349
vn -0.707314 -0.425248 -0.564686
vn 0.000000 -0.608761 -0.793353
vn -0.707314 -0.495316 -0.504349
vn 0.000000 -0.608761 -0.793353
vn 0.000000 -0.707107 -0.707107
vn 0.000000 -0.608761 -0.793353
vn 0.000000 -0.500000 -0.866025
vn 0.707314 -0.358967 -0.608974
vn 0.000000 -0.608761 -0.793353
vn 0.707314 -0.358967 -0.608974
vn 0.707314 -0.435383 -0.556910
vn 0.707314 -0.435383 -0.556910
vn 0.707314 -0.358967 -0.608974
vn 0.999959 -0.007837 0.004525
vn 0.707314 -0.435383 -0.556910
vn 0.999959 -0.007837 0.004525
vn 0.999959 -0.007179 0.005509
vn 0.999959 -0.007179 0.005509
vn 0.999959 -0.007837 0.004525
vn 0.707314 0.347904 0.615361
vn 0.999959 -0.007179 0.005509
vn 0.707314 0.347904 0.615361
vn 0.707314 0.425248 0.564686
vn 0.707314 0.425248 0.564686
vn 0.707314 0.347904 0.615361
vn 0.000000 0.500000 0.866025
vn 0.707314 0.425248 0.564686
vn 0.000000 0.500000 0.866025
vn 0.000000 0.608761 0.793353
vn 0.000000 0.608761 0.793353
vn 0.000000 0.500000 0.866025
vn -0.707314 0.358967 0.608974
vn 0.000000 0.608761 0.793353
vn -0.707314 0.358967 0.608974
vn -0.707314 0.435383 0.556910
vn -0.707314 0.435383 0.556910
vn -0.707314 0.358967 0.608974
vn -0.999959 0.007837 -0.004525
vn -0.707314 0.435383 0.556910
vn -0.999959 0.007837 -0.004525
vn -0.999959 0.007179 -0.005509
vn -0.999959 0.007179 -0.005509
vn -0.999959 0.007837 -0.004525
vn -0.707314 -0.347904 -0.615361
vn -0.999959 0.007179 -0.005509
vn -0.707314 -0.347904 -0.615361
vn -0.707314 -0.425248 -0.564686
vn -0.707314 -0.425248 -0.564686
vn -0.707314 -0.347904 -0.615361
vn 0.000000 -0.500000 -0.866025
vn -0.707314 -0.425248 -0.564686
vn 0.000000 -0.500000 -0.866025
vn 0.000000 -0.608761 -0.793353
vn 0.000000 -0.500000 -0.866025
vn 0.000000 -0.382683 -0.923880
vn 0.707314 -0.276409 -0.650619
vn 0.000000 -0.500000 -0.866025
vn 0.707314 -0.276409 -0.650619
vn 0.707314 -0.358967 -0.608974
vn 0.707314 -0.358967 -0.608974
vn 0.707314 -0.276409 -0.650619
vn 0.999959 -0.008360 0.003463
vn 0.707314 -0.358967 -0.608974
vn 0.999959 -0.008360 0.003463
vn 0.999959 -0.007837 0.004525
vn 0.999959 -0.007837 0.004525
vn 0.999959 -0.008360 0.003463
vn 0.707314 0.264607 0.655507
vn 0.999959 -0.007837 0.004525
vn 0.707314 0.264607 0.655507
vn 0.707314 0.347904 0.615361
vn 0.707314 0.347904 0.615361
vn 0.707314 0.264607 0.655507
vn 0.000000 0.382683 0.923880
vn 0.707314 0.347904 0.615361
vn 0.000000 0.382683 0.923880
vn 0.000000 0.500000 0.866025
vn 0.000000 0.500000 0.866025
vn 0.000000 0.382683 0.923880
vn -0.707314 0.276409 0.650619
vn 0.000000 0.500000 0.866025
vn -0.707314 0.276409 0.650619
vn -0.707314 0.358967 0.608974
vn -0.707314 0.358967 0.608974
vn -0.707314 0.276409 0.650619
vn -0.999959 0.008360 -0.003463
vn -0.707314 0.358967 0.608974
vn -0.999959 0.008360 -0.003463
vn -0.999959 0.007837 -0.004525
vn -0.999959 0.007837 -0.004525
vn -0.999959 0.008360 -0.003463
vn -0.707314 -0.264607 -0.655507
vn -0.999959 0.007837 -0.004525
vn -0.707314 -0.264607 -0.655507
vn -0.707314 -0.347904 -0.615361
vn -0.707314 -0.347904 -0.615361
vn -0.707314 -0.264607 -0.655507
vn 0.000000 -0.382683 -0.923880
vn -0.707314 -0.347904 -0.615361
vn 0.000000 -0.382683 -0.923880
vn 0.000000 -0.500000 -0.866025
vn 0.000000 -0.382683 -0.923880
vn 0.000000 -0.258819 -0.965926
vn 0.707314 -0.189121 -0.681131
vn 0.000000 -0.382683 -0.923880
vn 0.707314 -0.189121 -0.681131
vn 0.707314 -0.276409 -0.650619
vn 0.707314 -0.276409 -0.650619
vn 0.707314 -0.189121 -0.681131
vn 0.999959 -0.008741 0.002342
vn 0.707314 -0.276409 -0.650619
vn 0.999959 -0.008741 0.002342
vn 0.999959 -0.008360 0.003463
vn 0.999959 -0.008360 0.003463
vn 0.999959 -0.008741 0.002342
vn 0.707314 0.176782 0.684437
vn 0.999959 -0.008360 0.003463
vn 0.707314 0.176782 0.684437
vn 0.707314 0.264607 0.655507
vn 0.707314 0.264607 0.655507
vn 0.707314 0.176782 0.684437
vn 0.000000 0.258819 0.965926
vn 0.707314 0.264607 0.655507
vn 0.000000 0.258819 0.965926
vn 0.000000 0.382683 0.923880
vn 0.000000 0.382683 0.923880
vn 0.000000 0.258819 0.965926
vn -0.707314 0.189121 0.681131
vn 0.000000 0.382683 0.923880
vn -0.707314 0.189121 0.681131
vn -0.707314 0.276409 0.650619
vn -0.707314 0.276409 0.650619
vn -0.707314 0.189121 0.681131
vn -0.999959 0.008741 -0.002342
vn -0.707314 0.276409 0.650619
vn -0.999959 0.008741 -0.002342
vn -0.999959 0.008360 -0.003463
vn -0.999959 0.008360 -0.003463
vn -0.999959 0.008741 -0.002342
vn -0.707314 -0.176782 -0.684437
vn -0.999959 0.008360 -0.003463
vn -0.707314 -0.176782 -0.684437
vn -0.707314 -0.264607 -0.655507
vn -0.707314 -0.264607 -0.655507
vn -0.707314 -0.176782 -0.684437
vn 0.000000 -0.258819 -0.965926
vn -0.707314 -0.264607 -0.655507
vn 0.000000 -0.258819 -0.965926
vn 0.000000 -0.382683 -0.923880
vn 0.000000 -0.258819 -0.965926
vn 0.000000 -0.130526 -0.991445
vn 0.707314 -0.098598 -0.699989
vn 0.000000 -0.258819 -0.965926
vn 0.707314 -0.098598 -0.699989
vn 0.707314 -0.189121 -0.681131
vn 0.707314 -0.189121 -0.681131
vn 0.707314 -0.098598 -0.699989
vn 0.999959 -0.008972 0.001181
vn 0.707314 -0.189121 -0.681131
vn 0.999959 -0.008972 0.001181
vn 0.999959 -0.008741 0.002342
vn 0.999959 -0.008741 0.002342
vn 0.999959 -0.008972 0.001181
vn 0.707314 0.085933 0.701657
vn 0.999959 -0.008741 0.002342
vn 0.707314 0.085933 0.701657
vn 0.707314 0.176782 0.684437
vn 0.707314 0.176782 0.684437
vn 0.707314 0.085933 0.701657
vn 0.000000 0.130526 0.991445
vn 0.707314 0.176782 0.684437
vn 0.000000 0.130526 0.991445
vn 0.000000 0.258819 0.965926
vn 0.000000 0.258819 0.965926
vn 0.000000 0.130526 0.991445
vn -0.707314 0.098598 0.699989
vn 0.000000 0.258819 0.965926
vn -0.707314 0.098598 0.699989
vn -0.707314 0.189121 0.681131
vn -0.707314 0.189121 0.681131
vn -0.707314 0.098598 0.699989
vn -0.999959 0.008972 -0.001181
vn -0.707314 0.189121 0.681131
vn -0.999959 0.008972 -0.001181
vn -0.999959 0.008741 -0.002342
vn -0.999959 0.008741 -0.002342
vn -0.999959 0.008972 -0.001181
vn -0.707314 -0.085933 -0.701657
vn -0.999959 0.008741 -0.002342
vn -0.707314 -0.085933 -0.701657
vn -0.707314 -0.176782 -0.684437
vn -0.707314 -0.176782 -0.684437
vn -0.707314 -0.085933 -0.701657
vn 0.000000 -0.130526 -0.991445
vn -0.707314 -0.176782 -0.684437
vn 0.000000 -0.130526 -0.991445
vn 0.000000 -0.258819 -0.965926
vn 0.000000 -0.130526 -0.991445
vn 0.000000 0.000000 -1.000000
vn 0.707314 -0.006387 -0.706870
vn 0.000000 -0.130526 -0.991445
vn 0.707314 -0.006387 -0.706870
vn 0.707314 -0.098598 -0.699989
vn 0.707314 -0.098598 -0.699989
vn 0.707314 -0.006387 -0.706870
vn 0.999959 -0.009049 0.000000
vn 0.707314 -0.098598 -0.699989
vn 0.999959 -0.009049 0.000000
vn 0.999959 -0.008972 0.001181
vn 0.999959 -0.008972 0.001181
vn 0.999959 -0.009049 0.000000
vn 0.707314 -0.006387 0.706870
vn 0.999959 -0.008972 0.001181
vn 0.707314 -0.006387 0.706870
vn 0.707314 0.085933 0.701657
vn 0.707314 0.085933 0.701657
vn 0.707314 -0.006387 0.706870
vn 0.000000 0.000000 1.000000
vn 0.707314 0.085933 0.701657
vn 0.000000 0.000000 1.000000
vn 0.000000 0.130526 0.991445
vn 0.000000 0.130526 0.991445
vn 0.000000 0.000000 1.000000
vn -0.707314 0.006387 0.706870
vn 0.000000 0.130526 0.991445
vn -0.707314 0.006387 0.706870
vn -0.707314 0.098598 0.699989
vn -0.707314 0.098598 0.699989
vn -0.707314 0.006387 0.706870
vn -0.999959 0.009049 0.000000
vn -0.707314 0.098598 0.699989
vn -0.999959 0.009049 0.000000
vn -0.999959 0.008972 -0.001181
vn -0.999959 0.008972 -0.001181
vn -0.999959 0.009049 0.000000
vn -0.707314 0.006387 -0.706870
vn -0.999959 0.008972 -0.001181
vn -0.707314 0.006387 -0.706870
vn -0.707314 -0.085933 -0.701657
vn -0.707314 -0.085933 -0.701657
vn -0.707314 0.006387 -0.706870
vn 0.000000 0.000000 -1.000000
vn -0.707314 -0.085933 -0.701657
vn 0.000000 0.000000 -1.000000
vn 0.000000 -0.130526 -0.991445
vn 0.000000 0.000000 -1.000000
vn 0.000000 0.130526 -0.991445
vn 0.707314 0.085933 -0.701657
vn 0.000000 0.000000 -1.000000
vn 0.707314 0.085933 -0.701657
vn 0.707314 -0.006387 -0.706870
vn 0.707314 -0.006387 -0.706870
vn 0.707314 0.085933 -0.701657
vn 0.999959 -0.008972 -0.001181
vn 0.707314 -0.006387 -0.706870
vn 0.999959 -0.008972 -0.001181
vn 0.999959 -0.009049 0.000000
vn 0.999959 -0.009049 0.000000
vn 0.999959 -0.008972 -0.001181
vn 0.707314 -0.098598 0.699989
vn 0.999959 -0.009049 0.000000
vn 0.707314 -0.098598 0.699989
vn 0.707314 -0.006387 0.706870
vn 0.707314 -0.006387 0.706870
vn 0.707314 -0.098598 0.699989
vn 0.000000 -0.130526 0.991445
vn 0.707314 -0.006387 0.706870
vn 0.000000 -0.130526 0.991445
vn 0.000000 0.000000 1.000000
vn 0.000000 0.000000 1.000000
vn 0.000000 -0.130526 0.991445
vn -0.707314 -0.085933 0.701657
vn 0.000000 0.000000 1.000000
vn -0.707314 -0.085933 0.701657
vn -0.707314 0.006387 0.706870
vn -0.707314 0.006387 0.706870
vn -0.707314 -0.085933 0.701657
vn -0.999959 0.008972 0.001181
vn -0.707314 0.006387 0.706870
vn -0.999959 0.008972 0.001181
vn -0.999959 0.009049 0.000000
vn -0.999959 0.009049 0.000000
vn -0.999959 0.008972 0.001181
vn -0.707314 0.098598 -0.699989
vn -0.999959 0.009049 0.000000
vn -0.707314 0.098598 -0.699989
vn -0.707314 0.006387 -0.706870
vn -0.707314 0.006387 -0.706870
vn -0.707314 0.098598 -0.699989
vn 0.000000 0.130526 -0.991445
vn -0.707314 0.006387 -0.706870
vn 0.000000 0.130526 -0.991445
vn 0.000000 0.000000 -1.000000
vn 0.000000 0.130526 -0.991445
vn 0.000000 0.258819 -0.965926
vn 0.707314 0.176782 -0.684437
vn 0.000000 0.130526 -0.991445
vn 0.707314 0.176782 -0.684437
vn 0.707314 0.085933 -0.701657
vn 0.707314 0.085933 -0.701657
vn 0.707314 0.176782 -0.684437
vn 0.999959 -0.008741 -0.002342
vn 0.707314 0.085933 -0.701657
vn 0.999959 -0.008741 -0.002342
vn 0.999959 -0.008972 -0.001181
vn 0.999959 -0.008972 -0.001181
vn 0.999959 -0.008741 -0.002342
vn 0.707314 -0.189121 0.681131
vn 0.999959 -0.008972 -0.001181
vn 0.707314 -0.189121 0.681131
vn 0.707314 -0.098598 0.699989
vn 0.707314 -0.098598 0.699989
vn 0.707314 -0.189121 0.681131
vn 0.000000 -0.258819 0.965926
vn 0.707314 -0.098598 0.699989
vn 0.000000 -0.258819 0.965926
vn 0.000000 -0.130526 0.991445
vn 0.000000 -0.130526 0.991445
vn 0.000000 -0.258819 0.965926
vn -0.707314 -0.176782 0.684437
vn 0.000000 -0.130526 0.991445
vn -0.707314 -0.176782 0.684437
vn -0.707314 -0.085933 0.701657
vn -0.707314 -0.085933 0.701657
vn -0.707314 -0.176782 0.684437
vn -0.999959 0.008741 0.002342
vn -0.707314 -0.085933 0.701657
vn -0.999959 0.008741 0.002342
vn -0.999959 0.008972 0.001181
vn -0.999959 0.008972 0.001181
vn -0.999959 0.008741 0.002342
vn -0.707314 0.189121 -0.681131
vn -0.999959 0.008972 0.001181
vn -0.707314 0.189121 -0.681131
vn -0.707314 0.098598 -0.699989
vn -0.707314 0.098598 -0.699989
vn -0.707314 0.189121 -0.681131
vn 0.000000 0.258819 -0.965926
vn -0.707314 0.098598 -0.699989
vn 0.000000 0.258819 -0.965926
vn 0.000000 0.130526 -0.991445
vn 0.000000 0.258819 -0.965926
vn 0.000000 0.382683 -0.923880
vn 0.707314 0.264607 -0.655507
vn 0.000000 0.258819 -0.965926
vn 0.707314 0.264607 -0.655507
vn 0.707314 0.176782 -0.684437
vn 0.707314 0.176782 -0.684437
vn 0.707314 0.264607 -0.655507
vn 0.999959 -0.008360 -0.003463
vn 0.707314 0.176782 -0.684437
vn 0.999959 -0.008360 -0.003463
vn 0.999959 -0.008741 -0.002342
vn 0.999959 -0.008741 -0.002342
vn 0.999959 -0.008360 -0.003463
vn 0.707314 -0.276409 0.650619
vn 0.999959 -0.008741 -0.002342
vn 0.707314 -0.276409 0.650619
vn 0.707314 -0.189121 0.681131
vn 0.707314 -0.189121 0.681131
vn 0.707314 -0.276409 0.650619
vn 0.000000 -0.382683 0.923880
vn 0.707314 -0.189121 0.681131
vn 0.000000 -0.382683 0.923880
vn 0.000000 -0.258819 0.965926
vn 0.000000 -0.258819 0.965926
vn 0.000000 -0.382683 0.923880
vn -0.707314 -0.264607 0.655507
vn 0.000000 -0.258819 0.965926
vn -0.707314 -0.264607 0.655507
vn -0.707314 -0.176782 0.684437
vn -0.707314 -0.176782 0.684437
vn -0.707314 -0.264607 0.655507
vn -0.999959 0.008360 0.003463
vn -0.707314 -0.176782 0.684437
vn -0.999959 0.008360 0.003463
vn -0.999959 0.008741 0.002342
vn -0.999959 0.008741 0.002342
vn -0.999959 0.008360 0.003463
vn -0.707314 0.276409 -0.650619
vn -0.999959 0.008741 0.002342
vn -0.707314 0.276409 -0.650619
vn -0.707314 0.189121 -0.681131
vn -0.707314 0.189121 -0.681131
vn -0.707314 0.276409 -0.650619
vn 0.000000 0.382683 -0.923880
vn -0.707314 0.189121 -0.681131
vn 0.000000 0.382683 -0.923880
vn 0.000000 0.258819 -0.965926
vn 0.000000 0.382683 -0.923880
vn 0.000000 0.500000 -0.866025
vn 0.707314 0.347904 -0.615361
vn 0.000000 0.382683 -0.923880
vn 0.707314 0.347904 -0.615361
vn 0.707314 0.264607 -0.655507
vn 0.707314 0.264607 -0.655507
vn 0.707314 0.347904 -0.615361
vn 0.999959 -0.007837 -0.004525
vn 0.707314 0.264607 -0.655507
vn 0.999959 -0.007837 -0.004525
vn 0.999959 -0.008360 -0.003463
vn 0.999959 -0.008360 -0.003463
vn 0.999959 -0.007837 -0.004525
vn 0.707314 -0.358967 0.608974
vn 0.999959 -0.008360 -0.003463
vn 0.707314 -0.358967 0.608974
vn 0.707314 -0.276409 0.650619
vn 0.707314 -0.276409 0.650619
vn 0.707314 -0.358967 0.608974
vn 0.000000 -0.500000 0.866025
vn 0.707314 -0.276409 0.650619
vn 0.000000 -0.500000 0.866025
vn 0.000000 -0.382683 0.923880
vn 0.000000 -0.382683 0.923880
vn 0.000000 -0.500000 0.866025
vn -0.707314 -0.347904 0.615361
vn 0.000000 -0.382683 0.923880
vn -0.707314 -0.347904 0.615361
vn -0.707314 -0.264607 0.655507
vn -0.707314 -0.264607 0.655507
vn -0.707314 -0.347904 0.615361
vn -0.999959 0.007837 0.004525
vn -0.707314 -0.264607 0.655507
vn -0.999959 0.007837 0.004525
vn -0.999959 0.008360 0.003463
vn -0.999959 0.008360 0.003463
vn -0.999959 0.007837 0.004525
vn -0.707314 0.358967 -0.608974
vn -0.999959 0.008360 0.003463
vn -0.707314 0.358967 -0.608974
vn -0.707314 0.276409 -0.650619
vn -0.707314 0.276409 -0.650619
vn -0.707314 0.358967 -0.608974
vn 0.000000 0.500000 -0.866025
vn -0.707314 0.276409 -0.650619
vn 0.000000 0.500000 -0.866025
vn 0.000000 0.382683 -0.923880
vn 0.000000 0.500000 -0.866025
vn 0.000000 0.608761 -0.793353
vn 0.707314 0.425248 -0.564686
vn 0.000000 0.500000 -0.866025
vn 0.707314 0.425248 -0.564686
vn 0.707314 0.347904 -0.615361
vn 0.707314 0.347904 -0.615361
vn 0.707314 0.425248 -0.564686
vn 0.999959 -0.007179 -0.005509
vn 0.707314 0.347904 -0.615361
vn 0.999959 -0.007179 -0.005509
vn 0.999959 -0.007837 -0.004525
vn 0.999959 -0.007837 -0.004525
vn 0.999959 -0.007179 -0.005509
vn 0.707314 -0.435383 0.556910
vn 0.999959 -0.007837 -0.004525
vn 0.707314 -0.435383 0.556910
vn 0.707314 -0.358967 0.608974
vn 0.707314 -0.358967 0.608974
vn 0.707314 -0.435383 0.556910
vn 0.000000 -0.608761 0.793353
vn 0.707314 -0.358967 0.608974
vn 0.000000 -0.608761 0.793353
vn 0.000000 -0.500000 0.866025
vn 0.000000 -0.500000 0.866025
vn 0.000000 -0.608761 0.793353
vn -0.707314 -0.425248 0.564686
vn 0.000000 -0.500000 0.866025
vn -0.707314 -0.425248 0.564686
vn -0.707314 -0.347904 0.615361
vn -0.707314 -0.347904 0.615361
vn -0.707314 -0.425248 0.564686
vn -0.999959 0.007179 0.005509
vn -0.707314 -0.347904 0.615361
vn -0.999959 0.007179 0.005509
vn -0.999959 0.007837 0.004525
vn -0.999959 0.007837 0.004525
vn -0.999959 0.007179 0.005509
vn -0.707314 0.435383 -0.556910
vn -0.999959 0.007837 0.004525
vn -0.707314 0.435383 -0.556910
vn -0.707314 0.358967 -0.608974
vn -0.707314 0.358967 -0.608974
vn -0.707314 0.435383 -0.556910
vn 0.000000 0.608761 -0.793353
vn -0.707314 0.358967 -0.608974
vn 0.000000 0.608761 -0.793353
vn 0.000000 0.500000 -0.866025
vn 0.000000 0.608761 -0.793353
vn 0.000000 0.707107 -0.707107
vn 0.707314 0.495316 -0.504349
vn 0.000000 0.608761 -0.793353
vn 0.707314 0.495316 -0.504349
vn 0.707314 0.425248 -0.564686
vn 0.707314 0.425248 -0.564686
vn 0.707314 0.495316 -0.504349
vn 0.999959 -0.006399 -0.006399
vn 0.707314 0.425248 -0.564686
vn 0.999959 -0.006399 -0.006399
vn 0.999959 -0.007179 -0.005509
vn 0.999959 -0.007179 -0.005509
vn 0.999959 -0.006399 -0.006399
vn 0.707314 -0.504349 0.495316
vn 0.999959 -0.007179 -0.005509
vn 0.707314 -0.504349 0.495316
vn 0.707314 -0.435383 0.556910
vn 0.707314 -0.435383 0.556910
vn 0.707314 -0.504349 0.495316
vn 0.000000 -0.707107 0.707107
vn 0.707314 -0.435383 0.556910
vn 0.000000 -0.707107 0.707107
vn 0.000000 -0.608761 0.793353
vn 0.000000 -0.608761 0.793353
vn 0.000000 -0.707107 0.707107
vn -0.707314 -0.495316 0.504349
vn 0.000000 -0.608761 0.793353
vn -0.707314 -0.495316 0.504349
vn -0.707314 -0.425248 0.564686
vn -0.707314 -0.425248 0.564686
vn -0.707314 -0.495316 0.504349
vn -0.999959 0.006399 0.006399
vn -0.707314 -0.425248 0.564686
vn -0.999959 0.006399 0.006399
vn -0.999959 0.007179 0.005509
vn -0.999959 0.007179 0.005509
vn -0.999959 0.006399 0.006399
vn -0.707314 0.504349 -0.495316
vn -0.999959 0.007179 0.005509
vn -0.707314 0.504349 -0.495316
vn -0.707314 0.435383 -0.556910
vn -0.707314 0.435383 -0.556910
vn -0.707314 0.504349 -0.495316
vn 0.000000 0.707107 -0.707107
vn -0.707314 0.435383 -0.556910
vn 0.000000 0.707107 -0.707107
vn 0.000000 0.608761 -0.793353
vn 0.000000 0.707107 -0.707107
vn 0.000000 0.793353 -0.608761
vn 0.707314 0.556910 -0.435383
vn 0.000000 0.707107 -0.707107
vn 0.707314 0.556910 -0.435383
vn 0.707314 0.495316 -0.504349
vn 0.707314 0.495316 -0.504349
vn 0.707314 0.556910 -0.435383
vn 0.999959 -0.005509 -0.007179
vn 0.707314 0.495316 -0.504349
vn 0.999959 -0.005509 -0.007179
vn 0.999959 -0.006399 -0.006399
vn 0.999959 -0.006399 -0.006399
vn 0.999959 -0.005509 -0.007179
vn 0.707314 -0.564686 0.425248
vn 0.999959 -0.006399 -0.006399
vn 0.707314 -0.564686 0.425248
vn 0.707314 -0.504349 0.495316
vn 0.707314 -0.504349 0.495316
vn 0.707314 -0.564686 0.425248
vn 0.000000 -0.793353 0.608761
vn 0.707314 -0.504349 0.495316
vn 0.000000 -0.793353 0.608761
vn 0.000000 -0.707107 0.707107
vn 0.000000 -0.707107 0.707107
vn 0.000000 -0.793353 0.608761
vn -0.707314 -0.556910 0.435383
vn 0.000000 -0.707107 0.707107
vn -0.707314 -0.556910 0.435383
vn -0.707314 -0.495316 0.504349
vn -0.707314 -0.495316 0.504349
vn -0.707314 -0.556910 0.435383
vn -0.999959 0.005509 0.007179
vn -0.707314 -0.495316 0.504349
vn -0.999959 0.005509 0.007179
vn -0.999959 0.006399 0.006399
vn -0.999959 0.006399 0.006399
vn -0.999959 0.005509 0.007179
vn -0.707314 0.564686 -0.425248
vn -0.999959 0.006399 0.006399
vn -0.707314 0.564686 -0.425248
vn -0.707314 0.504349 -0.495316
vn -0.707314 0.504349 -0.495316
vn -0.707314 0.564686 -0.425248
vn 0.000000 0.793353 -0.608761
vn -0.707314 0.504349 -0.495316
vn 0.000000 0.793353 -0.608761
vn 0.000000 0.707107 -0.707107
vn 0.000000 0.793353 -0.608761
vn 0.000000 0.866025 -0.500000
vn 0.707314 0.608974 -0.358967
vn 0.000000 0.793353 -0.608761
vn 0.707314 0.608974 -0.358967
vn 0.707314 0.556910 -0.435383
vn 0.707314 0.556910 -0.435383
vn 0.707314 0.608974 -0.358967
vn 0.999959 -0.004525 -0.007837
vn 0.707314 0.556910 -0.435383
vn 0.999959 -0.004525 -0.007837
vn 0.999959 -0.005509 -0.007179
vn 0.999959 -0.005509 -0.007179
vn 0.999959 -0.004525 -0.007837
vn 0.707314 -0.615361 0.347904
vn 0.999959 -0.005509 -0.007179
vn 0.707314 -0.615361 0.347904
vn 0.707314 -0.564686 0.425248
vn 0.707314 -0.564686 0.425248
vn 0.707314 -0.615361 0.347904
vn 0.000000 -0.866025 0.500000
vn 0.707314 -0.564686 0.425248
vn 0.000000 -0.866025 0.500000
vn 0.000000 -0.793353 0.608761
vn 0.000000 -0.793353 0.608761
vn 0.000000 -0.866025 0.500000
vn -0.707314 -0.608974 0.358967
vn 0.000000 -0.793353 0.608761
vn -0.707314 -0.608974 0.358967
vn -0.707314 -0.556910 0.435383
vn -0.707314 -0.556910 0.435383
vn -0.707314 -0.608974 0.358967
vn -0.999959 0.004525 0.007837
vn -0.707314 -0.556910 0.435383
vn -0.999959 0.004525 0.007837
vn -0.999959 0.005509 0.007179
vn -0.999959 0.005509 0.007179
vn -0.999959 0.004525 0.007837
vn -0.707314 0.615361 -0.347904
vn -0.999959 0.005509 0.007179
vn -0.707314 0.615361 -0.347904
vn -0.707314 0.564686 -0.425248
vn -0.707314 0.564686 -0.425248
vn -0.707314 0.615361 -0.347904
vn 0.000000 0.866025 -0.500000
vn -0.707314 0.564686 -0.425248
vn 0.000000 0.866025 -0.500000
vn 0.000000 0.793353 -0.608761
vn 0.000000 0.866025 -0.500000
vn 0.000000 0.923880 -0.382683
vn 0.707314 0.650619 -0.276409
vn 0.000000 0.866025 -0.500000
vn 0.707314 0.650619 -0.276409
vn 0.707314 0.608974 -0.358967
vn 0.707314 0.608974 -0.358967
vn 0.707314 0.650619 -0.276409
vn 0.999959 -0.003463 -0.008360
vn 0.707314 0.608974 -0.358967
vn 0.999959 -0.003463 -0.008360
vn 0.999959 -0.004525 -0.007837
vn 0.999959 -0.004525 -0.007837
vn 0.999959 -0.003463 -0.008360
vn 0.707314 -0.655507 0.264607
vn 0.999959 -0.004525 -0.007837
vn 0.707314 -0.655507 0.264607
vn 0.707314 -0.615361 0.347904
vn 0.707314 -0.615361 0.347904
vn 0.707314 -0.655507 0.264607
vn 0.000000 -0.923880 0.382683
vn 0.707314 -0.615361 0.347904
vn 0.000000 -0.923880 0.382683
vn 0.000000 -0.866025 0.500000
vn 0.000000 -0.866025 0.500000
vn 0.000000 -0.923880 0.382683
vn -0.707314 -0.650619 0.276409
vn 0.000000 -0.866025 0.500000
vn -0.707314 -0.650619 0.276409
vn -0.707314 -0.608974 0.358967
vn -0.707314 -0.608974 0.358967
vn -0.707314 -0.650619 0.276409
vn -0.999959 0.003463 0.008360
vn -0.707314 -0.608974 0.358967
vn -0.999959 0.003463 0.008360
vn -0.999959 0.004525 0.007837
vn -0.999959 0.004525 0.007837
vn -0.999959 0.003463 0.008360
vn -0.707314 0.655507 -0.264607
vn -0.999959 0.004525 0.007837
vn -0.707314 0.655507 -0.264607
vn -0.707314 0.615361 -0.347904
vn -0.707314 0.615361 -0.347904
vn -0.707314 0.655507 -0.264607
vn 0.000000 0.923880 -0.382683
vn -0.707314 0.615361 -0.347904
vn 0.000000 0.923880 -0.382683
vn 0.000000 0.866025 -0.500000
vn 0.000000 0.923880 -0.382683
vn 0.000000 0.965926 -0.258819
vn 0.707314 0.681131 -0.189121
vn 0.000000 0.923880 -0.382683
vn 0.707314 0.681131 -0.189121
vn 0.707314 0.650619 -0.276409
vn 0.707314 0.650619 -0.276409
vn 0.707314 0.681131 -0.189121
vn 0.999959 -0.002342 -0.008741
vn 0.707314 0.650619 -0.276409
vn 0.999959 -0.002342 -0.008741
vn 0.999959 -0.003463 -0.008360
vn 0.999959 -0.003463 -0.008360
vn 0.999959 -0.002342 -0.008741
vn 0.707314 -0.684437 0.176782
vn 0.999959 -0.003463 -0.008360
vn 0.707314 -0.684437 0.176782
vn 0.707314 -0.655507 0.264607
vn 0.707314 -0.655507 0.264607
vn 0.707314 -0.684437 0.176782
vn 0.000000 -0.965926 0.258819
vn 0.707314 -0.655507 0.264607
vn 0.000000 -0.965926 0.258819
vn 0.000000 -0.923880 0.382683
vn 0.000000 -0.923880 0.382683
vn 0.000000 -0.965926 0.258819
vn -0.707314 -0.681131 0.189121
vn 0.000000 -0.923880 0.382683
vn -0.707314 -0.681131 0.189121
vn -0.707314 -0.650619 0.276409
vn -0.707314 -0.650619 0.276409
vn -0.707314 -0.681131 0.189121
vn -0.999959 0.002342 0.008741
vn -0.707314 -0.650619 0.276409
vn -0.999959 0.002342 0.008741
vn -0.999959 0.003463 0.008360
vn -0.999959 0.003463 0.008360
vn -0.999959 0.002342 0.008741
vn -0.707314 0.684437 -0.176782
vn -0.999959 0.003463 0.008360
vn -0.707314 0.684437 -0.176782
vn -0.707314 0.655507 -0.264607
vn -0.707314 0.655507 -0.264607
vn -0.707314 0.684437 -0.176782
vn 0.000000 0.965926 -0.258819
vn -0.707314 0.655507 -0.264607
vn 0.000000 0.965926 -0.258819
vn 0.000000 0.923880 -0.382683
vn 0.000000 0.965926 -0.258819
vn 0.000000 0.991445 -0.130526
vn 0.707314 0.699989 -0.098598
vn 0.000000 0.965926 -0.258819
vn 0.707314 0.699989 -0.098598
vn 0.707314 0.681131 -0.189121
vn 0.707314 0.681131 -0.189121
vn 0.707314 0.699989 -0.098598
vn 0.999959 -0.001181 -0.008972
vn 0.707314 0.681131 -0.189121
vn 0.999959 -0.001181 -0.008972
vn 0.999959 -0.002342 -0.008741
vn 0.999959 -0.002342 -0.008741
vn 0.999959 -0.001181 -0.008972
vn 0.707314 -0.701657 0.085933
vn 0.999959 -0.002342 -0.008741
vn 0.707314 -0.701657 0.085933
vn 0.707314 -0.684437 0.176782
vn 0.707314 -0.684437 0.176782
vn 0.707314 -0.701657 0.085933
vn 0.000000 -0.991445 0.130526
vn 0.707314 -0.684437 0.176782
vn 0.000000 -0.991445 0.130526
vn 0.000000 -0.965926 0.258819
vn 0.000000 -0.965926 0.258819
vn 0.000000 -0.991445 0.130526
vn -0.707314 -0.699989 0.098598
vn 0.000000 -0.965926 0.258819
vn -0.707314 -0.699989 0.098598
vn -0.707314 -0.681131 0.189121
vn -0.707314 -0.681131 0.189121
vn -0.707314 -0.699989 0.098598
vn -0.999959 0.001181 0.008972
vn -0.707314 -0.681131 0.189121
vn -0.999959 0.001181 0.008972
vn -0.999959 0.002342 0.008741
vn -0.999959 0.002342 0.008741
vn -0.999959 0.001181 0.008972
vn -0.707314 0.701657 -0.085933
vn -0.999959 0.002342 0.008741
vn -0.707314 0.701657 -0.085933
vn -0.707314 0.684437 -0.176782
vn -0.707314 0.684437 -0.176782
vn -0.707314 0.701657 -0.085933
vn 0.000000 0.991445 -0.130526
vn -0.707314 0.684437 -0.176782
vn 0.000000 0.991445 -0.130526
vn 0.000000 0.965926 -0.258819
vn 0.000000 0.991445 -0.130526
vn 0.000000 1.000000 0.000000
vn 0.707314 0.706870 -0.006387
vn 0.000000 0.991445 -0.130526
vn 0.707314 0.706870 -0.006387
vn 0.707314 0.699989 -0.098598
vn 0.707314 0.699989 -0.098598
vn 0.707314 0.706870 -0.006387
vn 0.999959 0.000000 -0.009049
vn 0.707314 0.699989 -0.098598
vn 0.999959 0.000000 -0.009049
vn 0.999959 -0.001181 -0.008972
vn 0.999959 -0.001181 -0.008972
vn 0.999959 0.000000 -0.009049
vn 0.707314 -0.706870 -0.006387
vn 0.999959 -0.001181 -0.008972
vn 0.707314 -0.706870 -0.006387
vn 0.707314 -0.701657 0.085933
vn 0.707314 -0.701657 0.085933
vn 0.707314 -0.706870 -0.006387
vn 0.000000 -1.000000 0.000000
vn 0.707314 -0.701657 0.085933
vn 0.000000 -1.000000 0.000000
vn 0.000000 -0.991445 0.130526
vn 0.000000 -0.991445 0.130526
vn 0.000000 -1.000000 0.000000
vn -0.707314 -0.706870 0.006387
vn 0.000000 -0.991445 0.130526
vn -0.707314 -0.706870 0.006387
vn -0.707314 -0.699989 0.098598
vn -0.707314 -0.699989 0.098598
vn -0.707314 -0.706870 0.006387
vn -0.999959 0.000000 0.009049
vn -0.707314 -0.699989 0.098598
vn -0.999959 0.000000 0.009049
vn -0.999959 0.001181 0.008972
vn -0.999959 0.001181 0.008972
vn -0.999959 0.000000 0.009049
vn -0.707314 0.706870 0.006387
vn -0.999959 0.001181 0.008972
vn -0.707314 0.706870 0.006387
vn -0.707314 0.701657 -0.085933
vn -0.707314 0.701657 -0.085933
vn -0.707314 0.706870 0.006387
vn 0.000000 1.000000 0.000000
vn -0.707314 0.701657 -0.085933
vn 0.000000 1.000000 0.000000
vn 0.000000 0.991445 -0.130526
usemtl M_Violet
f 1/1/1 9/2/2 10/3/3
f 1/1/4 10/2/5 2/3/6
f 2/1/7 10/2/8 11/3/9
f 2/1/10 11/2/11 3/3/12
f 3/1/13 11/2/14 12/3/15
f 3/1/16 12/2/17 4/3/18
f 4/1/19 12/2/20 13/3/21
f 4/1/22 13/2/23 5/3/24
f 5/1/25 13/2/26 14/3/27
f 5/1/28 14/2/29 6/3/30
f 6/1/31 14/2/32 15/3/33
f 6/1/34 15/2/35 7/3/36
f 7/1/37 15/2/38 16/3/39
f 7/1/40 16/2/41 8/3/42
f 8/1/43 16/2/44 9/3/45
f 8/1/46 9/2/47 1/3/48
f 9/1/49 17/2/50 18/3/51
f 9/1/52 18/2/53 10/3/54
f 10/1/55 18/2/56 19/3/57
f 10/1/58 19/2/59 11/3/60
f 11/1/61 19/2/62 20/3/63
f 11/1/64 20/2/65 12/3/66
f 12/1/67 20/2/68 21/3/69
f 12/1/70 21/2/71 13/3/72
f 13/1/73 21/2/74 22/3/75
f 13/1/76 22/2/77 14/3/78
f 14/1/79 22/2/80 23/3/81
f 14/1/82 23/2/83 15/3/84
f 15/1/85 23/2/86 24/3/87
f 15/1/88 24/2/89 16/3/90
f 16/1/91 24/2/92 17/3/93
f 16/1/94 17/2/95 9/3/96
f 17/1/97 25/2/98 26/3/99
f 17/1/100 26/2/101 18/3/102
f 18/1/103 26/2/104 27/3/105
f 18/1/106 27/2/107 19/3/108
f 19/1/109 27/2/110 28/3/111
f 19/1/112 28/2/113 20/3/114
f 20/1/115 28/2/116 29/3/117
f 20/1/118 29/2/119 21/3/120
f 21/1/121 29/2/122 30/3/123
f 21/1/124 30/2/125 22/3/126
f 22/1/127 30/2/128 31/3/129
f 22/1/130 31/2/131 23/3/132
f 23/1/133 31/2/134 32/3/135
f 23/1/136 32/2/137 24/3/138
f 24/1/139 32/2/140 25/3/141
f 24/1/142 25/2/143 17/3/144
f 25/1/145 33/2/146 34/3/147
f 25/1/148 34/2/149 26/3/150
f 26/1/151 34/2/152 35/3/153
f 26/1/154 35/2/155 27/3/156
f 27/1/157 35/2/158 36/3/159
f 27/1/160 36/2/161 28/3/162
f 28/1/163 36/2/164 37/3/165
f 28/1/166 37/2/167 29/3/168
f 29/1/169 37/2/170 38/3/171
f 29/1/172 38/2/173 30/3/174
f 30/1/175 38/2/176 39/3/177
f 30/1/178 39/2/179 31/3/180
f 31/1/181 39/2/182 40/3/183
f 31/1/184 40/2/185 32/3/186
f 32/1/187 40/2/188 33/3/189
f 32/1/190 33/2/191 25/3/192
f 33/1/193 41/2/194 42/3/195
f 33/1/196 42/2/197 34/3/198
f 34/1/199 42/2/200 43/3/201
f 34/1/202 43/2/203 35/3/204
f 35/1/205 43/2/206 44/3/207
f 35/1/208 44/2/209 36/3/210
f 36/1/211 44/2/212 45/3/213
f 36/1/214 45/2/215 37/3/216
f 37/1/217 45/2/218 46/3/219
f 37/1/220 46/2/221 38/3/222
f 38/1/223 46/2/224 47/3/225
f 38/1/226 47/2/227 39/3/228
f 39/1/229 47/2/230 48/3/231
f 39/1/232 48/2/233 40/3/234
f 40/1/235 48/2/236 41/3/237
f 40/1/238 41/2/239 33/3/240
f 41/1/241 49/2/242 50/3/243
f 41/1/244 50/2/245 42/3/246
f 42/1/247 50/2/248 51/3/249
f 42/1/250 51/2/251 43/3/252
f 43/1/253 51/2/254 52/3/255
f 43/1/256 52/2/257 44/3/258
f 44/1/259 52/2/260 53/3/261
f 44/1/262 53/2/263 45/3/264
f 45/1/265 53/2/266 54/3/267
f 45/1/268 54/2/269 46/3/270
f 46/1/271 54/2/272 55/3/273
f 46/1/274 55/2/275 47/3/276
f 47/1/277 55/2/278 56/3/279
f 47/1/280 56/2/281 48/3/282
f 48/1/283 56/2/284 49/3/285
f 48/1/286 49/2/287 41/3/288
f 49/1/289 57/2/290 58/3/291
f 49/1/292 58/2/293 50/3/294
f 50/1/295 58/2/296 59/3/297
f 50/1/298 59/2/299 51/3/300
f 51/1/301 59/2/302 60/3/303
f 51/1/304 60/2/305 52/3/306
f 52/1/307 60/2/308 61/3/309
f 52/1/310 61/2/311 53/3/312
f 53/1/313 61/2/314 62/3/315
f 53/1/316 62/2/317 54/3/318
f 54/1/319 62/2/320 63/3/321
f 54/1/322 63/2/323 55/3/324
f 55/1/325 63/2/326 64/3/327
f 55/1/328 64/2/329 56/3/330
f 56/1/331 64/2/332 57/3/333
f 56/1/334 57/2/335 49/3/336
f 57/1/337 65/2/338 66/3/339
f 57/1/340 66/2/341 58/3/342
f 58/1/343 66/2/344 67/3/345
f 58/1/346 67/2/347 59/3/348
f 59/1/349 67/2/350 68/3/351
f 59/1/352 68/2/353 60/3/354
f 60/1/355 68/2/356 69/3/357
f 60/1/358 69/2/359 61/3/360
f 61/1/361 69/2/362 70/3/363
f 61/1/364 70/2/365 62/3/366
f 62/1/367 70/2/368 71/3/369
f 62/1/370 71/2/371 63/3/372
f 63/1/373 71/2/374 72/3/375
f 63/1/376 72/2/377 64/3/378
f 64/1/379 72/2/380 65/3/381
f 64/1/382 65/2/383 57/3/384
f 65/1/385 73/2/386 74/3/387
f 65/1/388 74/2/389 66/3/390
f 66/1/391 74/2/392 75/3/393
f 66/1/394 75/2/395 67/3/396
f 67/1/397 75/2/398 76/3/399
f 67/1/400 76/2/401 68/3/402
f 68/1/403 76/2/404 77/3/405
f 68/1/406 77/2/407 69/3/408
f 69/1/409 77/2/410 78/3/411
f 69/1/412 78/2/413 70/3/414
f 70/1/415 78/2/416 79/3/417
f 70/1/418 79/2/419 71/3/420
f 71/1/421 79/2/422 80/3/423
f 71/1/424 80/2/425 72/3/426
f 72/1/427 80/2/428 73/3/429
f 72/1/430 73/2/431 65/3/432
f 73/1/433 81/2/434 82/3/435
f 73/1/436 82/2/437 74/3/438
f 74/1/439 82/2/440 83/3/441
f 74/1/442 83/2/443 75/3/444
f 75/1/445 83/2/446 84/3/447
f 75/1/448 84/2/449 76/3/450
f 76/1/451 84/2/452 85/3/453
f 76/1/454 85/2/455 77/3/456
f 77/1/457 85/2/458 86/3/459
f 77/1/460 86/2/461 78/3/462
f 78/1/463 86/2/464 87/3/465
f 78/1/466 87/2/467 79/3/468
f 79/1/469 87/2/470 88/3/471
f 79/1/472 88/2/473 80/3/474
f 80/1/475 88/2/476 81/3/477
f 80/1/478 81/2/479 73/3/480
f 81/1/481 89/2/482 90/3/483
f 81/1/484 90/2/485 82/3/486
f 82/1/487 90/2/488 91/3/489
f 82/1/490 91/2/491 83/3/492
f 83/1/493 91/2/494 92/3/495
f 83/1/496 92/2/497 84/3/498
f 84/1/499 92/2/500 93/3/501
f 84/1/502 93/2/503 85/3/504
f 85/1/505 93/2/506 94/3/507
f 85/1/508 94/2/509 86/3/510
f 86/1/511 94/2/512 95/3/513
f 86/1/514 95/2/515 87/3/516
f 87/1/517 95/2/518 96/3/519
f 87/1/520 96/2/521 88/3/522
f 88/1/523 96/2/524 89/3/525
f 88/1/526 89/2/527 81/3/528
f 89/1/529 97/2/530 98/3/531
f 89/1/532 98/2/533 90/3/534
f 90/1/535 98/2/536 99/3/537
f 90/1/538 99/2/539 91/3/540
f 91/1/541 99/2/542 100/3/543
f 91/1/544 100/2/545 92/3/546
f 92/1/547 100/2/548 101/3/549
f 92/1/550 101/2/551 93/3/552
f 93/1/553 101/2/554 102/3/555
f 93/1/556 102/2/557 94/3/558
f 94/1/559 102/2/560 103/3/561
f 94/1/562 103/2/563 95/3/564
f 95/1/565 103/2/566 104/3/567
f 95/1/568 104/2/569 96/3/570
f 96/1/571 104/2/572 97/3/573
f 96/1/574 97/2/575 89/3/576
f 97/1/577 105/2/578 106/3/579
f 97/1/580 106/2/581 98/3/582
f 98/1/583 106/2/584 107/3/585
f 98/1/586 107/2/587 99/3/588
f 99/1/589 107/2/590 108/3/591
f 99/1/592 108/2/593 100/3/594
f 100/1/595 108/2/596 109/3/597
f 100/1/598 109/2/599 101/3/600
f 101/1/601 109/2/602 110/3/603
f 101/1/604 110/2/605 102/3/606
f 102/1/607 110/2/608 111/3/609
f 102/1/610 111/2/611 103/3/612
f 103/1/613 111/2/614 112/3/615
f 103/1/616 112/2/617 104/3/618
f 104/1/619 112/2/620 105/3/621
f 104/1/622 105/2/623 97/3/624
f 105/1/625 113/2/626 114/3/627
f 105/1/628 114/2/629 106/3/630
f 106/1/631 114/2/632 115/3/633
f 106/1/634 115/2/635 107/3/636
f 107/1/637 115/2/638 116/3/639
f 107/1/640 116/2/641 108/3/642
f 108/1/643 116/2/644 117/3/645
f 108/1/646 117/2/647 109/3/648
f 109/1/649 117/2/650 118/3/651
f 109/1/652 118/2/653 110/3/654
f 110/1/655 118/2/656 119/3/657
f 110/1/658 119/2/659 111/3/660
f 111/1/661 119/2/662 120/3/663
f 111/1/664 120/2/665 112/3/666
f 112/1/667 120/2/668 113/3/669
f 112/1/670 113/2/671 105/3/672
f 113/1/673 121/2/674 122/3/675
f 113/1/676 122/2/677 114/3/678
f 114/1/679 122/2/680 123/3/681
f 114/1/682 123/2/683 115/3/684
f 115/1/685 123/2/686 124/3/687
f 115/1/688 124/2/689 116/3/690
f 116/1/691 124/2/692 125/3/693
f 116/1/694 125/2/695 117/3/696
f 117/1/697 125/2/698 126/3/699
f 117/1/700 126/2/701 118/3/702
f 118/1/703 126/2/704 127/3/705
f 118/1/706 127/2/707 119/3/708
f 119/1/709 127/2/710 128/3/711
f 119/1/712 128/2/713 120/3/714
f 120/1/715 128/2/716 121/3/717
f 120/1/718 121/2/719 113/3/720
f 121/1/721 129/2/722 130/3/723
f 121/1/724 130/2/725 122/3/726
f 122/1/727 130/2/728 131/3/729
f 122/1/730 131/2/731 123/3/732
f 123/1/733 131/2/734 132/3/735
f 123/1/736 132/2/737 124/3/738
f 124/1/739 132/2/740 133/3/741
f 124/1/742 133/2/743 125/3/744
f 125/1/745 133/2/746 134/3/747
f 125/1/748 134/2/749 126/3/750
f 126/1/751 134/2/752 135/3/753
f 126/1/754 135/2/755 127/3/756
f 127/1/757 135/2/758 136/3/759
f 127/1/760 136/2/761 128/3/762
f 128/1/763 136/2/764 129/3/765
f 128/1/766 129/2/767 121/3/768
f 129/1/769 137/2/770 138/3/771
f 129/1/772 138/2/773 130/3/774
f 130/1/775 138/2/776 139/3/777
f 130/1/778 139/2/779 131/3/780
f 131/1/781 139/2/782 140/3/783
f 131/1/784 140/2/785 132/3/786
f 132/1/787 140/2/788 141/3/789
f 132/1/790 141/2/791 133/3/792
f 133/1/793 141/2/794 142/3/795
f 133/1/796 142/2/797 134/3/798
f 134/1/799 142/2/800 143/3/801
f 134/1/802 143/2/803 135/3/804
f 135/1/805 143/2/806 144/3/807
f 135/1/808 144/2/809 136/3/810
f 136/1/811 144/2/812 137/3/813
f 136/1/814 137/2/815 129/3/816
f 137/1/817 145/2/818 146/3/819
f 137/1/820 146/2/821 138/3/822
f 138/1/823 146/2/824 147/3/825
f 138/1/826 147/2/827 139/3/828
f 139/1/829 147/2/830 148/3/831
f 139/1/832 148/2/833 140/3/834
f 140/1/835 148/2/836 149/3/837
f 140/1/838 149/2/839 141/3/840
f 141/1/841 149/2/842 150/3/843
f 141/1/844 150/2/845 142/3/846
f 142/1/847 150/2/848 151/3/849
f 142/1/850 151/2/851 143/3/852
f 143/1/853 151/2/854 152/3/855
f 143/1/856 152/2/857 144/3/858
f 144/1/859 152/2/860 145/3/861
f 144/1/862 145/2/863 137/3/864
f 145/1/865 153/2/866 154/3/867
f 145/1/868 154/2/869 146/3/870
f 146/1/871 154/2/872 155/3/873
f 146/1/874 155/2/875 147/3/876
f 147/1/877 155/2/878 156/3/879
f 147/1/880 156/2/881 148/3/882
f 148/1/883 156/2/884 157/3/885
f 148/1/886 157/2/887 149/3/888
f 149/1/889 157/2/890 158/3/891
f 149/1/892 158/2/893 150/3/894
f 150/1/895 158/2/896 159/3/897
f 150/1/898 159/2/899 151/3/900
f 151/1/901 159/2/902 160/3/903
f 151/1/904 160/2/905 152/3/906
f 152/1/907 160/2/908 153/3/909
f 152/1/910 153/2/911 145/3/912
f 153/1/913 161/2/914 162/3/915
f 153/1/916 162/2/917 154/3/918
f 154/1/919 162/2/920 163/3/921
f 154/1/922 163/2/923 155/3/924
f 155/1/925 163/2/926 164/3/927
f 155/1/928 164/2/929 156/3/930
f 156/1/931 164/2/932 165/3/933
f 156/1/934 165/2/935 157/3/936
f 157/1/937 165/2/938 166/3/939
f 157/1/940 166/2/941 158/3/942
f 158/1/943 166/2/944 167/3/945
f 158/1/946 167/2/947 159/3/948
f 159/1/949 167/2/950 168/3/951
f 159/1/952 168/2/953 160/3/954
f 160/1/955 168/2/956 161/3/957
f 160/1/958 161/2/959 153/3/960
f 161/1/961 169/2/962 170/3/963
f 161/1/964 170/2/965 162/3/966
f 162/1/967 170/2/968 171/3/969
f 162/1/970 171/2/971 163/3/972
f 163/1/973 171/2/974 172/3/975
f 163/1/976 172/2/977 164/3/978
f 164/1/979 172/2/980 173/3/981
f 164/1/982 173/2/983 165/3/984
f 165/1/985 173/2/986 174/3/987
f 165/1/988 174/2/989 166/3/990
f 166/1/991 174/2/992 175/3/993
f 166/1/994 175/2/995 167/3/996
f 167/1/997 175/2/998 176/3/999
f 167/1/1000 176/2/1001 168/3/1002
f 168/1/1003 176/2/1004 169/3/1005
f 168/1/1006 169/2/1007 161/3/1008
f 169/1/1009 177/2/1010 178/3/1011
f 169/1/1012 178/2/1013 170/3/1014
f 170/1/1015 178/2/1016 179/3/1017
f 170/1/1018 179/2/1019 171/3/1020
f 171/1/1021 179/2/1022 180/3/1023
f 171/1/1024 180/2/1025 172/3/1026
f 172/1/1027 180/2/1028 181/3/1029
f 172/1/1030 181/2/1031 173/3/1032
f 173/1/1033 181/2/1034 182/3/1035
f 173/1/1036 182/2/1037 174/3/1038
f 174/1/1039 182/2/1040 183/3/1041
f 174/1/1042 183/2/1043 175/3/1044
f 175/1/1045 183/2/1046 184/3/1047
f 175/1/1048 184/2/1049 176/3/1050
f 176/1/1051 184/2/1052 177/3/1053
f 176/1/1054 177/2/1055 169/3/1056
f 177/1/1057 185/2/1058 186/3/1059
f 177/1/1060 186/2/1061 178/3/1062
f 178/1/1063 186/2/1064 187/3/1065
f 178/1/1066 187/2/1067 179/3/1068
f 179/1/1069 187/2/1070 188/3/1071
f 179/1/1072 188/2/1073 180/3/1074
f 180/1/1075 188/2/1076 189/3/1077
f 180/1/1078 189/2/1079 181/3/1080
f 181/1/1081 189/2/1082 190/3/1083
f 181/1/1084 190/2/1085 182/3/1086
f 182/1/1087 190/2/1088 191/3/1089
f 182/1/1090 191/2/1091 183/3/1092
f 183/1/1093 191/2/1094 192/3/1095
f 183/1/1096 192/2/1097 184/3/1098
f 184/1/1099 192/2/1100 185/3/1101
f 184/1/1102 185/2/1103 177/3/1104
f 185/1/1105 193/2/1106 194/3/1107
f 185/1/1108 194/2/1109 186/3/1110
f 186/1/1111 194/2/1112 195/3/1113
f 186/1/1114 195/2/1115 187/3/1116
f 187/1/1117 195/2/1118 196/3/1119
f 187/1/1120 196/2/1121 188/3/1122
f 188/1/1123 196/2/1124 197/3/1125
f 188/1/1126 197/2/1127 189/3/1128
f 189/1/1129 197/2/1130 198/3/1131
f 189/1/1132 198/2/1133 190/3/1134
f 190/1/1135 198/2/1136 199/3/1137
f 190/1/1138 199/2/1139 191/3/1140
f 191/1/1141 199/2/1142 200/3/1143
f 191/1/1144 200/2/1145 192/3/1146
f 192/1/1147 200/2/1148 193/3/1149
f 192/1/1150 193/2/1151 185/3/1152
f 193/1/1153 201/2/1154 202/3/1155
f 193/1/1156 202/2/1157 194/3/1158
f 194/1/1159 202/2/1160 203/3/1161
f 194/1/1162 203/2/1163 195/3/1164
f 195/1/1165 203/2/1166 204/3/1167
f 195/1/1168 204/2/1169 196/3/1170
f 196/1/1171 204/2/1172 205/3/1173
f 196/1/1174 205/2/1175 197/3/1176
f 197/1/1177 205/2/1178 206/3/1179
f 197/1/1180 206/2/1181 198/3/1182
f 198/1/1183 206/2/1184 207/3/1185
f 198/1/1186 207/2/1187 199/3/1188
f 199/1/1189 207/2/1190 208/3/1191
f 199/1/1192 208/2/1193 200/3/1194
f 200/1/1195 208/2/1196 201/3/1197
f 200/1/1198 201/2/1199 193/3/1200
f 201/1/1201 209/2/1202 210/3/1203
f 201/1/1204 210/2/1205 202/3/1206
f 202/1/1207 210/2/1208 211/3/1209
f 202/1/1210 211/2/1211 203/3/1212
f 203/1/1213 211/2/1214 212/3/1215
f 203/1/1216 212/2/1217 204/3/1218
f 204/1/1219 212/2/1220 213/3/1221
f 204/1/1222 213/2/1223 205/3/1224
f 205/1/1225 213/2/1226 214/3/1227
f 205/1/1228 214/2/1229 206/3/1230
f 206/1/1231 214/2/1232 215/3/1233
f 206/1/1234 215/2/1235 207/3/1236
f 207/1/1237 215/2/1238 216/3/1239
f 207/1/1240 216/2/1241 208/3/1242
f 208/1/1243 216/2/1244 209/3/1245
f 208/1/1246 209/2/1247 201/3/1248
f 209/1/1249 217/2/1250 218/3/1251
f 209/1/1252 218/2/1253 210/3/1254
f 210/1/1255 218/2/1256 219/3/1257
f 210/1/1258 219/2/1259 211/3/1260
f 211/1/1261 219/2/1262 220/3/1263
f 211/1/1264 220/2/1265 212/3/1266
f 212/1/1267 220/2/1268 221/3/1269
f 212/1/1270 221/2/1271 213/3/1272
f 213/1/1273 221/2/1274 222/3/1275
f 213/1/1276 222/2/1277 214/3/1278
f 214/1/1279 222/2/1280 223/3/1281
f 214/1/1282 223/2/1283 215/3/1284
f 215/1/1285 223/2/1286 224/3/1287
f 215/1/1288 224/2/1289 216/3/1290
f 216/1/1291 224/2/1292 217/3/1293
f 216/1/1294 217/2/1295 209/3/1296
f 217/1/1297 225/2/1298 226/3/1299
f 217/1/1300 226/2/1301 218/3/1302
f 218/1/1303 226/2/1304 227/3/1305
f 218/1/1306 227/2/1307 219/3/1308
f 219/1/1309 227/2/1310 228/3/1311
f 219/1/1312 228/2/1313 220/3/1314
f 220/1/1315 228/2/1316 229/3/1317
f 220/1/1318 229/2/1319 221/3/1320
f 221/1/1321 229/2/1322 230/3/1323
f 221/1/1324 230/2/1325 222/3/1326
f 222/1/1327 230/2/1328 231/3/1329
f 222/1/1330 231/2/1331 223/3/1332
f 223/1/1333 231/2/1334 232/3/1335
f 223/1/1336 232/2/1337 224/3/1338
f 224/1/1339 232/2/1340 225/3/1341
f 224/1/1342 225/2/1343 217/3/1344
f 225/1/1345 233/2/1346 234/3/1347
f 225/1/1348 234/2/1349 226/3/1350
f 226/1/1351 234/2/1352 235/3/1353
f 226/1/1354 235/2/1355 227/3/1356
f 227/1/1357 235/2/1358 236/3/1359
f 227/1/1360 236/2/1361 228/3/1362
f 228/1/1363 236/2/1364 237/3/1365
f 228/1/1366 237/2/1367 229/3/1368
f 229/1/1369 237/2/1370 238/3/1371
f 229/1/1372 238/2/1373 230/3/1374
f 230/1/1375 238/2/1376 239/3/1377
f 230/1/1378 239/2/1379 231/3/1380
f 231/1/1381 239/2/1382 240/3/1383
f 231/1/1384 240/2/1385 232/3/1386
f 232/1/1387 240/2/1388 233/3/1389
f 232/1/1390 233/2/1391 225/3/1392
f 233/1/1393 241/2/1394 242/3/1395
f 233/1/1396 242/2/1397 234/3/1398
f 234/1/1399 242/2/1400 243/3/1401
f 234/1/1402 243/2/1403 235/3/1404
f 235/1/1405 243/2/1406 244/3/1407
f 235/1/1408 244/2/1409 236/3/1410
f 236/1/1411 244/2/1412 245/3/1413
f 236/1/1414 245/2/1415 237/3/1416
f 237/1/1417 245/2/1418 246/3/1419
f 237/1/1420 246/2/1421 238/3/1422
f 238/1/1423 246/2/1424 247/3/1425
f 238/1/1426 247/2/1427 239/3/1428
f 239/1/1429 247/2/1430 248/3/1431
f 239/1/1432 248/2/1433 240/3/1434
f 240/1/1435 248/2/1436 241/3/1437
f 240/1/1438 241/2/1439 233/3/1440
f 241/1/1441 249/2/1442 250/3/1443
f 241/1/1444 250/2/1445 242/3/1446
f 242/1/1447 250/2/1448 251/3/1449
f 242/1/1450 251/2/1451 243/3/1452
f 243/1/1453 251/2/1454 252/3/1455
f 243/1/1456 252/2/1457 244/3/1458
f 244/1/1459 252/2/1460 253/3/1461
f 244/1/1462 253/2/1463 245/3/1464
f 245/1/1465 253/2/1466 254/3/1467
f 245/1/1468 254/2/1469 246/3/1470
f 246/1/1471 254/2/1472 255/3/1473
f 246/1/1474 255/2/1475 247/3/1476
f 247/1/1477 255/2/1478 256/3/1479
f 247/1/1480 256/2/1481 248/3/1482
f 248/1/1483 256/2/1484 249/3/1485
f 248/1/1486 249/2/1487 241/3/1488
f 249/1/1489 257/2/1490 258/3/1491
f 249/1/1492 258/2/1493 250/3/1494
f 250/1/1495 258/2/1496 259/3/1497
f 250/1/1498 259/2/1499 251/3/1500
f 251/1/1501 259/2/1502 260/3/1503
f 251/1/1504 260/2/1505 252/3/1506
f 252/1/1507 260/2/1508 261/3/1509
f 252/1/1510 261/2/1511 253/3/1512
f 253/1/1513 261/2/1514 262/3/1515
f 253/1/1516 262/2/1517 254/3/1518
f 254/1/1519 262/2/1520 263/3/1521
f 254/1/1522 263/2/1523 255/3/1524
f 255/1/1525 263/2/1526 264/3/1527
f 255/1/1528 264/2/1529 256/3/1530
f 256/1/1531 264/2/1532 257/3/1533
f 256/1/1534 257/2/1535 249/3/1536
f 257/1/1537 265/2/1538 266/3/1539
f 257/1/1540 266/2/1541 258/3/1542
f 258/1/1543 266/2/1544 267/3/1545
f 258/1/1546 267/2/1547 259/3/1548
f 259/1/1549 267/2/1550 268/3/1551
f 259/1/1552 268/2/1553 260/3/1554
f 260/1/1555 268/2/1556 269/3/1557
f 260/1/1558 269/2/1559 261/3/1560
f 261/1/1561 269/2/1562 270/3/1563
f 261/1/1564 270/2/1565 262/3/1566
f 262/1/1567 270/2/1568 271/3/1569
f 262/1/1570 271/2/1571 263/3/1572
f 263/1/1573 271/2/1574 272/3/1575
f 263/1/1576 272/2/1577 264/3/1578
f 264/1/1579 272/2/1580 265/3/1581
f 264/1/1582 265/2/1583 257/3/1584
f 265/1/1585 273/2/1586 274/3/1587
f 265/1/1588 274/2/1589 266/3/1590
f 266/1/1591 274/2/1592 275/3/1593
f 266/1/1594 275/2/1595 267/3/1596
f 267/1/1597 275/2/1598 276/3/1599
f 267/1/1600 276/2/1601 268/3/1602
f 268/1/1603 276/2/1604 277/3/1605
f 268/1/1606 277/2/1607 269/3/1608
f 269/1/1609 277/2/1610 278/3/1611
f 269/1/1612 278/2/1613 270/3/1614
f 270/1/1615 278/2/1616 279/3/1617
f 270/1/1618 279/2/1619 271/3/1620
f 271/1/1621 279/2/1622 280/3/1623
f 271/1/1624 280/2/1625 272/3/1626
f 272/1/1627 280/2/1628 273/3/1629
f 272/1/1630 273/2/1631 265/3/1632
f 273/1/1633 281/2/1634 282/3/1635
f 273/1/1636 282/2/1637 274/3/1638
f 274/1/1639 282/2/1640 283/3/1641
f 274/1/1642 283/2/1643 275/3/1644
f 275/1/1645 283/2/1646 284/3/1647
f 275/1/1648 284/2/1649 276/3/1650
f 276/1/1651 284/2/1652 285/3/1653
f 276/1/1654 285/2/1655 277/3/1656
f 277/1/1657 285/2/1658 286/3/1659
f 277/1/1660 286/2/1661 278/3/1662
f 278/1/1663 286/2/1664 287/3/1665
f 278/1/1666 287/2/1667 279/3/1668
f 279/1/1669 287/2/1670 288/3/1671
f 279/1/1672 288/2/1673 280/3/1674
f 280/1/1675 288/2/1676 281/3/1677
f 280/1/1678 281/2/1679 273/3/1680
f 281/1/1681 289/2/1682 290/3/1683
f 281/1/1684 290/2/1685 282/3/1686
f 282/1/1687 290/2/1688 291/3/1689
f 282/1/1690 291/2/1691 283/3/1692
f 283/1/1693 291/2/1694 292/3/1695
f 283/1/1696 292/2/1697 284/3/1698
f 284/1/1699 292/2/1700 293/3/1701
f 284/1/1702 293/2/1703 285/3/1704
f 285/1/1705 293/2/1706 294/3/1707
f 285/1/1708 294/2/1709 286/3/1710
f 286/1/1711 294/2/1712 295/3/1713
f 286/1/1714 295/2/1715 287/3/1716
f 287/1/1717 295/2/1718 296/3/1719
f 287/1/1720 296/2/1721 288/3/1722
f 288/1/1723 296/2/1724 289/3/1725
f 288/1/1726 289/2/1727 281/3/1728
f 289/1/1729 297/2/1730 298/3/1731
f 289/1/1732 298/2/1733 290/3/1734
f 290/1/1735 298/2/1736 299/3/1737
f 290/1/1738 299/2/1739 291/3/1740
f 291/1/1741 299/2/1742 300/3/1743
f 291/1/1744 300/2/1745 292/3/1746
f 292/1/1747 300/2/1748 301/3/1749
f 292/1/1750 301/2/1751 293/3/1752
f 293/1/1753 301/2/1754 302/3/1755
f 293/1/1756 302/2/1757 294/3/1758
f 294/1/1759 302/2/1760 303/3/1761
f 294/1/1762 303/2/1763 295/3/1764
f 295/1/1765 303/2/1766 304/3/1767
f 295/1/1768 304/2/1769 296/3/1770
f 296/1/1771 304/2/1772 297/3/1773
f 296/1/1774 297/2/1775 289/3/1776
f 297/1/1777 305/2/1778 306/3/1779
f 297/1/1780 306/2/1781 298/3/1782
f 298/1/1783 306/2/1784 307/3/1785
f 298/1/1786 307/2/1787 299/3/1788
f 299/1/1789 307/2/1790 308/3/1791
f 299/1/1792 308/2/1793 300/3/1794
f 300/1/1795 308/2/1796 309/3/1797
f 300/1/1798 309/2/1799 301/3/1800
f 301/1/1801 309/2/1802 310/3/1803
f 301/1/1804 310/2/1805 302/3/1806
f 302/1/1807 310/2/1808 311/3/1809
f 302/1/1810 311/2/1811 303/3/1812
f 303/1/1813 311/2/1814 312/3/1815
f 303/1/1816 312/2/1817 304/3/1818
f 304/1/1819 312/2/1820 305/3/1821
f 304/1/1822 305/2/1823 297/3/1824
f 305/1/1825 313/2/1826 314/3/1827
f 305/1/1828 314/2/1829 306/3/1830
f 306/1/1831 314/2/1832 315/3/1833
f 306/1/1834 315/2/1835 307/3/1836
f 307/1/1837 315/2/1838 316/3/1839
f 307/1/1840 316/2/1841 308/3/1842
f 308/1/1843 316/2/1844 317/3/1845
f 308/1/1846 317/2/1847 309/3/1848
f 309/1/1849 317/2/1850 318/3/1851
f 309/1/1852 318/2/1853 310/3/1854
f 310/1/1855 318/2/1856 319/3/1857
f 310/1/1858 319/2/1859 311/3/1860
f 311/1/1861 319/2/1862 320/3/1863
f 311/1/1864 320/2/1865 312/3/1866
f 312/1/1867 320/2/1868 313/3/1869
f 312/1/1870 313/2/1871 305/3/1872
f 313/1/1873 321/2/1874 322/3/1875
f 313/1/1876 322/2/1877 314/3/1878
f 314/1/1879 322/2/1880 323/3/1881
f 314/1/1882 323/2/1883 315/3/1884
f 315/1/1885 323/2/1886 324/3/1887
f 315/1/1888 324/2/1889 316/3/1890
f 316/1/1891 324/2/1892 325/3/1893
f 316/1/1894 325/2/1895 317/3/1896
f 317/1/1897 325/2/1898 326/3/1899
f 317/1/1900 326/2/1901 318/3/1902
f 318/1/1903 326/2/1904 327/3/1905
f 318/1/1906 327/2/1907 319/3/1908
f 319/1/1909 327/2/1910 328/3/1911
f 319/1/1912 328/2/1913 320/3/1914
f 320/1/1915 328/2/1916 321/3/1917
f 320/1/1918 321/2/1919 313/3/1920
f 321/1/1921 329/2/1922 330/3/1923
f 321/1/1924 330/2/1925 322/3/1926
f 322/1/1927 330/2/1928 331/3/1929
f 322/1/1930 331/2/1931 323/3/1932
f 323/1/1933 331/2/1934 332/3/1935
f 323/1/1936 332/2/1937 324/3/1938
f 324/1/1939 332/2/1940 333/3/1941
f 324/1/1942 333/2/1943 325/3/1944
f 325/1/1945 333/2/1946 334/3/1947
f 325/1/1948 334/2/1949 326/3/1950
f 326/1/1951 334/2/1952 335/3/1953
f 326/1/1954 335/2/1955 327/3/1956
f 327/1/1957 335/2/1958 336/3/1959
f 327/1/1960 336/2/1961 328/3/1962
f 328/1/1963 336/2/1964 329/3/1965
f 328/1/1966 329/2/1967 321/3/1968
f 329/1/1969 337/2/1970 338/3/1971
f 329/1/1972 338/2/1973 330/3/1974
f 330/1/1975 338/2/1976 339/3/1977
f 330/1/1978 339/2/1979 331/3/1980
f 331/1/1981 339/2/1982 340/3/1983
f 331/1/1984 340/2/1985 332/3/1986
f 332/1/1987 340/2/1988 341/3/1989
f 332/1/1990 341/2/1991 333/3/1992
f 333/1/1993 341/2/1994 342/3/1995
f 333/1/1996 342/2/1997 334/3/1998
f 334/1/1999 342/2/2000 343/3/2001
f 334/1/2002 343/2/2003 335/3/2004
f 335/1/2005 343/2/2006 344/3/2007
f 335/1/2008 344/2/2009 336/3/2010
f 336/1/2011 344/2/2012 337/3/2013
f 336/1/2014 337/2/2015 329/3/2016
f 337/1/2017 345/2/2018 346/3/2019
f 337/1/2020 346/2/2021 338/3/2022
f 338/1/2023 346/2/2024 347/3/2025
f 338/1/2026 347/2/2027 339/3/2028
f 339/1/2029 347/2/2030 348/3/2031
f 339/1/2032 348/2/2033 340/3/2034
f 340/1/2035 348/2/2036 349/3/2037
f 340/1/2038 349/2/2039 341/3/2040
f 341/1/2041 349/2/2042 350/3/2043
f 341/1/2044 350/2/2045 342/3/2046
f 342/1/2047 350/2/2048 351/3/2049
f 342/1/2050 351/2/2051 343/3/2052
f 343/1/2053 351/2/2054 352/3/2055
f 343/1/2056 352/2/2057 344/3/2058
f 344/1/2059 352/2/2060 345/3/2061
f 344/1/2062 345/2/2063 337/3/2064
f 345/1/2065 353/2/2066 354/3/2067
f 345/1/2068 354/2/2069 346/3/2070
f 346/1/2071 354/2/2072 355/3/2073
f 346/1/2074 355/2/2075 347/3/2076
f 347/1/2077 355/2/2078 356/3/2079
f 347/1/2080 356/2/2081 348/3/2082
f 348/1/2083 356/2/2084 357/3/2085
f 348/1/2086 357/2/2087 349/3/2088
f 349/1/2089 357/2/2090 358/3/2091
f 349/1/2092 358/2/2093 350/3/2094
f 350/1/2095 358/2/2096 359/3/2097
f 350/1/2098 359/2/2099 351/3/2100
f 351/1/2101 359/2/2102 360/3/2103
f 351/1/2104 360/2/2105 352/3/2106
f 352/1/2107 360/2/2108 353/3/2109
f 352/1/2110 353/2/2111 345/3/2112
f 353/1/2113 361/2/2114 362/3/2115
f 353/1/2116 362/2/2117 354/3/2118
f 354/1/2119 362/2/2120 363/3/2121
f 354/1/2122 363/2/2123 355/3/2124
f 355/1/2125 363/2/2126 364/3/2127
f 355/1/2128 364/2/2129 356/3/2130
f 356/1/2131 364/2/2132 365/3/2133
f 356/1/2134 365/2/2135 357/3/2136
f 357/1/2137 365/2/2138 366/3/2139
f 357/1/2140 366/2/2141 358/3/2142
f 358/1/2143 366/2/2144 367/3/2145
f 358/1/2146 367/2/2147 359/3/2148
f 359/1/2149 367/2/2150 368/3/2151
f 359/1/2152 368/2/2153 360/3/2154
f 360/1/2155 368/2/2156 361/3/2157
f 360/1/2158 361/2/2159 353/3/2160
f 361/1/2161 369/2/2162 370/3/2163
f 361/1/2164 370/2/2165 362/3/2166
f 362/1/2167 370/2/2168 371/3/2169
f 362/1/2170 371/2/2171 363/3/2172
f 363/1/2173 371/2/2174 372/3/2175
f 363/1/2176 372/2/2177 364/3/2178
f 364/1/2179 372/2/2180 373/3/2181
f 364/1/2182 373/2/2183 365/3/2184
f 365/1/2185 373/2/2186 374/3/2187
f 365/1/2188 374/2/2189 366/3/2190
f 366/1/2191 374/2/2192 375/3/2193
f 366/1/2194 375/2/2195 367/3/2196
f 367/1/2197 375/2/2198 376/3/2199
f 367/1/2200 376/2/2201 368/3/2202
f 368/1/2203 376/2/2204 369/3/2205
f 368/1/2206 369/2/2207 361/3/2208
f 369/1/2209 377/2/2210 378/3/2211
f 369/1/2212 378/2/2213 370/3/2214
f 370/1/2215 378/2/2216 379/3/2217
f 370/1/2218 379/2/2219 371/3/2220
f 371/1/2221 379/2/2222 380/3/2223
f 371/1/2224 380/2/2225 372/3/2226
f 372/1/2227 380/2/2228 381/3/2229
f 372/1/2230 381/2/2231 373/3/2232
f 373/1/2233 381/2/2234 382/3/2235
f 373/1/2236 382/2/2237 374/3/2238
f 374/1/2239 382/2/2240 383/3/2241
f 374/1/2242 383/2/2243 375/3/2244
f 375/1/2245 383/2/2246 384/3/2247
f 375/1/2248 384/2/2249 376/3/2250
f 376/1/2251 384/2/2252 377/3/2253
f 376/1/2254 377/2/2255 369/3/2256
f 377/1/2257 1/2/2258 2/3/2259
f 377/1/2260 2/2/2261 378/3/2262
f 378/1/2263 2/2/2264 3/3/2265
f 378/1/2266 3/2/2267 379/3/2268
f 379/1/2269 3/2/2270 4/3/2271
f 379/1/2272 4/2/2273 380/3/2274
f 380/1/2275 4/2/2276 5/3/2277
f 380/1/2278 5/2/2279 381/3/2280
f 381/1/2281 5/2/2282 6/3/2283
f 381/1/2284 6/2/2285 382/3/2286
f 382/1/2287 6/2/2288 7/3/2289
f 382/1/2290 7/2/2291 383/3/2292
f 383/1/2293 7/2/2294 8/3/2295
f 383/1/2296 8/2/2297 384/3/2298
f 384/1/2299 8/2/2300 1/3/2301
f 384/1/2302 1/2/2303 377/3/2304
