# Original field candidate; centimeters +X forward +Z up
mtllib FieldPalette.mtl
o SM_ElectricalFieldCandidateV2
usemtl M_ElectricalFieldCandidateV2
v 0.000000000 100.000000000 0.000000000
v -0.120000000 99.880000000 0.000000000
v -0.000000000 99.760000000 0.000000000
v 0.120000000 99.880000000 0.000000000
v 0.000000000 99.518472667 9.801714033
v -0.120000000 99.399050500 9.789951976
v -0.000000000 99.279628333 9.778189919
v 0.120000000 99.399050500 9.789951976
v 0.000000000 98.078528040 19.509032202
v -0.120000000 97.960833807 19.485621363
v -0.000000000 97.843139573 19.462210524
v 0.120000000 97.960833807 19.485621363
v 0.000000000 95.694033573 29.028467725
v -0.120000000 95.579200733 28.993633564
v -0.000000000 95.464367893 28.958799403
v 0.120000000 95.579200733 28.993633564
v 0.000000000 92.387953251 38.268343237
v -0.120000000 92.277087707 38.222421225
v -0.000000000 92.166222163 38.176499213
v 0.120000000 92.277087707 38.222421225
v 0.000000000 88.192126435 47.139673683
v -0.120000000 88.086295883 47.083106074
v -0.000000000 87.980465331 47.026538466
v 0.120000000 88.086295883 47.083106074
v 0.000000000 83.146961230 55.557023302
v -0.120000000 83.047184877 55.490354874
v -0.000000000 82.947408523 55.423686446
v 0.120000000 83.047184877 55.490354874
v 0.000000000 77.301045336 63.439328416
v -0.120000000 77.208284082 63.363201222
v -0.000000000 77.115522827 63.287074028
v 0.120000000 77.208284082 63.363201222
v 0.000000000 70.710678119 70.710678119
v -0.120000000 70.625825305 70.625825305
v -0.000000000 70.540972491 70.540972491
v 0.120000000 70.625825305 70.625825305
v 0.000000000 63.439328416 77.301045336
v -0.120000000 63.363201222 77.208284082
v -0.000000000 63.287074028 77.115522827
v 0.120000000 63.363201222 77.208284082
v 0.000000000 55.557023302 83.146961230
v -0.120000000 55.490354874 83.047184877
v -0.000000000 55.423686446 82.947408523
v 0.120000000 55.490354874 83.047184877
v 0.000000000 47.139673683 88.192126435
v -0.120000000 47.083106074 88.086295883
v -0.000000000 47.026538466 87.980465331
v 0.120000000 47.083106074 88.086295883
v 0.000000000 38.268343237 92.387953251
v -0.120000000 38.222421225 92.277087707
v -0.000000000 38.176499213 92.166222163
v 0.120000000 38.222421225 92.277087707
v 0.000000000 29.028467725 95.694033573
v -0.120000000 28.993633564 95.579200733
v -0.000000000 28.958799403 95.464367893
v 0.120000000 28.993633564 95.579200733
v 0.000000000 19.509032202 98.078528040
v -0.120000000 19.485621363 97.960833807
v -0.000000000 19.462210524 97.843139573
v 0.120000000 19.485621363 97.960833807
v 0.000000000 9.801714033 99.518472667
v -0.120000000 9.789951976 99.399050500
v -0.000000000 9.778189919 99.279628333
v 0.120000000 9.789951976 99.399050500
v 0.000000000 0.000000000 100.000000000
v -0.120000000 0.000000000 99.880000000
v -0.000000000 0.000000000 99.760000000
v 0.120000000 0.000000000 99.880000000
v 0.000000000 -9.801714033 99.518472667
v -0.120000000 -9.789951976 99.399050500
v -0.000000000 -9.778189919 99.279628333
v 0.120000000 -9.789951976 99.399050500
v 0.000000000 -19.509032202 98.078528040
v -0.120000000 -19.485621363 97.960833807
v -0.000000000 -19.462210524 97.843139573
v 0.120000000 -19.485621363 97.960833807
v 0.000000000 -29.028467725 95.694033573
v -0.120000000 -28.993633564 95.579200733
v -0.000000000 -28.958799403 95.464367893
v 0.120000000 -28.993633564 95.579200733
v 0.000000000 -38.268343237 92.387953251
v -0.120000000 -38.222421225 92.277087707
v -0.000000000 -38.176499213 92.166222163
v 0.120000000 -38.222421225 92.277087707
v 0.000000000 -47.139673683 88.192126435
v -0.120000000 -47.083106074 88.086295883
v -0.000000000 -47.026538466 87.980465331
v 0.120000000 -47.083106074 88.086295883
v 0.000000000 -55.557023302 83.146961230
v -0.120000000 -55.490354874 83.047184877
v -0.000000000 -55.423686446 82.947408523
v 0.120000000 -55.490354874 83.047184877
v 0.000000000 -63.439328416 77.301045336
v -0.120000000 -63.363201222 77.208284082
v -0.000000000 -63.287074028 77.115522827
v 0.120000000 -63.363201222 77.208284082
v 0.000000000 -70.710678119 70.710678119
v -0.120000000 -70.625825305 70.625825305
v -0.000000000 -70.540972491 70.540972491
v 0.120000000 -70.625825305 70.625825305
v 0.000000000 -77.301045336 63.439328416
v -0.120000000 -77.208284082 63.363201222
v -0.000000000 -77.115522827 63.287074028
v 0.120000000 -77.208284082 63.363201222
v 0.000000000 -83.146961230 55.557023302
v -0.120000000 -83.047184877 55.490354874
v -0.000000000 -82.947408523 55.423686446
v 0.120000000 -83.047184877 55.490354874
v 0.000000000 -88.192126435 47.139673683
v -0.120000000 -88.086295883 47.083106074
v -0.000000000 -87.980465331 47.026538466
v 0.120000000 -88.086295883 47.083106074
v 0.000000000 -92.387953251 38.268343237
v -0.120000000 -92.277087707 38.222421225
v -0.000000000 -92.166222163 38.176499213
v 0.120000000 -92.277087707 38.222421225
v 0.000000000 -95.694033573 29.028467725
v -0.120000000 -95.579200733 28.993633564
v -0.000000000 -95.464367893 28.958799403
v 0.120000000 -95.579200733 28.993633564
v 0.000000000 -98.078528040 19.509032202
v -0.120000000 -97.960833807 19.485621363
v -0.000000000 -97.843139573 19.462210524
v 0.120000000 -97.960833807 19.485621363
v 0.000000000 -99.518472667 9.801714033
v -0.120000000 -99.399050500 9.789951976
v -0.000000000 -99.279628333 9.778189919
v 0.120000000 -99.399050500 9.789951976
v 0.000000000 -100.000000000 0.000000000
v -0.120000000 -99.880000000 0.000000000
v -0.000000000 -99.760000000 0.000000000
v 0.120000000 -99.880000000 0.000000000
v 0.000000000 -99.518472667 -9.801714033
v -0.120000000 -99.399050500 -9.789951976
v -0.000000000 -99.279628333 -9.778189919
v 0.120000000 -99.399050500 -9.789951976
v 0.000000000 -98.078528040 -19.509032202
v -0.120000000 -97.960833807 -19.485621363
v -0.000000000 -97.843139573 -19.462210524
v 0.120000000 -97.960833807 -19.485621363
v 0.000000000 -95.694033573 -29.028467725
v -0.120000000 -95.579200733 -28.993633564
v -0.000000000 -95.464367893 -28.958799403
v 0.120000000 -95.579200733 -28.993633564
v 0.000000000 -92.387953251 -38.268343237
v -0.120000000 -92.277087707 -38.222421225
v -0.000000000 -92.166222163 -38.176499213
v 0.120000000 -92.277087707 -38.222421225
v 0.000000000 -88.192126435 -47.139673683
v -0.120000000 -88.086295883 -47.083106074
v -0.000000000 -87.980465331 -47.026538466
v 0.120000000 -88.086295883 -47.083106074
v 0.000000000 -83.146961230 -55.557023302
v -0.120000000 -83.047184877 -55.490354874
v -0.000000000 -82.947408523 -55.423686446
v 0.120000000 -83.047184877 -55.490354874
v 0.000000000 -77.301045336 -63.439328416
v -0.120000000 -77.208284082 -63.363201222
v -0.000000000 -77.115522827 -63.287074028
v 0.120000000 -77.208284082 -63.363201222
v 0.000000000 -70.710678119 -70.710678119
v -0.120000000 -70.625825305 -70.625825305
v -0.000000000 -70.540972491 -70.540972491
v 0.120000000 -70.625825305 -70.625825305
v 0.000000000 -63.439328416 -77.301045336
v -0.120000000 -63.363201222 -77.208284082
v -0.000000000 -63.287074028 -77.115522827
v 0.120000000 -63.363201222 -77.208284082
v 0.000000000 -55.557023302 -83.146961230
v -0.120000000 -55.490354874 -83.047184877
v -0.000000000 -55.423686446 -82.947408523
v 0.120000000 -55.490354874 -83.047184877
v 0.000000000 -47.139673683 -88.192126435
v -0.120000000 -47.083106074 -88.086295883
v -0.000000000 -47.026538466 -87.980465331
v 0.120000000 -47.083106074 -88.086295883
v 0.000000000 -38.268343237 -92.387953251
v -0.120000000 -38.222421225 -92.277087707
v -0.000000000 -38.176499213 -92.166222163
v 0.120000000 -38.222421225 -92.277087707
v 0.000000000 -29.028467725 -95.694033573
v -0.120000000 -28.993633564 -95.579200733
v -0.000000000 -28.958799403 -95.464367893
v 0.120000000 -28.993633564 -95.579200733
v 0.000000000 -19.509032202 -98.078528040
v -0.120000000 -19.485621363 -97.960833807
v -0.000000000 -19.462210524 -97.843139573
v 0.120000000 -19.485621363 -97.960833807
v 0.000000000 -9.801714033 -99.518472667
v -0.120000000 -9.789951976 -99.399050500
v -0.000000000 -9.778189919 -99.279628333
v 0.120000000 -9.789951976 -99.399050500
v 0.000000000 -0.000000000 -100.000000000
v -0.120000000 -0.000000000 -99.880000000
v -0.000000000 -0.000000000 -99.760000000
v 0.120000000 -0.000000000 -99.880000000
v 0.000000000 9.801714033 -99.518472667
v -0.120000000 9.789951976 -99.399050500
v -0.000000000 9.778189919 -99.279628333
v 0.120000000 9.789951976 -99.399050500
v 0.000000000 19.509032202 -98.078528040
v -0.120000000 19.485621363 -97.960833807
v -0.000000000 19.462210524 -97.843139573
v 0.120000000 19.485621363 -97.960833807
v 0.000000000 29.028467725 -95.694033573
v -0.120000000 28.993633564 -95.579200733
v -0.000000000 28.958799403 -95.464367893
v 0.120000000 28.993633564 -95.579200733
v 0.000000000 38.268343237 -92.387953251
v -0.120000000 38.222421225 -92.277087707
v -0.000000000 38.176499213 -92.166222163
v 0.120000000 38.222421225 -92.277087707
v 0.000000000 47.139673683 -88.192126435
v -0.120000000 47.083106074 -88.086295883
v -0.000000000 47.026538466 -87.980465331
v 0.120000000 47.083106074 -88.086295883
v 0.000000000 55.557023302 -83.146961230
v -0.120000000 55.490354874 -83.047184877
v -0.000000000 55.423686446 -82.947408523
v 0.120000000 55.490354874 -83.047184877
v 0.000000000 63.439328416 -77.301045336
v -0.120000000 63.363201222 -77.208284082
v -0.000000000 63.287074028 -77.115522827
v 0.120000000 63.363201222 -77.208284082
v 0.000000000 70.710678119 -70.710678119
v -0.120000000 70.625825305 -70.625825305
v -0.000000000 70.540972491 -70.540972491
v 0.120000000 70.625825305 -70.625825305
v 0.000000000 77.301045336 -63.439328416
v -0.120000000 77.208284082 -63.363201222
v -0.000000000 77.115522827 -63.287074028
v 0.120000000 77.208284082 -63.363201222
v 0.000000000 83.146961230 -55.557023302
v -0.120000000 83.047184877 -55.490354874
v -0.000000000 82.947408523 -55.423686446
v 0.120000000 83.047184877 -55.490354874
v 0.000000000 88.192126435 -47.139673683
v -0.120000000 88.086295883 -47.083106074
v -0.000000000 87.980465331 -47.026538466
v 0.120000000 88.086295883 -47.083106074
v 0.000000000 92.387953251 -38.268343237
v -0.120000000 92.277087707 -38.222421225
v -0.000000000 92.166222163 -38.176499213
v 0.120000000 92.277087707 -38.222421225
v 0.000000000 95.694033573 -29.028467725
v -0.120000000 95.579200733 -28.993633564
v -0.000000000 95.464367893 -28.958799403
v 0.120000000 95.579200733 -28.993633564
v 0.000000000 98.078528040 -19.509032202
v -0.120000000 97.960833807 -19.485621363
v -0.000000000 97.843139573 -19.462210524
v 0.120000000 97.960833807 -19.485621363
v 0.000000000 99.518472667 -9.801714033
v -0.120000000 99.399050500 -9.789951976
v -0.000000000 99.279628333 -9.778189919
v 0.120000000 99.399050500 -9.789951976
v 0.000000000 100.000000000 -0.000000000
v -0.120000000 99.880000000 -0.000000000
v -0.000000000 99.760000000 -0.000000000
v 0.120000000 99.880000000 -0.000000000
v 0.000000000 0.000000000 100.000000000
v 0.000000000 -0.120000000 99.880000000
v 0.000000000 -0.000000000 99.760000000
v 0.000000000 0.120000000 99.880000000
v 9.801714033 0.000000000 99.518472667
v 9.789951976 -0.120000000 99.399050500
v 9.778189919 -0.000000000 99.279628333
v 9.789951976 0.120000000 99.399050500
v 19.509032202 0.000000000 98.078528040
v 19.485621363 -0.120000000 97.960833807
v 19.462210524 -0.000000000 97.843139573
v 19.485621363 0.120000000 97.960833807
v 29.028467725 0.000000000 95.694033573
v 28.993633564 -0.120000000 95.579200733
v 28.958799403 -0.000000000 95.464367893
v 28.993633564 0.120000000 95.579200733
v 38.268343237 0.000000000 92.387953251
v 38.222421225 -0.120000000 92.277087707
v 38.176499213 -0.000000000 92.166222163
v 38.222421225 0.120000000 92.277087707
v 47.139673683 0.000000000 88.192126435
v 47.083106074 -0.120000000 88.086295883
v 47.026538466 -0.000000000 87.980465331
v 47.083106074 0.120000000 88.086295883
v 55.557023302 0.000000000 83.146961230
v 55.490354874 -0.120000000 83.047184877
v 55.423686446 -0.000000000 82.947408523
v 55.490354874 0.120000000 83.047184877
v 63.439328416 0.000000000 77.301045336
v 63.363201222 -0.120000000 77.208284082
v 63.287074028 -0.000000000 77.115522827
v 63.363201222 0.120000000 77.208284082
v 70.710678119 0.000000000 70.710678119
v 70.625825305 -0.120000000 70.625825305
v 70.540972491 -0.000000000 70.540972491
v 70.625825305 0.120000000 70.625825305
v 77.301045336 0.000000000 63.439328416
v 77.208284082 -0.120000000 63.363201222
v 77.115522827 -0.000000000 63.287074028
v 77.208284082 0.120000000 63.363201222
v 83.146961230 0.000000000 55.557023302
v 83.047184877 -0.120000000 55.490354874
v 82.947408523 -0.000000000 55.423686446
v 83.047184877 0.120000000 55.490354874
v 88.192126435 0.000000000 47.139673683
v 88.086295883 -0.120000000 47.083106074
v 87.980465331 -0.000000000 47.026538466
v 88.086295883 0.120000000 47.083106074
v 92.387953251 0.000000000 38.268343237
v 92.277087707 -0.120000000 38.222421225
v 92.166222163 -0.000000000 38.176499213
v 92.277087707 0.120000000 38.222421225
v 95.694033573 0.000000000 29.028467725
v 95.579200733 -0.120000000 28.993633564
v 95.464367893 -0.000000000 28.958799403
v 95.579200733 0.120000000 28.993633564
v 98.078528040 0.000000000 19.509032202
v 97.960833807 -0.120000000 19.485621363
v 97.843139573 -0.000000000 19.462210524
v 97.960833807 0.120000000 19.485621363
v 99.518472667 0.000000000 9.801714033
v 99.399050500 -0.120000000 9.789951976
v 99.279628333 -0.000000000 9.778189919
v 99.399050500 0.120000000 9.789951976
v 100.000000000 0.000000000 0.000000000
v 99.880000000 -0.120000000 0.000000000
v 99.760000000 -0.000000000 0.000000000
v 99.880000000 0.120000000 0.000000000
v 99.518472667 0.000000000 -9.801714033
v 99.399050500 -0.120000000 -9.789951976
v 99.279628333 -0.000000000 -9.778189919
v 99.399050500 0.120000000 -9.789951976
v 98.078528040 0.000000000 -19.509032202
v 97.960833807 -0.120000000 -19.485621363
v 97.843139573 -0.000000000 -19.462210524
v 97.960833807 0.120000000 -19.485621363
v 95.694033573 0.000000000 -29.028467725
v 95.579200733 -0.120000000 -28.993633564
v 95.464367893 -0.000000000 -28.958799403
v 95.579200733 0.120000000 -28.993633564
v 92.387953251 0.000000000 -38.268343237
v 92.277087707 -0.120000000 -38.222421225
v 92.166222163 -0.000000000 -38.176499213
v 92.277087707 0.120000000 -38.222421225
v 88.192126435 0.000000000 -47.139673683
v 88.086295883 -0.120000000 -47.083106074
v 87.980465331 -0.000000000 -47.026538466
v 88.086295883 0.120000000 -47.083106074
v 83.146961230 0.000000000 -55.557023302
v 83.047184877 -0.120000000 -55.490354874
v 82.947408523 -0.000000000 -55.423686446
v 83.047184877 0.120000000 -55.490354874
v 77.301045336 0.000000000 -63.439328416
v 77.208284082 -0.120000000 -63.363201222
v 77.115522827 -0.000000000 -63.287074028
v 77.208284082 0.120000000 -63.363201222
v 70.710678119 0.000000000 -70.710678119
v 70.625825305 -0.120000000 -70.625825305
v 70.540972491 -0.000000000 -70.540972491
v 70.625825305 0.120000000 -70.625825305
v 63.439328416 0.000000000 -77.301045336
v 63.363201222 -0.120000000 -77.208284082
v 63.287074028 -0.000000000 -77.115522827
v 63.363201222 0.120000000 -77.208284082
v 55.557023302 0.000000000 -83.146961230
v 55.490354874 -0.120000000 -83.047184877
v 55.423686446 -0.000000000 -82.947408523
v 55.490354874 0.120000000 -83.047184877
v 47.139673683 0.000000000 -88.192126435
v 47.083106074 -0.120000000 -88.086295883
v 47.026538466 -0.000000000 -87.980465331
v 47.083106074 0.120000000 -88.086295883
v 38.268343237 0.000000000 -92.387953251
v 38.222421225 -0.120000000 -92.277087707
v 38.176499213 -0.000000000 -92.166222163
v 38.222421225 0.120000000 -92.277087707
v 29.028467725 0.000000000 -95.694033573
v 28.993633564 -0.120000000 -95.579200733
v 28.958799403 -0.000000000 -95.464367893
v 28.993633564 0.120000000 -95.579200733
v 19.509032202 0.000000000 -98.078528040
v 19.485621363 -0.120000000 -97.960833807
v 19.462210524 -0.000000000 -97.843139573
v 19.485621363 0.120000000 -97.960833807
v 9.801714033 0.000000000 -99.518472667
v 9.789951976 -0.120000000 -99.399050500
v 9.778189919 -0.000000000 -99.279628333
v 9.789951976 0.120000000 -99.399050500
v 0.000000000 0.000000000 -100.000000000
v 0.000000000 -0.120000000 -99.880000000
v 0.000000000 -0.000000000 -99.760000000
v 0.000000000 0.120000000 -99.880000000
v -9.801714033 0.000000000 -99.518472667
v -9.789951976 -0.120000000 -99.399050500
v -9.778189919 -0.000000000 -99.279628333
v -9.789951976 0.120000000 -99.399050500
v -19.509032202 0.000000000 -98.078528040
v -19.485621363 -0.120000000 -97.960833807
v -19.462210524 -0.000000000 -97.843139573
v -19.485621363 0.120000000 -97.960833807
v -29.028467725 0.000000000 -95.694033573
v -28.993633564 -0.120000000 -95.579200733
v -28.958799403 -0.000000000 -95.464367893
v -28.993633564 0.120000000 -95.579200733
v -38.268343237 0.000000000 -92.387953251
v -38.222421225 -0.120000000 -92.277087707
v -38.176499213 -0.000000000 -92.166222163
v -38.222421225 0.120000000 -92.277087707
v -47.139673683 0.000000000 -88.192126435
v -47.083106074 -0.120000000 -88.086295883
v -47.026538466 -0.000000000 -87.980465331
v -47.083106074 0.120000000 -88.086295883
v -55.557023302 0.000000000 -83.146961230
v -55.490354874 -0.120000000 -83.047184877
v -55.423686446 -0.000000000 -82.947408523
v -55.490354874 0.120000000 -83.047184877
v -63.439328416 0.000000000 -77.301045336
v -63.363201222 -0.120000000 -77.208284082
v -63.287074028 -0.000000000 -77.115522827
v -63.363201222 0.120000000 -77.208284082
v -70.710678119 0.000000000 -70.710678119
v -70.625825305 -0.120000000 -70.625825305
v -70.540972491 -0.000000000 -70.540972491
v -70.625825305 0.120000000 -70.625825305
v -77.301045336 0.000000000 -63.439328416
v -77.208284082 -0.120000000 -63.363201222
v -77.115522827 -0.000000000 -63.287074028
v -77.208284082 0.120000000 -63.363201222
v -83.146961230 0.000000000 -55.557023302
v -83.047184877 -0.120000000 -55.490354874
v -82.947408523 -0.000000000 -55.423686446
v -83.047184877 0.120000000 -55.490354874
v -88.192126435 0.000000000 -47.139673683
v -88.086295883 -0.120000000 -47.083106074
v -87.980465331 -0.000000000 -47.026538466
v -88.086295883 0.120000000 -47.083106074
v -92.387953251 0.000000000 -38.268343237
v -92.277087707 -0.120000000 -38.222421225
v -92.166222163 -0.000000000 -38.176499213
v -92.277087707 0.120000000 -38.222421225
v -95.694033573 0.000000000 -29.028467725
v -95.579200733 -0.120000000 -28.993633564
v -95.464367893 -0.000000000 -28.958799403
v -95.579200733 0.120000000 -28.993633564
v -98.078528040 0.000000000 -19.509032202
v -97.960833807 -0.120000000 -19.485621363
v -97.843139573 -0.000000000 -19.462210524
v -97.960833807 0.120000000 -19.485621363
v -99.518472667 0.000000000 -9.801714033
v -99.399050500 -0.120000000 -9.789951976
v -99.279628333 -0.000000000 -9.778189919
v -99.399050500 0.120000000 -9.789951976
v -100.000000000 0.000000000 -0.000000000
v -99.880000000 -0.120000000 -0.000000000
v -99.760000000 -0.000000000 -0.000000000
v -99.880000000 0.120000000 -0.000000000
v -99.518472667 0.000000000 9.801714033
v -99.399050500 -0.120000000 9.789951976
v -99.279628333 -0.000000000 9.778189919
v -99.399050500 0.120000000 9.789951976
v -98.078528040 0.000000000 19.509032202
v -97.960833807 -0.120000000 19.485621363
v -97.843139573 -0.000000000 19.462210524
v -97.960833807 0.120000000 19.485621363
v -95.694033573 0.000000000 29.028467725
v -95.579200733 -0.120000000 28.993633564
v -95.464367893 -0.000000000 28.958799403
v -95.579200733 0.120000000 28.993633564
v -92.387953251 0.000000000 38.268343237
v -92.277087707 -0.120000000 38.222421225
v -92.166222163 -0.000000000 38.176499213
v -92.277087707 0.120000000 38.222421225
v -88.192126435 0.000000000 47.139673683
v -88.086295883 -0.120000000 47.083106074
v -87.980465331 -0.000000000 47.026538466
v -88.086295883 0.120000000 47.083106074
v -83.146961230 0.000000000 55.557023302
v -83.047184877 -0.120000000 55.490354874
v -82.947408523 -0.000000000 55.423686446
v -83.047184877 0.120000000 55.490354874
v -77.301045336 0.000000000 63.439328416
v -77.208284082 -0.120000000 63.363201222
v -77.115522827 -0.000000000 63.287074028
v -77.208284082 0.120000000 63.363201222
v -70.710678119 0.000000000 70.710678119
v -70.625825305 -0.120000000 70.625825305
v -70.540972491 -0.000000000 70.540972491
v -70.625825305 0.120000000 70.625825305
v -63.439328416 0.000000000 77.301045336
v -63.363201222 -0.120000000 77.208284082
v -63.287074028 -0.000000000 77.115522827
v -63.363201222 0.120000000 77.208284082
v -55.557023302 0.000000000 83.146961230
v -55.490354874 -0.120000000 83.047184877
v -55.423686446 -0.000000000 82.947408523
v -55.490354874 0.120000000 83.047184877
v -47.139673683 0.000000000 88.192126435
v -47.083106074 -0.120000000 88.086295883
v -47.026538466 -0.000000000 87.980465331
v -47.083106074 0.120000000 88.086295883
v -38.268343237 0.000000000 92.387953251
v -38.222421225 -0.120000000 92.277087707
v -38.176499213 -0.000000000 92.166222163
v -38.222421225 0.120000000 92.277087707
v -29.028467725 0.000000000 95.694033573
v -28.993633564 -0.120000000 95.579200733
v -28.958799403 -0.000000000 95.464367893
v -28.993633564 0.120000000 95.579200733
v -19.509032202 0.000000000 98.078528040
v -19.485621363 -0.120000000 97.960833807
v -19.462210524 -0.000000000 97.843139573
v -19.485621363 0.120000000 97.960833807
v -9.801714033 0.000000000 99.518472667
v -9.789951976 -0.120000000 99.399050500
v -9.778189919 -0.000000000 99.279628333
v -9.789951976 0.120000000 99.399050500
v -0.000000000 0.000000000 100.000000000
v -0.000000000 -0.120000000 99.880000000
v -0.000000000 -0.000000000 99.760000000
v -0.000000000 0.120000000 99.880000000
v 100.000000000 0.000000000 0.000000000
v 99.880000000 0.000000000 -0.120000000
v 99.760000000 0.000000000 -0.000000000
v 99.880000000 0.000000000 0.120000000
v 99.518472667 9.801714033 0.000000000
v 99.399050500 9.789951976 -0.120000000
v 99.279628333 9.778189919 -0.000000000
v 99.399050500 9.789951976 0.120000000
v 98.078528040 19.509032202 0.000000000
v 97.960833807 19.485621363 -0.120000000
v 97.843139573 19.462210524 -0.000000000
v 97.960833807 19.485621363 0.120000000
v 95.694033573 29.028467725 0.000000000
v 95.579200733 28.993633564 -0.120000000
v 95.464367893 28.958799403 -0.000000000
v 95.579200733 28.993633564 0.120000000
v 92.387953251 38.268343237 0.000000000
v 92.277087707 38.222421225 -0.120000000
v 92.166222163 38.176499213 -0.000000000
v 92.277087707 38.222421225 0.120000000
v 88.192126435 47.139673683 0.000000000
v 88.086295883 47.083106074 -0.120000000
v 87.980465331 47.026538466 -0.000000000
v 88.086295883 47.083106074 0.120000000
v 83.146961230 55.557023302 0.000000000
v 83.047184877 55.490354874 -0.120000000
v 82.947408523 55.423686446 -0.000000000
v 83.047184877 55.490354874 0.120000000
v 77.301045336 63.439328416 0.000000000
v 77.208284082 63.363201222 -0.120000000
v 77.115522827 63.287074028 -0.000000000
v 77.208284082 63.363201222 0.120000000
v 70.710678119 70.710678119 0.000000000
v 70.625825305 70.625825305 -0.120000000
v 70.540972491 70.540972491 -0.000000000
v 70.625825305 70.625825305 0.120000000
v 63.439328416 77.301045336 0.000000000
v 63.363201222 77.208284082 -0.120000000
v 63.287074028 77.115522827 -0.000000000
v 63.363201222 77.208284082 0.120000000
v 55.557023302 83.146961230 0.000000000
v 55.490354874 83.047184877 -0.120000000
v 55.423686446 82.947408523 -0.000000000
v 55.490354874 83.047184877 0.120000000
v 47.139673683 88.192126435 0.000000000
v 47.083106074 88.086295883 -0.120000000
v 47.026538466 87.980465331 -0.000000000
v 47.083106074 88.086295883 0.120000000
v 38.268343237 92.387953251 0.000000000
v 38.222421225 92.277087707 -0.120000000
v 38.176499213 92.166222163 -0.000000000
v 38.222421225 92.277087707 0.120000000
v 29.028467725 95.694033573 0.000000000
v 28.993633564 95.579200733 -0.120000000
v 28.958799403 95.464367893 -0.000000000
v 28.993633564 95.579200733 0.120000000
v 19.509032202 98.078528040 0.000000000
v 19.485621363 97.960833807 -0.120000000
v 19.462210524 97.843139573 -0.000000000
v 19.485621363 97.960833807 0.120000000
v 9.801714033 99.518472667 0.000000000
v 9.789951976 99.399050500 -0.120000000
v 9.778189919 99.279628333 -0.000000000
v 9.789951976 99.399050500 0.120000000
v 0.000000000 100.000000000 0.000000000
v 0.000000000 99.880000000 -0.120000000
v 0.000000000 99.760000000 -0.000000000
v 0.000000000 99.880000000 0.120000000
v -9.801714033 99.518472667 0.000000000
v -9.789951976 99.399050500 -0.120000000
v -9.778189919 99.279628333 -0.000000000
v -9.789951976 99.399050500 0.120000000
v -19.509032202 98.078528040 0.000000000
v -19.485621363 97.960833807 -0.120000000
v -19.462210524 97.843139573 -0.000000000
v -19.485621363 97.960833807 0.120000000
v -29.028467725 95.694033573 0.000000000
v -28.993633564 95.579200733 -0.120000000
v -28.958799403 95.464367893 -0.000000000
v -28.993633564 95.579200733 0.120000000
v -38.268343237 92.387953251 0.000000000
v -38.222421225 92.277087707 -0.120000000
v -38.176499213 92.166222163 -0.000000000
v -38.222421225 92.277087707 0.120000000
v -47.139673683 88.192126435 0.000000000
v -47.083106074 88.086295883 -0.120000000
v -47.026538466 87.980465331 -0.000000000
v -47.083106074 88.086295883 0.120000000
v -55.557023302 83.146961230 0.000000000
v -55.490354874 83.047184877 -0.120000000
v -55.423686446 82.947408523 -0.000000000
v -55.490354874 83.047184877 0.120000000
v -63.439328416 77.301045336 0.000000000
v -63.363201222 77.208284082 -0.120000000
v -63.287074028 77.115522827 -0.000000000
v -63.363201222 77.208284082 0.120000000
v -70.710678119 70.710678119 0.000000000
v -70.625825305 70.625825305 -0.120000000
v -70.540972491 70.540972491 -0.000000000
v -70.625825305 70.625825305 0.120000000
v -77.301045336 63.439328416 0.000000000
v -77.208284082 63.363201222 -0.120000000
v -77.115522827 63.287074028 -0.000000000
v -77.208284082 63.363201222 0.120000000
v -83.146961230 55.557023302 0.000000000
v -83.047184877 55.490354874 -0.120000000
v -82.947408523 55.423686446 -0.000000000
v -83.047184877 55.490354874 0.120000000
v -88.192126435 47.139673683 0.000000000
v -88.086295883 47.083106074 -0.120000000
v -87.980465331 47.026538466 -0.000000000
v -88.086295883 47.083106074 0.120000000
v -92.387953251 38.268343237 0.000000000
v -92.277087707 38.222421225 -0.120000000
v -92.166222163 38.176499213 -0.000000000
v -92.277087707 38.222421225 0.120000000
v -95.694033573 29.028467725 0.000000000
v -95.579200733 28.993633564 -0.120000000
v -95.464367893 28.958799403 -0.000000000
v -95.579200733 28.993633564 0.120000000
v -98.078528040 19.509032202 0.000000000
v -97.960833807 19.485621363 -0.120000000
v -97.843139573 19.462210524 -0.000000000
v -97.960833807 19.485621363 0.120000000
v -99.518472667 9.801714033 0.000000000
v -99.399050500 9.789951976 -0.120000000
v -99.279628333 9.778189919 -0.000000000
v -99.399050500 9.789951976 0.120000000
v -100.000000000 0.000000000 0.000000000
v -99.880000000 0.000000000 -0.120000000
v -99.760000000 0.000000000 -0.000000000
v -99.880000000 0.000000000 0.120000000
v -99.518472667 -9.801714033 0.000000000
v -99.399050500 -9.789951976 -0.120000000
v -99.279628333 -9.778189919 -0.000000000
v -99.399050500 -9.789951976 0.120000000
v -98.078528040 -19.509032202 0.000000000
v -97.960833807 -19.485621363 -0.120000000
v -97.843139573 -19.462210524 -0.000000000
v -97.960833807 -19.485621363 0.120000000
v -95.694033573 -29.028467725 0.000000000
v -95.579200733 -28.993633564 -0.120000000
v -95.464367893 -28.958799403 -0.000000000
v -95.579200733 -28.993633564 0.120000000
v -92.387953251 -38.268343237 0.000000000
v -92.277087707 -38.222421225 -0.120000000
v -92.166222163 -38.176499213 -0.000000000
v -92.277087707 -38.222421225 0.120000000
v -88.192126435 -47.139673683 0.000000000
v -88.086295883 -47.083106074 -0.120000000
v -87.980465331 -47.026538466 -0.000000000
v -88.086295883 -47.083106074 0.120000000
v -83.146961230 -55.557023302 0.000000000
v -83.047184877 -55.490354874 -0.120000000
v -82.947408523 -55.423686446 -0.000000000
v -83.047184877 -55.490354874 0.120000000
v -77.301045336 -63.439328416 0.000000000
v -77.208284082 -63.363201222 -0.120000000
v -77.115522827 -63.287074028 -0.000000000
v -77.208284082 -63.363201222 0.120000000
v -70.710678119 -70.710678119 0.000000000
v -70.625825305 -70.625825305 -0.120000000
v -70.540972491 -70.540972491 -0.000000000
v -70.625825305 -70.625825305 0.120000000
v -63.439328416 -77.301045336 0.000000000
v -63.363201222 -77.208284082 -0.120000000
v -63.287074028 -77.115522827 -0.000000000
v -63.363201222 -77.208284082 0.120000000
v -55.557023302 -83.146961230 0.000000000
v -55.490354874 -83.047184877 -0.120000000
v -55.423686446 -82.947408523 -0.000000000
v -55.490354874 -83.047184877 0.120000000
v -47.139673683 -88.192126435 0.000000000
v -47.083106074 -88.086295883 -0.120000000
v -47.026538466 -87.980465331 -0.000000000
v -47.083106074 -88.086295883 0.120000000
v -38.268343237 -92.387953251 0.000000000
v -38.222421225 -92.277087707 -0.120000000
v -38.176499213 -92.166222163 -0.000000000
v -38.222421225 -92.277087707 0.120000000
v -29.028467725 -95.694033573 0.000000000
v -28.993633564 -95.579200733 -0.120000000
v -28.958799403 -95.464367893 -0.000000000
v -28.993633564 -95.579200733 0.120000000
v -19.509032202 -98.078528040 0.000000000
v -19.485621363 -97.960833807 -0.120000000
v -19.462210524 -97.843139573 -0.000000000
v -19.485621363 -97.960833807 0.120000000
v -9.801714033 -99.518472667 0.000000000
v -9.789951976 -99.399050500 -0.120000000
v -9.778189919 -99.279628333 -0.000000000
v -9.789951976 -99.399050500 0.120000000
v -0.000000000 -100.000000000 0.000000000
v -0.000000000 -99.880000000 -0.120000000
v -0.000000000 -99.760000000 -0.000000000
v -0.000000000 -99.880000000 0.120000000
v 9.801714033 -99.518472667 0.000000000
v 9.789951976 -99.399050500 -0.120000000
v 9.778189919 -99.279628333 -0.000000000
v 9.789951976 -99.399050500 0.120000000
v 19.509032202 -98.078528040 0.000000000
v 19.485621363 -97.960833807 -0.120000000
v 19.462210524 -97.843139573 -0.000000000
v 19.485621363 -97.960833807 0.120000000
v 29.028467725 -95.694033573 0.000000000
v 28.993633564 -95.579200733 -0.120000000
v 28.958799403 -95.464367893 -0.000000000
v 28.993633564 -95.579200733 0.120000000
v 38.268343237 -92.387953251 0.000000000
v 38.222421225 -92.277087707 -0.120000000
v 38.176499213 -92.166222163 -0.000000000
v 38.222421225 -92.277087707 0.120000000
v 47.139673683 -88.192126435 0.000000000
v 47.083106074 -88.086295883 -0.120000000
v 47.026538466 -87.980465331 -0.000000000
v 47.083106074 -88.086295883 0.120000000
v 55.557023302 -83.146961230 0.000000000
v 55.490354874 -83.047184877 -0.120000000
v 55.423686446 -82.947408523 -0.000000000
v 55.490354874 -83.047184877 0.120000000
v 63.439328416 -77.301045336 0.000000000
v 63.363201222 -77.208284082 -0.120000000
v 63.287074028 -77.115522827 -0.000000000
v 63.363201222 -77.208284082 0.120000000
v 70.710678119 -70.710678119 0.000000000
v 70.625825305 -70.625825305 -0.120000000
v 70.540972491 -70.540972491 -0.000000000
v 70.625825305 -70.625825305 0.120000000
v 77.301045336 -63.439328416 0.000000000
v 77.208284082 -63.363201222 -0.120000000
v 77.115522827 -63.287074028 -0.000000000
v 77.208284082 -63.363201222 0.120000000
v 83.146961230 -55.557023302 0.000000000
v 83.047184877 -55.490354874 -0.120000000
v 82.947408523 -55.423686446 -0.000000000
v 83.047184877 -55.490354874 0.120000000
v 88.192126435 -47.139673683 0.000000000
v 88.086295883 -47.083106074 -0.120000000
v 87.980465331 -47.026538466 -0.000000000
v 88.086295883 -47.083106074 0.120000000
v 92.387953251 -38.268343237 0.000000000
v 92.277087707 -38.222421225 -0.120000000
v 92.166222163 -38.176499213 -0.000000000
v 92.277087707 -38.222421225 0.120000000
v 95.694033573 -29.028467725 0.000000000
v 95.579200733 -28.993633564 -0.120000000
v 95.464367893 -28.958799403 -0.000000000
v 95.579200733 -28.993633564 0.120000000
v 98.078528040 -19.509032202 0.000000000
v 97.960833807 -19.485621363 -0.120000000
v 97.843139573 -19.462210524 -0.000000000
v 97.960833807 -19.485621363 0.120000000
v 99.518472667 -9.801714033 0.000000000
v 99.399050500 -9.789951976 -0.120000000
v 99.279628333 -9.778189919 -0.000000000
v 99.399050500 -9.789951976 0.120000000
v 100.000000000 -0.000000000 0.000000000
v 99.880000000 -0.000000000 -0.120000000
v 99.760000000 -0.000000000 -0.000000000
v 99.880000000 -0.000000000 0.120000000
v 96.010140705 0.057614374 0.000000000
v 95.994858940 0.000904878 -0.058266635
v 95.989859295 -0.057614374 -0.000000000
v 96.005141060 -0.000904878 0.058266635
v 81.341462235 2.714848815 1.335666539
v 81.304615095 2.586534464 1.203573082
v 81.301766166 2.452236089 1.334823971
v 81.338613305 2.580550440 1.466917428
v 68.475116072 4.308906006 3.649630734
v 68.473024598 4.149724572 3.491981983
v 68.444212822 3.993569222 3.650037733
v 68.446304296 4.152750656 3.807686483
v 56.638388454 5.158852104 -0.802381331
v 56.509333361 5.012209331 -0.955001617
v 56.461963740 4.858001240 -0.766777667
v 56.591018833 5.004644013 -0.614157381
v 44.773382380 18.969150692 9.654505958
v 44.604094415 18.833478667 9.504646861
v 44.579580825 18.653231722 9.695521651
v 44.748868790 18.788903747 9.845380748
v 37.572975528 18.137247546 8.968140787
v 37.533655821 17.919632950 8.808426480
v 37.457039169 17.773868079 9.025896714
v 37.496358876 17.991482675 9.185611021
v 27.407331539 24.090037006 6.951023500
v 27.282281796 23.902593481 6.792034548
v 27.213009934 23.758318894 7.016614718
v 27.338059677 23.945762419 7.175603670
v 17.602924384 30.147056066 10.532390181
v 17.449887106 29.982739326 10.377501795
v 17.463879063 29.789090422 10.569113744
v 17.616916341 29.953407162 10.724002130
v 0.387194743 36.018886227 20.984563156
v 0.215240462 35.871226296 20.849836276
v 0.237290892 35.680579023 21.030641304
v 0.409245173 35.828238954 21.165368184
v -8.939135893 44.374655509 28.790228932
v -9.112109887 44.242755703 28.671339446
v -9.104380663 44.071348513 28.850258718
v -8.931406668 44.203248319 28.969148204
v -19.509348606 49.567334868 34.856512566
v -19.641411593 49.436816385 34.731131050
v -19.600951586 49.264241347 34.868160520
v -19.468888599 49.394759830 34.993542037
v -33.262472554 52.350249090 46.059158453
v -33.387169705 52.245771131 45.965318470
v -33.351321384 52.100752532 46.079140567
v -33.226624232 52.205230491 46.172980549
v -43.286719949 59.556090605 55.189082691
v -43.348985305 59.514239940 55.154210789
v -43.340644511 59.454580037 55.210917309
v -43.278379155 59.496430703 55.245789211
v 44.710638293 18.809470602 9.675013804
v 44.675420276 18.790122225 9.648095194
v 44.642324912 18.812911812 9.675013804
v 44.677542928 18.832260189 9.701932415
v 45.098631691 25.353709122 4.539781236
v 45.002538299 25.283925439 4.484535221
v 44.914240492 25.368896258 4.530787589
v 45.010333883 25.438679941 4.586033605
v 45.864769187 25.732049438 -0.969640015
v 45.766135272 25.675647143 -1.073810005
v 45.676419597 25.799731076 -1.056046830
v 45.775053512 25.856133371 -0.951876841
v 52.279456198 32.006387756 -5.827209991
v 52.187172425 31.957935308 -5.950206193
v 52.072305836 32.061570530 -5.904847540
v 52.164589609 32.110022979 -5.781851339
v 55.061173625 41.698245345 -14.161924994
v 54.962436288 41.632733928 -14.260517323
v 54.850709847 41.726726184 -14.211081374
v 54.949447184 41.792237601 -14.112489044
v 56.117622262 42.180404588 -16.453169296
v 56.032989066 42.122830454 -16.534889952
v 55.938418632 42.203643476 -16.493883694
v 56.023051829 42.261217610 -16.412163038
v 57.536109909 48.430996210 -21.552949643
v 57.505681541 48.411831530 -21.585293270
v 57.469110042 48.436564247 -21.565542350
v 57.499538410 48.455728928 -21.533198722
v 0.346355727 35.849732625 21.005163090
v 0.311397819 35.817650469 20.995784395
v 0.278129908 35.849732625 21.010041370
v 0.313087816 35.881814781 21.019420065
v -0.488499114 40.474414526 8.510105936
v -0.583558703 40.389753515 8.479251239
v -0.673274234 40.474494444 8.523136579
v -0.578214645 40.559155454 8.553991276
v -1.389595976 47.264154694 -4.742725684
v -1.500656305 47.160476928 -4.768759876
v -1.606293911 47.261180051 -4.719153101
v -1.495233582 47.364857817 -4.693118909
v -3.372525792 49.992014697 -16.999575383
v -3.488365697 49.882581462 -17.024018857
v -3.599142340 49.988827368 -16.974700068
v -3.483302435 50.098260603 -16.950256594
v -3.722700612 54.280603769 -25.098502317
v -3.833539791 54.176220697 -25.122587698
v -3.939328660 54.277416021 -25.074323049
v -3.828489481 54.381799094 -25.050237668
v -5.939448058 57.721595624 -38.784128447
v -6.032537009 57.630281228 -38.796455361
v -6.122092287 57.715819632 -38.753807286
v -6.029003335 57.807134028 -38.741480372
v -7.992548160 61.775550303 -48.934915892
v -8.027243624 61.742464970 -48.941308562
v -8.059804024 61.773017863 -48.922717655
v -8.025108560 61.806103196 -48.916324985
v 49.706991248 49.784105977 65.343258651
v 49.769602086 49.747755682 65.303220682
v 49.754142356 49.677027627 65.343258651
v 49.691531518 49.713377922 65.383296620
v 41.068443681 46.061367071 55.322789038
v 41.208121622 45.977775220 55.229122390
v 41.173987758 45.817646711 55.321126225
v 41.034309817 45.901238562 55.414792873
v 30.881125388 41.882525270 44.465066822
v 31.034425658 41.777425694 44.339969508
v 31.020941287 41.598332047 44.473909304
v 30.867641017 41.703431623 44.599006619
v 20.110462905 35.282504066 38.750420260
v 20.265729812 35.158899537 38.601872693
v 20.271971063 34.971650915 38.764203441
v 20.116704156 35.095255444 38.912751007
v 10.555949022 30.813730830 32.446254849
v 10.650847908 30.651857890 32.261013344
v 10.639836905 30.450714972 32.431140786
v 10.544938019 30.612587912 32.616382291
v -1.275774051 30.651394789 31.864896986
v -1.170837909 30.485453993 31.675522041
v -1.180321549 30.277832011 31.852196839
v -1.285257691 30.443772806 32.041571785
v -11.107960165 25.533103674 25.088208089
v -10.971381799 25.376930515 24.906531743
v -11.072585469 25.149770791 25.025721832
v -11.209163835 25.305943950 25.207398178
v -19.061206430 31.263119327 17.984899276
v -18.920795833 31.124056818 17.796863922
v -18.894597441 30.915468423 17.970689517
v -19.035008038 31.054530932 18.158724871
v -30.633942081 16.502016475 17.177366651
v -30.598927254 16.321872936 16.988038022
v -30.523490044 16.145950983 17.169376810
v -30.558504871 16.326094521 17.358705439
v -49.545358272 21.708776723 21.416092950
v -49.559858182 21.529398984 21.245606439
v -49.519825057 21.359169245 21.421309189
v -49.505325147 21.538546985 21.591795701
v -57.713729598 14.562383482 21.491412694
v -57.681481627 14.406633721 21.333620704
v -57.628984207 14.257079742 21.491967980
v -57.661232179 14.412829503 21.649759970
v -72.450291347 15.309486366 23.002734324
v -72.477112789 15.167756840 22.882466633
v -72.438545587 15.044644692 23.018947165
v -72.411724145 15.186374218 23.139214856
v -86.305949051 13.648086911 28.840323098
v -86.320845466 13.585780715 28.787972961
v -86.291312167 13.532050039 28.843518446
v -86.276415752 13.594356236 28.895868584
v 10.631569670 30.638182719 32.438697818
v 10.601714083 30.610631182 32.412452119
v 10.564216257 30.626263083 32.438697818
v 10.594071844 30.653814621 32.464943516
v 8.941202437 40.524381733 24.059095534
v 8.861767088 40.442422446 23.994841934
v 8.760196645 40.485540310 24.065411897
v 8.839631995 40.567499597 24.129665496
v 6.157630764 48.958278845 14.710919748
v 6.065720646 48.858026045 14.638372099
v 5.942200308 48.926858136 14.699740854
v 6.034110425 49.027110936 14.772288503
v 7.555787195 58.257574786 1.341811301
v 7.459464501 58.155400521 1.262600454
v 7.330283245 58.227560028 1.326609896
v 7.426605939 58.329734293 1.405820743
v 5.346080319 65.086388900 -5.107593586
v 5.254286312 64.999380986 -5.195711337
v 5.131242922 65.075846959 -5.143037491
v 5.223036929 65.162854873 -5.054919739
v 9.562169935 72.999937073 -15.330274311
v 9.484098876 72.925326828 -15.404396141
v 9.379329709 72.988553408 -15.357688049
v 9.457400768 73.063163653 -15.283566219
v 7.051622656 81.993636638 -24.016239212
v 7.023630935 81.962566947 -24.040537743
v 6.985304285 81.976953968 -24.014781923
v 7.013296006 82.008023659 -23.990483392
v -30.555144229 16.348762927 17.173371730
v -30.570125726 16.315811956 17.141292637
v -30.602287896 16.299204530 17.173371730
v -30.587306399 16.332155502 17.205450824
v -36.413226149 22.001663973 14.165017303
v -36.455269280 21.914202350 14.077047626
v -36.549946323 21.876810055 14.159472734
v -36.507903191 21.964271678 14.247442411
v -42.367531517 29.731578710 9.592141599
v -42.415591711 29.627077150 9.489521441
v -42.526121346 29.582091864 9.587095919
v -42.478061152 29.686593423 9.689716076
v -48.109052139 34.690985241 6.743284756
v -48.156379657 34.578952470 6.637451093
v -48.264096845 34.523818708 6.743984072
v -48.216769328 34.635851479 6.849817735
v -58.221629550 44.400865317 1.153835686
v -58.266185423 44.293364808 1.052743304
v -58.360613282 44.232985502 1.158568508
v -58.316057409 44.340486011 1.259660890
v -64.093098390 47.704138050 -0.072725213
v -64.126658864 47.609291872 -0.156592499
v -64.211112917 47.561422576 -0.068661457
v -64.177552442 47.656268754 0.015205829
v -71.763509919 55.302559743 -5.838421884
v -71.775416539 55.267332773 -5.869350411
v -71.811312140 55.253660394 -5.839959041
v -71.799405520 55.288887364 -5.809030514
v -0.057610847 91.033520785 30.508161582
v 0.006059891 91.057719371 30.461204522
v 0.057610847 91.013199337 30.508161582
v -0.006059891 90.989000752 30.555118643
v -1.986553379 80.513444155 22.553043430
v -1.853829068 80.512232912 22.420175992
v -1.736020052 80.426452619 22.538640091
v -1.868744363 80.427663861 22.671507529
v -10.624121964 62.597635767 20.311949067
v -10.457108515 62.619820475 20.164265019
v -10.321283294 62.505151398 20.300642230
v -10.488296743 62.482966690 20.448326279
v -10.018758657 55.911709351 9.819604277
v -9.832186162 55.944768483 9.659760387
v -9.675373831 55.841081043 9.821349617
v -9.861946326 55.808021910 9.981193507
v -16.227349550 35.197797312 8.136945003
v -16.035933691 35.198547291 7.955609764
v -15.861385555 35.126315648 8.139562475
v -16.052801414 35.125565668 8.320897715
v -16.536849900 22.321749161 2.825230572
v -16.350163672 22.319119283 2.626353354
v -16.199974701 22.142165205 2.769675855
v -16.386660929 22.144795084 2.968553072
v -31.127162100 11.507578413 -5.513507366
v -30.952282959 11.485642260 -5.725606614
v -30.765543847 11.368976999 -5.559571313
v -30.940422989 11.390913153 -5.347472065
v -25.487221423 0.671274886 -2.315050270
v -25.327390538 0.628746312 -2.531974727
v -25.165943532 0.468354598 -2.381574680
v -25.325774417 0.510883172 -2.164650223
v -40.248497888 -1.590284083 -9.667580509
v -40.102003696 -1.632793938 -9.882651256
v -39.992936208 -1.843047357 -9.766802883
v -40.139430401 -1.800537502 -9.551732137
v -51.159761197 -20.061306956 -15.718114038
v -50.999951858 -20.065090796 -15.907584165
v -50.841313989 -20.198002387 -15.771126088
v -51.001123329 -20.194218548 -15.581655961
v -55.235234275 -31.868705399 -21.717723025
v -55.098709060 -31.887098786 -21.894411396
v -54.959113653 -32.013807863 -21.773357012
v -55.095638869 -31.995414476 -21.596668641
v -64.505112928 -42.477380720 -23.738658011
v -64.412648859 -42.527354303 -23.894298632
v -64.299417269 -42.636741263 -23.791906904
v -64.391881338 -42.586767680 -23.636266284
v -71.615573288 -52.061309228 -25.048766857
v -71.574516804 -52.082856464 -25.117283891
v -71.522385376 -52.128206269 -25.071784314
v -71.563441860 -52.106659034 -25.003267280
v -16.010538235 35.162056480 8.133232057
v -16.044507407 35.127869746 8.137311590
v -16.078196870 35.162056480 8.143275421
v -16.044227698 35.196243214 8.139195889
v -17.743500810 35.500239092 -3.920774062
v -17.828927325 35.408131365 -3.883702488
v -17.914953195 35.501212695 -3.850668566
v -17.829526681 35.593320423 -3.887740140
v -25.944610109 34.597362382 -16.354022330
v -26.055722530 34.491958338 -16.336550282
v -26.142931460 34.595994667 -16.263527684
v -26.031819039 34.701398710 -16.280999732
v -28.593946258 43.030575803 -27.631844204
v -28.711835074 42.920951033 -27.623089951
v -28.816185633 43.036508204 -27.581262915
v -28.698296818 43.146132974 -27.590017167
v -30.664299630 37.988039106 -37.495445762
v -30.775867278 37.882133120 -37.485554506
v -30.881085214 37.994118619 -37.473319764
v -30.769517566 38.100024605 -37.483211021
v -30.847503423 43.334566396 -49.585452567
v -30.942140949 43.244055111 -49.582756190
v -31.027986768 43.334975831 -49.543772313
v -30.933349242 43.425487116 -49.546468690
v -36.117596650 42.916848205 -60.825965269
v -36.148436326 42.882987811 -60.810419568
v -36.179665418 42.917485670 -60.797231610
v -36.148825742 42.951346065 -60.812777310
v -40.119122889 -1.682502894 -9.717191696
v -40.134605801 -1.716017621 -9.748437856
v -40.122311207 -1.750828545 -9.717191696
v -40.106828295 -1.717313818 -9.685945536
v -46.366691948 -1.333563981 -6.928583819
v -46.420269490 -1.422706173 -7.008201287
v -46.353837251 -1.517448448 -6.946829604
v -46.300259710 -1.428306256 -6.867212136
v -50.008266923 -3.131396273 -1.365775678
v -50.025148042 -3.225731060 -1.486511881
v -49.938617191 -3.331842663 -1.415702317
v -49.921736071 -3.237507875 -1.294966114
v -61.998525276 -8.729249168 1.049523654
v -62.055816271 -8.844560275 0.952502572
v -61.971384907 -8.955096538 1.034019928
v -61.914093912 -8.839785431 1.131041010
v -64.709730900 -5.701443127 10.363202463
v -64.801030762 -5.817263012 10.318354447
v -64.705618725 -5.918302843 10.385053403
v -64.614318864 -5.802482959 10.429901419
v -70.936444030 -7.434832090 15.812107250
v -70.956462158 -7.532575016 15.727246072
v -70.884823530 -7.612460778 15.802359298
v -70.864805401 -7.514717852 15.887220475
v -78.099914900 -10.113580405 18.527239530
v -78.100570185 -10.147506384 18.492773906
v -78.078060719 -10.178227953 18.522586485
v -78.077405434 -10.144301974 18.557052110
v -57.515095192 57.433792979 -51.099280888
v -57.447440592 57.438462138 -51.146668165
v -57.418481213 57.499783426 -51.099280888
v -57.486135814 57.495114268 -51.051893612
v -51.532526609 48.543311217 -43.342571858
v -51.384042402 48.561282964 -43.456151884
v -51.316737420 48.698105974 -43.346513984
v -51.465221627 48.680134227 -43.232933958
v -44.369619648 39.306385592 -36.670109629
v -44.173644149 39.300394092 -36.778525205
v -44.097546140 39.467544808 -36.650205436
v -44.293521640 39.473536307 -36.541789859
v -43.062410176 32.173523658 -27.061078534
v -42.844022067 32.137351388 -27.172660218
v -42.727781246 32.235684476 -26.977030602
v -42.946169355 32.271856746 -26.865448918
v -42.468931225 11.806530359 -24.030804061
v -42.270135947 11.919045176 -24.162500361
v -42.151605165 11.976865389 -23.934179668
v -42.350400443 11.864350572 -23.802483368
v -28.923789323 6.272716470 -27.852646190
v -28.788309742 6.470780474 -27.982364133
v -28.717396003 6.579427105 -27.742410049
v -28.852875584 6.381363101 -27.612692105
v -20.503280736 -3.078135546 -23.808878736
v -20.289424761 -2.947649451 -23.924156667
v -20.211176557 -2.856569102 -23.675899566
v -20.425032532 -2.987055196 -23.560621635
v -17.299442085 -10.517852223 -25.370674822
v -17.034277012 -10.531535139 -25.433213399
v -16.970261085 -10.472752012 -25.174645581
v -17.235426157 -10.459069096 -25.112107004
v -20.470162410 -29.450194904 -17.817993181
v -20.217012766 -29.431382679 -17.889298300
v -20.143317184 -29.486588897 -17.642226859
v -20.396466828 -29.505401123 -17.570921740
v -16.955642903 -42.460388988 -32.595721334
v -16.731475490 -42.357396248 -32.620088070
v -16.642686981 -42.509342171 -32.445499099
v -16.866854395 -42.612334911 -32.421132363
v -14.021468409 -48.040965695 -37.243229277
v -13.815286536 -47.961389546 -37.280011110
v -13.745937897 -48.051935730 -37.087168203
v -13.952119770 -48.131511880 -37.050386371
v -11.862297666 -60.265845314 -42.751355480
v -11.686013972 -60.217555703 -42.794519569
v -11.622957984 -60.316916045 -42.648155534
v -11.799241678 -60.365205656 -42.604991445
v -11.522252883 -72.813361028 -55.047724507
v -11.444762383 -72.792200837 -55.067522765
v -11.415812973 -72.846219406 -55.011949138
v -11.493303472 -72.867379597 -54.992150879
v -42.314845634 11.925590160 -23.982491865
v -42.337483740 11.888022185 -24.002874294
v -42.305690755 11.857805588 -23.982491865
v -42.283052650 11.895373563 -23.962109435
v -48.394420899 11.161930069 -15.727866847
v -48.444118671 11.063269571 -15.798237736
v -48.349680746 10.984075816 -15.753902063
v -48.299982973 11.082736314 -15.683531174
v -53.236570136 7.124275762 -9.436724980
v -53.301275640 7.009222881 -9.516332060
v -53.221074827 6.906853477 -9.433569813
v -53.156369323 7.021906358 -9.353962733
v -63.277640780 10.318277836 -2.379123742
v -63.352677739 10.198144056 -2.456125883
v -63.279660207 10.091070890 -2.360231269
v -63.204623247 10.211204669 -2.283229128
v -69.528018258 8.416950162 4.427755856
v -69.598788035 8.306988742 4.346138581
v -69.490613716 8.205764053 4.388719494
v -69.419843939 8.315725474 4.470336769
v -72.136513613 6.320055233 10.668900839
v -72.200171940 6.226666445 10.602704342
v -72.124094558 6.135554882 10.658082492
v -72.060436231 6.228943670 10.724278990
v -80.216441471 6.901328490 16.742880372
v -80.238838101 6.867418056 16.716655302
v -80.220155130 6.833066055 16.745118741
v -80.197758500 6.866976489 16.771343811
v -20.340884944 -29.468391901 -17.732046229
v -20.306354601 -29.501908277 -17.736902969
v -20.272594650 -29.468391901 -17.728173812
v -20.307124993 -29.434875525 -17.723317071
v -21.205675869 -32.360202549 -3.511589748
v -21.112166906 -32.450722087 -3.526358350
v -21.021383397 -32.362372626 -3.493063430
v -21.114892360 -32.271853088 -3.478294828
v -23.224631125 -36.794804344 9.359519376
v -23.119176253 -36.906066323 9.375684062
v -23.013241753 -36.800312403 9.412497716
v -23.118696625 -36.689050425 9.396333030
v -28.359195111 -35.025560534 24.667409996
v -28.246140698 -35.140491941 24.668623099
v -28.132409513 -35.028384697 24.690740590
v -28.245463925 -34.913453291 24.689527487
v -26.751914629 -39.905060467 43.261470061
v -26.643693901 -40.014804155 43.259050979
v -26.537054172 -39.910500889 43.297910365
v -26.645274900 -39.800757202 43.300329446
v -33.743201480 -41.039336304 55.643822931
v -33.653627851 -41.134454583 55.653037183
v -33.564426695 -41.046703035 55.691749508
v -33.654000324 -40.951584755 55.682535257
v -34.156436336 -44.313527136 70.494830333
v -34.121664459 -44.346570973 70.488641464
v -34.088079148 -44.312822020 70.497145336
v -34.122851026 -44.279778182 70.503334205
v -79.137132421 -0.056598329 -54.365942022
v -79.077589718 -0.011696974 -54.401761497
v -79.107543294 0.056598329 -54.365942022
v -79.167085998 0.011696974 -54.330122547
v -70.044958730 -2.509380938 -42.209906175
v -69.933471315 -2.401930756 -42.316188726
v -69.996686107 -2.248814158 -42.227700516
v -70.108173522 -2.356264340 -42.121417965
v -61.415968791 -2.317534266 -37.936988313
v -61.274415463 -2.192812038 -38.057832233
v -61.317089333 -2.016708768 -37.926064215
v -61.458642661 -2.141430995 -37.805220295
v -48.207128316 -10.370348199 -24.682900700
v -48.031430571 -10.239455800 -24.798873772
v -48.107789718 -10.034139364 -24.682827603
v -48.283487463 -10.165031763 -24.566854530
v -42.488506195 -7.940528542 -15.544161809
v -42.345870761 -7.791928956 -15.708771525
v -42.319129647 -7.609163127 -15.520610352
v -42.461765081 -7.757762713 -15.356000637
v -26.368320239 -22.146967760 -16.373521527
v -26.316864812 -21.944145034 -16.548524648
v -26.213267716 -21.794873338 -16.345063561
v -26.264723143 -21.997696064 -16.170060440
v -13.384635138 -20.298722586 -21.315608626
v -13.213245337 -20.149501180 -21.471840850
v -13.189532386 -19.964275993 -21.268913952
v -13.360922187 -20.113497400 -21.112681727
v -6.653804236 -34.955218325 -6.985268011
v -6.449816522 -34.835196585 -7.120894728
v -6.404281215 -34.671467264 -6.907516995
v -6.608268928 -34.791489004 -6.771890279
v 5.309949400 -39.715154023 -10.419830713
v 5.364623242 -39.482154745 -10.530488607
v 5.509091379 -39.416105567 -10.320037839
v 5.454417537 -39.649104846 -10.209379945
v 15.015673185 -45.512405326 -18.532926310
v 15.082482456 -45.301255064 -18.644301171
v 15.194098472 -45.226649871 -18.435906830
v 15.127289202 -45.437800132 -18.324531969
v 25.480905572 -49.846539236 -17.573483031
v 25.564105361 -49.668084448 -17.680384460
v 25.655829093 -49.596216968 -17.489026017
v 25.572629304 -49.774671756 -17.382124588
v 39.536202958 -60.544059920 -24.601005332
v 39.601605738 -60.393302029 -24.691920131
v 39.716442547 -60.356323593 -24.547989355
v 39.651039768 -60.507081483 -24.457074556
v 50.622276883 -69.642719680 -32.456481750
v 50.649955223 -69.575448765 -32.495890323
v 50.704378983 -69.562176412 -32.435010103
v 50.676700643 -69.629447328 -32.395601530
v -42.434412764 -7.759562001 -15.532386081
v -42.412501973 -7.792229379 -15.560529279
v -42.373223078 -7.790129668 -15.532386081
v -42.395133869 -7.757462290 -15.504242882
v -46.331055488 -15.430321171 -9.593646526
v -46.280085567 -15.534273391 -9.654898689
v -46.173071846 -15.526038363 -9.579824910
v -46.224041767 -15.422086143 -9.518572746
v -50.795117458 -19.528674597 -2.403288223
v -50.733420639 -19.639808441 -2.490489291
v -50.592858928 -19.600968885 -2.440537824
v -50.654555746 -19.489835041 -2.353336757
v -48.316709500 -29.324986557 6.742124277
v -48.252863993 -29.443722505 6.653707502
v -48.107351667 -29.411105519 6.714979805
v -48.171197173 -29.292369572 6.803396580
v -54.854219745 -35.048486868 15.508678912
v -54.797749192 -35.167752862 15.429004862
v -54.669171569 -35.163604789 15.513927436
v -54.725642122 -35.044338795 15.593601485
v -57.580133781 -43.583236931 21.491923602
v -57.526790102 -43.671775192 21.411479505
v -57.409915102 -43.651981114 21.467195331
v -57.463258781 -43.563442852 21.547639427
v -58.643653160 -49.355986000 28.660342281
v -58.624822646 -49.392134454 28.634304198
v -58.580656240 -49.380687714 28.650353544
v -58.599486754 -49.344539261 28.676391627
v 5.375330400 -39.564802386 -10.369934276
v 5.410246106 -39.535641892 -10.386361053
v 5.443710379 -39.566457204 -10.369934276
v 5.408794673 -39.595617698 -10.353507499
v 5.228788175 -43.206968186 -17.026505736
v 5.322984739 -43.141435848 -17.089659077
v 5.413821373 -43.214741782 -17.030238790
v 5.319624809 -43.280274120 -16.967085450
v 4.665543446 -49.556434112 -21.674931197
v 4.763785145 -49.468606138 -21.754906634
v 4.862251892 -49.470771409 -21.636328111
v 4.764010193 -49.558599383 -21.556352674
v 10.437056450 -53.203089705 -21.560434648
v 10.538287522 -53.110293349 -21.644892367
v 10.654459212 -53.138599062 -21.536749290
v 10.553228139 -53.231395418 -21.452291571
v 8.766448139 -60.683963170 -28.977492002
v 8.857389556 -60.592843906 -29.062275215
v 8.981639614 -60.665441142 -29.007022891
v 8.890698197 -60.756560407 -28.922239678
v 9.760629242 -62.813843325 -32.635446763
v 9.837946607 -62.733537415 -32.704213108
v 9.943660552 -62.791007842 -32.652468192
v 9.866343187 -62.871313752 -32.583701846
v 9.000180624 -69.531474677 -39.148020285
v 9.028648637 -69.506128100 -39.177792823
v 9.067521700 -69.528441687 -39.159619504
v 9.039053687 -69.553788265 -39.129846967
v -65.369903709 -65.450675677 25.716326655
v -65.426372838 -65.417290701 25.665916529
v -65.432776259 -65.352004291 25.716326655
v -65.376307130 -65.385389267 25.766736781
v -55.836322226 -59.463019327 19.084611786
v -55.935548288 -59.369819799 18.955232489
v -55.954114673 -59.225224626 19.073632198
v -55.854888610 -59.318424153 19.203011495
v -45.177129555 -55.953322797 17.175427549
v -45.293900639 -55.842601623 17.019537949
v -45.348725688 -55.686998366 17.171123147
v -45.231954604 -55.797719540 17.327012746
v -32.164914766 -44.370158519 12.106615216
v -32.237368945 -44.216687979 11.925923609
v -32.283032506 -44.040318496 12.094033442
v -32.210578328 -44.193789036 12.274725049
v -13.306076794 -44.695162704 13.985468696
v -13.428084685 -44.548447898 13.803501935
v -13.462054864 -44.356492636 13.981047046
v -13.340046972 -44.503207442 14.163013808
v -12.046331291 -35.193514893 6.013732929
v -12.248009960 -35.086513055 5.864444172
v -12.297956299 -34.905101652 6.061943736
v -12.096277630 -35.012103490 6.211232494
v 6.582092490 -25.167802700 1.037622537
v 6.545744935 -24.947182860 0.876204627
v 6.511162458 -24.789363579 1.099693166
v 6.547510013 -25.009983419 1.261111076
v 20.881811163 -29.184416062 6.840489053
v 20.937985644 -28.953291412 6.706935186
v 20.821773689 -28.809250034 6.907328985
v 20.765599208 -29.040374685 7.040882852
v 30.513697957 -23.597646273 13.792278055
v 30.499201350 -23.384736520 13.637415704
v 30.384206465 -23.250337545 13.832956376
v 30.398703072 -23.463247298 13.987818726
v 43.979581651 -21.534874360 15.184469564
v 43.911473949 -21.354342092 15.028836300
v 43.881990875 -21.200103752 15.220652760
v 43.950098576 -21.380636020 15.376286024
v 59.489486503 -14.843806774 11.231991872
v 59.459934354 -14.672628428 11.090496727
v 59.441515737 -14.532266900 11.264150485
v 59.471067885 -14.703445246 11.405645631
v 73.058296891 -16.954908318 14.600972985
v 73.090907088 -16.804253595 14.493685078
v 73.039676837 -16.692215774 14.635438223
v 73.007066640 -16.842870498 14.742726130
v 88.464434380 -13.986171802 21.119956269
v 88.473105317 -13.920602875 21.070256845
v 88.439489503 -13.872166414 21.128294664
v 88.430818565 -13.937735341 21.177994088
v -13.413382014 -44.543440202 13.983257871
v -13.399823821 -44.499598379 13.967982074
v -13.354749643 -44.508215138 13.983257871
v -13.368307836 -44.552056961 13.998533669
v -10.990339305 -48.686910756 4.377623528
v -10.956505206 -48.566519673 4.338674004
v -10.830067692 -48.600267636 4.344192571
v -10.863901791 -48.720658719 4.383142095
v -14.280489951 -50.881684882 -6.187263311
v -14.241245868 -50.749653559 -6.256465093
v -14.092776729 -50.790678989 -6.250541931
v -14.132020812 -50.922710312 -6.181340150
v -13.208870974 -59.957790171 -18.345758009
v -13.171281341 -59.819072737 -18.418809311
v -13.017856074 -59.836170908 -18.372329852
v -13.055445707 -59.974888343 -18.299278550
v -9.087963599 -63.826603573 -28.105146718
v -9.058506291 -63.676723403 -28.125870051
v -8.910406093 -63.700961865 -28.090655234
v -8.939863402 -63.850842035 -28.069931901
v -8.692429522 -63.815909861 -39.934622835
v -8.665532593 -63.690889240 -39.962946395
v -8.538293878 -63.713409924 -39.941523213
v -8.565190807 -63.838430545 -39.913199653
v -6.015698728 -69.952922686 -52.473225107
v -6.004126224 -69.909871302 -52.491985073
v -5.958023954 -69.916607750 -52.479005022
v -5.969596458 -69.959659134 -52.460245056
v 30.427217660 -23.450397388 13.812617215
v 30.465297585 -23.437445911 13.785757234
v 30.470686761 -23.397586430 13.812617215
v 30.432606837 -23.410537907 13.839477196
v 35.770864542 -27.923270084 19.307111173
v 35.873635545 -27.889089977 19.233452054
v 35.873497981 -27.770205047 19.288426403
v 35.770726978 -27.804385154 19.362085522
v 40.647893951 -28.949398198 25.608491921
v 40.787347603 -28.923549992 25.548111427
v 40.799948711 -28.795003574 25.632243973
v 40.660495059 -28.820851779 25.692624468
v 41.729043080 -35.453095753 29.889346777
v 41.870804132 -35.422280725 29.819017279
v 41.875276585 -35.278177394 29.891171468
v 41.733515534 -35.308992422 29.961500966
v 47.703083870 -34.966260884 37.191574815
v 47.827716597 -34.930880881 37.108051204
v 47.818004586 -34.784554028 37.155542087
v 47.693371859 -34.819934031 37.239065699
v 54.211295571 -40.015947671 46.557862299
v 54.323980020 -39.992245093 46.495442532
v 54.337109106 -39.880052441 46.561746834
v 54.224424657 -39.903755020 46.624166601
v 57.392061994 -44.235487510 51.057633255
v 57.434332937 -44.227762985 51.035434610
v 57.442949506 -44.190356441 51.064858851
v 57.400678563 -44.198080966 51.087057496
v 0.056918887 -69.372505940 66.372656488
v -0.009886871 -69.400654749 66.332792528
v -0.056918887 -69.345488145 66.372656488
v 0.009886871 -69.317339336 66.412520448
v 1.949540775 -61.717151825 57.900654886
v 1.804146104 -61.757341350 57.788779251
v 1.696928794 -61.636672978 57.884771742
v 1.842323465 -61.596483453 57.996647377
v 7.694717539 -49.100423057 49.284142836
v 7.523800266 -49.142724756 49.145600121
v 7.387652301 -49.022635626 49.276895835
v 7.558569574 -48.980333927 49.415438549
v 8.208894736 -38.553348703 43.151271051
v 8.029962588 -38.565225756 42.980114708
v 7.879044632 -38.436703362 43.128970464
v 8.057976779 -38.424826309 43.300126807
v 15.575898040 -28.638938520 39.581539396
v 15.478735931 -28.509804973 39.373195656
v 15.375125351 -28.328332977 39.533993120
v 15.472287460 -28.457466523 39.742336860
v 24.686363984 -28.076299845 41.906189828
v 24.452198771 -28.098913184 41.768109774
v 24.315529329 -28.004263261 41.984381981
v 24.549694543 -27.981649923 42.122462036
v 18.236896352 -6.640781706 31.571485959
v 18.001254538 -6.658421895 31.429317892
v 17.858991067 -6.597411491 31.657547678
v 18.094632881 -6.579771303 31.799715745
v 26.104950444 -4.697076208 36.509344551
v 25.946292501 -4.491881763 36.424883267
v 25.843331911 -4.467981397 36.676356330
v 26.001989854 -4.673175842 36.760817614
v 35.487551117 8.969272024 37.124102029
v 35.271214252 9.094228041 37.039796532
v 35.203589434 9.145568265 37.289424510
v 35.419926299 9.020612248 37.373730008
v 38.658285192 16.426189154 35.582548122
v 38.484972547 16.586690657 35.507353269
v 38.372055639 16.567771100 35.727226172
v 38.545368284 16.407269596 35.802421025
v 48.380438417 26.749446516 45.298892555
v 48.229001860 26.901037800 45.233445753
v 48.107362742 26.858666278 45.416761903
v 48.258799299 26.707074995 45.482208705
v 51.360946863 34.630706857 48.255800598
v 51.230710838 34.752863906 48.197600950
v 51.137154205 34.729930792 48.358821899
v 51.267390230 34.607773743 48.417021547
v 59.958995602 43.584559989 54.494622807
v 59.908654067 43.647162245 54.474844293
v 59.867987487 43.636994853 54.546169994
v 59.918329022 43.574392597 54.565948508
v 15.453863823 -28.510112334 39.557766258
v 15.468938540 -28.478261383 39.524636969
v 15.497159568 -28.457159162 39.557766258
v 15.482084851 -28.489010113 39.590895548
v 22.852025325 -34.633274571 37.096853556
v 22.900631891 -34.554586554 37.004109703
v 22.987648230 -34.507303261 37.089831761
v 22.939041665 -34.585991278 37.182575614
v 27.489851584 -41.853662132 34.621079367
v 27.562586520 -41.778270973 34.507999495
v 27.640515195 -41.696329029 34.612755852
v 27.567780259 -41.771720187 34.725835723
v 36.801926318 -48.017878046 37.166539758
v 36.870675675 -47.932105991 37.048604689
v 36.953292787 -47.847574275 37.158244106
v 36.884543430 -47.933346329 37.276179175
v 42.223485097 -54.996266113 33.651841086
v 42.268057822 -54.895198532 33.544324245
v 42.369338710 -54.834470135 33.643397442
v 42.324765985 -54.935537716 33.750914284
v 49.257554326 -59.512896129 31.503386198
v 49.303668680 -59.434650760 31.409009541
v 49.377747881 -59.372093889 31.497070511
v 49.331633527 -59.450339258 31.591447167
v 56.802478801 -67.491225099 30.342391705
v 56.823717222 -67.466217342 30.306855493
v 56.852145094 -67.444298803 30.339270220
v 56.830906673 -67.469306561 30.374806432
v 35.351278269 9.023699842 37.206763270
v 35.339349093 9.056367056 37.173150357
v 35.339862282 9.091140447 37.206763270
v 35.351791458 9.058473233 37.240376183
v 44.132159204 10.453349430 35.537290985
v 44.118694491 10.542487887 35.442270664
v 44.143151049 10.638045455 35.528447531
v 44.156615762 10.548906998 35.623467852
v 52.457818667 7.765343580 33.658086596
v 52.374862408 7.870377032 33.581617726
v 52.413225902 7.976862255 33.686261858
v 52.496182161 7.871828804 33.762730729
v 52.829118760 13.045597538 29.671645818
v 52.830147666 13.172287810 29.571943680
v 52.843906141 13.271559233 29.698228632
v 52.842877235 13.144868961 29.797930770
v 65.412040892 7.010730077 32.835093658
v 65.443445372 7.129298769 32.741731574
v 65.443070366 7.224721907 32.862791638
v 65.411665887 7.106153214 32.956153722
v 69.097853205 10.439239499 31.787202786
v 69.051746892 10.543550703 31.722788463
v 69.066968546 10.616707906 31.830362388
v 69.113074859 10.512396702 31.894776711
v 76.966980287 9.967046320 29.249871063
v 76.960889919 10.006707907 29.222868346
v 76.974794863 10.034218181 29.260139221
v 76.980885231 9.994556594 29.287141938
v 67.828283180 -67.747066560 5.272451233
v 67.781441409 -67.782234121 5.214025287
v 67.731307097 -67.812523716 5.272451233
v 67.778148868 -67.777356156 5.330877179
v 61.508478394 -58.256480940 4.703154829
v 61.402885123 -58.332275632 4.567596017
v 61.263179907 -58.357532798 4.690541103
v 61.368773179 -58.281738106 4.826099915
v 57.597194621 -41.860229041 -1.131095895
v 57.480980134 -41.960208168 -1.294480713
v 57.345066911 -42.051829558 -1.141741234
v 57.461281398 -41.951850431 -0.978356416
v 42.092161023 -32.529244352 2.801772518
v 41.911347245 -32.565987467 2.636217111
v 41.777039343 -32.682715344 2.808809873
v 41.957853120 -32.645972229 2.974365280
v 47.525536876 -20.842772009 5.254932213
v 47.351826369 -20.893798595 5.063244943
v 47.154934944 -20.880419721 5.238110133
v 47.328645451 -20.829393136 5.429797404
v 39.218270359 -1.611819670 -2.774697245
v 39.051425461 -1.635001156 -2.989257750
v 38.881235583 -1.787629048 -2.840425818
v 39.048080482 -1.764447561 -2.625865314
v 36.409142793 -1.958502904 11.865497688
v 36.188804519 -1.900313300 11.710207588
v 36.044835159 -2.095596929 11.841307273
v 36.265173433 -2.153786534 11.996597373
v 31.044844296 16.848384823 15.731657581
v 30.879377743 16.776719563 15.526973136
v 30.694423974 16.688915029 15.707232058
v 30.859890526 16.760580289 15.911916503
v 20.349901861 33.209164078 12.526144208
v 20.176574635 33.169036076 12.331540820
v 20.006451741 33.065584260 12.504396207
v 20.179778966 33.105712262 12.698999595
v 19.420770789 43.868141874 20.481057219
v 19.234531140 43.903359550 20.321286196
v 19.072480978 43.830340155 20.494087193
v 19.258720627 43.795122479 20.653858216
v 17.794435895 59.597433325 21.300066817
v 17.627497436 59.615221331 21.151704526
v 17.479955181 59.560398639 21.311147266
v 17.646893641 59.542610633 21.459509557
v 16.376176534 71.352918493 27.159492070
v 16.233671092 71.395693225 27.044890642
v 16.114921637 71.305093378 27.158737911
v 16.257427079 71.262318647 27.273339338
v 13.237317999 83.709295111 35.851332413
v 13.174470662 83.728919954 35.801236705
v 13.123242165 83.683551249 35.847732123
v 13.186089502 83.663926406 35.897827831
v 47.306055938 -20.861595865 5.245350913
v 47.340099052 -20.895561192 5.250518406
v 47.374415882 -20.861595865 5.247691434
v 47.340372768 -20.827630539 5.242523941
v 46.812341474 -19.363482944 17.958257208
v 46.904488492 -19.455318010 17.973458269
v 46.997402341 -19.363279645 17.966262402
v 46.905255322 -19.271444579 17.951061340
v 46.147675155 -17.811424848 30.261867878
v 46.252854018 -17.913638309 30.309313320
v 46.359754820 -17.802604382 30.311536028
v 46.254575957 -17.700390920 30.264090585
v 41.206517623 -14.445326547 40.922698380
v 41.312116019 -14.548267382 40.987845623
v 41.432331782 -14.446253605 40.954180218
v 41.326733386 -14.343312770 40.889032974
v 43.144665551 -7.061891939 52.114473874
v 43.248205742 -7.167449346 52.158043562
v 43.360850048 -7.063380088 52.142483847
v 43.257309858 -6.957822681 52.098914159
v 38.102916135 -7.399641109 65.419733838
v 38.191165739 -7.490803387 65.452249542
v 38.284132525 -7.398722688 65.458093004
v 38.195882921 -7.307560410 65.425577301
v 37.845320466 -3.240925490 77.420135349
v 37.877246396 -3.274983908 77.432786039
v 37.913558681 -3.244517099 77.423169794
v 37.881632752 -3.210458681 77.410519104
v 20.144344648 33.137374169 12.520272753
v 20.178468448 33.103232339 12.517242615
v 20.212008953 33.137374169 12.510267662
v 20.177885153 33.171515999 12.513297800
v 21.747670505 33.801333981 23.761583744
v 21.838862245 33.708536679 23.746465808
v 21.932277188 33.800348803 23.746383372
v 21.841085448 33.893146105 23.761501308
v 21.589139413 31.608581185 31.078590024
v 21.698729590 31.500612328 31.088284034
v 21.806340913 31.607303023 31.060032421
v 21.696750735 31.715271880 31.050338410
v 23.605376863 37.659037057 45.489599813
v 23.718661422 37.544433477 45.484637144
v 23.832000564 37.657333916 45.464643905
v 23.718716005 37.771937497 45.469606573
v 24.232779884 33.185267589 54.974673057
v 24.337856375 33.076771781 54.943869720
v 24.446762949 33.185322299 54.933034676
v 24.341686458 33.293818107 54.963838013
v 27.727915588 35.647854532 66.563082556
v 27.822019179 35.556758631 66.561713088
v 27.909290742 35.647456436 66.525472133
v 27.815187151 35.738552337 66.526841600
v 28.969383980 37.664966813 77.400293405
v 29.004563285 37.631855882 77.402609332
v 29.037351313 37.665997719 77.392681548
v 29.002172008 37.699108650 77.390365620
vt 0.000000000 0.000000000
vt 0.000000000 0.250000000
vt 0.000000000 0.500000000
vt 0.000000000 0.750000000
vt 0.015625000 0.000000000
vt 0.015625000 0.250000000
vt 0.015625000 0.500000000
vt 0.015625000 0.750000000
vt 0.031250000 0.000000000
vt 0.031250000 0.250000000
vt 0.031250000 0.500000000
vt 0.031250000 0.750000000
vt 0.046875000 0.000000000
vt 0.046875000 0.250000000
vt 0.046875000 0.500000000
vt 0.046875000 0.750000000
vt 0.062500000 0.000000000
vt 0.062500000 0.250000000
vt 0.062500000 0.500000000
vt 0.062500000 0.750000000
vt 0.078125000 0.000000000
vt 0.078125000 0.250000000
vt 0.078125000 0.500000000
vt 0.078125000 0.750000000
vt 0.093750000 0.000000000
vt 0.093750000 0.250000000
vt 0.093750000 0.500000000
vt 0.093750000 0.750000000
vt 0.109375000 0.000000000
vt 0.109375000 0.250000000
vt 0.109375000 0.500000000
vt 0.109375000 0.750000000
vt 0.125000000 0.000000000
vt 0.125000000 0.250000000
vt 0.125000000 0.500000000
vt 0.125000000 0.750000000
vt 0.140625000 0.000000000
vt 0.140625000 0.250000000
vt 0.140625000 0.500000000
vt 0.140625000 0.750000000
vt 0.156250000 0.000000000
vt 0.156250000 0.250000000
vt 0.156250000 0.500000000
vt 0.156250000 0.750000000
vt 0.171875000 0.000000000
vt 0.171875000 0.250000000
vt 0.171875000 0.500000000
vt 0.171875000 0.750000000
vt 0.187500000 0.000000000
vt 0.187500000 0.250000000
vt 0.187500000 0.500000000
vt 0.187500000 0.750000000
vt 0.203125000 0.000000000
vt 0.203125000 0.250000000
vt 0.203125000 0.500000000
vt 0.203125000 0.750000000
vt 0.218750000 0.000000000
vt 0.218750000 0.250000000
vt 0.218750000 0.500000000
vt 0.218750000 0.750000000
vt 0.234375000 0.000000000
vt 0.234375000 0.250000000
vt 0.234375000 0.500000000
vt 0.234375000 0.750000000
vt 0.250000000 0.000000000
vt 0.250000000 0.250000000
vt 0.250000000 0.500000000
vt 0.250000000 0.750000000
vt 0.265625000 0.000000000
vt 0.265625000 0.250000000
vt 0.265625000 0.500000000
vt 0.265625000 0.750000000
vt 0.281250000 0.000000000
vt 0.281250000 0.250000000
vt 0.281250000 0.500000000
vt 0.281250000 0.750000000
vt 0.296875000 0.000000000
vt 0.296875000 0.250000000
vt 0.296875000 0.500000000
vt 0.296875000 0.750000000
vt 0.312500000 0.000000000
vt 0.312500000 0.250000000
vt 0.312500000 0.500000000
vt 0.312500000 0.750000000
vt 0.328125000 0.000000000
vt 0.328125000 0.250000000
vt 0.328125000 0.500000000
vt 0.328125000 0.750000000
vt 0.343750000 0.000000000
vt 0.343750000 0.250000000
vt 0.343750000 0.500000000
vt 0.343750000 0.750000000
vt 0.359375000 0.000000000
vt 0.359375000 0.250000000
vt 0.359375000 0.500000000
vt 0.359375000 0.750000000
vt 0.375000000 0.000000000
vt 0.375000000 0.250000000
vt 0.375000000 0.500000000
vt 0.375000000 0.750000000
vt 0.390625000 0.000000000
vt 0.390625000 0.250000000
vt 0.390625000 0.500000000
vt 0.390625000 0.750000000
vt 0.406250000 0.000000000
vt 0.406250000 0.250000000
vt 0.406250000 0.500000000
vt 0.406250000 0.750000000
vt 0.421875000 0.000000000
vt 0.421875000 0.250000000
vt 0.421875000 0.500000000
vt 0.421875000 0.750000000
vt 0.437500000 0.000000000
vt 0.437500000 0.250000000
vt 0.437500000 0.500000000
vt 0.437500000 0.750000000
vt 0.453125000 0.000000000
vt 0.453125000 0.250000000
vt 0.453125000 0.500000000
vt 0.453125000 0.750000000
vt 0.468750000 0.000000000
vt 0.468750000 0.250000000
vt 0.468750000 0.500000000
vt 0.468750000 0.750000000
vt 0.484375000 0.000000000
vt 0.484375000 0.250000000
vt 0.484375000 0.500000000
vt 0.484375000 0.750000000
vt 0.500000000 0.000000000
vt 0.500000000 0.250000000
vt 0.500000000 0.500000000
vt 0.500000000 0.750000000
vt 0.515625000 0.000000000
vt 0.515625000 0.250000000
vt 0.515625000 0.500000000
vt 0.515625000 0.750000000
vt 0.531250000 0.000000000
vt 0.531250000 0.250000000
vt 0.531250000 0.500000000
vt 0.531250000 0.750000000
vt 0.546875000 0.000000000
vt 0.546875000 0.250000000
vt 0.546875000 0.500000000
vt 0.546875000 0.750000000
vt 0.562500000 0.000000000
vt 0.562500000 0.250000000
vt 0.562500000 0.500000000
vt 0.562500000 0.750000000
vt 0.578125000 0.000000000
vt 0.578125000 0.250000000
vt 0.578125000 0.500000000
vt 0.578125000 0.750000000
vt 0.593750000 0.000000000
vt 0.593750000 0.250000000
vt 0.593750000 0.500000000
vt 0.593750000 0.750000000
vt 0.609375000 0.000000000
vt 0.609375000 0.250000000
vt 0.609375000 0.500000000
vt 0.609375000 0.750000000
vt 0.625000000 0.000000000
vt 0.625000000 0.250000000
vt 0.625000000 0.500000000
vt 0.625000000 0.750000000
vt 0.640625000 0.000000000
vt 0.640625000 0.250000000
vt 0.640625000 0.500000000
vt 0.640625000 0.750000000
vt 0.656250000 0.000000000
vt 0.656250000 0.250000000
vt 0.656250000 0.500000000
vt 0.656250000 0.750000000
vt 0.671875000 0.000000000
vt 0.671875000 0.250000000
vt 0.671875000 0.500000000
vt 0.671875000 0.750000000
vt 0.687500000 0.000000000
vt 0.687500000 0.250000000
vt 0.687500000 0.500000000
vt 0.687500000 0.750000000
vt 0.703125000 0.000000000
vt 0.703125000 0.250000000
vt 0.703125000 0.500000000
vt 0.703125000 0.750000000
vt 0.718750000 0.000000000
vt 0.718750000 0.250000000
vt 0.718750000 0.500000000
vt 0.718750000 0.750000000
vt 0.734375000 0.000000000
vt 0.734375000 0.250000000
vt 0.734375000 0.500000000
vt 0.734375000 0.750000000
vt 0.750000000 0.000000000
vt 0.750000000 0.250000000
vt 0.750000000 0.500000000
vt 0.750000000 0.750000000
vt 0.765625000 0.000000000
vt 0.765625000 0.250000000
vt 0.765625000 0.500000000
vt 0.765625000 0.750000000
vt 0.781250000 0.000000000
vt 0.781250000 0.250000000
vt 0.781250000 0.500000000
vt 0.781250000 0.750000000
vt 0.796875000 0.000000000
vt 0.796875000 0.250000000
vt 0.796875000 0.500000000
vt 0.796875000 0.750000000
vt 0.812500000 0.000000000
vt 0.812500000 0.250000000
vt 0.812500000 0.500000000
vt 0.812500000 0.750000000
vt 0.828125000 0.000000000
vt 0.828125000 0.250000000
vt 0.828125000 0.500000000
vt 0.828125000 0.750000000
vt 0.843750000 0.000000000
vt 0.843750000 0.250000000
vt 0.843750000 0.500000000
vt 0.843750000 0.750000000
vt 0.859375000 0.000000000
vt 0.859375000 0.250000000
vt 0.859375000 0.500000000
vt 0.859375000 0.750000000
vt 0.875000000 0.000000000
vt 0.875000000 0.250000000
vt 0.875000000 0.500000000
vt 0.875000000 0.750000000
vt 0.890625000 0.000000000
vt 0.890625000 0.250000000
vt 0.890625000 0.500000000
vt 0.890625000 0.750000000
vt 0.906250000 0.000000000
vt 0.906250000 0.250000000
vt 0.906250000 0.500000000
vt 0.906250000 0.750000000
vt 0.921875000 0.000000000
vt 0.921875000 0.250000000
vt 0.921875000 0.500000000
vt 0.921875000 0.750000000
vt 0.937500000 0.000000000
vt 0.937500000 0.250000000
vt 0.937500000 0.500000000
vt 0.937500000 0.750000000
vt 0.953125000 0.000000000
vt 0.953125000 0.250000000
vt 0.953125000 0.500000000
vt 0.953125000 0.750000000
vt 0.968750000 0.000000000
vt 0.968750000 0.250000000
vt 0.968750000 0.500000000
vt 0.968750000 0.750000000
vt 0.984375000 0.000000000
vt 0.984375000 0.250000000
vt 0.984375000 0.500000000
vt 0.984375000 0.750000000
vt 1.000000000 0.000000000
vt 1.000000000 0.250000000
vt 1.000000000 0.500000000
vt 1.000000000 0.750000000
vt 0.000000000 2.000000000
vt 0.000000000 2.250000000
vt 0.000000000 2.500000000
vt 0.000000000 2.750000000
vt 0.015625000 2.000000000
vt 0.015625000 2.250000000
vt 0.015625000 2.500000000
vt 0.015625000 2.750000000
vt 0.031250000 2.000000000
vt 0.031250000 2.250000000
vt 0.031250000 2.500000000
vt 0.031250000 2.750000000
vt 0.046875000 2.000000000
vt 0.046875000 2.250000000
vt 0.046875000 2.500000000
vt 0.046875000 2.750000000
vt 0.062500000 2.000000000
vt 0.062500000 2.250000000
vt 0.062500000 2.500000000
vt 0.062500000 2.750000000
vt 0.078125000 2.000000000
vt 0.078125000 2.250000000
vt 0.078125000 2.500000000
vt 0.078125000 2.750000000
vt 0.093750000 2.000000000
vt 0.093750000 2.250000000
vt 0.093750000 2.500000000
vt 0.093750000 2.750000000
vt 0.109375000 2.000000000
vt 0.109375000 2.250000000
vt 0.109375000 2.500000000
vt 0.109375000 2.750000000
vt 0.125000000 2.000000000
vt 0.125000000 2.250000000
vt 0.125000000 2.500000000
vt 0.125000000 2.750000000
vt 0.140625000 2.000000000
vt 0.140625000 2.250000000
vt 0.140625000 2.500000000
vt 0.140625000 2.750000000
vt 0.156250000 2.000000000
vt 0.156250000 2.250000000
vt 0.156250000 2.500000000
vt 0.156250000 2.750000000
vt 0.171875000 2.000000000
vt 0.171875000 2.250000000
vt 0.171875000 2.500000000
vt 0.171875000 2.750000000
vt 0.187500000 2.000000000
vt 0.187500000 2.250000000
vt 0.187500000 2.500000000
vt 0.187500000 2.750000000
vt 0.203125000 2.000000000
vt 0.203125000 2.250000000
vt 0.203125000 2.500000000
vt 0.203125000 2.750000000
vt 0.218750000 2.000000000
vt 0.218750000 2.250000000
vt 0.218750000 2.500000000
vt 0.218750000 2.750000000
vt 0.234375000 2.000000000
vt 0.234375000 2.250000000
vt 0.234375000 2.500000000
vt 0.234375000 2.750000000
vt 0.250000000 2.000000000
vt 0.250000000 2.250000000
vt 0.250000000 2.500000000
vt 0.250000000 2.750000000
vt 0.265625000 2.000000000
vt 0.265625000 2.250000000
vt 0.265625000 2.500000000
vt 0.265625000 2.750000000
vt 0.281250000 2.000000000
vt 0.281250000 2.250000000
vt 0.281250000 2.500000000
vt 0.281250000 2.750000000
vt 0.296875000 2.000000000
vt 0.296875000 2.250000000
vt 0.296875000 2.500000000
vt 0.296875000 2.750000000
vt 0.312500000 2.000000000
vt 0.312500000 2.250000000
vt 0.312500000 2.500000000
vt 0.312500000 2.750000000
vt 0.328125000 2.000000000
vt 0.328125000 2.250000000
vt 0.328125000 2.500000000
vt 0.328125000 2.750000000
vt 0.343750000 2.000000000
vt 0.343750000 2.250000000
vt 0.343750000 2.500000000
vt 0.343750000 2.750000000
vt 0.359375000 2.000000000
vt 0.359375000 2.250000000
vt 0.359375000 2.500000000
vt 0.359375000 2.750000000
vt 0.375000000 2.000000000
vt 0.375000000 2.250000000
vt 0.375000000 2.500000000
vt 0.375000000 2.750000000
vt 0.390625000 2.000000000
vt 0.390625000 2.250000000
vt 0.390625000 2.500000000
vt 0.390625000 2.750000000
vt 0.406250000 2.000000000
vt 0.406250000 2.250000000
vt 0.406250000 2.500000000
vt 0.406250000 2.750000000
vt 0.421875000 2.000000000
vt 0.421875000 2.250000000
vt 0.421875000 2.500000000
vt 0.421875000 2.750000000
vt 0.437500000 2.000000000
vt 0.437500000 2.250000000
vt 0.437500000 2.500000000
vt 0.437500000 2.750000000
vt 0.453125000 2.000000000
vt 0.453125000 2.250000000
vt 0.453125000 2.500000000
vt 0.453125000 2.750000000
vt 0.468750000 2.000000000
vt 0.468750000 2.250000000
vt 0.468750000 2.500000000
vt 0.468750000 2.750000000
vt 0.484375000 2.000000000
vt 0.484375000 2.250000000
vt 0.484375000 2.500000000
vt 0.484375000 2.750000000
vt 0.500000000 2.000000000
vt 0.500000000 2.250000000
vt 0.500000000 2.500000000
vt 0.500000000 2.750000000
vt 0.515625000 2.000000000
vt 0.515625000 2.250000000
vt 0.515625000 2.500000000
vt 0.515625000 2.750000000
vt 0.531250000 2.000000000
vt 0.531250000 2.250000000
vt 0.531250000 2.500000000
vt 0.531250000 2.750000000
vt 0.546875000 2.000000000
vt 0.546875000 2.250000000
vt 0.546875000 2.500000000
vt 0.546875000 2.750000000
vt 0.562500000 2.000000000
vt 0.562500000 2.250000000
vt 0.562500000 2.500000000
vt 0.562500000 2.750000000
vt 0.578125000 2.000000000
vt 0.578125000 2.250000000
vt 0.578125000 2.500000000
vt 0.578125000 2.750000000
vt 0.593750000 2.000000000
vt 0.593750000 2.250000000
vt 0.593750000 2.500000000
vt 0.593750000 2.750000000
vt 0.609375000 2.000000000
vt 0.609375000 2.250000000
vt 0.609375000 2.500000000
vt 0.609375000 2.750000000
vt 0.625000000 2.000000000
vt 0.625000000 2.250000000
vt 0.625000000 2.500000000
vt 0.625000000 2.750000000
vt 0.640625000 2.000000000
vt 0.640625000 2.250000000
vt 0.640625000 2.500000000
vt 0.640625000 2.750000000
vt 0.656250000 2.000000000
vt 0.656250000 2.250000000
vt 0.656250000 2.500000000
vt 0.656250000 2.750000000
vt 0.671875000 2.000000000
vt 0.671875000 2.250000000
vt 0.671875000 2.500000000
vt 0.671875000 2.750000000
vt 0.687500000 2.000000000
vt 0.687500000 2.250000000
vt 0.687500000 2.500000000
vt 0.687500000 2.750000000
vt 0.703125000 2.000000000
vt 0.703125000 2.250000000
vt 0.703125000 2.500000000
vt 0.703125000 2.750000000
vt 0.718750000 2.000000000
vt 0.718750000 2.250000000
vt 0.718750000 2.500000000
vt 0.718750000 2.750000000
vt 0.734375000 2.000000000
vt 0.734375000 2.250000000
vt 0.734375000 2.500000000
vt 0.734375000 2.750000000
vt 0.750000000 2.000000000
vt 0.750000000 2.250000000
vt 0.750000000 2.500000000
vt 0.750000000 2.750000000
vt 0.765625000 2.000000000
vt 0.765625000 2.250000000
vt 0.765625000 2.500000000
vt 0.765625000 2.750000000
vt 0.781250000 2.000000000
vt 0.781250000 2.250000000
vt 0.781250000 2.500000000
vt 0.781250000 2.750000000
vt 0.796875000 2.000000000
vt 0.796875000 2.250000000
vt 0.796875000 2.500000000
vt 0.796875000 2.750000000
vt 0.812500000 2.000000000
vt 0.812500000 2.250000000
vt 0.812500000 2.500000000
vt 0.812500000 2.750000000
vt 0.828125000 2.000000000
vt 0.828125000 2.250000000
vt 0.828125000 2.500000000
vt 0.828125000 2.750000000
vt 0.843750000 2.000000000
vt 0.843750000 2.250000000
vt 0.843750000 2.500000000
vt 0.843750000 2.750000000
vt 0.859375000 2.000000000
vt 0.859375000 2.250000000
vt 0.859375000 2.500000000
vt 0.859375000 2.750000000
vt 0.875000000 2.000000000
vt 0.875000000 2.250000000
vt 0.875000000 2.500000000
vt 0.875000000 2.750000000
vt 0.890625000 2.000000000
vt 0.890625000 2.250000000
vt 0.890625000 2.500000000
vt 0.890625000 2.750000000
vt 0.906250000 2.000000000
vt 0.906250000 2.250000000
vt 0.906250000 2.500000000
vt 0.906250000 2.750000000
vt 0.921875000 2.000000000
vt 0.921875000 2.250000000
vt 0.921875000 2.500000000
vt 0.921875000 2.750000000
vt 0.937500000 2.000000000
vt 0.937500000 2.250000000
vt 0.937500000 2.500000000
vt 0.937500000 2.750000000
vt 0.953125000 2.000000000
vt 0.953125000 2.250000000
vt 0.953125000 2.500000000
vt 0.953125000 2.750000000
vt 0.968750000 2.000000000
vt 0.968750000 2.250000000
vt 0.968750000 2.500000000
vt 0.968750000 2.750000000
vt 0.984375000 2.000000000
vt 0.984375000 2.250000000
vt 0.984375000 2.500000000
vt 0.984375000 2.750000000
vt 1.000000000 2.000000000
vt 1.000000000 2.250000000
vt 1.000000000 2.500000000
vt 1.000000000 2.750000000
vt 0.000000000 4.000000000
vt 0.000000000 4.250000000
vt 0.000000000 4.500000000
vt 0.000000000 4.750000000
vt 0.015625000 4.000000000
vt 0.015625000 4.250000000
vt 0.015625000 4.500000000
vt 0.015625000 4.750000000
vt 0.031250000 4.000000000
vt 0.031250000 4.250000000
vt 0.031250000 4.500000000
vt 0.031250000 4.750000000
vt 0.046875000 4.000000000
vt 0.046875000 4.250000000
vt 0.046875000 4.500000000
vt 0.046875000 4.750000000
vt 0.062500000 4.000000000
vt 0.062500000 4.250000000
vt 0.062500000 4.500000000
vt 0.062500000 4.750000000
vt 0.078125000 4.000000000
vt 0.078125000 4.250000000
vt 0.078125000 4.500000000
vt 0.078125000 4.750000000
vt 0.093750000 4.000000000
vt 0.093750000 4.250000000
vt 0.093750000 4.500000000
vt 0.093750000 4.750000000
vt 0.109375000 4.000000000
vt 0.109375000 4.250000000
vt 0.109375000 4.500000000
vt 0.109375000 4.750000000
vt 0.125000000 4.000000000
vt 0.125000000 4.250000000
vt 0.125000000 4.500000000
vt 0.125000000 4.750000000
vt 0.140625000 4.000000000
vt 0.140625000 4.250000000
vt 0.140625000 4.500000000
vt 0.140625000 4.750000000
vt 0.156250000 4.000000000
vt 0.156250000 4.250000000
vt 0.156250000 4.500000000
vt 0.156250000 4.750000000
vt 0.171875000 4.000000000
vt 0.171875000 4.250000000
vt 0.171875000 4.500000000
vt 0.171875000 4.750000000
vt 0.187500000 4.000000000
vt 0.187500000 4.250000000
vt 0.187500000 4.500000000
vt 0.187500000 4.750000000
vt 0.203125000 4.000000000
vt 0.203125000 4.250000000
vt 0.203125000 4.500000000
vt 0.203125000 4.750000000
vt 0.218750000 4.000000000
vt 0.218750000 4.250000000
vt 0.218750000 4.500000000
vt 0.218750000 4.750000000
vt 0.234375000 4.000000000
vt 0.234375000 4.250000000
vt 0.234375000 4.500000000
vt 0.234375000 4.750000000
vt 0.250000000 4.000000000
vt 0.250000000 4.250000000
vt 0.250000000 4.500000000
vt 0.250000000 4.750000000
vt 0.265625000 4.000000000
vt 0.265625000 4.250000000
vt 0.265625000 4.500000000
vt 0.265625000 4.750000000
vt 0.281250000 4.000000000
vt 0.281250000 4.250000000
vt 0.281250000 4.500000000
vt 0.281250000 4.750000000
vt 0.296875000 4.000000000
vt 0.296875000 4.250000000
vt 0.296875000 4.500000000
vt 0.296875000 4.750000000
vt 0.312500000 4.000000000
vt 0.312500000 4.250000000
vt 0.312500000 4.500000000
vt 0.312500000 4.750000000
vt 0.328125000 4.000000000
vt 0.328125000 4.250000000
vt 0.328125000 4.500000000
vt 0.328125000 4.750000000
vt 0.343750000 4.000000000
vt 0.343750000 4.250000000
vt 0.343750000 4.500000000
vt 0.343750000 4.750000000
vt 0.359375000 4.000000000
vt 0.359375000 4.250000000
vt 0.359375000 4.500000000
vt 0.359375000 4.750000000
vt 0.375000000 4.000000000
vt 0.375000000 4.250000000
vt 0.375000000 4.500000000
vt 0.375000000 4.750000000
vt 0.390625000 4.000000000
vt 0.390625000 4.250000000
vt 0.390625000 4.500000000
vt 0.390625000 4.750000000
vt 0.406250000 4.000000000
vt 0.406250000 4.250000000
vt 0.406250000 4.500000000
vt 0.406250000 4.750000000
vt 0.421875000 4.000000000
vt 0.421875000 4.250000000
vt 0.421875000 4.500000000
vt 0.421875000 4.750000000
vt 0.437500000 4.000000000
vt 0.437500000 4.250000000
vt 0.437500000 4.500000000
vt 0.437500000 4.750000000
vt 0.453125000 4.000000000
vt 0.453125000 4.250000000
vt 0.453125000 4.500000000
vt 0.453125000 4.750000000
vt 0.468750000 4.000000000
vt 0.468750000 4.250000000
vt 0.468750000 4.500000000
vt 0.468750000 4.750000000
vt 0.484375000 4.000000000
vt 0.484375000 4.250000000
vt 0.484375000 4.500000000
vt 0.484375000 4.750000000
vt 0.500000000 4.000000000
vt 0.500000000 4.250000000
vt 0.500000000 4.500000000
vt 0.500000000 4.750000000
vt 0.515625000 4.000000000
vt 0.515625000 4.250000000
vt 0.515625000 4.500000000
vt 0.515625000 4.750000000
vt 0.531250000 4.000000000
vt 0.531250000 4.250000000
vt 0.531250000 4.500000000
vt 0.531250000 4.750000000
vt 0.546875000 4.000000000
vt 0.546875000 4.250000000
vt 0.546875000 4.500000000
vt 0.546875000 4.750000000
vt 0.562500000 4.000000000
vt 0.562500000 4.250000000
vt 0.562500000 4.500000000
vt 0.562500000 4.750000000
vt 0.578125000 4.000000000
vt 0.578125000 4.250000000
vt 0.578125000 4.500000000
vt 0.578125000 4.750000000
vt 0.593750000 4.000000000
vt 0.593750000 4.250000000
vt 0.593750000 4.500000000
vt 0.593750000 4.750000000
vt 0.609375000 4.000000000
vt 0.609375000 4.250000000
vt 0.609375000 4.500000000
vt 0.609375000 4.750000000
vt 0.625000000 4.000000000
vt 0.625000000 4.250000000
vt 0.625000000 4.500000000
vt 0.625000000 4.750000000
vt 0.640625000 4.000000000
vt 0.640625000 4.250000000
vt 0.640625000 4.500000000
vt 0.640625000 4.750000000
vt 0.656250000 4.000000000
vt 0.656250000 4.250000000
vt 0.656250000 4.500000000
vt 0.656250000 4.750000000
vt 0.671875000 4.000000000
vt 0.671875000 4.250000000
vt 0.671875000 4.500000000
vt 0.671875000 4.750000000
vt 0.687500000 4.000000000
vt 0.687500000 4.250000000
vt 0.687500000 4.500000000
vt 0.687500000 4.750000000
vt 0.703125000 4.000000000
vt 0.703125000 4.250000000
vt 0.703125000 4.500000000
vt 0.703125000 4.750000000
vt 0.718750000 4.000000000
vt 0.718750000 4.250000000
vt 0.718750000 4.500000000
vt 0.718750000 4.750000000
vt 0.734375000 4.000000000
vt 0.734375000 4.250000000
vt 0.734375000 4.500000000
vt 0.734375000 4.750000000
vt 0.750000000 4.000000000
vt 0.750000000 4.250000000
vt 0.750000000 4.500000000
vt 0.750000000 4.750000000
vt 0.765625000 4.000000000
vt 0.765625000 4.250000000
vt 0.765625000 4.500000000
vt 0.765625000 4.750000000
vt 0.781250000 4.000000000
vt 0.781250000 4.250000000
vt 0.781250000 4.500000000
vt 0.781250000 4.750000000
vt 0.796875000 4.000000000
vt 0.796875000 4.250000000
vt 0.796875000 4.500000000
vt 0.796875000 4.750000000
vt 0.812500000 4.000000000
vt 0.812500000 4.250000000
vt 0.812500000 4.500000000
vt 0.812500000 4.750000000
vt 0.828125000 4.000000000
vt 0.828125000 4.250000000
vt 0.828125000 4.500000000
vt 0.828125000 4.750000000
vt 0.843750000 4.000000000
vt 0.843750000 4.250000000
vt 0.843750000 4.500000000
vt 0.843750000 4.750000000
vt 0.859375000 4.000000000
vt 0.859375000 4.250000000
vt 0.859375000 4.500000000
vt 0.859375000 4.750000000
vt 0.875000000 4.000000000
vt 0.875000000 4.250000000
vt 0.875000000 4.500000000
vt 0.875000000 4.750000000
vt 0.890625000 4.000000000
vt 0.890625000 4.250000000
vt 0.890625000 4.500000000
vt 0.890625000 4.750000000
vt 0.906250000 4.000000000
vt 0.906250000 4.250000000
vt 0.906250000 4.500000000
vt 0.906250000 4.750000000
vt 0.921875000 4.000000000
vt 0.921875000 4.250000000
vt 0.921875000 4.500000000
vt 0.921875000 4.750000000
vt 0.937500000 4.000000000
vt 0.937500000 4.250000000
vt 0.937500000 4.500000000
vt 0.937500000 4.750000000
vt 0.953125000 4.000000000
vt 0.953125000 4.250000000
vt 0.953125000 4.500000000
vt 0.953125000 4.750000000
vt 0.968750000 4.000000000
vt 0.968750000 4.250000000
vt 0.968750000 4.500000000
vt 0.968750000 4.750000000
vt 0.984375000 4.000000000
vt 0.984375000 4.250000000
vt 0.984375000 4.500000000
vt 0.984375000 4.750000000
vt 1.000000000 4.000000000
vt 1.000000000 4.250000000
vt 1.000000000 4.500000000
vt 1.000000000 4.750000000
vt 4.000000000 6.000000000
vt 4.000000000 6.250000000
vt 4.000000000 6.500000000
vt 4.000000000 6.750000000
vt 4.083333333 6.000000000
vt 4.083333333 6.250000000
vt 4.083333333 6.500000000
vt 4.083333333 6.750000000
vt 4.166666667 6.000000000
vt 4.166666667 6.250000000
vt 4.166666667 6.500000000
vt 4.166666667 6.750000000
vt 4.250000000 6.000000000
vt 4.250000000 6.250000000
vt 4.250000000 6.500000000
vt 4.250000000 6.750000000
vt 4.333333333 6.000000000
vt 4.333333333 6.250000000
vt 4.333333333 6.500000000
vt 4.333333333 6.750000000
vt 4.416666667 6.000000000
vt 4.416666667 6.250000000
vt 4.416666667 6.500000000
vt 4.416666667 6.750000000
vt 4.500000000 6.000000000
vt 4.500000000 6.250000000
vt 4.500000000 6.500000000
vt 4.500000000 6.750000000
vt 4.583333333 6.000000000
vt 4.583333333 6.250000000
vt 4.583333333 6.500000000
vt 4.583333333 6.750000000
vt 4.666666667 6.000000000
vt 4.666666667 6.250000000
vt 4.666666667 6.500000000
vt 4.666666667 6.750000000
vt 4.750000000 6.000000000
vt 4.750000000 6.250000000
vt 4.750000000 6.500000000
vt 4.750000000 6.750000000
vt 4.833333333 6.000000000
vt 4.833333333 6.250000000
vt 4.833333333 6.500000000
vt 4.833333333 6.750000000
vt 4.916666667 6.000000000
vt 4.916666667 6.250000000
vt 4.916666667 6.500000000
vt 4.916666667 6.750000000
vt 5.000000000 6.000000000
vt 5.000000000 6.250000000
vt 5.000000000 6.500000000
vt 5.000000000 6.750000000
vt 8.000000000 8.000000000
vt 8.000000000 8.250000000
vt 8.000000000 8.500000000
vt 8.000000000 8.750000000
vt 8.166666667 8.000000000
vt 8.166666667 8.250000000
vt 8.166666667 8.500000000
vt 8.166666667 8.750000000
vt 8.333333333 8.000000000
vt 8.333333333 8.250000000
vt 8.333333333 8.500000000
vt 8.333333333 8.750000000
vt 8.500000000 8.000000000
vt 8.500000000 8.250000000
vt 8.500000000 8.500000000
vt 8.500000000 8.750000000
vt 8.666666667 8.000000000
vt 8.666666667 8.250000000
vt 8.666666667 8.500000000
vt 8.666666667 8.750000000
vt 8.833333333 8.000000000
vt 8.833333333 8.250000000
vt 8.833333333 8.500000000
vt 8.833333333 8.750000000
vt 9.000000000 8.000000000
vt 9.000000000 8.250000000
vt 9.000000000 8.500000000
vt 9.000000000 8.750000000
vt 8.000000000 10.000000000
vt 8.000000000 10.250000000
vt 8.000000000 10.500000000
vt 8.000000000 10.750000000
vt 8.166666667 10.000000000
vt 8.166666667 10.250000000
vt 8.166666667 10.500000000
vt 8.166666667 10.750000000
vt 8.333333333 10.000000000
vt 8.333333333 10.250000000
vt 8.333333333 10.500000000
vt 8.333333333 10.750000000
vt 8.500000000 10.000000000
vt 8.500000000 10.250000000
vt 8.500000000 10.500000000
vt 8.500000000 10.750000000
vt 8.666666667 10.000000000
vt 8.666666667 10.250000000
vt 8.666666667 10.500000000
vt 8.666666667 10.750000000
vt 8.833333333 10.000000000
vt 8.833333333 10.250000000
vt 8.833333333 10.500000000
vt 8.833333333 10.750000000
vt 9.000000000 10.000000000
vt 9.000000000 10.250000000
vt 9.000000000 10.500000000
vt 9.000000000 10.750000000
vt 4.000000000 12.000000000
vt 4.000000000 12.250000000
vt 4.000000000 12.500000000
vt 4.000000000 12.750000000
vt 4.083333333 12.000000000
vt 4.083333333 12.250000000
vt 4.083333333 12.500000000
vt 4.083333333 12.750000000
vt 4.166666667 12.000000000
vt 4.166666667 12.250000000
vt 4.166666667 12.500000000
vt 4.166666667 12.750000000
vt 4.250000000 12.000000000
vt 4.250000000 12.250000000
vt 4.250000000 12.500000000
vt 4.250000000 12.750000000
vt 4.333333333 12.000000000
vt 4.333333333 12.250000000
vt 4.333333333 12.500000000
vt 4.333333333 12.750000000
vt 4.416666667 12.000000000
vt 4.416666667 12.250000000
vt 4.416666667 12.500000000
vt 4.416666667 12.750000000
vt 4.500000000 12.000000000
vt 4.500000000 12.250000000
vt 4.500000000 12.500000000
vt 4.500000000 12.750000000
vt 4.583333333 12.000000000
vt 4.583333333 12.250000000
vt 4.583333333 12.500000000
vt 4.583333333 12.750000000
vt 4.666666667 12.000000000
vt 4.666666667 12.250000000
vt 4.666666667 12.500000000
vt 4.666666667 12.750000000
vt 4.750000000 12.000000000
vt 4.750000000 12.250000000
vt 4.750000000 12.500000000
vt 4.750000000 12.750000000
vt 4.833333333 12.000000000
vt 4.833333333 12.250000000
vt 4.833333333 12.500000000
vt 4.833333333 12.750000000
vt 4.916666667 12.000000000
vt 4.916666667 12.250000000
vt 4.916666667 12.500000000
vt 4.916666667 12.750000000
vt 5.000000000 12.000000000
vt 5.000000000 12.250000000
vt 5.000000000 12.500000000
vt 5.000000000 12.750000000
vt 8.000000000 14.000000000
vt 8.000000000 14.250000000
vt 8.000000000 14.500000000
vt 8.000000000 14.750000000
vt 8.166666667 14.000000000
vt 8.166666667 14.250000000
vt 8.166666667 14.500000000
vt 8.166666667 14.750000000
vt 8.333333333 14.000000000
vt 8.333333333 14.250000000
vt 8.333333333 14.500000000
vt 8.333333333 14.750000000
vt 8.500000000 14.000000000
vt 8.500000000 14.250000000
vt 8.500000000 14.500000000
vt 8.500000000 14.750000000
vt 8.666666667 14.000000000
vt 8.666666667 14.250000000
vt 8.666666667 14.500000000
vt 8.666666667 14.750000000
vt 8.833333333 14.000000000
vt 8.833333333 14.250000000
vt 8.833333333 14.500000000
vt 8.833333333 14.750000000
vt 9.000000000 14.000000000
vt 9.000000000 14.250000000
vt 9.000000000 14.500000000
vt 9.000000000 14.750000000
vt 8.000000000 16.000000000
vt 8.000000000 16.250000000
vt 8.000000000 16.500000000
vt 8.000000000 16.750000000
vt 8.166666667 16.000000000
vt 8.166666667 16.250000000
vt 8.166666667 16.500000000
vt 8.166666667 16.750000000
vt 8.333333333 16.000000000
vt 8.333333333 16.250000000
vt 8.333333333 16.500000000
vt 8.333333333 16.750000000
vt 8.500000000 16.000000000
vt 8.500000000 16.250000000
vt 8.500000000 16.500000000
vt 8.500000000 16.750000000
vt 8.666666667 16.000000000
vt 8.666666667 16.250000000
vt 8.666666667 16.500000000
vt 8.666666667 16.750000000
vt 8.833333333 16.000000000
vt 8.833333333 16.250000000
vt 8.833333333 16.500000000
vt 8.833333333 16.750000000
vt 9.000000000 16.000000000
vt 9.000000000 16.250000000
vt 9.000000000 16.500000000
vt 9.000000000 16.750000000
vt 4.000000000 18.000000000
vt 4.000000000 18.250000000
vt 4.000000000 18.500000000
vt 4.000000000 18.750000000
vt 4.083333333 18.000000000
vt 4.083333333 18.250000000
vt 4.083333333 18.500000000
vt 4.083333333 18.750000000
vt 4.166666667 18.000000000
vt 4.166666667 18.250000000
vt 4.166666667 18.500000000
vt 4.166666667 18.750000000
vt 4.250000000 18.000000000
vt 4.250000000 18.250000000
vt 4.250000000 18.500000000
vt 4.250000000 18.750000000
vt 4.333333333 18.000000000
vt 4.333333333 18.250000000
vt 4.333333333 18.500000000
vt 4.333333333 18.750000000
vt 4.416666667 18.000000000
vt 4.416666667 18.250000000
vt 4.416666667 18.500000000
vt 4.416666667 18.750000000
vt 4.500000000 18.000000000
vt 4.500000000 18.250000000
vt 4.500000000 18.500000000
vt 4.500000000 18.750000000
vt 4.583333333 18.000000000
vt 4.583333333 18.250000000
vt 4.583333333 18.500000000
vt 4.583333333 18.750000000
vt 4.666666667 18.000000000
vt 4.666666667 18.250000000
vt 4.666666667 18.500000000
vt 4.666666667 18.750000000
vt 4.750000000 18.000000000
vt 4.750000000 18.250000000
vt 4.750000000 18.500000000
vt 4.750000000 18.750000000
vt 4.833333333 18.000000000
vt 4.833333333 18.250000000
vt 4.833333333 18.500000000
vt 4.833333333 18.750000000
vt 4.916666667 18.000000000
vt 4.916666667 18.250000000
vt 4.916666667 18.500000000
vt 4.916666667 18.750000000
vt 5.000000000 18.000000000
vt 5.000000000 18.250000000
vt 5.000000000 18.500000000
vt 5.000000000 18.750000000
vt 8.000000000 20.000000000
vt 8.000000000 20.250000000
vt 8.000000000 20.500000000
vt 8.000000000 20.750000000
vt 8.166666667 20.000000000
vt 8.166666667 20.250000000
vt 8.166666667 20.500000000
vt 8.166666667 20.750000000
vt 8.333333333 20.000000000
vt 8.333333333 20.250000000
vt 8.333333333 20.500000000
vt 8.333333333 20.750000000
vt 8.500000000 20.000000000
vt 8.500000000 20.250000000
vt 8.500000000 20.500000000
vt 8.500000000 20.750000000
vt 8.666666667 20.000000000
vt 8.666666667 20.250000000
vt 8.666666667 20.500000000
vt 8.666666667 20.750000000
vt 8.833333333 20.000000000
vt 8.833333333 20.250000000
vt 8.833333333 20.500000000
vt 8.833333333 20.750000000
vt 9.000000000 20.000000000
vt 9.000000000 20.250000000
vt 9.000000000 20.500000000
vt 9.000000000 20.750000000
vt 8.000000000 22.000000000
vt 8.000000000 22.250000000
vt 8.000000000 22.500000000
vt 8.000000000 22.750000000
vt 8.166666667 22.000000000
vt 8.166666667 22.250000000
vt 8.166666667 22.500000000
vt 8.166666667 22.750000000
vt 8.333333333 22.000000000
vt 8.333333333 22.250000000
vt 8.333333333 22.500000000
vt 8.333333333 22.750000000
vt 8.500000000 22.000000000
vt 8.500000000 22.250000000
vt 8.500000000 22.500000000
vt 8.500000000 22.750000000
vt 8.666666667 22.000000000
vt 8.666666667 22.250000000
vt 8.666666667 22.500000000
vt 8.666666667 22.750000000
vt 8.833333333 22.000000000
vt 8.833333333 22.250000000
vt 8.833333333 22.500000000
vt 8.833333333 22.750000000
vt 9.000000000 22.000000000
vt 9.000000000 22.250000000
vt 9.000000000 22.500000000
vt 9.000000000 22.750000000
vt 4.000000000 24.000000000
vt 4.000000000 24.250000000
vt 4.000000000 24.500000000
vt 4.000000000 24.750000000
vt 4.083333333 24.000000000
vt 4.083333333 24.250000000
vt 4.083333333 24.500000000
vt 4.083333333 24.750000000
vt 4.166666667 24.000000000
vt 4.166666667 24.250000000
vt 4.166666667 24.500000000
vt 4.166666667 24.750000000
vt 4.250000000 24.000000000
vt 4.250000000 24.250000000
vt 4.250000000 24.500000000
vt 4.250000000 24.750000000
vt 4.333333333 24.000000000
vt 4.333333333 24.250000000
vt 4.333333333 24.500000000
vt 4.333333333 24.750000000
vt 4.416666667 24.000000000
vt 4.416666667 24.250000000
vt 4.416666667 24.500000000
vt 4.416666667 24.750000000
vt 4.500000000 24.000000000
vt 4.500000000 24.250000000
vt 4.500000000 24.500000000
vt 4.500000000 24.750000000
vt 4.583333333 24.000000000
vt 4.583333333 24.250000000
vt 4.583333333 24.500000000
vt 4.583333333 24.750000000
vt 4.666666667 24.000000000
vt 4.666666667 24.250000000
vt 4.666666667 24.500000000
vt 4.666666667 24.750000000
vt 4.750000000 24.000000000
vt 4.750000000 24.250000000
vt 4.750000000 24.500000000
vt 4.750000000 24.750000000
vt 4.833333333 24.000000000
vt 4.833333333 24.250000000
vt 4.833333333 24.500000000
vt 4.833333333 24.750000000
vt 4.916666667 24.000000000
vt 4.916666667 24.250000000
vt 4.916666667 24.500000000
vt 4.916666667 24.750000000
vt 5.000000000 24.000000000
vt 5.000000000 24.250000000
vt 5.000000000 24.500000000
vt 5.000000000 24.750000000
vt 8.000000000 26.000000000
vt 8.000000000 26.250000000
vt 8.000000000 26.500000000
vt 8.000000000 26.750000000
vt 8.166666667 26.000000000
vt 8.166666667 26.250000000
vt 8.166666667 26.500000000
vt 8.166666667 26.750000000
vt 8.333333333 26.000000000
vt 8.333333333 26.250000000
vt 8.333333333 26.500000000
vt 8.333333333 26.750000000
vt 8.500000000 26.000000000
vt 8.500000000 26.250000000
vt 8.500000000 26.500000000
vt 8.500000000 26.750000000
vt 8.666666667 26.000000000
vt 8.666666667 26.250000000
vt 8.666666667 26.500000000
vt 8.666666667 26.750000000
vt 8.833333333 26.000000000
vt 8.833333333 26.250000000
vt 8.833333333 26.500000000
vt 8.833333333 26.750000000
vt 9.000000000 26.000000000
vt 9.000000000 26.250000000
vt 9.000000000 26.500000000
vt 9.000000000 26.750000000
vt 8.000000000 28.000000000
vt 8.000000000 28.250000000
vt 8.000000000 28.500000000
vt 8.000000000 28.750000000
vt 8.166666667 28.000000000
vt 8.166666667 28.250000000
vt 8.166666667 28.500000000
vt 8.166666667 28.750000000
vt 8.333333333 28.000000000
vt 8.333333333 28.250000000
vt 8.333333333 28.500000000
vt 8.333333333 28.750000000
vt 8.500000000 28.000000000
vt 8.500000000 28.250000000
vt 8.500000000 28.500000000
vt 8.500000000 28.750000000
vt 8.666666667 28.000000000
vt 8.666666667 28.250000000
vt 8.666666667 28.500000000
vt 8.666666667 28.750000000
vt 8.833333333 28.000000000
vt 8.833333333 28.250000000
vt 8.833333333 28.500000000
vt 8.833333333 28.750000000
vt 9.000000000 28.000000000
vt 9.000000000 28.250000000
vt 9.000000000 28.500000000
vt 9.000000000 28.750000000
vt 4.000000000 30.000000000
vt 4.000000000 30.250000000
vt 4.000000000 30.500000000
vt 4.000000000 30.750000000
vt 4.083333333 30.000000000
vt 4.083333333 30.250000000
vt 4.083333333 30.500000000
vt 4.083333333 30.750000000
vt 4.166666667 30.000000000
vt 4.166666667 30.250000000
vt 4.166666667 30.500000000
vt 4.166666667 30.750000000
vt 4.250000000 30.000000000
vt 4.250000000 30.250000000
vt 4.250000000 30.500000000
vt 4.250000000 30.750000000
vt 4.333333333 30.000000000
vt 4.333333333 30.250000000
vt 4.333333333 30.500000000
vt 4.333333333 30.750000000
vt 4.416666667 30.000000000
vt 4.416666667 30.250000000
vt 4.416666667 30.500000000
vt 4.416666667 30.750000000
vt 4.500000000 30.000000000
vt 4.500000000 30.250000000
vt 4.500000000 30.500000000
vt 4.500000000 30.750000000
vt 4.583333333 30.000000000
vt 4.583333333 30.250000000
vt 4.583333333 30.500000000
vt 4.583333333 30.750000000
vt 4.666666667 30.000000000
vt 4.666666667 30.250000000
vt 4.666666667 30.500000000
vt 4.666666667 30.750000000
vt 4.750000000 30.000000000
vt 4.750000000 30.250000000
vt 4.750000000 30.500000000
vt 4.750000000 30.750000000
vt 4.833333333 30.000000000
vt 4.833333333 30.250000000
vt 4.833333333 30.500000000
vt 4.833333333 30.750000000
vt 4.916666667 30.000000000
vt 4.916666667 30.250000000
vt 4.916666667 30.500000000
vt 4.916666667 30.750000000
vt 5.000000000 30.000000000
vt 5.000000000 30.250000000
vt 5.000000000 30.500000000
vt 5.000000000 30.750000000
vt 8.000000000 32.000000000
vt 8.000000000 32.250000000
vt 8.000000000 32.500000000
vt 8.000000000 32.750000000
vt 8.166666667 32.000000000
vt 8.166666667 32.250000000
vt 8.166666667 32.500000000
vt 8.166666667 32.750000000
vt 8.333333333 32.000000000
vt 8.333333333 32.250000000
vt 8.333333333 32.500000000
vt 8.333333333 32.750000000
vt 8.500000000 32.000000000
vt 8.500000000 32.250000000
vt 8.500000000 32.500000000
vt 8.500000000 32.750000000
vt 8.666666667 32.000000000
vt 8.666666667 32.250000000
vt 8.666666667 32.500000000
vt 8.666666667 32.750000000
vt 8.833333333 32.000000000
vt 8.833333333 32.250000000
vt 8.833333333 32.500000000
vt 8.833333333 32.750000000
vt 9.000000000 32.000000000
vt 9.000000000 32.250000000
vt 9.000000000 32.500000000
vt 9.000000000 32.750000000
vt 8.000000000 34.000000000
vt 8.000000000 34.250000000
vt 8.000000000 34.500000000
vt 8.000000000 34.750000000
vt 8.166666667 34.000000000
vt 8.166666667 34.250000000
vt 8.166666667 34.500000000
vt 8.166666667 34.750000000
vt 8.333333333 34.000000000
vt 8.333333333 34.250000000
vt 8.333333333 34.500000000
vt 8.333333333 34.750000000
vt 8.500000000 34.000000000
vt 8.500000000 34.250000000
vt 8.500000000 34.500000000
vt 8.500000000 34.750000000
vt 8.666666667 34.000000000
vt 8.666666667 34.250000000
vt 8.666666667 34.500000000
vt 8.666666667 34.750000000
vt 8.833333333 34.000000000
vt 8.833333333 34.250000000
vt 8.833333333 34.500000000
vt 8.833333333 34.750000000
vt 9.000000000 34.000000000
vt 9.000000000 34.250000000
vt 9.000000000 34.500000000
vt 9.000000000 34.750000000
vt 4.000000000 36.000000000
vt 4.000000000 36.250000000
vt 4.000000000 36.500000000
vt 4.000000000 36.750000000
vt 4.083333333 36.000000000
vt 4.083333333 36.250000000
vt 4.083333333 36.500000000
vt 4.083333333 36.750000000
vt 4.166666667 36.000000000
vt 4.166666667 36.250000000
vt 4.166666667 36.500000000
vt 4.166666667 36.750000000
vt 4.250000000 36.000000000
vt 4.250000000 36.250000000
vt 4.250000000 36.500000000
vt 4.250000000 36.750000000
vt 4.333333333 36.000000000
vt 4.333333333 36.250000000
vt 4.333333333 36.500000000
vt 4.333333333 36.750000000
vt 4.416666667 36.000000000
vt 4.416666667 36.250000000
vt 4.416666667 36.500000000
vt 4.416666667 36.750000000
vt 4.500000000 36.000000000
vt 4.500000000 36.250000000
vt 4.500000000 36.500000000
vt 4.500000000 36.750000000
vt 4.583333333 36.000000000
vt 4.583333333 36.250000000
vt 4.583333333 36.500000000
vt 4.583333333 36.750000000
vt 4.666666667 36.000000000
vt 4.666666667 36.250000000
vt 4.666666667 36.500000000
vt 4.666666667 36.750000000
vt 4.750000000 36.000000000
vt 4.750000000 36.250000000
vt 4.750000000 36.500000000
vt 4.750000000 36.750000000
vt 4.833333333 36.000000000
vt 4.833333333 36.250000000
vt 4.833333333 36.500000000
vt 4.833333333 36.750000000
vt 4.916666667 36.000000000
vt 4.916666667 36.250000000
vt 4.916666667 36.500000000
vt 4.916666667 36.750000000
vt 5.000000000 36.000000000
vt 5.000000000 36.250000000
vt 5.000000000 36.500000000
vt 5.000000000 36.750000000
vt 8.000000000 38.000000000
vt 8.000000000 38.250000000
vt 8.000000000 38.500000000
vt 8.000000000 38.750000000
vt 8.166666667 38.000000000
vt 8.166666667 38.250000000
vt 8.166666667 38.500000000
vt 8.166666667 38.750000000
vt 8.333333333 38.000000000
vt 8.333333333 38.250000000
vt 8.333333333 38.500000000
vt 8.333333333 38.750000000
vt 8.500000000 38.000000000
vt 8.500000000 38.250000000
vt 8.500000000 38.500000000
vt 8.500000000 38.750000000
vt 8.666666667 38.000000000
vt 8.666666667 38.250000000
vt 8.666666667 38.500000000
vt 8.666666667 38.750000000
vt 8.833333333 38.000000000
vt 8.833333333 38.250000000
vt 8.833333333 38.500000000
vt 8.833333333 38.750000000
vt 9.000000000 38.000000000
vt 9.000000000 38.250000000
vt 9.000000000 38.500000000
vt 9.000000000 38.750000000
vt 8.000000000 40.000000000
vt 8.000000000 40.250000000
vt 8.000000000 40.500000000
vt 8.000000000 40.750000000
vt 8.166666667 40.000000000
vt 8.166666667 40.250000000
vt 8.166666667 40.500000000
vt 8.166666667 40.750000000
vt 8.333333333 40.000000000
vt 8.333333333 40.250000000
vt 8.333333333 40.500000000
vt 8.333333333 40.750000000
vt 8.500000000 40.000000000
vt 8.500000000 40.250000000
vt 8.500000000 40.500000000
vt 8.500000000 40.750000000
vt 8.666666667 40.000000000
vt 8.666666667 40.250000000
vt 8.666666667 40.500000000
vt 8.666666667 40.750000000
vt 8.833333333 40.000000000
vt 8.833333333 40.250000000
vt 8.833333333 40.500000000
vt 8.833333333 40.750000000
vt 9.000000000 40.000000000
vt 9.000000000 40.250000000
vt 9.000000000 40.500000000
vt 9.000000000 40.750000000
vt 4.000000000 42.000000000
vt 4.000000000 42.250000000
vt 4.000000000 42.500000000
vt 4.000000000 42.750000000
vt 4.083333333 42.000000000
vt 4.083333333 42.250000000
vt 4.083333333 42.500000000
vt 4.083333333 42.750000000
vt 4.166666667 42.000000000
vt 4.166666667 42.250000000
vt 4.166666667 42.500000000
vt 4.166666667 42.750000000
vt 4.250000000 42.000000000
vt 4.250000000 42.250000000
vt 4.250000000 42.500000000
vt 4.250000000 42.750000000
vt 4.333333333 42.000000000
vt 4.333333333 42.250000000
vt 4.333333333 42.500000000
vt 4.333333333 42.750000000
vt 4.416666667 42.000000000
vt 4.416666667 42.250000000
vt 4.416666667 42.500000000
vt 4.416666667 42.750000000
vt 4.500000000 42.000000000
vt 4.500000000 42.250000000
vt 4.500000000 42.500000000
vt 4.500000000 42.750000000
vt 4.583333333 42.000000000
vt 4.583333333 42.250000000
vt 4.583333333 42.500000000
vt 4.583333333 42.750000000
vt 4.666666667 42.000000000
vt 4.666666667 42.250000000
vt 4.666666667 42.500000000
vt 4.666666667 42.750000000
vt 4.750000000 42.000000000
vt 4.750000000 42.250000000
vt 4.750000000 42.500000000
vt 4.750000000 42.750000000
vt 4.833333333 42.000000000
vt 4.833333333 42.250000000
vt 4.833333333 42.500000000
vt 4.833333333 42.750000000
vt 4.916666667 42.000000000
vt 4.916666667 42.250000000
vt 4.916666667 42.500000000
vt 4.916666667 42.750000000
vt 5.000000000 42.000000000
vt 5.000000000 42.250000000
vt 5.000000000 42.500000000
vt 5.000000000 42.750000000
vt 8.000000000 44.000000000
vt 8.000000000 44.250000000
vt 8.000000000 44.500000000
vt 8.000000000 44.750000000
vt 8.166666667 44.000000000
vt 8.166666667 44.250000000
vt 8.166666667 44.500000000
vt 8.166666667 44.750000000
vt 8.333333333 44.000000000
vt 8.333333333 44.250000000
vt 8.333333333 44.500000000
vt 8.333333333 44.750000000
vt 8.500000000 44.000000000
vt 8.500000000 44.250000000
vt 8.500000000 44.500000000
vt 8.500000000 44.750000000
vt 8.666666667 44.000000000
vt 8.666666667 44.250000000
vt 8.666666667 44.500000000
vt 8.666666667 44.750000000
vt 8.833333333 44.000000000
vt 8.833333333 44.250000000
vt 8.833333333 44.500000000
vt 8.833333333 44.750000000
vt 9.000000000 44.000000000
vt 9.000000000 44.250000000
vt 9.000000000 44.500000000
vt 9.000000000 44.750000000
vt 8.000000000 46.000000000
vt 8.000000000 46.250000000
vt 8.000000000 46.500000000
vt 8.000000000 46.750000000
vt 8.166666667 46.000000000
vt 8.166666667 46.250000000
vt 8.166666667 46.500000000
vt 8.166666667 46.750000000
vt 8.333333333 46.000000000
vt 8.333333333 46.250000000
vt 8.333333333 46.500000000
vt 8.333333333 46.750000000
vt 8.500000000 46.000000000
vt 8.500000000 46.250000000
vt 8.500000000 46.500000000
vt 8.500000000 46.750000000
vt 8.666666667 46.000000000
vt 8.666666667 46.250000000
vt 8.666666667 46.500000000
vt 8.666666667 46.750000000
vt 8.833333333 46.000000000
vt 8.833333333 46.250000000
vt 8.833333333 46.500000000
vt 8.833333333 46.750000000
vt 9.000000000 46.000000000
vt 9.000000000 46.250000000
vt 9.000000000 46.500000000
vt 9.000000000 46.750000000
vt 4.000000000 48.000000000
vt 4.000000000 48.250000000
vt 4.000000000 48.500000000
vt 4.000000000 48.750000000
vt 4.083333333 48.000000000
vt 4.083333333 48.250000000
vt 4.083333333 48.500000000
vt 4.083333333 48.750000000
vt 4.166666667 48.000000000
vt 4.166666667 48.250000000
vt 4.166666667 48.500000000
vt 4.166666667 48.750000000
vt 4.250000000 48.000000000
vt 4.250000000 48.250000000
vt 4.250000000 48.500000000
vt 4.250000000 48.750000000
vt 4.333333333 48.000000000
vt 4.333333333 48.250000000
vt 4.333333333 48.500000000
vt 4.333333333 48.750000000
vt 4.416666667 48.000000000
vt 4.416666667 48.250000000
vt 4.416666667 48.500000000
vt 4.416666667 48.750000000
vt 4.500000000 48.000000000
vt 4.500000000 48.250000000
vt 4.500000000 48.500000000
vt 4.500000000 48.750000000
vt 4.583333333 48.000000000
vt 4.583333333 48.250000000
vt 4.583333333 48.500000000
vt 4.583333333 48.750000000
vt 4.666666667 48.000000000
vt 4.666666667 48.250000000
vt 4.666666667 48.500000000
vt 4.666666667 48.750000000
vt 4.750000000 48.000000000
vt 4.750000000 48.250000000
vt 4.750000000 48.500000000
vt 4.750000000 48.750000000
vt 4.833333333 48.000000000
vt 4.833333333 48.250000000
vt 4.833333333 48.500000000
vt 4.833333333 48.750000000
vt 4.916666667 48.000000000
vt 4.916666667 48.250000000
vt 4.916666667 48.500000000
vt 4.916666667 48.750000000
vt 5.000000000 48.000000000
vt 5.000000000 48.250000000
vt 5.000000000 48.500000000
vt 5.000000000 48.750000000
vt 8.000000000 50.000000000
vt 8.000000000 50.250000000
vt 8.000000000 50.500000000
vt 8.000000000 50.750000000
vt 8.166666667 50.000000000
vt 8.166666667 50.250000000
vt 8.166666667 50.500000000
vt 8.166666667 50.750000000
vt 8.333333333 50.000000000
vt 8.333333333 50.250000000
vt 8.333333333 50.500000000
vt 8.333333333 50.750000000
vt 8.500000000 50.000000000
vt 8.500000000 50.250000000
vt 8.500000000 50.500000000
vt 8.500000000 50.750000000
vt 8.666666667 50.000000000
vt 8.666666667 50.250000000
vt 8.666666667 50.500000000
vt 8.666666667 50.750000000
vt 8.833333333 50.000000000
vt 8.833333333 50.250000000
vt 8.833333333 50.500000000
vt 8.833333333 50.750000000
vt 9.000000000 50.000000000
vt 9.000000000 50.250000000
vt 9.000000000 50.500000000
vt 9.000000000 50.750000000
vt 8.000000000 52.000000000
vt 8.000000000 52.250000000
vt 8.000000000 52.500000000
vt 8.000000000 52.750000000
vt 8.166666667 52.000000000
vt 8.166666667 52.250000000
vt 8.166666667 52.500000000
vt 8.166666667 52.750000000
vt 8.333333333 52.000000000
vt 8.333333333 52.250000000
vt 8.333333333 52.500000000
vt 8.333333333 52.750000000
vt 8.500000000 52.000000000
vt 8.500000000 52.250000000
vt 8.500000000 52.500000000
vt 8.500000000 52.750000000
vt 8.666666667 52.000000000
vt 8.666666667 52.250000000
vt 8.666666667 52.500000000
vt 8.666666667 52.750000000
vt 8.833333333 52.000000000
vt 8.833333333 52.250000000
vt 8.833333333 52.500000000
vt 8.833333333 52.750000000
vt 9.000000000 52.000000000
vt 9.000000000 52.250000000
vt 9.000000000 52.500000000
vt 9.000000000 52.750000000
vn 0.000000000 1.000000000 0.000000000
vn -1.000000000 0.000000000 0.000000000
vn -0.000000000 -1.000000000 0.000000000
vn 1.000000000 -0.000000000 -0.000000000
vn 0.000000000 0.995184727 0.098017140
vn -1.000000000 0.000000000 0.000000000
vn -0.000000000 -0.995184727 -0.098017140
vn 1.000000000 -0.000000000 -0.000000000
vn 0.000000000 0.980785280 0.195090322
vn -1.000000000 0.000000000 0.000000000
vn -0.000000000 -0.980785280 -0.195090322
vn 1.000000000 -0.000000000 -0.000000000
vn 0.000000000 0.956940336 0.290284677
vn -1.000000000 0.000000000 0.000000000
vn -0.000000000 -0.956940336 -0.290284677
vn 1.000000000 -0.000000000 -0.000000000
vn 0.000000000 0.923879533 0.382683432
vn -1.000000000 0.000000000 0.000000000
vn -0.000000000 -0.923879533 -0.382683432
vn 1.000000000 -0.000000000 -0.000000000
vn 0.000000000 0.881921264 0.471396737
vn -1.000000000 0.000000000 0.000000000
vn -0.000000000 -0.881921264 -0.471396737
vn 1.000000000 -0.000000000 -0.000000000
vn 0.000000000 0.831469612 0.555570233
vn -1.000000000 0.000000000 0.000000000
vn -0.000000000 -0.831469612 -0.555570233
vn 1.000000000 -0.000000000 -0.000000000
vn 0.000000000 0.773010453 0.634393284
vn -1.000000000 0.000000000 0.000000000
vn -0.000000000 -0.773010453 -0.634393284
vn 1.000000000 -0.000000000 -0.000000000
vn 0.000000000 0.707106781 0.707106781
vn -1.000000000 0.000000000 0.000000000
vn -0.000000000 -0.707106781 -0.707106781
vn 1.000000000 -0.000000000 -0.000000000
vn 0.000000000 0.634393284 0.773010453
vn -1.000000000 0.000000000 0.000000000
vn -0.000000000 -0.634393284 -0.773010453
vn 1.000000000 -0.000000000 -0.000000000
vn 0.000000000 0.555570233 0.831469612
vn -1.000000000 0.000000000 0.000000000
vn -0.000000000 -0.555570233 -0.831469612
vn 1.000000000 -0.000000000 -0.000000000
vn 0.000000000 0.471396737 0.881921264
vn -1.000000000 0.000000000 0.000000000
vn -0.000000000 -0.471396737 -0.881921264
vn 1.000000000 -0.000000000 -0.000000000
vn 0.000000000 0.382683432 0.923879533
vn -1.000000000 0.000000000 0.000000000
vn -0.000000000 -0.382683432 -0.923879533
vn 1.000000000 -0.000000000 -0.000000000
vn 0.000000000 0.290284677 0.956940336
vn -1.000000000 0.000000000 0.000000000
vn -0.000000000 -0.290284677 -0.956940336
vn 1.000000000 -0.000000000 -0.000000000
vn 0.000000000 0.195090322 0.980785280
vn -1.000000000 0.000000000 0.000000000
vn -0.000000000 -0.195090322 -0.980785280
vn 1.000000000 -0.000000000 -0.000000000
vn 0.000000000 0.098017140 0.995184727
vn -1.000000000 0.000000000 0.000000000
vn -0.000000000 -0.098017140 -0.995184727
vn 1.000000000 -0.000000000 -0.000000000
vn 0.000000000 0.000000000 1.000000000
vn -1.000000000 0.000000000 0.000000000
vn -0.000000000 -0.000000000 -1.000000000
vn 1.000000000 -0.000000000 -0.000000000
vn 0.000000000 -0.098017140 0.995184727
vn -1.000000000 -0.000000000 0.000000000
vn -0.000000000 0.098017140 -0.995184727
vn 1.000000000 0.000000000 -0.000000000
vn 0.000000000 -0.195090322 0.980785280
vn -1.000000000 -0.000000000 0.000000000
vn -0.000000000 0.195090322 -0.980785280
vn 1.000000000 0.000000000 -0.000000000
vn 0.000000000 -0.290284677 0.956940336
vn -1.000000000 -0.000000000 0.000000000
vn -0.000000000 0.290284677 -0.956940336
vn 1.000000000 0.000000000 -0.000000000
vn 0.000000000 -0.382683432 0.923879533
vn -1.000000000 -0.000000000 0.000000000
vn -0.000000000 0.382683432 -0.923879533
vn 1.000000000 0.000000000 -0.000000000
vn 0.000000000 -0.471396737 0.881921264
vn -1.000000000 -0.000000000 0.000000000
vn -0.000000000 0.471396737 -0.881921264
vn 1.000000000 0.000000000 -0.000000000
vn 0.000000000 -0.555570233 0.831469612
vn -1.000000000 -0.000000000 0.000000000
vn -0.000000000 0.555570233 -0.831469612
vn 1.000000000 0.000000000 -0.000000000
vn 0.000000000 -0.634393284 0.773010453
vn -1.000000000 -0.000000000 0.000000000
vn -0.000000000 0.634393284 -0.773010453
vn 1.000000000 0.000000000 -0.000000000
vn 0.000000000 -0.707106781 0.707106781
vn -1.000000000 -0.000000000 0.000000000
vn -0.000000000 0.707106781 -0.707106781
vn 1.000000000 0.000000000 -0.000000000
vn 0.000000000 -0.773010453 0.634393284
vn -1.000000000 -0.000000000 0.000000000
vn -0.000000000 0.773010453 -0.634393284
vn 1.000000000 0.000000000 -0.000000000
vn 0.000000000 -0.831469612 0.555570233
vn -1.000000000 -0.000000000 0.000000000
vn -0.000000000 0.831469612 -0.555570233
vn 1.000000000 0.000000000 -0.000000000
vn 0.000000000 -0.881921264 0.471396737
vn -1.000000000 -0.000000000 0.000000000
vn -0.000000000 0.881921264 -0.471396737
vn 1.000000000 0.000000000 -0.000000000
vn 0.000000000 -0.923879533 0.382683432
vn -1.000000000 -0.000000000 0.000000000
vn -0.000000000 0.923879533 -0.382683432
vn 1.000000000 0.000000000 -0.000000000
vn 0.000000000 -0.956940336 0.290284677
vn -1.000000000 -0.000000000 0.000000000
vn -0.000000000 0.956940336 -0.290284677
vn 1.000000000 0.000000000 -0.000000000
vn 0.000000000 -0.980785280 0.195090322
vn -1.000000000 -0.000000000 0.000000000
vn -0.000000000 0.980785280 -0.195090322
vn 1.000000000 0.000000000 -0.000000000
vn 0.000000000 -0.995184727 0.098017140
vn -1.000000000 -0.000000000 0.000000000
vn -0.000000000 0.995184727 -0.098017140
vn 1.000000000 0.000000000 -0.000000000
vn 0.000000000 -1.000000000 0.000000000
vn -1.000000000 -0.000000000 0.000000000
vn -0.000000000 1.000000000 -0.000000000
vn 1.000000000 0.000000000 -0.000000000
vn 0.000000000 -0.995184727 -0.098017140
vn -1.000000000 -0.000000000 -0.000000000
vn -0.000000000 0.995184727 0.098017140
vn 1.000000000 0.000000000 0.000000000
vn 0.000000000 -0.980785280 -0.195090322
vn -1.000000000 -0.000000000 -0.000000000
vn -0.000000000 0.980785280 0.195090322
vn 1.000000000 0.000000000 0.000000000
vn 0.000000000 -0.956940336 -0.290284677
vn -1.000000000 -0.000000000 -0.000000000
vn -0.000000000 0.956940336 0.290284677
vn 1.000000000 0.000000000 0.000000000
vn 0.000000000 -0.923879533 -0.382683432
vn -1.000000000 -0.000000000 -0.000000000
vn -0.000000000 0.923879533 0.382683432
vn 1.000000000 0.000000000 0.000000000
vn 0.000000000 -0.881921264 -0.471396737
vn -1.000000000 -0.000000000 -0.000000000
vn -0.000000000 0.881921264 0.471396737
vn 1.000000000 0.000000000 0.000000000
vn 0.000000000 -0.831469612 -0.555570233
vn -1.000000000 -0.000000000 -0.000000000
vn -0.000000000 0.831469612 0.555570233
vn 1.000000000 0.000000000 0.000000000
vn 0.000000000 -0.773010453 -0.634393284
vn -1.000000000 -0.000000000 -0.000000000
vn -0.000000000 0.773010453 0.634393284
vn 1.000000000 0.000000000 0.000000000
vn 0.000000000 -0.707106781 -0.707106781
vn -1.000000000 -0.000000000 -0.000000000
vn -0.000000000 0.707106781 0.707106781
vn 1.000000000 0.000000000 0.000000000
vn 0.000000000 -0.634393284 -0.773010453
vn -1.000000000 -0.000000000 -0.000000000
vn -0.000000000 0.634393284 0.773010453
vn 1.000000000 0.000000000 0.000000000
vn 0.000000000 -0.555570233 -0.831469612
vn -1.000000000 -0.000000000 -0.000000000
vn -0.000000000 0.555570233 0.831469612
vn 1.000000000 0.000000000 0.000000000
vn 0.000000000 -0.471396737 -0.881921264
vn -1.000000000 -0.000000000 -0.000000000
vn -0.000000000 0.471396737 0.881921264
vn 1.000000000 0.000000000 0.000000000
vn 0.000000000 -0.382683432 -0.923879533
vn -1.000000000 -0.000000000 -0.000000000
vn -0.000000000 0.382683432 0.923879533
vn 1.000000000 0.000000000 0.000000000
vn 0.000000000 -0.290284677 -0.956940336
vn -1.000000000 -0.000000000 -0.000000000
vn -0.000000000 0.290284677 0.956940336
vn 1.000000000 0.000000000 0.000000000
vn 0.000000000 -0.195090322 -0.980785280
vn -1.000000000 -0.000000000 -0.000000000
vn -0.000000000 0.195090322 0.980785280
vn 1.000000000 0.000000000 0.000000000
vn 0.000000000 -0.098017140 -0.995184727
vn -1.000000000 -0.000000000 -0.000000000
vn -0.000000000 0.098017140 0.995184727
vn 1.000000000 0.000000000 0.000000000
vn 0.000000000 -0.000000000 -1.000000000
vn -1.000000000 -0.000000000 -0.000000000
vn -0.000000000 0.000000000 1.000000000
vn 1.000000000 0.000000000 0.000000000
vn 0.000000000 0.098017140 -0.995184727
vn -1.000000000 0.000000000 -0.000000000
vn -0.000000000 -0.098017140 0.995184727
vn 1.000000000 -0.000000000 0.000000000
vn 0.000000000 0.195090322 -0.980785280
vn -1.000000000 0.000000000 -0.000000000
vn -0.000000000 -0.195090322 0.980785280
vn 1.000000000 -0.000000000 0.000000000
vn 0.000000000 0.290284677 -0.956940336
vn -1.000000000 0.000000000 -0.000000000
vn -0.000000000 -0.290284677 0.956940336
vn 1.000000000 -0.000000000 0.000000000
vn 0.000000000 0.382683432 -0.923879533
vn -1.000000000 0.000000000 -0.000000000
vn -0.000000000 -0.382683432 0.923879533
vn 1.000000000 -0.000000000 0.000000000
vn 0.000000000 0.471396737 -0.881921264
vn -1.000000000 0.000000000 -0.000000000
vn -0.000000000 -0.471396737 0.881921264
vn 1.000000000 -0.000000000 0.000000000
vn 0.000000000 0.555570233 -0.831469612
vn -1.000000000 0.000000000 -0.000000000
vn -0.000000000 -0.555570233 0.831469612
vn 1.000000000 -0.000000000 0.000000000
vn 0.000000000 0.634393284 -0.773010453
vn -1.000000000 0.000000000 -0.000000000
vn -0.000000000 -0.634393284 0.773010453
vn 1.000000000 -0.000000000 0.000000000
vn 0.000000000 0.707106781 -0.707106781
vn -1.000000000 0.000000000 -0.000000000
vn -0.000000000 -0.707106781 0.707106781
vn 1.000000000 -0.000000000 0.000000000
vn 0.000000000 0.773010453 -0.634393284
vn -1.000000000 0.000000000 -0.000000000
vn -0.000000000 -0.773010453 0.634393284
vn 1.000000000 -0.000000000 0.000000000
vn 0.000000000 0.831469612 -0.555570233
vn -1.000000000 0.000000000 -0.000000000
vn -0.000000000 -0.831469612 0.555570233
vn 1.000000000 -0.000000000 0.000000000
vn 0.000000000 0.881921264 -0.471396737
vn -1.000000000 0.000000000 -0.000000000
vn -0.000000000 -0.881921264 0.471396737
vn 1.000000000 -0.000000000 0.000000000
vn 0.000000000 0.923879533 -0.382683432
vn -1.000000000 0.000000000 -0.000000000
vn -0.000000000 -0.923879533 0.382683432
vn 1.000000000 -0.000000000 0.000000000
vn 0.000000000 0.956940336 -0.290284677
vn -1.000000000 0.000000000 -0.000000000
vn -0.000000000 -0.956940336 0.290284677
vn 1.000000000 -0.000000000 0.000000000
vn 0.000000000 0.980785280 -0.195090322
vn -1.000000000 0.000000000 -0.000000000
vn -0.000000000 -0.980785280 0.195090322
vn 1.000000000 -0.000000000 0.000000000
vn 0.000000000 0.995184727 -0.098017140
vn -1.000000000 0.000000000 -0.000000000
vn -0.000000000 -0.995184727 0.098017140
vn 1.000000000 -0.000000000 0.000000000
vn 0.000000000 1.000000000 -0.000000000
vn -1.000000000 0.000000000 -0.000000000
vn -0.000000000 -1.000000000 0.000000000
vn 1.000000000 -0.000000000 0.000000000
vn 0.000000000 0.000000000 1.000000000
vn 0.000000000 -1.000000000 0.000000000
vn 0.000000000 -0.000000000 -1.000000000
vn -0.000000000 1.000000000 -0.000000000
vn 0.098017140 0.000000000 0.995184727
vn 0.000000000 -1.000000000 0.000000000
vn -0.098017140 -0.000000000 -0.995184727
vn -0.000000000 1.000000000 -0.000000000
vn 0.195090322 0.000000000 0.980785280
vn 0.000000000 -1.000000000 0.000000000
vn -0.195090322 -0.000000000 -0.980785280
vn -0.000000000 1.000000000 -0.000000000
vn 0.290284677 0.000000000 0.956940336
vn 0.000000000 -1.000000000 0.000000000
vn -0.290284677 -0.000000000 -0.956940336
vn -0.000000000 1.000000000 -0.000000000
vn 0.382683432 0.000000000 0.923879533
vn 0.000000000 -1.000000000 0.000000000
vn -0.382683432 -0.000000000 -0.923879533
vn -0.000000000 1.000000000 -0.000000000
vn 0.471396737 0.000000000 0.881921264
vn 0.000000000 -1.000000000 0.000000000
vn -0.471396737 -0.000000000 -0.881921264
vn -0.000000000 1.000000000 -0.000000000
vn 0.555570233 0.000000000 0.831469612
vn 0.000000000 -1.000000000 0.000000000
vn -0.555570233 -0.000000000 -0.831469612
vn -0.000000000 1.000000000 -0.000000000
vn 0.634393284 0.000000000 0.773010453
vn 0.000000000 -1.000000000 0.000000000
vn -0.634393284 -0.000000000 -0.773010453
vn -0.000000000 1.000000000 -0.000000000
vn 0.707106781 0.000000000 0.707106781
vn 0.000000000 -1.000000000 0.000000000
vn -0.707106781 -0.000000000 -0.707106781
vn -0.000000000 1.000000000 -0.000000000
vn 0.773010453 0.000000000 0.634393284
vn 0.000000000 -1.000000000 0.000000000
vn -0.773010453 -0.000000000 -0.634393284
vn -0.000000000 1.000000000 -0.000000000
vn 0.831469612 0.000000000 0.555570233
vn 0.000000000 -1.000000000 0.000000000
vn -0.831469612 -0.000000000 -0.555570233
vn -0.000000000 1.000000000 -0.000000000
vn 0.881921264 0.000000000 0.471396737
vn 0.000000000 -1.000000000 0.000000000
vn -0.881921264 -0.000000000 -0.471396737
vn -0.000000000 1.000000000 -0.000000000
vn 0.923879533 0.000000000 0.382683432
vn 0.000000000 -1.000000000 0.000000000
vn -0.923879533 -0.000000000 -0.382683432
vn -0.000000000 1.000000000 -0.000000000
vn 0.956940336 0.000000000 0.290284677
vn 0.000000000 -1.000000000 0.000000000
vn -0.956940336 -0.000000000 -0.290284677
vn -0.000000000 1.000000000 -0.000000000
vn 0.980785280 0.000000000 0.195090322
vn 0.000000000 -1.000000000 0.000000000
vn -0.980785280 -0.000000000 -0.195090322
vn -0.000000000 1.000000000 -0.000000000
vn 0.995184727 0.000000000 0.098017140
vn 0.000000000 -1.000000000 0.000000000
vn -0.995184727 -0.000000000 -0.098017140
vn -0.000000000 1.000000000 -0.000000000
vn 1.000000000 0.000000000 0.000000000
vn 0.000000000 -1.000000000 0.000000000
vn -1.000000000 -0.000000000 -0.000000000
vn -0.000000000 1.000000000 -0.000000000
vn 0.995184727 0.000000000 -0.098017140
vn 0.000000000 -1.000000000 -0.000000000
vn -0.995184727 -0.000000000 0.098017140
vn -0.000000000 1.000000000 0.000000000
vn 0.980785280 0.000000000 -0.195090322
vn 0.000000000 -1.000000000 -0.000000000
vn -0.980785280 -0.000000000 0.195090322
vn -0.000000000 1.000000000 0.000000000
vn 0.956940336 0.000000000 -0.290284677
vn 0.000000000 -1.000000000 -0.000000000
vn -0.956940336 -0.000000000 0.290284677
vn -0.000000000 1.000000000 0.000000000
vn 0.923879533 0.000000000 -0.382683432
vn 0.000000000 -1.000000000 -0.000000000
vn -0.923879533 -0.000000000 0.382683432
vn -0.000000000 1.000000000 0.000000000
vn 0.881921264 0.000000000 -0.471396737
vn 0.000000000 -1.000000000 -0.000000000
vn -0.881921264 -0.000000000 0.471396737
vn -0.000000000 1.000000000 0.000000000
vn 0.831469612 0.000000000 -0.555570233
vn 0.000000000 -1.000000000 -0.000000000
vn -0.831469612 -0.000000000 0.555570233
vn -0.000000000 1.000000000 0.000000000
vn 0.773010453 0.000000000 -0.634393284
vn 0.000000000 -1.000000000 -0.000000000
vn -0.773010453 -0.000000000 0.634393284
vn -0.000000000 1.000000000 0.000000000
vn 0.707106781 0.000000000 -0.707106781
vn 0.000000000 -1.000000000 -0.000000000
vn -0.707106781 -0.000000000 0.707106781
vn -0.000000000 1.000000000 0.000000000
vn 0.634393284 0.000000000 -0.773010453
vn 0.000000000 -1.000000000 -0.000000000
vn -0.634393284 -0.000000000 0.773010453
vn -0.000000000 1.000000000 0.000000000
vn 0.555570233 0.000000000 -0.831469612
vn 0.000000000 -1.000000000 -0.000000000
vn -0.555570233 -0.000000000 0.831469612
vn -0.000000000 1.000000000 0.000000000
vn 0.471396737 0.000000000 -0.881921264
vn 0.000000000 -1.000000000 -0.000000000
vn -0.471396737 -0.000000000 0.881921264
vn -0.000000000 1.000000000 0.000000000
vn 0.382683432 0.000000000 -0.923879533
vn 0.000000000 -1.000000000 -0.000000000
vn -0.382683432 -0.000000000 0.923879533
vn -0.000000000 1.000000000 0.000000000
vn 0.290284677 0.000000000 -0.956940336
vn 0.000000000 -1.000000000 -0.000000000
vn -0.290284677 -0.000000000 0.956940336
vn -0.000000000 1.000000000 0.000000000
vn 0.195090322 0.000000000 -0.980785280
vn 0.000000000 -1.000000000 -0.000000000
vn -0.195090322 -0.000000000 0.980785280
vn -0.000000000 1.000000000 0.000000000
vn 0.098017140 0.000000000 -0.995184727
vn 0.000000000 -1.000000000 -0.000000000
vn -0.098017140 -0.000000000 0.995184727
vn -0.000000000 1.000000000 0.000000000
vn 0.000000000 0.000000000 -1.000000000
vn 0.000000000 -1.000000000 -0.000000000
vn -0.000000000 -0.000000000 1.000000000
vn -0.000000000 1.000000000 0.000000000
vn -0.098017140 0.000000000 -0.995184727
vn -0.000000000 -1.000000000 -0.000000000
vn 0.098017140 -0.000000000 0.995184727
vn 0.000000000 1.000000000 0.000000000
vn -0.195090322 0.000000000 -0.980785280
vn -0.000000000 -1.000000000 -0.000000000
vn 0.195090322 -0.000000000 0.980785280
vn 0.000000000 1.000000000 0.000000000
vn -0.290284677 0.000000000 -0.956940336
vn -0.000000000 -1.000000000 -0.000000000
vn 0.290284677 -0.000000000 0.956940336
vn 0.000000000 1.000000000 0.000000000
vn -0.382683432 0.000000000 -0.923879533
vn -0.000000000 -1.000000000 -0.000000000
vn 0.382683432 -0.000000000 0.923879533
vn 0.000000000 1.000000000 0.000000000
vn -0.471396737 0.000000000 -0.881921264
vn -0.000000000 -1.000000000 -0.000000000
vn 0.471396737 -0.000000000 0.881921264
vn 0.000000000 1.000000000 0.000000000
vn -0.555570233 0.000000000 -0.831469612
vn -0.000000000 -1.000000000 -0.000000000
vn 0.555570233 -0.000000000 0.831469612
vn 0.000000000 1.000000000 0.000000000
vn -0.634393284 0.000000000 -0.773010453
vn -0.000000000 -1.000000000 -0.000000000
vn 0.634393284 -0.000000000 0.773010453
vn 0.000000000 1.000000000 0.000000000
vn -0.707106781 0.000000000 -0.707106781
vn -0.000000000 -1.000000000 -0.000000000
vn 0.707106781 -0.000000000 0.707106781
vn 0.000000000 1.000000000 0.000000000
vn -0.773010453 0.000000000 -0.634393284
vn -0.000000000 -1.000000000 -0.000000000
vn 0.773010453 -0.000000000 0.634393284
vn 0.000000000 1.000000000 0.000000000
vn -0.831469612 0.000000000 -0.555570233
vn -0.000000000 -1.000000000 -0.000000000
vn 0.831469612 -0.000000000 0.555570233
vn 0.000000000 1.000000000 0.000000000
vn -0.881921264 0.000000000 -0.471396737
vn -0.000000000 -1.000000000 -0.000000000
vn 0.881921264 -0.000000000 0.471396737
vn 0.000000000 1.000000000 0.000000000
vn -0.923879533 0.000000000 -0.382683432
vn -0.000000000 -1.000000000 -0.000000000
vn 0.923879533 -0.000000000 0.382683432
vn 0.000000000 1.000000000 0.000000000
vn -0.956940336 0.000000000 -0.290284677
vn -0.000000000 -1.000000000 -0.000000000
vn 0.956940336 -0.000000000 0.290284677
vn 0.000000000 1.000000000 0.000000000
vn -0.980785280 0.000000000 -0.195090322
vn -0.000000000 -1.000000000 -0.000000000
vn 0.980785280 -0.000000000 0.195090322
vn 0.000000000 1.000000000 0.000000000
vn -0.995184727 0.000000000 -0.098017140
vn -0.000000000 -1.000000000 -0.000000000
vn 0.995184727 -0.000000000 0.098017140
vn 0.000000000 1.000000000 0.000000000
vn -1.000000000 0.000000000 -0.000000000
vn -0.000000000 -1.000000000 -0.000000000
vn 1.000000000 -0.000000000 0.000000000
vn 0.000000000 1.000000000 0.000000000
vn -0.995184727 0.000000000 0.098017140
vn -0.000000000 -1.000000000 0.000000000
vn 0.995184727 -0.000000000 -0.098017140
vn 0.000000000 1.000000000 -0.000000000
vn -0.980785280 0.000000000 0.195090322
vn -0.000000000 -1.000000000 0.000000000
vn 0.980785280 -0.000000000 -0.195090322
vn 0.000000000 1.000000000 -0.000000000
vn -0.956940336 0.000000000 0.290284677
vn -0.000000000 -1.000000000 0.000000000
vn 0.956940336 -0.000000000 -0.290284677
vn 0.000000000 1.000000000 -0.000000000
vn -0.923879533 0.000000000 0.382683432
vn -0.000000000 -1.000000000 0.000000000
vn 0.923879533 -0.000000000 -0.382683432
vn 0.000000000 1.000000000 -0.000000000
vn -0.881921264 0.000000000 0.471396737
vn -0.000000000 -1.000000000 0.000000000
vn 0.881921264 -0.000000000 -0.471396737
vn 0.000000000 1.000000000 -0.000000000
vn -0.831469612 0.000000000 0.555570233
vn -0.000000000 -1.000000000 0.000000000
vn 0.831469612 -0.000000000 -0.555570233
vn 0.000000000 1.000000000 -0.000000000
vn -0.773010453 0.000000000 0.634393284
vn -0.000000000 -1.000000000 0.000000000
vn 0.773010453 -0.000000000 -0.634393284
vn 0.000000000 1.000000000 -0.000000000
vn -0.707106781 0.000000000 0.707106781
vn -0.000000000 -1.000000000 0.000000000
vn 0.707106781 -0.000000000 -0.707106781
vn 0.000000000 1.000000000 -0.000000000
vn -0.634393284 0.000000000 0.773010453
vn -0.000000000 -1.000000000 0.000000000
vn 0.634393284 -0.000000000 -0.773010453
vn 0.000000000 1.000000000 -0.000000000
vn -0.555570233 0.000000000 0.831469612
vn -0.000000000 -1.000000000 0.000000000
vn 0.555570233 -0.000000000 -0.831469612
vn 0.000000000 1.000000000 -0.000000000
vn -0.471396737 0.000000000 0.881921264
vn -0.000000000 -1.000000000 0.000000000
vn 0.471396737 -0.000000000 -0.881921264
vn 0.000000000 1.000000000 -0.000000000
vn -0.382683432 0.000000000 0.923879533
vn -0.000000000 -1.000000000 0.000000000
vn 0.382683432 -0.000000000 -0.923879533
vn 0.000000000 1.000000000 -0.000000000
vn -0.290284677 0.000000000 0.956940336
vn -0.000000000 -1.000000000 0.000000000
vn 0.290284677 -0.000000000 -0.956940336
vn 0.000000000 1.000000000 -0.000000000
vn -0.195090322 0.000000000 0.980785280
vn -0.000000000 -1.000000000 0.000000000
vn 0.195090322 -0.000000000 -0.980785280
vn 0.000000000 1.000000000 -0.000000000
vn -0.098017140 0.000000000 0.995184727
vn -0.000000000 -1.000000000 0.000000000
vn 0.098017140 -0.000000000 -0.995184727
vn 0.000000000 1.000000000 -0.000000000
vn -0.000000000 0.000000000 1.000000000
vn -0.000000000 -1.000000000 0.000000000
vn 0.000000000 -0.000000000 -1.000000000
vn 0.000000000 1.000000000 -0.000000000
vn 1.000000000 0.000000000 0.000000000
vn 0.000000000 0.000000000 -1.000000000
vn -1.000000000 0.000000000 -0.000000000
vn -0.000000000 -0.000000000 1.000000000
vn 0.995184727 0.098017140 0.000000000
vn 0.000000000 0.000000000 -1.000000000
vn -0.995184727 -0.098017140 -0.000000000
vn -0.000000000 -0.000000000 1.000000000
vn 0.980785280 0.195090322 0.000000000
vn 0.000000000 0.000000000 -1.000000000
vn -0.980785280 -0.195090322 -0.000000000
vn -0.000000000 -0.000000000 1.000000000
vn 0.956940336 0.290284677 0.000000000
vn 0.000000000 0.000000000 -1.000000000
vn -0.956940336 -0.290284677 -0.000000000
vn -0.000000000 -0.000000000 1.000000000
vn 0.923879533 0.382683432 0.000000000
vn 0.000000000 0.000000000 -1.000000000
vn -0.923879533 -0.382683432 -0.000000000
vn -0.000000000 -0.000000000 1.000000000
vn 0.881921264 0.471396737 0.000000000
vn 0.000000000 0.000000000 -1.000000000
vn -0.881921264 -0.471396737 -0.000000000
vn -0.000000000 -0.000000000 1.000000000
vn 0.831469612 0.555570233 0.000000000
vn 0.000000000 0.000000000 -1.000000000
vn -0.831469612 -0.555570233 -0.000000000
vn -0.000000000 -0.000000000 1.000000000
vn 0.773010453 0.634393284 0.000000000
vn 0.000000000 0.000000000 -1.000000000
vn -0.773010453 -0.634393284 -0.000000000
vn -0.000000000 -0.000000000 1.000000000
vn 0.707106781 0.707106781 0.000000000
vn 0.000000000 0.000000000 -1.000000000
vn -0.707106781 -0.707106781 -0.000000000
vn -0.000000000 -0.000000000 1.000000000
vn 0.634393284 0.773010453 0.000000000
vn 0.000000000 0.000000000 -1.000000000
vn -0.634393284 -0.773010453 -0.000000000
vn -0.000000000 -0.000000000 1.000000000
vn 0.555570233 0.831469612 0.000000000
vn 0.000000000 0.000000000 -1.000000000
vn -0.555570233 -0.831469612 -0.000000000
vn -0.000000000 -0.000000000 1.000000000
vn 0.471396737 0.881921264 0.000000000
vn 0.000000000 0.000000000 -1.000000000
vn -0.471396737 -0.881921264 -0.000000000
vn -0.000000000 -0.000000000 1.000000000
vn 0.382683432 0.923879533 0.000000000
vn 0.000000000 0.000000000 -1.000000000
vn -0.382683432 -0.923879533 -0.000000000
vn -0.000000000 -0.000000000 1.000000000
vn 0.290284677 0.956940336 0.000000000
vn 0.000000000 0.000000000 -1.000000000
vn -0.290284677 -0.956940336 -0.000000000
vn -0.000000000 -0.000000000 1.000000000
vn 0.195090322 0.980785280 0.000000000
vn 0.000000000 0.000000000 -1.000000000
vn -0.195090322 -0.980785280 -0.000000000
vn -0.000000000 -0.000000000 1.000000000
vn 0.098017140 0.995184727 0.000000000
vn 0.000000000 0.000000000 -1.000000000
vn -0.098017140 -0.995184727 -0.000000000
vn -0.000000000 -0.000000000 1.000000000
vn 0.000000000 1.000000000 0.000000000
vn 0.000000000 0.000000000 -1.000000000
vn -0.000000000 -1.000000000 -0.000000000
vn -0.000000000 -0.000000000 1.000000000
vn -0.098017140 0.995184727 0.000000000
vn -0.000000000 0.000000000 -1.000000000
vn 0.098017140 -0.995184727 -0.000000000
vn 0.000000000 -0.000000000 1.000000000
vn -0.195090322 0.980785280 0.000000000
vn -0.000000000 0.000000000 -1.000000000
vn 0.195090322 -0.980785280 -0.000000000
vn 0.000000000 -0.000000000 1.000000000
vn -0.290284677 0.956940336 0.000000000
vn -0.000000000 0.000000000 -1.000000000
vn 0.290284677 -0.956940336 -0.000000000
vn 0.000000000 -0.000000000 1.000000000
vn -0.382683432 0.923879533 0.000000000
vn -0.000000000 0.000000000 -1.000000000
vn 0.382683432 -0.923879533 -0.000000000
vn 0.000000000 -0.000000000 1.000000000
vn -0.471396737 0.881921264 0.000000000
vn -0.000000000 0.000000000 -1.000000000
vn 0.471396737 -0.881921264 -0.000000000
vn 0.000000000 -0.000000000 1.000000000
vn -0.555570233 0.831469612 0.000000000
vn -0.000000000 0.000000000 -1.000000000
vn 0.555570233 -0.831469612 -0.000000000
vn 0.000000000 -0.000000000 1.000000000
vn -0.634393284 0.773010453 0.000000000
vn -0.000000000 0.000000000 -1.000000000
vn 0.634393284 -0.773010453 -0.000000000
vn 0.000000000 -0.000000000 1.000000000
vn -0.707106781 0.707106781 0.000000000
vn -0.000000000 0.000000000 -1.000000000
vn 0.707106781 -0.707106781 -0.000000000
vn 0.000000000 -0.000000000 1.000000000
vn -0.773010453 0.634393284 0.000000000
vn -0.000000000 0.000000000 -1.000000000
vn 0.773010453 -0.634393284 -0.000000000
vn 0.000000000 -0.000000000 1.000000000
vn -0.831469612 0.555570233 0.000000000
vn -0.000000000 0.000000000 -1.000000000
vn 0.831469612 -0.555570233 -0.000000000
vn 0.000000000 -0.000000000 1.000000000
vn -0.881921264 0.471396737 0.000000000
vn -0.000000000 0.000000000 -1.000000000
vn 0.881921264 -0.471396737 -0.000000000
vn 0.000000000 -0.000000000 1.000000000
vn -0.923879533 0.382683432 0.000000000
vn -0.000000000 0.000000000 -1.000000000
vn 0.923879533 -0.382683432 -0.000000000
vn 0.000000000 -0.000000000 1.000000000
vn -0.956940336 0.290284677 0.000000000
vn -0.000000000 0.000000000 -1.000000000
vn 0.956940336 -0.290284677 -0.000000000
vn 0.000000000 -0.000000000 1.000000000
vn -0.980785280 0.195090322 0.000000000
vn -0.000000000 0.000000000 -1.000000000
vn 0.980785280 -0.195090322 -0.000000000
vn 0.000000000 -0.000000000 1.000000000
vn -0.995184727 0.098017140 0.000000000
vn -0.000000000 0.000000000 -1.000000000
vn 0.995184727 -0.098017140 -0.000000000
vn 0.000000000 -0.000000000 1.000000000
vn -1.000000000 0.000000000 0.000000000
vn -0.000000000 0.000000000 -1.000000000
vn 1.000000000 -0.000000000 -0.000000000
vn 0.000000000 -0.000000000 1.000000000
vn -0.995184727 -0.098017140 0.000000000
vn -0.000000000 -0.000000000 -1.000000000
vn 0.995184727 0.098017140 -0.000000000
vn 0.000000000 0.000000000 1.000000000
vn -0.980785280 -0.195090322 0.000000000
vn -0.000000000 -0.000000000 -1.000000000
vn 0.980785280 0.195090322 -0.000000000
vn 0.000000000 0.000000000 1.000000000
vn -0.956940336 -0.290284677 0.000000000
vn -0.000000000 -0.000000000 -1.000000000
vn 0.956940336 0.290284677 -0.000000000
vn 0.000000000 0.000000000 1.000000000
vn -0.923879533 -0.382683432 0.000000000
vn -0.000000000 -0.000000000 -1.000000000
vn 0.923879533 0.382683432 -0.000000000
vn 0.000000000 0.000000000 1.000000000
vn -0.881921264 -0.471396737 0.000000000
vn -0.000000000 -0.000000000 -1.000000000
vn 0.881921264 0.471396737 -0.000000000
vn 0.000000000 0.000000000 1.000000000
vn -0.831469612 -0.555570233 0.000000000
vn -0.000000000 -0.000000000 -1.000000000
vn 0.831469612 0.555570233 -0.000000000
vn 0.000000000 0.000000000 1.000000000
vn -0.773010453 -0.634393284 0.000000000
vn -0.000000000 -0.000000000 -1.000000000
vn 0.773010453 0.634393284 -0.000000000
vn 0.000000000 0.000000000 1.000000000
vn -0.707106781 -0.707106781 0.000000000
vn -0.000000000 -0.000000000 -1.000000000
vn 0.707106781 0.707106781 -0.000000000
vn 0.000000000 0.000000000 1.000000000
vn -0.634393284 -0.773010453 0.000000000
vn -0.000000000 -0.000000000 -1.000000000
vn 0.634393284 0.773010453 -0.000000000
vn 0.000000000 0.000000000 1.000000000
vn -0.555570233 -0.831469612 0.000000000
vn -0.000000000 -0.000000000 -1.000000000
vn 0.555570233 0.831469612 -0.000000000
vn 0.000000000 0.000000000 1.000000000
vn -0.471396737 -0.881921264 0.000000000
vn -0.000000000 -0.000000000 -1.000000000
vn 0.471396737 0.881921264 -0.000000000
vn 0.000000000 0.000000000 1.000000000
vn -0.382683432 -0.923879533 0.000000000
vn -0.000000000 -0.000000000 -1.000000000
vn 0.382683432 0.923879533 -0.000000000
vn 0.000000000 0.000000000 1.000000000
vn -0.290284677 -0.956940336 0.000000000
vn -0.000000000 -0.000000000 -1.000000000
vn 0.290284677 0.956940336 -0.000000000
vn 0.000000000 0.000000000 1.000000000
vn -0.195090322 -0.980785280 0.000000000
vn -0.000000000 -0.000000000 -1.000000000
vn 0.195090322 0.980785280 -0.000000000
vn 0.000000000 0.000000000 1.000000000
vn -0.098017140 -0.995184727 0.000000000
vn -0.000000000 -0.000000000 -1.000000000
vn 0.098017140 0.995184727 -0.000000000
vn 0.000000000 0.000000000 1.000000000
vn -0.000000000 -1.000000000 0.000000000
vn -0.000000000 -0.000000000 -1.000000000
vn 0.000000000 1.000000000 -0.000000000
vn 0.000000000 0.000000000 1.000000000
vn 0.098017140 -0.995184727 0.000000000
vn 0.000000000 -0.000000000 -1.000000000
vn -0.098017140 0.995184727 -0.000000000
vn -0.000000000 0.000000000 1.000000000
vn 0.195090322 -0.980785280 0.000000000
vn 0.000000000 -0.000000000 -1.000000000
vn -0.195090322 0.980785280 -0.000000000
vn -0.000000000 0.000000000 1.000000000
vn 0.290284677 -0.956940336 0.000000000
vn 0.000000000 -0.000000000 -1.000000000
vn -0.290284677 0.956940336 -0.000000000
vn -0.000000000 0.000000000 1.000000000
vn 0.382683432 -0.923879533 0.000000000
vn 0.000000000 -0.000000000 -1.000000000
vn -0.382683432 0.923879533 -0.000000000
vn -0.000000000 0.000000000 1.000000000
vn 0.471396737 -0.881921264 0.000000000
vn 0.000000000 -0.000000000 -1.000000000
vn -0.471396737 0.881921264 -0.000000000
vn -0.000000000 0.000000000 1.000000000
vn 0.555570233 -0.831469612 0.000000000
vn 0.000000000 -0.000000000 -1.000000000
vn -0.555570233 0.831469612 -0.000000000
vn -0.000000000 0.000000000 1.000000000
vn 0.634393284 -0.773010453 0.000000000
vn 0.000000000 -0.000000000 -1.000000000
vn -0.634393284 0.773010453 -0.000000000
vn -0.000000000 0.000000000 1.000000000
vn 0.707106781 -0.707106781 0.000000000
vn 0.000000000 -0.000000000 -1.000000000
vn -0.707106781 0.707106781 -0.000000000
vn -0.000000000 0.000000000 1.000000000
vn 0.773010453 -0.634393284 0.000000000
vn 0.000000000 -0.000000000 -1.000000000
vn -0.773010453 0.634393284 -0.000000000
vn -0.000000000 0.000000000 1.000000000
vn 0.831469612 -0.555570233 0.000000000
vn 0.000000000 -0.000000000 -1.000000000
vn -0.831469612 0.555570233 -0.000000000
vn -0.000000000 0.000000000 1.000000000
vn 0.881921264 -0.471396737 0.000000000
vn 0.000000000 -0.000000000 -1.000000000
vn -0.881921264 0.471396737 -0.000000000
vn -0.000000000 0.000000000 1.000000000
vn 0.923879533 -0.382683432 0.000000000
vn 0.000000000 -0.000000000 -1.000000000
vn -0.923879533 0.382683432 -0.000000000
vn -0.000000000 0.000000000 1.000000000
vn 0.956940336 -0.290284677 0.000000000
vn 0.000000000 -0.000000000 -1.000000000
vn -0.956940336 0.290284677 -0.000000000
vn -0.000000000 0.000000000 1.000000000
vn 0.980785280 -0.195090322 0.000000000
vn 0.000000000 -0.000000000 -1.000000000
vn -0.980785280 0.195090322 -0.000000000
vn -0.000000000 0.000000000 1.000000000
vn 0.995184727 -0.098017140 0.000000000
vn 0.000000000 -0.000000000 -1.000000000
vn -0.995184727 0.098017140 -0.000000000
vn -0.000000000 0.000000000 1.000000000
vn 1.000000000 -0.000000000 0.000000000
vn 0.000000000 -0.000000000 -1.000000000
vn -1.000000000 0.000000000 -0.000000000
vn -0.000000000 0.000000000 1.000000000
vn 0.173345386 0.984861095 -0.000000000
vn -0.087881362 0.015467997 -0.996010847
vn -0.173345386 -0.984861095 -0.000000000
vn 0.087881362 -0.015467997 0.996010847
vn 0.149459604 0.988762743 0.003172354
vn -0.128006604 0.022530440 -0.991517367
vn -0.149459604 -0.988762743 -0.003172354
vn 0.128006604 -0.022530440 0.991517367
vn 0.097533455 0.995231418 -0.001284527
vn 0.084331691 -0.009550596 -0.996391967
vn -0.097533455 -0.995231418 0.001284527
vn -0.084331691 0.009550596 0.996391967
vn 0.503240349 0.858158078 -0.101557199
vn -0.233002646 0.021579593 -0.972236642
vn -0.503240349 -0.858158078 0.101557199
vn 0.233002646 -0.021579593 0.972236642
vn 0.519730032 0.847220116 -0.109994406
vn -0.388250706 0.119539415 -0.913767869
vn -0.519730032 -0.847220116 0.109994406
vn 0.388250706 -0.119539415 0.913767869
vn 0.300529173 0.941948947 -0.149714387
vn 0.096680802 -0.186248203 -0.977734335
vn -0.300529173 -0.941948947 0.149714387
vn -0.096680802 0.186248203 0.977734335
vn 0.498260527 0.850559261 -0.168182611
vn -0.143020207 -0.110689585 -0.983510567
vn -0.498260527 -0.850559261 0.168182611
vn 0.143020207 0.110689585 0.983510567
vn 0.360432017 0.927915282 -0.095194485
vn -0.432971661 0.076034567 -0.898195015
vn -0.360432017 -0.927915282 0.095194485
vn 0.432971661 -0.076034567 0.898195015
vn 0.402006751 0.907260079 -0.123570717
vn -0.520274848 0.115281906 -0.846182111
vn -0.402006751 -0.907260079 0.123570717
vn 0.520274848 -0.115281906 0.846182111
vn 0.471350266 0.865164038 -0.171231172
vn -0.515444513 0.112692316 -0.849480662
vn -0.471350266 -0.865164038 0.171231172
vn 0.515444513 -0.112692316 0.849480662
vn 0.289107292 0.956590575 -0.036761998
vn -0.544498179 0.132734291 -0.828192817
vn -0.289107292 -0.956590575 0.036761998
vn 0.544498179 -0.132734291 0.828192817
vn 0.334524584 0.939379079 -0.075234625
vn -0.604469497 0.152639497 -0.781868154
vn -0.334524584 -0.939379079 0.075234625
vn 0.604469497 -0.152639497 0.781868154
vn 0.460893613 0.867611558 -0.186620639
vn -0.603471263 0.152215675 -0.782721421
vn -0.460893613 -0.867611558 0.186620639
vn 0.603471263 -0.152215675 0.782721421
vn 0.998733646 -0.050310083 0.000000000
vn -0.031032931 -0.616052112 -0.787093865
vn -0.998733646 0.050310083 -0.000000000
vn 0.031032931 0.616052112 0.787093865
vn 0.995449867 -0.081988904 0.048552883
vn -0.042085050 -0.835453912 -0.547946721
vn -0.995449867 0.081988904 -0.048552883
vn 0.042085050 0.835453912 0.547946721
vn 0.864002491 -0.310471093 0.396367752
vn -0.040910001 -0.827931454 -0.559335212
vn -0.864002491 0.310471093 -0.396367752
vn 0.040910001 0.827931454 0.559335212
vn 0.908554219 -0.242029711 0.340515564
vn 0.099047439 -0.667051189 -0.738398481
vn -0.908554219 0.242029711 -0.340515564
vn -0.099047439 0.667051189 0.738398481
vn 0.965445313 -0.130648097 0.225491514
vn 0.059583979 -0.731679696 -0.679039448
vn -0.965445313 0.130648097 -0.225491514
vn -0.059583979 0.731679696 0.679039448
vn 0.967444381 -0.125456894 0.219799766
vn 0.053646929 -0.747093551 -0.662550552
vn -0.967444381 0.125456894 -0.219799766
vn -0.053646929 0.747093551 0.662550552
vn 0.979530066 -0.081404038 0.184103865
vn 0.089811852 -0.641774719 -0.761616072
vn -0.979530066 0.081404038 -0.184103865
vn -0.089811852 0.641774719 0.761616072
vn 0.997453496 0.000000000 -0.071319870
vn -0.024707552 -0.938074743 -0.345550741
vn -0.997453496 -0.000000000 0.071319870
vn 0.024707552 0.938074743 0.345550741
vn 0.997522494 -0.000431443 -0.070346917
vn -0.028850304 -0.914529212 -0.403489751
vn -0.997522494 0.000431443 0.070346917
vn 0.028850304 0.914529212 0.403489751
vn 0.994042805 0.013645368 -0.108132813
vn -0.024875263 -0.937541716 -0.346982352
vn -0.994042805 -0.013645368 0.108132813
vn 0.024875263 0.937541716 0.346982352
vn 0.993932226 0.013979514 -0.109102258
vn -0.022207292 -0.945961145 -0.323518699
vn -0.993932226 -0.013979514 0.109102258
vn 0.022207292 0.945961145 0.323518699
vn 0.993722221 0.014622925 -0.110915813
vn -0.023166921 -0.943034956 -0.331886073
vn -0.993722221 -0.014622925 0.110915813
vn 0.023166921 0.943034956 0.331886073
vn 0.986018713 0.031182130 -0.163691089
vn -0.019076807 -0.954753247 -0.296786644
vn -0.986018713 -0.031182130 0.163691089
vn 0.019076807 0.954753247 0.296786644
vn 0.983272710 0.037023971 -0.178336770
vn -0.031214388 -0.930383277 -0.365256922
vn -0.983272710 -0.037023971 0.178336770
vn 0.031214388 0.930383277 0.365256922
vn -0.403000920 0.915199573 0.000000000
vn 0.667269819 0.293827007 -0.684409730
vn 0.403000920 -0.915199573 -0.000000000
vn -0.667269819 -0.293827007 0.684409730
vn -0.397383834 0.917631131 0.006260657
vn 0.654418539 0.288168047 -0.699067631
vn 0.397383834 -0.917631131 -0.006260657
vn -0.654418539 -0.288168047 0.699067631
vn -0.441271626 0.896939526 -0.027907674
vn 0.526387416 0.233531981 -0.817544557
vn 0.441271626 -0.896939526 0.027907674
vn -0.526387416 -0.233531981 0.817544557
vn -0.460691814 0.886688971 -0.039315653
vn 0.425086267 0.181540755 -0.886760745
vn 0.460691814 -0.886688971 0.039315653
vn -0.425086267 -0.181540755 0.886760745
vn -0.224967503 0.973522856 0.040532349
vn 0.284025329 0.105312814 -0.953015647
vn 0.224967503 -0.973522856 -0.040532349
vn -0.284025329 -0.105312814 0.953015647
vn -0.247431107 0.968346034 0.032921206
vn 0.296597917 0.108045595 -0.948870816
vn 0.247431107 -0.968346034 -0.032921206
vn -0.296597917 -0.108045595 0.948870816
vn -0.090704349 0.982904826 0.160221170
vn 0.609697526 0.182016832 -0.771452396
vn 0.090704349 -0.982904826 -0.160221170
vn -0.609697526 -0.182016832 0.771452396
vn -0.431882304 0.901177509 0.036834408
vn 0.296059840 0.180224368 -0.938012659
vn 0.431882304 -0.901177509 -0.036834408
vn -0.296059840 -0.180224368 0.938012659
vn -0.296206297 0.954883615 0.021426869
vn -0.108403293 -0.011321294 -0.994042531
vn 0.296206297 -0.954883615 -0.021426869
vn 0.108403293 0.011321294 0.994042531
vn -0.072831884 0.997233239 -0.014878992
vn -0.155552038 -0.026094095 -0.987482993
vn 0.072831884 -0.997233239 0.014878992
vn 0.155552038 0.026094095 0.987482993
vn -0.267464121 0.963566226 -0.001752533
vn -0.063909092 -0.019554446 -0.997764126
vn 0.267464121 -0.963566226 0.001752533
vn 0.063909092 0.019554446 0.997764126
vn -0.044223940 0.997154954 -0.061042941
vn -0.246194678 -0.070096257 -0.966682313
vn 0.044223940 -0.997154954 0.061042941
vn 0.246194678 0.070096257 0.966682313
vn -0.125101557 0.991767981 -0.027310660
vn -0.379741084 -0.073295039 -0.922184660
vn 0.125101557 -0.991767981 0.027310660
vn 0.379741084 0.073295039 0.922184660
vn 0.984699025 0.174263678 -0.000000000
vn 0.111728635 -0.631336829 -0.767418087
vn -0.984699025 -0.174263678 -0.000000000
vn -0.111728635 0.631336829 0.767418087
vn 0.977173487 0.209688366 -0.034099362
vn 0.119497978 -0.675238485 -0.727855220
vn -0.977173487 -0.209688366 0.034099362
vn -0.119497978 0.675238485 0.727855220
vn 0.988228593 0.144133950 0.051280136
vn 0.145003290 -0.775630925 -0.614305065
vn -0.988228593 -0.144133950 -0.051280136
vn -0.145003290 0.775630925 0.614305065
vn 0.989052413 0.131643675 0.066672832
vn 0.144116503 -0.764621803 -0.628159161
vn -0.989052413 -0.131643675 -0.066672832
vn -0.144116503 0.764621803 0.628159161
vn 0.985508095 0.048358286 0.162589269
vn 0.143348042 -0.749891972 -0.645843147
vn -0.985508095 -0.048358286 -0.162589269
vn -0.143348042 0.749891972 0.645843147
vn 0.987076820 0.061455577 0.147995144
vn 0.144131758 -0.744122545 -0.652309492
vn -0.987076820 -0.061455577 -0.147995144
vn -0.144131758 0.744122545 0.652309492
vn 0.969566673 0.243898641 -0.021305380
vn 0.151095437 -0.664571704 -0.731788644
vn -0.969566673 -0.243898641 0.021305380
vn -0.151095437 0.664571704 0.731788644
vn 0.689234901 0.724537957 -0.000000000
vn 0.251179428 -0.238940730 -0.937985193
vn -0.689234901 -0.724537957 -0.000000000
vn -0.251179428 0.238940730 0.937985193
vn 0.738094223 0.674033342 0.029932778
vn 0.284148155 -0.270303058 -0.919889169
vn -0.738094223 -0.674033342 -0.029932778
vn -0.284148155 0.270303058 0.919889169
vn 0.727487685 0.685730227 0.023145685
vn 0.286561564 -0.273014707 -0.918338412
vn -0.727487685 -0.685730227 -0.023145685
vn -0.286561564 0.273014707 0.918338412
vn 0.680020643 0.733186550 -0.003067174
vn 0.264866979 -0.249557059 -0.931432637
vn -0.680020643 -0.733186550 0.003067174
vn -0.264866979 0.249557059 0.931432637
vn 0.637550052 0.770102970 -0.021710533
vn 0.228774165 -0.216155696 -0.949178116
vn -0.637550052 -0.770102970 0.021710533
vn -0.228774165 0.216155696 0.949178116
vn 0.637110369 0.770460304 -0.021938495
vn 0.274752837 -0.253608259 -0.927466296
vn -0.637110369 -0.770460304 0.021938495
vn -0.274752837 0.253608259 0.927466296
vn 0.698862773 0.714902641 0.022473053
vn 0.350716043 -0.315125542 -0.881869690
vn -0.698862773 -0.714902641 -0.022473053
vn -0.350716043 0.315125542 0.881869690
vn -0.984800803 0.173687591 0.000000000
vn 0.103587884 0.587338628 -0.802684799
vn 0.984800803 -0.173687591 -0.000000000
vn -0.103587884 -0.587338628 0.802684799
vn -0.943282619 0.327531691 0.054229985
vn 0.056157554 0.318410795 -0.946287955
vn 0.943282619 -0.327531691 -0.054229985
vn -0.056157554 -0.318410795 0.946287955
vn -0.955786244 0.291889034 0.035685400
vn 0.098432870 0.431922928 -0.896523036
vn 0.955786244 -0.291889034 -0.035685400
vn -0.098432870 -0.431922928 0.896523036
vn -0.979483517 0.201462787 -0.004978470
vn 0.084888989 0.390060960 -0.916867661
vn 0.979483517 -0.201462787 0.004978470
vn -0.084888989 -0.390060960 0.916867661
vn -0.981429063 0.191696953 -0.007019444
vn 0.045235251 0.195719489 -0.979616075
vn 0.981429063 -0.191696953 0.007019444
vn -0.045235251 -0.195719489 0.979616075
vn -0.873244824 0.465515896 0.144008430
vn 0.094607860 0.451881602 -0.887046995
vn 0.873244824 -0.465515896 -0.144008430
vn -0.094607860 -0.451881602 0.887046995
vn -0.927226290 0.355388241 0.118112685
vn -0.030410180 0.242895147 -0.969575767
vn 0.927226290 -0.355388241 -0.118112685
vn 0.030410180 -0.242895147 0.969575767
vn -0.832813624 0.526008123 0.172443971
vn -0.004189294 0.305523758 -0.952175238
vn 0.832813624 -0.526008123 -0.172443971
vn 0.004189294 -0.305523758 0.952175238
vn -0.685356112 0.677851447 0.266090991
vn 0.100369590 0.449848648 -0.887446978
vn 0.685356112 -0.677851447 -0.266090991
vn -0.100369590 -0.449848648 0.887446978
vn -0.908350539 0.389915081 0.151213521
vn 0.003341547 0.368328753 -0.929689606
vn 0.908350539 -0.389915081 -0.151213521
vn -0.003341547 -0.368328753 0.929689606
vn -0.871461665 0.457956504 0.175585895
vn -0.009689800 0.341854117 -0.939703076
vn 0.871461665 -0.457956504 -0.175585895
vn 0.009689800 -0.341854117 0.939703076
vn -0.774464391 0.600008117 0.200487320
vn -0.078191759 0.223697208 -0.971517168
vn 0.774464391 -0.600008117 -0.200487320
vn 0.078191759 -0.223697208 0.971517168
vn -0.796477756 0.571769488 0.196730367
vn -0.094657629 0.203440732 -0.974500796
vn 0.796477756 -0.571769488 -0.196730367
vn 0.094657629 -0.203440732 0.974500796
vn 0.989161326 0.000000000 -0.146832801
vn -0.004089306 -0.999612111 -0.027548228
vn -0.989161326 -0.000000000 0.146832801
vn 0.004089306 0.999612111 0.027548228
vn 0.925598702 -0.005256069 -0.378469837
vn 0.003235669 -0.999757169 0.021797573
vn -0.925598702 0.005256069 0.378469837
vn -0.003235669 0.999757169 -0.021797573
vn 0.909745230 0.006274019 -0.415119565
vn -0.109650763 -0.960750713 -0.254823033
vn -0.909745230 -0.006274019 0.415119565
vn 0.109650763 0.960750713 0.254823033
vn 0.974734101 -0.026019302 -0.221847758
vn -0.059378317 -0.987640092 -0.145056071
vn -0.974734101 0.026019302 0.221847758
vn 0.059378317 0.987640092 0.145056071
vn 0.994444877 -0.027888113 -0.101496998
vn -0.029127579 -0.999517894 -0.010750101
vn -0.994444877 0.027888113 0.101496998
vn 0.029127579 0.999517894 0.010750101
vn 0.974353020 -0.002210364 -0.225014015
vn -0.047462701 -0.979474430 -0.195900823
vn -0.974353020 0.002210364 0.225014015
vn 0.047462701 0.979474430 0.195900823
vn 0.907437984 -0.009319664 -0.420082669
vn 0.005693211 -0.999389520 0.034469907
vn -0.907437984 0.009319664 0.420082669
vn -0.005693211 0.999389520 -0.034469907
vn 0.046612839 0.998913031 -0.000000000
vn -0.406103879 0.018950253 -0.913630411
vn -0.046612839 -0.998913031 -0.000000000
vn 0.406103879 -0.018950253 0.913630411
vn -0.069397056 0.992714235 0.098501255
vn -0.647881898 0.030232476 -0.761140620
vn 0.069397056 -0.992714235 -0.098501255
vn 0.647881898 -0.030232476 0.761140620
vn -0.319499196 0.919493270 0.229024867
vn -0.474374276 0.054022934 -0.878664082
vn 0.319499196 -0.919493270 -0.229024867
vn 0.474374276 -0.054022934 0.878664082
vn -0.119036704 0.990558644 0.067998797
vn -0.621589290 -0.020942300 -0.783063327
vn 0.119036704 -0.990558644 -0.067998797
vn 0.621589290 0.020942300 0.783063327
vn -0.018863481 0.994784934 -0.100235241
vn -0.856490025 -0.067799471 -0.511691380
vn 0.018863481 -0.994784934 0.100235241
vn 0.856490025 0.067799471 0.511691380
vn -0.278677180 0.958941934 0.052625061
vn -0.494815951 -0.096403257 -0.863633942
vn 0.278677180 -0.958941934 -0.052625061
vn 0.494815951 0.096403257 0.863633942
vn -0.319505514 0.945139438 0.068026970
vn -0.338665898 -0.046848092 -0.939739680
vn 0.319505514 -0.945139438 -0.068026970
vn 0.338665898 0.046848092 0.939739680
vn -0.825760502 -0.564020916 0.000000000
vn 0.330728396 -0.484206238 -0.810038917
vn 0.825760502 0.564020916 -0.000000000
vn -0.330728396 0.484206238 0.810038917
vn -0.812467524 -0.582817487 0.014842490
vn 0.305647770 -0.447486695 -0.840437445
vn 0.812467524 0.582817487 -0.014842490
vn -0.305647770 0.447486695 0.840437445
vn -0.858688606 -0.508633066 -0.062819434
vn 0.378344210 -0.546452496 -0.747158168
vn 0.858688606 0.508633066 0.062819434
vn -0.378344210 0.546452496 0.747158168
vn -0.954507876 -0.177309807 -0.239741416
vn 0.291368685 -0.383668034 -0.876300821
vn 0.954507876 0.177309807 0.239741416
vn -0.291368685 0.383668034 0.876300821
vn -0.850993604 -0.456798351 -0.259123818
vn 0.215250437 0.146678019 -0.965480610
vn 0.850993604 0.456798351 0.259123818
vn -0.215250437 -0.146678019 0.965480610
vn -0.535010887 -0.795052517 -0.285753122
vn 0.167366989 0.231786901 -0.958260468
vn 0.535010887 0.795052517 0.285753122
vn -0.167366989 -0.231786901 0.958260468
vn -0.748985073 -0.568119087 -0.340972233
vn 0.347712231 0.101040373 -0.932141109
vn 0.748985073 0.568119087 0.340972233
vn -0.347712231 -0.101040373 0.932141109
vn -0.853299993 -0.116908357 -0.508145214
vn 0.521416983 -0.187845819 -0.832369076
vn 0.853299993 0.116908357 0.508145214
vn -0.521416983 0.187845819 0.832369076
vn -0.876521759 0.097600099 -0.471363794
vn 0.481253444 0.198499999 -0.853810795
vn 0.876521759 -0.097600099 0.471363794
vn -0.481253444 -0.198499999 0.853810795
vn -0.892686991 0.139635860 -0.428499432
vn 0.386159770 0.727196426 -0.567508581
vn 0.892686991 -0.139635860 0.428499432
vn -0.386159770 -0.727196426 0.567508581
vn -0.869599224 0.034622422 -0.492542869
vn 0.431858069 0.536921478 -0.724716451
vn 0.869599224 -0.034622422 0.492542869
vn -0.431858069 -0.536921478 0.724716451
vn -0.901137444 0.192286326 -0.388557944
vn 0.426313448 0.555916595 -0.713592028
vn 0.901137444 -0.192286326 0.388557944
vn -0.426313448 -0.555916595 0.713592028
vn -0.909742673 0.280840788 -0.305772336
vn 0.414881033 0.642553398 -0.644204050
vn 0.909742673 -0.280840788 0.305772336
vn -0.414881033 -0.642553398 0.644204050
vn -0.133843258 0.991002514 0.000000000
vn -0.795776159 -0.107476290 -0.595977477
vn 0.133843258 -0.991002514 -0.000000000
vn 0.795776159 0.107476290 0.595977477
vn -0.241533107 0.960159668 0.140553086
vn -0.778127493 -0.105092689 -0.619252074
vn 0.241533107 -0.960159668 -0.140553086
vn 0.778127493 0.105092689 0.619252074
vn -0.071080515 0.997365569 -0.014473469
vn -0.664718297 -0.058181999 -0.744825107
vn 0.071080515 -0.997365569 0.014473469
vn 0.664718297 0.058181999 0.744825107
vn 0.008857138 0.996521694 -0.082861723
vn -0.649361807 -0.057283389 -0.758319099
vn -0.008857138 -0.996521694 0.082861723
vn 0.649361807 0.057283389 0.758319099
vn -0.171583156 0.968758807 0.179068688
vn -0.820857347 -0.040077382 -0.569725390
vn 0.171583156 -0.968758807 -0.179068688
vn 0.820857347 0.040077382 0.569725390
vn -0.067045211 0.996039131 0.058403667
vn -0.754373816 -0.012293769 -0.656329954
vn 0.067045211 -0.996039131 -0.058403667
vn 0.754373816 0.012293769 0.656329954
vn 0.054293239 0.997988646 -0.032724695
vn -0.600578858 0.006455671 -0.799539467
vn -0.054293239 -0.997988646 0.032724695
vn 0.600578858 -0.006455671 0.799539467
vn -0.998396125 0.000000000 -0.056614289
vn 0.011263035 -0.980010997 -0.198624241
vn 0.998396125 -0.000000000 0.056614289
vn -0.011263035 0.980010997 0.198624241
vn -0.994916884 0.011715325 -0.100015728
vn 0.014713567 -0.965637851 -0.259474567
vn 0.994916884 -0.011715325 0.100015728
vn -0.014713567 0.965637851 0.259474567
vn -0.969691221 0.025266722 -0.243023719
vn -0.002200164 -0.995501377 -0.094721522
vn 0.969691221 -0.025266722 0.243023719
vn 0.002200164 0.995501377 0.094721522
vn -0.994673676 0.012386678 -0.102327167
vn -0.002968301 -0.995783552 -0.091685912
vn 0.994673676 -0.012386678 0.102327167
vn 0.002968301 0.995783552 0.091685912
vn -0.985613878 0.024956455 -0.167159978
vn 0.007252402 -0.981882155 -0.189353735
vn 0.985613878 -0.024956455 0.167159978
vn -0.007252402 0.981882155 0.189353735
vn -0.965129228 0.039769857 -0.258735256
vn 0.002010824 -0.987236629 -0.159247587
vn 0.965129228 -0.039769857 0.258735256
vn -0.002010824 0.987236629 0.159247587
vn -0.999373925 -0.010308707 -0.033845065
vn 0.017347468 -0.976502633 -0.214806128
vn 0.999373925 0.010308707 0.033845065
vn -0.017347468 0.976502633 0.214806128
vn -0.252898519 -0.967492811 0.000000000
vn 0.764925468 -0.199948274 -0.612298715
vn 0.252898519 0.967492811 -0.000000000
vn -0.764925468 0.199948274 0.612298715
vn -0.181751174 -0.981059557 0.066997442
vn 0.657770992 -0.171938549 -0.733331070
vn 0.181751174 0.981059557 -0.066997442
vn -0.657770992 0.171938549 0.733331070
vn -0.312072517 -0.949432488 -0.034477443
vn 0.581437705 -0.162163221 -0.797266132
vn 0.312072517 0.949432488 0.034477443
vn -0.581437705 0.162163221 0.797266132
vn -0.283357076 -0.959014455 -0.000208503
vn 0.718976358 -0.212289862 -0.661820226
vn 0.283357076 0.959014455 0.000208503
vn -0.718976358 0.212289862 0.661820226
vn -0.454227927 -0.888643840 -0.063159448
vn 0.310801213 -0.091625802 -0.946048264
vn 0.454227927 0.888643840 0.063159448
vn -0.310801213 0.091625802 0.946048264
vn -0.401925739 -0.912695958 -0.073768480
vn -0.135161158 0.138814491 -0.981051476
vn 0.401925739 0.912695958 0.073768480
vn 0.135161158 -0.138814491 0.981051476
vn -0.500263467 -0.857555366 -0.119729935
vn 0.378658590 -0.092317385 -0.920920829
vn 0.500263467 0.857555366 0.119729935
vn -0.378658590 0.092317385 0.920920829
vn -0.646811303 -0.735536919 -0.201545476
vn 0.410738884 -0.113298392 -0.904686157
vn 0.646811303 0.735536919 0.201545476
vn -0.410738884 0.113298392 0.904686157
vn -0.534051789 -0.801977381 -0.267620937
vn -0.240807106 0.447720770 -0.861137649
vn 0.534051789 0.801977381 0.267620937
vn 0.240807106 -0.447720770 0.861137649
vn -0.508946856 -0.815099380 -0.276741936
vn -0.127808410 0.389486178 -0.912121443
vn 0.508946856 0.815099380 0.276741936
vn 0.127808410 -0.389486178 0.912121443
vn -0.552074459 -0.790039725 -0.266553980
vn -0.026902335 0.336399187 -0.941335143
vn 0.552074459 0.790039725 0.266553980
vn 0.026902335 -0.336399187 0.941335143
vn -0.678619780 -0.706845737 -0.199610366
vn -0.186123986 0.428390834 -0.884216690
vn 0.678619780 0.706845737 0.199610366
vn 0.186123986 -0.428390834 0.884216690
vn -0.701727235 -0.688403889 -0.183518319
vn -0.228593297 0.461526103 -0.857169039
vn 0.701727235 0.688403889 0.183518319
vn 0.228593297 -0.461526103 0.857169039
vn -0.894586057 0.446895723 0.000000000
vn -0.253919649 -0.508290785 -0.822900534
vn 0.894586057 -0.446895723 -0.000000000
vn 0.253919649 0.508290785 0.822900534
vn -0.852886671 0.516736514 -0.074617039
vn -0.302556701 -0.605651368 -0.735965939
vn 0.852886671 -0.516736514 0.074617039
vn 0.302556701 0.605651368 0.735965939
vn -0.927805969 0.331630373 0.170872409
vn -0.361771237 -0.687962165 -0.629149928
vn 0.927805969 -0.331630373 -0.170872409
vn 0.361771237 0.687962165 0.629149928
vn -0.918236107 0.377714746 0.119054698
vn -0.358187807 -0.663828656 -0.656531042
vn 0.918236107 -0.377714746 -0.119054698
vn 0.358187807 0.663828656 0.656531042
vn -0.848858149 0.528072136 -0.024076174
vn -0.330771558 -0.566128452 -0.755042219
vn 0.848858149 -0.528072136 0.024076174
vn 0.330771558 0.566128452 0.755042219
vn -0.918938446 0.371120686 0.133497445
vn -0.342978656 -0.584840349 -0.735069662
vn 0.918938446 -0.371120686 -0.133497445
vn 0.342978656 0.584840349 0.735069662
vn -0.921007456 0.361136113 0.146034155
vn -0.370407713 -0.695836039 -0.615313199
vn 0.921007456 -0.361136113 -0.146034155
vn 0.370407713 0.695836039 0.615313199
vn -0.999707301 0.024193236 0.000000000
vn 0.021219791 0.876839266 -0.480315128
vn 0.999707301 -0.024193236 -0.000000000
vn -0.021219791 -0.876839266 0.480315128
vn -0.998915750 0.041966349 0.020153175
vn 0.018138840 0.749528936 -0.661723021
vn 0.998915750 -0.041966349 -0.020153175
vn -0.018138840 -0.749528936 0.661723021
vn -0.902346470 -0.392954340 -0.177081153
vn -0.001032350 0.412819522 -0.910812262
vn 0.902346470 0.392954340 0.177081153
vn 0.001032350 -0.412819522 0.910812262
vn -0.953520884 -0.282853696 -0.103883153
vn -0.065529021 0.531149428 -0.844740334
vn 0.953520884 0.282853696 0.103883153
vn 0.065529021 -0.531149428 0.844740334
vn -0.987132334 -0.084964763 0.135464917
vn -0.152794324 0.751004898 -0.642374920
vn 0.987132334 0.084964763 -0.135464917
vn 0.152794324 -0.751004898 0.642374920
vn -0.988108406 -0.123279089 0.091891476
vn -0.153301088 0.743795999 -0.650589185
vn 0.988108406 0.123279089 -0.091891476
vn 0.153301088 -0.743795999 0.650589185
vn -0.984518506 -0.044341947 0.169579193
vn -0.152120587 0.696785926 -0.700962696
vn 0.984518506 0.044341947 -0.169579193
vn 0.152120587 -0.696785926 0.700962696
vn 0.537372220 -0.843345183 0.000000000
vn -0.427912038 -0.272661831 -0.861711561
vn -0.537372220 0.843345183 -0.000000000
vn 0.427912038 0.272661831 0.861711561
vn 0.443500149 -0.895320438 0.041339228
vn -0.303691621 -0.193509661 -0.932912327
vn -0.443500149 0.895320438 -0.041339228
vn 0.303691621 0.193509661 0.932912327
vn 0.541572922 -0.840544000 0.013585083
vn -0.195507292 -0.141651916 -0.970418278
vn -0.541572922 0.840544000 -0.013585083
vn 0.195507292 0.141651916 0.970418278
vn 0.336923390 -0.940847825 0.035888715
vn -0.076418544 -0.065317789 -0.994934064
vn -0.336923390 0.940847825 -0.035888715
vn 0.076418544 0.065317789 0.994934064
vn 0.418296371 -0.908233196 0.011857821
vn -0.236096369 -0.121324224 -0.964125996
vn -0.418296371 0.908233196 -0.011857821
vn 0.236096369 0.121324224 0.964125996
vn 0.652260053 -0.747622176 -0.124971615
vn -0.393319163 -0.192883795 -0.898941532
vn -0.652260053 0.747622176 0.124971615
vn 0.393319163 0.192883795 0.898941532
vn 0.181871875 -0.970356718 -0.159155459
vn -0.004525841 0.161027075 -0.986939612
vn -0.181871875 0.970356718 0.159155459
vn 0.004525841 -0.161027075 0.986939612
vn 0.155628593 -0.972501963 -0.173261863
vn 0.446858552 0.225736466 -0.865656099
vn -0.155628593 0.972501963 0.173261863
vn -0.446858552 -0.225736466 0.865656099
vn 0.347265620 -0.931400041 -0.109089657
vn 0.269512665 0.210547379 -0.939698209
vn -0.347265620 0.931400041 0.109089657
vn -0.269512665 -0.210547379 0.939698209
vn 0.278371521 -0.954912003 -0.103210282
vn -0.110174309 0.075001769 -0.991078381
vn -0.278371521 0.954912003 0.103210282
vn 0.110174309 -0.075001769 0.991078381
vn 0.151400077 -0.983248027 -0.101495491
vn -0.035138431 0.097260665 -0.994638454
vn -0.151400077 0.983248027 0.101495491
vn 0.035138431 -0.097260665 0.994638454
vn 0.070106333 -0.989063266 -0.129765009
vn 0.315667530 0.145396440 -0.937664058
vn -0.070106333 0.989063266 0.129765009
vn -0.315667530 -0.145396440 0.937664058
vn 0.213204044 -0.974404876 -0.071268322
vn 0.361425170 0.146431315 -0.920830992
vn -0.213204044 0.974404876 0.071268322
vn -0.361425170 -0.146431315 0.920830992
vn -0.857198400 -0.514986314 0.000000000
vn -0.460760007 0.766938325 -0.446660746
vn 0.857198400 0.514986314 -0.000000000
vn 0.460760007 -0.766938325 0.446660746
vn -0.865238452 -0.467749451 0.180479559
vn -0.499926557 0.832131326 -0.240064356
vn 0.865238452 0.467749451 -0.180479559
vn 0.499926557 -0.832131326 0.240064356
vn -0.861083324 -0.417464770 0.290273447
vn -0.501040221 0.793850766 -0.344615233
vn 0.861083324 0.417464770 -0.290273447
vn 0.501040221 -0.793850766 0.344615233
vn -0.837784648 -0.533417821 0.116543175
vn -0.508051024 0.683401781 -0.524257726
vn 0.837784648 0.533417821 -0.116543175
vn 0.508051024 -0.683401781 0.524257726
vn -0.814496744 -0.576347145 -0.066475738
vn -0.544241968 0.798721845 -0.256601042
vn 0.814496744 0.576347145 0.066475738
vn 0.544241968 -0.798721845 0.256601042
vn -0.832112958 -0.553353683 0.037252215
vn -0.541702741 0.796512919 -0.268561559
vn 0.832112958 0.553353683 -0.037252215
vn 0.541702741 -0.796512919 0.268561559
vn -0.843198316 -0.530920021 0.084501661
vn -0.504821057 0.727892149 -0.464035257
vn 0.843198316 0.530920021 -0.084501661
vn 0.504821057 -0.727892149 0.464035257
vn -0.635513169 -0.772090029 0.000000000
vn 0.477934918 -0.393391863 -0.785379562
vn 0.635513169 0.772090029 -0.000000000
vn -0.477934918 0.393391863 0.785379562
vn -0.554074402 -0.826333207 0.100871148
vn 0.555559698 -0.457285408 -0.694437526
vn 0.554074402 0.826333207 -0.100871148
vn -0.555559698 0.457285408 0.694437526
vn -0.697509835 -0.708243323 -0.108956073
vn 0.581901527 -0.471100107 -0.662914250
vn 0.697509835 0.708243323 0.108956073
vn -0.581901527 0.471100107 0.662914250
vn -0.641375024 -0.767185786 -0.008003034
vn 0.602142974 -0.496878524 -0.624928452
vn 0.641375024 0.767185786 0.008003034
vn -0.602142974 0.496878524 0.624928452
vn -0.527167514 -0.833530754 0.165290335
vn 0.616269927 -0.508938482 -0.600993343
vn 0.527167514 0.833530754 -0.165290335
vn -0.616269927 0.508938482 0.600993343
vn -0.679213909 -0.733640705 -0.020970960
vn 0.537457172 -0.477720369 -0.694926642
vn 0.679213909 0.733640705 0.020970960
vn -0.537457172 0.477720369 0.694926642
vn -0.743969353 -0.659810846 -0.105637346
vn 0.492022930 -0.433947576 -0.754720437
vn 0.743969353 0.659810846 0.105637346
vn -0.492022930 0.433947576 0.754720437
vn 0.972972426 -0.230921326 0.000000000
vn -0.169006341 -0.712097545 -0.681435209
vn -0.972972426 0.230921326 -0.000000000
vn 0.169006341 0.712097545 0.681435209
vn 0.951108953 -0.303010772 0.059801599
vn -0.143741517 -0.605645806 -0.782643938
vn -0.951108953 0.303010772 -0.059801599
vn 0.143741517 0.605645806 0.782643938
vn 0.969125671 -0.245504170 0.022872191
vn -0.109735084 -0.512520147 -0.851634493
vn -0.969125671 0.245504170 -0.022872191
vn 0.109735084 0.512520147 0.851634493
vn 0.940876578 -0.332723464 0.063611014
vn -0.079908710 -0.400480549 -0.912814290
vn -0.940876578 0.332723464 -0.063611014
vn 0.079908710 0.400480549 0.912814290
vn 0.538424970 -0.832970761 0.127507892
vn 0.017293278 -0.140359371 -0.989949589
vn -0.538424970 0.832970761 -0.127507892
vn -0.017293278 0.140359371 0.989949589
vn 0.961274217 -0.186732577 -0.202688986
vn -0.252727652 -0.303968758 -0.918548708
vn -0.961274217 0.186732577 0.202688986
vn 0.252727652 0.303968758 0.918548708
vn 0.968987912 -0.111205681 -0.220671075
vn -0.239431647 -0.201668185 -0.949738085
vn -0.968987912 0.111205681 0.220671075
vn 0.239431647 0.201668185 0.949738085
vn 0.678165178 -0.593857485 -0.432926412
vn -0.144378171 0.469948862 -0.870805955
vn -0.678165178 0.593857485 0.432926412
vn 0.144378171 -0.469948862 0.870805955
vn 0.761518217 -0.472784911 -0.443355877
vn -0.398810612 0.197420185 -0.895530773
vn -0.761518217 0.472784911 0.443355877
vn 0.398810612 -0.197420185 0.895530773
vn 0.816451715 -0.403853553 -0.412684995
vn -0.172275021 0.511787239 -0.841662129
vn -0.816451715 0.403853553 0.412684995
vn 0.172275021 -0.511787239 0.841662129
vn 0.861851534 -0.344707450 -0.372006326
vn -0.094043411 0.612164161 -0.785118384
vn -0.861851534 0.344707450 0.372006326
vn 0.094043411 -0.612164161 0.785118384
vn 0.842601371 -0.373587873 -0.387885332
vn -0.138101517 0.546278735 -0.826140130
vn -0.842601371 0.373587873 0.387885332
vn 0.138101517 -0.546278735 0.826140130
vn 0.777847010 -0.448161156 -0.440574178
vn -0.082691914 0.621962702 -0.778668379
vn -0.777847010 0.448161156 0.440574178
vn 0.082691914 -0.621962702 0.778668379
vn -0.632978721 -0.774169193 0.000000000
vn -0.192197536 0.157145171 -0.968692677
vn 0.632978721 0.774169193 -0.000000000
vn 0.192197536 -0.157145171 0.968692677
vn -0.732170534 -0.680065671 0.037907690
vn -0.207358081 0.169540785 -0.963461753
vn 0.732170534 0.680065671 -0.037907690
vn 0.207358081 -0.169540785 0.963461753
vn -0.691128317 -0.721722797 0.038181860
vn -0.023824868 -0.030049950 -0.999264418
vn 0.691128317 0.721722797 -0.038181860
vn 0.023824868 0.030049950 0.999264418
vn -0.663888019 -0.746946364 0.036384438
vn -0.060823485 0.005440082 -0.998133713
vn 0.663888019 0.746946364 -0.036384438
vn 0.060823485 -0.005440082 0.998133713
vn -0.669063761 -0.742195018 0.038732916
vn -0.260133266 0.185045034 -0.947675588
vn 0.669063761 0.742195018 -0.038732916
vn 0.260133266 -0.185045034 0.947675588
vn -0.648874015 -0.760131564 0.034095711
vn -0.150970350 0.084695544 -0.984903355
vn 0.648874015 0.760131564 -0.034095711
vn 0.150970350 -0.084695544 0.984903355
vn -0.726115268 -0.686056848 0.045635731
vn -0.105108916 0.045164004 -0.993434612
vn 0.726115268 0.686056848 -0.045635731
vn 0.105108916 -0.045164004 0.993434612
vn 0.166900387 -0.985973763 0.000000000
vn -0.181905923 -0.030792066 -0.982833701
vn -0.166900387 0.985973763 -0.000000000
vn 0.181905923 0.030792066 0.982833701
vn -0.059340308 -0.997095494 0.047742056
vn -0.204720856 -0.034654056 -0.978206761
vn 0.059340308 0.997095494 -0.047742056
vn 0.204720856 0.034654056 0.978206761
vn 0.204557174 -0.970284363 -0.129246346
vn -0.556521353 -0.006659610 -0.830806616
vn -0.204557174 0.970284363 0.129246346
vn 0.556521353 0.006659610 0.830806616
vn -0.064856931 -0.991060064 -0.116591289
vn -0.055831441 0.120258113 -0.991171447
vn 0.064856931 0.991060064 0.116591289
vn 0.055831441 -0.120258113 0.991171447
vn -0.142339269 -0.981629291 -0.127056945
vn 0.145779740 0.106173933 -0.983603255
vn 0.142339269 0.981629291 0.127056945
vn -0.145779740 -0.106173933 0.983603255
vn 0.166733174 -0.958076652 -0.233000379
vn -0.331083680 0.168187234 -0.928491600
vn -0.166733174 0.958076652 0.233000379
vn 0.331083680 -0.168187234 0.928491600
vn -0.114248163 -0.982044586 -0.150119250
vn -0.292329084 0.177650746 -0.939672240
vn 0.114248163 0.982044586 0.150119250
vn 0.292329084 -0.177650746 0.939672240
vn 0.828855413 0.559462871 -0.000000000
vn 0.028141378 -0.041692013 -0.998734118
vn -0.828855413 -0.559462871 -0.000000000
vn -0.028141378 0.041692013 0.998734118
vn 0.923572931 0.380470182 0.047491920
vn 0.128434825 -0.190278757 -0.973292603
vn -0.923572931 -0.380470182 -0.047491920
vn -0.128434825 0.190278757 0.973292603
vn 0.795737863 0.604708568 0.033597655
vn 0.062170994 -0.026377775 -0.997716884
vn -0.795737863 -0.604708568 -0.033597655
vn -0.062170994 0.026377775 0.997716884
vn 0.898864679 0.437766306 -0.020073611
vn -0.132655071 0.228151481 -0.964546284
vn -0.898864679 -0.437766306 0.020073611
vn 0.132655071 -0.228151481 0.964546284
vn 0.993866917 0.100962279 0.045112849
vn 0.062165752 -0.172720241 -0.983007191
vn -0.993866917 -0.100962279 -0.045112849
vn -0.062165752 0.172720241 0.983007191
vn 0.873658480 0.455731470 0.170381009
vn 0.008670824 0.335549794 -0.941982565
vn -0.873658480 -0.455731470 -0.170381009
vn -0.008670824 -0.335549794 0.941982565
vn 0.934122138 0.351523142 0.062026704
vn -0.195817728 0.649931370 -0.734332780
vn -0.934122138 -0.351523142 -0.062026704
vn 0.195817728 -0.649931370 0.734332780
vn 0.908356369 0.413376148 0.063315620
vn 0.050514585 0.041836078 -0.997846691
vn -0.908356369 -0.413376148 -0.063315620
vn -0.050514585 -0.041836078 0.997846691
vn 0.921052165 0.385047186 0.058323007
vn -0.008593258 0.169819522 -0.985437713
vn -0.921052165 -0.385047186 -0.058323007
vn 0.008593258 -0.169819522 0.985437713
vn 0.993474678 0.107827015 -0.037167175
vn -0.068998983 0.308739405 -0.948640670
vn -0.993474678 -0.107827015 0.037167175
vn 0.068998983 -0.308739405 0.948640670
vn 0.992529584 0.116884819 -0.034970900
vn -0.061216178 0.229165935 -0.971460526
vn -0.992529584 -0.116884819 0.034970900
vn 0.061216178 -0.229165935 0.971460526
vn 0.983650384 0.180066263 0.002839482
vn -0.089443627 0.502168403 -0.860131811
vn -0.983650384 -0.180066263 -0.002839482
vn 0.089443627 -0.502168403 0.860131811
vn 0.975006969 0.220032979 0.030771708
vn -0.099306309 0.555500319 -0.825565050
vn -0.975006969 -0.220032979 -0.030771708
vn 0.099306309 -0.555500319 0.825565050
vn -0.999414388 0.000000000 -0.034218150
vn -0.004001697 -0.993138201 0.116878144
vn 0.999414388 -0.000000000 0.034218150
vn 0.004001697 0.993138201 -0.116878144
vn -0.999065121 -0.001097530 -0.043216647
vn -0.004139793 -0.992654656 0.120911520
vn 0.999065121 0.001097530 0.043216647
vn 0.004139793 0.992654656 -0.120911520
vn -0.972857751 -0.040461486 -0.227839122
vn -0.007898929 -0.978214369 0.207446993
vn 0.972857751 0.040461486 0.227839122
vn 0.007898929 0.978214369 -0.207446993
vn -0.990412978 0.004066042 -0.138078237
vn -0.064111261 -0.898923735 0.433388814
vn 0.990412978 -0.004066042 0.138078237
vn 0.064111261 0.898923735 -0.433388814
vn -0.991687552 0.006826480 -0.128488126
vn -0.041762654 -0.961605282 0.271240047
vn 0.991687552 -0.006826480 0.128488126
vn 0.041762654 0.961605282 -0.271240047
vn -0.978310419 -0.004958166 -0.207084864
vn -0.025466065 -0.989251106 0.143992115
vn 0.978310419 0.004958166 0.207084864
vn 0.025466065 0.989251106 -0.143992115
vn -0.997634563 0.052508890 -0.044363224
vn -0.064128012 -0.943351126 0.325539938
vn 0.997634563 -0.052508890 0.044363224
vn 0.064128012 0.943351126 -0.325539938
vn -0.989244225 0.000000000 0.146273250
vn 0.008527702 -0.998299120 0.057672744
vn 0.989244225 -0.000000000 -0.146273250
vn -0.008527702 0.998299120 -0.057672744
vn -0.996613170 0.005318556 0.082060357
vn -0.012002134 -0.996627982 -0.081170285
vn 0.996613170 -0.005318556 -0.082060357
vn 0.012002134 0.996627982 0.081170285
vn -0.996352776 0.005863219 0.085127954
vn 0.009077457 -0.984692285 0.174065228
vn 0.996352776 -0.005863219 -0.085127954
vn -0.009077457 0.984692285 -0.174065228
vn -0.993963602 0.007469917 0.109455737
vn -0.000239400 -0.997824647 0.065923559
vn 0.993963602 -0.007469917 -0.109455737
vn 0.000239400 0.997824647 -0.065923559
vn -0.981589081 -0.000250970 0.191004746
vn -0.017569459 -0.995640958 -0.091599112
vn 0.981589081 0.000250970 -0.191004746
vn 0.017569459 0.995640958 0.091599112
vn -0.979167521 0.002149148 0.203042720
vn 0.036883223 -0.981427107 0.188256374
vn 0.979167521 -0.002149148 -0.203042720
vn -0.036883223 0.981427107 -0.188256374
vn -0.993674301 -0.015071729 0.111284443
vn 0.034960180 -0.983227445 0.179001611
vn 0.993674301 0.015071729 -0.111284443
vn -0.034960180 0.983227445 -0.179001611
f 1/1/1 2/2/2 6/6/6
f 1/1/1 6/6/6 5/5/5
f 2/2/2 3/3/3 7/7/7
f 2/2/2 7/7/7 6/6/6
f 3/3/3 4/4/4 8/8/8
f 3/3/3 8/8/8 7/7/7
f 4/4/4 1/1/1 5/5/5
f 4/4/4 5/5/5 8/8/8
f 5/5/5 6/6/6 10/10/10
f 5/5/5 10/10/10 9/9/9
f 6/6/6 7/7/7 11/11/11
f 6/6/6 11/11/11 10/10/10
f 7/7/7 8/8/8 12/12/12
f 7/7/7 12/12/12 11/11/11
f 8/8/8 5/5/5 9/9/9
f 8/8/8 9/9/9 12/12/12
f 9/9/9 10/10/10 14/14/14
f 9/9/9 14/14/14 13/13/13
f 10/10/10 11/11/11 15/15/15
f 10/10/10 15/15/15 14/14/14
f 11/11/11 12/12/12 16/16/16
f 11/11/11 16/16/16 15/15/15
f 12/12/12 9/9/9 13/13/13
f 12/12/12 13/13/13 16/16/16
f 13/13/13 14/14/14 18/18/18
f 13/13/13 18/18/18 17/17/17
f 14/14/14 15/15/15 19/19/19
f 14/14/14 19/19/19 18/18/18
f 15/15/15 16/16/16 20/20/20
f 15/15/15 20/20/20 19/19/19
f 16/16/16 13/13/13 17/17/17
f 16/16/16 17/17/17 20/20/20
f 17/17/17 18/18/18 22/22/22
f 17/17/17 22/22/22 21/21/21
f 18/18/18 19/19/19 23/23/23
f 18/18/18 23/23/23 22/22/22
f 19/19/19 20/20/20 24/24/24
f 19/19/19 24/24/24 23/23/23
f 20/20/20 17/17/17 21/21/21
f 20/20/20 21/21/21 24/24/24
f 21/21/21 22/22/22 26/26/26
f 21/21/21 26/26/26 25/25/25
f 22/22/22 23/23/23 27/27/27
f 22/22/22 27/27/27 26/26/26
f 23/23/23 24/24/24 28/28/28
f 23/23/23 28/28/28 27/27/27
f 24/24/24 21/21/21 25/25/25
f 24/24/24 25/25/25 28/28/28
f 25/25/25 26/26/26 30/30/30
f 25/25/25 30/30/30 29/29/29
f 26/26/26 27/27/27 31/31/31
f 26/26/26 31/31/31 30/30/30
f 27/27/27 28/28/28 32/32/32
f 27/27/27 32/32/32 31/31/31
f 28/28/28 25/25/25 29/29/29
f 28/28/28 29/29/29 32/32/32
f 29/29/29 30/30/30 34/34/34
f 29/29/29 34/34/34 33/33/33
f 30/30/30 31/31/31 35/35/35
f 30/30/30 35/35/35 34/34/34
f 31/31/31 32/32/32 36/36/36
f 31/31/31 36/36/36 35/35/35
f 32/32/32 29/29/29 33/33/33
f 32/32/32 33/33/33 36/36/36
f 33/33/33 34/34/34 38/38/38
f 33/33/33 38/38/38 37/37/37
f 34/34/34 35/35/35 39/39/39
f 34/34/34 39/39/39 38/38/38
f 35/35/35 36/36/36 40/40/40
f 35/35/35 40/40/40 39/39/39
f 36/36/36 33/33/33 37/37/37
f 36/36/36 37/37/37 40/40/40
f 37/37/37 38/38/38 42/42/42
f 37/37/37 42/42/42 41/41/41
f 38/38/38 39/39/39 43/43/43
f 38/38/38 43/43/43 42/42/42
f 39/39/39 40/40/40 44/44/44
f 39/39/39 44/44/44 43/43/43
f 40/40/40 37/37/37 41/41/41
f 40/40/40 41/41/41 44/44/44
f 41/41/41 42/42/42 46/46/46
f 41/41/41 46/46/46 45/45/45
f 42/42/42 43/43/43 47/47/47
f 42/42/42 47/47/47 46/46/46
f 43/43/43 44/44/44 48/48/48
f 43/43/43 48/48/48 47/47/47
f 44/44/44 41/41/41 45/45/45
f 44/44/44 45/45/45 48/48/48
f 45/45/45 46/46/46 50/50/50
f 45/45/45 50/50/50 49/49/49
f 46/46/46 47/47/47 51/51/51
f 46/46/46 51/51/51 50/50/50
f 47/47/47 48/48/48 52/52/52
f 47/47/47 52/52/52 51/51/51
f 48/48/48 45/45/45 49/49/49
f 48/48/48 49/49/49 52/52/52
f 49/49/49 50/50/50 54/54/54
f 49/49/49 54/54/54 53/53/53
f 50/50/50 51/51/51 55/55/55
f 50/50/50 55/55/55 54/54/54
f 51/51/51 52/52/52 56/56/56
f 51/51/51 56/56/56 55/55/55
f 52/52/52 49/49/49 53/53/53
f 52/52/52 53/53/53 56/56/56
f 53/53/53 54/54/54 58/58/58
f 53/53/53 58/58/58 57/57/57
f 54/54/54 55/55/55 59/59/59
f 54/54/54 59/59/59 58/58/58
f 55/55/55 56/56/56 60/60/60
f 55/55/55 60/60/60 59/59/59
f 56/56/56 53/53/53 57/57/57
f 56/56/56 57/57/57 60/60/60
f 57/57/57 58/58/58 62/62/62
f 57/57/57 62/62/62 61/61/61
f 58/58/58 59/59/59 63/63/63
f 58/58/58 63/63/63 62/62/62
f 59/59/59 60/60/60 64/64/64
f 59/59/59 64/64/64 63/63/63
f 60/60/60 57/57/57 61/61/61
f 60/60/60 61/61/61 64/64/64
f 61/61/61 62/62/62 66/66/66
f 61/61/61 66/66/66 65/65/65
f 62/62/62 63/63/63 67/67/67
f 62/62/62 67/67/67 66/66/66
f 63/63/63 64/64/64 68/68/68
f 63/63/63 68/68/68 67/67/67
f 64/64/64 61/61/61 65/65/65
f 64/64/64 65/65/65 68/68/68
f 65/65/65 66/66/66 70/70/70
f 65/65/65 70/70/70 69/69/69
f 66/66/66 67/67/67 71/71/71
f 66/66/66 71/71/71 70/70/70
f 67/67/67 68/68/68 72/72/72
f 67/67/67 72/72/72 71/71/71
f 68/68/68 65/65/65 69/69/69
f 68/68/68 69/69/69 72/72/72
f 69/69/69 70/70/70 74/74/74
f 69/69/69 74/74/74 73/73/73
f 70/70/70 71/71/71 75/75/75
f 70/70/70 75/75/75 74/74/74
f 71/71/71 72/72/72 76/76/76
f 71/71/71 76/76/76 75/75/75
f 72/72/72 69/69/69 73/73/73
f 72/72/72 73/73/73 76/76/76
f 73/73/73 74/74/74 78/78/78
f 73/73/73 78/78/78 77/77/77
f 74/74/74 75/75/75 79/79/79
f 74/74/74 79/79/79 78/78/78
f 75/75/75 76/76/76 80/80/80
f 75/75/75 80/80/80 79/79/79
f 76/76/76 73/73/73 77/77/77
f 76/76/76 77/77/77 80/80/80
f 77/77/77 78/78/78 82/82/82
f 77/77/77 82/82/82 81/81/81
f 78/78/78 79/79/79 83/83/83
f 78/78/78 83/83/83 82/82/82
f 79/79/79 80/80/80 84/84/84
f 79/79/79 84/84/84 83/83/83
f 80/80/80 77/77/77 81/81/81
f 80/80/80 81/81/81 84/84/84
f 81/81/81 82/82/82 86/86/86
f 81/81/81 86/86/86 85/85/85
f 82/82/82 83/83/83 87/87/87
f 82/82/82 87/87/87 86/86/86
f 83/83/83 84/84/84 88/88/88
f 83/83/83 88/88/88 87/87/87
f 84/84/84 81/81/81 85/85/85
f 84/84/84 85/85/85 88/88/88
f 85/85/85 86/86/86 90/90/90
f 85/85/85 90/90/90 89/89/89
f 86/86/86 87/87/87 91/91/91
f 86/86/86 91/91/91 90/90/90
f 87/87/87 88/88/88 92/92/92
f 87/87/87 92/92/92 91/91/91
f 88/88/88 85/85/85 89/89/89
f 88/88/88 89/89/89 92/92/92
f 89/89/89 90/90/90 94/94/94
f 89/89/89 94/94/94 93/93/93
f 90/90/90 91/91/91 95/95/95
f 90/90/90 95/95/95 94/94/94
f 91/91/91 92/92/92 96/96/96
f 91/91/91 96/96/96 95/95/95
f 92/92/92 89/89/89 93/93/93
f 92/92/92 93/93/93 96/96/96
f 93/93/93 94/94/94 98/98/98
f 93/93/93 98/98/98 97/97/97
f 94/94/94 95/95/95 99/99/99
f 94/94/94 99/99/99 98/98/98
f 95/95/95 96/96/96 100/100/100
f 95/95/95 100/100/100 99/99/99
f 96/96/96 93/93/93 97/97/97
f 96/96/96 97/97/97 100/100/100
f 97/97/97 98/98/98 102/102/102
f 97/97/97 102/102/102 101/101/101
f 98/98/98 99/99/99 103/103/103
f 98/98/98 103/103/103 102/102/102
f 99/99/99 100/100/100 104/104/104
f 99/99/99 104/104/104 103/103/103
f 100/100/100 97/97/97 101/101/101
f 100/100/100 101/101/101 104/104/104
f 101/101/101 102/102/102 106/106/106
f 101/101/101 106/106/106 105/105/105
f 102/102/102 103/103/103 107/107/107
f 102/102/102 107/107/107 106/106/106
f 103/103/103 104/104/104 108/108/108
f 103/103/103 108/108/108 107/107/107
f 104/104/104 101/101/101 105/105/105
f 104/104/104 105/105/105 108/108/108
f 105/105/105 106/106/106 110/110/110
f 105/105/105 110/110/110 109/109/109
f 106/106/106 107/107/107 111/111/111
f 106/106/106 111/111/111 110/110/110
f 107/107/107 108/108/108 112/112/112
f 107/107/107 112/112/112 111/111/111
f 108/108/108 105/105/105 109/109/109
f 108/108/108 109/109/109 112/112/112
f 109/109/109 110/110/110 114/114/114
f 109/109/109 114/114/114 113/113/113
f 110/110/110 111/111/111 115/115/115
f 110/110/110 115/115/115 114/114/114
f 111/111/111 112/112/112 116/116/116
f 111/111/111 116/116/116 115/115/115
f 112/112/112 109/109/109 113/113/113
f 112/112/112 113/113/113 116/116/116
f 113/113/113 114/114/114 118/118/118
f 113/113/113 118/118/118 117/117/117
f 114/114/114 115/115/115 119/119/119
f 114/114/114 119/119/119 118/118/118
f 115/115/115 116/116/116 120/120/120
f 115/115/115 120/120/120 119/119/119
f 116/116/116 113/113/113 117/117/117
f 116/116/116 117/117/117 120/120/120
f 117/117/117 118/118/118 122/122/122
f 117/117/117 122/122/122 121/121/121
f 118/118/118 119/119/119 123/123/123
f 118/118/118 123/123/123 122/122/122
f 119/119/119 120/120/120 124/124/124
f 119/119/119 124/124/124 123/123/123
f 120/120/120 117/117/117 121/121/121
f 120/120/120 121/121/121 124/124/124
f 121/121/121 122/122/122 126/126/126
f 121/121/121 126/126/126 125/125/125
f 122/122/122 123/123/123 127/127/127
f 122/122/122 127/127/127 126/126/126
f 123/123/123 124/124/124 128/128/128
f 123/123/123 128/128/128 127/127/127
f 124/124/124 121/121/121 125/125/125
f 124/124/124 125/125/125 128/128/128
f 125/125/125 126/126/126 130/130/130
f 125/125/125 130/130/130 129/129/129
f 126/126/126 127/127/127 131/131/131
f 126/126/126 131/131/131 130/130/130
f 127/127/127 128/128/128 132/132/132
f 127/127/127 132/132/132 131/131/131
f 128/128/128 125/125/125 129/129/129
f 128/128/128 129/129/129 132/132/132
f 129/129/129 130/130/130 134/134/134
f 129/129/129 134/134/134 133/133/133
f 130/130/130 131/131/131 135/135/135
f 130/130/130 135/135/135 134/134/134
f 131/131/131 132/132/132 136/136/136
f 131/131/131 136/136/136 135/135/135
f 132/132/132 129/129/129 133/133/133
f 132/132/132 133/133/133 136/136/136
f 133/133/133 134/134/134 138/138/138
f 133/133/133 138/138/138 137/137/137
f 134/134/134 135/135/135 139/139/139
f 134/134/134 139/139/139 138/138/138
f 135/135/135 136/136/136 140/140/140
f 135/135/135 140/140/140 139/139/139
f 136/136/136 133/133/133 137/137/137
f 136/136/136 137/137/137 140/140/140
f 137/137/137 138/138/138 142/142/142
f 137/137/137 142/142/142 141/141/141
f 138/138/138 139/139/139 143/143/143
f 138/138/138 143/143/143 142/142/142
f 139/139/139 140/140/140 144/144/144
f 139/139/139 144/144/144 143/143/143
f 140/140/140 137/137/137 141/141/141
f 140/140/140 141/141/141 144/144/144
f 141/141/141 142/142/142 146/146/146
f 141/141/141 146/146/146 145/145/145
f 142/142/142 143/143/143 147/147/147
f 142/142/142 147/147/147 146/146/146
f 143/143/143 144/144/144 148/148/148
f 143/143/143 148/148/148 147/147/147
f 144/144/144 141/141/141 145/145/145
f 144/144/144 145/145/145 148/148/148
f 145/145/145 146/146/146 150/150/150
f 145/145/145 150/150/150 149/149/149
f 146/146/146 147/147/147 151/151/151
f 146/146/146 151/151/151 150/150/150
f 147/147/147 148/148/148 152/152/152
f 147/147/147 152/152/152 151/151/151
f 148/148/148 145/145/145 149/149/149
f 148/148/148 149/149/149 152/152/152
f 149/149/149 150/150/150 154/154/154
f 149/149/149 154/154/154 153/153/153
f 150/150/150 151/151/151 155/155/155
f 150/150/150 155/155/155 154/154/154
f 151/151/151 152/152/152 156/156/156
f 151/151/151 156/156/156 155/155/155
f 152/152/152 149/149/149 153/153/153
f 152/152/152 153/153/153 156/156/156
f 153/153/153 154/154/154 158/158/158
f 153/153/153 158/158/158 157/157/157
f 154/154/154 155/155/155 159/159/159
f 154/154/154 159/159/159 158/158/158
f 155/155/155 156/156/156 160/160/160
f 155/155/155 160/160/160 159/159/159
f 156/156/156 153/153/153 157/157/157
f 156/156/156 157/157/157 160/160/160
f 157/157/157 158/158/158 162/162/162
f 157/157/157 162/162/162 161/161/161
f 158/158/158 159/159/159 163/163/163
f 158/158/158 163/163/163 162/162/162
f 159/159/159 160/160/160 164/164/164
f 159/159/159 164/164/164 163/163/163
f 160/160/160 157/157/157 161/161/161
f 160/160/160 161/161/161 164/164/164
f 161/161/161 162/162/162 166/166/166
f 161/161/161 166/166/166 165/165/165
f 162/162/162 163/163/163 167/167/167
f 162/162/162 167/167/167 166/166/166
f 163/163/163 164/164/164 168/168/168
f 163/163/163 168/168/168 167/167/167
f 164/164/164 161/161/161 165/165/165
f 164/164/164 165/165/165 168/168/168
f 165/165/165 166/166/166 170/170/170
f 165/165/165 170/170/170 169/169/169
f 166/166/166 167/167/167 171/171/171
f 166/166/166 171/171/171 170/170/170
f 167/167/167 168/168/168 172/172/172
f 167/167/167 172/172/172 171/171/171
f 168/168/168 165/165/165 169/169/169
f 168/168/168 169/169/169 172/172/172
f 169/169/169 170/170/170 174/174/174
f 169/169/169 174/174/174 173/173/173
f 170/170/170 171/171/171 175/175/175
f 170/170/170 175/175/175 174/174/174
f 171/171/171 172/172/172 176/176/176
f 171/171/171 176/176/176 175/175/175
f 172/172/172 169/169/169 173/173/173
f 172/172/172 173/173/173 176/176/176
f 173/173/173 174/174/174 178/178/178
f 173/173/173 178/178/178 177/177/177
f 174/174/174 175/175/175 179/179/179
f 174/174/174 179/179/179 178/178/178
f 175/175/175 176/176/176 180/180/180
f 175/175/175 180/180/180 179/179/179
f 176/176/176 173/173/173 177/177/177
f 176/176/176 177/177/177 180/180/180
f 177/177/177 178/178/178 182/182/182
f 177/177/177 182/182/182 181/181/181
f 178/178/178 179/179/179 183/183/183
f 178/178/178 183/183/183 182/182/182
f 179/179/179 180/180/180 184/184/184
f 179/179/179 184/184/184 183/183/183
f 180/180/180 177/177/177 181/181/181
f 180/180/180 181/181/181 184/184/184
f 181/181/181 182/182/182 186/186/186
f 181/181/181 186/186/186 185/185/185
f 182/182/182 183/183/183 187/187/187
f 182/182/182 187/187/187 186/186/186
f 183/183/183 184/184/184 188/188/188
f 183/183/183 188/188/188 187/187/187
f 184/184/184 181/181/181 185/185/185
f 184/184/184 185/185/185 188/188/188
f 185/185/185 186/186/186 190/190/190
f 185/185/185 190/190/190 189/189/189
f 186/186/186 187/187/187 191/191/191
f 186/186/186 191/191/191 190/190/190
f 187/187/187 188/188/188 192/192/192
f 187/187/187 192/192/192 191/191/191
f 188/188/188 185/185/185 189/189/189
f 188/188/188 189/189/189 192/192/192
f 189/189/189 190/190/190 194/194/194
f 189/189/189 194/194/194 193/193/193
f 190/190/190 191/191/191 195/195/195
f 190/190/190 195/195/195 194/194/194
f 191/191/191 192/192/192 196/196/196
f 191/191/191 196/196/196 195/195/195
f 192/192/192 189/189/189 193/193/193
f 192/192/192 193/193/193 196/196/196
f 193/193/193 194/194/194 198/198/198
f 193/193/193 198/198/198 197/197/197
f 194/194/194 195/195/195 199/199/199
f 194/194/194 199/199/199 198/198/198
f 195/195/195 196/196/196 200/200/200
f 195/195/195 200/200/200 199/199/199
f 196/196/196 193/193/193 197/197/197
f 196/196/196 197/197/197 200/200/200
f 197/197/197 198/198/198 202/202/202
f 197/197/197 202/202/202 201/201/201
f 198/198/198 199/199/199 203/203/203
f 198/198/198 203/203/203 202/202/202
f 199/199/199 200/200/200 204/204/204
f 199/199/199 204/204/204 203/203/203
f 200/200/200 197/197/197 201/201/201
f 200/200/200 201/201/201 204/204/204
f 201/201/201 202/202/202 206/206/206
f 201/201/201 206/206/206 205/205/205
f 202/202/202 203/203/203 207/207/207
f 202/202/202 207/207/207 206/206/206
f 203/203/203 204/204/204 208/208/208
f 203/203/203 208/208/208 207/207/207
f 204/204/204 201/201/201 205/205/205
f 204/204/204 205/205/205 208/208/208
f 205/205/205 206/206/206 210/210/210
f 205/205/205 210/210/210 209/209/209
f 206/206/206 207/207/207 211/211/211
f 206/206/206 211/211/211 210/210/210
f 207/207/207 208/208/208 212/212/212
f 207/207/207 212/212/212 211/211/211
f 208/208/208 205/205/205 209/209/209
f 208/208/208 209/209/209 212/212/212
f 209/209/209 210/210/210 214/214/214
f 209/209/209 214/214/214 213/213/213
f 210/210/210 211/211/211 215/215/215
f 210/210/210 215/215/215 214/214/214
f 211/211/211 212/212/212 216/216/216
f 211/211/211 216/216/216 215/215/215
f 212/212/212 209/209/209 213/213/213
f 212/212/212 213/213/213 216/216/216
f 213/213/213 214/214/214 218/218/218
f 213/213/213 218/218/218 217/217/217
f 214/214/214 215/215/215 219/219/219
f 214/214/214 219/219/219 218/218/218
f 215/215/215 216/216/216 220/220/220
f 215/215/215 220/220/220 219/219/219
f 216/216/216 213/213/213 217/217/217
f 216/216/216 217/217/217 220/220/220
f 217/217/217 218/218/218 222/222/222
f 217/217/217 222/222/222 221/221/221
f 218/218/218 219/219/219 223/223/223
f 218/218/218 223/223/223 222/222/222
f 219/219/219 220/220/220 224/224/224
f 219/219/219 224/224/224 223/223/223
f 220/220/220 217/217/217 221/221/221
f 220/220/220 221/221/221 224/224/224
f 221/221/221 222/222/222 226/226/226
f 221/221/221 226/226/226 225/225/225
f 222/222/222 223/223/223 227/227/227
f 222/222/222 227/227/227 226/226/226
f 223/223/223 224/224/224 228/228/228
f 223/223/223 228/228/228 227/227/227
f 224/224/224 221/221/221 225/225/225
f 224/224/224 225/225/225 228/228/228
f 225/225/225 226/226/226 230/230/230
f 225/225/225 230/230/230 229/229/229
f 226/226/226 227/227/227 231/231/231
f 226/226/226 231/231/231 230/230/230
f 227/227/227 228/228/228 232/232/232
f 227/227/227 232/232/232 231/231/231
f 228/228/228 225/225/225 229/229/229
f 228/228/228 229/229/229 232/232/232
f 229/229/229 230/230/230 234/234/234
f 229/229/229 234/234/234 233/233/233
f 230/230/230 231/231/231 235/235/235
f 230/230/230 235/235/235 234/234/234
f 231/231/231 232/232/232 236/236/236
f 231/231/231 236/236/236 235/235/235
f 232/232/232 229/229/229 233/233/233
f 232/232/232 233/233/233 236/236/236
f 233/233/233 234/234/234 238/238/238
f 233/233/233 238/238/238 237/237/237
f 234/234/234 235/235/235 239/239/239
f 234/234/234 239/239/239 238/238/238
f 235/235/235 236/236/236 240/240/240
f 235/235/235 240/240/240 239/239/239
f 236/236/236 233/233/233 237/237/237
f 236/236/236 237/237/237 240/240/240
f 237/237/237 238/238/238 242/242/242
f 237/237/237 242/242/242 241/241/241
f 238/238/238 239/239/239 243/243/243
f 238/238/238 243/243/243 242/242/242
f 239/239/239 240/240/240 244/244/244
f 239/239/239 244/244/244 243/243/243
f 240/240/240 237/237/237 241/241/241
f 240/240/240 241/241/241 244/244/244
f 241/241/241 242/242/242 246/246/246
f 241/241/241 246/246/246 245/245/245
f 242/242/242 243/243/243 247/247/247
f 242/242/242 247/247/247 246/246/246
f 243/243/243 244/244/244 248/248/248
f 243/243/243 248/248/248 247/247/247
f 244/244/244 241/241/241 245/245/245
f 244/244/244 245/245/245 248/248/248
f 245/245/245 246/246/246 250/250/250
f 245/245/245 250/250/250 249/249/249
f 246/246/246 247/247/247 251/251/251
f 246/246/246 251/251/251 250/250/250
f 247/247/247 248/248/248 252/252/252
f 247/247/247 252/252/252 251/251/251
f 248/248/248 245/245/245 249/249/249
f 248/248/248 249/249/249 252/252/252
f 249/249/249 250/250/250 254/254/254
f 249/249/249 254/254/254 253/253/253
f 250/250/250 251/251/251 255/255/255
f 250/250/250 255/255/255 254/254/254
f 251/251/251 252/252/252 256/256/256
f 251/251/251 256/256/256 255/255/255
f 252/252/252 249/249/249 253/253/253
f 252/252/252 253/253/253 256/256/256
f 253/253/253 254/254/254 258/258/258
f 253/253/253 258/258/258 257/257/257
f 254/254/254 255/255/255 259/259/259
f 254/254/254 259/259/259 258/258/258
f 255/255/255 256/256/256 260/260/260
f 255/255/255 260/260/260 259/259/259
f 256/256/256 253/253/253 257/257/257
f 256/256/256 257/257/257 260/260/260
f 261/261/261 262/262/262 266/266/266
f 261/261/261 266/266/266 265/265/265
f 262/262/262 263/263/263 267/267/267
f 262/262/262 267/267/267 266/266/266
f 263/263/263 264/264/264 268/268/268
f 263/263/263 268/268/268 267/267/267
f 264/264/264 261/261/261 265/265/265
f 264/264/264 265/265/265 268/268/268
f 265/265/265 266/266/266 270/270/270
f 265/265/265 270/270/270 269/269/269
f 266/266/266 267/267/267 271/271/271
f 266/266/266 271/271/271 270/270/270
f 267/267/267 268/268/268 272/272/272
f 267/267/267 272/272/272 271/271/271
f 268/268/268 265/265/265 269/269/269
f 268/268/268 269/269/269 272/272/272
f 269/269/269 270/270/270 274/274/274
f 269/269/269 274/274/274 273/273/273
f 270/270/270 271/271/271 275/275/275
f 270/270/270 275/275/275 274/274/274
f 271/271/271 272/272/272 276/276/276
f 271/271/271 276/276/276 275/275/275
f 272/272/272 269/269/269 273/273/273
f 272/272/272 273/273/273 276/276/276
f 273/273/273 274/274/274 278/278/278
f 273/273/273 278/278/278 277/277/277
f 274/274/274 275/275/275 279/279/279
f 274/274/274 279/279/279 278/278/278
f 275/275/275 276/276/276 280/280/280
f 275/275/275 280/280/280 279/279/279
f 276/276/276 273/273/273 277/277/277
f 276/276/276 277/277/277 280/280/280
f 277/277/277 278/278/278 282/282/282
f 277/277/277 282/282/282 281/281/281
f 278/278/278 279/279/279 283/283/283
f 278/278/278 283/283/283 282/282/282
f 279/279/279 280/280/280 284/284/284
f 279/279/279 284/284/284 283/283/283
f 280/280/280 277/277/277 281/281/281
f 280/280/280 281/281/281 284/284/284
f 281/281/281 282/282/282 286/286/286
f 281/281/281 286/286/286 285/285/285
f 282/282/282 283/283/283 287/287/287
f 282/282/282 287/287/287 286/286/286
f 283/283/283 284/284/284 288/288/288
f 283/283/283 288/288/288 287/287/287
f 284/284/284 281/281/281 285/285/285
f 284/284/284 285/285/285 288/288/288
f 285/285/285 286/286/286 290/290/290
f 285/285/285 290/290/290 289/289/289
f 286/286/286 287/287/287 291/291/291
f 286/286/286 291/291/291 290/290/290
f 287/287/287 288/288/288 292/292/292
f 287/287/287 292/292/292 291/291/291
f 288/288/288 285/285/285 289/289/289
f 288/288/288 289/289/289 292/292/292
f 289/289/289 290/290/290 294/294/294
f 289/289/289 294/294/294 293/293/293
f 290/290/290 291/291/291 295/295/295
f 290/290/290 295/295/295 294/294/294
f 291/291/291 292/292/292 296/296/296
f 291/291/291 296/296/296 295/295/295
f 292/292/292 289/289/289 293/293/293
f 292/292/292 293/293/293 296/296/296
f 293/293/293 294/294/294 298/298/298
f 293/293/293 298/298/298 297/297/297
f 294/294/294 295/295/295 299/299/299
f 294/294/294 299/299/299 298/298/298
f 295/295/295 296/296/296 300/300/300
f 295/295/295 300/300/300 299/299/299
f 296/296/296 293/293/293 297/297/297
f 296/296/296 297/297/297 300/300/300
f 297/297/297 298/298/298 302/302/302
f 297/297/297 302/302/302 301/301/301
f 298/298/298 299/299/299 303/303/303
f 298/298/298 303/303/303 302/302/302
f 299/299/299 300/300/300 304/304/304
f 299/299/299 304/304/304 303/303/303
f 300/300/300 297/297/297 301/301/301
f 300/300/300 301/301/301 304/304/304
f 301/301/301 302/302/302 306/306/306
f 301/301/301 306/306/306 305/305/305
f 302/302/302 303/303/303 307/307/307
f 302/302/302 307/307/307 306/306/306
f 303/303/303 304/304/304 308/308/308
f 303/303/303 308/308/308 307/307/307
f 304/304/304 301/301/301 305/305/305
f 304/304/304 305/305/305 308/308/308
f 305/305/305 306/306/306 310/310/310
f 305/305/305 310/310/310 309/309/309
f 306/306/306 307/307/307 311/311/311
f 306/306/306 311/311/311 310/310/310
f 307/307/307 308/308/308 312/312/312
f 307/307/307 312/312/312 311/311/311
f 308/308/308 305/305/305 309/309/309
f 308/308/308 309/309/309 312/312/312
f 309/309/309 310/310/310 314/314/314
f 309/309/309 314/314/314 313/313/313
f 310/310/310 311/311/311 315/315/315
f 310/310/310 315/315/315 314/314/314
f 311/311/311 312/312/312 316/316/316
f 311/311/311 316/316/316 315/315/315
f 312/312/312 309/309/309 313/313/313
f 312/312/312 313/313/313 316/316/316
f 313/313/313 314/314/314 318/318/318
f 313/313/313 318/318/318 317/317/317
f 314/314/314 315/315/315 319/319/319
f 314/314/314 319/319/319 318/318/318
f 315/315/315 316/316/316 320/320/320
f 315/315/315 320/320/320 319/319/319
f 316/316/316 313/313/313 317/317/317
f 316/316/316 317/317/317 320/320/320
f 317/317/317 318/318/318 322/322/322
f 317/317/317 322/322/322 321/321/321
f 318/318/318 319/319/319 323/323/323
f 318/318/318 323/323/323 322/322/322
f 319/319/319 320/320/320 324/324/324
f 319/319/319 324/324/324 323/323/323
f 320/320/320 317/317/317 321/321/321
f 320/320/320 321/321/321 324/324/324
f 321/321/321 322/322/322 326/326/326
f 321/321/321 326/326/326 325/325/325
f 322/322/322 323/323/323 327/327/327
f 322/322/322 327/327/327 326/326/326
f 323/323/323 324/324/324 328/328/328
f 323/323/323 328/328/328 327/327/327
f 324/324/324 321/321/321 325/325/325
f 324/324/324 325/325/325 328/328/328
f 325/325/325 326/326/326 330/330/330
f 325/325/325 330/330/330 329/329/329
f 326/326/326 327/327/327 331/331/331
f 326/326/326 331/331/331 330/330/330
f 327/327/327 328/328/328 332/332/332
f 327/327/327 332/332/332 331/331/331
f 328/328/328 325/325/325 329/329/329
f 328/328/328 329/329/329 332/332/332
f 329/329/329 330/330/330 334/334/334
f 329/329/329 334/334/334 333/333/333
f 330/330/330 331/331/331 335/335/335
f 330/330/330 335/335/335 334/334/334
f 331/331/331 332/332/332 336/336/336
f 331/331/331 336/336/336 335/335/335
f 332/332/332 329/329/329 333/333/333
f 332/332/332 333/333/333 336/336/336
f 333/333/333 334/334/334 338/338/338
f 333/333/333 338/338/338 337/337/337
f 334/334/334 335/335/335 339/339/339
f 334/334/334 339/339/339 338/338/338
f 335/335/335 336/336/336 340/340/340
f 335/335/335 340/340/340 339/339/339
f 336/336/336 333/333/333 337/337/337
f 336/336/336 337/337/337 340/340/340
f 337/337/337 338/338/338 342/342/342
f 337/337/337 342/342/342 341/341/341
f 338/338/338 339/339/339 343/343/343
f 338/338/338 343/343/343 342/342/342
f 339/339/339 340/340/340 344/344/344
f 339/339/339 344/344/344 343/343/343
f 340/340/340 337/337/337 341/341/341
f 340/340/340 341/341/341 344/344/344
f 341/341/341 342/342/342 346/346/346
f 341/341/341 346/346/346 345/345/345
f 342/342/342 343/343/343 347/347/347
f 342/342/342 347/347/347 346/346/346
f 343/343/343 344/344/344 348/348/348
f 343/343/343 348/348/348 347/347/347
f 344/344/344 341/341/341 345/345/345
f 344/344/344 345/345/345 348/348/348
f 345/345/345 346/346/346 350/350/350
f 345/345/345 350/350/350 349/349/349
f 346/346/346 347/347/347 351/351/351
f 346/346/346 351/351/351 350/350/350
f 347/347/347 348/348/348 352/352/352
f 347/347/347 352/352/352 351/351/351
f 348/348/348 345/345/345 349/349/349
f 348/348/348 349/349/349 352/352/352
f 349/349/349 350/350/350 354/354/354
f 349/349/349 354/354/354 353/353/353
f 350/350/350 351/351/351 355/355/355
f 350/350/350 355/355/355 354/354/354
f 351/351/351 352/352/352 356/356/356
f 351/351/351 356/356/356 355/355/355
f 352/352/352 349/349/349 353/353/353
f 352/352/352 353/353/353 356/356/356
f 353/353/353 354/354/354 358/358/358
f 353/353/353 358/358/358 357/357/357
f 354/354/354 355/355/355 359/359/359
f 354/354/354 359/359/359 358/358/358
f 355/355/355 356/356/356 360/360/360
f 355/355/355 360/360/360 359/359/359
f 356/356/356 353/353/353 357/357/357
f 356/356/356 357/357/357 360/360/360
f 357/357/357 358/358/358 362/362/362
f 357/357/357 362/362/362 361/361/361
f 358/358/358 359/359/359 363/363/363
f 358/358/358 363/363/363 362/362/362
f 359/359/359 360/360/360 364/364/364
f 359/359/359 364/364/364 363/363/363
f 360/360/360 357/357/357 361/361/361
f 360/360/360 361/361/361 364/364/364
f 361/361/361 362/362/362 366/366/366
f 361/361/361 366/366/366 365/365/365
f 362/362/362 363/363/363 367/367/367
f 362/362/362 367/367/367 366/366/366
f 363/363/363 364/364/364 368/368/368
f 363/363/363 368/368/368 367/367/367
f 364/364/364 361/361/361 365/365/365
f 364/364/364 365/365/365 368/368/368
f 365/365/365 366/366/366 370/370/370
f 365/365/365 370/370/370 369/369/369
f 366/366/366 367/367/367 371/371/371
f 366/366/366 371/371/371 370/370/370
f 367/367/367 368/368/368 372/372/372
f 367/367/367 372/372/372 371/371/371
f 368/368/368 365/365/365 369/369/369
f 368/368/368 369/369/369 372/372/372
f 369/369/369 370/370/370 374/374/374
f 369/369/369 374/374/374 373/373/373
f 370/370/370 371/371/371 375/375/375
f 370/370/370 375/375/375 374/374/374
f 371/371/371 372/372/372 376/376/376
f 371/371/371 376/376/376 375/375/375
f 372/372/372 369/369/369 373/373/373
f 372/372/372 373/373/373 376/376/376
f 373/373/373 374/374/374 378/378/378
f 373/373/373 378/378/378 377/377/377
f 374/374/374 375/375/375 379/379/379
f 374/374/374 379/379/379 378/378/378
f 375/375/375 376/376/376 380/380/380
f 375/375/375 380/380/380 379/379/379
f 376/376/376 373/373/373 377/377/377
f 376/376/376 377/377/377 380/380/380
f 377/377/377 378/378/378 382/382/382
f 377/377/377 382/382/382 381/381/381
f 378/378/378 379/379/379 383/383/383
f 378/378/378 383/383/383 382/382/382
f 379/379/379 380/380/380 384/384/384
f 379/379/379 384/384/384 383/383/383
f 380/380/380 377/377/377 381/381/381
f 380/380/380 381/381/381 384/384/384
f 381/381/381 382/382/382 386/386/386
f 381/381/381 386/386/386 385/385/385
f 382/382/382 383/383/383 387/387/387
f 382/382/382 387/387/387 386/386/386
f 383/383/383 384/384/384 388/388/388
f 383/383/383 388/388/388 387/387/387
f 384/384/384 381/381/381 385/385/385
f 384/384/384 385/385/385 388/388/388
f 385/385/385 386/386/386 390/390/390
f 385/385/385 390/390/390 389/389/389
f 386/386/386 387/387/387 391/391/391
f 386/386/386 391/391/391 390/390/390
f 387/387/387 388/388/388 392/392/392
f 387/387/387 392/392/392 391/391/391
f 388/388/388 385/385/385 389/389/389
f 388/388/388 389/389/389 392/392/392
f 389/389/389 390/390/390 394/394/394
f 389/389/389 394/394/394 393/393/393
f 390/390/390 391/391/391 395/395/395
f 390/390/390 395/395/395 394/394/394
f 391/391/391 392/392/392 396/396/396
f 391/391/391 396/396/396 395/395/395
f 392/392/392 389/389/389 393/393/393
f 392/392/392 393/393/393 396/396/396
f 393/393/393 394/394/394 398/398/398
f 393/393/393 398/398/398 397/397/397
f 394/394/394 395/395/395 399/399/399
f 394/394/394 399/399/399 398/398/398
f 395/395/395 396/396/396 400/400/400
f 395/395/395 400/400/400 399/399/399
f 396/396/396 393/393/393 397/397/397
f 396/396/396 397/397/397 400/400/400
f 397/397/397 398/398/398 402/402/402
f 397/397/397 402/402/402 401/401/401
f 398/398/398 399/399/399 403/403/403
f 398/398/398 403/403/403 402/402/402
f 399/399/399 400/400/400 404/404/404
f 399/399/399 404/404/404 403/403/403
f 400/400/400 397/397/397 401/401/401
f 400/400/400 401/401/401 404/404/404
f 401/401/401 402/402/402 406/406/406
f 401/401/401 406/406/406 405/405/405
f 402/402/402 403/403/403 407/407/407
f 402/402/402 407/407/407 406/406/406
f 403/403/403 404/404/404 408/408/408
f 403/403/403 408/408/408 407/407/407
f 404/404/404 401/401/401 405/405/405
f 404/404/404 405/405/405 408/408/408
f 405/405/405 406/406/406 410/410/410
f 405/405/405 410/410/410 409/409/409
f 406/406/406 407/407/407 411/411/411
f 406/406/406 411/411/411 410/410/410
f 407/407/407 408/408/408 412/412/412
f 407/407/407 412/412/412 411/411/411
f 408/408/408 405/405/405 409/409/409
f 408/408/408 409/409/409 412/412/412
f 409/409/409 410/410/410 414/414/414
f 409/409/409 414/414/414 413/413/413
f 410/410/410 411/411/411 415/415/415
f 410/410/410 415/415/415 414/414/414
f 411/411/411 412/412/412 416/416/416
f 411/411/411 416/416/416 415/415/415
f 412/412/412 409/409/409 413/413/413
f 412/412/412 413/413/413 416/416/416
f 413/413/413 414/414/414 418/418/418
f 413/413/413 418/418/418 417/417/417
f 414/414/414 415/415/415 419/419/419
f 414/414/414 419/419/419 418/418/418
f 415/415/415 416/416/416 420/420/420
f 415/415/415 420/420/420 419/419/419
f 416/416/416 413/413/413 417/417/417
f 416/416/416 417/417/417 420/420/420
f 417/417/417 418/418/418 422/422/422
f 417/417/417 422/422/422 421/421/421
f 418/418/418 419/419/419 423/423/423
f 418/418/418 423/423/423 422/422/422
f 419/419/419 420/420/420 424/424/424
f 419/419/419 424/424/424 423/423/423
f 420/420/420 417/417/417 421/421/421
f 420/420/420 421/421/421 424/424/424
f 421/421/421 422/422/422 426/426/426
f 421/421/421 426/426/426 425/425/425
f 422/422/422 423/423/423 427/427/427
f 422/422/422 427/427/427 426/426/426
f 423/423/423 424/424/424 428/428/428
f 423/423/423 428/428/428 427/427/427
f 424/424/424 421/421/421 425/425/425
f 424/424/424 425/425/425 428/428/428
f 425/425/425 426/426/426 430/430/430
f 425/425/425 430/430/430 429/429/429
f 426/426/426 427/427/427 431/431/431
f 426/426/426 431/431/431 430/430/430
f 427/427/427 428/428/428 432/432/432
f 427/427/427 432/432/432 431/431/431
f 428/428/428 425/425/425 429/429/429
f 428/428/428 429/429/429 432/432/432
f 429/429/429 430/430/430 434/434/434
f 429/429/429 434/434/434 433/433/433
f 430/430/430 431/431/431 435/435/435
f 430/430/430 435/435/435 434/434/434
f 431/431/431 432/432/432 436/436/436
f 431/431/431 436/436/436 435/435/435
f 432/432/432 429/429/429 433/433/433
f 432/432/432 433/433/433 436/436/436
f 433/433/433 434/434/434 438/438/438
f 433/433/433 438/438/438 437/437/437
f 434/434/434 435/435/435 439/439/439
f 434/434/434 439/439/439 438/438/438
f 435/435/435 436/436/436 440/440/440
f 435/435/435 440/440/440 439/439/439
f 436/436/436 433/433/433 437/437/437
f 436/436/436 437/437/437 440/440/440
f 437/437/437 438/438/438 442/442/442
f 437/437/437 442/442/442 441/441/441
f 438/438/438 439/439/439 443/443/443
f 438/438/438 443/443/443 442/442/442
f 439/439/439 440/440/440 444/444/444
f 439/439/439 444/444/444 443/443/443
f 440/440/440 437/437/437 441/441/441
f 440/440/440 441/441/441 444/444/444
f 441/441/441 442/442/442 446/446/446
f 441/441/441 446/446/446 445/445/445
f 442/442/442 443/443/443 447/447/447
f 442/442/442 447/447/447 446/446/446
f 443/443/443 444/444/444 448/448/448
f 443/443/443 448/448/448 447/447/447
f 444/444/444 441/441/441 445/445/445
f 444/444/444 445/445/445 448/448/448
f 445/445/445 446/446/446 450/450/450
f 445/445/445 450/450/450 449/449/449
f 446/446/446 447/447/447 451/451/451
f 446/446/446 451/451/451 450/450/450
f 447/447/447 448/448/448 452/452/452
f 447/447/447 452/452/452 451/451/451
f 448/448/448 445/445/445 449/449/449
f 448/448/448 449/449/449 452/452/452
f 449/449/449 450/450/450 454/454/454
f 449/449/449 454/454/454 453/453/453
f 450/450/450 451/451/451 455/455/455
f 450/450/450 455/455/455 454/454/454
f 451/451/451 452/452/452 456/456/456
f 451/451/451 456/456/456 455/455/455
f 452/452/452 449/449/449 453/453/453
f 452/452/452 453/453/453 456/456/456
f 453/453/453 454/454/454 458/458/458
f 453/453/453 458/458/458 457/457/457
f 454/454/454 455/455/455 459/459/459
f 454/454/454 459/459/459 458/458/458
f 455/455/455 456/456/456 460/460/460
f 455/455/455 460/460/460 459/459/459
f 456/456/456 453/453/453 457/457/457
f 456/456/456 457/457/457 460/460/460
f 457/457/457 458/458/458 462/462/462
f 457/457/457 462/462/462 461/461/461
f 458/458/458 459/459/459 463/463/463
f 458/458/458 463/463/463 462/462/462
f 459/459/459 460/460/460 464/464/464
f 459/459/459 464/464/464 463/463/463
f 460/460/460 457/457/457 461/461/461
f 460/460/460 461/461/461 464/464/464
f 461/461/461 462/462/462 466/466/466
f 461/461/461 466/466/466 465/465/465
f 462/462/462 463/463/463 467/467/467
f 462/462/462 467/467/467 466/466/466
f 463/463/463 464/464/464 468/468/468
f 463/463/463 468/468/468 467/467/467
f 464/464/464 461/461/461 465/465/465
f 464/464/464 465/465/465 468/468/468
f 465/465/465 466/466/466 470/470/470
f 465/465/465 470/470/470 469/469/469
f 466/466/466 467/467/467 471/471/471
f 466/466/466 471/471/471 470/470/470
f 467/467/467 468/468/468 472/472/472
f 467/467/467 472/472/472 471/471/471
f 468/468/468 465/465/465 469/469/469
f 468/468/468 469/469/469 472/472/472
f 469/469/469 470/470/470 474/474/474
f 469/469/469 474/474/474 473/473/473
f 470/470/470 471/471/471 475/475/475
f 470/470/470 475/475/475 474/474/474
f 471/471/471 472/472/472 476/476/476
f 471/471/471 476/476/476 475/475/475
f 472/472/472 469/469/469 473/473/473
f 472/472/472 473/473/473 476/476/476
f 473/473/473 474/474/474 478/478/478
f 473/473/473 478/478/478 477/477/477
f 474/474/474 475/475/475 479/479/479
f 474/474/474 479/479/479 478/478/478
f 475/475/475 476/476/476 480/480/480
f 475/475/475 480/480/480 479/479/479
f 476/476/476 473/473/473 477/477/477
f 476/476/476 477/477/477 480/480/480
f 477/477/477 478/478/478 482/482/482
f 477/477/477 482/482/482 481/481/481
f 478/478/478 479/479/479 483/483/483
f 478/478/478 483/483/483 482/482/482
f 479/479/479 480/480/480 484/484/484
f 479/479/479 484/484/484 483/483/483
f 480/480/480 477/477/477 481/481/481
f 480/480/480 481/481/481 484/484/484
f 481/481/481 482/482/482 486/486/486
f 481/481/481 486/486/486 485/485/485
f 482/482/482 483/483/483 487/487/487
f 482/482/482 487/487/487 486/486/486
f 483/483/483 484/484/484 488/488/488
f 483/483/483 488/488/488 487/487/487
f 484/484/484 481/481/481 485/485/485
f 484/484/484 485/485/485 488/488/488
f 485/485/485 486/486/486 490/490/490
f 485/485/485 490/490/490 489/489/489
f 486/486/486 487/487/487 491/491/491
f 486/486/486 491/491/491 490/490/490
f 487/487/487 488/488/488 492/492/492
f 487/487/487 492/492/492 491/491/491
f 488/488/488 485/485/485 489/489/489
f 488/488/488 489/489/489 492/492/492
f 489/489/489 490/490/490 494/494/494
f 489/489/489 494/494/494 493/493/493
f 490/490/490 491/491/491 495/495/495
f 490/490/490 495/495/495 494/494/494
f 491/491/491 492/492/492 496/496/496
f 491/491/491 496/496/496 495/495/495
f 492/492/492 489/489/489 493/493/493
f 492/492/492 493/493/493 496/496/496
f 493/493/493 494/494/494 498/498/498
f 493/493/493 498/498/498 497/497/497
f 494/494/494 495/495/495 499/499/499
f 494/494/494 499/499/499 498/498/498
f 495/495/495 496/496/496 500/500/500
f 495/495/495 500/500/500 499/499/499
f 496/496/496 493/493/493 497/497/497
f 496/496/496 497/497/497 500/500/500
f 497/497/497 498/498/498 502/502/502
f 497/497/497 502/502/502 501/501/501
f 498/498/498 499/499/499 503/503/503
f 498/498/498 503/503/503 502/502/502
f 499/499/499 500/500/500 504/504/504
f 499/499/499 504/504/504 503/503/503
f 500/500/500 497/497/497 501/501/501
f 500/500/500 501/501/501 504/504/504
f 501/501/501 502/502/502 506/506/506
f 501/501/501 506/506/506 505/505/505
f 502/502/502 503/503/503 507/507/507
f 502/502/502 507/507/507 506/506/506
f 503/503/503 504/504/504 508/508/508
f 503/503/503 508/508/508 507/507/507
f 504/504/504 501/501/501 505/505/505
f 504/504/504 505/505/505 508/508/508
f 505/505/505 506/506/506 510/510/510
f 505/505/505 510/510/510 509/509/509
f 506/506/506 507/507/507 511/511/511
f 506/506/506 511/511/511 510/510/510
f 507/507/507 508/508/508 512/512/512
f 507/507/507 512/512/512 511/511/511
f 508/508/508 505/505/505 509/509/509
f 508/508/508 509/509/509 512/512/512
f 509/509/509 510/510/510 514/514/514
f 509/509/509 514/514/514 513/513/513
f 510/510/510 511/511/511 515/515/515
f 510/510/510 515/515/515 514/514/514
f 511/511/511 512/512/512 516/516/516
f 511/511/511 516/516/516 515/515/515
f 512/512/512 509/509/509 513/513/513
f 512/512/512 513/513/513 516/516/516
f 513/513/513 514/514/514 518/518/518
f 513/513/513 518/518/518 517/517/517
f 514/514/514 515/515/515 519/519/519
f 514/514/514 519/519/519 518/518/518
f 515/515/515 516/516/516 520/520/520
f 515/515/515 520/520/520 519/519/519
f 516/516/516 513/513/513 517/517/517
f 516/516/516 517/517/517 520/520/520
f 521/521/521 522/522/522 526/526/526
f 521/521/521 526/526/526 525/525/525
f 522/522/522 523/523/523 527/527/527
f 522/522/522 527/527/527 526/526/526
f 523/523/523 524/524/524 528/528/528
f 523/523/523 528/528/528 527/527/527
f 524/524/524 521/521/521 525/525/525
f 524/524/524 525/525/525 528/528/528
f 525/525/525 526/526/526 530/530/530
f 525/525/525 530/530/530 529/529/529
f 526/526/526 527/527/527 531/531/531
f 526/526/526 531/531/531 530/530/530
f 527/527/527 528/528/528 532/532/532
f 527/527/527 532/532/532 531/531/531
f 528/528/528 525/525/525 529/529/529
f 528/528/528 529/529/529 532/532/532
f 529/529/529 530/530/530 534/534/534
f 529/529/529 534/534/534 533/533/533
f 530/530/530 531/531/531 535/535/535
f 530/530/530 535/535/535 534/534/534
f 531/531/531 532/532/532 536/536/536
f 531/531/531 536/536/536 535/535/535
f 532/532/532 529/529/529 533/533/533
f 532/532/532 533/533/533 536/536/536
f 533/533/533 534/534/534 538/538/538
f 533/533/533 538/538/538 537/537/537
f 534/534/534 535/535/535 539/539/539
f 534/534/534 539/539/539 538/538/538
f 535/535/535 536/536/536 540/540/540
f 535/535/535 540/540/540 539/539/539
f 536/536/536 533/533/533 537/537/537
f 536/536/536 537/537/537 540/540/540
f 537/537/537 538/538/538 542/542/542
f 537/537/537 542/542/542 541/541/541
f 538/538/538 539/539/539 543/543/543
f 538/538/538 543/543/543 542/542/542
f 539/539/539 540/540/540 544/544/544
f 539/539/539 544/544/544 543/543/543
f 540/540/540 537/537/537 541/541/541
f 540/540/540 541/541/541 544/544/544
f 541/541/541 542/542/542 546/546/546
f 541/541/541 546/546/546 545/545/545
f 542/542/542 543/543/543 547/547/547
f 542/542/542 547/547/547 546/546/546
f 543/543/543 544/544/544 548/548/548
f 543/543/543 548/548/548 547/547/547
f 544/544/544 541/541/541 545/545/545
f 544/544/544 545/545/545 548/548/548
f 545/545/545 546/546/546 550/550/550
f 545/545/545 550/550/550 549/549/549
f 546/546/546 547/547/547 551/551/551
f 546/546/546 551/551/551 550/550/550
f 547/547/547 548/548/548 552/552/552
f 547/547/547 552/552/552 551/551/551
f 548/548/548 545/545/545 549/549/549
f 548/548/548 549/549/549 552/552/552
f 549/549/549 550/550/550 554/554/554
f 549/549/549 554/554/554 553/553/553
f 550/550/550 551/551/551 555/555/555
f 550/550/550 555/555/555 554/554/554
f 551/551/551 552/552/552 556/556/556
f 551/551/551 556/556/556 555/555/555
f 552/552/552 549/549/549 553/553/553
f 552/552/552 553/553/553 556/556/556
f 553/553/553 554/554/554 558/558/558
f 553/553/553 558/558/558 557/557/557
f 554/554/554 555/555/555 559/559/559
f 554/554/554 559/559/559 558/558/558
f 555/555/555 556/556/556 560/560/560
f 555/555/555 560/560/560 559/559/559
f 556/556/556 553/553/553 557/557/557
f 556/556/556 557/557/557 560/560/560
f 557/557/557 558/558/558 562/562/562
f 557/557/557 562/562/562 561/561/561
f 558/558/558 559/559/559 563/563/563
f 558/558/558 563/563/563 562/562/562
f 559/559/559 560/560/560 564/564/564
f 559/559/559 564/564/564 563/563/563
f 560/560/560 557/557/557 561/561/561
f 560/560/560 561/561/561 564/564/564
f 561/561/561 562/562/562 566/566/566
f 561/561/561 566/566/566 565/565/565
f 562/562/562 563/563/563 567/567/567
f 562/562/562 567/567/567 566/566/566
f 563/563/563 564/564/564 568/568/568
f 563/563/563 568/568/568 567/567/567
f 564/564/564 561/561/561 565/565/565
f 564/564/564 565/565/565 568/568/568
f 565/565/565 566/566/566 570/570/570
f 565/565/565 570/570/570 569/569/569
f 566/566/566 567/567/567 571/571/571
f 566/566/566 571/571/571 570/570/570
f 567/567/567 568/568/568 572/572/572
f 567/567/567 572/572/572 571/571/571
f 568/568/568 565/565/565 569/569/569
f 568/568/568 569/569/569 572/572/572
f 569/569/569 570/570/570 574/574/574
f 569/569/569 574/574/574 573/573/573
f 570/570/570 571/571/571 575/575/575
f 570/570/570 575/575/575 574/574/574
f 571/571/571 572/572/572 576/576/576
f 571/571/571 576/576/576 575/575/575
f 572/572/572 569/569/569 573/573/573
f 572/572/572 573/573/573 576/576/576
f 573/573/573 574/574/574 578/578/578
f 573/573/573 578/578/578 577/577/577
f 574/574/574 575/575/575 579/579/579
f 574/574/574 579/579/579 578/578/578
f 575/575/575 576/576/576 580/580/580
f 575/575/575 580/580/580 579/579/579
f 576/576/576 573/573/573 577/577/577
f 576/576/576 577/577/577 580/580/580
f 577/577/577 578/578/578 582/582/582
f 577/577/577 582/582/582 581/581/581
f 578/578/578 579/579/579 583/583/583
f 578/578/578 583/583/583 582/582/582
f 579/579/579 580/580/580 584/584/584
f 579/579/579 584/584/584 583/583/583
f 580/580/580 577/577/577 581/581/581
f 580/580/580 581/581/581 584/584/584
f 581/581/581 582/582/582 586/586/586
f 581/581/581 586/586/586 585/585/585
f 582/582/582 583/583/583 587/587/587
f 582/582/582 587/587/587 586/586/586
f 583/583/583 584/584/584 588/588/588
f 583/583/583 588/588/588 587/587/587
f 584/584/584 581/581/581 585/585/585
f 584/584/584 585/585/585 588/588/588
f 585/585/585 586/586/586 590/590/590
f 585/585/585 590/590/590 589/589/589
f 586/586/586 587/587/587 591/591/591
f 586/586/586 591/591/591 590/590/590
f 587/587/587 588/588/588 592/592/592
f 587/587/587 592/592/592 591/591/591
f 588/588/588 585/585/585 589/589/589
f 588/588/588 589/589/589 592/592/592
f 589/589/589 590/590/590 594/594/594
f 589/589/589 594/594/594 593/593/593
f 590/590/590 591/591/591 595/595/595
f 590/590/590 595/595/595 594/594/594
f 591/591/591 592/592/592 596/596/596
f 591/591/591 596/596/596 595/595/595
f 592/592/592 589/589/589 593/593/593
f 592/592/592 593/593/593 596/596/596
f 593/593/593 594/594/594 598/598/598
f 593/593/593 598/598/598 597/597/597
f 594/594/594 595/595/595 599/599/599
f 594/594/594 599/599/599 598/598/598
f 595/595/595 596/596/596 600/600/600
f 595/595/595 600/600/600 599/599/599
f 596/596/596 593/593/593 597/597/597
f 596/596/596 597/597/597 600/600/600
f 597/597/597 598/598/598 602/602/602
f 597/597/597 602/602/602 601/601/601
f 598/598/598 599/599/599 603/603/603
f 598/598/598 603/603/603 602/602/602
f 599/599/599 600/600/600 604/604/604
f 599/599/599 604/604/604 603/603/603
f 600/600/600 597/597/597 601/601/601
f 600/600/600 601/601/601 604/604/604
f 601/601/601 602/602/602 606/606/606
f 601/601/601 606/606/606 605/605/605
f 602/602/602 603/603/603 607/607/607
f 602/602/602 607/607/607 606/606/606
f 603/603/603 604/604/604 608/608/608
f 603/603/603 608/608/608 607/607/607
f 604/604/604 601/601/601 605/605/605
f 604/604/604 605/605/605 608/608/608
f 605/605/605 606/606/606 610/610/610
f 605/605/605 610/610/610 609/609/609
f 606/606/606 607/607/607 611/611/611
f 606/606/606 611/611/611 610/610/610
f 607/607/607 608/608/608 612/612/612
f 607/607/607 612/612/612 611/611/611
f 608/608/608 605/605/605 609/609/609
f 608/608/608 609/609/609 612/612/612
f 609/609/609 610/610/610 614/614/614
f 609/609/609 614/614/614 613/613/613
f 610/610/610 611/611/611 615/615/615
f 610/610/610 615/615/615 614/614/614
f 611/611/611 612/612/612 616/616/616
f 611/611/611 616/616/616 615/615/615
f 612/612/612 609/609/609 613/613/613
f 612/612/612 613/613/613 616/616/616
f 613/613/613 614/614/614 618/618/618
f 613/613/613 618/618/618 617/617/617
f 614/614/614 615/615/615 619/619/619
f 614/614/614 619/619/619 618/618/618
f 615/615/615 616/616/616 620/620/620
f 615/615/615 620/620/620 619/619/619
f 616/616/616 613/613/613 617/617/617
f 616/616/616 617/617/617 620/620/620
f 617/617/617 618/618/618 622/622/622
f 617/617/617 622/622/622 621/621/621
f 618/618/618 619/619/619 623/623/623
f 618/618/618 623/623/623 622/622/622
f 619/619/619 620/620/620 624/624/624
f 619/619/619 624/624/624 623/623/623
f 620/620/620 617/617/617 621/621/621
f 620/620/620 621/621/621 624/624/624
f 621/621/621 622/622/622 626/626/626
f 621/621/621 626/626/626 625/625/625
f 622/622/622 623/623/623 627/627/627
f 622/622/622 627/627/627 626/626/626
f 623/623/623 624/624/624 628/628/628
f 623/623/623 628/628/628 627/627/627
f 624/624/624 621/621/621 625/625/625
f 624/624/624 625/625/625 628/628/628
f 625/625/625 626/626/626 630/630/630
f 625/625/625 630/630/630 629/629/629
f 626/626/626 627/627/627 631/631/631
f 626/626/626 631/631/631 630/630/630
f 627/627/627 628/628/628 632/632/632
f 627/627/627 632/632/632 631/631/631
f 628/628/628 625/625/625 629/629/629
f 628/628/628 629/629/629 632/632/632
f 629/629/629 630/630/630 634/634/634
f 629/629/629 634/634/634 633/633/633
f 630/630/630 631/631/631 635/635/635
f 630/630/630 635/635/635 634/634/634
f 631/631/631 632/632/632 636/636/636
f 631/631/631 636/636/636 635/635/635
f 632/632/632 629/629/629 633/633/633
f 632/632/632 633/633/633 636/636/636
f 633/633/633 634/634/634 638/638/638
f 633/633/633 638/638/638 637/637/637
f 634/634/634 635/635/635 639/639/639
f 634/634/634 639/639/639 638/638/638
f 635/635/635 636/636/636 640/640/640
f 635/635/635 640/640/640 639/639/639
f 636/636/636 633/633/633 637/637/637
f 636/636/636 637/637/637 640/640/640
f 637/637/637 638/638/638 642/642/642
f 637/637/637 642/642/642 641/641/641
f 638/638/638 639/639/639 643/643/643
f 638/638/638 643/643/643 642/642/642
f 639/639/639 640/640/640 644/644/644
f 639/639/639 644/644/644 643/643/643
f 640/640/640 637/637/637 641/641/641
f 640/640/640 641/641/641 644/644/644
f 641/641/641 642/642/642 646/646/646
f 641/641/641 646/646/646 645/645/645
f 642/642/642 643/643/643 647/647/647
f 642/642/642 647/647/647 646/646/646
f 643/643/643 644/644/644 648/648/648
f 643/643/643 648/648/648 647/647/647
f 644/644/644 641/641/641 645/645/645
f 644/644/644 645/645/645 648/648/648
f 645/645/645 646/646/646 650/650/650
f 645/645/645 650/650/650 649/649/649
f 646/646/646 647/647/647 651/651/651
f 646/646/646 651/651/651 650/650/650
f 647/647/647 648/648/648 652/652/652
f 647/647/647 652/652/652 651/651/651
f 648/648/648 645/645/645 649/649/649
f 648/648/648 649/649/649 652/652/652
f 649/649/649 650/650/650 654/654/654
f 649/649/649 654/654/654 653/653/653
f 650/650/650 651/651/651 655/655/655
f 650/650/650 655/655/655 654/654/654
f 651/651/651 652/652/652 656/656/656
f 651/651/651 656/656/656 655/655/655
f 652/652/652 649/649/649 653/653/653
f 652/652/652 653/653/653 656/656/656
f 653/653/653 654/654/654 658/658/658
f 653/653/653 658/658/658 657/657/657
f 654/654/654 655/655/655 659/659/659
f 654/654/654 659/659/659 658/658/658
f 655/655/655 656/656/656 660/660/660
f 655/655/655 660/660/660 659/659/659
f 656/656/656 653/653/653 657/657/657
f 656/656/656 657/657/657 660/660/660
f 657/657/657 658/658/658 662/662/662
f 657/657/657 662/662/662 661/661/661
f 658/658/658 659/659/659 663/663/663
f 658/658/658 663/663/663 662/662/662
f 659/659/659 660/660/660 664/664/664
f 659/659/659 664/664/664 663/663/663
f 660/660/660 657/657/657 661/661/661
f 660/660/660 661/661/661 664/664/664
f 661/661/661 662/662/662 666/666/666
f 661/661/661 666/666/666 665/665/665
f 662/662/662 663/663/663 667/667/667
f 662/662/662 667/667/667 666/666/666
f 663/663/663 664/664/664 668/668/668
f 663/663/663 668/668/668 667/667/667
f 664/664/664 661/661/661 665/665/665
f 664/664/664 665/665/665 668/668/668
f 665/665/665 666/666/666 670/670/670
f 665/665/665 670/670/670 669/669/669
f 666/666/666 667/667/667 671/671/671
f 666/666/666 671/671/671 670/670/670
f 667/667/667 668/668/668 672/672/672
f 667/667/667 672/672/672 671/671/671
f 668/668/668 665/665/665 669/669/669
f 668/668/668 669/669/669 672/672/672
f 669/669/669 670/670/670 674/674/674
f 669/669/669 674/674/674 673/673/673
f 670/670/670 671/671/671 675/675/675
f 670/670/670 675/675/675 674/674/674
f 671/671/671 672/672/672 676/676/676
f 671/671/671 676/676/676 675/675/675
f 672/672/672 669/669/669 673/673/673
f 672/672/672 673/673/673 676/676/676
f 673/673/673 674/674/674 678/678/678
f 673/673/673 678/678/678 677/677/677
f 674/674/674 675/675/675 679/679/679
f 674/674/674 679/679/679 678/678/678
f 675/675/675 676/676/676 680/680/680
f 675/675/675 680/680/680 679/679/679
f 676/676/676 673/673/673 677/677/677
f 676/676/676 677/677/677 680/680/680
f 677/677/677 678/678/678 682/682/682
f 677/677/677 682/682/682 681/681/681
f 678/678/678 679/679/679 683/683/683
f 678/678/678 683/683/683 682/682/682
f 679/679/679 680/680/680 684/684/684
f 679/679/679 684/684/684 683/683/683
f 680/680/680 677/677/677 681/681/681
f 680/680/680 681/681/681 684/684/684
f 681/681/681 682/682/682 686/686/686
f 681/681/681 686/686/686 685/685/685
f 682/682/682 683/683/683 687/687/687
f 682/682/682 687/687/687 686/686/686
f 683/683/683 684/684/684 688/688/688
f 683/683/683 688/688/688 687/687/687
f 684/684/684 681/681/681 685/685/685
f 684/684/684 685/685/685 688/688/688
f 685/685/685 686/686/686 690/690/690
f 685/685/685 690/690/690 689/689/689
f 686/686/686 687/687/687 691/691/691
f 686/686/686 691/691/691 690/690/690
f 687/687/687 688/688/688 692/692/692
f 687/687/687 692/692/692 691/691/691
f 688/688/688 685/685/685 689/689/689
f 688/688/688 689/689/689 692/692/692
f 689/689/689 690/690/690 694/694/694
f 689/689/689 694/694/694 693/693/693
f 690/690/690 691/691/691 695/695/695
f 690/690/690 695/695/695 694/694/694
f 691/691/691 692/692/692 696/696/696
f 691/691/691 696/696/696 695/695/695
f 692/692/692 689/689/689 693/693/693
f 692/692/692 693/693/693 696/696/696
f 693/693/693 694/694/694 698/698/698
f 693/693/693 698/698/698 697/697/697
f 694/694/694 695/695/695 699/699/699
f 694/694/694 699/699/699 698/698/698
f 695/695/695 696/696/696 700/700/700
f 695/695/695 700/700/700 699/699/699
f 696/696/696 693/693/693 697/697/697
f 696/696/696 697/697/697 700/700/700
f 697/697/697 698/698/698 702/702/702
f 697/697/697 702/702/702 701/701/701
f 698/698/698 699/699/699 703/703/703
f 698/698/698 703/703/703 702/702/702
f 699/699/699 700/700/700 704/704/704
f 699/699/699 704/704/704 703/703/703
f 700/700/700 697/697/697 701/701/701
f 700/700/700 701/701/701 704/704/704
f 701/701/701 702/702/702 706/706/706
f 701/701/701 706/706/706 705/705/705
f 702/702/702 703/703/703 707/707/707
f 702/702/702 707/707/707 706/706/706
f 703/703/703 704/704/704 708/708/708
f 703/703/703 708/708/708 707/707/707
f 704/704/704 701/701/701 705/705/705
f 704/704/704 705/705/705 708/708/708
f 705/705/705 706/706/706 710/710/710
f 705/705/705 710/710/710 709/709/709
f 706/706/706 707/707/707 711/711/711
f 706/706/706 711/711/711 710/710/710
f 707/707/707 708/708/708 712/712/712
f 707/707/707 712/712/712 711/711/711
f 708/708/708 705/705/705 709/709/709
f 708/708/708 709/709/709 712/712/712
f 709/709/709 710/710/710 714/714/714
f 709/709/709 714/714/714 713/713/713
f 710/710/710 711/711/711 715/715/715
f 710/710/710 715/715/715 714/714/714
f 711/711/711 712/712/712 716/716/716
f 711/711/711 716/716/716 715/715/715
f 712/712/712 709/709/709 713/713/713
f 712/712/712 713/713/713 716/716/716
f 713/713/713 714/714/714 718/718/718
f 713/713/713 718/718/718 717/717/717
f 714/714/714 715/715/715 719/719/719
f 714/714/714 719/719/719 718/718/718
f 715/715/715 716/716/716 720/720/720
f 715/715/715 720/720/720 719/719/719
f 716/716/716 713/713/713 717/717/717
f 716/716/716 717/717/717 720/720/720
f 717/717/717 718/718/718 722/722/722
f 717/717/717 722/722/722 721/721/721
f 718/718/718 719/719/719 723/723/723
f 718/718/718 723/723/723 722/722/722
f 719/719/719 720/720/720 724/724/724
f 719/719/719 724/724/724 723/723/723
f 720/720/720 717/717/717 721/721/721
f 720/720/720 721/721/721 724/724/724
f 721/721/721 722/722/722 726/726/726
f 721/721/721 726/726/726 725/725/725
f 722/722/722 723/723/723 727/727/727
f 722/722/722 727/727/727 726/726/726
f 723/723/723 724/724/724 728/728/728
f 723/723/723 728/728/728 727/727/727
f 724/724/724 721/721/721 725/725/725
f 724/724/724 725/725/725 728/728/728
f 725/725/725 726/726/726 730/730/730
f 725/725/725 730/730/730 729/729/729
f 726/726/726 727/727/727 731/731/731
f 726/726/726 731/731/731 730/730/730
f 727/727/727 728/728/728 732/732/732
f 727/727/727 732/732/732 731/731/731
f 728/728/728 725/725/725 729/729/729
f 728/728/728 729/729/729 732/732/732
f 729/729/729 730/730/730 734/734/734
f 729/729/729 734/734/734 733/733/733
f 730/730/730 731/731/731 735/735/735
f 730/730/730 735/735/735 734/734/734
f 731/731/731 732/732/732 736/736/736
f 731/731/731 736/736/736 735/735/735
f 732/732/732 729/729/729 733/733/733
f 732/732/732 733/733/733 736/736/736
f 733/733/733 734/734/734 738/738/738
f 733/733/733 738/738/738 737/737/737
f 734/734/734 735/735/735 739/739/739
f 734/734/734 739/739/739 738/738/738
f 735/735/735 736/736/736 740/740/740
f 735/735/735 740/740/740 739/739/739
f 736/736/736 733/733/733 737/737/737
f 736/736/736 737/737/737 740/740/740
f 737/737/737 738/738/738 742/742/742
f 737/737/737 742/742/742 741/741/741
f 738/738/738 739/739/739 743/743/743
f 738/738/738 743/743/743 742/742/742
f 739/739/739 740/740/740 744/744/744
f 739/739/739 744/744/744 743/743/743
f 740/740/740 737/737/737 741/741/741
f 740/740/740 741/741/741 744/744/744
f 741/741/741 742/742/742 746/746/746
f 741/741/741 746/746/746 745/745/745
f 742/742/742 743/743/743 747/747/747
f 742/742/742 747/747/747 746/746/746
f 743/743/743 744/744/744 748/748/748
f 743/743/743 748/748/748 747/747/747
f 744/744/744 741/741/741 745/745/745
f 744/744/744 745/745/745 748/748/748
f 745/745/745 746/746/746 750/750/750
f 745/745/745 750/750/750 749/749/749
f 746/746/746 747/747/747 751/751/751
f 746/746/746 751/751/751 750/750/750
f 747/747/747 748/748/748 752/752/752
f 747/747/747 752/752/752 751/751/751
f 748/748/748 745/745/745 749/749/749
f 748/748/748 749/749/749 752/752/752
f 749/749/749 750/750/750 754/754/754
f 749/749/749 754/754/754 753/753/753
f 750/750/750 751/751/751 755/755/755
f 750/750/750 755/755/755 754/754/754
f 751/751/751 752/752/752 756/756/756
f 751/751/751 756/756/756 755/755/755
f 752/752/752 749/749/749 753/753/753
f 752/752/752 753/753/753 756/756/756
f 753/753/753 754/754/754 758/758/758
f 753/753/753 758/758/758 757/757/757
f 754/754/754 755/755/755 759/759/759
f 754/754/754 759/759/759 758/758/758
f 755/755/755 756/756/756 760/760/760
f 755/755/755 760/760/760 759/759/759
f 756/756/756 753/753/753 757/757/757
f 756/756/756 757/757/757 760/760/760
f 757/757/757 758/758/758 762/762/762
f 757/757/757 762/762/762 761/761/761
f 758/758/758 759/759/759 763/763/763
f 758/758/758 763/763/763 762/762/762
f 759/759/759 760/760/760 764/764/764
f 759/759/759 764/764/764 763/763/763
f 760/760/760 757/757/757 761/761/761
f 760/760/760 761/761/761 764/764/764
f 761/761/761 762/762/762 766/766/766
f 761/761/761 766/766/766 765/765/765
f 762/762/762 763/763/763 767/767/767
f 762/762/762 767/767/767 766/766/766
f 763/763/763 764/764/764 768/768/768
f 763/763/763 768/768/768 767/767/767
f 764/764/764 761/761/761 765/765/765
f 764/764/764 765/765/765 768/768/768
f 765/765/765 766/766/766 770/770/770
f 765/765/765 770/770/770 769/769/769
f 766/766/766 767/767/767 771/771/771
f 766/766/766 771/771/771 770/770/770
f 767/767/767 768/768/768 772/772/772
f 767/767/767 772/772/772 771/771/771
f 768/768/768 765/765/765 769/769/769
f 768/768/768 769/769/769 772/772/772
f 769/769/769 770/770/770 774/774/774
f 769/769/769 774/774/774 773/773/773
f 770/770/770 771/771/771 775/775/775
f 770/770/770 775/775/775 774/774/774
f 771/771/771 772/772/772 776/776/776
f 771/771/771 776/776/776 775/775/775
f 772/772/772 769/769/769 773/773/773
f 772/772/772 773/773/773 776/776/776
f 773/773/773 774/774/774 778/778/778
f 773/773/773 778/778/778 777/777/777
f 774/774/774 775/775/775 779/779/779
f 774/774/774 779/779/779 778/778/778
f 775/775/775 776/776/776 780/780/780
f 775/775/775 780/780/780 779/779/779
f 776/776/776 773/773/773 777/777/777
f 776/776/776 777/777/777 780/780/780
f 781/781/781 782/782/782 786/786/786
f 781/781/781 786/786/786 785/785/785
f 782/782/782 783/783/783 787/787/787
f 782/782/782 787/787/787 786/786/786
f 783/783/783 784/784/784 788/788/788
f 783/783/783 788/788/788 787/787/787
f 784/784/784 781/781/781 785/785/785
f 784/784/784 785/785/785 788/788/788
f 785/785/785 786/786/786 790/790/790
f 785/785/785 790/790/790 789/789/789
f 786/786/786 787/787/787 791/791/791
f 786/786/786 791/791/791 790/790/790
f 787/787/787 788/788/788 792/792/792
f 787/787/787 792/792/792 791/791/791
f 788/788/788 785/785/785 789/789/789
f 788/788/788 789/789/789 792/792/792
f 789/789/789 790/790/790 794/794/794
f 789/789/789 794/794/794 793/793/793
f 790/790/790 791/791/791 795/795/795
f 790/790/790 795/795/795 794/794/794
f 791/791/791 792/792/792 796/796/796
f 791/791/791 796/796/796 795/795/795
f 792/792/792 789/789/789 793/793/793
f 792/792/792 793/793/793 796/796/796
f 793/793/793 794/794/794 798/798/798
f 793/793/793 798/798/798 797/797/797
f 794/794/794 795/795/795 799/799/799
f 794/794/794 799/799/799 798/798/798
f 795/795/795 796/796/796 800/800/800
f 795/795/795 800/800/800 799/799/799
f 796/796/796 793/793/793 797/797/797
f 796/796/796 797/797/797 800/800/800
f 797/797/797 798/798/798 802/802/802
f 797/797/797 802/802/802 801/801/801
f 798/798/798 799/799/799 803/803/803
f 798/798/798 803/803/803 802/802/802
f 799/799/799 800/800/800 804/804/804
f 799/799/799 804/804/804 803/803/803
f 800/800/800 797/797/797 801/801/801
f 800/800/800 801/801/801 804/804/804
f 801/801/801 802/802/802 806/806/806
f 801/801/801 806/806/806 805/805/805
f 802/802/802 803/803/803 807/807/807
f 802/802/802 807/807/807 806/806/806
f 803/803/803 804/804/804 808/808/808
f 803/803/803 808/808/808 807/807/807
f 804/804/804 801/801/801 805/805/805
f 804/804/804 805/805/805 808/808/808
f 805/805/805 806/806/806 810/810/810
f 805/805/805 810/810/810 809/809/809
f 806/806/806 807/807/807 811/811/811
f 806/806/806 811/811/811 810/810/810
f 807/807/807 808/808/808 812/812/812
f 807/807/807 812/812/812 811/811/811
f 808/808/808 805/805/805 809/809/809
f 808/808/808 809/809/809 812/812/812
f 809/809/809 810/810/810 814/814/814
f 809/809/809 814/814/814 813/813/813
f 810/810/810 811/811/811 815/815/815
f 810/810/810 815/815/815 814/814/814
f 811/811/811 812/812/812 816/816/816
f 811/811/811 816/816/816 815/815/815
f 812/812/812 809/809/809 813/813/813
f 812/812/812 813/813/813 816/816/816
f 813/813/813 814/814/814 818/818/818
f 813/813/813 818/818/818 817/817/817
f 814/814/814 815/815/815 819/819/819
f 814/814/814 819/819/819 818/818/818
f 815/815/815 816/816/816 820/820/820
f 815/815/815 820/820/820 819/819/819
f 816/816/816 813/813/813 817/817/817
f 816/816/816 817/817/817 820/820/820
f 817/817/817 818/818/818 822/822/822
f 817/817/817 822/822/822 821/821/821
f 818/818/818 819/819/819 823/823/823
f 818/818/818 823/823/823 822/822/822
f 819/819/819 820/820/820 824/824/824
f 819/819/819 824/824/824 823/823/823
f 820/820/820 817/817/817 821/821/821
f 820/820/820 821/821/821 824/824/824
f 821/821/821 822/822/822 826/826/826
f 821/821/821 826/826/826 825/825/825
f 822/822/822 823/823/823 827/827/827
f 822/822/822 827/827/827 826/826/826
f 823/823/823 824/824/824 828/828/828
f 823/823/823 828/828/828 827/827/827
f 824/824/824 821/821/821 825/825/825
f 824/824/824 825/825/825 828/828/828
f 825/825/825 826/826/826 830/830/830
f 825/825/825 830/830/830 829/829/829
f 826/826/826 827/827/827 831/831/831
f 826/826/826 831/831/831 830/830/830
f 827/827/827 828/828/828 832/832/832
f 827/827/827 832/832/832 831/831/831
f 828/828/828 825/825/825 829/829/829
f 828/828/828 829/829/829 832/832/832
f 781/781/781 783/783/783 782/782/782
f 781/781/781 784/784/784 783/783/783
f 829/829/829 830/830/830 831/831/831
f 829/829/829 831/831/831 832/832/832
f 833/833/833 834/834/834 838/838/838
f 833/833/833 838/838/838 837/837/837
f 834/834/834 835/835/835 839/839/839
f 834/834/834 839/839/839 838/838/838
f 835/835/835 836/836/836 840/840/840
f 835/835/835 840/840/840 839/839/839
f 836/836/836 833/833/833 837/837/837
f 836/836/836 837/837/837 840/840/840
f 837/837/837 838/838/838 842/842/842
f 837/837/837 842/842/842 841/841/841
f 838/838/838 839/839/839 843/843/843
f 838/838/838 843/843/843 842/842/842
f 839/839/839 840/840/840 844/844/844
f 839/839/839 844/844/844 843/843/843
f 840/840/840 837/837/837 841/841/841
f 840/840/840 841/841/841 844/844/844
f 841/841/841 842/842/842 846/846/846
f 841/841/841 846/846/846 845/845/845
f 842/842/842 843/843/843 847/847/847
f 842/842/842 847/847/847 846/846/846
f 843/843/843 844/844/844 848/848/848
f 843/843/843 848/848/848 847/847/847
f 844/844/844 841/841/841 845/845/845
f 844/844/844 845/845/845 848/848/848
f 845/845/845 846/846/846 850/850/850
f 845/845/845 850/850/850 849/849/849
f 846/846/846 847/847/847 851/851/851
f 846/846/846 851/851/851 850/850/850
f 847/847/847 848/848/848 852/852/852
f 847/847/847 852/852/852 851/851/851
f 848/848/848 845/845/845 849/849/849
f 848/848/848 849/849/849 852/852/852
f 849/849/849 850/850/850 854/854/854
f 849/849/849 854/854/854 853/853/853
f 850/850/850 851/851/851 855/855/855
f 850/850/850 855/855/855 854/854/854
f 851/851/851 852/852/852 856/856/856
f 851/851/851 856/856/856 855/855/855
f 852/852/852 849/849/849 853/853/853
f 852/852/852 853/853/853 856/856/856
f 853/853/853 854/854/854 858/858/858
f 853/853/853 858/858/858 857/857/857
f 854/854/854 855/855/855 859/859/859
f 854/854/854 859/859/859 858/858/858
f 855/855/855 856/856/856 860/860/860
f 855/855/855 860/860/860 859/859/859
f 856/856/856 853/853/853 857/857/857
f 856/856/856 857/857/857 860/860/860
f 833/833/833 835/835/835 834/834/834
f 833/833/833 836/836/836 835/835/835
f 857/857/857 858/858/858 859/859/859
f 857/857/857 859/859/859 860/860/860
f 861/861/861 862/862/862 866/866/866
f 861/861/861 866/866/866 865/865/865
f 862/862/862 863/863/863 867/867/867
f 862/862/862 867/867/867 866/866/866
f 863/863/863 864/864/864 868/868/868
f 863/863/863 868/868/868 867/867/867
f 864/864/864 861/861/861 865/865/865
f 864/864/864 865/865/865 868/868/868
f 865/865/865 866/866/866 870/870/870
f 865/865/865 870/870/870 869/869/869
f 866/866/866 867/867/867 871/871/871
f 866/866/866 871/871/871 870/870/870
f 867/867/867 868/868/868 872/872/872
f 867/867/867 872/872/872 871/871/871
f 868/868/868 865/865/865 869/869/869
f 868/868/868 869/869/869 872/872/872
f 869/869/869 870/870/870 874/874/874
f 869/869/869 874/874/874 873/873/873
f 870/870/870 871/871/871 875/875/875
f 870/870/870 875/875/875 874/874/874
f 871/871/871 872/872/872 876/876/876
f 871/871/871 876/876/876 875/875/875
f 872/872/872 869/869/869 873/873/873
f 872/872/872 873/873/873 876/876/876
f 873/873/873 874/874/874 878/878/878
f 873/873/873 878/878/878 877/877/877
f 874/874/874 875/875/875 879/879/879
f 874/874/874 879/879/879 878/878/878
f 875/875/875 876/876/876 880/880/880
f 875/875/875 880/880/880 879/879/879
f 876/876/876 873/873/873 877/877/877
f 876/876/876 877/877/877 880/880/880
f 877/877/877 878/878/878 882/882/882
f 877/877/877 882/882/882 881/881/881
f 878/878/878 879/879/879 883/883/883
f 878/878/878 883/883/883 882/882/882
f 879/879/879 880/880/880 884/884/884
f 879/879/879 884/884/884 883/883/883
f 880/880/880 877/877/877 881/881/881
f 880/880/880 881/881/881 884/884/884
f 881/881/881 882/882/882 886/886/886
f 881/881/881 886/886/886 885/885/885
f 882/882/882 883/883/883 887/887/887
f 882/882/882 887/887/887 886/886/886
f 883/883/883 884/884/884 888/888/888
f 883/883/883 888/888/888 887/887/887
f 884/884/884 881/881/881 885/885/885
f 884/884/884 885/885/885 888/888/888
f 861/861/861 863/863/863 862/862/862
f 861/861/861 864/864/864 863/863/863
f 885/885/885 886/886/886 887/887/887
f 885/885/885 887/887/887 888/888/888
f 889/889/889 890/890/890 894/894/894
f 889/889/889 894/894/894 893/893/893
f 890/890/890 891/891/891 895/895/895
f 890/890/890 895/895/895 894/894/894
f 891/891/891 892/892/892 896/896/896
f 891/891/891 896/896/896 895/895/895
f 892/892/892 889/889/889 893/893/893
f 892/892/892 893/893/893 896/896/896
f 893/893/893 894/894/894 898/898/898
f 893/893/893 898/898/898 897/897/897
f 894/894/894 895/895/895 899/899/899
f 894/894/894 899/899/899 898/898/898
f 895/895/895 896/896/896 900/900/900
f 895/895/895 900/900/900 899/899/899
f 896/896/896 893/893/893 897/897/897
f 896/896/896 897/897/897 900/900/900
f 897/897/897 898/898/898 902/902/902
f 897/897/897 902/902/902 901/901/901
f 898/898/898 899/899/899 903/903/903
f 898/898/898 903/903/903 902/902/902
f 899/899/899 900/900/900 904/904/904
f 899/899/899 904/904/904 903/903/903
f 900/900/900 897/897/897 901/901/901
f 900/900/900 901/901/901 904/904/904
f 901/901/901 902/902/902 906/906/906
f 901/901/901 906/906/906 905/905/905
f 902/902/902 903/903/903 907/907/907
f 902/902/902 907/907/907 906/906/906
f 903/903/903 904/904/904 908/908/908
f 903/903/903 908/908/908 907/907/907
f 904/904/904 901/901/901 905/905/905
f 904/904/904 905/905/905 908/908/908
f 905/905/905 906/906/906 910/910/910
f 905/905/905 910/910/910 909/909/909
f 906/906/906 907/907/907 911/911/911
f 906/906/906 911/911/911 910/910/910
f 907/907/907 908/908/908 912/912/912
f 907/907/907 912/912/912 911/911/911
f 908/908/908 905/905/905 909/909/909
f 908/908/908 909/909/909 912/912/912
f 909/909/909 910/910/910 914/914/914
f 909/909/909 914/914/914 913/913/913
f 910/910/910 911/911/911 915/915/915
f 910/910/910 915/915/915 914/914/914
f 911/911/911 912/912/912 916/916/916
f 911/911/911 916/916/916 915/915/915
f 912/912/912 909/909/909 913/913/913
f 912/912/912 913/913/913 916/916/916
f 913/913/913 914/914/914 918/918/918
f 913/913/913 918/918/918 917/917/917
f 914/914/914 915/915/915 919/919/919
f 914/914/914 919/919/919 918/918/918
f 915/915/915 916/916/916 920/920/920
f 915/915/915 920/920/920 919/919/919
f 916/916/916 913/913/913 917/917/917
f 916/916/916 917/917/917 920/920/920
f 917/917/917 918/918/918 922/922/922
f 917/917/917 922/922/922 921/921/921
f 918/918/918 919/919/919 923/923/923
f 918/918/918 923/923/923 922/922/922
f 919/919/919 920/920/920 924/924/924
f 919/919/919 924/924/924 923/923/923
f 920/920/920 917/917/917 921/921/921
f 920/920/920 921/921/921 924/924/924
f 921/921/921 922/922/922 926/926/926
f 921/921/921 926/926/926 925/925/925
f 922/922/922 923/923/923 927/927/927
f 922/922/922 927/927/927 926/926/926
f 923/923/923 924/924/924 928/928/928
f 923/923/923 928/928/928 927/927/927
f 924/924/924 921/921/921 925/925/925
f 924/924/924 925/925/925 928/928/928
f 925/925/925 926/926/926 930/930/930
f 925/925/925 930/930/930 929/929/929
f 926/926/926 927/927/927 931/931/931
f 926/926/926 931/931/931 930/930/930
f 927/927/927 928/928/928 932/932/932
f 927/927/927 932/932/932 931/931/931
f 928/928/928 925/925/925 929/929/929
f 928/928/928 929/929/929 932/932/932
f 929/929/929 930/930/930 934/934/934
f 929/929/929 934/934/934 933/933/933
f 930/930/930 931/931/931 935/935/935
f 930/930/930 935/935/935 934/934/934
f 931/931/931 932/932/932 936/936/936
f 931/931/931 936/936/936 935/935/935
f 932/932/932 929/929/929 933/933/933
f 932/932/932 933/933/933 936/936/936
f 933/933/933 934/934/934 938/938/938
f 933/933/933 938/938/938 937/937/937
f 934/934/934 935/935/935 939/939/939
f 934/934/934 939/939/939 938/938/938
f 935/935/935 936/936/936 940/940/940
f 935/935/935 940/940/940 939/939/939
f 936/936/936 933/933/933 937/937/937
f 936/936/936 937/937/937 940/940/940
f 889/889/889 891/891/891 890/890/890
f 889/889/889 892/892/892 891/891/891
f 937/937/937 938/938/938 939/939/939
f 937/937/937 939/939/939 940/940/940
f 941/941/941 942/942/942 946/946/946
f 941/941/941 946/946/946 945/945/945
f 942/942/942 943/943/943 947/947/947
f 942/942/942 947/947/947 946/946/946
f 943/943/943 944/944/944 948/948/948
f 943/943/943 948/948/948 947/947/947
f 944/944/944 941/941/941 945/945/945
f 944/944/944 945/945/945 948/948/948
f 945/945/945 946/946/946 950/950/950
f 945/945/945 950/950/950 949/949/949
f 946/946/946 947/947/947 951/951/951
f 946/946/946 951/951/951 950/950/950
f 947/947/947 948/948/948 952/952/952
f 947/947/947 952/952/952 951/951/951
f 948/948/948 945/945/945 949/949/949
f 948/948/948 949/949/949 952/952/952
f 949/949/949 950/950/950 954/954/954
f 949/949/949 954/954/954 953/953/953
f 950/950/950 951/951/951 955/955/955
f 950/950/950 955/955/955 954/954/954
f 951/951/951 952/952/952 956/956/956
f 951/951/951 956/956/956 955/955/955
f 952/952/952 949/949/949 953/953/953
f 952/952/952 953/953/953 956/956/956
f 953/953/953 954/954/954 958/958/958
f 953/953/953 958/958/958 957/957/957
f 954/954/954 955/955/955 959/959/959
f 954/954/954 959/959/959 958/958/958
f 955/955/955 956/956/956 960/960/960
f 955/955/955 960/960/960 959/959/959
f 956/956/956 953/953/953 957/957/957
f 956/956/956 957/957/957 960/960/960
f 957/957/957 958/958/958 962/962/962
f 957/957/957 962/962/962 961/961/961
f 958/958/958 959/959/959 963/963/963
f 958/958/958 963/963/963 962/962/962
f 959/959/959 960/960/960 964/964/964
f 959/959/959 964/964/964 963/963/963
f 960/960/960 957/957/957 961/961/961
f 960/960/960 961/961/961 964/964/964
f 961/961/961 962/962/962 966/966/966
f 961/961/961 966/966/966 965/965/965
f 962/962/962 963/963/963 967/967/967
f 962/962/962 967/967/967 966/966/966
f 963/963/963 964/964/964 968/968/968
f 963/963/963 968/968/968 967/967/967
f 964/964/964 961/961/961 965/965/965
f 964/964/964 965/965/965 968/968/968
f 941/941/941 943/943/943 942/942/942
f 941/941/941 944/944/944 943/943/943
f 965/965/965 966/966/966 967/967/967
f 965/965/965 967/967/967 968/968/968
f 969/969/969 970/970/970 974/974/974
f 969/969/969 974/974/974 973/973/973
f 970/970/970 971/971/971 975/975/975
f 970/970/970 975/975/975 974/974/974
f 971/971/971 972/972/972 976/976/976
f 971/971/971 976/976/976 975/975/975
f 972/972/972 969/969/969 973/973/973
f 972/972/972 973/973/973 976/976/976
f 973/973/973 974/974/974 978/978/978
f 973/973/973 978/978/978 977/977/977
f 974/974/974 975/975/975 979/979/979
f 974/974/974 979/979/979 978/978/978
f 975/975/975 976/976/976 980/980/980
f 975/975/975 980/980/980 979/979/979
f 976/976/976 973/973/973 977/977/977
f 976/976/976 977/977/977 980/980/980
f 977/977/977 978/978/978 982/982/982
f 977/977/977 982/982/982 981/981/981
f 978/978/978 979/979/979 983/983/983
f 978/978/978 983/983/983 982/982/982
f 979/979/979 980/980/980 984/984/984
f 979/979/979 984/984/984 983/983/983
f 980/980/980 977/977/977 981/981/981
f 980/980/980 981/981/981 984/984/984
f 981/981/981 982/982/982 986/986/986
f 981/981/981 986/986/986 985/985/985
f 982/982/982 983/983/983 987/987/987
f 982/982/982 987/987/987 986/986/986
f 983/983/983 984/984/984 988/988/988
f 983/983/983 988/988/988 987/987/987
f 984/984/984 981/981/981 985/985/985
f 984/984/984 985/985/985 988/988/988
f 985/985/985 986/986/986 990/990/990
f 985/985/985 990/990/990 989/989/989
f 986/986/986 987/987/987 991/991/991
f 986/986/986 991/991/991 990/990/990
f 987/987/987 988/988/988 992/992/992
f 987/987/987 992/992/992 991/991/991
f 988/988/988 985/985/985 989/989/989
f 988/988/988 989/989/989 992/992/992
f 989/989/989 990/990/990 994/994/994
f 989/989/989 994/994/994 993/993/993
f 990/990/990 991/991/991 995/995/995
f 990/990/990 995/995/995 994/994/994
f 991/991/991 992/992/992 996/996/996
f 991/991/991 996/996/996 995/995/995
f 992/992/992 989/989/989 993/993/993
f 992/992/992 993/993/993 996/996/996
f 969/969/969 971/971/971 970/970/970
f 969/969/969 972/972/972 971/971/971
f 993/993/993 994/994/994 995/995/995
f 993/993/993 995/995/995 996/996/996
f 997/997/997 998/998/998 1002/1002/1002
f 997/997/997 1002/1002/1002 1001/1001/1001
f 998/998/998 999/999/999 1003/1003/1003
f 998/998/998 1003/1003/1003 1002/1002/1002
f 999/999/999 1000/1000/1000 1004/1004/1004
f 999/999/999 1004/1004/1004 1003/1003/1003
f 1000/1000/1000 997/997/997 1001/1001/1001
f 1000/1000/1000 1001/1001/1001 1004/1004/1004
f 1001/1001/1001 1002/1002/1002 1006/1006/1006
f 1001/1001/1001 1006/1006/1006 1005/1005/1005
f 1002/1002/1002 1003/1003/1003 1007/1007/1007
f 1002/1002/1002 1007/1007/1007 1006/1006/1006
f 1003/1003/1003 1004/1004/1004 1008/1008/1008
f 1003/1003/1003 1008/1008/1008 1007/1007/1007
f 1004/1004/1004 1001/1001/1001 1005/1005/1005
f 1004/1004/1004 1005/1005/1005 1008/1008/1008
f 1005/1005/1005 1006/1006/1006 1010/1010/1010
f 1005/1005/1005 1010/1010/1010 1009/1009/1009
f 1006/1006/1006 1007/1007/1007 1011/1011/1011
f 1006/1006/1006 1011/1011/1011 1010/1010/1010
f 1007/1007/1007 1008/1008/1008 1012/1012/1012
f 1007/1007/1007 1012/1012/1012 1011/1011/1011
f 1008/1008/1008 1005/1005/1005 1009/1009/1009
f 1008/1008/1008 1009/1009/1009 1012/1012/1012
f 1009/1009/1009 1010/1010/1010 1014/1014/1014
f 1009/1009/1009 1014/1014/1014 1013/1013/1013
f 1010/1010/1010 1011/1011/1011 1015/1015/1015
f 1010/1010/1010 1015/1015/1015 1014/1014/1014
f 1011/1011/1011 1012/1012/1012 1016/1016/1016
f 1011/1011/1011 1016/1016/1016 1015/1015/1015
f 1012/1012/1012 1009/1009/1009 1013/1013/1013
f 1012/1012/1012 1013/1013/1013 1016/1016/1016
f 1013/1013/1013 1014/1014/1014 1018/1018/1018
f 1013/1013/1013 1018/1018/1018 1017/1017/1017
f 1014/1014/1014 1015/1015/1015 1019/1019/1019
f 1014/1014/1014 1019/1019/1019 1018/1018/1018
f 1015/1015/1015 1016/1016/1016 1020/1020/1020
f 1015/1015/1015 1020/1020/1020 1019/1019/1019
f 1016/1016/1016 1013/1013/1013 1017/1017/1017
f 1016/1016/1016 1017/1017/1017 1020/1020/1020
f 1017/1017/1017 1018/1018/1018 1022/1022/1022
f 1017/1017/1017 1022/1022/1022 1021/1021/1021
f 1018/1018/1018 1019/1019/1019 1023/1023/1023
f 1018/1018/1018 1023/1023/1023 1022/1022/1022
f 1019/1019/1019 1020/1020/1020 1024/1024/1024
f 1019/1019/1019 1024/1024/1024 1023/1023/1023
f 1020/1020/1020 1017/1017/1017 1021/1021/1021
f 1020/1020/1020 1021/1021/1021 1024/1024/1024
f 1021/1021/1021 1022/1022/1022 1026/1026/1026
f 1021/1021/1021 1026/1026/1026 1025/1025/1025
f 1022/1022/1022 1023/1023/1023 1027/1027/1027
f 1022/1022/1022 1027/1027/1027 1026/1026/1026
f 1023/1023/1023 1024/1024/1024 1028/1028/1028
f 1023/1023/1023 1028/1028/1028 1027/1027/1027
f 1024/1024/1024 1021/1021/1021 1025/1025/1025
f 1024/1024/1024 1025/1025/1025 1028/1028/1028
f 1025/1025/1025 1026/1026/1026 1030/1030/1030
f 1025/1025/1025 1030/1030/1030 1029/1029/1029
f 1026/1026/1026 1027/1027/1027 1031/1031/1031
f 1026/1026/1026 1031/1031/1031 1030/1030/1030
f 1027/1027/1027 1028/1028/1028 1032/1032/1032
f 1027/1027/1027 1032/1032/1032 1031/1031/1031
f 1028/1028/1028 1025/1025/1025 1029/1029/1029
f 1028/1028/1028 1029/1029/1029 1032/1032/1032
f 1029/1029/1029 1030/1030/1030 1034/1034/1034
f 1029/1029/1029 1034/1034/1034 1033/1033/1033
f 1030/1030/1030 1031/1031/1031 1035/1035/1035
f 1030/1030/1030 1035/1035/1035 1034/1034/1034
f 1031/1031/1031 1032/1032/1032 1036/1036/1036
f 1031/1031/1031 1036/1036/1036 1035/1035/1035
f 1032/1032/1032 1029/1029/1029 1033/1033/1033
f 1032/1032/1032 1033/1033/1033 1036/1036/1036
f 1033/1033/1033 1034/1034/1034 1038/1038/1038
f 1033/1033/1033 1038/1038/1038 1037/1037/1037
f 1034/1034/1034 1035/1035/1035 1039/1039/1039
f 1034/1034/1034 1039/1039/1039 1038/1038/1038
f 1035/1035/1035 1036/1036/1036 1040/1040/1040
f 1035/1035/1035 1040/1040/1040 1039/1039/1039
f 1036/1036/1036 1033/1033/1033 1037/1037/1037
f 1036/1036/1036 1037/1037/1037 1040/1040/1040
f 1037/1037/1037 1038/1038/1038 1042/1042/1042
f 1037/1037/1037 1042/1042/1042 1041/1041/1041
f 1038/1038/1038 1039/1039/1039 1043/1043/1043
f 1038/1038/1038 1043/1043/1043 1042/1042/1042
f 1039/1039/1039 1040/1040/1040 1044/1044/1044
f 1039/1039/1039 1044/1044/1044 1043/1043/1043
f 1040/1040/1040 1037/1037/1037 1041/1041/1041
f 1040/1040/1040 1041/1041/1041 1044/1044/1044
f 1041/1041/1041 1042/1042/1042 1046/1046/1046
f 1041/1041/1041 1046/1046/1046 1045/1045/1045
f 1042/1042/1042 1043/1043/1043 1047/1047/1047
f 1042/1042/1042 1047/1047/1047 1046/1046/1046
f 1043/1043/1043 1044/1044/1044 1048/1048/1048
f 1043/1043/1043 1048/1048/1048 1047/1047/1047
f 1044/1044/1044 1041/1041/1041 1045/1045/1045
f 1044/1044/1044 1045/1045/1045 1048/1048/1048
f 997/997/997 999/999/999 998/998/998
f 997/997/997 1000/1000/1000 999/999/999
f 1045/1045/1045 1046/1046/1046 1047/1047/1047
f 1045/1045/1045 1047/1047/1047 1048/1048/1048
f 1049/1049/1049 1050/1050/1050 1054/1054/1054
f 1049/1049/1049 1054/1054/1054 1053/1053/1053
f 1050/1050/1050 1051/1051/1051 1055/1055/1055
f 1050/1050/1050 1055/1055/1055 1054/1054/1054
f 1051/1051/1051 1052/1052/1052 1056/1056/1056
f 1051/1051/1051 1056/1056/1056 1055/1055/1055
f 1052/1052/1052 1049/1049/1049 1053/1053/1053
f 1052/1052/1052 1053/1053/1053 1056/1056/1056
f 1053/1053/1053 1054/1054/1054 1058/1058/1058
f 1053/1053/1053 1058/1058/1058 1057/1057/1057
f 1054/1054/1054 1055/1055/1055 1059/1059/1059
f 1054/1054/1054 1059/1059/1059 1058/1058/1058
f 1055/1055/1055 1056/1056/1056 1060/1060/1060
f 1055/1055/1055 1060/1060/1060 1059/1059/1059
f 1056/1056/1056 1053/1053/1053 1057/1057/1057
f 1056/1056/1056 1057/1057/1057 1060/1060/1060
f 1057/1057/1057 1058/1058/1058 1062/1062/1062
f 1057/1057/1057 1062/1062/1062 1061/1061/1061
f 1058/1058/1058 1059/1059/1059 1063/1063/1063
f 1058/1058/1058 1063/1063/1063 1062/1062/1062
f 1059/1059/1059 1060/1060/1060 1064/1064/1064
f 1059/1059/1059 1064/1064/1064 1063/1063/1063
f 1060/1060/1060 1057/1057/1057 1061/1061/1061
f 1060/1060/1060 1061/1061/1061 1064/1064/1064
f 1061/1061/1061 1062/1062/1062 1066/1066/1066
f 1061/1061/1061 1066/1066/1066 1065/1065/1065
f 1062/1062/1062 1063/1063/1063 1067/1067/1067
f 1062/1062/1062 1067/1067/1067 1066/1066/1066
f 1063/1063/1063 1064/1064/1064 1068/1068/1068
f 1063/1063/1063 1068/1068/1068 1067/1067/1067
f 1064/1064/1064 1061/1061/1061 1065/1065/1065
f 1064/1064/1064 1065/1065/1065 1068/1068/1068
f 1065/1065/1065 1066/1066/1066 1070/1070/1070
f 1065/1065/1065 1070/1070/1070 1069/1069/1069
f 1066/1066/1066 1067/1067/1067 1071/1071/1071
f 1066/1066/1066 1071/1071/1071 1070/1070/1070
f 1067/1067/1067 1068/1068/1068 1072/1072/1072
f 1067/1067/1067 1072/1072/1072 1071/1071/1071
f 1068/1068/1068 1065/1065/1065 1069/1069/1069
f 1068/1068/1068 1069/1069/1069 1072/1072/1072
f 1069/1069/1069 1070/1070/1070 1074/1074/1074
f 1069/1069/1069 1074/1074/1074 1073/1073/1073
f 1070/1070/1070 1071/1071/1071 1075/1075/1075
f 1070/1070/1070 1075/1075/1075 1074/1074/1074
f 1071/1071/1071 1072/1072/1072 1076/1076/1076
f 1071/1071/1071 1076/1076/1076 1075/1075/1075
f 1072/1072/1072 1069/1069/1069 1073/1073/1073
f 1072/1072/1072 1073/1073/1073 1076/1076/1076
f 1049/1049/1049 1051/1051/1051 1050/1050/1050
f 1049/1049/1049 1052/1052/1052 1051/1051/1051
f 1073/1073/1073 1074/1074/1074 1075/1075/1075
f 1073/1073/1073 1075/1075/1075 1076/1076/1076
f 1077/1077/1077 1078/1078/1078 1082/1082/1082
f 1077/1077/1077 1082/1082/1082 1081/1081/1081
f 1078/1078/1078 1079/1079/1079 1083/1083/1083
f 1078/1078/1078 1083/1083/1083 1082/1082/1082
f 1079/1079/1079 1080/1080/1080 1084/1084/1084
f 1079/1079/1079 1084/1084/1084 1083/1083/1083
f 1080/1080/1080 1077/1077/1077 1081/1081/1081
f 1080/1080/1080 1081/1081/1081 1084/1084/1084
f 1081/1081/1081 1082/1082/1082 1086/1086/1086
f 1081/1081/1081 1086/1086/1086 1085/1085/1085
f 1082/1082/1082 1083/1083/1083 1087/1087/1087
f 1082/1082/1082 1087/1087/1087 1086/1086/1086
f 1083/1083/1083 1084/1084/1084 1088/1088/1088
f 1083/1083/1083 1088/1088/1088 1087/1087/1087
f 1084/1084/1084 1081/1081/1081 1085/1085/1085
f 1084/1084/1084 1085/1085/1085 1088/1088/1088
f 1085/1085/1085 1086/1086/1086 1090/1090/1090
f 1085/1085/1085 1090/1090/1090 1089/1089/1089
f 1086/1086/1086 1087/1087/1087 1091/1091/1091
f 1086/1086/1086 1091/1091/1091 1090/1090/1090
f 1087/1087/1087 1088/1088/1088 1092/1092/1092
f 1087/1087/1087 1092/1092/1092 1091/1091/1091
f 1088/1088/1088 1085/1085/1085 1089/1089/1089
f 1088/1088/1088 1089/1089/1089 1092/1092/1092
f 1089/1089/1089 1090/1090/1090 1094/1094/1094
f 1089/1089/1089 1094/1094/1094 1093/1093/1093
f 1090/1090/1090 1091/1091/1091 1095/1095/1095
f 1090/1090/1090 1095/1095/1095 1094/1094/1094
f 1091/1091/1091 1092/1092/1092 1096/1096/1096
f 1091/1091/1091 1096/1096/1096 1095/1095/1095
f 1092/1092/1092 1089/1089/1089 1093/1093/1093
f 1092/1092/1092 1093/1093/1093 1096/1096/1096
f 1093/1093/1093 1094/1094/1094 1098/1098/1098
f 1093/1093/1093 1098/1098/1098 1097/1097/1097
f 1094/1094/1094 1095/1095/1095 1099/1099/1099
f 1094/1094/1094 1099/1099/1099 1098/1098/1098
f 1095/1095/1095 1096/1096/1096 1100/1100/1100
f 1095/1095/1095 1100/1100/1100 1099/1099/1099
f 1096/1096/1096 1093/1093/1093 1097/1097/1097
f 1096/1096/1096 1097/1097/1097 1100/1100/1100
f 1097/1097/1097 1098/1098/1098 1102/1102/1102
f 1097/1097/1097 1102/1102/1102 1101/1101/1101
f 1098/1098/1098 1099/1099/1099 1103/1103/1103
f 1098/1098/1098 1103/1103/1103 1102/1102/1102
f 1099/1099/1099 1100/1100/1100 1104/1104/1104
f 1099/1099/1099 1104/1104/1104 1103/1103/1103
f 1100/1100/1100 1097/1097/1097 1101/1101/1101
f 1100/1100/1100 1101/1101/1101 1104/1104/1104
f 1077/1077/1077 1079/1079/1079 1078/1078/1078
f 1077/1077/1077 1080/1080/1080 1079/1079/1079
f 1101/1101/1101 1102/1102/1102 1103/1103/1103
f 1101/1101/1101 1103/1103/1103 1104/1104/1104
f 1105/1105/1105 1106/1106/1106 1110/1110/1110
f 1105/1105/1105 1110/1110/1110 1109/1109/1109
f 1106/1106/1106 1107/1107/1107 1111/1111/1111
f 1106/1106/1106 1111/1111/1111 1110/1110/1110
f 1107/1107/1107 1108/1108/1108 1112/1112/1112
f 1107/1107/1107 1112/1112/1112 1111/1111/1111
f 1108/1108/1108 1105/1105/1105 1109/1109/1109
f 1108/1108/1108 1109/1109/1109 1112/1112/1112
f 1109/1109/1109 1110/1110/1110 1114/1114/1114
f 1109/1109/1109 1114/1114/1114 1113/1113/1113
f 1110/1110/1110 1111/1111/1111 1115/1115/1115
f 1110/1110/1110 1115/1115/1115 1114/1114/1114
f 1111/1111/1111 1112/1112/1112 1116/1116/1116
f 1111/1111/1111 1116/1116/1116 1115/1115/1115
f 1112/1112/1112 1109/1109/1109 1113/1113/1113
f 1112/1112/1112 1113/1113/1113 1116/1116/1116
f 1113/1113/1113 1114/1114/1114 1118/1118/1118
f 1113/1113/1113 1118/1118/1118 1117/1117/1117
f 1114/1114/1114 1115/1115/1115 1119/1119/1119
f 1114/1114/1114 1119/1119/1119 1118/1118/1118
f 1115/1115/1115 1116/1116/1116 1120/1120/1120
f 1115/1115/1115 1120/1120/1120 1119/1119/1119
f 1116/1116/1116 1113/1113/1113 1117/1117/1117
f 1116/1116/1116 1117/1117/1117 1120/1120/1120
f 1117/1117/1117 1118/1118/1118 1122/1122/1122
f 1117/1117/1117 1122/1122/1122 1121/1121/1121
f 1118/1118/1118 1119/1119/1119 1123/1123/1123
f 1118/1118/1118 1123/1123/1123 1122/1122/1122
f 1119/1119/1119 1120/1120/1120 1124/1124/1124
f 1119/1119/1119 1124/1124/1124 1123/1123/1123
f 1120/1120/1120 1117/1117/1117 1121/1121/1121
f 1120/1120/1120 1121/1121/1121 1124/1124/1124
f 1121/1121/1121 1122/1122/1122 1126/1126/1126
f 1121/1121/1121 1126/1126/1126 1125/1125/1125
f 1122/1122/1122 1123/1123/1123 1127/1127/1127
f 1122/1122/1122 1127/1127/1127 1126/1126/1126
f 1123/1123/1123 1124/1124/1124 1128/1128/1128
f 1123/1123/1123 1128/1128/1128 1127/1127/1127
f 1124/1124/1124 1121/1121/1121 1125/1125/1125
f 1124/1124/1124 1125/1125/1125 1128/1128/1128
f 1125/1125/1125 1126/1126/1126 1130/1130/1130
f 1125/1125/1125 1130/1130/1130 1129/1129/1129
f 1126/1126/1126 1127/1127/1127 1131/1131/1131
f 1126/1126/1126 1131/1131/1131 1130/1130/1130
f 1127/1127/1127 1128/1128/1128 1132/1132/1132
f 1127/1127/1127 1132/1132/1132 1131/1131/1131
f 1128/1128/1128 1125/1125/1125 1129/1129/1129
f 1128/1128/1128 1129/1129/1129 1132/1132/1132
f 1129/1129/1129 1130/1130/1130 1134/1134/1134
f 1129/1129/1129 1134/1134/1134 1133/1133/1133
f 1130/1130/1130 1131/1131/1131 1135/1135/1135
f 1130/1130/1130 1135/1135/1135 1134/1134/1134
f 1131/1131/1131 1132/1132/1132 1136/1136/1136
f 1131/1131/1131 1136/1136/1136 1135/1135/1135
f 1132/1132/1132 1129/1129/1129 1133/1133/1133
f 1132/1132/1132 1133/1133/1133 1136/1136/1136
f 1133/1133/1133 1134/1134/1134 1138/1138/1138
f 1133/1133/1133 1138/1138/1138 1137/1137/1137
f 1134/1134/1134 1135/1135/1135 1139/1139/1139
f 1134/1134/1134 1139/1139/1139 1138/1138/1138
f 1135/1135/1135 1136/1136/1136 1140/1140/1140
f 1135/1135/1135 1140/1140/1140 1139/1139/1139
f 1136/1136/1136 1133/1133/1133 1137/1137/1137
f 1136/1136/1136 1137/1137/1137 1140/1140/1140
f 1137/1137/1137 1138/1138/1138 1142/1142/1142
f 1137/1137/1137 1142/1142/1142 1141/1141/1141
f 1138/1138/1138 1139/1139/1139 1143/1143/1143
f 1138/1138/1138 1143/1143/1143 1142/1142/1142
f 1139/1139/1139 1140/1140/1140 1144/1144/1144
f 1139/1139/1139 1144/1144/1144 1143/1143/1143
f 1140/1140/1140 1137/1137/1137 1141/1141/1141
f 1140/1140/1140 1141/1141/1141 1144/1144/1144
f 1141/1141/1141 1142/1142/1142 1146/1146/1146
f 1141/1141/1141 1146/1146/1146 1145/1145/1145
f 1142/1142/1142 1143/1143/1143 1147/1147/1147
f 1142/1142/1142 1147/1147/1147 1146/1146/1146
f 1143/1143/1143 1144/1144/1144 1148/1148/1148
f 1143/1143/1143 1148/1148/1148 1147/1147/1147
f 1144/1144/1144 1141/1141/1141 1145/1145/1145
f 1144/1144/1144 1145/1145/1145 1148/1148/1148
f 1145/1145/1145 1146/1146/1146 1150/1150/1150
f 1145/1145/1145 1150/1150/1150 1149/1149/1149
f 1146/1146/1146 1147/1147/1147 1151/1151/1151
f 1146/1146/1146 1151/1151/1151 1150/1150/1150
f 1147/1147/1147 1148/1148/1148 1152/1152/1152
f 1147/1147/1147 1152/1152/1152 1151/1151/1151
f 1148/1148/1148 1145/1145/1145 1149/1149/1149
f 1148/1148/1148 1149/1149/1149 1152/1152/1152
f 1149/1149/1149 1150/1150/1150 1154/1154/1154
f 1149/1149/1149 1154/1154/1154 1153/1153/1153
f 1150/1150/1150 1151/1151/1151 1155/1155/1155
f 1150/1150/1150 1155/1155/1155 1154/1154/1154
f 1151/1151/1151 1152/1152/1152 1156/1156/1156
f 1151/1151/1151 1156/1156/1156 1155/1155/1155
f 1152/1152/1152 1149/1149/1149 1153/1153/1153
f 1152/1152/1152 1153/1153/1153 1156/1156/1156
f 1105/1105/1105 1107/1107/1107 1106/1106/1106
f 1105/1105/1105 1108/1108/1108 1107/1107/1107
f 1153/1153/1153 1154/1154/1154 1155/1155/1155
f 1153/1153/1153 1155/1155/1155 1156/1156/1156
f 1157/1157/1157 1158/1158/1158 1162/1162/1162
f 1157/1157/1157 1162/1162/1162 1161/1161/1161
f 1158/1158/1158 1159/1159/1159 1163/1163/1163
f 1158/1158/1158 1163/1163/1163 1162/1162/1162
f 1159/1159/1159 1160/1160/1160 1164/1164/1164
f 1159/1159/1159 1164/1164/1164 1163/1163/1163
f 1160/1160/1160 1157/1157/1157 1161/1161/1161
f 1160/1160/1160 1161/1161/1161 1164/1164/1164
f 1161/1161/1161 1162/1162/1162 1166/1166/1166
f 1161/1161/1161 1166/1166/1166 1165/1165/1165
f 1162/1162/1162 1163/1163/1163 1167/1167/1167
f 1162/1162/1162 1167/1167/1167 1166/1166/1166
f 1163/1163/1163 1164/1164/1164 1168/1168/1168
f 1163/1163/1163 1168/1168/1168 1167/1167/1167
f 1164/1164/1164 1161/1161/1161 1165/1165/1165
f 1164/1164/1164 1165/1165/1165 1168/1168/1168
f 1165/1165/1165 1166/1166/1166 1170/1170/1170
f 1165/1165/1165 1170/1170/1170 1169/1169/1169
f 1166/1166/1166 1167/1167/1167 1171/1171/1171
f 1166/1166/1166 1171/1171/1171 1170/1170/1170
f 1167/1167/1167 1168/1168/1168 1172/1172/1172
f 1167/1167/1167 1172/1172/1172 1171/1171/1171
f 1168/1168/1168 1165/1165/1165 1169/1169/1169
f 1168/1168/1168 1169/1169/1169 1172/1172/1172
f 1169/1169/1169 1170/1170/1170 1174/1174/1174
f 1169/1169/1169 1174/1174/1174 1173/1173/1173
f 1170/1170/1170 1171/1171/1171 1175/1175/1175
f 1170/1170/1170 1175/1175/1175 1174/1174/1174
f 1171/1171/1171 1172/1172/1172 1176/1176/1176
f 1171/1171/1171 1176/1176/1176 1175/1175/1175
f 1172/1172/1172 1169/1169/1169 1173/1173/1173
f 1172/1172/1172 1173/1173/1173 1176/1176/1176
f 1173/1173/1173 1174/1174/1174 1178/1178/1178
f 1173/1173/1173 1178/1178/1178 1177/1177/1177
f 1174/1174/1174 1175/1175/1175 1179/1179/1179
f 1174/1174/1174 1179/1179/1179 1178/1178/1178
f 1175/1175/1175 1176/1176/1176 1180/1180/1180
f 1175/1175/1175 1180/1180/1180 1179/1179/1179
f 1176/1176/1176 1173/1173/1173 1177/1177/1177
f 1176/1176/1176 1177/1177/1177 1180/1180/1180
f 1177/1177/1177 1178/1178/1178 1182/1182/1182
f 1177/1177/1177 1182/1182/1182 1181/1181/1181
f 1178/1178/1178 1179/1179/1179 1183/1183/1183
f 1178/1178/1178 1183/1183/1183 1182/1182/1182
f 1179/1179/1179 1180/1180/1180 1184/1184/1184
f 1179/1179/1179 1184/1184/1184 1183/1183/1183
f 1180/1180/1180 1177/1177/1177 1181/1181/1181
f 1180/1180/1180 1181/1181/1181 1184/1184/1184
f 1157/1157/1157 1159/1159/1159 1158/1158/1158
f 1157/1157/1157 1160/1160/1160 1159/1159/1159
f 1181/1181/1181 1182/1182/1182 1183/1183/1183
f 1181/1181/1181 1183/1183/1183 1184/1184/1184
f 1185/1185/1185 1186/1186/1186 1190/1190/1190
f 1185/1185/1185 1190/1190/1190 1189/1189/1189
f 1186/1186/1186 1187/1187/1187 1191/1191/1191
f 1186/1186/1186 1191/1191/1191 1190/1190/1190
f 1187/1187/1187 1188/1188/1188 1192/1192/1192
f 1187/1187/1187 1192/1192/1192 1191/1191/1191
f 1188/1188/1188 1185/1185/1185 1189/1189/1189
f 1188/1188/1188 1189/1189/1189 1192/1192/1192
f 1189/1189/1189 1190/1190/1190 1194/1194/1194
f 1189/1189/1189 1194/1194/1194 1193/1193/1193
f 1190/1190/1190 1191/1191/1191 1195/1195/1195
f 1190/1190/1190 1195/1195/1195 1194/1194/1194
f 1191/1191/1191 1192/1192/1192 1196/1196/1196
f 1191/1191/1191 1196/1196/1196 1195/1195/1195
f 1192/1192/1192 1189/1189/1189 1193/1193/1193
f 1192/1192/1192 1193/1193/1193 1196/1196/1196
f 1193/1193/1193 1194/1194/1194 1198/1198/1198
f 1193/1193/1193 1198/1198/1198 1197/1197/1197
f 1194/1194/1194 1195/1195/1195 1199/1199/1199
f 1194/1194/1194 1199/1199/1199 1198/1198/1198
f 1195/1195/1195 1196/1196/1196 1200/1200/1200
f 1195/1195/1195 1200/1200/1200 1199/1199/1199
f 1196/1196/1196 1193/1193/1193 1197/1197/1197
f 1196/1196/1196 1197/1197/1197 1200/1200/1200
f 1197/1197/1197 1198/1198/1198 1202/1202/1202
f 1197/1197/1197 1202/1202/1202 1201/1201/1201
f 1198/1198/1198 1199/1199/1199 1203/1203/1203
f 1198/1198/1198 1203/1203/1203 1202/1202/1202
f 1199/1199/1199 1200/1200/1200 1204/1204/1204
f 1199/1199/1199 1204/1204/1204 1203/1203/1203
f 1200/1200/1200 1197/1197/1197 1201/1201/1201
f 1200/1200/1200 1201/1201/1201 1204/1204/1204
f 1201/1201/1201 1202/1202/1202 1206/1206/1206
f 1201/1201/1201 1206/1206/1206 1205/1205/1205
f 1202/1202/1202 1203/1203/1203 1207/1207/1207
f 1202/1202/1202 1207/1207/1207 1206/1206/1206
f 1203/1203/1203 1204/1204/1204 1208/1208/1208
f 1203/1203/1203 1208/1208/1208 1207/1207/1207
f 1204/1204/1204 1201/1201/1201 1205/1205/1205
f 1204/1204/1204 1205/1205/1205 1208/1208/1208
f 1205/1205/1205 1206/1206/1206 1210/1210/1210
f 1205/1205/1205 1210/1210/1210 1209/1209/1209
f 1206/1206/1206 1207/1207/1207 1211/1211/1211
f 1206/1206/1206 1211/1211/1211 1210/1210/1210
f 1207/1207/1207 1208/1208/1208 1212/1212/1212
f 1207/1207/1207 1212/1212/1212 1211/1211/1211
f 1208/1208/1208 1205/1205/1205 1209/1209/1209
f 1208/1208/1208 1209/1209/1209 1212/1212/1212
f 1185/1185/1185 1187/1187/1187 1186/1186/1186
f 1185/1185/1185 1188/1188/1188 1187/1187/1187
f 1209/1209/1209 1210/1210/1210 1211/1211/1211
f 1209/1209/1209 1211/1211/1211 1212/1212/1212
f 1213/1213/1213 1214/1214/1214 1218/1218/1218
f 1213/1213/1213 1218/1218/1218 1217/1217/1217
f 1214/1214/1214 1215/1215/1215 1219/1219/1219
f 1214/1214/1214 1219/1219/1219 1218/1218/1218
f 1215/1215/1215 1216/1216/1216 1220/1220/1220
f 1215/1215/1215 1220/1220/1220 1219/1219/1219
f 1216/1216/1216 1213/1213/1213 1217/1217/1217
f 1216/1216/1216 1217/1217/1217 1220/1220/1220
f 1217/1217/1217 1218/1218/1218 1222/1222/1222
f 1217/1217/1217 1222/1222/1222 1221/1221/1221
f 1218/1218/1218 1219/1219/1219 1223/1223/1223
f 1218/1218/1218 1223/1223/1223 1222/1222/1222
f 1219/1219/1219 1220/1220/1220 1224/1224/1224
f 1219/1219/1219 1224/1224/1224 1223/1223/1223
f 1220/1220/1220 1217/1217/1217 1221/1221/1221
f 1220/1220/1220 1221/1221/1221 1224/1224/1224
f 1221/1221/1221 1222/1222/1222 1226/1226/1226
f 1221/1221/1221 1226/1226/1226 1225/1225/1225
f 1222/1222/1222 1223/1223/1223 1227/1227/1227
f 1222/1222/1222 1227/1227/1227 1226/1226/1226
f 1223/1223/1223 1224/1224/1224 1228/1228/1228
f 1223/1223/1223 1228/1228/1228 1227/1227/1227
f 1224/1224/1224 1221/1221/1221 1225/1225/1225
f 1224/1224/1224 1225/1225/1225 1228/1228/1228
f 1225/1225/1225 1226/1226/1226 1230/1230/1230
f 1225/1225/1225 1230/1230/1230 1229/1229/1229
f 1226/1226/1226 1227/1227/1227 1231/1231/1231
f 1226/1226/1226 1231/1231/1231 1230/1230/1230
f 1227/1227/1227 1228/1228/1228 1232/1232/1232
f 1227/1227/1227 1232/1232/1232 1231/1231/1231
f 1228/1228/1228 1225/1225/1225 1229/1229/1229
f 1228/1228/1228 1229/1229/1229 1232/1232/1232
f 1229/1229/1229 1230/1230/1230 1234/1234/1234
f 1229/1229/1229 1234/1234/1234 1233/1233/1233
f 1230/1230/1230 1231/1231/1231 1235/1235/1235
f 1230/1230/1230 1235/1235/1235 1234/1234/1234
f 1231/1231/1231 1232/1232/1232 1236/1236/1236
f 1231/1231/1231 1236/1236/1236 1235/1235/1235
f 1232/1232/1232 1229/1229/1229 1233/1233/1233
f 1232/1232/1232 1233/1233/1233 1236/1236/1236
f 1233/1233/1233 1234/1234/1234 1238/1238/1238
f 1233/1233/1233 1238/1238/1238 1237/1237/1237
f 1234/1234/1234 1235/1235/1235 1239/1239/1239
f 1234/1234/1234 1239/1239/1239 1238/1238/1238
f 1235/1235/1235 1236/1236/1236 1240/1240/1240
f 1235/1235/1235 1240/1240/1240 1239/1239/1239
f 1236/1236/1236 1233/1233/1233 1237/1237/1237
f 1236/1236/1236 1237/1237/1237 1240/1240/1240
f 1237/1237/1237 1238/1238/1238 1242/1242/1242
f 1237/1237/1237 1242/1242/1242 1241/1241/1241
f 1238/1238/1238 1239/1239/1239 1243/1243/1243
f 1238/1238/1238 1243/1243/1243 1242/1242/1242
f 1239/1239/1239 1240/1240/1240 1244/1244/1244
f 1239/1239/1239 1244/1244/1244 1243/1243/1243
f 1240/1240/1240 1237/1237/1237 1241/1241/1241
f 1240/1240/1240 1241/1241/1241 1244/1244/1244
f 1241/1241/1241 1242/1242/1242 1246/1246/1246
f 1241/1241/1241 1246/1246/1246 1245/1245/1245
f 1242/1242/1242 1243/1243/1243 1247/1247/1247
f 1242/1242/1242 1247/1247/1247 1246/1246/1246
f 1243/1243/1243 1244/1244/1244 1248/1248/1248
f 1243/1243/1243 1248/1248/1248 1247/1247/1247
f 1244/1244/1244 1241/1241/1241 1245/1245/1245
f 1244/1244/1244 1245/1245/1245 1248/1248/1248
f 1245/1245/1245 1246/1246/1246 1250/1250/1250
f 1245/1245/1245 1250/1250/1250 1249/1249/1249
f 1246/1246/1246 1247/1247/1247 1251/1251/1251
f 1246/1246/1246 1251/1251/1251 1250/1250/1250
f 1247/1247/1247 1248/1248/1248 1252/1252/1252
f 1247/1247/1247 1252/1252/1252 1251/1251/1251
f 1248/1248/1248 1245/1245/1245 1249/1249/1249
f 1248/1248/1248 1249/1249/1249 1252/1252/1252
f 1249/1249/1249 1250/1250/1250 1254/1254/1254
f 1249/1249/1249 1254/1254/1254 1253/1253/1253
f 1250/1250/1250 1251/1251/1251 1255/1255/1255
f 1250/1250/1250 1255/1255/1255 1254/1254/1254
f 1251/1251/1251 1252/1252/1252 1256/1256/1256
f 1251/1251/1251 1256/1256/1256 1255/1255/1255
f 1252/1252/1252 1249/1249/1249 1253/1253/1253
f 1252/1252/1252 1253/1253/1253 1256/1256/1256
f 1253/1253/1253 1254/1254/1254 1258/1258/1258
f 1253/1253/1253 1258/1258/1258 1257/1257/1257
f 1254/1254/1254 1255/1255/1255 1259/1259/1259
f 1254/1254/1254 1259/1259/1259 1258/1258/1258
f 1255/1255/1255 1256/1256/1256 1260/1260/1260
f 1255/1255/1255 1260/1260/1260 1259/1259/1259
f 1256/1256/1256 1253/1253/1253 1257/1257/1257
f 1256/1256/1256 1257/1257/1257 1260/1260/1260
f 1257/1257/1257 1258/1258/1258 1262/1262/1262
f 1257/1257/1257 1262/1262/1262 1261/1261/1261
f 1258/1258/1258 1259/1259/1259 1263/1263/1263
f 1258/1258/1258 1263/1263/1263 1262/1262/1262
f 1259/1259/1259 1260/1260/1260 1264/1264/1264
f 1259/1259/1259 1264/1264/1264 1263/1263/1263
f 1260/1260/1260 1257/1257/1257 1261/1261/1261
f 1260/1260/1260 1261/1261/1261 1264/1264/1264
f 1213/1213/1213 1215/1215/1215 1214/1214/1214
f 1213/1213/1213 1216/1216/1216 1215/1215/1215
f 1261/1261/1261 1262/1262/1262 1263/1263/1263
f 1261/1261/1261 1263/1263/1263 1264/1264/1264
f 1265/1265/1265 1266/1266/1266 1270/1270/1270
f 1265/1265/1265 1270/1270/1270 1269/1269/1269
f 1266/1266/1266 1267/1267/1267 1271/1271/1271
f 1266/1266/1266 1271/1271/1271 1270/1270/1270
f 1267/1267/1267 1268/1268/1268 1272/1272/1272
f 1267/1267/1267 1272/1272/1272 1271/1271/1271
f 1268/1268/1268 1265/1265/1265 1269/1269/1269
f 1268/1268/1268 1269/1269/1269 1272/1272/1272
f 1269/1269/1269 1270/1270/1270 1274/1274/1274
f 1269/1269/1269 1274/1274/1274 1273/1273/1273
f 1270/1270/1270 1271/1271/1271 1275/1275/1275
f 1270/1270/1270 1275/1275/1275 1274/1274/1274
f 1271/1271/1271 1272/1272/1272 1276/1276/1276
f 1271/1271/1271 1276/1276/1276 1275/1275/1275
f 1272/1272/1272 1269/1269/1269 1273/1273/1273
f 1272/1272/1272 1273/1273/1273 1276/1276/1276
f 1273/1273/1273 1274/1274/1274 1278/1278/1278
f 1273/1273/1273 1278/1278/1278 1277/1277/1277
f 1274/1274/1274 1275/1275/1275 1279/1279/1279
f 1274/1274/1274 1279/1279/1279 1278/1278/1278
f 1275/1275/1275 1276/1276/1276 1280/1280/1280
f 1275/1275/1275 1280/1280/1280 1279/1279/1279
f 1276/1276/1276 1273/1273/1273 1277/1277/1277
f 1276/1276/1276 1277/1277/1277 1280/1280/1280
f 1277/1277/1277 1278/1278/1278 1282/1282/1282
f 1277/1277/1277 1282/1282/1282 1281/1281/1281
f 1278/1278/1278 1279/1279/1279 1283/1283/1283
f 1278/1278/1278 1283/1283/1283 1282/1282/1282
f 1279/1279/1279 1280/1280/1280 1284/1284/1284
f 1279/1279/1279 1284/1284/1284 1283/1283/1283
f 1280/1280/1280 1277/1277/1277 1281/1281/1281
f 1280/1280/1280 1281/1281/1281 1284/1284/1284
f 1281/1281/1281 1282/1282/1282 1286/1286/1286
f 1281/1281/1281 1286/1286/1286 1285/1285/1285
f 1282/1282/1282 1283/1283/1283 1287/1287/1287
f 1282/1282/1282 1287/1287/1287 1286/1286/1286
f 1283/1283/1283 1284/1284/1284 1288/1288/1288
f 1283/1283/1283 1288/1288/1288 1287/1287/1287
f 1284/1284/1284 1281/1281/1281 1285/1285/1285
f 1284/1284/1284 1285/1285/1285 1288/1288/1288
f 1285/1285/1285 1286/1286/1286 1290/1290/1290
f 1285/1285/1285 1290/1290/1290 1289/1289/1289
f 1286/1286/1286 1287/1287/1287 1291/1291/1291
f 1286/1286/1286 1291/1291/1291 1290/1290/1290
f 1287/1287/1287 1288/1288/1288 1292/1292/1292
f 1287/1287/1287 1292/1292/1292 1291/1291/1291
f 1288/1288/1288 1285/1285/1285 1289/1289/1289
f 1288/1288/1288 1289/1289/1289 1292/1292/1292
f 1265/1265/1265 1267/1267/1267 1266/1266/1266
f 1265/1265/1265 1268/1268/1268 1267/1267/1267
f 1289/1289/1289 1290/1290/1290 1291/1291/1291
f 1289/1289/1289 1291/1291/1291 1292/1292/1292
f 1293/1293/1293 1294/1294/1294 1298/1298/1298
f 1293/1293/1293 1298/1298/1298 1297/1297/1297
f 1294/1294/1294 1295/1295/1295 1299/1299/1299
f 1294/1294/1294 1299/1299/1299 1298/1298/1298
f 1295/1295/1295 1296/1296/1296 1300/1300/1300
f 1295/1295/1295 1300/1300/1300 1299/1299/1299
f 1296/1296/1296 1293/1293/1293 1297/1297/1297
f 1296/1296/1296 1297/1297/1297 1300/1300/1300
f 1297/1297/1297 1298/1298/1298 1302/1302/1302
f 1297/1297/1297 1302/1302/1302 1301/1301/1301
f 1298/1298/1298 1299/1299/1299 1303/1303/1303
f 1298/1298/1298 1303/1303/1303 1302/1302/1302
f 1299/1299/1299 1300/1300/1300 1304/1304/1304
f 1299/1299/1299 1304/1304/1304 1303/1303/1303
f 1300/1300/1300 1297/1297/1297 1301/1301/1301
f 1300/1300/1300 1301/1301/1301 1304/1304/1304
f 1301/1301/1301 1302/1302/1302 1306/1306/1306
f 1301/1301/1301 1306/1306/1306 1305/1305/1305
f 1302/1302/1302 1303/1303/1303 1307/1307/1307
f 1302/1302/1302 1307/1307/1307 1306/1306/1306
f 1303/1303/1303 1304/1304/1304 1308/1308/1308
f 1303/1303/1303 1308/1308/1308 1307/1307/1307
f 1304/1304/1304 1301/1301/1301 1305/1305/1305
f 1304/1304/1304 1305/1305/1305 1308/1308/1308
f 1305/1305/1305 1306/1306/1306 1310/1310/1310
f 1305/1305/1305 1310/1310/1310 1309/1309/1309
f 1306/1306/1306 1307/1307/1307 1311/1311/1311
f 1306/1306/1306 1311/1311/1311 1310/1310/1310
f 1307/1307/1307 1308/1308/1308 1312/1312/1312
f 1307/1307/1307 1312/1312/1312 1311/1311/1311
f 1308/1308/1308 1305/1305/1305 1309/1309/1309
f 1308/1308/1308 1309/1309/1309 1312/1312/1312
f 1309/1309/1309 1310/1310/1310 1314/1314/1314
f 1309/1309/1309 1314/1314/1314 1313/1313/1313
f 1310/1310/1310 1311/1311/1311 1315/1315/1315
f 1310/1310/1310 1315/1315/1315 1314/1314/1314
f 1311/1311/1311 1312/1312/1312 1316/1316/1316
f 1311/1311/1311 1316/1316/1316 1315/1315/1315
f 1312/1312/1312 1309/1309/1309 1313/1313/1313
f 1312/1312/1312 1313/1313/1313 1316/1316/1316
f 1313/1313/1313 1314/1314/1314 1318/1318/1318
f 1313/1313/1313 1318/1318/1318 1317/1317/1317
f 1314/1314/1314 1315/1315/1315 1319/1319/1319
f 1314/1314/1314 1319/1319/1319 1318/1318/1318
f 1315/1315/1315 1316/1316/1316 1320/1320/1320
f 1315/1315/1315 1320/1320/1320 1319/1319/1319
f 1316/1316/1316 1313/1313/1313 1317/1317/1317
f 1316/1316/1316 1317/1317/1317 1320/1320/1320
f 1293/1293/1293 1295/1295/1295 1294/1294/1294
f 1293/1293/1293 1296/1296/1296 1295/1295/1295
f 1317/1317/1317 1318/1318/1318 1319/1319/1319
f 1317/1317/1317 1319/1319/1319 1320/1320/1320
f 1321/1321/1321 1322/1322/1322 1326/1326/1326
f 1321/1321/1321 1326/1326/1326 1325/1325/1325
f 1322/1322/1322 1323/1323/1323 1327/1327/1327
f 1322/1322/1322 1327/1327/1327 1326/1326/1326
f 1323/1323/1323 1324/1324/1324 1328/1328/1328
f 1323/1323/1323 1328/1328/1328 1327/1327/1327
f 1324/1324/1324 1321/1321/1321 1325/1325/1325
f 1324/1324/1324 1325/1325/1325 1328/1328/1328
f 1325/1325/1325 1326/1326/1326 1330/1330/1330
f 1325/1325/1325 1330/1330/1330 1329/1329/1329
f 1326/1326/1326 1327/1327/1327 1331/1331/1331
f 1326/1326/1326 1331/1331/1331 1330/1330/1330
f 1327/1327/1327 1328/1328/1328 1332/1332/1332
f 1327/1327/1327 1332/1332/1332 1331/1331/1331
f 1328/1328/1328 1325/1325/1325 1329/1329/1329
f 1328/1328/1328 1329/1329/1329 1332/1332/1332
f 1329/1329/1329 1330/1330/1330 1334/1334/1334
f 1329/1329/1329 1334/1334/1334 1333/1333/1333
f 1330/1330/1330 1331/1331/1331 1335/1335/1335
f 1330/1330/1330 1335/1335/1335 1334/1334/1334
f 1331/1331/1331 1332/1332/1332 1336/1336/1336
f 1331/1331/1331 1336/1336/1336 1335/1335/1335
f 1332/1332/1332 1329/1329/1329 1333/1333/1333
f 1332/1332/1332 1333/1333/1333 1336/1336/1336
f 1333/1333/1333 1334/1334/1334 1338/1338/1338
f 1333/1333/1333 1338/1338/1338 1337/1337/1337
f 1334/1334/1334 1335/1335/1335 1339/1339/1339
f 1334/1334/1334 1339/1339/1339 1338/1338/1338
f 1335/1335/1335 1336/1336/1336 1340/1340/1340
f 1335/1335/1335 1340/1340/1340 1339/1339/1339
f 1336/1336/1336 1333/1333/1333 1337/1337/1337
f 1336/1336/1336 1337/1337/1337 1340/1340/1340
f 1337/1337/1337 1338/1338/1338 1342/1342/1342
f 1337/1337/1337 1342/1342/1342 1341/1341/1341
f 1338/1338/1338 1339/1339/1339 1343/1343/1343
f 1338/1338/1338 1343/1343/1343 1342/1342/1342
f 1339/1339/1339 1340/1340/1340 1344/1344/1344
f 1339/1339/1339 1344/1344/1344 1343/1343/1343
f 1340/1340/1340 1337/1337/1337 1341/1341/1341
f 1340/1340/1340 1341/1341/1341 1344/1344/1344
f 1341/1341/1341 1342/1342/1342 1346/1346/1346
f 1341/1341/1341 1346/1346/1346 1345/1345/1345
f 1342/1342/1342 1343/1343/1343 1347/1347/1347
f 1342/1342/1342 1347/1347/1347 1346/1346/1346
f 1343/1343/1343 1344/1344/1344 1348/1348/1348
f 1343/1343/1343 1348/1348/1348 1347/1347/1347
f 1344/1344/1344 1341/1341/1341 1345/1345/1345
f 1344/1344/1344 1345/1345/1345 1348/1348/1348
f 1345/1345/1345 1346/1346/1346 1350/1350/1350
f 1345/1345/1345 1350/1350/1350 1349/1349/1349
f 1346/1346/1346 1347/1347/1347 1351/1351/1351
f 1346/1346/1346 1351/1351/1351 1350/1350/1350
f 1347/1347/1347 1348/1348/1348 1352/1352/1352
f 1347/1347/1347 1352/1352/1352 1351/1351/1351
f 1348/1348/1348 1345/1345/1345 1349/1349/1349
f 1348/1348/1348 1349/1349/1349 1352/1352/1352
f 1349/1349/1349 1350/1350/1350 1354/1354/1354
f 1349/1349/1349 1354/1354/1354 1353/1353/1353
f 1350/1350/1350 1351/1351/1351 1355/1355/1355
f 1350/1350/1350 1355/1355/1355 1354/1354/1354
f 1351/1351/1351 1352/1352/1352 1356/1356/1356
f 1351/1351/1351 1356/1356/1356 1355/1355/1355
f 1352/1352/1352 1349/1349/1349 1353/1353/1353
f 1352/1352/1352 1353/1353/1353 1356/1356/1356
f 1353/1353/1353 1354/1354/1354 1358/1358/1358
f 1353/1353/1353 1358/1358/1358 1357/1357/1357
f 1354/1354/1354 1355/1355/1355 1359/1359/1359
f 1354/1354/1354 1359/1359/1359 1358/1358/1358
f 1355/1355/1355 1356/1356/1356 1360/1360/1360
f 1355/1355/1355 1360/1360/1360 1359/1359/1359
f 1356/1356/1356 1353/1353/1353 1357/1357/1357
f 1356/1356/1356 1357/1357/1357 1360/1360/1360
f 1357/1357/1357 1358/1358/1358 1362/1362/1362
f 1357/1357/1357 1362/1362/1362 1361/1361/1361
f 1358/1358/1358 1359/1359/1359 1363/1363/1363
f 1358/1358/1358 1363/1363/1363 1362/1362/1362
f 1359/1359/1359 1360/1360/1360 1364/1364/1364
f 1359/1359/1359 1364/1364/1364 1363/1363/1363
f 1360/1360/1360 1357/1357/1357 1361/1361/1361
f 1360/1360/1360 1361/1361/1361 1364/1364/1364
f 1361/1361/1361 1362/1362/1362 1366/1366/1366
f 1361/1361/1361 1366/1366/1366 1365/1365/1365
f 1362/1362/1362 1363/1363/1363 1367/1367/1367
f 1362/1362/1362 1367/1367/1367 1366/1366/1366
f 1363/1363/1363 1364/1364/1364 1368/1368/1368
f 1363/1363/1363 1368/1368/1368 1367/1367/1367
f 1364/1364/1364 1361/1361/1361 1365/1365/1365
f 1364/1364/1364 1365/1365/1365 1368/1368/1368
f 1365/1365/1365 1366/1366/1366 1370/1370/1370
f 1365/1365/1365 1370/1370/1370 1369/1369/1369
f 1366/1366/1366 1367/1367/1367 1371/1371/1371
f 1366/1366/1366 1371/1371/1371 1370/1370/1370
f 1367/1367/1367 1368/1368/1368 1372/1372/1372
f 1367/1367/1367 1372/1372/1372 1371/1371/1371
f 1368/1368/1368 1365/1365/1365 1369/1369/1369
f 1368/1368/1368 1369/1369/1369 1372/1372/1372
f 1321/1321/1321 1323/1323/1323 1322/1322/1322
f 1321/1321/1321 1324/1324/1324 1323/1323/1323
f 1369/1369/1369 1370/1370/1370 1371/1371/1371
f 1369/1369/1369 1371/1371/1371 1372/1372/1372
f 1373/1373/1373 1374/1374/1374 1378/1378/1378
f 1373/1373/1373 1378/1378/1378 1377/1377/1377
f 1374/1374/1374 1375/1375/1375 1379/1379/1379
f 1374/1374/1374 1379/1379/1379 1378/1378/1378
f 1375/1375/1375 1376/1376/1376 1380/1380/1380
f 1375/1375/1375 1380/1380/1380 1379/1379/1379
f 1376/1376/1376 1373/1373/1373 1377/1377/1377
f 1376/1376/1376 1377/1377/1377 1380/1380/1380
f 1377/1377/1377 1378/1378/1378 1382/1382/1382
f 1377/1377/1377 1382/1382/1382 1381/1381/1381
f 1378/1378/1378 1379/1379/1379 1383/1383/1383
f 1378/1378/1378 1383/1383/1383 1382/1382/1382
f 1379/1379/1379 1380/1380/1380 1384/1384/1384
f 1379/1379/1379 1384/1384/1384 1383/1383/1383
f 1380/1380/1380 1377/1377/1377 1381/1381/1381
f 1380/1380/1380 1381/1381/1381 1384/1384/1384
f 1381/1381/1381 1382/1382/1382 1386/1386/1386
f 1381/1381/1381 1386/1386/1386 1385/1385/1385
f 1382/1382/1382 1383/1383/1383 1387/1387/1387
f 1382/1382/1382 1387/1387/1387 1386/1386/1386
f 1383/1383/1383 1384/1384/1384 1388/1388/1388
f 1383/1383/1383 1388/1388/1388 1387/1387/1387
f 1384/1384/1384 1381/1381/1381 1385/1385/1385
f 1384/1384/1384 1385/1385/1385 1388/1388/1388
f 1385/1385/1385 1386/1386/1386 1390/1390/1390
f 1385/1385/1385 1390/1390/1390 1389/1389/1389
f 1386/1386/1386 1387/1387/1387 1391/1391/1391
f 1386/1386/1386 1391/1391/1391 1390/1390/1390
f 1387/1387/1387 1388/1388/1388 1392/1392/1392
f 1387/1387/1387 1392/1392/1392 1391/1391/1391
f 1388/1388/1388 1385/1385/1385 1389/1389/1389
f 1388/1388/1388 1389/1389/1389 1392/1392/1392
f 1389/1389/1389 1390/1390/1390 1394/1394/1394
f 1389/1389/1389 1394/1394/1394 1393/1393/1393
f 1390/1390/1390 1391/1391/1391 1395/1395/1395
f 1390/1390/1390 1395/1395/1395 1394/1394/1394
f 1391/1391/1391 1392/1392/1392 1396/1396/1396
f 1391/1391/1391 1396/1396/1396 1395/1395/1395
f 1392/1392/1392 1389/1389/1389 1393/1393/1393
f 1392/1392/1392 1393/1393/1393 1396/1396/1396
f 1393/1393/1393 1394/1394/1394 1398/1398/1398
f 1393/1393/1393 1398/1398/1398 1397/1397/1397
f 1394/1394/1394 1395/1395/1395 1399/1399/1399
f 1394/1394/1394 1399/1399/1399 1398/1398/1398
f 1395/1395/1395 1396/1396/1396 1400/1400/1400
f 1395/1395/1395 1400/1400/1400 1399/1399/1399
f 1396/1396/1396 1393/1393/1393 1397/1397/1397
f 1396/1396/1396 1397/1397/1397 1400/1400/1400
f 1373/1373/1373 1375/1375/1375 1374/1374/1374
f 1373/1373/1373 1376/1376/1376 1375/1375/1375
f 1397/1397/1397 1398/1398/1398 1399/1399/1399
f 1397/1397/1397 1399/1399/1399 1400/1400/1400
f 1401/1401/1401 1402/1402/1402 1406/1406/1406
f 1401/1401/1401 1406/1406/1406 1405/1405/1405
f 1402/1402/1402 1403/1403/1403 1407/1407/1407
f 1402/1402/1402 1407/1407/1407 1406/1406/1406
f 1403/1403/1403 1404/1404/1404 1408/1408/1408
f 1403/1403/1403 1408/1408/1408 1407/1407/1407
f 1404/1404/1404 1401/1401/1401 1405/1405/1405
f 1404/1404/1404 1405/1405/1405 1408/1408/1408
f 1405/1405/1405 1406/1406/1406 1410/1410/1410
f 1405/1405/1405 1410/1410/1410 1409/1409/1409
f 1406/1406/1406 1407/1407/1407 1411/1411/1411
f 1406/1406/1406 1411/1411/1411 1410/1410/1410
f 1407/1407/1407 1408/1408/1408 1412/1412/1412
f 1407/1407/1407 1412/1412/1412 1411/1411/1411
f 1408/1408/1408 1405/1405/1405 1409/1409/1409
f 1408/1408/1408 1409/1409/1409 1412/1412/1412
f 1409/1409/1409 1410/1410/1410 1414/1414/1414
f 1409/1409/1409 1414/1414/1414 1413/1413/1413
f 1410/1410/1410 1411/1411/1411 1415/1415/1415
f 1410/1410/1410 1415/1415/1415 1414/1414/1414
f 1411/1411/1411 1412/1412/1412 1416/1416/1416
f 1411/1411/1411 1416/1416/1416 1415/1415/1415
f 1412/1412/1412 1409/1409/1409 1413/1413/1413
f 1412/1412/1412 1413/1413/1413 1416/1416/1416
f 1413/1413/1413 1414/1414/1414 1418/1418/1418
f 1413/1413/1413 1418/1418/1418 1417/1417/1417
f 1414/1414/1414 1415/1415/1415 1419/1419/1419
f 1414/1414/1414 1419/1419/1419 1418/1418/1418
f 1415/1415/1415 1416/1416/1416 1420/1420/1420
f 1415/1415/1415 1420/1420/1420 1419/1419/1419
f 1416/1416/1416 1413/1413/1413 1417/1417/1417
f 1416/1416/1416 1417/1417/1417 1420/1420/1420
f 1417/1417/1417 1418/1418/1418 1422/1422/1422
f 1417/1417/1417 1422/1422/1422 1421/1421/1421
f 1418/1418/1418 1419/1419/1419 1423/1423/1423
f 1418/1418/1418 1423/1423/1423 1422/1422/1422
f 1419/1419/1419 1420/1420/1420 1424/1424/1424
f 1419/1419/1419 1424/1424/1424 1423/1423/1423
f 1420/1420/1420 1417/1417/1417 1421/1421/1421
f 1420/1420/1420 1421/1421/1421 1424/1424/1424
f 1421/1421/1421 1422/1422/1422 1426/1426/1426
f 1421/1421/1421 1426/1426/1426 1425/1425/1425
f 1422/1422/1422 1423/1423/1423 1427/1427/1427
f 1422/1422/1422 1427/1427/1427 1426/1426/1426
f 1423/1423/1423 1424/1424/1424 1428/1428/1428
f 1423/1423/1423 1428/1428/1428 1427/1427/1427
f 1424/1424/1424 1421/1421/1421 1425/1425/1425
f 1424/1424/1424 1425/1425/1425 1428/1428/1428
f 1401/1401/1401 1403/1403/1403 1402/1402/1402
f 1401/1401/1401 1404/1404/1404 1403/1403/1403
f 1425/1425/1425 1426/1426/1426 1427/1427/1427
f 1425/1425/1425 1427/1427/1427 1428/1428/1428
f 1429/1429/1429 1430/1430/1430 1434/1434/1434
f 1429/1429/1429 1434/1434/1434 1433/1433/1433
f 1430/1430/1430 1431/1431/1431 1435/1435/1435
f 1430/1430/1430 1435/1435/1435 1434/1434/1434
f 1431/1431/1431 1432/1432/1432 1436/1436/1436
f 1431/1431/1431 1436/1436/1436 1435/1435/1435
f 1432/1432/1432 1429/1429/1429 1433/1433/1433
f 1432/1432/1432 1433/1433/1433 1436/1436/1436
f 1433/1433/1433 1434/1434/1434 1438/1438/1438
f 1433/1433/1433 1438/1438/1438 1437/1437/1437
f 1434/1434/1434 1435/1435/1435 1439/1439/1439
f 1434/1434/1434 1439/1439/1439 1438/1438/1438
f 1435/1435/1435 1436/1436/1436 1440/1440/1440
f 1435/1435/1435 1440/1440/1440 1439/1439/1439
f 1436/1436/1436 1433/1433/1433 1437/1437/1437
f 1436/1436/1436 1437/1437/1437 1440/1440/1440
f 1437/1437/1437 1438/1438/1438 1442/1442/1442
f 1437/1437/1437 1442/1442/1442 1441/1441/1441
f 1438/1438/1438 1439/1439/1439 1443/1443/1443
f 1438/1438/1438 1443/1443/1443 1442/1442/1442
f 1439/1439/1439 1440/1440/1440 1444/1444/1444
f 1439/1439/1439 1444/1444/1444 1443/1443/1443
f 1440/1440/1440 1437/1437/1437 1441/1441/1441
f 1440/1440/1440 1441/1441/1441 1444/1444/1444
f 1441/1441/1441 1442/1442/1442 1446/1446/1446
f 1441/1441/1441 1446/1446/1446 1445/1445/1445
f 1442/1442/1442 1443/1443/1443 1447/1447/1447
f 1442/1442/1442 1447/1447/1447 1446/1446/1446
f 1443/1443/1443 1444/1444/1444 1448/1448/1448
f 1443/1443/1443 1448/1448/1448 1447/1447/1447
f 1444/1444/1444 1441/1441/1441 1445/1445/1445
f 1444/1444/1444 1445/1445/1445 1448/1448/1448
f 1445/1445/1445 1446/1446/1446 1450/1450/1450
f 1445/1445/1445 1450/1450/1450 1449/1449/1449
f 1446/1446/1446 1447/1447/1447 1451/1451/1451
f 1446/1446/1446 1451/1451/1451 1450/1450/1450
f 1447/1447/1447 1448/1448/1448 1452/1452/1452
f 1447/1447/1447 1452/1452/1452 1451/1451/1451
f 1448/1448/1448 1445/1445/1445 1449/1449/1449
f 1448/1448/1448 1449/1449/1449 1452/1452/1452
f 1449/1449/1449 1450/1450/1450 1454/1454/1454
f 1449/1449/1449 1454/1454/1454 1453/1453/1453
f 1450/1450/1450 1451/1451/1451 1455/1455/1455
f 1450/1450/1450 1455/1455/1455 1454/1454/1454
f 1451/1451/1451 1452/1452/1452 1456/1456/1456
f 1451/1451/1451 1456/1456/1456 1455/1455/1455
f 1452/1452/1452 1449/1449/1449 1453/1453/1453
f 1452/1452/1452 1453/1453/1453 1456/1456/1456
f 1453/1453/1453 1454/1454/1454 1458/1458/1458
f 1453/1453/1453 1458/1458/1458 1457/1457/1457
f 1454/1454/1454 1455/1455/1455 1459/1459/1459
f 1454/1454/1454 1459/1459/1459 1458/1458/1458
f 1455/1455/1455 1456/1456/1456 1460/1460/1460
f 1455/1455/1455 1460/1460/1460 1459/1459/1459
f 1456/1456/1456 1453/1453/1453 1457/1457/1457
f 1456/1456/1456 1457/1457/1457 1460/1460/1460
f 1457/1457/1457 1458/1458/1458 1462/1462/1462
f 1457/1457/1457 1462/1462/1462 1461/1461/1461
f 1458/1458/1458 1459/1459/1459 1463/1463/1463
f 1458/1458/1458 1463/1463/1463 1462/1462/1462
f 1459/1459/1459 1460/1460/1460 1464/1464/1464
f 1459/1459/1459 1464/1464/1464 1463/1463/1463
f 1460/1460/1460 1457/1457/1457 1461/1461/1461
f 1460/1460/1460 1461/1461/1461 1464/1464/1464
f 1461/1461/1461 1462/1462/1462 1466/1466/1466
f 1461/1461/1461 1466/1466/1466 1465/1465/1465
f 1462/1462/1462 1463/1463/1463 1467/1467/1467
f 1462/1462/1462 1467/1467/1467 1466/1466/1466
f 1463/1463/1463 1464/1464/1464 1468/1468/1468
f 1463/1463/1463 1468/1468/1468 1467/1467/1467
f 1464/1464/1464 1461/1461/1461 1465/1465/1465
f 1464/1464/1464 1465/1465/1465 1468/1468/1468
f 1465/1465/1465 1466/1466/1466 1470/1470/1470
f 1465/1465/1465 1470/1470/1470 1469/1469/1469
f 1466/1466/1466 1467/1467/1467 1471/1471/1471
f 1466/1466/1466 1471/1471/1471 1470/1470/1470
f 1467/1467/1467 1468/1468/1468 1472/1472/1472
f 1467/1467/1467 1472/1472/1472 1471/1471/1471
f 1468/1468/1468 1465/1465/1465 1469/1469/1469
f 1468/1468/1468 1469/1469/1469 1472/1472/1472
f 1469/1469/1469 1470/1470/1470 1474/1474/1474
f 1469/1469/1469 1474/1474/1474 1473/1473/1473
f 1470/1470/1470 1471/1471/1471 1475/1475/1475
f 1470/1470/1470 1475/1475/1475 1474/1474/1474
f 1471/1471/1471 1472/1472/1472 1476/1476/1476
f 1471/1471/1471 1476/1476/1476 1475/1475/1475
f 1472/1472/1472 1469/1469/1469 1473/1473/1473
f 1472/1472/1472 1473/1473/1473 1476/1476/1476
f 1473/1473/1473 1474/1474/1474 1478/1478/1478
f 1473/1473/1473 1478/1478/1478 1477/1477/1477
f 1474/1474/1474 1475/1475/1475 1479/1479/1479
f 1474/1474/1474 1479/1479/1479 1478/1478/1478
f 1475/1475/1475 1476/1476/1476 1480/1480/1480
f 1475/1475/1475 1480/1480/1480 1479/1479/1479
f 1476/1476/1476 1473/1473/1473 1477/1477/1477
f 1476/1476/1476 1477/1477/1477 1480/1480/1480
f 1429/1429/1429 1431/1431/1431 1430/1430/1430
f 1429/1429/1429 1432/1432/1432 1431/1431/1431
f 1477/1477/1477 1478/1478/1478 1479/1479/1479
f 1477/1477/1477 1479/1479/1479 1480/1480/1480
f 1481/1481/1481 1482/1482/1482 1486/1486/1486
f 1481/1481/1481 1486/1486/1486 1485/1485/1485
f 1482/1482/1482 1483/1483/1483 1487/1487/1487
f 1482/1482/1482 1487/1487/1487 1486/1486/1486
f 1483/1483/1483 1484/1484/1484 1488/1488/1488
f 1483/1483/1483 1488/1488/1488 1487/1487/1487
f 1484/1484/1484 1481/1481/1481 1485/1485/1485
f 1484/1484/1484 1485/1485/1485 1488/1488/1488
f 1485/1485/1485 1486/1486/1486 1490/1490/1490
f 1485/1485/1485 1490/1490/1490 1489/1489/1489
f 1486/1486/1486 1487/1487/1487 1491/1491/1491
f 1486/1486/1486 1491/1491/1491 1490/1490/1490
f 1487/1487/1487 1488/1488/1488 1492/1492/1492
f 1487/1487/1487 1492/1492/1492 1491/1491/1491
f 1488/1488/1488 1485/1485/1485 1489/1489/1489
f 1488/1488/1488 1489/1489/1489 1492/1492/1492
f 1489/1489/1489 1490/1490/1490 1494/1494/1494
f 1489/1489/1489 1494/1494/1494 1493/1493/1493
f 1490/1490/1490 1491/1491/1491 1495/1495/1495
f 1490/1490/1490 1495/1495/1495 1494/1494/1494
f 1491/1491/1491 1492/1492/1492 1496/1496/1496
f 1491/1491/1491 1496/1496/1496 1495/1495/1495
f 1492/1492/1492 1489/1489/1489 1493/1493/1493
f 1492/1492/1492 1493/1493/1493 1496/1496/1496
f 1493/1493/1493 1494/1494/1494 1498/1498/1498
f 1493/1493/1493 1498/1498/1498 1497/1497/1497
f 1494/1494/1494 1495/1495/1495 1499/1499/1499
f 1494/1494/1494 1499/1499/1499 1498/1498/1498
f 1495/1495/1495 1496/1496/1496 1500/1500/1500
f 1495/1495/1495 1500/1500/1500 1499/1499/1499
f 1496/1496/1496 1493/1493/1493 1497/1497/1497
f 1496/1496/1496 1497/1497/1497 1500/1500/1500
f 1497/1497/1497 1498/1498/1498 1502/1502/1502
f 1497/1497/1497 1502/1502/1502 1501/1501/1501
f 1498/1498/1498 1499/1499/1499 1503/1503/1503
f 1498/1498/1498 1503/1503/1503 1502/1502/1502
f 1499/1499/1499 1500/1500/1500 1504/1504/1504
f 1499/1499/1499 1504/1504/1504 1503/1503/1503
f 1500/1500/1500 1497/1497/1497 1501/1501/1501
f 1500/1500/1500 1501/1501/1501 1504/1504/1504
f 1501/1501/1501 1502/1502/1502 1506/1506/1506
f 1501/1501/1501 1506/1506/1506 1505/1505/1505
f 1502/1502/1502 1503/1503/1503 1507/1507/1507
f 1502/1502/1502 1507/1507/1507 1506/1506/1506
f 1503/1503/1503 1504/1504/1504 1508/1508/1508
f 1503/1503/1503 1508/1508/1508 1507/1507/1507
f 1504/1504/1504 1501/1501/1501 1505/1505/1505
f 1504/1504/1504 1505/1505/1505 1508/1508/1508
f 1481/1481/1481 1483/1483/1483 1482/1482/1482
f 1481/1481/1481 1484/1484/1484 1483/1483/1483
f 1505/1505/1505 1506/1506/1506 1507/1507/1507
f 1505/1505/1505 1507/1507/1507 1508/1508/1508
f 1509/1509/1509 1510/1510/1510 1514/1514/1514
f 1509/1509/1509 1514/1514/1514 1513/1513/1513
f 1510/1510/1510 1511/1511/1511 1515/1515/1515
f 1510/1510/1510 1515/1515/1515 1514/1514/1514
f 1511/1511/1511 1512/1512/1512 1516/1516/1516
f 1511/1511/1511 1516/1516/1516 1515/1515/1515
f 1512/1512/1512 1509/1509/1509 1513/1513/1513
f 1512/1512/1512 1513/1513/1513 1516/1516/1516
f 1513/1513/1513 1514/1514/1514 1518/1518/1518
f 1513/1513/1513 1518/1518/1518 1517/1517/1517
f 1514/1514/1514 1515/1515/1515 1519/1519/1519
f 1514/1514/1514 1519/1519/1519 1518/1518/1518
f 1515/1515/1515 1516/1516/1516 1520/1520/1520
f 1515/1515/1515 1520/1520/1520 1519/1519/1519
f 1516/1516/1516 1513/1513/1513 1517/1517/1517
f 1516/1516/1516 1517/1517/1517 1520/1520/1520
f 1517/1517/1517 1518/1518/1518 1522/1522/1522
f 1517/1517/1517 1522/1522/1522 1521/1521/1521
f 1518/1518/1518 1519/1519/1519 1523/1523/1523
f 1518/1518/1518 1523/1523/1523 1522/1522/1522
f 1519/1519/1519 1520/1520/1520 1524/1524/1524
f 1519/1519/1519 1524/1524/1524 1523/1523/1523
f 1520/1520/1520 1517/1517/1517 1521/1521/1521
f 1520/1520/1520 1521/1521/1521 1524/1524/1524
f 1521/1521/1521 1522/1522/1522 1526/1526/1526
f 1521/1521/1521 1526/1526/1526 1525/1525/1525
f 1522/1522/1522 1523/1523/1523 1527/1527/1527
f 1522/1522/1522 1527/1527/1527 1526/1526/1526
f 1523/1523/1523 1524/1524/1524 1528/1528/1528
f 1523/1523/1523 1528/1528/1528 1527/1527/1527
f 1524/1524/1524 1521/1521/1521 1525/1525/1525
f 1524/1524/1524 1525/1525/1525 1528/1528/1528
f 1525/1525/1525 1526/1526/1526 1530/1530/1530
f 1525/1525/1525 1530/1530/1530 1529/1529/1529
f 1526/1526/1526 1527/1527/1527 1531/1531/1531
f 1526/1526/1526 1531/1531/1531 1530/1530/1530
f 1527/1527/1527 1528/1528/1528 1532/1532/1532
f 1527/1527/1527 1532/1532/1532 1531/1531/1531
f 1528/1528/1528 1525/1525/1525 1529/1529/1529
f 1528/1528/1528 1529/1529/1529 1532/1532/1532
f 1529/1529/1529 1530/1530/1530 1534/1534/1534
f 1529/1529/1529 1534/1534/1534 1533/1533/1533
f 1530/1530/1530 1531/1531/1531 1535/1535/1535
f 1530/1530/1530 1535/1535/1535 1534/1534/1534
f 1531/1531/1531 1532/1532/1532 1536/1536/1536
f 1531/1531/1531 1536/1536/1536 1535/1535/1535
f 1532/1532/1532 1529/1529/1529 1533/1533/1533
f 1532/1532/1532 1533/1533/1533 1536/1536/1536
f 1509/1509/1509 1511/1511/1511 1510/1510/1510
f 1509/1509/1509 1512/1512/1512 1511/1511/1511
f 1533/1533/1533 1534/1534/1534 1535/1535/1535
f 1533/1533/1533 1535/1535/1535 1536/1536/1536
f 1537/1537/1537 1538/1538/1538 1542/1542/1542
f 1537/1537/1537 1542/1542/1542 1541/1541/1541
f 1538/1538/1538 1539/1539/1539 1543/1543/1543
f 1538/1538/1538 1543/1543/1543 1542/1542/1542
f 1539/1539/1539 1540/1540/1540 1544/1544/1544
f 1539/1539/1539 1544/1544/1544 1543/1543/1543
f 1540/1540/1540 1537/1537/1537 1541/1541/1541
f 1540/1540/1540 1541/1541/1541 1544/1544/1544
f 1541/1541/1541 1542/1542/1542 1546/1546/1546
f 1541/1541/1541 1546/1546/1546 1545/1545/1545
f 1542/1542/1542 1543/1543/1543 1547/1547/1547
f 1542/1542/1542 1547/1547/1547 1546/1546/1546
f 1543/1543/1543 1544/1544/1544 1548/1548/1548
f 1543/1543/1543 1548/1548/1548 1547/1547/1547
f 1544/1544/1544 1541/1541/1541 1545/1545/1545
f 1544/1544/1544 1545/1545/1545 1548/1548/1548
f 1545/1545/1545 1546/1546/1546 1550/1550/1550
f 1545/1545/1545 1550/1550/1550 1549/1549/1549
f 1546/1546/1546 1547/1547/1547 1551/1551/1551
f 1546/1546/1546 1551/1551/1551 1550/1550/1550
f 1547/1547/1547 1548/1548/1548 1552/1552/1552
f 1547/1547/1547 1552/1552/1552 1551/1551/1551
f 1548/1548/1548 1545/1545/1545 1549/1549/1549
f 1548/1548/1548 1549/1549/1549 1552/1552/1552
f 1549/1549/1549 1550/1550/1550 1554/1554/1554
f 1549/1549/1549 1554/1554/1554 1553/1553/1553
f 1550/1550/1550 1551/1551/1551 1555/1555/1555
f 1550/1550/1550 1555/1555/1555 1554/1554/1554
f 1551/1551/1551 1552/1552/1552 1556/1556/1556
f 1551/1551/1551 1556/1556/1556 1555/1555/1555
f 1552/1552/1552 1549/1549/1549 1553/1553/1553
f 1552/1552/1552 1553/1553/1553 1556/1556/1556
f 1553/1553/1553 1554/1554/1554 1558/1558/1558
f 1553/1553/1553 1558/1558/1558 1557/1557/1557
f 1554/1554/1554 1555/1555/1555 1559/1559/1559
f 1554/1554/1554 1559/1559/1559 1558/1558/1558
f 1555/1555/1555 1556/1556/1556 1560/1560/1560
f 1555/1555/1555 1560/1560/1560 1559/1559/1559
f 1556/1556/1556 1553/1553/1553 1557/1557/1557
f 1556/1556/1556 1557/1557/1557 1560/1560/1560
f 1557/1557/1557 1558/1558/1558 1562/1562/1562
f 1557/1557/1557 1562/1562/1562 1561/1561/1561
f 1558/1558/1558 1559/1559/1559 1563/1563/1563
f 1558/1558/1558 1563/1563/1563 1562/1562/1562
f 1559/1559/1559 1560/1560/1560 1564/1564/1564
f 1559/1559/1559 1564/1564/1564 1563/1563/1563
f 1560/1560/1560 1557/1557/1557 1561/1561/1561
f 1560/1560/1560 1561/1561/1561 1564/1564/1564
f 1561/1561/1561 1562/1562/1562 1566/1566/1566
f 1561/1561/1561 1566/1566/1566 1565/1565/1565
f 1562/1562/1562 1563/1563/1563 1567/1567/1567
f 1562/1562/1562 1567/1567/1567 1566/1566/1566
f 1563/1563/1563 1564/1564/1564 1568/1568/1568
f 1563/1563/1563 1568/1568/1568 1567/1567/1567
f 1564/1564/1564 1561/1561/1561 1565/1565/1565
f 1564/1564/1564 1565/1565/1565 1568/1568/1568
f 1565/1565/1565 1566/1566/1566 1570/1570/1570
f 1565/1565/1565 1570/1570/1570 1569/1569/1569
f 1566/1566/1566 1567/1567/1567 1571/1571/1571
f 1566/1566/1566 1571/1571/1571 1570/1570/1570
f 1567/1567/1567 1568/1568/1568 1572/1572/1572
f 1567/1567/1567 1572/1572/1572 1571/1571/1571
f 1568/1568/1568 1565/1565/1565 1569/1569/1569
f 1568/1568/1568 1569/1569/1569 1572/1572/1572
f 1569/1569/1569 1570/1570/1570 1574/1574/1574
f 1569/1569/1569 1574/1574/1574 1573/1573/1573
f 1570/1570/1570 1571/1571/1571 1575/1575/1575
f 1570/1570/1570 1575/1575/1575 1574/1574/1574
f 1571/1571/1571 1572/1572/1572 1576/1576/1576
f 1571/1571/1571 1576/1576/1576 1575/1575/1575
f 1572/1572/1572 1569/1569/1569 1573/1573/1573
f 1572/1572/1572 1573/1573/1573 1576/1576/1576
f 1573/1573/1573 1574/1574/1574 1578/1578/1578
f 1573/1573/1573 1578/1578/1578 1577/1577/1577
f 1574/1574/1574 1575/1575/1575 1579/1579/1579
f 1574/1574/1574 1579/1579/1579 1578/1578/1578
f 1575/1575/1575 1576/1576/1576 1580/1580/1580
f 1575/1575/1575 1580/1580/1580 1579/1579/1579
f 1576/1576/1576 1573/1573/1573 1577/1577/1577
f 1576/1576/1576 1577/1577/1577 1580/1580/1580
f 1577/1577/1577 1578/1578/1578 1582/1582/1582
f 1577/1577/1577 1582/1582/1582 1581/1581/1581
f 1578/1578/1578 1579/1579/1579 1583/1583/1583
f 1578/1578/1578 1583/1583/1583 1582/1582/1582
f 1579/1579/1579 1580/1580/1580 1584/1584/1584
f 1579/1579/1579 1584/1584/1584 1583/1583/1583
f 1580/1580/1580 1577/1577/1577 1581/1581/1581
f 1580/1580/1580 1581/1581/1581 1584/1584/1584
f 1581/1581/1581 1582/1582/1582 1586/1586/1586
f 1581/1581/1581 1586/1586/1586 1585/1585/1585
f 1582/1582/1582 1583/1583/1583 1587/1587/1587
f 1582/1582/1582 1587/1587/1587 1586/1586/1586
f 1583/1583/1583 1584/1584/1584 1588/1588/1588
f 1583/1583/1583 1588/1588/1588 1587/1587/1587
f 1584/1584/1584 1581/1581/1581 1585/1585/1585
f 1584/1584/1584 1585/1585/1585 1588/1588/1588
f 1537/1537/1537 1539/1539/1539 1538/1538/1538
f 1537/1537/1537 1540/1540/1540 1539/1539/1539
f 1585/1585/1585 1586/1586/1586 1587/1587/1587
f 1585/1585/1585 1587/1587/1587 1588/1588/1588
f 1589/1589/1589 1590/1590/1590 1594/1594/1594
f 1589/1589/1589 1594/1594/1594 1593/1593/1593
f 1590/1590/1590 1591/1591/1591 1595/1595/1595
f 1590/1590/1590 1595/1595/1595 1594/1594/1594
f 1591/1591/1591 1592/1592/1592 1596/1596/1596
f 1591/1591/1591 1596/1596/1596 1595/1595/1595
f 1592/1592/1592 1589/1589/1589 1593/1593/1593
f 1592/1592/1592 1593/1593/1593 1596/1596/1596
f 1593/1593/1593 1594/1594/1594 1598/1598/1598
f 1593/1593/1593 1598/1598/1598 1597/1597/1597
f 1594/1594/1594 1595/1595/1595 1599/1599/1599
f 1594/1594/1594 1599/1599/1599 1598/1598/1598
f 1595/1595/1595 1596/1596/1596 1600/1600/1600
f 1595/1595/1595 1600/1600/1600 1599/1599/1599
f 1596/1596/1596 1593/1593/1593 1597/1597/1597
f 1596/1596/1596 1597/1597/1597 1600/1600/1600
f 1597/1597/1597 1598/1598/1598 1602/1602/1602
f 1597/1597/1597 1602/1602/1602 1601/1601/1601
f 1598/1598/1598 1599/1599/1599 1603/1603/1603
f 1598/1598/1598 1603/1603/1603 1602/1602/1602
f 1599/1599/1599 1600/1600/1600 1604/1604/1604
f 1599/1599/1599 1604/1604/1604 1603/1603/1603
f 1600/1600/1600 1597/1597/1597 1601/1601/1601
f 1600/1600/1600 1601/1601/1601 1604/1604/1604
f 1601/1601/1601 1602/1602/1602 1606/1606/1606
f 1601/1601/1601 1606/1606/1606 1605/1605/1605
f 1602/1602/1602 1603/1603/1603 1607/1607/1607
f 1602/1602/1602 1607/1607/1607 1606/1606/1606
f 1603/1603/1603 1604/1604/1604 1608/1608/1608
f 1603/1603/1603 1608/1608/1608 1607/1607/1607
f 1604/1604/1604 1601/1601/1601 1605/1605/1605
f 1604/1604/1604 1605/1605/1605 1608/1608/1608
f 1605/1605/1605 1606/1606/1606 1610/1610/1610
f 1605/1605/1605 1610/1610/1610 1609/1609/1609
f 1606/1606/1606 1607/1607/1607 1611/1611/1611
f 1606/1606/1606 1611/1611/1611 1610/1610/1610
f 1607/1607/1607 1608/1608/1608 1612/1612/1612
f 1607/1607/1607 1612/1612/1612 1611/1611/1611
f 1608/1608/1608 1605/1605/1605 1609/1609/1609
f 1608/1608/1608 1609/1609/1609 1612/1612/1612
f 1609/1609/1609 1610/1610/1610 1614/1614/1614
f 1609/1609/1609 1614/1614/1614 1613/1613/1613
f 1610/1610/1610 1611/1611/1611 1615/1615/1615
f 1610/1610/1610 1615/1615/1615 1614/1614/1614
f 1611/1611/1611 1612/1612/1612 1616/1616/1616
f 1611/1611/1611 1616/1616/1616 1615/1615/1615
f 1612/1612/1612 1609/1609/1609 1613/1613/1613
f 1612/1612/1612 1613/1613/1613 1616/1616/1616
f 1589/1589/1589 1591/1591/1591 1590/1590/1590
f 1589/1589/1589 1592/1592/1592 1591/1591/1591
f 1613/1613/1613 1614/1614/1614 1615/1615/1615
f 1613/1613/1613 1615/1615/1615 1616/1616/1616
f 1617/1617/1617 1618/1618/1618 1622/1622/1622
f 1617/1617/1617 1622/1622/1622 1621/1621/1621
f 1618/1618/1618 1619/1619/1619 1623/1623/1623
f 1618/1618/1618 1623/1623/1623 1622/1622/1622
f 1619/1619/1619 1620/1620/1620 1624/1624/1624
f 1619/1619/1619 1624/1624/1624 1623/1623/1623
f 1620/1620/1620 1617/1617/1617 1621/1621/1621
f 1620/1620/1620 1621/1621/1621 1624/1624/1624
f 1621/1621/1621 1622/1622/1622 1626/1626/1626
f 1621/1621/1621 1626/1626/1626 1625/1625/1625
f 1622/1622/1622 1623/1623/1623 1627/1627/1627
f 1622/1622/1622 1627/1627/1627 1626/1626/1626
f 1623/1623/1623 1624/1624/1624 1628/1628/1628
f 1623/1623/1623 1628/1628/1628 1627/1627/1627
f 1624/1624/1624 1621/1621/1621 1625/1625/1625
f 1624/1624/1624 1625/1625/1625 1628/1628/1628
f 1625/1625/1625 1626/1626/1626 1630/1630/1630
f 1625/1625/1625 1630/1630/1630 1629/1629/1629
f 1626/1626/1626 1627/1627/1627 1631/1631/1631
f 1626/1626/1626 1631/1631/1631 1630/1630/1630
f 1627/1627/1627 1628/1628/1628 1632/1632/1632
f 1627/1627/1627 1632/1632/1632 1631/1631/1631
f 1628/1628/1628 1625/1625/1625 1629/1629/1629
f 1628/1628/1628 1629/1629/1629 1632/1632/1632
f 1629/1629/1629 1630/1630/1630 1634/1634/1634
f 1629/1629/1629 1634/1634/1634 1633/1633/1633
f 1630/1630/1630 1631/1631/1631 1635/1635/1635
f 1630/1630/1630 1635/1635/1635 1634/1634/1634
f 1631/1631/1631 1632/1632/1632 1636/1636/1636
f 1631/1631/1631 1636/1636/1636 1635/1635/1635
f 1632/1632/1632 1629/1629/1629 1633/1633/1633
f 1632/1632/1632 1633/1633/1633 1636/1636/1636
f 1633/1633/1633 1634/1634/1634 1638/1638/1638
f 1633/1633/1633 1638/1638/1638 1637/1637/1637
f 1634/1634/1634 1635/1635/1635 1639/1639/1639
f 1634/1634/1634 1639/1639/1639 1638/1638/1638
f 1635/1635/1635 1636/1636/1636 1640/1640/1640
f 1635/1635/1635 1640/1640/1640 1639/1639/1639
f 1636/1636/1636 1633/1633/1633 1637/1637/1637
f 1636/1636/1636 1637/1637/1637 1640/1640/1640
f 1637/1637/1637 1638/1638/1638 1642/1642/1642
f 1637/1637/1637 1642/1642/1642 1641/1641/1641
f 1638/1638/1638 1639/1639/1639 1643/1643/1643
f 1638/1638/1638 1643/1643/1643 1642/1642/1642
f 1639/1639/1639 1640/1640/1640 1644/1644/1644
f 1639/1639/1639 1644/1644/1644 1643/1643/1643
f 1640/1640/1640 1637/1637/1637 1641/1641/1641
f 1640/1640/1640 1641/1641/1641 1644/1644/1644
f 1617/1617/1617 1619/1619/1619 1618/1618/1618
f 1617/1617/1617 1620/1620/1620 1619/1619/1619
f 1641/1641/1641 1642/1642/1642 1643/1643/1643
f 1641/1641/1641 1643/1643/1643 1644/1644/1644
