# Original field candidate; centimeters +X forward +Z up
mtllib FieldPalette.mtl
o SM_GravityFieldCandidateV2
usemtl M_GravityFieldCandidateV2
v 0.000000000 100.000000000 0.000000000
v -0.120000000 99.880000000 0.000000000
v -0.000000000 99.760000000 0.000000000
v 0.120000000 99.880000000 0.000000000
v 0.000000000 99.518472667 9.801714033
v -0.120000000 99.399050500 9.789951976
v -0.000000000 99.279628333 9.778189919
v 0.120000000 99.399050500 9.789951976
v 0.000000000 98.078528040 19.509032202
v -0.120000000 97.960833807 19.485621363
v -0.000000000 97.843139573 19.462210524
v 0.120000000 97.960833807 19.485621363
v 0.000000000 95.694033573 29.028467725
v -0.120000000 95.579200733 28.993633564
v -0.000000000 95.464367893 28.958799403
v 0.120000000 95.579200733 28.993633564
v 0.000000000 92.387953251 38.268343237
v -0.120000000 92.277087707 38.222421225
v -0.000000000 92.166222163 38.176499213
v 0.120000000 92.277087707 38.222421225
v 0.000000000 88.192126435 47.139673683
v -0.120000000 88.086295883 47.083106074
v -0.000000000 87.980465331 47.026538466
v 0.120000000 88.086295883 47.083106074
v 0.000000000 83.146961230 55.557023302
v -0.120000000 83.047184877 55.490354874
v -0.000000000 82.947408523 55.423686446
v 0.120000000 83.047184877 55.490354874
v 0.000000000 77.301045336 63.439328416
v -0.120000000 77.208284082 63.363201222
v -0.000000000 77.115522827 63.287074028
v 0.120000000 77.208284082 63.363201222
v 0.000000000 70.710678119 70.710678119
v -0.120000000 70.625825305 70.625825305
v -0.000000000 70.540972491 70.540972491
v 0.120000000 70.625825305 70.625825305
v 0.000000000 63.439328416 77.301045336
v -0.120000000 63.363201222 77.208284082
v -0.000000000 63.287074028 77.115522827
v 0.120000000 63.363201222 77.208284082
v 0.000000000 55.557023302 83.146961230
v -0.120000000 55.490354874 83.047184877
v -0.000000000 55.423686446 82.947408523
v 0.120000000 55.490354874 83.047184877
v 0.000000000 47.139673683 88.192126435
v -0.120000000 47.083106074 88.086295883
v -0.000000000 47.026538466 87.980465331
v 0.120000000 47.083106074 88.086295883
v 0.000000000 38.268343237 92.387953251
v -0.120000000 38.222421225 92.277087707
v -0.000000000 38.176499213 92.166222163
v 0.120000000 38.222421225 92.277087707
v 0.000000000 29.028467725 95.694033573
v -0.120000000 28.993633564 95.579200733
v -0.000000000 28.958799403 95.464367893
v 0.120000000 28.993633564 95.579200733
v 0.000000000 19.509032202 98.078528040
v -0.120000000 19.485621363 97.960833807
v -0.000000000 19.462210524 97.843139573
v 0.120000000 19.485621363 97.960833807
v 0.000000000 9.801714033 99.518472667
v -0.120000000 9.789951976 99.399050500
v -0.000000000 9.778189919 99.279628333
v 0.120000000 9.789951976 99.399050500
v 0.000000000 0.000000000 100.000000000
v -0.120000000 0.000000000 99.880000000
v -0.000000000 0.000000000 99.760000000
v 0.120000000 0.000000000 99.880000000
v 0.000000000 -9.801714033 99.518472667
v -0.120000000 -9.789951976 99.399050500
v -0.000000000 -9.778189919 99.279628333
v 0.120000000 -9.789951976 99.399050500
v 0.000000000 -19.509032202 98.078528040
v -0.120000000 -19.485621363 97.960833807
v -0.000000000 -19.462210524 97.843139573
v 0.120000000 -19.485621363 97.960833807
v 0.000000000 -29.028467725 95.694033573
v -0.120000000 -28.993633564 95.579200733
v -0.000000000 -28.958799403 95.464367893
v 0.120000000 -28.993633564 95.579200733
v 0.000000000 -38.268343237 92.387953251
v -0.120000000 -38.222421225 92.277087707
v -0.000000000 -38.176499213 92.166222163
v 0.120000000 -38.222421225 92.277087707
v 0.000000000 -47.139673683 88.192126435
v -0.120000000 -47.083106074 88.086295883
v -0.000000000 -47.026538466 87.980465331
v 0.120000000 -47.083106074 88.086295883
v 0.000000000 -55.557023302 83.146961230
v -0.120000000 -55.490354874 83.047184877
v -0.000000000 -55.423686446 82.947408523
v 0.120000000 -55.490354874 83.047184877
v 0.000000000 -63.439328416 77.301045336
v -0.120000000 -63.363201222 77.208284082
v -0.000000000 -63.287074028 77.115522827
v 0.120000000 -63.363201222 77.208284082
v 0.000000000 -70.710678119 70.710678119
v -0.120000000 -70.625825305 70.625825305
v -0.000000000 -70.540972491 70.540972491
v 0.120000000 -70.625825305 70.625825305
v 0.000000000 -77.301045336 63.439328416
v -0.120000000 -77.208284082 63.363201222
v -0.000000000 -77.115522827 63.287074028
v 0.120000000 -77.208284082 63.363201222
v 0.000000000 -83.146961230 55.557023302
v -0.120000000 -83.047184877 55.490354874
v -0.000000000 -82.947408523 55.423686446
v 0.120000000 -83.047184877 55.490354874
v 0.000000000 -88.192126435 47.139673683
v -0.120000000 -88.086295883 47.083106074
v -0.000000000 -87.980465331 47.026538466
v 0.120000000 -88.086295883 47.083106074
v 0.000000000 -92.387953251 38.268343237
v -0.120000000 -92.277087707 38.222421225
v -0.000000000 -92.166222163 38.176499213
v 0.120000000 -92.277087707 38.222421225
v 0.000000000 -95.694033573 29.028467725
v -0.120000000 -95.579200733 28.993633564
v -0.000000000 -95.464367893 28.958799403
v 0.120000000 -95.579200733 28.993633564
v 0.000000000 -98.078528040 19.509032202
v -0.120000000 -97.960833807 19.485621363
v -0.000000000 -97.843139573 19.462210524
v 0.120000000 -97.960833807 19.485621363
v 0.000000000 -99.518472667 9.801714033
v -0.120000000 -99.399050500 9.789951976
v -0.000000000 -99.279628333 9.778189919
v 0.120000000 -99.399050500 9.789951976
v 0.000000000 -100.000000000 0.000000000
v -0.120000000 -99.880000000 0.000000000
v -0.000000000 -99.760000000 0.000000000
v 0.120000000 -99.880000000 0.000000000
v 0.000000000 -99.518472667 -9.801714033
v -0.120000000 -99.399050500 -9.789951976
v -0.000000000 -99.279628333 -9.778189919
v 0.120000000 -99.399050500 -9.789951976
v 0.000000000 -98.078528040 -19.509032202
v -0.120000000 -97.960833807 -19.485621363
v -0.000000000 -97.843139573 -19.462210524
v 0.120000000 -97.960833807 -19.485621363
v 0.000000000 -95.694033573 -29.028467725
v -0.120000000 -95.579200733 -28.993633564
v -0.000000000 -95.464367893 -28.958799403
v 0.120000000 -95.579200733 -28.993633564
v 0.000000000 -92.387953251 -38.268343237
v -0.120000000 -92.277087707 -38.222421225
v -0.000000000 -92.166222163 -38.176499213
v 0.120000000 -92.277087707 -38.222421225
v 0.000000000 -88.192126435 -47.139673683
v -0.120000000 -88.086295883 -47.083106074
v -0.000000000 -87.980465331 -47.026538466
v 0.120000000 -88.086295883 -47.083106074
v 0.000000000 -83.146961230 -55.557023302
v -0.120000000 -83.047184877 -55.490354874
v -0.000000000 -82.947408523 -55.423686446
v 0.120000000 -83.047184877 -55.490354874
v 0.000000000 -77.301045336 -63.439328416
v -0.120000000 -77.208284082 -63.363201222
v -0.000000000 -77.115522827 -63.287074028
v 0.120000000 -77.208284082 -63.363201222
v 0.000000000 -70.710678119 -70.710678119
v -0.120000000 -70.625825305 -70.625825305
v -0.000000000 -70.540972491 -70.540972491
v 0.120000000 -70.625825305 -70.625825305
v 0.000000000 -63.439328416 -77.301045336
v -0.120000000 -63.363201222 -77.208284082
v -0.000000000 -63.287074028 -77.115522827
v 0.120000000 -63.363201222 -77.208284082
v 0.000000000 -55.557023302 -83.146961230
v -0.120000000 -55.490354874 -83.047184877
v -0.000000000 -55.423686446 -82.947408523
v 0.120000000 -55.490354874 -83.047184877
v 0.000000000 -47.139673683 -88.192126435
v -0.120000000 -47.083106074 -88.086295883
v -0.000000000 -47.026538466 -87.980465331
v 0.120000000 -47.083106074 -88.086295883
v 0.000000000 -38.268343237 -92.387953251
v -0.120000000 -38.222421225 -92.277087707
v -0.000000000 -38.176499213 -92.166222163
v 0.120000000 -38.222421225 -92.277087707
v 0.000000000 -29.028467725 -95.694033573
v -0.120000000 -28.993633564 -95.579200733
v -0.000000000 -28.958799403 -95.464367893
v 0.120000000 -28.993633564 -95.579200733
v 0.000000000 -19.509032202 -98.078528040
v -0.120000000 -19.485621363 -97.960833807
v -0.000000000 -19.462210524 -97.843139573
v 0.120000000 -19.485621363 -97.960833807
v 0.000000000 -9.801714033 -99.518472667
v -0.120000000 -9.789951976 -99.399050500
v -0.000000000 -9.778189919 -99.279628333
v 0.120000000 -9.789951976 -99.399050500
v 0.000000000 -0.000000000 -100.000000000
v -0.120000000 -0.000000000 -99.880000000
v -0.000000000 -0.000000000 -99.760000000
v 0.120000000 -0.000000000 -99.880000000
v 0.000000000 9.801714033 -99.518472667
v -0.120000000 9.789951976 -99.399050500
v -0.000000000 9.778189919 -99.279628333
v 0.120000000 9.789951976 -99.399050500
v 0.000000000 19.509032202 -98.078528040
v -0.120000000 19.485621363 -97.960833807
v -0.000000000 19.462210524 -97.843139573
v 0.120000000 19.485621363 -97.960833807
v 0.000000000 29.028467725 -95.694033573
v -0.120000000 28.993633564 -95.579200733
v -0.000000000 28.958799403 -95.464367893
v 0.120000000 28.993633564 -95.579200733
v 0.000000000 38.268343237 -92.387953251
v -0.120000000 38.222421225 -92.277087707
v -0.000000000 38.176499213 -92.166222163
v 0.120000000 38.222421225 -92.277087707
v 0.000000000 47.139673683 -88.192126435
v -0.120000000 47.083106074 -88.086295883
v -0.000000000 47.026538466 -87.980465331
v 0.120000000 47.083106074 -88.086295883
v 0.000000000 55.557023302 -83.146961230
v -0.120000000 55.490354874 -83.047184877
v -0.000000000 55.423686446 -82.947408523
v 0.120000000 55.490354874 -83.047184877
v 0.000000000 63.439328416 -77.301045336
v -0.120000000 63.363201222 -77.208284082
v -0.000000000 63.287074028 -77.115522827
v 0.120000000 63.363201222 -77.208284082
v 0.000000000 70.710678119 -70.710678119
v -0.120000000 70.625825305 -70.625825305
v -0.000000000 70.540972491 -70.540972491
v 0.120000000 70.625825305 -70.625825305
v 0.000000000 77.301045336 -63.439328416
v -0.120000000 77.208284082 -63.363201222
v -0.000000000 77.115522827 -63.287074028
v 0.120000000 77.208284082 -63.363201222
v 0.000000000 83.146961230 -55.557023302
v -0.120000000 83.047184877 -55.490354874
v -0.000000000 82.947408523 -55.423686446
v 0.120000000 83.047184877 -55.490354874
v 0.000000000 88.192126435 -47.139673683
v -0.120000000 88.086295883 -47.083106074
v -0.000000000 87.980465331 -47.026538466
v 0.120000000 88.086295883 -47.083106074
v 0.000000000 92.387953251 -38.268343237
v -0.120000000 92.277087707 -38.222421225
v -0.000000000 92.166222163 -38.176499213
v 0.120000000 92.277087707 -38.222421225
v 0.000000000 95.694033573 -29.028467725
v -0.120000000 95.579200733 -28.993633564
v -0.000000000 95.464367893 -28.958799403
v 0.120000000 95.579200733 -28.993633564
v 0.000000000 98.078528040 -19.509032202
v -0.120000000 97.960833807 -19.485621363
v -0.000000000 97.843139573 -19.462210524
v 0.120000000 97.960833807 -19.485621363
v 0.000000000 99.518472667 -9.801714033
v -0.120000000 99.399050500 -9.789951976
v -0.000000000 99.279628333 -9.778189919
v 0.120000000 99.399050500 -9.789951976
v 0.000000000 100.000000000 -0.000000000
v -0.120000000 99.880000000 -0.000000000
v -0.000000000 99.760000000 -0.000000000
v 0.120000000 99.880000000 -0.000000000
v 0.000000000 0.000000000 100.000000000
v 0.000000000 -0.120000000 99.880000000
v 0.000000000 -0.000000000 99.760000000
v 0.000000000 0.120000000 99.880000000
v 9.801714033 0.000000000 99.518472667
v 9.789951976 -0.120000000 99.399050500
v 9.778189919 -0.000000000 99.279628333
v 9.789951976 0.120000000 99.399050500
v 19.509032202 0.000000000 98.078528040
v 19.485621363 -0.120000000 97.960833807
v 19.462210524 -0.000000000 97.843139573
v 19.485621363 0.120000000 97.960833807
v 29.028467725 0.000000000 95.694033573
v 28.993633564 -0.120000000 95.579200733
v 28.958799403 -0.000000000 95.464367893
v 28.993633564 0.120000000 95.579200733
v 38.268343237 0.000000000 92.387953251
v 38.222421225 -0.120000000 92.277087707
v 38.176499213 -0.000000000 92.166222163
v 38.222421225 0.120000000 92.277087707
v 47.139673683 0.000000000 88.192126435
v 47.083106074 -0.120000000 88.086295883
v 47.026538466 -0.000000000 87.980465331
v 47.083106074 0.120000000 88.086295883
v 55.557023302 0.000000000 83.146961230
v 55.490354874 -0.120000000 83.047184877
v 55.423686446 -0.000000000 82.947408523
v 55.490354874 0.120000000 83.047184877
v 63.439328416 0.000000000 77.301045336
v 63.363201222 -0.120000000 77.208284082
v 63.287074028 -0.000000000 77.115522827
v 63.363201222 0.120000000 77.208284082
v 70.710678119 0.000000000 70.710678119
v 70.625825305 -0.120000000 70.625825305
v 70.540972491 -0.000000000 70.540972491
v 70.625825305 0.120000000 70.625825305
v 77.301045336 0.000000000 63.439328416
v 77.208284082 -0.120000000 63.363201222
v 77.115522827 -0.000000000 63.287074028
v 77.208284082 0.120000000 63.363201222
v 83.146961230 0.000000000 55.557023302
v 83.047184877 -0.120000000 55.490354874
v 82.947408523 -0.000000000 55.423686446
v 83.047184877 0.120000000 55.490354874
v 88.192126435 0.000000000 47.139673683
v 88.086295883 -0.120000000 47.083106074
v 87.980465331 -0.000000000 47.026538466
v 88.086295883 0.120000000 47.083106074
v 92.387953251 0.000000000 38.268343237
v 92.277087707 -0.120000000 38.222421225
v 92.166222163 -0.000000000 38.176499213
v 92.277087707 0.120000000 38.222421225
v 95.694033573 0.000000000 29.028467725
v 95.579200733 -0.120000000 28.993633564
v 95.464367893 -0.000000000 28.958799403
v 95.579200733 0.120000000 28.993633564
v 98.078528040 0.000000000 19.509032202
v 97.960833807 -0.120000000 19.485621363
v 97.843139573 -0.000000000 19.462210524
v 97.960833807 0.120000000 19.485621363
v 99.518472667 0.000000000 9.801714033
v 99.399050500 -0.120000000 9.789951976
v 99.279628333 -0.000000000 9.778189919
v 99.399050500 0.120000000 9.789951976
v 100.000000000 0.000000000 0.000000000
v 99.880000000 -0.120000000 0.000000000
v 99.760000000 -0.000000000 0.000000000
v 99.880000000 0.120000000 0.000000000
v 99.518472667 0.000000000 -9.801714033
v 99.399050500 -0.120000000 -9.789951976
v 99.279628333 -0.000000000 -9.778189919
v 99.399050500 0.120000000 -9.789951976
v 98.078528040 0.000000000 -19.509032202
v 97.960833807 -0.120000000 -19.485621363
v 97.843139573 -0.000000000 -19.462210524
v 97.960833807 0.120000000 -19.485621363
v 95.694033573 0.000000000 -29.028467725
v 95.579200733 -0.120000000 -28.993633564
v 95.464367893 -0.000000000 -28.958799403
v 95.579200733 0.120000000 -28.993633564
v 92.387953251 0.000000000 -38.268343237
v 92.277087707 -0.120000000 -38.222421225
v 92.166222163 -0.000000000 -38.176499213
v 92.277087707 0.120000000 -38.222421225
v 88.192126435 0.000000000 -47.139673683
v 88.086295883 -0.120000000 -47.083106074
v 87.980465331 -0.000000000 -47.026538466
v 88.086295883 0.120000000 -47.083106074
v 83.146961230 0.000000000 -55.557023302
v 83.047184877 -0.120000000 -55.490354874
v 82.947408523 -0.000000000 -55.423686446
v 83.047184877 0.120000000 -55.490354874
v 77.301045336 0.000000000 -63.439328416
v 77.208284082 -0.120000000 -63.363201222
v 77.115522827 -0.000000000 -63.287074028
v 77.208284082 0.120000000 -63.363201222
v 70.710678119 0.000000000 -70.710678119
v 70.625825305 -0.120000000 -70.625825305
v 70.540972491 -0.000000000 -70.540972491
v 70.625825305 0.120000000 -70.625825305
v 63.439328416 0.000000000 -77.301045336
v 63.363201222 -0.120000000 -77.208284082
v 63.287074028 -0.000000000 -77.115522827
v 63.363201222 0.120000000 -77.208284082
v 55.557023302 0.000000000 -83.146961230
v 55.490354874 -0.120000000 -83.047184877
v 55.423686446 -0.000000000 -82.947408523
v 55.490354874 0.120000000 -83.047184877
v 47.139673683 0.000000000 -88.192126435
v 47.083106074 -0.120000000 -88.086295883
v 47.026538466 -0.000000000 -87.980465331
v 47.083106074 0.120000000 -88.086295883
v 38.268343237 0.000000000 -92.387953251
v 38.222421225 -0.120000000 -92.277087707
v 38.176499213 -0.000000000 -92.166222163
v 38.222421225 0.120000000 -92.277087707
v 29.028467725 0.000000000 -95.694033573
v 28.993633564 -0.120000000 -95.579200733
v 28.958799403 -0.000000000 -95.464367893
v 28.993633564 0.120000000 -95.579200733
v 19.509032202 0.000000000 -98.078528040
v 19.485621363 -0.120000000 -97.960833807
v 19.462210524 -0.000000000 -97.843139573
v 19.485621363 0.120000000 -97.960833807
v 9.801714033 0.000000000 -99.518472667
v 9.789951976 -0.120000000 -99.399050500
v 9.778189919 -0.000000000 -99.279628333
v 9.789951976 0.120000000 -99.399050500
v 0.000000000 0.000000000 -100.000000000
v 0.000000000 -0.120000000 -99.880000000
v 0.000000000 -0.000000000 -99.760000000
v 0.000000000 0.120000000 -99.880000000
v -9.801714033 0.000000000 -99.518472667
v -9.789951976 -0.120000000 -99.399050500
v -9.778189919 -0.000000000 -99.279628333
v -9.789951976 0.120000000 -99.399050500
v -19.509032202 0.000000000 -98.078528040
v -19.485621363 -0.120000000 -97.960833807
v -19.462210524 -0.000000000 -97.843139573
v -19.485621363 0.120000000 -97.960833807
v -29.028467725 0.000000000 -95.694033573
v -28.993633564 -0.120000000 -95.579200733
v -28.958799403 -0.000000000 -95.464367893
v -28.993633564 0.120000000 -95.579200733
v -38.268343237 0.000000000 -92.387953251
v -38.222421225 -0.120000000 -92.277087707
v -38.176499213 -0.000000000 -92.166222163
v -38.222421225 0.120000000 -92.277087707
v -47.139673683 0.000000000 -88.192126435
v -47.083106074 -0.120000000 -88.086295883
v -47.026538466 -0.000000000 -87.980465331
v -47.083106074 0.120000000 -88.086295883
v -55.557023302 0.000000000 -83.146961230
v -55.490354874 -0.120000000 -83.047184877
v -55.423686446 -0.000000000 -82.947408523
v -55.490354874 0.120000000 -83.047184877
v -63.439328416 0.000000000 -77.301045336
v -63.363201222 -0.120000000 -77.208284082
v -63.287074028 -0.000000000 -77.115522827
v -63.363201222 0.120000000 -77.208284082
v -70.710678119 0.000000000 -70.710678119
v -70.625825305 -0.120000000 -70.625825305
v -70.540972491 -0.000000000 -70.540972491
v -70.625825305 0.120000000 -70.625825305
v -77.301045336 0.000000000 -63.439328416
v -77.208284082 -0.120000000 -63.363201222
v -77.115522827 -0.000000000 -63.287074028
v -77.208284082 0.120000000 -63.363201222
v -83.146961230 0.000000000 -55.557023302
v -83.047184877 -0.120000000 -55.490354874
v -82.947408523 -0.000000000 -55.423686446
v -83.047184877 0.120000000 -55.490354874
v -88.192126435 0.000000000 -47.139673683
v -88.086295883 -0.120000000 -47.083106074
v -87.980465331 -0.000000000 -47.026538466
v -88.086295883 0.120000000 -47.083106074
v -92.387953251 0.000000000 -38.268343237
v -92.277087707 -0.120000000 -38.222421225
v -92.166222163 -0.000000000 -38.176499213
v -92.277087707 0.120000000 -38.222421225
v -95.694033573 0.000000000 -29.028467725
v -95.579200733 -0.120000000 -28.993633564
v -95.464367893 -0.000000000 -28.958799403
v -95.579200733 0.120000000 -28.993633564
v -98.078528040 0.000000000 -19.509032202
v -97.960833807 -0.120000000 -19.485621363
v -97.843139573 -0.000000000 -19.462210524
v -97.960833807 0.120000000 -19.485621363
v -99.518472667 0.000000000 -9.801714033
v -99.399050500 -0.120000000 -9.789951976
v -99.279628333 -0.000000000 -9.778189919
v -99.399050500 0.120000000 -9.789951976
v -100.000000000 0.000000000 -0.000000000
v -99.880000000 -0.120000000 -0.000000000
v -99.760000000 -0.000000000 -0.000000000
v -99.880000000 0.120000000 -0.000000000
v -99.518472667 0.000000000 9.801714033
v -99.399050500 -0.120000000 9.789951976
v -99.279628333 -0.000000000 9.778189919
v -99.399050500 0.120000000 9.789951976
v -98.078528040 0.000000000 19.509032202
v -97.960833807 -0.120000000 19.485621363
v -97.843139573 -0.000000000 19.462210524
v -97.960833807 0.120000000 19.485621363
v -95.694033573 0.000000000 29.028467725
v -95.579200733 -0.120000000 28.993633564
v -95.464367893 -0.000000000 28.958799403
v -95.579200733 0.120000000 28.993633564
v -92.387953251 0.000000000 38.268343237
v -92.277087707 -0.120000000 38.222421225
v -92.166222163 -0.000000000 38.176499213
v -92.277087707 0.120000000 38.222421225
v -88.192126435 0.000000000 47.139673683
v -88.086295883 -0.120000000 47.083106074
v -87.980465331 -0.000000000 47.026538466
v -88.086295883 0.120000000 47.083106074
v -83.146961230 0.000000000 55.557023302
v -83.047184877 -0.120000000 55.490354874
v -82.947408523 -0.000000000 55.423686446
v -83.047184877 0.120000000 55.490354874
v -77.301045336 0.000000000 63.439328416
v -77.208284082 -0.120000000 63.363201222
v -77.115522827 -0.000000000 63.287074028
v -77.208284082 0.120000000 63.363201222
v -70.710678119 0.000000000 70.710678119
v -70.625825305 -0.120000000 70.625825305
v -70.540972491 -0.000000000 70.540972491
v -70.625825305 0.120000000 70.625825305
v -63.439328416 0.000000000 77.301045336
v -63.363201222 -0.120000000 77.208284082
v -63.287074028 -0.000000000 77.115522827
v -63.363201222 0.120000000 77.208284082
v -55.557023302 0.000000000 83.146961230
v -55.490354874 -0.120000000 83.047184877
v -55.423686446 -0.000000000 82.947408523
v -55.490354874 0.120000000 83.047184877
v -47.139673683 0.000000000 88.192126435
v -47.083106074 -0.120000000 88.086295883
v -47.026538466 -0.000000000 87.980465331
v -47.083106074 0.120000000 88.086295883
v -38.268343237 0.000000000 92.387953251
v -38.222421225 -0.120000000 92.277087707
v -38.176499213 -0.000000000 92.166222163
v -38.222421225 0.120000000 92.277087707
v -29.028467725 0.000000000 95.694033573
v -28.993633564 -0.120000000 95.579200733
v -28.958799403 -0.000000000 95.464367893
v -28.993633564 0.120000000 95.579200733
v -19.509032202 0.000000000 98.078528040
v -19.485621363 -0.120000000 97.960833807
v -19.462210524 -0.000000000 97.843139573
v -19.485621363 0.120000000 97.960833807
v -9.801714033 0.000000000 99.518472667
v -9.789951976 -0.120000000 99.399050500
v -9.778189919 -0.000000000 99.279628333
v -9.789951976 0.120000000 99.399050500
v -0.000000000 0.000000000 100.000000000
v -0.000000000 -0.120000000 99.880000000
v -0.000000000 -0.000000000 99.760000000
v -0.000000000 0.120000000 99.880000000
v 100.000000000 0.000000000 0.000000000
v 99.880000000 0.000000000 -0.120000000
v 99.760000000 0.000000000 -0.000000000
v 99.880000000 0.000000000 0.120000000
v 99.518472667 9.801714033 0.000000000
v 99.399050500 9.789951976 -0.120000000
v 99.279628333 9.778189919 -0.000000000
v 99.399050500 9.789951976 0.120000000
v 98.078528040 19.509032202 0.000000000
v 97.960833807 19.485621363 -0.120000000
v 97.843139573 19.462210524 -0.000000000
v 97.960833807 19.485621363 0.120000000
v 95.694033573 29.028467725 0.000000000
v 95.579200733 28.993633564 -0.120000000
v 95.464367893 28.958799403 -0.000000000
v 95.579200733 28.993633564 0.120000000
v 92.387953251 38.268343237 0.000000000
v 92.277087707 38.222421225 -0.120000000
v 92.166222163 38.176499213 -0.000000000
v 92.277087707 38.222421225 0.120000000
v 88.192126435 47.139673683 0.000000000
v 88.086295883 47.083106074 -0.120000000
v 87.980465331 47.026538466 -0.000000000
v 88.086295883 47.083106074 0.120000000
v 83.146961230 55.557023302 0.000000000
v 83.047184877 55.490354874 -0.120000000
v 82.947408523 55.423686446 -0.000000000
v 83.047184877 55.490354874 0.120000000
v 77.301045336 63.439328416 0.000000000
v 77.208284082 63.363201222 -0.120000000
v 77.115522827 63.287074028 -0.000000000
v 77.208284082 63.363201222 0.120000000
v 70.710678119 70.710678119 0.000000000
v 70.625825305 70.625825305 -0.120000000
v 70.540972491 70.540972491 -0.000000000
v 70.625825305 70.625825305 0.120000000
v 63.439328416 77.301045336 0.000000000
v 63.363201222 77.208284082 -0.120000000
v 63.287074028 77.115522827 -0.000000000
v 63.363201222 77.208284082 0.120000000
v 55.557023302 83.146961230 0.000000000
v 55.490354874 83.047184877 -0.120000000
v 55.423686446 82.947408523 -0.000000000
v 55.490354874 83.047184877 0.120000000
v 47.139673683 88.192126435 0.000000000
v 47.083106074 88.086295883 -0.120000000
v 47.026538466 87.980465331 -0.000000000
v 47.083106074 88.086295883 0.120000000
v 38.268343237 92.387953251 0.000000000
v 38.222421225 92.277087707 -0.120000000
v 38.176499213 92.166222163 -0.000000000
v 38.222421225 92.277087707 0.120000000
v 29.028467725 95.694033573 0.000000000
v 28.993633564 95.579200733 -0.120000000
v 28.958799403 95.464367893 -0.000000000
v 28.993633564 95.579200733 0.120000000
v 19.509032202 98.078528040 0.000000000
v 19.485621363 97.960833807 -0.120000000
v 19.462210524 97.843139573 -0.000000000
v 19.485621363 97.960833807 0.120000000
v 9.801714033 99.518472667 0.000000000
v 9.789951976 99.399050500 -0.120000000
v 9.778189919 99.279628333 -0.000000000
v 9.789951976 99.399050500 0.120000000
v 0.000000000 100.000000000 0.000000000
v 0.000000000 99.880000000 -0.120000000
v 0.000000000 99.760000000 -0.000000000
v 0.000000000 99.880000000 0.120000000
v -9.801714033 99.518472667 0.000000000
v -9.789951976 99.399050500 -0.120000000
v -9.778189919 99.279628333 -0.000000000
v -9.789951976 99.399050500 0.120000000
v -19.509032202 98.078528040 0.000000000
v -19.485621363 97.960833807 -0.120000000
v -19.462210524 97.843139573 -0.000000000
v -19.485621363 97.960833807 0.120000000
v -29.028467725 95.694033573 0.000000000
v -28.993633564 95.579200733 -0.120000000
v -28.958799403 95.464367893 -0.000000000
v -28.993633564 95.579200733 0.120000000
v -38.268343237 92.387953251 0.000000000
v -38.222421225 92.277087707 -0.120000000
v -38.176499213 92.166222163 -0.000000000
v -38.222421225 92.277087707 0.120000000
v -47.139673683 88.192126435 0.000000000
v -47.083106074 88.086295883 -0.120000000
v -47.026538466 87.980465331 -0.000000000
v -47.083106074 88.086295883 0.120000000
v -55.557023302 83.146961230 0.000000000
v -55.490354874 83.047184877 -0.120000000
v -55.423686446 82.947408523 -0.000000000
v -55.490354874 83.047184877 0.120000000
v -63.439328416 77.301045336 0.000000000
v -63.363201222 77.208284082 -0.120000000
v -63.287074028 77.115522827 -0.000000000
v -63.363201222 77.208284082 0.120000000
v -70.710678119 70.710678119 0.000000000
v -70.625825305 70.625825305 -0.120000000
v -70.540972491 70.540972491 -0.000000000
v -70.625825305 70.625825305 0.120000000
v -77.301045336 63.439328416 0.000000000
v -77.208284082 63.363201222 -0.120000000
v -77.115522827 63.287074028 -0.000000000
v -77.208284082 63.363201222 0.120000000
v -83.146961230 55.557023302 0.000000000
v -83.047184877 55.490354874 -0.120000000
v -82.947408523 55.423686446 -0.000000000
v -83.047184877 55.490354874 0.120000000
v -88.192126435 47.139673683 0.000000000
v -88.086295883 47.083106074 -0.120000000
v -87.980465331 47.026538466 -0.000000000
v -88.086295883 47.083106074 0.120000000
v -92.387953251 38.268343237 0.000000000
v -92.277087707 38.222421225 -0.120000000
v -92.166222163 38.176499213 -0.000000000
v -92.277087707 38.222421225 0.120000000
v -95.694033573 29.028467725 0.000000000
v -95.579200733 28.993633564 -0.120000000
v -95.464367893 28.958799403 -0.000000000
v -95.579200733 28.993633564 0.120000000
v -98.078528040 19.509032202 0.000000000
v -97.960833807 19.485621363 -0.120000000
v -97.843139573 19.462210524 -0.000000000
v -97.960833807 19.485621363 0.120000000
v -99.518472667 9.801714033 0.000000000
v -99.399050500 9.789951976 -0.120000000
v -99.279628333 9.778189919 -0.000000000
v -99.399050500 9.789951976 0.120000000
v -100.000000000 0.000000000 0.000000000
v -99.880000000 0.000000000 -0.120000000
v -99.760000000 0.000000000 -0.000000000
v -99.880000000 0.000000000 0.120000000
v -99.518472667 -9.801714033 0.000000000
v -99.399050500 -9.789951976 -0.120000000
v -99.279628333 -9.778189919 -0.000000000
v -99.399050500 -9.789951976 0.120000000
v -98.078528040 -19.509032202 0.000000000
v -97.960833807 -19.485621363 -0.120000000
v -97.843139573 -19.462210524 -0.000000000
v -97.960833807 -19.485621363 0.120000000
v -95.694033573 -29.028467725 0.000000000
v -95.579200733 -28.993633564 -0.120000000
v -95.464367893 -28.958799403 -0.000000000
v -95.579200733 -28.993633564 0.120000000
v -92.387953251 -38.268343237 0.000000000
v -92.277087707 -38.222421225 -0.120000000
v -92.166222163 -38.176499213 -0.000000000
v -92.277087707 -38.222421225 0.120000000
v -88.192126435 -47.139673683 0.000000000
v -88.086295883 -47.083106074 -0.120000000
v -87.980465331 -47.026538466 -0.000000000
v -88.086295883 -47.083106074 0.120000000
v -83.146961230 -55.557023302 0.000000000
v -83.047184877 -55.490354874 -0.120000000
v -82.947408523 -55.423686446 -0.000000000
v -83.047184877 -55.490354874 0.120000000
v -77.301045336 -63.439328416 0.000000000
v -77.208284082 -63.363201222 -0.120000000
v -77.115522827 -63.287074028 -0.000000000
v -77.208284082 -63.363201222 0.120000000
v -70.710678119 -70.710678119 0.000000000
v -70.625825305 -70.625825305 -0.120000000
v -70.540972491 -70.540972491 -0.000000000
v -70.625825305 -70.625825305 0.120000000
v -63.439328416 -77.301045336 0.000000000
v -63.363201222 -77.208284082 -0.120000000
v -63.287074028 -77.115522827 -0.000000000
v -63.363201222 -77.208284082 0.120000000
v -55.557023302 -83.146961230 0.000000000
v -55.490354874 -83.047184877 -0.120000000
v -55.423686446 -82.947408523 -0.000000000
v -55.490354874 -83.047184877 0.120000000
v -47.139673683 -88.192126435 0.000000000
v -47.083106074 -88.086295883 -0.120000000
v -47.026538466 -87.980465331 -0.000000000
v -47.083106074 -88.086295883 0.120000000
v -38.268343237 -92.387953251 0.000000000
v -38.222421225 -92.277087707 -0.120000000
v -38.176499213 -92.166222163 -0.000000000
v -38.222421225 -92.277087707 0.120000000
v -29.028467725 -95.694033573 0.000000000
v -28.993633564 -95.579200733 -0.120000000
v -28.958799403 -95.464367893 -0.000000000
v -28.993633564 -95.579200733 0.120000000
v -19.509032202 -98.078528040 0.000000000
v -19.485621363 -97.960833807 -0.120000000
v -19.462210524 -97.843139573 -0.000000000
v -19.485621363 -97.960833807 0.120000000
v -9.801714033 -99.518472667 0.000000000
v -9.789951976 -99.399050500 -0.120000000
v -9.778189919 -99.279628333 -0.000000000
v -9.789951976 -99.399050500 0.120000000
v -0.000000000 -100.000000000 0.000000000
v -0.000000000 -99.880000000 -0.120000000
v -0.000000000 -99.760000000 -0.000000000
v -0.000000000 -99.880000000 0.120000000
v 9.801714033 -99.518472667 0.000000000
v 9.789951976 -99.399050500 -0.120000000
v 9.778189919 -99.279628333 -0.000000000
v 9.789951976 -99.399050500 0.120000000
v 19.509032202 -98.078528040 0.000000000
v 19.485621363 -97.960833807 -0.120000000
v 19.462210524 -97.843139573 -0.000000000
v 19.485621363 -97.960833807 0.120000000
v 29.028467725 -95.694033573 0.000000000
v 28.993633564 -95.579200733 -0.120000000
v 28.958799403 -95.464367893 -0.000000000
v 28.993633564 -95.579200733 0.120000000
v 38.268343237 -92.387953251 0.000000000
v 38.222421225 -92.277087707 -0.120000000
v 38.176499213 -92.166222163 -0.000000000
v 38.222421225 -92.277087707 0.120000000
v 47.139673683 -88.192126435 0.000000000
v 47.083106074 -88.086295883 -0.120000000
v 47.026538466 -87.980465331 -0.000000000
v 47.083106074 -88.086295883 0.120000000
v 55.557023302 -83.146961230 0.000000000
v 55.490354874 -83.047184877 -0.120000000
v 55.423686446 -82.947408523 -0.000000000
v 55.490354874 -83.047184877 0.120000000
v 63.439328416 -77.301045336 0.000000000
v 63.363201222 -77.208284082 -0.120000000
v 63.287074028 -77.115522827 -0.000000000
v 63.363201222 -77.208284082 0.120000000
v 70.710678119 -70.710678119 0.000000000
v 70.625825305 -70.625825305 -0.120000000
v 70.540972491 -70.540972491 -0.000000000
v 70.625825305 -70.625825305 0.120000000
v 77.301045336 -63.439328416 0.000000000
v 77.208284082 -63.363201222 -0.120000000
v 77.115522827 -63.287074028 -0.000000000
v 77.208284082 -63.363201222 0.120000000
v 83.146961230 -55.557023302 0.000000000
v 83.047184877 -55.490354874 -0.120000000
v 82.947408523 -55.423686446 -0.000000000
v 83.047184877 -55.490354874 0.120000000
v 88.192126435 -47.139673683 0.000000000
v 88.086295883 -47.083106074 -0.120000000
v 87.980465331 -47.026538466 -0.000000000
v 88.086295883 -47.083106074 0.120000000
v 92.387953251 -38.268343237 0.000000000
v 92.277087707 -38.222421225 -0.120000000
v 92.166222163 -38.176499213 -0.000000000
v 92.277087707 -38.222421225 0.120000000
v 95.694033573 -29.028467725 0.000000000
v 95.579200733 -28.993633564 -0.120000000
v 95.464367893 -28.958799403 -0.000000000
v 95.579200733 -28.993633564 0.120000000
v 98.078528040 -19.509032202 0.000000000
v 97.960833807 -19.485621363 -0.120000000
v 97.843139573 -19.462210524 -0.000000000
v 97.960833807 -19.485621363 0.120000000
v 99.518472667 -9.801714033 0.000000000
v 99.399050500 -9.789951976 -0.120000000
v 99.279628333 -9.778189919 -0.000000000
v 99.399050500 -9.789951976 0.120000000
v 100.000000000 -0.000000000 0.000000000
v 99.880000000 -0.000000000 -0.120000000
v 99.760000000 -0.000000000 -0.000000000
v 99.880000000 -0.000000000 0.120000000
v 94.043817641 0.010247652 0.000000000
v 93.994989130 0.021425836 -0.039253340
v 93.956182359 -0.010247652 -0.000000000
v 94.005010870 -0.021425836 0.039253340
v 91.798581322 9.750481550 5.603150730
v 91.716173961 9.765346546 5.533531062
v 91.650791588 9.707414885 5.598553421
v 91.733198949 9.692549889 5.668173088
v 88.229462564 18.945733811 10.972950648
v 88.138209073 18.953412629 10.887291689
v 88.066313037 18.878064430 10.957128857
v 88.157566528 18.870385612 11.042787817
v 83.482105732 27.407683358 16.066504302
v 83.387215683 27.406749260 15.966843078
v 83.313582216 27.314670327 16.037814453
v 83.408472265 27.315604424 16.137475676
v 77.717364144 34.978862233 20.846806344
v 77.622355224 34.969027412 20.734264941
v 77.550690255 34.860599997 20.804240749
v 77.645699175 34.870434818 20.916782152
v 71.119040640 41.538147585 25.280925088
v 71.026664487 41.519767284 25.156367366
v 70.960281794 41.395607248 25.223920597
v 71.052657947 41.413987549 25.348478319
v 63.886009301 47.004774382 29.340159401
v 63.798510957 46.978626026 29.204366069
v 63.740439766 46.839736132 29.268528833
v 63.827938110 46.865884489 29.404322165
v 56.223226625 51.340357862 33.000193294
v 56.142459842 51.307498956 32.853922196
v 56.095404384 51.155304058 32.914094546
v 56.176171167 51.188162964 33.060365644
v 48.332404927 54.548837196 36.241215998
v 48.259912503 54.510501753 36.085224501
v 48.226159638 54.346816919 36.141136253
v 48.298652062 54.385152363 36.297127749
v 40.402843714 56.674277103 39.047999953
v 40.339933385 56.631801268 38.883054921
v 40.321245109 56.458747822 38.934746536
v 40.384155437 56.501223657 39.099691569
v 32.602894646 57.796511981 41.409934617
v 32.550716473 57.751287161 41.236822068
v 32.548228550 57.571164454 41.284628147
v 32.600406723 57.616389274 41.457740696
v 25.072564130 58.024675491 43.321016181
v 25.032183614 57.978127104 43.140558561
v 25.046327295 57.793249076 43.185082283
v 25.086707811 57.839797463 43.365539903
v 17.917807907 57.488745035 44.779794799
v 17.890261088 57.442330567 44.592881448
v 17.920724904 57.254841902 44.634949099
v 17.948271722 57.301256370 44.821862449
v 11.207126281 56.329376746 45.789282170
v 11.193436736 56.284589258 45.596914678
v 11.239188045 56.096285749 45.637500155
v 11.252877590 56.141073237 45.829867647
v 4.971086196 54.686548733 46.356822786
v 4.972221157 54.644903714 46.160168217
v 5.031610880 54.457094519 46.200282832
v 5.030475919 54.498739538 46.396937402
v -0.794698047 52.687885328 46.493930304
v -0.777947831 52.650865898 46.294360174
v -0.706974101 52.464326557 46.334919376
v -0.723724317 52.501345987 46.534489507
v -6.122896252 50.437956136 46.216084651
v -6.090101186 50.406904663 46.015161968
v -6.009679840 50.221965496 46.056869836
v -6.042474905 50.253016968 46.257792520
v -11.064448851 48.010177605 45.542478176
v -11.015730095 47.986157177 45.341858201
v -10.927687476 47.802933467 45.385176114
v -10.976406232 47.826953894 45.585796089
v -15.676329166 45.442941592 44.495701403
v -15.612453629 45.426632008 44.296955419
v -15.517960683 45.245331658 44.342202728
v -15.581836220 45.261641242 44.540948712
v -20.008943939 42.741031317 43.101379975
v -19.931247025 42.732728274 42.905817698
v -19.830668365 42.553917976 42.953369410
v -19.908365278 42.562221019 43.148931687
v -24.095386182 39.882274615 41.387797349
v -24.005540955 39.882005575 41.196384564
v -23.898554485 39.706738888 41.246848160
v -23.988399711 39.707007928 41.438260945
v -27.944447443 36.828106087 39.385531455
v -27.844192050 36.835807521 39.198937538
v -27.730116971 36.665602476 39.253204146
v -27.830372363 36.657901042 39.439798063
v -31.538372321 33.535828020 37.127102980
v -31.429313294 33.551509596 36.945829107
v -31.307498738 33.388227268 37.004990709
v -31.416557764 33.372545692 37.186264582
v -34.835184420 29.970232987 34.646615429
v -34.718725873 29.994084883 34.471126855
v -34.588871800 29.839764849 34.536326492
v -34.705330347 29.815912953 34.711815066
v -37.774509942 26.112805826 31.979374743
v -37.651891051 26.145241685 31.810189596
v -37.514243516 26.001927242 31.882475263
v -37.636862406 25.969491383 32.051660409
v -40.285429159 21.967588759 29.161490534
v -40.157823771 22.009234162 28.999216444
v -40.013243877 21.878803994 29.079434775
v -40.140849266 21.837158591 29.241708865
v -42.294950060 17.563592375 26.229468145
v -42.163584567 17.615231444 26.074798928
v -42.013516572 17.499249748 26.163533905
v -42.144882066 17.447610679 26.318203122
v -43.736016590 12.954166780 23.219800820
v -43.602275502 13.016657992 23.073489363
v -43.448644943 12.916253984 23.171037089
v -43.582386030 12.853762772 23.317348546
v -44.554339712 8.213996082 20.168569159
v -44.419841129 8.288167360 20.031389030
v -44.264910934 8.203952725 20.137757095
v -44.399409517 8.129781448 20.274937223
v -44.713660946 3.434427451 17.111053059
v -44.580293366 3.520960484 16.983756682
v -44.426501025 3.452989454 17.098678830
v -44.559868606 3.366456422 17.225975207
v -44.199291553 -1.282211646 14.081360244
v -44.069209659 -1.182897876 13.964637962
v -43.919003815 -1.235125460 14.087597710
v -44.049085710 -1.334439231 14.204319992
v -43.019925843 -5.828750192 11.112074911
v -42.895506978 -5.716607077 11.006517144
v -42.751197687 -5.754103227 11.136776277
v -42.875616552 -5.866246342 11.242334044
v -41.207826923 -10.099305079 8.233929708
v -41.091592823 -9.974744610 8.139993270
v -40.955226099 -9.998957671 8.276622605
v -41.071460199 -10.123518140 8.370559043
v -38.817548477 -13.995036571 5.475504083
v -38.712058756 -13.858996950 5.393483165
v -38.585322705 -13.871711768 5.535393691
v -38.690812426 -14.007751389 5.617414610
v -35.923400651 -17.429234389 2.862951838
v -35.831125732 -17.283215807 2.792953884
v -35.715292403 -17.286439480 2.938926651
v -35.807567323 -17.432458062 3.008924605
v -32.615899375 -20.331510016 0.419760565
v -32.539081120 -20.177577554 0.361687142
v -32.434985167 -20.173421200 0.510400045
v -32.511803423 -20.327353663 0.568473467
v -28.997459967 -22.650934614 -1.833454544
v -28.937968001 -22.491687646 -1.879921889
v -28.846020251 -22.482254310 -1.729872803
v -28.905512217 -22.641501277 -1.683405458
v -25.177608451 -24.358022776 -3.879120115
v -25.136799125 -24.196532783 -3.914529097
v -25.057030317 -24.183820459 -3.764617292
v -25.097839643 -24.345310453 -3.729208311
v -21.267987976 -25.445520851 -5.702834736
v -21.246570622 -25.285242347 -5.727966869
v -21.178698027 -25.271069083 -5.579737468
v -21.200115382 -25.431347586 -5.554605335
v -17.377433006 -25.928014381 -7.293456619
v -17.375343925 -25.772677430 -7.309327442
v -17.318851502 -25.758632299 -7.164423489
v -17.320940582 -25.913969249 -7.148552665
v -13.607371492 -25.840420768 -8.643143063
v -13.623647497 -25.693920383 -8.650998912
v -13.577869098 -25.681339634 -8.511231074
v -13.561593093 -25.827840020 -8.503375224
v -10.047798313 -25.235476662 -9.747327094
v -10.080420165 -25.101792550 -9.748640982
v -10.044616219 -25.091753412 -9.616147033
v -10.011994366 -25.225437524 -9.614833145
v -6.774055324 -24.180350596 -10.604579443
v -6.819660314 -24.063597047 -10.601055958
v -6.793085710 -24.056909537 -10.478693019
v -6.747480720 -24.173663086 -10.482216505
v -3.844745890 -22.752404086 -11.216072412
v -3.897743377 -22.657484668 -11.209715553
v -3.879749994 -22.654628461 -11.102352060
v -3.826752507 -22.749547880 -11.108708920
v -1.308402590 -21.028825936 -11.573698560
v -1.343266520 -20.975770953 -11.569262747
v -1.334261730 -20.975120608 -11.506266778
v -1.299397800 -21.028175592 -11.510702591
v 55.913087892 46.939861474 59.265591984
v 55.888567933 46.901825293 59.220848040
v 55.872611021 46.859477254 59.265591984
v 55.897130979 46.897513435 59.310335928
v 48.729075287 50.593097841 60.128970676
v 48.691601656 50.525803639 60.051989790
v 48.664534193 50.453269490 60.128573006
v 48.702007823 50.520563692 60.205553892
v 41.653826201 53.566086597 60.457577223
v 41.621354386 53.483879637 60.368632194
v 41.590186964 53.400566293 60.457012620
v 41.622658779 53.482773253 60.545957649
v 34.738847249 55.993361627 60.265190826
v 34.714756273 55.898866732 60.168094517
v 34.679264473 55.808092641 60.265242601
v 34.703355449 55.902587537 60.362338909
v 27.983718701 57.978682686 59.570340168
v 27.969898277 57.873587860 59.467612084
v 27.929501571 57.777097818 59.571759882
v 27.943321995 57.882192644 59.674487966
v 21.354820593 59.593470972 58.395711440
v 21.352448927 59.479129524 58.289380710
v 21.306997578 59.377897215 58.399253408
v 21.309369244 59.492238662 58.505584138
v 14.799838452 60.868953205 56.767770787
v 14.809746286 60.746562144 56.659595980
v 14.759851101 60.641100591 56.774347265
v 14.749943267 60.763491653 56.882522072
v 8.264216543 61.794740171 54.716421139
v 8.287131888 61.665446771 54.607994580
v 8.234134241 61.556047317 54.727247354
v 8.211218896 61.685340717 54.835673913
v 1.706705600 62.324199610 52.274681522
v 1.743399902 62.189201355 52.167503613
v 1.689097960 62.076147936 52.291311239
v 1.652403657 62.211146191 52.398489148
v -4.888634191 62.385143751 49.478347418
v -4.837302849 62.245787078 49.373879332
v -4.891003864 62.129518663 49.502590739
v -4.942335206 62.268875336 49.607058825
v -11.505506019 61.893370451 46.365604815
v -11.438636259 61.751236004 46.265295120
v -11.490025564 61.632427960 46.399383109
v -11.556895323 61.774562407 46.499692804
v -18.093757574 60.766521593 42.976600794
v -18.010503653 60.623481602 42.881887351
v -18.058268931 60.503040157 43.021796705
v -18.141522852 60.646080148 43.116510148
v -24.572317655 58.936302832 39.352988183
v -24.472013407 58.794540872 39.265282224
v -24.515346386 58.673527560 39.411322500
v -24.615650633 58.815289521 39.499028459
v -30.835444868 56.357922690 35.537460527
v -30.717729326 56.219912475 35.458120712
v -30.756348987 56.099426631 35.610404191
v -30.874064528 56.237436847 35.689744006
v -36.760973041 53.016327781 31.573287678
v -36.625901660 52.884773258 31.503590153
v -36.660013282 52.765821309 31.662005577
v -36.795084663 52.897375832 31.731703102
v -42.219407498 48.929299081 27.503858036
v -42.067538299 48.807042135 27.444966354
v -42.097745038 48.690417460 27.609178056
v -42.249614237 48.812674406 27.668069738
v -47.082980067 44.147741208 23.372231495
v -46.915427890 44.037645790 23.325168748
v -46.942610348 43.923836073 23.494632896
v -47.110162524 44.033931491 23.541695644
v -51.234015828 38.753610742 19.220706600
v -51.052471048 38.658433571 19.186331151
v -51.077649560 38.547565771 19.360323236
v -51.259194340 38.642742942 19.394698686
v -54.572165853 32.855958928 15.090405293
v -54.378876734 32.778217243 15.069391011
v -54.403070357 32.670044373 15.247040530
v -54.596359476 32.747786058 15.268054812
v -57.020214949 26.585554962 11.020878702
v -56.817935480 26.527401365 11.013700234
v -56.842030485 26.421330297 11.194029694
v -57.044309955 26.479483894 11.201208161
v -58.528292086 20.088533119 7.049737334
v -58.320199495 20.051646377 7.056660703
v -58.344838466 19.946801961 7.238626800
v -58.552931057 19.983688703 7.231703431
v -59.076405327 13.519480002 3.212308942
v -58.865993443 13.504978975 3.233387484
v -58.891493791 13.400296754 3.415922715
v -59.101905675 13.414797781 3.394844173
v -58.675301475 7.034349426 -0.458672913
v -58.466257468 7.042735100 -0.423597511
v -58.492565519 6.937072841 -0.241544296
v -58.701609525 6.928687166 -0.276619697
v -57.365718363 0.783560855 -3.933346855
v -57.161791130 0.814689099 -3.884638931
v -57.188474991 0.706946189 -3.704064341
v -57.392402224 0.675817944 -3.752772265
v -55.216157089 -5.094398434 -7.184965849
v -55.021025504 -5.041313199 -7.123186296
v -55.047306932 -5.152079771 -6.944997789
v -55.242438518 -5.205165006 -7.006777341
v -52.319352812 -10.478588161 -10.190101465
v -52.136501371 -10.404940383 -10.115995391
v -52.161323997 -10.519414309 -9.940981355
v -52.344175438 -10.593062086 -10.015087429
v -48.787665787 -15.270213419 -12.928808636
v -48.620273859 -15.177948734 -12.843291251
v -48.642402469 -15.296476668 -12.672096899
v -48.809794397 -15.388741354 -12.757614284
v -44.747648243 -19.396023164 -15.384749639
v -44.598497366 -19.287560627 -15.288891586
v -44.616640675 -19.410106519 -15.122001811
v -44.765791552 -19.518569056 -15.217859865
v -40.334067422 -22.810377737 -17.545276462
v -40.205469082 -22.688517569 -17.440289789
v -40.218416464 -22.814654907 -17.278020345
v -40.347014803 -22.936515076 -17.383007018
v -35.683680844 -25.495907214 -19.401471106
v -35.577425104 -25.363729455 -19.288696983
v -35.584186136 -25.492674603 -19.131195611
v -35.690441875 -25.624852361 -19.243969734
v -30.929068221 -27.462733809 -20.948143820
v -30.846391626 -27.323492469 -20.829042833
v -30.846325910 -27.454179010 -20.676302403
v -30.929002504 -27.593420351 -20.795403390
v -26.192827641 -28.746281045 -22.183789802
v -26.134397225 -28.603296861 -22.059935113
v -26.127320707 -28.734486744 -21.911821265
v -26.185751123 -28.877470928 -22.035675954
v -21.582445019 -29.403741029 -23.110505646
v -21.548354114 -29.260294173 -22.983578342
v -21.534607025 -29.390716137 -22.839874273
v -21.568697930 -29.534162993 -22.966801576
v -17.186147745 -29.509324409 -23.733868086
v -17.175918932 -29.368546675 -23.605652284
v -17.156379655 -29.497045550 -23.466122550
v -17.166608468 -29.637823284 -23.594338352
v -13.070055132 -29.148485197 -24.062779512
v -13.082646475 -29.013250265 -23.935152039
v -13.058675884 -29.138922236 -23.799624304
v -13.046084542 -29.274157168 -23.927251776
v -9.276930070 -28.411408862 -24.109287571
v -9.310743639 -28.284220602 -23.984193371
v -9.284047752 -28.406500887 -23.852650103
v -9.250234184 -28.533689147 -23.977744303
v -5.826794782 -27.386188643 -23.888388586
v -5.879692226 -27.269073386 -23.767790154
v -5.852101472 -27.387738563 -23.640450330
v -5.799204029 -27.504853820 -23.761048761
v -2.719559975 -26.152287601 -23.417822795
v -2.788897935 -26.046708242 -23.303614822
v -2.762084720 -26.161764864 -23.180972087
v -2.692746759 -26.267344223 -23.295180060
v 0.060407621 -24.775053047 -22.717857295
v -0.022294814 -24.681876915 -22.611753376
v 0.002511081 -24.793340690 -22.494535544
v 0.085213515 -24.886516822 -22.600639463
v 2.538192176 -23.302131561 -21.811029438
v 2.445520410 -23.221686206 -21.714456646
v 2.467722157 -23.329307081 -21.603503299
v 2.560393922 -23.409752436 -21.700076091
v 4.741503722 -21.762516266 -20.721807541
v 4.642459024 -21.694741546 -20.635867325
v 4.662093849 -21.797763485 -20.531992691
v 4.761138547 -21.865538205 -20.617932908
v 6.694196734 -20.168563799 -19.476142508
v 6.592556143 -20.113223131 -19.401684773
v 6.610078549 -20.210230579 -19.305664600
v 6.711719140 -20.265571247 -19.380122335
v 8.411227912 -18.520695417 -18.100903579
v 8.311225397 -18.477589406 -18.038734535
v 8.327132170 -18.566351319 -17.951602919
v 8.427134685 -18.609457330 -18.013771963
v 9.895706343 -16.813944663 -16.622990400
v 9.803254247 -16.783162088 -16.574370626
v 9.817585166 -16.859954913 -16.498500171
v 9.910037261 -16.890737488 -16.547119944
v 11.130401814 -15.050722906 -15.058250112
v 11.074894875 -15.034747162 -15.031533889
v 11.083457603 -15.079423039 -14.987028304
v 11.138964542 -15.095398783 -15.013744528
v 14.396112971 81.637124268 44.402563040
v 14.408646457 81.588608566 44.363331184
v 14.377997664 81.548966252 44.402563040
v 14.365464178 81.597481954 44.441794895
v 5.761705645 83.443928644 39.446274361
v 5.787344447 83.360172130 39.381572449
v 5.738094950 83.291804171 39.450559031
v 5.712456148 83.375560686 39.515260943
v -3.089290900 84.110780573 34.322828549
v -3.049896073 84.013536738 34.254160467
v -3.099344315 83.934374482 34.337897137
v -3.138739141 84.031618317 34.406565218
v -11.981594984 83.590351325 29.085312266
v -11.927030237 83.484210272 29.016798628
v -11.973612028 83.397934191 29.113359117
v -12.028176775 83.504075244 29.181872755
v -20.729767312 81.858622404 23.784546072
v -20.658774035 81.747124920 23.718840279
v -20.701085445 81.656304312 23.827239299
v -20.772078722 81.767801797 23.892945093
v -29.141993667 78.931069130 18.470428401
v -29.053664424 78.817577450 18.409572846
v -29.091199795 78.724297073 18.529053734
v -29.179529038 78.837788754 18.589909289
v -37.029654262 74.863164913 13.191527402
v -36.923538582 74.751059929 13.137200055
v -36.956405235 74.657029006 13.267036470
v -37.062520915 74.769133991 13.321363817
v -44.216445234 69.748272594 7.994659073
v -44.092622967 69.640969862 7.948265270
v -44.121361815 69.547523221 8.087692738
v -44.245184083 69.654825952 8.134086541
v -50.546533084 63.713558580 2.924481745
v -50.405660294 63.614450937 2.887190501
v -50.431097274 63.522532719 3.035386675
v -50.571970063 63.621640363 3.072677919
v -55.891401992 56.914316301 -1.976883643
v -55.734727991 56.826681550 -2.004126588
v -55.757838567 56.736841399 -1.848038734
v -55.914512567 56.824476149 -1.820795789
v -60.155148093 49.527068066 -6.670202322
v -59.984502288 49.453961498 -6.686671674
v -60.006287993 49.366374446 -6.523608214
v -60.176933798 49.439481014 -6.507138861
v -63.278053975 41.741823010 -11.119439798
v -63.095802683 41.685967856 -11.124631985
v -63.117184427 41.600480948 -10.955525213
v -63.299435720 41.656336102 -10.950333026
v -65.238351151 33.753875527 -15.292038320
v -65.047326266 33.717561394 -15.285673765
v -65.069060980 33.633765232 -15.111445362
v -65.260085865 33.670079364 -15.117809918
v -66.052149555 25.755527615 -19.159153248
v -65.855552548 25.740524845 -19.141178034
v -65.878179637 25.657844920 -18.962710616
v -66.074776644 25.672847690 -18.980685830
v -65.771580336 17.928108747 -22.695847364
v -65.572866350 17.935604843 -22.666433496
v -65.596689206 17.853404988 -22.484542675
v -65.795403192 17.845908892 -22.513956543
v -64.481260053 10.434649237 -25.881241563
v -64.284007709 10.465211725 -25.840785517
v -64.309113471 10.382900243 -25.656194712
v -64.506365815 10.352337755 -25.696650758
v -62.293239828 3.413540129 -28.698620815
v -62.101012781 3.467108498 -28.647740292
v -62.127330747 3.384236404 -28.461060846
v -62.319557793 3.330668035 -28.511941368
v -59.340652637 -3.026512420 -31.135494705
v -59.156858929 -2.950604726 -31.075023495
v -59.184254497 -3.034264228 -30.886743270
v -59.368048205 -3.110171922 -30.947214480
v -55.770318657 -8.809954013 -33.183612321
v -55.598073649 -8.712928108 -33.114592876
v -55.626470171 -8.797329255 -32.925077344
v -55.798715179 -8.894355160 -32.994096789
v -51.734618956 -13.896007001 -34.838931863
v -51.576617399 -13.779559630 -34.762604460
v -51.606132457 -13.864371546 -34.572115208
v -51.764134014 -13.980818918 -34.648442611
v -47.383012461 -18.278213214 -36.101546293
v -47.241415380 -18.144414016 -36.019332351
v -47.272490220 -18.229051726 -35.828068389
v -47.414087301 -18.362850924 -35.910282331
v -42.853662429 -21.981693642 -36.975568074
v -42.730005824 -21.832864072 -36.889043228
v -42.763496674 -21.916564277 -36.697208964
v -42.887153279 -22.065393847 -36.783733811
v -38.265763459 -25.058012362 -37.468978881
v -38.160899353 -24.896594046 -37.379829306
v -38.198088701 -24.978530421 -37.187726773
v -38.302952807 -25.139948736 -37.276876349
v -33.713304119 -27.577715876 -37.593453946
v -33.627391075 -27.406138982 -37.503409157
v -33.669872338 -27.485563309 -37.311537156
v -33.755785382 -27.657140202 -37.401581946
v -29.261107842 -29.620944282 -37.364172181
v -29.193675705 -29.441509327 -37.274913598
v -29.243081513 -29.517894669 -37.084032911
v -29.310513651 -29.697329624 -37.173291494
v -24.943962590 -31.266976797 -36.799615522
v -24.894075217 -31.081765279 -36.712677046
v -24.951677238 -31.154917265 -36.523782501
v -25.001564611 -31.340128783 -36.610720978
v -20.769363463 -32.584076113 -35.921339371
v -20.735876857 -32.394905095 -35.838038554
v -20.802178963 -32.465002403 -35.652198700
v -20.835665569 -32.654173421 -35.735499517
v -16.723809650 -33.621305036 -34.753676285
v -16.705667961 -33.429737155 -34.675117400
v -16.780178709 -33.497273221 -34.493222099
v -16.798320398 -33.688841103 -34.571780983
v -12.781820938 -34.403847016 -33.323351807
v -12.778287972 -34.211258982 -33.250502632
v -12.859599914 -34.276892232 -33.073047624
v -12.863132880 -34.469480266 -33.145896799
v -8.916120330 -34.932679414 -31.659045489
v -8.926863724 -34.740377668 -31.592834745
v -9.012997241 -34.804743151 -31.419868428
v -9.002253846 -34.997044897 -31.486079172
v -5.107087368 -35.188433288 -29.790961637
v -5.132108065 -34.997788965 -29.732332955
v -5.220944249 -35.061344426 -29.563580322
v -5.195923552 -35.251988748 -29.622209004
v -1.349827574 -35.138337456 -27.750445682
v -1.389289316 -34.950904121 -27.700344880
v -1.478924565 -35.013860329 -27.535418798
v -1.439462822 -35.201293664 -27.585519600
v 2.342072768 -34.744641601 -25.569635520
v 2.288048416 -34.562224795 -25.528951256
v 2.199098413 -34.624565897 -25.367547369
v 2.253122766 -34.806982702 -25.408231632
v 5.936186993 -33.972940867 -23.281120820
v 5.867714532 -33.797604126 -23.250611148
v 5.780453147 -33.859170703 -23.092632357
v 5.848925608 -34.034507444 -23.123142030
v 9.383723696 -32.799225347 -20.917594301
v 9.301312233 -32.633233816 -20.897821512
v 9.216302937 -32.693830434 -20.743428280
v 9.298714401 -32.859821964 -20.763201069
v 12.623972852 -31.214998779 -18.511493880
v 12.528638349 -31.060712996 -18.502776113
v 12.446108612 -31.120206646 -18.352382902
v 12.541443115 -31.274492429 -18.361100669
v 15.589830588 -29.230260616 -16.094642428
v 15.483158754 -29.089998129 -16.097021390
v 15.403135951 -29.148384558 -15.951263095
v 15.509807784 -29.288647044 -15.948884133
v 18.213638427 -26.874449125 -13.697893415
v 18.097800777 -26.750331895 -13.711113366
v 18.020257735 -26.807757270 -13.570800794
v 18.136095385 -26.931874500 -13.557580843
v 20.432751040 -24.195610232 -11.350789601
v 20.310481635 -24.089412873 -11.374280865
v 20.235475986 -24.146145971 -11.240359119
v 20.357745390 -24.252343329 -11.216867855
v 22.194416479 -21.258129815 -9.081240313
v 22.068962225 -21.171139127 -9.114098583
v 21.996759565 -21.227493018 -8.987620006
v 22.122213819 -21.314483705 -8.954761736
v 23.459691790 -18.139388086 -6.915221270
v 23.334757586 -18.072278215 -6.956168745
v 23.265935711 -18.128478649 -6.838295735
v 23.390869915 -18.195588520 -6.797348259
v 24.206218609 -14.925694039 -4.876499074
v 24.085949424 -14.878412639 -4.923797549
v 24.021494876 -14.934396543 -4.815868094
v 24.141764061 -14.981677943 -4.768569619
v 24.429729554 -11.707864339 -2.986377594
v 24.318846306 -11.679506298 -3.037605985
v 24.260297284 -11.734578664 -2.941363231
v 24.371180531 -11.762936704 -2.890134840
v 24.143963744 -8.576931270 -1.263433144
v 24.048589075 -8.565509151 -1.314736622
v 23.998503901 -8.617490642 -1.233199886
v 24.093878571 -8.628912761 -1.181896409
v 23.367361620 -5.628531563 0.277320872
v 23.312413993 -5.625802124 0.245331659
v 23.283480890 -5.657495015 0.292325674
v 23.338428516 -5.660224455 0.324314887
v -45.201754528 78.258817788 -25.998606225
v -45.154779758 78.245561272 -26.039442922
v -45.131364948 78.202734751 -25.998606225
v -45.178339718 78.215991268 -25.957769529
v -51.387650052 70.546062504 -30.575387439
v -51.305223543 70.526165585 -30.643716222
v -51.262184528 70.456833592 -30.571608267
v -51.344611037 70.476730510 -30.503279484
v -56.344437414 62.295020461 -34.742901136
v -56.245346824 62.279262240 -34.818109876
v -56.189727266 62.209289080 -34.730167606
v -56.288817856 62.225047301 -34.654958866
v -60.074394895 53.738448578 -38.474867594
v -59.962002955 53.729734750 -38.553794614
v -59.895831682 53.664401202 -38.452353776
v -60.008223622 53.673115029 -38.373426756
v -62.614227448 45.085672378 -41.751588037
v -62.490906182 45.086009766 -41.832709781
v -62.416038676 45.028699102 -41.719134564
v -62.539359941 45.028361714 -41.638012820
v -64.040241154 36.525320568 -44.558259314
v -63.908122140 36.536043218 -44.640814789
v -63.826461311 36.489247091 -44.516205613
v -63.958580325 36.478524440 -44.433650138
v -64.462481539 28.217344562 -46.884948692
v -64.323566656 28.239110991 -46.968664901
v -64.237067680 28.204757553 -46.834064402
v -64.375982563 28.182991124 -46.750348193
v -64.016333864 20.286313426 -48.726561829
v -63.872429780 20.319073600 -48.811512406
v -63.783066864 20.298684850 -48.667996613
v -63.926970948 20.265924675 -48.583046035
v -62.852062570 12.816907978 -50.082779240
v -62.704653654 12.859902233 -50.169267449
v -62.614379347 12.854680196 -50.018001509
v -62.761788263 12.811685940 -49.931513301
v -61.122789880 5.852362529 -50.957956748
v -60.972914127 5.904193276 -51.046385262
v -60.883613074 5.915055970 -50.888663693
v -61.033488827 5.863225223 -50.800235178
v -58.971737218 -0.603482358 -51.360986225
v -58.819927274 -0.544670830 -51.451709682
v -58.733357646 -0.517101378 -51.288978537
v -58.885167590 -0.575912906 -51.198255080
v -56.520006242 -6.580106674 -51.305107544
v -56.366354197 -6.516321223 -51.398299584
v -56.284073347 -6.471770648 -51.232144840
v -56.437725392 -6.535556099 -51.138952801
v -53.856610336 -12.130342338 -50.807657884
v -53.700981410 -12.063335355 -50.903258263
v -53.624269363 -12.001937540 -50.735343698
v -53.779898289 -12.068944523 -50.639743320
v -51.032622762 -17.317442784 -49.889753548
v -50.874968979 -17.248315163 -49.987555548
v -50.804786662 -17.170628936 -49.819514283
v -50.962440445 -17.239756557 -49.721712282
v -48.060894176 -22.201011240 -48.575927833
v -47.901545923 -22.129986706 -48.675789063
v -47.838569631 -22.036924897 -48.509109425
v -47.997917884 -22.107949431 -48.409248195
v -44.921717211 -26.824198313 -46.893770237
v -44.761533548 -26.750683590 -46.995829162
v -44.706273401 -26.643363465 -46.831792727
v -44.866457064 -26.716878189 -46.729733802
v -41.573390608 -31.204492891 -44.873592315
v -41.413738149 -31.127392555 -44.978359990
v -41.366698284 -31.006974179 -44.818059332
v -41.526350743 -31.084074515 -44.713291656
v -37.965473444 -35.329574211 -42.548102096
v -37.808089710 -35.247708962 -42.656394817
v -37.769908848 -35.115295555 -42.500806308
v -37.927292583 -35.197160804 -42.392513587
v -34.052118544 -39.158415415 -39.952053786
v -33.898931384 -39.070887963 -40.064830965
v -33.870464602 -38.927519100 -39.914894098
v -34.023651762 -39.015046551 -39.802116920
v -29.803285955 -42.626695383 -37.121859331
v -29.656231423 -42.533122290 -37.240051529
v -29.638566348 -42.379842760 -37.096720842
v -29.785620880 -42.473415854 -36.978528644
v -25.212524832 -45.654967971 -34.095170556
v -25.073380564 -45.555568399 -34.219547759
v -25.067799040 -45.393534324 -34.083809421
v -25.206943308 -45.492933896 -33.959432218
v -20.300939451 -48.157982898 -30.910447526
v -20.171182415 -48.053552179 -31.041539412
v -20.179082271 -47.884138607 -30.914400198
v -20.308839307 -47.988569325 -30.783308313
v -15.117635878 -50.053847152 -27.606525563
v -14.998332848 -49.945651951 -27.744585642
v -15.021122862 -49.770537841 -27.627045591
v -15.140425893 -49.878733042 -27.488985512
v -9.737307474 -51.272126404 -24.222188687
v -9.629045571 -51.161754796 -24.367189426
v -9.668025122 -50.982972398 -24.260207210
v -9.776287025 -51.093344005 -24.115206471
v -4.255727077 -51.760360956 -20.795754329
v -4.158588551 -51.649554372 -20.947402272
v -4.214822645 -51.469497977 -20.851859024
v -4.311961171 -51.580304561 -20.700211081
v 1.216122115 -51.488752766 -17.364672905
v 1.302541004 -51.379240659 -17.522436110
v 1.228341160 -51.200634966 -17.439100978
v 1.141922271 -51.310147072 -17.281337772
v 6.558640851 -50.452970142 -13.965145466
v 6.635171138 -50.346323153 -14.128288311
v 6.542752705 -50.172155048 -14.057787550
v 6.466222418 -50.278802037 -13.894644705
v 11.650404386 -48.675138827 -10.631762602
v 11.718213521 -48.572651767 -10.799384784
v 11.607863751 -48.406071807 -10.742175363
v 11.540054616 -48.508558867 -10.574553181
v 16.374718467 -46.203166784 -7.397167671
v 16.435197238 -46.105778839 -7.568245261
v 16.307796240 -45.949980419 -7.524593533
v 16.247317469 -46.047368364 -7.353515944
v 20.625595067 -43.108602999 -4.291747403
v 20.680233623 -43.016858868 -4.465174297
v 20.537274258 -42.874944084 -4.435139997
v 20.482635703 -42.966688215 -4.261713104
v 24.312876687 -39.483268080 -1.343352693
v 24.363141374 -39.397320285 -1.517981021
v 24.206714814 -39.272161841 -1.501406618
v 24.156450128 -39.358109636 -1.326778290
v 27.366305941 -35.434921247 1.422947796
v 27.413528147 -35.354570628 1.248269761
v 27.246276029 -35.248678750 1.251764556
v 27.199053823 -35.329029368 1.426442591
v 29.738401202 -31.082245995 3.985078910
v 29.783688092 -31.007014517 3.811472881
v 29.608724367 -30.922416836 3.802491889
v 29.563437477 -30.997648314 3.976097918
v 31.406060830 -26.549445576 6.324133197
v 31.450235804 -26.478673099 6.152662737
v 31.271043129 -26.416813842 6.132030035
v 31.226868156 -26.487586319 6.303500496
v 32.370878155 -21.960739069 8.424506398
v 32.414456141 -21.893693899 8.256156451
v 32.234762753 -21.855356693 8.224909922
v 32.191184767 -21.922401863 8.393259870
v 32.658206041 -17.435039376 10.273992982
v 32.701405466 -17.371031233 10.109659366
v 32.525048924 -17.356287526 10.069042090
v 32.481849500 -17.420295669 10.233375706
v 32.315062553 -13.081076262 11.863840843
v 32.357852020 -13.019559966 11.704332500
v 32.188635884 -13.027742687 11.655783071
v 32.145846417 -13.089258983 11.815291414
v 31.407016550 -8.993201755 13.188764541
v 31.449189890 -8.933860560 13.034822191
v 31.290738509 -8.963560212 12.979965053
v 31.248565169 -9.022901408 13.133907403
v 30.014233364 -5.248083235 14.246916538
v 30.055501609 -5.190882630 14.099252905
v 29.911116975 -5.239960345 14.039889775
v 29.869848729 -5.297160950 14.187553408
v 28.226895904 -1.902453339 15.039815397
v 28.266978419 -1.847659824 14.899185108
v 28.139501971 -1.913267995 14.837288918
v 28.099419455 -1.968061510 14.977919207
v 26.140247025 1.007952911 15.572227440
v 26.178935274 1.059786519 15.439541788
v 26.070617679 0.981193735 15.377256488
v 26.031929430 0.929360126 15.509942140
v 23.849527626 3.468182278 15.851988741
v 23.886680099 3.516248749 15.728511368
v 23.799065900 3.428956637 15.668169073
v 23.761913427 3.380890165 15.791646446
v 21.445118382 5.482507948 15.889711385
v 21.480506715 5.525738569 15.777450971
v 21.414358106 5.434993722 15.721653519
v 21.378969773 5.391763102 15.833913933
v 19.008255869 7.071416766 15.698043838
v 19.040996950 7.108197482 15.600914852
v 18.996382882 7.021211926 15.552936344
v 18.963641801 6.984431210 15.650065329
v 16.610784063 8.260997941 15.278122021
v 16.630622285 8.282194171 15.221490174
v 16.608570710 8.229232976 15.193943100
v 16.588732488 8.208036747 15.250574947
v -64.843523527 23.593632320 -63.881061663
v -64.801116011 23.575973605 -63.925104510
v -64.755181151 23.576438582 -63.881061663
v -64.797588667 23.594097297 -63.837018816
v -66.266588008 16.449253447 -62.354054858
v -66.194170591 16.418382079 -62.429297901
v -66.114787433 16.423301070 -62.354914052
v -66.187204850 16.454172439 -62.279671008
v -67.306791157 9.327254260 -60.353625706
v -67.223684685 9.290719869 -60.440125266
v -67.130801715 9.305762372 -60.357239210
v -67.213908187 9.342296763 -60.270739651
v -67.938154500 2.181709001 -57.912878859
v -67.847091331 2.141789841 -58.008017250
v -67.744147309 2.168478722 -57.920681201
v -67.835210478 2.208397882 -57.825542810
v -68.087839439 -5.013298298 -55.067735358
v -67.990307178 -5.054510954 -55.170584572
v -67.879541011 -5.014902550 -55.081416100
v -67.977073272 -4.973689894 -54.978566886
v -67.664603827 -12.250154106 -51.856910519
v -67.561804577 -12.290746115 -51.967230138
v -67.445194857 -12.237027356 -51.878335349
v -67.547994107 -12.196435347 -51.768015730
v -66.574629440 -19.484171746 -48.321499359
v -66.467764325 -19.522558055 -48.439337657
v -66.347342101 -19.453623398 -48.352584980
v -66.454207216 -19.415237089 -48.234746682
v -64.735661969 -26.635408157 -44.504523114
v -64.625994754 -26.670451760 -44.629995274
v -64.503979131 -26.585354975 -44.547116206
v -64.613646346 -26.550311371 -44.421644047
v -62.088328575 -33.594507664 -40.450456681
v -61.977143856 -33.625574720 -40.583614110
v -61.855989855 -33.523630876 -40.506236688
v -61.967174574 -33.492563820 -40.373079259
v -58.604035661 -40.231124927 -36.204749801
v -58.492547343 -40.258078535 -36.345507137
v -58.374934433 -40.138968932 -36.275158890
v -58.486422751 -40.112015324 -36.134401554
v -54.289405958 -46.403620657 -31.813349860
v -54.178651862 -46.426763706 -31.961450266
v -54.067427783 -46.290627856 -31.899546832
v -54.178181879 -46.267484807 -31.751446426
v -49.187552899 -51.968988301 -27.322231513
v -49.078299843 -51.988967771 -27.477237581
v -48.976391166 -51.836472050 -27.425065104
v -49.085644222 -51.816492580 -27.270059035
v -43.376647927 -56.792243403 -22.776937235
v -43.269323032 -56.809929161 -22.938239162
v -43.179623369 -56.642305597 -22.896934900
v -43.286948264 -56.624619839 -22.735632973
v -36.966285461 -60.754737962 -18.222132612
v -36.860942488 -60.771089217 -18.388968067
v -36.786189113 -60.590141024 -18.359501833
v -36.891532086 -60.573789768 -18.192666378
v -30.092147230 -63.761040414 -13.701180058
v -29.988471143 -63.776972585 -13.872661982
v -29.931120462 -63.585045869 -13.855820061
v -30.034796549 -63.569113698 -13.684338137
v -22.909445211 -65.744157172 -9.255734617
v -22.806793612 -65.760420860 -9.430884228
v -22.768905087 -65.560344508 -9.427256824
v -22.871556687 -65.544080820 -9.252107213
v -15.585594570 -66.668977210 -4.925365369
v -15.483071056 -66.686059342 -5.103148284
v -15.466207912 -66.481057362 -5.113121133
v -15.568731426 -66.463975230 -4.935338218
v -8.292538896 -66.533907797 -0.747205768
v -8.189090710 -66.551962810 -0.926569536
v -8.194243942 -66.345545190 -0.950319960
v -8.297692129 -66.327490177 -0.770956191
v -1.199118974 -65.370743754 3.244364027
v -1.093649431 -65.389560148 3.064452461
v -1.121189557 -65.185399570 3.026955091
v -1.226659101 -65.166583176 3.206866658
v 5.536158354 -63.242878047 7.018000063
v 5.644673195 -63.261882857 6.838518305
v 5.595014515 -63.063685171 6.787508034
v 5.486499674 -63.044680361 6.966989792
v 11.771634353 -60.242018884 10.545640381
v 11.884035577 -60.260319797 10.367477163
v 11.813154162 -60.071696071 10.303383437
v 11.700752937 -60.053395157 10.481546655
v 17.388023706 -56.483627662 13.802711636
v 17.504876359 -56.500089786 13.626637215
v 17.414256525 -56.324437009 13.550074214
v 17.297403871 -56.307974885 13.726148635
v 22.292728809 -52.101332346 16.768294954
v 22.414254907 -52.114684141 16.594936548
v 22.305906663 -51.955080405 16.506690837
v 22.184380564 -51.941728610 16.680049243
v 26.422773637 -47.240601727 19.425249787
v 26.548819026 -47.249562401 19.255073373
v 26.425196307 -47.108680695 19.156090980
v 26.299150918 -47.099720021 19.326267394
v 29.746241615 -42.051987733 21.760294925
v 29.876282164 -42.055406477 21.593595018
v 29.740187404 -41.935449381 21.484969043
v 29.610146855 -41.932030636 21.651668949
v 32.262154630 -36.684256864 23.764046214
v 32.395344490 -36.681252620 23.600945661
v 32.249824652 -36.583908263 23.483905465
v 32.116634792 -36.586912506 23.647006018
v 33.998780592 -31.277740477 25.431010979
v 34.134041750 -31.267829374 25.271473391
v 33.982280107 -31.194247245 25.147376143
v 33.847018949 -31.204158348 25.306913731
v 35.010405524 -25.958240825 26.759539648
v 35.146553257 -25.941436879 26.603397744
v 34.991759940 -25.892220546 26.473722557
v 34.855612207 -25.909024492 26.629864462
v 35.372657621 -20.831839361 27.751736023
v 35.508550211 -20.808712420 27.598739344
v 35.353852954 -20.783925052 27.465083143
v 35.217960364 -20.807051992 27.618079822
v 35.176535411 -15.980967308 28.413329077
v 35.311228213 -15.952640655 28.263213473
v 35.159563402 -15.951818759 28.127285719
v 35.024870600 -15.980145412 28.277401323
v 34.521386914 -11.462109613 28.753511872
v 34.654260856 -11.430179118 28.606088759
v 34.508264812 -11.452350643 28.469698898
v 34.375390869 -11.484281138 28.617122011
v 33.507230093 -7.305500592 28.784756827
v 33.638055606 -7.271860719 28.640010087
v 33.499958814 -7.315566888 28.505037419
v 33.369133300 -7.349206761 28.649784158
v 32.227003902 -3.517090477 28.522619407
v 32.355900650 -3.483666155 28.380780858
v 32.227435549 -3.546993434 28.249114218
v 32.098538801 -3.580417756 28.390952766
v 30.759565545 -0.082861361 27.985538182
v 30.886838742 -0.051276990 27.847095950
v 30.769184540 -0.131915366 27.720536746
v 30.641911343 -0.163499737 27.858978978
v 29.164419745 3.024783876 27.194621007
v 29.290303295 3.053516913 27.060220318
v 29.184100721 2.958168932 26.940363835
v 29.058217172 2.929435895 27.074764524
v 27.479149419 5.839298936 26.173380378
v 27.603546228 5.864955878 26.043627053
v 27.509004024 5.757635018 25.931766540
v 27.384607215 5.731978077 26.061519864
v 25.720192369 8.392097554 24.947377897
v 25.842521756 8.415180216 24.822634894
v 25.759597236 8.298585739 24.719740012
v 25.637267850 8.275503077 24.844483014
v 23.886956909 10.705828505 23.543784275
v 24.006163484 10.727283558 23.424085953
v 23.934756898 10.603956417 23.330867228
v 23.815550323 10.582501363 23.450565550
v 21.968465505 12.789991925 21.990919454
v 22.083154074 12.810832552 21.876064214
v 22.023249627 12.683144652 21.793077568
v 21.908561059 12.662304025 21.907932809
v 19.951102129 14.639541294 20.317837919
v 20.059714563 14.660521366 20.207615457
v 20.011430920 14.530786298 20.135342937
v 19.902818486 14.509806225 20.245565398
v 17.825904518 16.236412261 18.553969355
v 17.926863217 16.257835760 18.448435661
v 17.890408429 16.128516072 18.387309133
v 17.789449730 16.107092573 18.492842828
v 15.594197677 17.553305483 16.728774688
v 15.685959039 17.574968416 16.628535358
v 15.661495301 17.448967467 16.578910366
v 15.569733939 17.427304535 16.679149695
v 13.270983107 18.558712563 14.871343495
v 13.351910468 18.579911095 14.777935756
v 13.339317578 18.461043031 14.740048770
v 13.258390218 18.439844499 14.833456509
v 10.886218420 19.222009522 13.009681353
v 10.953886730 19.241439340 12.926601143
v 10.952321856 19.135702715 12.900598131
v 10.884653546 19.116272897 12.983678341
v 8.492290789 19.510050439 11.161314012
v 8.531030449 19.521584626 11.112159129
v 8.533012125 19.459328231 11.099112460
v 8.494272465 19.447794044 11.148267344
v -85.949540040 -31.287751467 -21.861927561
v -85.899039553 -31.289003447 -21.900633289
v -85.868378535 -31.248856608 -21.861927561
v -85.918879023 -31.247604628 -21.823221834
v -81.809126825 -40.001232842 -16.140915913
v -81.724549884 -39.999868375 -16.209499575
v -81.673975155 -39.927551842 -16.145692404
v -81.758552096 -39.928916308 -16.077108743
v -76.484914619 -48.000376165 -10.474268081
v -76.392503865 -47.991399010 -10.558549066
v -76.339619282 -47.900066416 -10.490834966
v -76.432030036 -47.909043570 -10.406553981
v -70.120645513 -55.112893310 -4.913237026
v -70.025513192 -55.096144000 -5.011250573
v -69.974907324 -54.987534386 -4.943572278
v -70.070039646 -55.004283696 -4.845558731
v -62.876814433 -61.190370440 0.495498755
v -62.782119690 -61.166418915 0.384827097
v -62.737452674 -61.041748113 0.450027055
v -62.832147417 -61.065699637 0.560698713
v -54.938482812 -66.117704338 5.708104532
v -54.846432582 -66.087557317 5.585614827
v -54.810988331 -65.948212844 5.646546251
v -54.903038561 -65.978359865 5.769035956
v -46.507795579 -69.817752242 10.683881176
v -46.419933915 -69.782679434 10.550353081
v -46.396702458 -69.630416688 10.605633107
v -46.484564122 -69.665489495 10.739161202
v -37.795413086 -72.253932139 15.385562894
v -37.712754720 -72.215333137 15.241771633
v -37.704395763 -72.052329669 15.290333060
v -37.787054129 -72.090928670 15.434124321
v -29.011617323 -73.430833575 19.779586813
v -28.934742527 -73.390131342 19.626316794
v -28.943511369 -73.218971456 19.667371702
v -29.020386165 -73.259673689 19.820641721
v -20.357558976 -73.392877773 23.836325120
v -20.286703426 -73.351438520 23.674365096
v -20.314370087 -73.175051013 23.707391949
v -20.385225638 -73.216490266 23.869351973
v -12.017050752 -72.221118677 27.530275640
v -11.952199187 -72.180201479 27.360405519
v -11.999977225 -72.001761205 27.385146749
v -12.064828790 -72.042678404 27.555016870
v -4.149280440 -70.028333945 30.840208570
v -4.090262950 -69.989073456 30.663183599
v -4.158758766 -69.811874240 30.679647245
v -4.217776256 -69.851134728 30.856672217
v 3.117209480 -66.952608398 33.749267996
v 3.170624576 -66.916032226 33.565804806
v 3.081434182 -66.743338255 33.574266290
v 3.028019085 -66.779914427 33.757729480
v 9.688951950 -63.149662933 36.245027543
v 9.736977109 -63.116741860 36.055796569
v 9.627733734 -62.951625362 36.056797366
v 9.579708575 -62.984546434 36.246028340
v 15.510090027 -58.784234888 38.319500178
v 15.552858741 -58.755959228 38.125129554
v 15.424774389 -58.601133601 38.119469201
v 15.382005675 -58.629409261 38.313839825
v 20.562727854 -54.020882091 39.969103026
v 20.600264925 -53.998350461 39.770199686
v 20.455036725 -53.856010370 39.758916381
v 20.417499654 -53.878542000 39.957819721
v 24.864837649 -49.014676185 41.194579340
v 24.897066043 -48.999173614 40.991772446
v 24.736756371 -48.870857591 40.976105843
v 24.704527977 -48.886360162 41.178912737
v 28.465531466 -43.902383250 42.000881538
v 28.492318211 -43.895414447 41.794889358
v 28.319206984 -43.781912183 41.776218206
v 28.292420239 -43.788880987 41.982210386
v 31.437666532 -38.794896226 42.397021302
v 31.458903687 -38.798131307 42.188731671
v 31.275324491 -38.699466902 42.168481565
v 31.254087336 -38.696231820 42.376771196
v 33.868061534 -33.771840612 42.395893238
v 33.883769078 -33.786936443 42.186427861
v 33.691946395 -33.702465728 42.165955653
v 33.676238851 -33.687369897 42.375421029
v 35.846083778 -28.879323052 42.014073704
v 35.856509746 -28.907622064 41.804785490
v 35.658420131 -28.836272677 41.785269851
v 35.647994162 -28.807973665 41.994558064
v 37.451950616 -24.131594003 41.271583810
v 37.457633541 -24.173780730 41.063940534
v 37.254917643 -24.114417929 41.046331769
v 37.249234718 -24.072231202 41.253975046
v 38.746555857 -19.516850377 40.191594918
v 38.748315646 -19.572721290 39.986960257
v 38.542266870 -19.524543284 39.972034382
v 38.540507081 -19.468672371 40.176669042
v 39.764680585 -15.006554805 38.800067092
v 39.763528117 -15.075040753 38.599477729
v 39.555171258 -15.037853078 38.587978074
v 39.556323727 -14.969367130 38.788567437
v 40.512884456 -10.566743330 37.125346109
v 40.509881893 -10.646187097 36.929410498
v 40.300128418 -10.620449490 36.922189276
v 40.303130980 -10.541005723 37.118124887
v 40.972312387 -6.169223419 35.197763361
v 40.968444396 -6.257769995 35.006726984
v 40.758280945 -6.244429772 35.004798970
v 40.762148936 -6.155883196 35.195835347
v 41.105506835 -1.800638369 33.049260957
v 41.101612650 -1.896570763 32.863175320
v 40.892266442 -1.896784881 32.867666660
v 40.896160627 -1.800852487 33.053752296
v 40.865550274 2.531933895 30.713032085
v 40.862329923 2.429999829 30.531930048
v 40.655367418 2.415151133 30.543967902
v 40.658587769 2.517085198 30.725069940
v 40.205700442 6.799228350 28.223157890
v 40.203775838 6.692290151 28.047174502
v 40.001117701 6.662040480 28.067772368
v 40.003042305 6.768978678 28.243755756
v 39.088022759 10.951462929 25.614232423
v 39.088021132 10.840179154 25.443659370
v 38.891880588 10.794245039 25.473629175
v 38.891882216 10.905528814 25.644202227
v 37.490092111 14.922555962 22.920978438
v 37.492722054 14.807352571 22.756266940
v 37.305487381 14.746034225 22.796164974
v 37.302857438 14.861237616 22.960876472
v 35.409378075 18.635901541 20.177861521
v 35.415478036 18.517104324 20.019594069
v 35.239563923 18.441324041 20.069695447
v 35.233463962 18.560121257 20.227962899
v 32.865318664 22.010811618 17.418710207
v 32.875867837 21.888781872 17.267557348
v 32.713558397 21.800068196 17.327850465
v 32.703009224 21.922097942 17.479003324
v 29.899315712 24.968918705 14.676348404
v 29.915405257 24.844176398 14.533020897
v 29.768706873 24.744603495 14.603214286
v 29.752617328 24.869345801 14.746541793
v 26.572991802 27.440024908 11.982245091
v 26.595759826 27.313348322 11.847447241
v 26.466276811 27.205440969 11.926983100
v 26.443508788 27.332117555 12.061780950
v 22.965083498 29.367046947 9.366185360
v 22.995620456 29.239541312 9.240572554
v 22.884461544 29.126156532 9.328642741
v 22.853924586 29.253662167 9.454255547
v 19.167344488 30.709836428 6.855966330
v 19.206577188 30.582967065 6.740108379
v 19.114296553 30.467163474 6.835669446
v 19.075063853 30.594032837 6.951527396
v 15.279815826 31.447755608 4.477121152
v 15.328378187 31.323343822 4.371472585
v 15.254950916 31.208249388 4.473256289
v 15.206388555 31.332661174 4.578904856
v 11.405797692 31.580969216 2.252674257
v 11.463894838 31.461151887 2.157552991
v 11.408723391 31.349840055 2.264067371
v 11.350626245 31.469657383 2.359188638
v 7.646831383 31.130478924 0.202931344
v 7.714099582 31.017635800 0.118508395
v 7.676044468 30.913019177 0.228020887
v 7.608776270 31.025862301 0.312443837
v 4.097972683 30.136982008 -1.654691005
v 4.173328164 30.033639168 -1.728384931
v 4.150752097 29.938390158 -1.617899941
v 4.075396616 30.041732998 -1.544206014
v 0.843612368 28.658678659 -3.305786198
v 0.925056790 28.567406582 -3.368822437
v 0.915864593 28.483918970 -3.259814751
v 0.834420170 28.575191048 -3.196778512
v -2.045902442 26.768169594 -4.738998368
v -1.961639003 26.691528729 -4.791433775
v -1.960002576 26.621960186 -4.687120971
v -2.044266015 26.698601050 -4.634685564
v -4.516411120 24.548462698 -5.945825590
v -4.434966110 24.489248089 -5.987288581
v -4.425698165 24.435855115 -5.892831528
v -4.507143175 24.495069724 -5.851368537
v -6.519079640 22.082739283 -6.913698804
v -6.469182477 22.050703489 -6.936806862
v -6.461623386 22.021906031 -6.880561259
v -6.511520549 22.053941825 -6.857453201
v -40.560383901 -70.292193012 47.501817245
v -40.544283050 -70.248193852 47.458749432
v -40.554210091 -70.202405017 47.501817245
v -40.570310942 -70.246404177 47.544885057
v -31.474881402 -70.948887833 50.260776990
v -31.452587201 -70.873337657 50.185584046
v -31.471910168 -70.794925889 50.258639210
v -31.494204369 -70.870476066 50.333832153
v -22.758241401 -70.609548263 52.505077558
v -22.745042071 -70.522822002 52.415478705
v -22.772520762 -70.432914481 52.498455692
v -22.785720092 -70.519640742 52.588054545
v -14.517775833 -69.449596728 54.229674547
v -14.516763404 -69.356058041 54.128744658
v -14.551691721 -69.258256199 54.219034002
v -14.552704150 -69.351794886 54.319963891
v -6.811234808 -67.635888571 55.435634657
v -6.824225784 -67.538572558 55.325408463
v -6.865438414 -67.434762312 55.421917207
v -6.852447439 -67.532078325 55.532143401
v 0.347460416 -65.327518573 56.128956731
v 0.319361763 -65.228872960 56.011205620
v 0.273473127 -65.120024644 56.113343236
v 0.301571780 -65.218670258 56.231094347
v 6.982762409 -62.662826792 56.320375266
v 6.938976985 -62.564877412 56.196810378
v 6.890251095 -62.451318810 56.304093915
v 6.934036520 -62.549268190 56.427658803
v 13.147771410 -59.747775469 56.025122158
v 13.088154092 -59.652169594 55.897436971
v 13.038315160 -59.533846716 56.009302928
v 13.097932478 -59.629452591 56.136988116
v 18.910879873 -56.648101667 55.262620246
v 18.835640144 -56.556142903 55.132463903
v 18.785905793 -56.432947495 55.248254622
v 18.861145521 -56.524906259 55.378410965
v 24.340478129 -53.387122788 54.056124309
v 24.250075755 -53.299847777 53.925054660
v 24.200867539 -53.171940592 54.044164161
v 24.291269914 -53.259215603 54.175233810
v 29.490224959 -49.950055055 52.432357850
v 29.385245058 -49.868362903 52.301815085
v 29.336144296 -49.736374985 52.423897456
v 29.441124197 -49.818067137 52.554440221
v 34.387555364 -46.294186532 50.421181988
v 34.268602854 -46.218992314 50.292502461
v 34.218576645 -46.084048585 50.417601858
v 34.337529155 -46.159242803 50.546281385
v 39.027393840 -42.362813521 48.055282173
v 38.895050632 -42.295179125 47.929740967
v 38.842832605 -42.158784878 48.058269632
v 38.975175814 -42.226419274 48.183810839
v 43.371712057 -38.100129347 45.369830716
v 43.226570815 -38.041338332 45.248685304
v 43.171035714 -37.905206367 45.381284382
v 43.316176957 -37.963997383 45.502429794
v 47.354218819 -33.464458113 42.402102018
v 47.196973526 -33.416026817 42.286616336
v 47.137399147 -33.281899275 42.423981948
v 47.294644441 -33.330330571 42.539467630
v 50.888615353 -28.438083759 39.191047250
v 50.720174318 -28.401717654 39.082491416
v 50.656361996 -28.271204864 39.225227690
v 50.824803031 -28.307570969 39.333783524
v 53.878629038 -23.032961618 35.776847233
v 53.700219559 -23.010470933 35.676478601
v 53.632492840 -22.884915894 35.825000179
v 53.810902318 -22.907406579 35.925368811
v 56.228278143 -17.292439027 32.200459303
v 56.041522655 -17.285627291 32.109493045
v 55.970639967 -17.166002642 32.263974307
v 56.157395456 -17.172814378 32.354940565
v 57.851253377 -11.289607073 28.503167719
v 57.658206885 -11.300145025 28.422743490
v 57.585223293 -11.186989134 28.583103062
v 57.778269785 -11.176451182 28.663527291
v 58.678731973 -5.123096018 24.726143031
v 58.481877705 -5.152392423 24.657291940
v 58.407984805 -5.045788839 24.823201163
v 58.604839073 -5.016492434 24.892052254
v 58.665276964 1.088875220 20.910014121
v 58.467481886 1.039795150 20.853628443
v 58.393848531 1.140194685 21.024535300
v 58.591643610 1.189274754 21.080920978
v 57.792706005 7.215476266 17.094456133
v 57.597141106 7.146075371 17.051263171
v 57.524772046 7.240988433 17.226425882
v 57.720336945 7.310389328 17.269618845
v 56.071963211 13.120664813 13.317797524
v 55.881995706 13.030973626 13.288338437
v 55.811620362 13.121392800 13.466864861
v 56.001587868 13.211083987 13.496323948
v 53.543122368 18.670512842 9.616649473
v 53.362188467 18.561178756 9.601263545
v 53.294187714 18.648255705 9.782153701
v 53.475121616 18.757589790 9.797539629
v 50.273712600 23.740058121 6.025560870
v 50.105180345 23.612360960 6.024375403
v 50.039555138 23.697280498 6.206565126
v 50.208087393 23.824977659 6.207750593
v 46.355601755 28.219360839 2.576701958
v 46.202633497 28.075194298 2.589627735
v 46.139015476 28.159050457 2.772031811
v 46.291983733 28.303216998 2.759106033
v 41.900704948 32.018517782 -0.700420526
v 41.766128426 31.860338729 -0.673688526
v 41.703829280 31.944024185 -0.492135190
v 41.838405802 32.102203238 -0.518867190
v 37.035808533 35.071454073 -3.779214149
v 36.922004254 34.902203854 -3.739191384
v 36.860097750 34.986322717 -3.559495880
v 36.973902029 35.155572936 -3.599518645
v 31.896813696 37.338377389 -6.636215319
v 31.805624514 37.161380945 -6.583618482
v 31.743052735 37.246192824 -6.406696598
v 31.834241917 37.423189267 -6.459293436
v 26.622708593 38.806842373 -9.251265727
v 26.555375242 38.625691950 -9.187000737
v 26.491068933 38.711092670 -9.013649474
v 26.558402284 38.892243093 -9.077914463
v 21.349573357 39.491433273 -11.607649254
v 21.306697426 39.309863719 -11.532797621
v 21.239699312 39.395405182 -11.363674807
v 21.282575243 39.576974736 -11.438526440
v 16.204908612 39.432129406 -13.692188333
v 16.186442324 39.253891550 -13.607993098
v 16.116021966 39.338840146 -13.443605495
v 16.134488254 39.517078001 -13.527800730
v 11.302556374 38.691469751 -15.495299144
v 11.307816718 38.520207140 -15.403151559
v 11.233565842 38.603636849 -15.243853028
v 11.228305498 38.774899460 -15.336000613
v 6.738453914 37.350678592 -17.011005486
v 6.766157387 37.189811122 -16.912433352
v 6.688055617 37.270724056 -16.758434970
v 6.660352144 37.431591525 -16.857007105
v 2.587428235 35.504953585 -18.236911659
v 2.635741812 35.357569535 -18.133569795
v 2.554184547 35.435032888 -17.984964135
v 2.505870969 35.582416937 -18.088305999
v -1.098796704 33.258151922 -19.174135326
v -1.032192800 33.126907760 -19.067797846
v -1.116409982 33.200191938 -18.924599853
v -1.183013887 33.331436100 -19.030937333
v -4.292245538 30.717142027 -19.827202223
v -4.210087186 30.604167684 -19.719754990
v -4.295829233 30.672865510 -19.581961613
v -4.377987585 30.785839853 -19.689408846
v -6.987897058 27.986121947 -20.203905835
v -6.893260973 27.892928567 -20.097335575
v -6.979154990 27.957030170 -19.965004862
v -7.073791075 28.050223550 -20.071575122
v -9.201410324 25.161245604 -20.315136766
v -9.097637439 25.088634182 -20.211511018
v -9.182202620 25.148527715 -20.084857867
v -9.285975505 25.221139137 -20.188483615
v -10.965410917 22.325945395 -20.174687443
v -10.856034241 22.273919447 -20.076118387
v -10.937815696 22.330287365 -19.955618317
v -11.047192372 22.382313313 -20.054187373
v -12.324501354 19.547384997 -19.799034685
v -12.213193680 19.515078226 -19.707624292
v -12.290860164 19.568668191 -19.594112095
v -12.402167838 19.600974962 -19.685522488
v -13.329343358 16.874495219 -19.207086290
v -13.219928758 16.860128999 -19.124870657
v -13.292273357 16.911400517 -19.019633574
v -13.401687958 16.925766738 -19.101849207
v -14.030386866 14.338008475 -18.419821575
v -13.927052180 14.338865592 -18.348794614
v -13.992788969 14.387523586 -18.253743599
v -14.096123655 14.386666469 -18.324770560
v -14.471982879 11.952875563 -17.459486337
v -14.380281977 11.965097224 -17.402037099
v -14.437278147 12.009338334 -17.320471174
v -14.528979048 11.997116674 -17.377920412
v -14.684586051 9.731115741 -16.337363347
v -14.630629445 9.741518955 -16.305262582
v -14.663905387 9.767975351 -16.257904667
v -14.717861993 9.757572137 -16.290005433
v 12.925510346 -73.314502389 57.450915439
v 12.900809777 -73.272440617 57.410041374
v 12.913413914 -73.225319003 57.450915439
v 12.938114483 -73.267380775 57.491789505
v 20.791960765 -72.279751108 53.797056221
v 20.745550231 -72.208415383 53.729114217
v 20.765152000 -72.128126046 53.800024247
v 20.811562534 -72.199461771 53.867966251
v 28.602250388 -70.437199929 49.812149724
v 28.539422028 -70.357189907 49.738837960
v 28.557392263 -70.265976141 49.822985098
v 28.620220623 -70.345986163 49.896296862
v 36.244767887 -67.729928004 45.543527174
v 36.165478571 -67.645681288 45.469008394
v 36.179922760 -67.547635383 45.564484670
v 36.259212077 -67.631882099 45.639003450
v 43.582541352 -64.116402293 41.038693208
v 43.486521822 -64.031310559 40.965695726
v 43.496500841 -63.929094560 41.071720698
v 43.592520371 -64.014186295 41.144718180
v 50.463009755 -59.591447518 36.345993805
v 50.350189434 -59.508663222 36.276681821
v 50.355419260 -59.404342692 36.392766667
v 50.468239580 -59.487126988 36.462078651
v 56.728787596 -54.189259790 31.514155349
v 56.599466327 -54.111879476 31.450375867
v 56.600177488 -54.007091364 31.576067839
v 56.729498757 -54.084471678 31.639847320
v 62.228061848 -47.982883193 26.591809865
v 62.083007310 -47.913958586 26.535181298
v 62.079819952 -47.809929777 26.669962835
v 62.224874490 -47.878854385 26.726591403
v 66.823996009 -41.081051575 21.627026482
v 66.664496802 -41.023530058 21.578970447
v 66.658289801 -40.921064372 21.722219743
v 66.817789009 -40.978585889 21.770275779
v 70.402707580 -33.623001710 16.666856584
v 70.230588721 -33.579634029 16.628605933
v 70.222364376 -33.479107640 16.779587969
v 70.394483235 -33.522475321 16.817838620
v 72.879538501 -25.771793478 11.756897645
v 72.697141924 -25.745028912 11.729494228
v 72.687893899 -25.646409545 11.887369163
v 72.870290476 -25.673174112 11.914772580
v 74.203456609 -17.706631559 6.940879924
v 74.013589412 -17.698514255 6.925168545
v 74.004183086 -17.601408608 7.089010862
v 74.194050284 -17.609525912 7.104722241
v 74.359521849 -9.614649150 2.260279828
v 74.165376362 -9.626725971 2.256901810
v 74.156450302 -9.530453767 2.425726332
v 74.350595789 -9.518376947 2.429104349
v 73.369432286 -1.682581810 -2.246036600
v 73.174483506 -1.715829494 -2.236648347
v 73.166379367 -1.619518763 -2.063856158
v 73.361328147 -1.586271078 -2.073244411
v 71.290236520 5.911274990 -6.542136927
v 71.098123622 5.856497819 -6.519760338
v 71.090849748 5.953802203 -6.344011758
v 71.282962646 6.008579373 -6.366388347
v 68.211362503 13.004469830 -10.595309510
v 68.025761857 12.928442606 -10.559932879
v 68.018993416 13.027666587 -10.382202649
v 68.204594062 13.103693811 -10.417579280
v 64.250168097 19.456850330 -14.376312200
v 64.074665340 19.360481403 -14.328130801
v 64.067781225 19.462415806 -14.149324701
v 64.243283982 19.558784733 -14.197506099
v 59.546265263 25.155807998 -17.859580527
v 59.384233549 25.040597451 -17.798990711
v 59.376387605 25.145808541 -17.619915475
v 59.538419319 25.261019089 -17.680505291
v 54.254906912 30.020105056 -21.023393759
v 54.109397493 29.888082144 -20.950985109
v 54.099619065 29.996848033 -20.772322252
v 54.245128484 30.128870946 -20.844730902
v 48.539753236 34.002130211 -23.849997579
v 48.413403185 33.855769337 -23.766543912
v 48.400719577 33.968050133 -23.588829243
v 48.527069627 34.114411006 -23.672282909
v 42.565353809 37.088484647 -26.325682558
v 42.460314112 36.930604459 -26.232132572
v 42.443885312 37.046051899 -26.055743586
v 42.548925008 37.203932086 -26.149293572
v 36.489695586 39.298851218 -28.440817979
v 36.407581150 39.132501544 -28.338286270
v 36.386835112 39.250510880 -28.163440211
v 36.468949548 39.416860553 -28.265971920
v 30.457179118 40.683148998 -30.189841021
v 30.399040621 40.511490031 -30.079599859
v 30.373795314 40.631292827 -29.906366015
v 30.431933812 40.802951795 -30.016607178
v 24.592400855 41.317025654 -31.571201956
v 24.558716909 41.143203182 -31.454673479
v 24.529273130 41.263993998 -31.283004063
v 24.562957076 41.437816470 -31.399532539
v 18.995141782 41.295801496 -32.587267106
v 18.985828757 41.122821466 -32.466014197
v 18.953015190 41.243903539 -32.295798180
v 18.962328215 41.416883570 -32.417051089
v 13.736988959 40.727069526 -33.244183326
v 13.751425353 40.557675401 -33.119895049
v 13.716574779 40.678600156 -32.951037132
v 13.702138385 40.847994281 -33.075325410
v 8.860028880 39.722298900 -33.551711207
v 8.897092238 39.558857440 -33.426175358
v 8.861926853 39.679521175 -33.258694877
v 8.824863495 39.842962635 -33.384230726
v 4.378008457 38.388002791 -33.523038373
v 4.436126727 38.232409458 -33.398090969
v 4.402536462 38.353063381 -33.232219943
v 4.344418191 38.508656714 -33.357167347
v 0.280195903 36.817302244 -33.174585248
v 0.357422149 36.670926754 -33.052029309
v 0.327142814 36.792065421 -32.888266613
v 0.249916569 36.938440911 -33.010822553
v -3.462169620 35.082971455 -32.525805131
v -3.368044651 34.946671551 -32.407305886
v -3.393797307 35.068803704 -32.246371791
v -3.487922276 35.205103608 -32.364871037
v -6.887464469 33.233144936 -31.598954438
v -6.778755462 33.107368765 -31.485944164
v -6.799577134 33.230739617 -31.328607880
v -6.908286141 33.356515788 -31.441618154
v -10.034475190 31.290641511 -30.418788092
v -9.913425255 31.175605973 -30.312428735
v -9.929800666 31.299987704 -30.159263446
v -10.050850601 31.415023241 -30.265622804
v -12.933923016 29.256235660 -29.012158279
v -12.802565784 29.152126879 -28.913383939
v -12.815672686 29.276768333 -28.764580552
v -12.947029918 29.380877114 -28.863354892
v -15.602198045 27.115304988 -27.407557987
v -15.462317613 27.022435434 -27.317164397
v -15.473642368 27.146171186 -27.172514805
v -15.613522801 27.239040740 -27.262908396
v -18.038309760 24.846449757 -25.634683501
v -17.891511895 24.765334136 -25.553403469
v -17.902448803 24.886778690 -25.412451687
v -18.049246668 24.967894312 -25.493731719
v -20.224300306 22.430301393 -23.724054783
v -20.072158351 22.361648946 -23.652581453
v -20.083730660 22.479396045 -23.514848116
v -20.235872615 22.548048492 -23.586321445
v -22.128605871 19.856944745 -21.706679814
v -21.972826386 19.801583340 -21.645639077
v -21.985572703 19.914365312 -21.510821190
v -22.141352188 19.969726717 -21.571861926
v -23.711364776 17.130978352 -19.613730785
v -23.553928917 17.089728500 -19.563624749
v -23.567927378 17.196520433 -19.431724251
v -23.725363237 17.237770284 -19.481830287
v -24.930555019 14.273905595 -17.476212254
v -24.773812686 14.247420888 -17.437354472
v -24.788789812 14.347486072 -17.308738102
v -24.945532145 14.373970779 -17.347595884
v -25.748005658 11.324059008 -15.324617789
v -25.594719219 11.312646560 -15.297070752
v -25.610193123 11.405521146 -15.172488711
v -25.763479562 11.416933594 -15.200035747
v -26.134604987 8.334543769 -13.188579173
v -25.987957569 8.337971098 -13.172093598
v -26.003376121 8.423383097 -13.052694920
v -26.150023539 8.419955769 -13.069180495
v -26.074299608 5.369789638 -11.096509372
v -25.937909688 5.387065563 -11.090452516
v -25.952752770 5.464771583 -10.977852290
v -26.089142690 5.447495658 -10.983909147
v -25.566673968 2.501320010 -9.075218863
v -25.444736390 2.530378461 -9.078452226
v -25.458548403 2.599851031 -8.974980435
v -25.580485981 2.570792579 -8.971747072
v -24.627904985 -0.196492400 -7.149353185
v -24.526004358 -0.159561150 -7.159897579
v -24.538264461 -0.099949723 -7.069592502
v -24.640165088 -0.136880974 -7.059048108
v -23.283974540 -2.638706709 -5.335441315
v -23.226056348 -2.613747096 -5.343956133
v -23.233245037 -2.579035478 -5.291103247
v -23.291163228 -2.603995090 -5.282588429
v 71.967792677 -60.373280271 -4.458833802
v 71.917859878 -60.373581413 -4.498287887
v 71.886451369 -60.334762852 -4.458833802
v 71.936384168 -60.334461709 -4.419379717
v 76.285054193 -51.330500155 -9.955386777
v 76.198108312 -51.334527973 -10.020831636
v 76.142567744 -51.272233868 -9.950877873
v 76.229513626 -51.268206049 -9.885433013
v 79.224779321 -41.910533056 -15.185530645
v 79.121971743 -41.923942951 -15.256060058
v 79.054895060 -41.862089300 -15.170045724
v 79.157702637 -41.848679405 -15.099516312
v 80.792464307 -32.352011735 -20.108695615
v 80.677931880 -32.377216077 -20.180698516
v 80.602517259 -32.320224043 -20.080689035
v 80.717049685 -32.295019700 -20.008686133
v 81.024687107 -22.876371043 -24.690389896
v 80.901526158 -22.915333886 -24.761820025
v 80.820365433 -22.865696386 -24.648957093
v 80.943526382 -22.826733543 -24.577526964
v 79.998031947 -13.688476051 -28.900386020
v 79.869154251 -13.742720206 -28.969912466
v 79.784653279 -13.701963491 -28.845075407
v 79.913530975 -13.647719336 -28.775548961
v 77.824894081 -4.968752495 -32.712847810
v 77.693197368 -5.039309030 -32.779610651
v 77.607645568 -5.008326130 -32.643594199
v 77.739342281 -4.937769596 -32.576831358
v 74.647190858 3.133716667 -36.106453658
v 74.515538943 3.046358171 -36.169971227
v 74.431114742 3.067125720 -36.023548967
v 74.562766657 3.154484216 -35.960031398
v 70.628531722 10.506563767 -39.064484727
v 70.499651613 10.402483380 -39.124612052
v 70.418423435 10.412916645 -38.968563231
v 70.547303544 10.516997033 -38.908435905
v 65.945203396 17.077595751 -41.574871117
v 65.821538778 16.957438125 -41.631774344
v 65.745478315 16.957638764 -41.466900041
v 65.869142933 17.077796390 -41.409996815
v 60.776353371 22.815998436 -43.630194589
v 60.659898730 22.680927290 -43.684323163
v 60.590907752 22.671137724 -43.511464232
v 60.707362393 22.806208870 -43.457335658
v 55.293838468 27.730969328 -45.227648725
v 55.185977913 27.582578240 -45.279691752
v 55.125919421 27.563126517 -45.099755934
v 55.233779975 27.711517605 -45.047712907
v 49.652337312 31.867516092 -46.368958871
v 49.553719304 31.707697262 -46.419773837
v 49.504433807 31.678970543 -46.233775326
v 49.603051815 31.838789373 -46.182960360
v 43.980504898 35.299292401 -47.060264735
v 43.890995679 35.130071437 -47.110771561
v 43.854274853 35.092519751 -46.919878851
v 43.943784073 35.261740715 -46.869372025
v 38.374142107 38.118625285 -47.311966913
v 38.292910486 37.941978298 -47.363014747
v 38.270400152 37.896144327 -47.168589575
v 38.351631774 38.072791314 -47.117541742
v 32.892474568 40.424366545 -47.138533266
v 32.818251704 40.242045498 -47.190775463
v 32.811276625 40.188607230 -46.994370411
v 32.885499490 40.370928277 -46.942128214
v 27.558536605 42.308837893 -46.558254053
v 27.490041260 42.122239314 -46.612096352
v 27.499393938 42.062043497 -46.415376688
v 27.567889284 42.248642076 -46.361534389
v 22.364187352 43.845745943 -45.592936053
v 22.300607114 43.655861283 -45.648615866
v 22.326400480 43.589924128 -45.453203824
v 22.389980718 43.779808788 -45.397524011
v 17.279413874 45.081195524 -44.267545608
v 17.220752371 44.888669367 -44.325325878
v 17.262441430 44.818134796 -44.132626761
v 17.321102933 45.010660953 -44.074846491
v 12.264507890 46.029540684 -42.609834770
v 12.211647778 45.834830689 -42.670201824
v 12.268238953 45.760902187 -42.481304046
v 12.321099066 45.955612182 -42.420936992
v 7.282883118 46.674776195 -40.649981090
v 7.237369288 46.478368212 -40.713726572
v 7.307720748 46.402248853 -40.529423543
v 7.353234578 46.598656836 -40.465678061
v 2.312160206 46.976858581 -38.420240304
v 2.275837652 46.779468198 -38.488397876
v 2.358916808 46.702338635 -38.309298379
v 2.395239362 46.899729017 -38.241140806
v -2.648240859 46.881302320 -35.954590591
v -2.673589913 46.684005130 -36.028287569
v -2.578569312 46.607046690 -35.854942584
v -2.553220258 46.804343880 -35.781245606
v -7.573737754 46.329993606 -33.288353977
v -7.586677867 46.134259064 -33.368655211
v -7.480241643 46.058707319 -33.201649194
v -7.467301530 46.254441862 -33.121347959
v -12.415223843 45.271395668 -30.457796390
v -12.414852101 45.079031275 -30.545585302
v -12.297338177 45.006236064 -30.385577720
v -12.297709919 45.198600458 -30.297788809
v -17.102863269 43.668907013 -27.499716233
v -17.088905339 43.481938047 -27.595623150
v -16.960582397 43.413408155 -27.443349608
v -16.974540328 43.600377121 -27.347442692
v -21.551973775 41.506765324 -24.451031581
v -21.524805521 41.327280434 -24.555401657
v -21.386006966 41.264698780 -24.411649960
v -21.413175220 41.444183671 -24.307279883
v -25.669978481 38.793379234 -21.348373583
v -25.630588003 38.623369276 -21.461262364
v -25.481840527 38.568572658 -21.326836208
v -25.521231005 38.738582616 -21.213947427
v -29.363590543 35.562272909 -18.227691460
v -29.313494372 35.403484221 -18.348877933
v -29.155627522 35.358408191 -18.224556397
v -29.205723693 35.517196879 -18.103369924
v -32.545605413 31.870979878 -15.123873184
v -32.486732067 31.724796522 -15.252883262
v -32.320959776 31.691390502 -15.139380706
v -32.379833123 31.837573858 -15.010370628
v -35.140862897 27.798279065 -12.070385385
v -35.075416708 27.665642614 -12.206521286
v -34.903385065 27.645763138 -12.104450058
v -34.968831254 27.778399589 -11.968314157
v -37.091091129 23.440173371 -9.098935700
v -37.021408812 23.321543811 -9.241308368
v -36.845207041 23.316835222 -9.151145518
v -36.914889358 23.435464783 -9.008772850
v -38.358460649 18.904997010 -6.239160628
v -38.286872268 18.800354241 -6.386723244
v -38.109006371 18.812126595 -6.308781824
v -38.180594751 18.916769363 -6.161219208
v -38.927767986 14.308015432 -3.518341793
v -38.856472690 14.216897541 -3.669922799
v -38.679803455 14.246011074 -3.604328025
v -38.751098751 14.337128965 -3.452747019
v -38.807242593 9.765855660 -0.961153302
v -38.738207691 9.687427456 -1.115487355
v -38.565856776 9.734191912 -1.062157737
v -38.634891677 9.812620116 -0.907823684
v -38.028033881 5.391075637 1.410557267
v -37.962923593 5.324218951 1.254802319
v -37.798152992 5.388314369 1.296168929
v -37.863263281 5.455171055 1.451923877
v -36.642489412 1.287148064 3.577951967
v -36.582626813 1.230563968 3.422154617
v -36.428698119 1.310987360 3.452090216
v -36.488560718 1.367571455 3.607887565
v -34.721381643 -2.455903564 5.525347461
v -34.667744225 -2.503590955 5.370922219
v -34.527764511 -2.408551411 5.390193438
v -34.581401929 -2.360864020 5.544618679
v -32.350279196 -5.765021378 7.240319622
v -32.303524876 -5.805169351 7.088722460
v -32.180285716 -5.697934554 7.098331501
v -32.227040036 -5.657786581 7.249928663
v -29.625288673 -8.586632828 8.713764750
v -29.585805291 -8.620500694 8.566523975
v -29.481620154 -8.504182708 8.567706661
v -29.521103535 -8.470314843 8.714947436
v -26.648414453 -10.888072290 9.939911778
v -26.616381675 -10.916762056 9.798703477
v -26.532924366 -10.795145902 9.792926412
v -26.564957145 -10.766456136 9.934134713
v -23.522797006 -12.657847894 10.916270527
v -23.498245001 -12.682260438 10.783084266
v -23.436386733 -12.559830558 10.772046488
v -23.460938737 -12.535418014 10.905232750
v -20.348097309 -13.904720477 11.643461751
v -20.330941131 -13.925500665 11.520997591
v -20.290571420 -13.807652335 11.506656084
v -20.307727597 -13.786872147 11.629120245
v -17.216305179 -14.655437333 12.124629626
v -17.206327818 -14.672786572 12.017586198
v -17.186102830 -14.566879476 12.002306274
v -17.196080190 -14.549530237 12.109349702
v -14.210804790 -14.943054168 12.352953475
v -14.206522328 -14.953057793 12.290251088
v -14.199342709 -14.890539710 12.280767223
v -14.203625171 -14.880536085 12.343469610
vt 0.000000000 0.000000000
vt 0.000000000 0.250000000
vt 0.000000000 0.500000000
vt 0.000000000 0.750000000
vt 0.015625000 0.000000000
vt 0.015625000 0.250000000
vt 0.015625000 0.500000000
vt 0.015625000 0.750000000
vt 0.031250000 0.000000000
vt 0.031250000 0.250000000
vt 0.031250000 0.500000000
vt 0.031250000 0.750000000
vt 0.046875000 0.000000000
vt 0.046875000 0.250000000
vt 0.046875000 0.500000000
vt 0.046875000 0.750000000
vt 0.062500000 0.000000000
vt 0.062500000 0.250000000
vt 0.062500000 0.500000000
vt 0.062500000 0.750000000
vt 0.078125000 0.000000000
vt 0.078125000 0.250000000
vt 0.078125000 0.500000000
vt 0.078125000 0.750000000
vt 0.093750000 0.000000000
vt 0.093750000 0.250000000
vt 0.093750000 0.500000000
vt 0.093750000 0.750000000
vt 0.109375000 0.000000000
vt 0.109375000 0.250000000
vt 0.109375000 0.500000000
vt 0.109375000 0.750000000
vt 0.125000000 0.000000000
vt 0.125000000 0.250000000
vt 0.125000000 0.500000000
vt 0.125000000 0.750000000
vt 0.140625000 0.000000000
vt 0.140625000 0.250000000
vt 0.140625000 0.500000000
vt 0.140625000 0.750000000
vt 0.156250000 0.000000000
vt 0.156250000 0.250000000
vt 0.156250000 0.500000000
vt 0.156250000 0.750000000
vt 0.171875000 0.000000000
vt 0.171875000 0.250000000
vt 0.171875000 0.500000000
vt 0.171875000 0.750000000
vt 0.187500000 0.000000000
vt 0.187500000 0.250000000
vt 0.187500000 0.500000000
vt 0.187500000 0.750000000
vt 0.203125000 0.000000000
vt 0.203125000 0.250000000
vt 0.203125000 0.500000000
vt 0.203125000 0.750000000
vt 0.218750000 0.000000000
vt 0.218750000 0.250000000
vt 0.218750000 0.500000000
vt 0.218750000 0.750000000
vt 0.234375000 0.000000000
vt 0.234375000 0.250000000
vt 0.234375000 0.500000000
vt 0.234375000 0.750000000
vt 0.250000000 0.000000000
vt 0.250000000 0.250000000
vt 0.250000000 0.500000000
vt 0.250000000 0.750000000
vt 0.265625000 0.000000000
vt 0.265625000 0.250000000
vt 0.265625000 0.500000000
vt 0.265625000 0.750000000
vt 0.281250000 0.000000000
vt 0.281250000 0.250000000
vt 0.281250000 0.500000000
vt 0.281250000 0.750000000
vt 0.296875000 0.000000000
vt 0.296875000 0.250000000
vt 0.296875000 0.500000000
vt 0.296875000 0.750000000
vt 0.312500000 0.000000000
vt 0.312500000 0.250000000
vt 0.312500000 0.500000000
vt 0.312500000 0.750000000
vt 0.328125000 0.000000000
vt 0.328125000 0.250000000
vt 0.328125000 0.500000000
vt 0.328125000 0.750000000
vt 0.343750000 0.000000000
vt 0.343750000 0.250000000
vt 0.343750000 0.500000000
vt 0.343750000 0.750000000
vt 0.359375000 0.000000000
vt 0.359375000 0.250000000
vt 0.359375000 0.500000000
vt 0.359375000 0.750000000
vt 0.375000000 0.000000000
vt 0.375000000 0.250000000
vt 0.375000000 0.500000000
vt 0.375000000 0.750000000
vt 0.390625000 0.000000000
vt 0.390625000 0.250000000
vt 0.390625000 0.500000000
vt 0.390625000 0.750000000
vt 0.406250000 0.000000000
vt 0.406250000 0.250000000
vt 0.406250000 0.500000000
vt 0.406250000 0.750000000
vt 0.421875000 0.000000000
vt 0.421875000 0.250000000
vt 0.421875000 0.500000000
vt 0.421875000 0.750000000
vt 0.437500000 0.000000000
vt 0.437500000 0.250000000
vt 0.437500000 0.500000000
vt 0.437500000 0.750000000
vt 0.453125000 0.000000000
vt 0.453125000 0.250000000
vt 0.453125000 0.500000000
vt 0.453125000 0.750000000
vt 0.468750000 0.000000000
vt 0.468750000 0.250000000
vt 0.468750000 0.500000000
vt 0.468750000 0.750000000
vt 0.484375000 0.000000000
vt 0.484375000 0.250000000
vt 0.484375000 0.500000000
vt 0.484375000 0.750000000
vt 0.500000000 0.000000000
vt 0.500000000 0.250000000
vt 0.500000000 0.500000000
vt 0.500000000 0.750000000
vt 0.515625000 0.000000000
vt 0.515625000 0.250000000
vt 0.515625000 0.500000000
vt 0.515625000 0.750000000
vt 0.531250000 0.000000000
vt 0.531250000 0.250000000
vt 0.531250000 0.500000000
vt 0.531250000 0.750000000
vt 0.546875000 0.000000000
vt 0.546875000 0.250000000
vt 0.546875000 0.500000000
vt 0.546875000 0.750000000
vt 0.562500000 0.000000000
vt 0.562500000 0.250000000
vt 0.562500000 0.500000000
vt 0.562500000 0.750000000
vt 0.578125000 0.000000000
vt 0.578125000 0.250000000
vt 0.578125000 0.500000000
vt 0.578125000 0.750000000
vt 0.593750000 0.000000000
vt 0.593750000 0.250000000
vt 0.593750000 0.500000000
vt 0.593750000 0.750000000
vt 0.609375000 0.000000000
vt 0.609375000 0.250000000
vt 0.609375000 0.500000000
vt 0.609375000 0.750000000
vt 0.625000000 0.000000000
vt 0.625000000 0.250000000
vt 0.625000000 0.500000000
vt 0.625000000 0.750000000
vt 0.640625000 0.000000000
vt 0.640625000 0.250000000
vt 0.640625000 0.500000000
vt 0.640625000 0.750000000
vt 0.656250000 0.000000000
vt 0.656250000 0.250000000
vt 0.656250000 0.500000000
vt 0.656250000 0.750000000
vt 0.671875000 0.000000000
vt 0.671875000 0.250000000
vt 0.671875000 0.500000000
vt 0.671875000 0.750000000
vt 0.687500000 0.000000000
vt 0.687500000 0.250000000
vt 0.687500000 0.500000000
vt 0.687500000 0.750000000
vt 0.703125000 0.000000000
vt 0.703125000 0.250000000
vt 0.703125000 0.500000000
vt 0.703125000 0.750000000
vt 0.718750000 0.000000000
vt 0.718750000 0.250000000
vt 0.718750000 0.500000000
vt 0.718750000 0.750000000
vt 0.734375000 0.000000000
vt 0.734375000 0.250000000
vt 0.734375000 0.500000000
vt 0.734375000 0.750000000
vt 0.750000000 0.000000000
vt 0.750000000 0.250000000
vt 0.750000000 0.500000000
vt 0.750000000 0.750000000
vt 0.765625000 0.000000000
vt 0.765625000 0.250000000
vt 0.765625000 0.500000000
vt 0.765625000 0.750000000
vt 0.781250000 0.000000000
vt 0.781250000 0.250000000
vt 0.781250000 0.500000000
vt 0.781250000 0.750000000
vt 0.796875000 0.000000000
vt 0.796875000 0.250000000
vt 0.796875000 0.500000000
vt 0.796875000 0.750000000
vt 0.812500000 0.000000000
vt 0.812500000 0.250000000
vt 0.812500000 0.500000000
vt 0.812500000 0.750000000
vt 0.828125000 0.000000000
vt 0.828125000 0.250000000
vt 0.828125000 0.500000000
vt 0.828125000 0.750000000
vt 0.843750000 0.000000000
vt 0.843750000 0.250000000
vt 0.843750000 0.500000000
vt 0.843750000 0.750000000
vt 0.859375000 0.000000000
vt 0.859375000 0.250000000
vt 0.859375000 0.500000000
vt 0.859375000 0.750000000
vt 0.875000000 0.000000000
vt 0.875000000 0.250000000
vt 0.875000000 0.500000000
vt 0.875000000 0.750000000
vt 0.890625000 0.000000000
vt 0.890625000 0.250000000
vt 0.890625000 0.500000000
vt 0.890625000 0.750000000
vt 0.906250000 0.000000000
vt 0.906250000 0.250000000
vt 0.906250000 0.500000000
vt 0.906250000 0.750000000
vt 0.921875000 0.000000000
vt 0.921875000 0.250000000
vt 0.921875000 0.500000000
vt 0.921875000 0.750000000
vt 0.937500000 0.000000000
vt 0.937500000 0.250000000
vt 0.937500000 0.500000000
vt 0.937500000 0.750000000
vt 0.953125000 0.000000000
vt 0.953125000 0.250000000
vt 0.953125000 0.500000000
vt 0.953125000 0.750000000
vt 0.968750000 0.000000000
vt 0.968750000 0.250000000
vt 0.968750000 0.500000000
vt 0.968750000 0.750000000
vt 0.984375000 0.000000000
vt 0.984375000 0.250000000
vt 0.984375000 0.500000000
vt 0.984375000 0.750000000
vt 1.000000000 0.000000000
vt 1.000000000 0.250000000
vt 1.000000000 0.500000000
vt 1.000000000 0.750000000
vt 0.000000000 2.000000000
vt 0.000000000 2.250000000
vt 0.000000000 2.500000000
vt 0.000000000 2.750000000
vt 0.015625000 2.000000000
vt 0.015625000 2.250000000
vt 0.015625000 2.500000000
vt 0.015625000 2.750000000
vt 0.031250000 2.000000000
vt 0.031250000 2.250000000
vt 0.031250000 2.500000000
vt 0.031250000 2.750000000
vt 0.046875000 2.000000000
vt 0.046875000 2.250000000
vt 0.046875000 2.500000000
vt 0.046875000 2.750000000
vt 0.062500000 2.000000000
vt 0.062500000 2.250000000
vt 0.062500000 2.500000000
vt 0.062500000 2.750000000
vt 0.078125000 2.000000000
vt 0.078125000 2.250000000
vt 0.078125000 2.500000000
vt 0.078125000 2.750000000
vt 0.093750000 2.000000000
vt 0.093750000 2.250000000
vt 0.093750000 2.500000000
vt 0.093750000 2.750000000
vt 0.109375000 2.000000000
vt 0.109375000 2.250000000
vt 0.109375000 2.500000000
vt 0.109375000 2.750000000
vt 0.125000000 2.000000000
vt 0.125000000 2.250000000
vt 0.125000000 2.500000000
vt 0.125000000 2.750000000
vt 0.140625000 2.000000000
vt 0.140625000 2.250000000
vt 0.140625000 2.500000000
vt 0.140625000 2.750000000
vt 0.156250000 2.000000000
vt 0.156250000 2.250000000
vt 0.156250000 2.500000000
vt 0.156250000 2.750000000
vt 0.171875000 2.000000000
vt 0.171875000 2.250000000
vt 0.171875000 2.500000000
vt 0.171875000 2.750000000
vt 0.187500000 2.000000000
vt 0.187500000 2.250000000
vt 0.187500000 2.500000000
vt 0.187500000 2.750000000
vt 0.203125000 2.000000000
vt 0.203125000 2.250000000
vt 0.203125000 2.500000000
vt 0.203125000 2.750000000
vt 0.218750000 2.000000000
vt 0.218750000 2.250000000
vt 0.218750000 2.500000000
vt 0.218750000 2.750000000
vt 0.234375000 2.000000000
vt 0.234375000 2.250000000
vt 0.234375000 2.500000000
vt 0.234375000 2.750000000
vt 0.250000000 2.000000000
vt 0.250000000 2.250000000
vt 0.250000000 2.500000000
vt 0.250000000 2.750000000
vt 0.265625000 2.000000000
vt 0.265625000 2.250000000
vt 0.265625000 2.500000000
vt 0.265625000 2.750000000
vt 0.281250000 2.000000000
vt 0.281250000 2.250000000
vt 0.281250000 2.500000000
vt 0.281250000 2.750000000
vt 0.296875000 2.000000000
vt 0.296875000 2.250000000
vt 0.296875000 2.500000000
vt 0.296875000 2.750000000
vt 0.312500000 2.000000000
vt 0.312500000 2.250000000
vt 0.312500000 2.500000000
vt 0.312500000 2.750000000
vt 0.328125000 2.000000000
vt 0.328125000 2.250000000
vt 0.328125000 2.500000000
vt 0.328125000 2.750000000
vt 0.343750000 2.000000000
vt 0.343750000 2.250000000
vt 0.343750000 2.500000000
vt 0.343750000 2.750000000
vt 0.359375000 2.000000000
vt 0.359375000 2.250000000
vt 0.359375000 2.500000000
vt 0.359375000 2.750000000
vt 0.375000000 2.000000000
vt 0.375000000 2.250000000
vt 0.375000000 2.500000000
vt 0.375000000 2.750000000
vt 0.390625000 2.000000000
vt 0.390625000 2.250000000
vt 0.390625000 2.500000000
vt 0.390625000 2.750000000
vt 0.406250000 2.000000000
vt 0.406250000 2.250000000
vt 0.406250000 2.500000000
vt 0.406250000 2.750000000
vt 0.421875000 2.000000000
vt 0.421875000 2.250000000
vt 0.421875000 2.500000000
vt 0.421875000 2.750000000
vt 0.437500000 2.000000000
vt 0.437500000 2.250000000
vt 0.437500000 2.500000000
vt 0.437500000 2.750000000
vt 0.453125000 2.000000000
vt 0.453125000 2.250000000
vt 0.453125000 2.500000000
vt 0.453125000 2.750000000
vt 0.468750000 2.000000000
vt 0.468750000 2.250000000
vt 0.468750000 2.500000000
vt 0.468750000 2.750000000
vt 0.484375000 2.000000000
vt 0.484375000 2.250000000
vt 0.484375000 2.500000000
vt 0.484375000 2.750000000
vt 0.500000000 2.000000000
vt 0.500000000 2.250000000
vt 0.500000000 2.500000000
vt 0.500000000 2.750000000
vt 0.515625000 2.000000000
vt 0.515625000 2.250000000
vt 0.515625000 2.500000000
vt 0.515625000 2.750000000
vt 0.531250000 2.000000000
vt 0.531250000 2.250000000
vt 0.531250000 2.500000000
vt 0.531250000 2.750000000
vt 0.546875000 2.000000000
vt 0.546875000 2.250000000
vt 0.546875000 2.500000000
vt 0.546875000 2.750000000
vt 0.562500000 2.000000000
vt 0.562500000 2.250000000
vt 0.562500000 2.500000000
vt 0.562500000 2.750000000
vt 0.578125000 2.000000000
vt 0.578125000 2.250000000
vt 0.578125000 2.500000000
vt 0.578125000 2.750000000
vt 0.593750000 2.000000000
vt 0.593750000 2.250000000
vt 0.593750000 2.500000000
vt 0.593750000 2.750000000
vt 0.609375000 2.000000000
vt 0.609375000 2.250000000
vt 0.609375000 2.500000000
vt 0.609375000 2.750000000
vt 0.625000000 2.000000000
vt 0.625000000 2.250000000
vt 0.625000000 2.500000000
vt 0.625000000 2.750000000
vt 0.640625000 2.000000000
vt 0.640625000 2.250000000
vt 0.640625000 2.500000000
vt 0.640625000 2.750000000
vt 0.656250000 2.000000000
vt 0.656250000 2.250000000
vt 0.656250000 2.500000000
vt 0.656250000 2.750000000
vt 0.671875000 2.000000000
vt 0.671875000 2.250000000
vt 0.671875000 2.500000000
vt 0.671875000 2.750000000
vt 0.687500000 2.000000000
vt 0.687500000 2.250000000
vt 0.687500000 2.500000000
vt 0.687500000 2.750000000
vt 0.703125000 2.000000000
vt 0.703125000 2.250000000
vt 0.703125000 2.500000000
vt 0.703125000 2.750000000
vt 0.718750000 2.000000000
vt 0.718750000 2.250000000
vt 0.718750000 2.500000000
vt 0.718750000 2.750000000
vt 0.734375000 2.000000000
vt 0.734375000 2.250000000
vt 0.734375000 2.500000000
vt 0.734375000 2.750000000
vt 0.750000000 2.000000000
vt 0.750000000 2.250000000
vt 0.750000000 2.500000000
vt 0.750000000 2.750000000
vt 0.765625000 2.000000000
vt 0.765625000 2.250000000
vt 0.765625000 2.500000000
vt 0.765625000 2.750000000
vt 0.781250000 2.000000000
vt 0.781250000 2.250000000
vt 0.781250000 2.500000000
vt 0.781250000 2.750000000
vt 0.796875000 2.000000000
vt 0.796875000 2.250000000
vt 0.796875000 2.500000000
vt 0.796875000 2.750000000
vt 0.812500000 2.000000000
vt 0.812500000 2.250000000
vt 0.812500000 2.500000000
vt 0.812500000 2.750000000
vt 0.828125000 2.000000000
vt 0.828125000 2.250000000
vt 0.828125000 2.500000000
vt 0.828125000 2.750000000
vt 0.843750000 2.000000000
vt 0.843750000 2.250000000
vt 0.843750000 2.500000000
vt 0.843750000 2.750000000
vt 0.859375000 2.000000000
vt 0.859375000 2.250000000
vt 0.859375000 2.500000000
vt 0.859375000 2.750000000
vt 0.875000000 2.000000000
vt 0.875000000 2.250000000
vt 0.875000000 2.500000000
vt 0.875000000 2.750000000
vt 0.890625000 2.000000000
vt 0.890625000 2.250000000
vt 0.890625000 2.500000000
vt 0.890625000 2.750000000
vt 0.906250000 2.000000000
vt 0.906250000 2.250000000
vt 0.906250000 2.500000000
vt 0.906250000 2.750000000
vt 0.921875000 2.000000000
vt 0.921875000 2.250000000
vt 0.921875000 2.500000000
vt 0.921875000 2.750000000
vt 0.937500000 2.000000000
vt 0.937500000 2.250000000
vt 0.937500000 2.500000000
vt 0.937500000 2.750000000
vt 0.953125000 2.000000000
vt 0.953125000 2.250000000
vt 0.953125000 2.500000000
vt 0.953125000 2.750000000
vt 0.968750000 2.000000000
vt 0.968750000 2.250000000
vt 0.968750000 2.500000000
vt 0.968750000 2.750000000
vt 0.984375000 2.000000000
vt 0.984375000 2.250000000
vt 0.984375000 2.500000000
vt 0.984375000 2.750000000
vt 1.000000000 2.000000000
vt 1.000000000 2.250000000
vt 1.000000000 2.500000000
vt 1.000000000 2.750000000
vt 0.000000000 4.000000000
vt 0.000000000 4.250000000
vt 0.000000000 4.500000000
vt 0.000000000 4.750000000
vt 0.015625000 4.000000000
vt 0.015625000 4.250000000
vt 0.015625000 4.500000000
vt 0.015625000 4.750000000
vt 0.031250000 4.000000000
vt 0.031250000 4.250000000
vt 0.031250000 4.500000000
vt 0.031250000 4.750000000
vt 0.046875000 4.000000000
vt 0.046875000 4.250000000
vt 0.046875000 4.500000000
vt 0.046875000 4.750000000
vt 0.062500000 4.000000000
vt 0.062500000 4.250000000
vt 0.062500000 4.500000000
vt 0.062500000 4.750000000
vt 0.078125000 4.000000000
vt 0.078125000 4.250000000
vt 0.078125000 4.500000000
vt 0.078125000 4.750000000
vt 0.093750000 4.000000000
vt 0.093750000 4.250000000
vt 0.093750000 4.500000000
vt 0.093750000 4.750000000
vt 0.109375000 4.000000000
vt 0.109375000 4.250000000
vt 0.109375000 4.500000000
vt 0.109375000 4.750000000
vt 0.125000000 4.000000000
vt 0.125000000 4.250000000
vt 0.125000000 4.500000000
vt 0.125000000 4.750000000
vt 0.140625000 4.000000000
vt 0.140625000 4.250000000
vt 0.140625000 4.500000000
vt 0.140625000 4.750000000
vt 0.156250000 4.000000000
vt 0.156250000 4.250000000
vt 0.156250000 4.500000000
vt 0.156250000 4.750000000
vt 0.171875000 4.000000000
vt 0.171875000 4.250000000
vt 0.171875000 4.500000000
vt 0.171875000 4.750000000
vt 0.187500000 4.000000000
vt 0.187500000 4.250000000
vt 0.187500000 4.500000000
vt 0.187500000 4.750000000
vt 0.203125000 4.000000000
vt 0.203125000 4.250000000
vt 0.203125000 4.500000000
vt 0.203125000 4.750000000
vt 0.218750000 4.000000000
vt 0.218750000 4.250000000
vt 0.218750000 4.500000000
vt 0.218750000 4.750000000
vt 0.234375000 4.000000000
vt 0.234375000 4.250000000
vt 0.234375000 4.500000000
vt 0.234375000 4.750000000
vt 0.250000000 4.000000000
vt 0.250000000 4.250000000
vt 0.250000000 4.500000000
vt 0.250000000 4.750000000
vt 0.265625000 4.000000000
vt 0.265625000 4.250000000
vt 0.265625000 4.500000000
vt 0.265625000 4.750000000
vt 0.281250000 4.000000000
vt 0.281250000 4.250000000
vt 0.281250000 4.500000000
vt 0.281250000 4.750000000
vt 0.296875000 4.000000000
vt 0.296875000 4.250000000
vt 0.296875000 4.500000000
vt 0.296875000 4.750000000
vt 0.312500000 4.000000000
vt 0.312500000 4.250000000
vt 0.312500000 4.500000000
vt 0.312500000 4.750000000
vt 0.328125000 4.000000000
vt 0.328125000 4.250000000
vt 0.328125000 4.500000000
vt 0.328125000 4.750000000
vt 0.343750000 4.000000000
vt 0.343750000 4.250000000
vt 0.343750000 4.500000000
vt 0.343750000 4.750000000
vt 0.359375000 4.000000000
vt 0.359375000 4.250000000
vt 0.359375000 4.500000000
vt 0.359375000 4.750000000
vt 0.375000000 4.000000000
vt 0.375000000 4.250000000
vt 0.375000000 4.500000000
vt 0.375000000 4.750000000
vt 0.390625000 4.000000000
vt 0.390625000 4.250000000
vt 0.390625000 4.500000000
vt 0.390625000 4.750000000
vt 0.406250000 4.000000000
vt 0.406250000 4.250000000
vt 0.406250000 4.500000000
vt 0.406250000 4.750000000
vt 0.421875000 4.000000000
vt 0.421875000 4.250000000
vt 0.421875000 4.500000000
vt 0.421875000 4.750000000
vt 0.437500000 4.000000000
vt 0.437500000 4.250000000
vt 0.437500000 4.500000000
vt 0.437500000 4.750000000
vt 0.453125000 4.000000000
vt 0.453125000 4.250000000
vt 0.453125000 4.500000000
vt 0.453125000 4.750000000
vt 0.468750000 4.000000000
vt 0.468750000 4.250000000
vt 0.468750000 4.500000000
vt 0.468750000 4.750000000
vt 0.484375000 4.000000000
vt 0.484375000 4.250000000
vt 0.484375000 4.500000000
vt 0.484375000 4.750000000
vt 0.500000000 4.000000000
vt 0.500000000 4.250000000
vt 0.500000000 4.500000000
vt 0.500000000 4.750000000
vt 0.515625000 4.000000000
vt 0.515625000 4.250000000
vt 0.515625000 4.500000000
vt 0.515625000 4.750000000
vt 0.531250000 4.000000000
vt 0.531250000 4.250000000
vt 0.531250000 4.500000000
vt 0.531250000 4.750000000
vt 0.546875000 4.000000000
vt 0.546875000 4.250000000
vt 0.546875000 4.500000000
vt 0.546875000 4.750000000
vt 0.562500000 4.000000000
vt 0.562500000 4.250000000
vt 0.562500000 4.500000000
vt 0.562500000 4.750000000
vt 0.578125000 4.000000000
vt 0.578125000 4.250000000
vt 0.578125000 4.500000000
vt 0.578125000 4.750000000
vt 0.593750000 4.000000000
vt 0.593750000 4.250000000
vt 0.593750000 4.500000000
vt 0.593750000 4.750000000
vt 0.609375000 4.000000000
vt 0.609375000 4.250000000
vt 0.609375000 4.500000000
vt 0.609375000 4.750000000
vt 0.625000000 4.000000000
vt 0.625000000 4.250000000
vt 0.625000000 4.500000000
vt 0.625000000 4.750000000
vt 0.640625000 4.000000000
vt 0.640625000 4.250000000
vt 0.640625000 4.500000000
vt 0.640625000 4.750000000
vt 0.656250000 4.000000000
vt 0.656250000 4.250000000
vt 0.656250000 4.500000000
vt 0.656250000 4.750000000
vt 0.671875000 4.000000000
vt 0.671875000 4.250000000
vt 0.671875000 4.500000000
vt 0.671875000 4.750000000
vt 0.687500000 4.000000000
vt 0.687500000 4.250000000
vt 0.687500000 4.500000000
vt 0.687500000 4.750000000
vt 0.703125000 4.000000000
vt 0.703125000 4.250000000
vt 0.703125000 4.500000000
vt 0.703125000 4.750000000
vt 0.718750000 4.000000000
vt 0.718750000 4.250000000
vt 0.718750000 4.500000000
vt 0.718750000 4.750000000
vt 0.734375000 4.000000000
vt 0.734375000 4.250000000
vt 0.734375000 4.500000000
vt 0.734375000 4.750000000
vt 0.750000000 4.000000000
vt 0.750000000 4.250000000
vt 0.750000000 4.500000000
vt 0.750000000 4.750000000
vt 0.765625000 4.000000000
vt 0.765625000 4.250000000
vt 0.765625000 4.500000000
vt 0.765625000 4.750000000
vt 0.781250000 4.000000000
vt 0.781250000 4.250000000
vt 0.781250000 4.500000000
vt 0.781250000 4.750000000
vt 0.796875000 4.000000000
vt 0.796875000 4.250000000
vt 0.796875000 4.500000000
vt 0.796875000 4.750000000
vt 0.812500000 4.000000000
vt 0.812500000 4.250000000
vt 0.812500000 4.500000000
vt 0.812500000 4.750000000
vt 0.828125000 4.000000000
vt 0.828125000 4.250000000
vt 0.828125000 4.500000000
vt 0.828125000 4.750000000
vt 0.843750000 4.000000000
vt 0.843750000 4.250000000
vt 0.843750000 4.500000000
vt 0.843750000 4.750000000
vt 0.859375000 4.000000000
vt 0.859375000 4.250000000
vt 0.859375000 4.500000000
vt 0.859375000 4.750000000
vt 0.875000000 4.000000000
vt 0.875000000 4.250000000
vt 0.875000000 4.500000000
vt 0.875000000 4.750000000
vt 0.890625000 4.000000000
vt 0.890625000 4.250000000
vt 0.890625000 4.500000000
vt 0.890625000 4.750000000
vt 0.906250000 4.000000000
vt 0.906250000 4.250000000
vt 0.906250000 4.500000000
vt 0.906250000 4.750000000
vt 0.921875000 4.000000000
vt 0.921875000 4.250000000
vt 0.921875000 4.500000000
vt 0.921875000 4.750000000
vt 0.937500000 4.000000000
vt 0.937500000 4.250000000
vt 0.937500000 4.500000000
vt 0.937500000 4.750000000
vt 0.953125000 4.000000000
vt 0.953125000 4.250000000
vt 0.953125000 4.500000000
vt 0.953125000 4.750000000
vt 0.968750000 4.000000000
vt 0.968750000 4.250000000
vt 0.968750000 4.500000000
vt 0.968750000 4.750000000
vt 0.984375000 4.000000000
vt 0.984375000 4.250000000
vt 0.984375000 4.500000000
vt 0.984375000 4.750000000
vt 1.000000000 4.000000000
vt 1.000000000 4.250000000
vt 1.000000000 4.500000000
vt 1.000000000 4.750000000
vt 4.000000000 6.000000000
vt 4.000000000 6.250000000
vt 4.000000000 6.500000000
vt 4.000000000 6.750000000
vt 4.022727273 6.000000000
vt 4.022727273 6.250000000
vt 4.022727273 6.500000000
vt 4.022727273 6.750000000
vt 4.045454545 6.000000000
vt 4.045454545 6.250000000
vt 4.045454545 6.500000000
vt 4.045454545 6.750000000
vt 4.068181818 6.000000000
vt 4.068181818 6.250000000
vt 4.068181818 6.500000000
vt 4.068181818 6.750000000
vt 4.090909091 6.000000000
vt 4.090909091 6.250000000
vt 4.090909091 6.500000000
vt 4.090909091 6.750000000
vt 4.113636364 6.000000000
vt 4.113636364 6.250000000
vt 4.113636364 6.500000000
vt 4.113636364 6.750000000
vt 4.136363636 6.000000000
vt 4.136363636 6.250000000
vt 4.136363636 6.500000000
vt 4.136363636 6.750000000
vt 4.159090909 6.000000000
vt 4.159090909 6.250000000
vt 4.159090909 6.500000000
vt 4.159090909 6.750000000
vt 4.181818182 6.000000000
vt 4.181818182 6.250000000
vt 4.181818182 6.500000000
vt 4.181818182 6.750000000
vt 4.204545455 6.000000000
vt 4.204545455 6.250000000
vt 4.204545455 6.500000000
vt 4.204545455 6.750000000
vt 4.227272727 6.000000000
vt 4.227272727 6.250000000
vt 4.227272727 6.500000000
vt 4.227272727 6.750000000
vt 4.250000000 6.000000000
vt 4.250000000 6.250000000
vt 4.250000000 6.500000000
vt 4.250000000 6.750000000
vt 4.272727273 6.000000000
vt 4.272727273 6.250000000
vt 4.272727273 6.500000000
vt 4.272727273 6.750000000
vt 4.295454545 6.000000000
vt 4.295454545 6.250000000
vt 4.295454545 6.500000000
vt 4.295454545 6.750000000
vt 4.318181818 6.000000000
vt 4.318181818 6.250000000
vt 4.318181818 6.500000000
vt 4.318181818 6.750000000
vt 4.340909091 6.000000000
vt 4.340909091 6.250000000
vt 4.340909091 6.500000000
vt 4.340909091 6.750000000
vt 4.363636364 6.000000000
vt 4.363636364 6.250000000
vt 4.363636364 6.500000000
vt 4.363636364 6.750000000
vt 4.386363636 6.000000000
vt 4.386363636 6.250000000
vt 4.386363636 6.500000000
vt 4.386363636 6.750000000
vt 4.409090909 6.000000000
vt 4.409090909 6.250000000
vt 4.409090909 6.500000000
vt 4.409090909 6.750000000
vt 4.431818182 6.000000000
vt 4.431818182 6.250000000
vt 4.431818182 6.500000000
vt 4.431818182 6.750000000
vt 4.454545455 6.000000000
vt 4.454545455 6.250000000
vt 4.454545455 6.500000000
vt 4.454545455 6.750000000
vt 4.477272727 6.000000000
vt 4.477272727 6.250000000
vt 4.477272727 6.500000000
vt 4.477272727 6.750000000
vt 4.500000000 6.000000000
vt 4.500000000 6.250000000
vt 4.500000000 6.500000000
vt 4.500000000 6.750000000
vt 4.522727273 6.000000000
vt 4.522727273 6.250000000
vt 4.522727273 6.500000000
vt 4.522727273 6.750000000
vt 4.545454545 6.000000000
vt 4.545454545 6.250000000
vt 4.545454545 6.500000000
vt 4.545454545 6.750000000
vt 4.568181818 6.000000000
vt 4.568181818 6.250000000
vt 4.568181818 6.500000000
vt 4.568181818 6.750000000
vt 4.590909091 6.000000000
vt 4.590909091 6.250000000
vt 4.590909091 6.500000000
vt 4.590909091 6.750000000
vt 4.613636364 6.000000000
vt 4.613636364 6.250000000
vt 4.613636364 6.500000000
vt 4.613636364 6.750000000
vt 4.636363636 6.000000000
vt 4.636363636 6.250000000
vt 4.636363636 6.500000000
vt 4.636363636 6.750000000
vt 4.659090909 6.000000000
vt 4.659090909 6.250000000
vt 4.659090909 6.500000000
vt 4.659090909 6.750000000
vt 4.681818182 6.000000000
vt 4.681818182 6.250000000
vt 4.681818182 6.500000000
vt 4.681818182 6.750000000
vt 4.704545455 6.000000000
vt 4.704545455 6.250000000
vt 4.704545455 6.500000000
vt 4.704545455 6.750000000
vt 4.727272727 6.000000000
vt 4.727272727 6.250000000
vt 4.727272727 6.500000000
vt 4.727272727 6.750000000
vt 4.750000000 6.000000000
vt 4.750000000 6.250000000
vt 4.750000000 6.500000000
vt 4.750000000 6.750000000
vt 4.772727273 6.000000000
vt 4.772727273 6.250000000
vt 4.772727273 6.500000000
vt 4.772727273 6.750000000
vt 4.795454545 6.000000000
vt 4.795454545 6.250000000
vt 4.795454545 6.500000000
vt 4.795454545 6.750000000
vt 4.818181818 6.000000000
vt 4.818181818 6.250000000
vt 4.818181818 6.500000000
vt 4.818181818 6.750000000
vt 4.840909091 6.000000000
vt 4.840909091 6.250000000
vt 4.840909091 6.500000000
vt 4.840909091 6.750000000
vt 4.863636364 6.000000000
vt 4.863636364 6.250000000
vt 4.863636364 6.500000000
vt 4.863636364 6.750000000
vt 4.886363636 6.000000000
vt 4.886363636 6.250000000
vt 4.886363636 6.500000000
vt 4.886363636 6.750000000
vt 4.909090909 6.000000000
vt 4.909090909 6.250000000
vt 4.909090909 6.500000000
vt 4.909090909 6.750000000
vt 4.931818182 6.000000000
vt 4.931818182 6.250000000
vt 4.931818182 6.500000000
vt 4.931818182 6.750000000
vt 4.954545455 6.000000000
vt 4.954545455 6.250000000
vt 4.954545455 6.500000000
vt 4.954545455 6.750000000
vt 4.977272727 6.000000000
vt 4.977272727 6.250000000
vt 4.977272727 6.500000000
vt 4.977272727 6.750000000
vt 5.000000000 6.000000000
vt 5.000000000 6.250000000
vt 5.000000000 6.500000000
vt 5.000000000 6.750000000
vt 4.000000000 8.000000000
vt 4.000000000 8.250000000
vt 4.000000000 8.500000000
vt 4.000000000 8.750000000
vt 4.022727273 8.000000000
vt 4.022727273 8.250000000
vt 4.022727273 8.500000000
vt 4.022727273 8.750000000
vt 4.045454545 8.000000000
vt 4.045454545 8.250000000
vt 4.045454545 8.500000000
vt 4.045454545 8.750000000
vt 4.068181818 8.000000000
vt 4.068181818 8.250000000
vt 4.068181818 8.500000000
vt 4.068181818 8.750000000
vt 4.090909091 8.000000000
vt 4.090909091 8.250000000
vt 4.090909091 8.500000000
vt 4.090909091 8.750000000
vt 4.113636364 8.000000000
vt 4.113636364 8.250000000
vt 4.113636364 8.500000000
vt 4.113636364 8.750000000
vt 4.136363636 8.000000000
vt 4.136363636 8.250000000
vt 4.136363636 8.500000000
vt 4.136363636 8.750000000
vt 4.159090909 8.000000000
vt 4.159090909 8.250000000
vt 4.159090909 8.500000000
vt 4.159090909 8.750000000
vt 4.181818182 8.000000000
vt 4.181818182 8.250000000
vt 4.181818182 8.500000000
vt 4.181818182 8.750000000
vt 4.204545455 8.000000000
vt 4.204545455 8.250000000
vt 4.204545455 8.500000000
vt 4.204545455 8.750000000
vt 4.227272727 8.000000000
vt 4.227272727 8.250000000
vt 4.227272727 8.500000000
vt 4.227272727 8.750000000
vt 4.250000000 8.000000000
vt 4.250000000 8.250000000
vt 4.250000000 8.500000000
vt 4.250000000 8.750000000
vt 4.272727273 8.000000000
vt 4.272727273 8.250000000
vt 4.272727273 8.500000000
vt 4.272727273 8.750000000
vt 4.295454545 8.000000000
vt 4.295454545 8.250000000
vt 4.295454545 8.500000000
vt 4.295454545 8.750000000
vt 4.318181818 8.000000000
vt 4.318181818 8.250000000
vt 4.318181818 8.500000000
vt 4.318181818 8.750000000
vt 4.340909091 8.000000000
vt 4.340909091 8.250000000
vt 4.340909091 8.500000000
vt 4.340909091 8.750000000
vt 4.363636364 8.000000000
vt 4.363636364 8.250000000
vt 4.363636364 8.500000000
vt 4.363636364 8.750000000
vt 4.386363636 8.000000000
vt 4.386363636 8.250000000
vt 4.386363636 8.500000000
vt 4.386363636 8.750000000
vt 4.409090909 8.000000000
vt 4.409090909 8.250000000
vt 4.409090909 8.500000000
vt 4.409090909 8.750000000
vt 4.431818182 8.000000000
vt 4.431818182 8.250000000
vt 4.431818182 8.500000000
vt 4.431818182 8.750000000
vt 4.454545455 8.000000000
vt 4.454545455 8.250000000
vt 4.454545455 8.500000000
vt 4.454545455 8.750000000
vt 4.477272727 8.000000000
vt 4.477272727 8.250000000
vt 4.477272727 8.500000000
vt 4.477272727 8.750000000
vt 4.500000000 8.000000000
vt 4.500000000 8.250000000
vt 4.500000000 8.500000000
vt 4.500000000 8.750000000
vt 4.522727273 8.000000000
vt 4.522727273 8.250000000
vt 4.522727273 8.500000000
vt 4.522727273 8.750000000
vt 4.545454545 8.000000000
vt 4.545454545 8.250000000
vt 4.545454545 8.500000000
vt 4.545454545 8.750000000
vt 4.568181818 8.000000000
vt 4.568181818 8.250000000
vt 4.568181818 8.500000000
vt 4.568181818 8.750000000
vt 4.590909091 8.000000000
vt 4.590909091 8.250000000
vt 4.590909091 8.500000000
vt 4.590909091 8.750000000
vt 4.613636364 8.000000000
vt 4.613636364 8.250000000
vt 4.613636364 8.500000000
vt 4.613636364 8.750000000
vt 4.636363636 8.000000000
vt 4.636363636 8.250000000
vt 4.636363636 8.500000000
vt 4.636363636 8.750000000
vt 4.659090909 8.000000000
vt 4.659090909 8.250000000
vt 4.659090909 8.500000000
vt 4.659090909 8.750000000
vt 4.681818182 8.000000000
vt 4.681818182 8.250000000
vt 4.681818182 8.500000000
vt 4.681818182 8.750000000
vt 4.704545455 8.000000000
vt 4.704545455 8.250000000
vt 4.704545455 8.500000000
vt 4.704545455 8.750000000
vt 4.727272727 8.000000000
vt 4.727272727 8.250000000
vt 4.727272727 8.500000000
vt 4.727272727 8.750000000
vt 4.750000000 8.000000000
vt 4.750000000 8.250000000
vt 4.750000000 8.500000000
vt 4.750000000 8.750000000
vt 4.772727273 8.000000000
vt 4.772727273 8.250000000
vt 4.772727273 8.500000000
vt 4.772727273 8.750000000
vt 4.795454545 8.000000000
vt 4.795454545 8.250000000
vt 4.795454545 8.500000000
vt 4.795454545 8.750000000
vt 4.818181818 8.000000000
vt 4.818181818 8.250000000
vt 4.818181818 8.500000000
vt 4.818181818 8.750000000
vt 4.840909091 8.000000000
vt 4.840909091 8.250000000
vt 4.840909091 8.500000000
vt 4.840909091 8.750000000
vt 4.863636364 8.000000000
vt 4.863636364 8.250000000
vt 4.863636364 8.500000000
vt 4.863636364 8.750000000
vt 4.886363636 8.000000000
vt 4.886363636 8.250000000
vt 4.886363636 8.500000000
vt 4.886363636 8.750000000
vt 4.909090909 8.000000000
vt 4.909090909 8.250000000
vt 4.909090909 8.500000000
vt 4.909090909 8.750000000
vt 4.931818182 8.000000000
vt 4.931818182 8.250000000
vt 4.931818182 8.500000000
vt 4.931818182 8.750000000
vt 4.954545455 8.000000000
vt 4.954545455 8.250000000
vt 4.954545455 8.500000000
vt 4.954545455 8.750000000
vt 4.977272727 8.000000000
vt 4.977272727 8.250000000
vt 4.977272727 8.500000000
vt 4.977272727 8.750000000
vt 5.000000000 8.000000000
vt 5.000000000 8.250000000
vt 5.000000000 8.500000000
vt 5.000000000 8.750000000
vt 4.000000000 10.000000000
vt 4.000000000 10.250000000
vt 4.000000000 10.500000000
vt 4.000000000 10.750000000
vt 4.022727273 10.000000000
vt 4.022727273 10.250000000
vt 4.022727273 10.500000000
vt 4.022727273 10.750000000
vt 4.045454545 10.000000000
vt 4.045454545 10.250000000
vt 4.045454545 10.500000000
vt 4.045454545 10.750000000
vt 4.068181818 10.000000000
vt 4.068181818 10.250000000
vt 4.068181818 10.500000000
vt 4.068181818 10.750000000
vt 4.090909091 10.000000000
vt 4.090909091 10.250000000
vt 4.090909091 10.500000000
vt 4.090909091 10.750000000
vt 4.113636364 10.000000000
vt 4.113636364 10.250000000
vt 4.113636364 10.500000000
vt 4.113636364 10.750000000
vt 4.136363636 10.000000000
vt 4.136363636 10.250000000
vt 4.136363636 10.500000000
vt 4.136363636 10.750000000
vt 4.159090909 10.000000000
vt 4.159090909 10.250000000
vt 4.159090909 10.500000000
vt 4.159090909 10.750000000
vt 4.181818182 10.000000000
vt 4.181818182 10.250000000
vt 4.181818182 10.500000000
vt 4.181818182 10.750000000
vt 4.204545455 10.000000000
vt 4.204545455 10.250000000
vt 4.204545455 10.500000000
vt 4.204545455 10.750000000
vt 4.227272727 10.000000000
vt 4.227272727 10.250000000
vt 4.227272727 10.500000000
vt 4.227272727 10.750000000
vt 4.250000000 10.000000000
vt 4.250000000 10.250000000
vt 4.250000000 10.500000000
vt 4.250000000 10.750000000
vt 4.272727273 10.000000000
vt 4.272727273 10.250000000
vt 4.272727273 10.500000000
vt 4.272727273 10.750000000
vt 4.295454545 10.000000000
vt 4.295454545 10.250000000
vt 4.295454545 10.500000000
vt 4.295454545 10.750000000
vt 4.318181818 10.000000000
vt 4.318181818 10.250000000
vt 4.318181818 10.500000000
vt 4.318181818 10.750000000
vt 4.340909091 10.000000000
vt 4.340909091 10.250000000
vt 4.340909091 10.500000000
vt 4.340909091 10.750000000
vt 4.363636364 10.000000000
vt 4.363636364 10.250000000
vt 4.363636364 10.500000000
vt 4.363636364 10.750000000
vt 4.386363636 10.000000000
vt 4.386363636 10.250000000
vt 4.386363636 10.500000000
vt 4.386363636 10.750000000
vt 4.409090909 10.000000000
vt 4.409090909 10.250000000
vt 4.409090909 10.500000000
vt 4.409090909 10.750000000
vt 4.431818182 10.000000000
vt 4.431818182 10.250000000
vt 4.431818182 10.500000000
vt 4.431818182 10.750000000
vt 4.454545455 10.000000000
vt 4.454545455 10.250000000
vt 4.454545455 10.500000000
vt 4.454545455 10.750000000
vt 4.477272727 10.000000000
vt 4.477272727 10.250000000
vt 4.477272727 10.500000000
vt 4.477272727 10.750000000
vt 4.500000000 10.000000000
vt 4.500000000 10.250000000
vt 4.500000000 10.500000000
vt 4.500000000 10.750000000
vt 4.522727273 10.000000000
vt 4.522727273 10.250000000
vt 4.522727273 10.500000000
vt 4.522727273 10.750000000
vt 4.545454545 10.000000000
vt 4.545454545 10.250000000
vt 4.545454545 10.500000000
vt 4.545454545 10.750000000
vt 4.568181818 10.000000000
vt 4.568181818 10.250000000
vt 4.568181818 10.500000000
vt 4.568181818 10.750000000
vt 4.590909091 10.000000000
vt 4.590909091 10.250000000
vt 4.590909091 10.500000000
vt 4.590909091 10.750000000
vt 4.613636364 10.000000000
vt 4.613636364 10.250000000
vt 4.613636364 10.500000000
vt 4.613636364 10.750000000
vt 4.636363636 10.000000000
vt 4.636363636 10.250000000
vt 4.636363636 10.500000000
vt 4.636363636 10.750000000
vt 4.659090909 10.000000000
vt 4.659090909 10.250000000
vt 4.659090909 10.500000000
vt 4.659090909 10.750000000
vt 4.681818182 10.000000000
vt 4.681818182 10.250000000
vt 4.681818182 10.500000000
vt 4.681818182 10.750000000
vt 4.704545455 10.000000000
vt 4.704545455 10.250000000
vt 4.704545455 10.500000000
vt 4.704545455 10.750000000
vt 4.727272727 10.000000000
vt 4.727272727 10.250000000
vt 4.727272727 10.500000000
vt 4.727272727 10.750000000
vt 4.750000000 10.000000000
vt 4.750000000 10.250000000
vt 4.750000000 10.500000000
vt 4.750000000 10.750000000
vt 4.772727273 10.000000000
vt 4.772727273 10.250000000
vt 4.772727273 10.500000000
vt 4.772727273 10.750000000
vt 4.795454545 10.000000000
vt 4.795454545 10.250000000
vt 4.795454545 10.500000000
vt 4.795454545 10.750000000
vt 4.818181818 10.000000000
vt 4.818181818 10.250000000
vt 4.818181818 10.500000000
vt 4.818181818 10.750000000
vt 4.840909091 10.000000000
vt 4.840909091 10.250000000
vt 4.840909091 10.500000000
vt 4.840909091 10.750000000
vt 4.863636364 10.000000000
vt 4.863636364 10.250000000
vt 4.863636364 10.500000000
vt 4.863636364 10.750000000
vt 4.886363636 10.000000000
vt 4.886363636 10.250000000
vt 4.886363636 10.500000000
vt 4.886363636 10.750000000
vt 4.909090909 10.000000000
vt 4.909090909 10.250000000
vt 4.909090909 10.500000000
vt 4.909090909 10.750000000
vt 4.931818182 10.000000000
vt 4.931818182 10.250000000
vt 4.931818182 10.500000000
vt 4.931818182 10.750000000
vt 4.954545455 10.000000000
vt 4.954545455 10.250000000
vt 4.954545455 10.500000000
vt 4.954545455 10.750000000
vt 4.977272727 10.000000000
vt 4.977272727 10.250000000
vt 4.977272727 10.500000000
vt 4.977272727 10.750000000
vt 5.000000000 10.000000000
vt 5.000000000 10.250000000
vt 5.000000000 10.500000000
vt 5.000000000 10.750000000
vt 4.000000000 12.000000000
vt 4.000000000 12.250000000
vt 4.000000000 12.500000000
vt 4.000000000 12.750000000
vt 4.022727273 12.000000000
vt 4.022727273 12.250000000
vt 4.022727273 12.500000000
vt 4.022727273 12.750000000
vt 4.045454545 12.000000000
vt 4.045454545 12.250000000
vt 4.045454545 12.500000000
vt 4.045454545 12.750000000
vt 4.068181818 12.000000000
vt 4.068181818 12.250000000
vt 4.068181818 12.500000000
vt 4.068181818 12.750000000
vt 4.090909091 12.000000000
vt 4.090909091 12.250000000
vt 4.090909091 12.500000000
vt 4.090909091 12.750000000
vt 4.113636364 12.000000000
vt 4.113636364 12.250000000
vt 4.113636364 12.500000000
vt 4.113636364 12.750000000
vt 4.136363636 12.000000000
vt 4.136363636 12.250000000
vt 4.136363636 12.500000000
vt 4.136363636 12.750000000
vt 4.159090909 12.000000000
vt 4.159090909 12.250000000
vt 4.159090909 12.500000000
vt 4.159090909 12.750000000
vt 4.181818182 12.000000000
vt 4.181818182 12.250000000
vt 4.181818182 12.500000000
vt 4.181818182 12.750000000
vt 4.204545455 12.000000000
vt 4.204545455 12.250000000
vt 4.204545455 12.500000000
vt 4.204545455 12.750000000
vt 4.227272727 12.000000000
vt 4.227272727 12.250000000
vt 4.227272727 12.500000000
vt 4.227272727 12.750000000
vt 4.250000000 12.000000000
vt 4.250000000 12.250000000
vt 4.250000000 12.500000000
vt 4.250000000 12.750000000
vt 4.272727273 12.000000000
vt 4.272727273 12.250000000
vt 4.272727273 12.500000000
vt 4.272727273 12.750000000
vt 4.295454545 12.000000000
vt 4.295454545 12.250000000
vt 4.295454545 12.500000000
vt 4.295454545 12.750000000
vt 4.318181818 12.000000000
vt 4.318181818 12.250000000
vt 4.318181818 12.500000000
vt 4.318181818 12.750000000
vt 4.340909091 12.000000000
vt 4.340909091 12.250000000
vt 4.340909091 12.500000000
vt 4.340909091 12.750000000
vt 4.363636364 12.000000000
vt 4.363636364 12.250000000
vt 4.363636364 12.500000000
vt 4.363636364 12.750000000
vt 4.386363636 12.000000000
vt 4.386363636 12.250000000
vt 4.386363636 12.500000000
vt 4.386363636 12.750000000
vt 4.409090909 12.000000000
vt 4.409090909 12.250000000
vt 4.409090909 12.500000000
vt 4.409090909 12.750000000
vt 4.431818182 12.000000000
vt 4.431818182 12.250000000
vt 4.431818182 12.500000000
vt 4.431818182 12.750000000
vt 4.454545455 12.000000000
vt 4.454545455 12.250000000
vt 4.454545455 12.500000000
vt 4.454545455 12.750000000
vt 4.477272727 12.000000000
vt 4.477272727 12.250000000
vt 4.477272727 12.500000000
vt 4.477272727 12.750000000
vt 4.500000000 12.000000000
vt 4.500000000 12.250000000
vt 4.500000000 12.500000000
vt 4.500000000 12.750000000
vt 4.522727273 12.000000000
vt 4.522727273 12.250000000
vt 4.522727273 12.500000000
vt 4.522727273 12.750000000
vt 4.545454545 12.000000000
vt 4.545454545 12.250000000
vt 4.545454545 12.500000000
vt 4.545454545 12.750000000
vt 4.568181818 12.000000000
vt 4.568181818 12.250000000
vt 4.568181818 12.500000000
vt 4.568181818 12.750000000
vt 4.590909091 12.000000000
vt 4.590909091 12.250000000
vt 4.590909091 12.500000000
vt 4.590909091 12.750000000
vt 4.613636364 12.000000000
vt 4.613636364 12.250000000
vt 4.613636364 12.500000000
vt 4.613636364 12.750000000
vt 4.636363636 12.000000000
vt 4.636363636 12.250000000
vt 4.636363636 12.500000000
vt 4.636363636 12.750000000
vt 4.659090909 12.000000000
vt 4.659090909 12.250000000
vt 4.659090909 12.500000000
vt 4.659090909 12.750000000
vt 4.681818182 12.000000000
vt 4.681818182 12.250000000
vt 4.681818182 12.500000000
vt 4.681818182 12.750000000
vt 4.704545455 12.000000000
vt 4.704545455 12.250000000
vt 4.704545455 12.500000000
vt 4.704545455 12.750000000
vt 4.727272727 12.000000000
vt 4.727272727 12.250000000
vt 4.727272727 12.500000000
vt 4.727272727 12.750000000
vt 4.750000000 12.000000000
vt 4.750000000 12.250000000
vt 4.750000000 12.500000000
vt 4.750000000 12.750000000
vt 4.772727273 12.000000000
vt 4.772727273 12.250000000
vt 4.772727273 12.500000000
vt 4.772727273 12.750000000
vt 4.795454545 12.000000000
vt 4.795454545 12.250000000
vt 4.795454545 12.500000000
vt 4.795454545 12.750000000
vt 4.818181818 12.000000000
vt 4.818181818 12.250000000
vt 4.818181818 12.500000000
vt 4.818181818 12.750000000
vt 4.840909091 12.000000000
vt 4.840909091 12.250000000
vt 4.840909091 12.500000000
vt 4.840909091 12.750000000
vt 4.863636364 12.000000000
vt 4.863636364 12.250000000
vt 4.863636364 12.500000000
vt 4.863636364 12.750000000
vt 4.886363636 12.000000000
vt 4.886363636 12.250000000
vt 4.886363636 12.500000000
vt 4.886363636 12.750000000
vt 4.909090909 12.000000000
vt 4.909090909 12.250000000
vt 4.909090909 12.500000000
vt 4.909090909 12.750000000
vt 4.931818182 12.000000000
vt 4.931818182 12.250000000
vt 4.931818182 12.500000000
vt 4.931818182 12.750000000
vt 4.954545455 12.000000000
vt 4.954545455 12.250000000
vt 4.954545455 12.500000000
vt 4.954545455 12.750000000
vt 4.977272727 12.000000000
vt 4.977272727 12.250000000
vt 4.977272727 12.500000000
vt 4.977272727 12.750000000
vt 5.000000000 12.000000000
vt 5.000000000 12.250000000
vt 5.000000000 12.500000000
vt 5.000000000 12.750000000
vt 4.000000000 14.000000000
vt 4.000000000 14.250000000
vt 4.000000000 14.500000000
vt 4.000000000 14.750000000
vt 4.022727273 14.000000000
vt 4.022727273 14.250000000
vt 4.022727273 14.500000000
vt 4.022727273 14.750000000
vt 4.045454545 14.000000000
vt 4.045454545 14.250000000
vt 4.045454545 14.500000000
vt 4.045454545 14.750000000
vt 4.068181818 14.000000000
vt 4.068181818 14.250000000
vt 4.068181818 14.500000000
vt 4.068181818 14.750000000
vt 4.090909091 14.000000000
vt 4.090909091 14.250000000
vt 4.090909091 14.500000000
vt 4.090909091 14.750000000
vt 4.113636364 14.000000000
vt 4.113636364 14.250000000
vt 4.113636364 14.500000000
vt 4.113636364 14.750000000
vt 4.136363636 14.000000000
vt 4.136363636 14.250000000
vt 4.136363636 14.500000000
vt 4.136363636 14.750000000
vt 4.159090909 14.000000000
vt 4.159090909 14.250000000
vt 4.159090909 14.500000000
vt 4.159090909 14.750000000
vt 4.181818182 14.000000000
vt 4.181818182 14.250000000
vt 4.181818182 14.500000000
vt 4.181818182 14.750000000
vt 4.204545455 14.000000000
vt 4.204545455 14.250000000
vt 4.204545455 14.500000000
vt 4.204545455 14.750000000
vt 4.227272727 14.000000000
vt 4.227272727 14.250000000
vt 4.227272727 14.500000000
vt 4.227272727 14.750000000
vt 4.250000000 14.000000000
vt 4.250000000 14.250000000
vt 4.250000000 14.500000000
vt 4.250000000 14.750000000
vt 4.272727273 14.000000000
vt 4.272727273 14.250000000
vt 4.272727273 14.500000000
vt 4.272727273 14.750000000
vt 4.295454545 14.000000000
vt 4.295454545 14.250000000
vt 4.295454545 14.500000000
vt 4.295454545 14.750000000
vt 4.318181818 14.000000000
vt 4.318181818 14.250000000
vt 4.318181818 14.500000000
vt 4.318181818 14.750000000
vt 4.340909091 14.000000000
vt 4.340909091 14.250000000
vt 4.340909091 14.500000000
vt 4.340909091 14.750000000
vt 4.363636364 14.000000000
vt 4.363636364 14.250000000
vt 4.363636364 14.500000000
vt 4.363636364 14.750000000
vt 4.386363636 14.000000000
vt 4.386363636 14.250000000
vt 4.386363636 14.500000000
vt 4.386363636 14.750000000
vt 4.409090909 14.000000000
vt 4.409090909 14.250000000
vt 4.409090909 14.500000000
vt 4.409090909 14.750000000
vt 4.431818182 14.000000000
vt 4.431818182 14.250000000
vt 4.431818182 14.500000000
vt 4.431818182 14.750000000
vt 4.454545455 14.000000000
vt 4.454545455 14.250000000
vt 4.454545455 14.500000000
vt 4.454545455 14.750000000
vt 4.477272727 14.000000000
vt 4.477272727 14.250000000
vt 4.477272727 14.500000000
vt 4.477272727 14.750000000
vt 4.500000000 14.000000000
vt 4.500000000 14.250000000
vt 4.500000000 14.500000000
vt 4.500000000 14.750000000
vt 4.522727273 14.000000000
vt 4.522727273 14.250000000
vt 4.522727273 14.500000000
vt 4.522727273 14.750000000
vt 4.545454545 14.000000000
vt 4.545454545 14.250000000
vt 4.545454545 14.500000000
vt 4.545454545 14.750000000
vt 4.568181818 14.000000000
vt 4.568181818 14.250000000
vt 4.568181818 14.500000000
vt 4.568181818 14.750000000
vt 4.590909091 14.000000000
vt 4.590909091 14.250000000
vt 4.590909091 14.500000000
vt 4.590909091 14.750000000
vt 4.613636364 14.000000000
vt 4.613636364 14.250000000
vt 4.613636364 14.500000000
vt 4.613636364 14.750000000
vt 4.636363636 14.000000000
vt 4.636363636 14.250000000
vt 4.636363636 14.500000000
vt 4.636363636 14.750000000
vt 4.659090909 14.000000000
vt 4.659090909 14.250000000
vt 4.659090909 14.500000000
vt 4.659090909 14.750000000
vt 4.681818182 14.000000000
vt 4.681818182 14.250000000
vt 4.681818182 14.500000000
vt 4.681818182 14.750000000
vt 4.704545455 14.000000000
vt 4.704545455 14.250000000
vt 4.704545455 14.500000000
vt 4.704545455 14.750000000
vt 4.727272727 14.000000000
vt 4.727272727 14.250000000
vt 4.727272727 14.500000000
vt 4.727272727 14.750000000
vt 4.750000000 14.000000000
vt 4.750000000 14.250000000
vt 4.750000000 14.500000000
vt 4.750000000 14.750000000
vt 4.772727273 14.000000000
vt 4.772727273 14.250000000
vt 4.772727273 14.500000000
vt 4.772727273 14.750000000
vt 4.795454545 14.000000000
vt 4.795454545 14.250000000
vt 4.795454545 14.500000000
vt 4.795454545 14.750000000
vt 4.818181818 14.000000000
vt 4.818181818 14.250000000
vt 4.818181818 14.500000000
vt 4.818181818 14.750000000
vt 4.840909091 14.000000000
vt 4.840909091 14.250000000
vt 4.840909091 14.500000000
vt 4.840909091 14.750000000
vt 4.863636364 14.000000000
vt 4.863636364 14.250000000
vt 4.863636364 14.500000000
vt 4.863636364 14.750000000
vt 4.886363636 14.000000000
vt 4.886363636 14.250000000
vt 4.886363636 14.500000000
vt 4.886363636 14.750000000
vt 4.909090909 14.000000000
vt 4.909090909 14.250000000
vt 4.909090909 14.500000000
vt 4.909090909 14.750000000
vt 4.931818182 14.000000000
vt 4.931818182 14.250000000
vt 4.931818182 14.500000000
vt 4.931818182 14.750000000
vt 4.954545455 14.000000000
vt 4.954545455 14.250000000
vt 4.954545455 14.500000000
vt 4.954545455 14.750000000
vt 4.977272727 14.000000000
vt 4.977272727 14.250000000
vt 4.977272727 14.500000000
vt 4.977272727 14.750000000
vt 5.000000000 14.000000000
vt 5.000000000 14.250000000
vt 5.000000000 14.500000000
vt 5.000000000 14.750000000
vt 4.000000000 16.000000000
vt 4.000000000 16.250000000
vt 4.000000000 16.500000000
vt 4.000000000 16.750000000
vt 4.022727273 16.000000000
vt 4.022727273 16.250000000
vt 4.022727273 16.500000000
vt 4.022727273 16.750000000
vt 4.045454545 16.000000000
vt 4.045454545 16.250000000
vt 4.045454545 16.500000000
vt 4.045454545 16.750000000
vt 4.068181818 16.000000000
vt 4.068181818 16.250000000
vt 4.068181818 16.500000000
vt 4.068181818 16.750000000
vt 4.090909091 16.000000000
vt 4.090909091 16.250000000
vt 4.090909091 16.500000000
vt 4.090909091 16.750000000
vt 4.113636364 16.000000000
vt 4.113636364 16.250000000
vt 4.113636364 16.500000000
vt 4.113636364 16.750000000
vt 4.136363636 16.000000000
vt 4.136363636 16.250000000
vt 4.136363636 16.500000000
vt 4.136363636 16.750000000
vt 4.159090909 16.000000000
vt 4.159090909 16.250000000
vt 4.159090909 16.500000000
vt 4.159090909 16.750000000
vt 4.181818182 16.000000000
vt 4.181818182 16.250000000
vt 4.181818182 16.500000000
vt 4.181818182 16.750000000
vt 4.204545455 16.000000000
vt 4.204545455 16.250000000
vt 4.204545455 16.500000000
vt 4.204545455 16.750000000
vt 4.227272727 16.000000000
vt 4.227272727 16.250000000
vt 4.227272727 16.500000000
vt 4.227272727 16.750000000
vt 4.250000000 16.000000000
vt 4.250000000 16.250000000
vt 4.250000000 16.500000000
vt 4.250000000 16.750000000
vt 4.272727273 16.000000000
vt 4.272727273 16.250000000
vt 4.272727273 16.500000000
vt 4.272727273 16.750000000
vt 4.295454545 16.000000000
vt 4.295454545 16.250000000
vt 4.295454545 16.500000000
vt 4.295454545 16.750000000
vt 4.318181818 16.000000000
vt 4.318181818 16.250000000
vt 4.318181818 16.500000000
vt 4.318181818 16.750000000
vt 4.340909091 16.000000000
vt 4.340909091 16.250000000
vt 4.340909091 16.500000000
vt 4.340909091 16.750000000
vt 4.363636364 16.000000000
vt 4.363636364 16.250000000
vt 4.363636364 16.500000000
vt 4.363636364 16.750000000
vt 4.386363636 16.000000000
vt 4.386363636 16.250000000
vt 4.386363636 16.500000000
vt 4.386363636 16.750000000
vt 4.409090909 16.000000000
vt 4.409090909 16.250000000
vt 4.409090909 16.500000000
vt 4.409090909 16.750000000
vt 4.431818182 16.000000000
vt 4.431818182 16.250000000
vt 4.431818182 16.500000000
vt 4.431818182 16.750000000
vt 4.454545455 16.000000000
vt 4.454545455 16.250000000
vt 4.454545455 16.500000000
vt 4.454545455 16.750000000
vt 4.477272727 16.000000000
vt 4.477272727 16.250000000
vt 4.477272727 16.500000000
vt 4.477272727 16.750000000
vt 4.500000000 16.000000000
vt 4.500000000 16.250000000
vt 4.500000000 16.500000000
vt 4.500000000 16.750000000
vt 4.522727273 16.000000000
vt 4.522727273 16.250000000
vt 4.522727273 16.500000000
vt 4.522727273 16.750000000
vt 4.545454545 16.000000000
vt 4.545454545 16.250000000
vt 4.545454545 16.500000000
vt 4.545454545 16.750000000
vt 4.568181818 16.000000000
vt 4.568181818 16.250000000
vt 4.568181818 16.500000000
vt 4.568181818 16.750000000
vt 4.590909091 16.000000000
vt 4.590909091 16.250000000
vt 4.590909091 16.500000000
vt 4.590909091 16.750000000
vt 4.613636364 16.000000000
vt 4.613636364 16.250000000
vt 4.613636364 16.500000000
vt 4.613636364 16.750000000
vt 4.636363636 16.000000000
vt 4.636363636 16.250000000
vt 4.636363636 16.500000000
vt 4.636363636 16.750000000
vt 4.659090909 16.000000000
vt 4.659090909 16.250000000
vt 4.659090909 16.500000000
vt 4.659090909 16.750000000
vt 4.681818182 16.000000000
vt 4.681818182 16.250000000
vt 4.681818182 16.500000000
vt 4.681818182 16.750000000
vt 4.704545455 16.000000000
vt 4.704545455 16.250000000
vt 4.704545455 16.500000000
vt 4.704545455 16.750000000
vt 4.727272727 16.000000000
vt 4.727272727 16.250000000
vt 4.727272727 16.500000000
vt 4.727272727 16.750000000
vt 4.750000000 16.000000000
vt 4.750000000 16.250000000
vt 4.750000000 16.500000000
vt 4.750000000 16.750000000
vt 4.772727273 16.000000000
vt 4.772727273 16.250000000
vt 4.772727273 16.500000000
vt 4.772727273 16.750000000
vt 4.795454545 16.000000000
vt 4.795454545 16.250000000
vt 4.795454545 16.500000000
vt 4.795454545 16.750000000
vt 4.818181818 16.000000000
vt 4.818181818 16.250000000
vt 4.818181818 16.500000000
vt 4.818181818 16.750000000
vt 4.840909091 16.000000000
vt 4.840909091 16.250000000
vt 4.840909091 16.500000000
vt 4.840909091 16.750000000
vt 4.863636364 16.000000000
vt 4.863636364 16.250000000
vt 4.863636364 16.500000000
vt 4.863636364 16.750000000
vt 4.886363636 16.000000000
vt 4.886363636 16.250000000
vt 4.886363636 16.500000000
vt 4.886363636 16.750000000
vt 4.909090909 16.000000000
vt 4.909090909 16.250000000
vt 4.909090909 16.500000000
vt 4.909090909 16.750000000
vt 4.931818182 16.000000000
vt 4.931818182 16.250000000
vt 4.931818182 16.500000000
vt 4.931818182 16.750000000
vt 4.954545455 16.000000000
vt 4.954545455 16.250000000
vt 4.954545455 16.500000000
vt 4.954545455 16.750000000
vt 4.977272727 16.000000000
vt 4.977272727 16.250000000
vt 4.977272727 16.500000000
vt 4.977272727 16.750000000
vt 5.000000000 16.000000000
vt 5.000000000 16.250000000
vt 5.000000000 16.500000000
vt 5.000000000 16.750000000
vt 4.000000000 18.000000000
vt 4.000000000 18.250000000
vt 4.000000000 18.500000000
vt 4.000000000 18.750000000
vt 4.022727273 18.000000000
vt 4.022727273 18.250000000
vt 4.022727273 18.500000000
vt 4.022727273 18.750000000
vt 4.045454545 18.000000000
vt 4.045454545 18.250000000
vt 4.045454545 18.500000000
vt 4.045454545 18.750000000
vt 4.068181818 18.000000000
vt 4.068181818 18.250000000
vt 4.068181818 18.500000000
vt 4.068181818 18.750000000
vt 4.090909091 18.000000000
vt 4.090909091 18.250000000
vt 4.090909091 18.500000000
vt 4.090909091 18.750000000
vt 4.113636364 18.000000000
vt 4.113636364 18.250000000
vt 4.113636364 18.500000000
vt 4.113636364 18.750000000
vt 4.136363636 18.000000000
vt 4.136363636 18.250000000
vt 4.136363636 18.500000000
vt 4.136363636 18.750000000
vt 4.159090909 18.000000000
vt 4.159090909 18.250000000
vt 4.159090909 18.500000000
vt 4.159090909 18.750000000
vt 4.181818182 18.000000000
vt 4.181818182 18.250000000
vt 4.181818182 18.500000000
vt 4.181818182 18.750000000
vt 4.204545455 18.000000000
vt 4.204545455 18.250000000
vt 4.204545455 18.500000000
vt 4.204545455 18.750000000
vt 4.227272727 18.000000000
vt 4.227272727 18.250000000
vt 4.227272727 18.500000000
vt 4.227272727 18.750000000
vt 4.250000000 18.000000000
vt 4.250000000 18.250000000
vt 4.250000000 18.500000000
vt 4.250000000 18.750000000
vt 4.272727273 18.000000000
vt 4.272727273 18.250000000
vt 4.272727273 18.500000000
vt 4.272727273 18.750000000
vt 4.295454545 18.000000000
vt 4.295454545 18.250000000
vt 4.295454545 18.500000000
vt 4.295454545 18.750000000
vt 4.318181818 18.000000000
vt 4.318181818 18.250000000
vt 4.318181818 18.500000000
vt 4.318181818 18.750000000
vt 4.340909091 18.000000000
vt 4.340909091 18.250000000
vt 4.340909091 18.500000000
vt 4.340909091 18.750000000
vt 4.363636364 18.000000000
vt 4.363636364 18.250000000
vt 4.363636364 18.500000000
vt 4.363636364 18.750000000
vt 4.386363636 18.000000000
vt 4.386363636 18.250000000
vt 4.386363636 18.500000000
vt 4.386363636 18.750000000
vt 4.409090909 18.000000000
vt 4.409090909 18.250000000
vt 4.409090909 18.500000000
vt 4.409090909 18.750000000
vt 4.431818182 18.000000000
vt 4.431818182 18.250000000
vt 4.431818182 18.500000000
vt 4.431818182 18.750000000
vt 4.454545455 18.000000000
vt 4.454545455 18.250000000
vt 4.454545455 18.500000000
vt 4.454545455 18.750000000
vt 4.477272727 18.000000000
vt 4.477272727 18.250000000
vt 4.477272727 18.500000000
vt 4.477272727 18.750000000
vt 4.500000000 18.000000000
vt 4.500000000 18.250000000
vt 4.500000000 18.500000000
vt 4.500000000 18.750000000
vt 4.522727273 18.000000000
vt 4.522727273 18.250000000
vt 4.522727273 18.500000000
vt 4.522727273 18.750000000
vt 4.545454545 18.000000000
vt 4.545454545 18.250000000
vt 4.545454545 18.500000000
vt 4.545454545 18.750000000
vt 4.568181818 18.000000000
vt 4.568181818 18.250000000
vt 4.568181818 18.500000000
vt 4.568181818 18.750000000
vt 4.590909091 18.000000000
vt 4.590909091 18.250000000
vt 4.590909091 18.500000000
vt 4.590909091 18.750000000
vt 4.613636364 18.000000000
vt 4.613636364 18.250000000
vt 4.613636364 18.500000000
vt 4.613636364 18.750000000
vt 4.636363636 18.000000000
vt 4.636363636 18.250000000
vt 4.636363636 18.500000000
vt 4.636363636 18.750000000
vt 4.659090909 18.000000000
vt 4.659090909 18.250000000
vt 4.659090909 18.500000000
vt 4.659090909 18.750000000
vt 4.681818182 18.000000000
vt 4.681818182 18.250000000
vt 4.681818182 18.500000000
vt 4.681818182 18.750000000
vt 4.704545455 18.000000000
vt 4.704545455 18.250000000
vt 4.704545455 18.500000000
vt 4.704545455 18.750000000
vt 4.727272727 18.000000000
vt 4.727272727 18.250000000
vt 4.727272727 18.500000000
vt 4.727272727 18.750000000
vt 4.750000000 18.000000000
vt 4.750000000 18.250000000
vt 4.750000000 18.500000000
vt 4.750000000 18.750000000
vt 4.772727273 18.000000000
vt 4.772727273 18.250000000
vt 4.772727273 18.500000000
vt 4.772727273 18.750000000
vt 4.795454545 18.000000000
vt 4.795454545 18.250000000
vt 4.795454545 18.500000000
vt 4.795454545 18.750000000
vt 4.818181818 18.000000000
vt 4.818181818 18.250000000
vt 4.818181818 18.500000000
vt 4.818181818 18.750000000
vt 4.840909091 18.000000000
vt 4.840909091 18.250000000
vt 4.840909091 18.500000000
vt 4.840909091 18.750000000
vt 4.863636364 18.000000000
vt 4.863636364 18.250000000
vt 4.863636364 18.500000000
vt 4.863636364 18.750000000
vt 4.886363636 18.000000000
vt 4.886363636 18.250000000
vt 4.886363636 18.500000000
vt 4.886363636 18.750000000
vt 4.909090909 18.000000000
vt 4.909090909 18.250000000
vt 4.909090909 18.500000000
vt 4.909090909 18.750000000
vt 4.931818182 18.000000000
vt 4.931818182 18.250000000
vt 4.931818182 18.500000000
vt 4.931818182 18.750000000
vt 4.954545455 18.000000000
vt 4.954545455 18.250000000
vt 4.954545455 18.500000000
vt 4.954545455 18.750000000
vt 4.977272727 18.000000000
vt 4.977272727 18.250000000
vt 4.977272727 18.500000000
vt 4.977272727 18.750000000
vt 5.000000000 18.000000000
vt 5.000000000 18.250000000
vt 5.000000000 18.500000000
vt 5.000000000 18.750000000
vt 4.000000000 20.000000000
vt 4.000000000 20.250000000
vt 4.000000000 20.500000000
vt 4.000000000 20.750000000
vt 4.022727273 20.000000000
vt 4.022727273 20.250000000
vt 4.022727273 20.500000000
vt 4.022727273 20.750000000
vt 4.045454545 20.000000000
vt 4.045454545 20.250000000
vt 4.045454545 20.500000000
vt 4.045454545 20.750000000
vt 4.068181818 20.000000000
vt 4.068181818 20.250000000
vt 4.068181818 20.500000000
vt 4.068181818 20.750000000
vt 4.090909091 20.000000000
vt 4.090909091 20.250000000
vt 4.090909091 20.500000000
vt 4.090909091 20.750000000
vt 4.113636364 20.000000000
vt 4.113636364 20.250000000
vt 4.113636364 20.500000000
vt 4.113636364 20.750000000
vt 4.136363636 20.000000000
vt 4.136363636 20.250000000
vt 4.136363636 20.500000000
vt 4.136363636 20.750000000
vt 4.159090909 20.000000000
vt 4.159090909 20.250000000
vt 4.159090909 20.500000000
vt 4.159090909 20.750000000
vt 4.181818182 20.000000000
vt 4.181818182 20.250000000
vt 4.181818182 20.500000000
vt 4.181818182 20.750000000
vt 4.204545455 20.000000000
vt 4.204545455 20.250000000
vt 4.204545455 20.500000000
vt 4.204545455 20.750000000
vt 4.227272727 20.000000000
vt 4.227272727 20.250000000
vt 4.227272727 20.500000000
vt 4.227272727 20.750000000
vt 4.250000000 20.000000000
vt 4.250000000 20.250000000
vt 4.250000000 20.500000000
vt 4.250000000 20.750000000
vt 4.272727273 20.000000000
vt 4.272727273 20.250000000
vt 4.272727273 20.500000000
vt 4.272727273 20.750000000
vt 4.295454545 20.000000000
vt 4.295454545 20.250000000
vt 4.295454545 20.500000000
vt 4.295454545 20.750000000
vt 4.318181818 20.000000000
vt 4.318181818 20.250000000
vt 4.318181818 20.500000000
vt 4.318181818 20.750000000
vt 4.340909091 20.000000000
vt 4.340909091 20.250000000
vt 4.340909091 20.500000000
vt 4.340909091 20.750000000
vt 4.363636364 20.000000000
vt 4.363636364 20.250000000
vt 4.363636364 20.500000000
vt 4.363636364 20.750000000
vt 4.386363636 20.000000000
vt 4.386363636 20.250000000
vt 4.386363636 20.500000000
vt 4.386363636 20.750000000
vt 4.409090909 20.000000000
vt 4.409090909 20.250000000
vt 4.409090909 20.500000000
vt 4.409090909 20.750000000
vt 4.431818182 20.000000000
vt 4.431818182 20.250000000
vt 4.431818182 20.500000000
vt 4.431818182 20.750000000
vt 4.454545455 20.000000000
vt 4.454545455 20.250000000
vt 4.454545455 20.500000000
vt 4.454545455 20.750000000
vt 4.477272727 20.000000000
vt 4.477272727 20.250000000
vt 4.477272727 20.500000000
vt 4.477272727 20.750000000
vt 4.500000000 20.000000000
vt 4.500000000 20.250000000
vt 4.500000000 20.500000000
vt 4.500000000 20.750000000
vt 4.522727273 20.000000000
vt 4.522727273 20.250000000
vt 4.522727273 20.500000000
vt 4.522727273 20.750000000
vt 4.545454545 20.000000000
vt 4.545454545 20.250000000
vt 4.545454545 20.500000000
vt 4.545454545 20.750000000
vt 4.568181818 20.000000000
vt 4.568181818 20.250000000
vt 4.568181818 20.500000000
vt 4.568181818 20.750000000
vt 4.590909091 20.000000000
vt 4.590909091 20.250000000
vt 4.590909091 20.500000000
vt 4.590909091 20.750000000
vt 4.613636364 20.000000000
vt 4.613636364 20.250000000
vt 4.613636364 20.500000000
vt 4.613636364 20.750000000
vt 4.636363636 20.000000000
vt 4.636363636 20.250000000
vt 4.636363636 20.500000000
vt 4.636363636 20.750000000
vt 4.659090909 20.000000000
vt 4.659090909 20.250000000
vt 4.659090909 20.500000000
vt 4.659090909 20.750000000
vt 4.681818182 20.000000000
vt 4.681818182 20.250000000
vt 4.681818182 20.500000000
vt 4.681818182 20.750000000
vt 4.704545455 20.000000000
vt 4.704545455 20.250000000
vt 4.704545455 20.500000000
vt 4.704545455 20.750000000
vt 4.727272727 20.000000000
vt 4.727272727 20.250000000
vt 4.727272727 20.500000000
vt 4.727272727 20.750000000
vt 4.750000000 20.000000000
vt 4.750000000 20.250000000
vt 4.750000000 20.500000000
vt 4.750000000 20.750000000
vt 4.772727273 20.000000000
vt 4.772727273 20.250000000
vt 4.772727273 20.500000000
vt 4.772727273 20.750000000
vt 4.795454545 20.000000000
vt 4.795454545 20.250000000
vt 4.795454545 20.500000000
vt 4.795454545 20.750000000
vt 4.818181818 20.000000000
vt 4.818181818 20.250000000
vt 4.818181818 20.500000000
vt 4.818181818 20.750000000
vt 4.840909091 20.000000000
vt 4.840909091 20.250000000
vt 4.840909091 20.500000000
vt 4.840909091 20.750000000
vt 4.863636364 20.000000000
vt 4.863636364 20.250000000
vt 4.863636364 20.500000000
vt 4.863636364 20.750000000
vt 4.886363636 20.000000000
vt 4.886363636 20.250000000
vt 4.886363636 20.500000000
vt 4.886363636 20.750000000
vt 4.909090909 20.000000000
vt 4.909090909 20.250000000
vt 4.909090909 20.500000000
vt 4.909090909 20.750000000
vt 4.931818182 20.000000000
vt 4.931818182 20.250000000
vt 4.931818182 20.500000000
vt 4.931818182 20.750000000
vt 4.954545455 20.000000000
vt 4.954545455 20.250000000
vt 4.954545455 20.500000000
vt 4.954545455 20.750000000
vt 4.977272727 20.000000000
vt 4.977272727 20.250000000
vt 4.977272727 20.500000000
vt 4.977272727 20.750000000
vt 5.000000000 20.000000000
vt 5.000000000 20.250000000
vt 5.000000000 20.500000000
vt 5.000000000 20.750000000
vt 4.000000000 22.000000000
vt 4.000000000 22.250000000
vt 4.000000000 22.500000000
vt 4.000000000 22.750000000
vt 4.022727273 22.000000000
vt 4.022727273 22.250000000
vt 4.022727273 22.500000000
vt 4.022727273 22.750000000
vt 4.045454545 22.000000000
vt 4.045454545 22.250000000
vt 4.045454545 22.500000000
vt 4.045454545 22.750000000
vt 4.068181818 22.000000000
vt 4.068181818 22.250000000
vt 4.068181818 22.500000000
vt 4.068181818 22.750000000
vt 4.090909091 22.000000000
vt 4.090909091 22.250000000
vt 4.090909091 22.500000000
vt 4.090909091 22.750000000
vt 4.113636364 22.000000000
vt 4.113636364 22.250000000
vt 4.113636364 22.500000000
vt 4.113636364 22.750000000
vt 4.136363636 22.000000000
vt 4.136363636 22.250000000
vt 4.136363636 22.500000000
vt 4.136363636 22.750000000
vt 4.159090909 22.000000000
vt 4.159090909 22.250000000
vt 4.159090909 22.500000000
vt 4.159090909 22.750000000
vt 4.181818182 22.000000000
vt 4.181818182 22.250000000
vt 4.181818182 22.500000000
vt 4.181818182 22.750000000
vt 4.204545455 22.000000000
vt 4.204545455 22.250000000
vt 4.204545455 22.500000000
vt 4.204545455 22.750000000
vt 4.227272727 22.000000000
vt 4.227272727 22.250000000
vt 4.227272727 22.500000000
vt 4.227272727 22.750000000
vt 4.250000000 22.000000000
vt 4.250000000 22.250000000
vt 4.250000000 22.500000000
vt 4.250000000 22.750000000
vt 4.272727273 22.000000000
vt 4.272727273 22.250000000
vt 4.272727273 22.500000000
vt 4.272727273 22.750000000
vt 4.295454545 22.000000000
vt 4.295454545 22.250000000
vt 4.295454545 22.500000000
vt 4.295454545 22.750000000
vt 4.318181818 22.000000000
vt 4.318181818 22.250000000
vt 4.318181818 22.500000000
vt 4.318181818 22.750000000
vt 4.340909091 22.000000000
vt 4.340909091 22.250000000
vt 4.340909091 22.500000000
vt 4.340909091 22.750000000
vt 4.363636364 22.000000000
vt 4.363636364 22.250000000
vt 4.363636364 22.500000000
vt 4.363636364 22.750000000
vt 4.386363636 22.000000000
vt 4.386363636 22.250000000
vt 4.386363636 22.500000000
vt 4.386363636 22.750000000
vt 4.409090909 22.000000000
vt 4.409090909 22.250000000
vt 4.409090909 22.500000000
vt 4.409090909 22.750000000
vt 4.431818182 22.000000000
vt 4.431818182 22.250000000
vt 4.431818182 22.500000000
vt 4.431818182 22.750000000
vt 4.454545455 22.000000000
vt 4.454545455 22.250000000
vt 4.454545455 22.500000000
vt 4.454545455 22.750000000
vt 4.477272727 22.000000000
vt 4.477272727 22.250000000
vt 4.477272727 22.500000000
vt 4.477272727 22.750000000
vt 4.500000000 22.000000000
vt 4.500000000 22.250000000
vt 4.500000000 22.500000000
vt 4.500000000 22.750000000
vt 4.522727273 22.000000000
vt 4.522727273 22.250000000
vt 4.522727273 22.500000000
vt 4.522727273 22.750000000
vt 4.545454545 22.000000000
vt 4.545454545 22.250000000
vt 4.545454545 22.500000000
vt 4.545454545 22.750000000
vt 4.568181818 22.000000000
vt 4.568181818 22.250000000
vt 4.568181818 22.500000000
vt 4.568181818 22.750000000
vt 4.590909091 22.000000000
vt 4.590909091 22.250000000
vt 4.590909091 22.500000000
vt 4.590909091 22.750000000
vt 4.613636364 22.000000000
vt 4.613636364 22.250000000
vt 4.613636364 22.500000000
vt 4.613636364 22.750000000
vt 4.636363636 22.000000000
vt 4.636363636 22.250000000
vt 4.636363636 22.500000000
vt 4.636363636 22.750000000
vt 4.659090909 22.000000000
vt 4.659090909 22.250000000
vt 4.659090909 22.500000000
vt 4.659090909 22.750000000
vt 4.681818182 22.000000000
vt 4.681818182 22.250000000
vt 4.681818182 22.500000000
vt 4.681818182 22.750000000
vt 4.704545455 22.000000000
vt 4.704545455 22.250000000
vt 4.704545455 22.500000000
vt 4.704545455 22.750000000
vt 4.727272727 22.000000000
vt 4.727272727 22.250000000
vt 4.727272727 22.500000000
vt 4.727272727 22.750000000
vt 4.750000000 22.000000000
vt 4.750000000 22.250000000
vt 4.750000000 22.500000000
vt 4.750000000 22.750000000
vt 4.772727273 22.000000000
vt 4.772727273 22.250000000
vt 4.772727273 22.500000000
vt 4.772727273 22.750000000
vt 4.795454545 22.000000000
vt 4.795454545 22.250000000
vt 4.795454545 22.500000000
vt 4.795454545 22.750000000
vt 4.818181818 22.000000000
vt 4.818181818 22.250000000
vt 4.818181818 22.500000000
vt 4.818181818 22.750000000
vt 4.840909091 22.000000000
vt 4.840909091 22.250000000
vt 4.840909091 22.500000000
vt 4.840909091 22.750000000
vt 4.863636364 22.000000000
vt 4.863636364 22.250000000
vt 4.863636364 22.500000000
vt 4.863636364 22.750000000
vt 4.886363636 22.000000000
vt 4.886363636 22.250000000
vt 4.886363636 22.500000000
vt 4.886363636 22.750000000
vt 4.909090909 22.000000000
vt 4.909090909 22.250000000
vt 4.909090909 22.500000000
vt 4.909090909 22.750000000
vt 4.931818182 22.000000000
vt 4.931818182 22.250000000
vt 4.931818182 22.500000000
vt 4.931818182 22.750000000
vt 4.954545455 22.000000000
vt 4.954545455 22.250000000
vt 4.954545455 22.500000000
vt 4.954545455 22.750000000
vt 4.977272727 22.000000000
vt 4.977272727 22.250000000
vt 4.977272727 22.500000000
vt 4.977272727 22.750000000
vt 5.000000000 22.000000000
vt 5.000000000 22.250000000
vt 5.000000000 22.500000000
vt 5.000000000 22.750000000
vn 0.000000000 1.000000000 0.000000000
vn -1.000000000 0.000000000 0.000000000
vn -0.000000000 -1.000000000 0.000000000
vn 1.000000000 -0.000000000 -0.000000000
vn 0.000000000 0.995184727 0.098017140
vn -1.000000000 0.000000000 0.000000000
vn -0.000000000 -0.995184727 -0.098017140
vn 1.000000000 -0.000000000 -0.000000000
vn 0.000000000 0.980785280 0.195090322
vn -1.000000000 0.000000000 0.000000000
vn -0.000000000 -0.980785280 -0.195090322
vn 1.000000000 -0.000000000 -0.000000000
vn 0.000000000 0.956940336 0.290284677
vn -1.000000000 0.000000000 0.000000000
vn -0.000000000 -0.956940336 -0.290284677
vn 1.000000000 -0.000000000 -0.000000000
vn 0.000000000 0.923879533 0.382683432
vn -1.000000000 0.000000000 0.000000000
vn -0.000000000 -0.923879533 -0.382683432
vn 1.000000000 -0.000000000 -0.000000000
vn 0.000000000 0.881921264 0.471396737
vn -1.000000000 0.000000000 0.000000000
vn -0.000000000 -0.881921264 -0.471396737
vn 1.000000000 -0.000000000 -0.000000000
vn 0.000000000 0.831469612 0.555570233
vn -1.000000000 0.000000000 0.000000000
vn -0.000000000 -0.831469612 -0.555570233
vn 1.000000000 -0.000000000 -0.000000000
vn 0.000000000 0.773010453 0.634393284
vn -1.000000000 0.000000000 0.000000000
vn -0.000000000 -0.773010453 -0.634393284
vn 1.000000000 -0.000000000 -0.000000000
vn 0.000000000 0.707106781 0.707106781
vn -1.000000000 0.000000000 0.000000000
vn -0.000000000 -0.707106781 -0.707106781
vn 1.000000000 -0.000000000 -0.000000000
vn 0.000000000 0.634393284 0.773010453
vn -1.000000000 0.000000000 0.000000000
vn -0.000000000 -0.634393284 -0.773010453
vn 1.000000000 -0.000000000 -0.000000000
vn 0.000000000 0.555570233 0.831469612
vn -1.000000000 0.000000000 0.000000000
vn -0.000000000 -0.555570233 -0.831469612
vn 1.000000000 -0.000000000 -0.000000000
vn 0.000000000 0.471396737 0.881921264
vn -1.000000000 0.000000000 0.000000000
vn -0.000000000 -0.471396737 -0.881921264
vn 1.000000000 -0.000000000 -0.000000000
vn 0.000000000 0.382683432 0.923879533
vn -1.000000000 0.000000000 0.000000000
vn -0.000000000 -0.382683432 -0.923879533
vn 1.000000000 -0.000000000 -0.000000000
vn 0.000000000 0.290284677 0.956940336
vn -1.000000000 0.000000000 0.000000000
vn -0.000000000 -0.290284677 -0.956940336
vn 1.000000000 -0.000000000 -0.000000000
vn 0.000000000 0.195090322 0.980785280
vn -1.000000000 0.000000000 0.000000000
vn -0.000000000 -0.195090322 -0.980785280
vn 1.000000000 -0.000000000 -0.000000000
vn 0.000000000 0.098017140 0.995184727
vn -1.000000000 0.000000000 0.000000000
vn -0.000000000 -0.098017140 -0.995184727
vn 1.000000000 -0.000000000 -0.000000000
vn 0.000000000 0.000000000 1.000000000
vn -1.000000000 0.000000000 0.000000000
vn -0.000000000 -0.000000000 -1.000000000
vn 1.000000000 -0.000000000 -0.000000000
vn 0.000000000 -0.098017140 0.995184727
vn -1.000000000 -0.000000000 0.000000000
vn -0.000000000 0.098017140 -0.995184727
vn 1.000000000 0.000000000 -0.000000000
vn 0.000000000 -0.195090322 0.980785280
vn -1.000000000 -0.000000000 0.000000000
vn -0.000000000 0.195090322 -0.980785280
vn 1.000000000 0.000000000 -0.000000000
vn 0.000000000 -0.290284677 0.956940336
vn -1.000000000 -0.000000000 0.000000000
vn -0.000000000 0.290284677 -0.956940336
vn 1.000000000 0.000000000 -0.000000000
vn 0.000000000 -0.382683432 0.923879533
vn -1.000000000 -0.000000000 0.000000000
vn -0.000000000 0.382683432 -0.923879533
vn 1.000000000 0.000000000 -0.000000000
vn 0.000000000 -0.471396737 0.881921264
vn -1.000000000 -0.000000000 0.000000000
vn -0.000000000 0.471396737 -0.881921264
vn 1.000000000 0.000000000 -0.000000000
vn 0.000000000 -0.555570233 0.831469612
vn -1.000000000 -0.000000000 0.000000000
vn -0.000000000 0.555570233 -0.831469612
vn 1.000000000 0.000000000 -0.000000000
vn 0.000000000 -0.634393284 0.773010453
vn -1.000000000 -0.000000000 0.000000000
vn -0.000000000 0.634393284 -0.773010453
vn 1.000000000 0.000000000 -0.000000000
vn 0.000000000 -0.707106781 0.707106781
vn -1.000000000 -0.000000000 0.000000000
vn -0.000000000 0.707106781 -0.707106781
vn 1.000000000 0.000000000 -0.000000000
vn 0.000000000 -0.773010453 0.634393284
vn -1.000000000 -0.000000000 0.000000000
vn -0.000000000 0.773010453 -0.634393284
vn 1.000000000 0.000000000 -0.000000000
vn 0.000000000 -0.831469612 0.555570233
vn -1.000000000 -0.000000000 0.000000000
vn -0.000000000 0.831469612 -0.555570233
vn 1.000000000 0.000000000 -0.000000000
vn 0.000000000 -0.881921264 0.471396737
vn -1.000000000 -0.000000000 0.000000000
vn -0.000000000 0.881921264 -0.471396737
vn 1.000000000 0.000000000 -0.000000000
vn 0.000000000 -0.923879533 0.382683432
vn -1.000000000 -0.000000000 0.000000000
vn -0.000000000 0.923879533 -0.382683432
vn 1.000000000 0.000000000 -0.000000000
vn 0.000000000 -0.956940336 0.290284677
vn -1.000000000 -0.000000000 0.000000000
vn -0.000000000 0.956940336 -0.290284677
vn 1.000000000 0.000000000 -0.000000000
vn 0.000000000 -0.980785280 0.195090322
vn -1.000000000 -0.000000000 0.000000000
vn -0.000000000 0.980785280 -0.195090322
vn 1.000000000 0.000000000 -0.000000000
vn 0.000000000 -0.995184727 0.098017140
vn -1.000000000 -0.000000000 0.000000000
vn -0.000000000 0.995184727 -0.098017140
vn 1.000000000 0.000000000 -0.000000000
vn 0.000000000 -1.000000000 0.000000000
vn -1.000000000 -0.000000000 0.000000000
vn -0.000000000 1.000000000 -0.000000000
vn 1.000000000 0.000000000 -0.000000000
vn 0.000000000 -0.995184727 -0.098017140
vn -1.000000000 -0.000000000 -0.000000000
vn -0.000000000 0.995184727 0.098017140
vn 1.000000000 0.000000000 0.000000000
vn 0.000000000 -0.980785280 -0.195090322
vn -1.000000000 -0.000000000 -0.000000000
vn -0.000000000 0.980785280 0.195090322
vn 1.000000000 0.000000000 0.000000000
vn 0.000000000 -0.956940336 -0.290284677
vn -1.000000000 -0.000000000 -0.000000000
vn -0.000000000 0.956940336 0.290284677
vn 1.000000000 0.000000000 0.000000000
vn 0.000000000 -0.923879533 -0.382683432
vn -1.000000000 -0.000000000 -0.000000000
vn -0.000000000 0.923879533 0.382683432
vn 1.000000000 0.000000000 0.000000000
vn 0.000000000 -0.881921264 -0.471396737
vn -1.000000000 -0.000000000 -0.000000000
vn -0.000000000 0.881921264 0.471396737
vn 1.000000000 0.000000000 0.000000000
vn 0.000000000 -0.831469612 -0.555570233
vn -1.000000000 -0.000000000 -0.000000000
vn -0.000000000 0.831469612 0.555570233
vn 1.000000000 0.000000000 0.000000000
vn 0.000000000 -0.773010453 -0.634393284
vn -1.000000000 -0.000000000 -0.000000000
vn -0.000000000 0.773010453 0.634393284
vn 1.000000000 0.000000000 0.000000000
vn 0.000000000 -0.707106781 -0.707106781
vn -1.000000000 -0.000000000 -0.000000000
vn -0.000000000 0.707106781 0.707106781
vn 1.000000000 0.000000000 0.000000000
vn 0.000000000 -0.634393284 -0.773010453
vn -1.000000000 -0.000000000 -0.000000000
vn -0.000000000 0.634393284 0.773010453
vn 1.000000000 0.000000000 0.000000000
vn 0.000000000 -0.555570233 -0.831469612
vn -1.000000000 -0.000000000 -0.000000000
vn -0.000000000 0.555570233 0.831469612
vn 1.000000000 0.000000000 0.000000000
vn 0.000000000 -0.471396737 -0.881921264
vn -1.000000000 -0.000000000 -0.000000000
vn -0.000000000 0.471396737 0.881921264
vn 1.000000000 0.000000000 0.000000000
vn 0.000000000 -0.382683432 -0.923879533
vn -1.000000000 -0.000000000 -0.000000000
vn -0.000000000 0.382683432 0.923879533
vn 1.000000000 0.000000000 0.000000000
vn 0.000000000 -0.290284677 -0.956940336
vn -1.000000000 -0.000000000 -0.000000000
vn -0.000000000 0.290284677 0.956940336
vn 1.000000000 0.000000000 0.000000000
vn 0.000000000 -0.195090322 -0.980785280
vn -1.000000000 -0.000000000 -0.000000000
vn -0.000000000 0.195090322 0.980785280
vn 1.000000000 0.000000000 0.000000000
vn 0.000000000 -0.098017140 -0.995184727
vn -1.000000000 -0.000000000 -0.000000000
vn -0.000000000 0.098017140 0.995184727
vn 1.000000000 0.000000000 0.000000000
vn 0.000000000 -0.000000000 -1.000000000
vn -1.000000000 -0.000000000 -0.000000000
vn -0.000000000 0.000000000 1.000000000
vn 1.000000000 0.000000000 0.000000000
vn 0.000000000 0.098017140 -0.995184727
vn -1.000000000 0.000000000 -0.000000000
vn -0.000000000 -0.098017140 0.995184727
vn 1.000000000 -0.000000000 0.000000000
vn 0.000000000 0.195090322 -0.980785280
vn -1.000000000 0.000000000 -0.000000000
vn -0.000000000 -0.195090322 0.980785280
vn 1.000000000 -0.000000000 0.000000000
vn 0.000000000 0.290284677 -0.956940336
vn -1.000000000 0.000000000 -0.000000000
vn -0.000000000 -0.290284677 0.956940336
vn 1.000000000 -0.000000000 0.000000000
vn 0.000000000 0.382683432 -0.923879533
vn -1.000000000 0.000000000 -0.000000000
vn -0.000000000 -0.382683432 0.923879533
vn 1.000000000 -0.000000000 0.000000000
vn 0.000000000 0.471396737 -0.881921264
vn -1.000000000 0.000000000 -0.000000000
vn -0.000000000 -0.471396737 0.881921264
vn 1.000000000 -0.000000000 0.000000000
vn 0.000000000 0.555570233 -0.831469612
vn -1.000000000 0.000000000 -0.000000000
vn -0.000000000 -0.555570233 0.831469612
vn 1.000000000 -0.000000000 0.000000000
vn 0.000000000 0.634393284 -0.773010453
vn -1.000000000 0.000000000 -0.000000000
vn -0.000000000 -0.634393284 0.773010453
vn 1.000000000 -0.000000000 0.000000000
vn 0.000000000 0.707106781 -0.707106781
vn -1.000000000 0.000000000 -0.000000000
vn -0.000000000 -0.707106781 0.707106781
vn 1.000000000 -0.000000000 0.000000000
vn 0.000000000 0.773010453 -0.634393284
vn -1.000000000 0.000000000 -0.000000000
vn -0.000000000 -0.773010453 0.634393284
vn 1.000000000 -0.000000000 0.000000000
vn 0.000000000 0.831469612 -0.555570233
vn -1.000000000 0.000000000 -0.000000000
vn -0.000000000 -0.831469612 0.555570233
vn 1.000000000 -0.000000000 0.000000000
vn 0.000000000 0.881921264 -0.471396737
vn -1.000000000 0.000000000 -0.000000000
vn -0.000000000 -0.881921264 0.471396737
vn 1.000000000 -0.000000000 0.000000000
vn 0.000000000 0.923879533 -0.382683432
vn -1.000000000 0.000000000 -0.000000000
vn -0.000000000 -0.923879533 0.382683432
vn 1.000000000 -0.000000000 0.000000000
vn 0.000000000 0.956940336 -0.290284677
vn -1.000000000 0.000000000 -0.000000000
vn -0.000000000 -0.956940336 0.290284677
vn 1.000000000 -0.000000000 0.000000000
vn 0.000000000 0.980785280 -0.195090322
vn -1.000000000 0.000000000 -0.000000000
vn -0.000000000 -0.980785280 0.195090322
vn 1.000000000 -0.000000000 0.000000000
vn 0.000000000 0.995184727 -0.098017140
vn -1.000000000 0.000000000 -0.000000000
vn -0.000000000 -0.995184727 0.098017140
vn 1.000000000 -0.000000000 0.000000000
vn 0.000000000 1.000000000 -0.000000000
vn -1.000000000 0.000000000 -0.000000000
vn -0.000000000 -1.000000000 0.000000000
vn 1.000000000 -0.000000000 0.000000000
vn 0.000000000 0.000000000 1.000000000
vn 0.000000000 -1.000000000 0.000000000
vn 0.000000000 -0.000000000 -1.000000000
vn -0.000000000 1.000000000 -0.000000000
vn 0.098017140 0.000000000 0.995184727
vn 0.000000000 -1.000000000 0.000000000
vn -0.098017140 -0.000000000 -0.995184727
vn -0.000000000 1.000000000 -0.000000000
vn 0.195090322 0.000000000 0.980785280
vn 0.000000000 -1.000000000 0.000000000
vn -0.195090322 -0.000000000 -0.980785280
vn -0.000000000 1.000000000 -0.000000000
vn 0.290284677 0.000000000 0.956940336
vn 0.000000000 -1.000000000 0.000000000
vn -0.290284677 -0.000000000 -0.956940336
vn -0.000000000 1.000000000 -0.000000000
vn 0.382683432 0.000000000 0.923879533
vn 0.000000000 -1.000000000 0.000000000
vn -0.382683432 -0.000000000 -0.923879533
vn -0.000000000 1.000000000 -0.000000000
vn 0.471396737 0.000000000 0.881921264
vn 0.000000000 -1.000000000 0.000000000
vn -0.471396737 -0.000000000 -0.881921264
vn -0.000000000 1.000000000 -0.000000000
vn 0.555570233 0.000000000 0.831469612
vn 0.000000000 -1.000000000 0.000000000
vn -0.555570233 -0.000000000 -0.831469612
vn -0.000000000 1.000000000 -0.000000000
vn 0.634393284 0.000000000 0.773010453
vn 0.000000000 -1.000000000 0.000000000
vn -0.634393284 -0.000000000 -0.773010453
vn -0.000000000 1.000000000 -0.000000000
vn 0.707106781 0.000000000 0.707106781
vn 0.000000000 -1.000000000 0.000000000
vn -0.707106781 -0.000000000 -0.707106781
vn -0.000000000 1.000000000 -0.000000000
vn 0.773010453 0.000000000 0.634393284
vn 0.000000000 -1.000000000 0.000000000
vn -0.773010453 -0.000000000 -0.634393284
vn -0.000000000 1.000000000 -0.000000000
vn 0.831469612 0.000000000 0.555570233
vn 0.000000000 -1.000000000 0.000000000
vn -0.831469612 -0.000000000 -0.555570233
vn -0.000000000 1.000000000 -0.000000000
vn 0.881921264 0.000000000 0.471396737
vn 0.000000000 -1.000000000 0.000000000
vn -0.881921264 -0.000000000 -0.471396737
vn -0.000000000 1.000000000 -0.000000000
vn 0.923879533 0.000000000 0.382683432
vn 0.000000000 -1.000000000 0.000000000
vn -0.923879533 -0.000000000 -0.382683432
vn -0.000000000 1.000000000 -0.000000000
vn 0.956940336 0.000000000 0.290284677
vn 0.000000000 -1.000000000 0.000000000
vn -0.956940336 -0.000000000 -0.290284677
vn -0.000000000 1.000000000 -0.000000000
vn 0.980785280 0.000000000 0.195090322
vn 0.000000000 -1.000000000 0.000000000
vn -0.980785280 -0.000000000 -0.195090322
vn -0.000000000 1.000000000 -0.000000000
vn 0.995184727 0.000000000 0.098017140
vn 0.000000000 -1.000000000 0.000000000
vn -0.995184727 -0.000000000 -0.098017140
vn -0.000000000 1.000000000 -0.000000000
vn 1.000000000 0.000000000 0.000000000
vn 0.000000000 -1.000000000 0.000000000
vn -1.000000000 -0.000000000 -0.000000000
vn -0.000000000 1.000000000 -0.000000000
vn 0.995184727 0.000000000 -0.098017140
vn 0.000000000 -1.000000000 -0.000000000
vn -0.995184727 -0.000000000 0.098017140
vn -0.000000000 1.000000000 0.000000000
vn 0.980785280 0.000000000 -0.195090322
vn 0.000000000 -1.000000000 -0.000000000
vn -0.980785280 -0.000000000 0.195090322
vn -0.000000000 1.000000000 0.000000000
vn 0.956940336 0.000000000 -0.290284677
vn 0.000000000 -1.000000000 -0.000000000
vn -0.956940336 -0.000000000 0.290284677
vn -0.000000000 1.000000000 0.000000000
vn 0.923879533 0.000000000 -0.382683432
vn 0.000000000 -1.000000000 -0.000000000
vn -0.923879533 -0.000000000 0.382683432
vn -0.000000000 1.000000000 0.000000000
vn 0.881921264 0.000000000 -0.471396737
vn 0.000000000 -1.000000000 -0.000000000
vn -0.881921264 -0.000000000 0.471396737
vn -0.000000000 1.000000000 0.000000000
vn 0.831469612 0.000000000 -0.555570233
vn 0.000000000 -1.000000000 -0.000000000
vn -0.831469612 -0.000000000 0.555570233
vn -0.000000000 1.000000000 0.000000000
vn 0.773010453 0.000000000 -0.634393284
vn 0.000000000 -1.000000000 -0.000000000
vn -0.773010453 -0.000000000 0.634393284
vn -0.000000000 1.000000000 0.000000000
vn 0.707106781 0.000000000 -0.707106781
vn 0.000000000 -1.000000000 -0.000000000
vn -0.707106781 -0.000000000 0.707106781
vn -0.000000000 1.000000000 0.000000000
vn 0.634393284 0.000000000 -0.773010453
vn 0.000000000 -1.000000000 -0.000000000
vn -0.634393284 -0.000000000 0.773010453
vn -0.000000000 1.000000000 0.000000000
vn 0.555570233 0.000000000 -0.831469612
vn 0.000000000 -1.000000000 -0.000000000
vn -0.555570233 -0.000000000 0.831469612
vn -0.000000000 1.000000000 0.000000000
vn 0.471396737 0.000000000 -0.881921264
vn 0.000000000 -1.000000000 -0.000000000
vn -0.471396737 -0.000000000 0.881921264
vn -0.000000000 1.000000000 0.000000000
vn 0.382683432 0.000000000 -0.923879533
vn 0.000000000 -1.000000000 -0.000000000
vn -0.382683432 -0.000000000 0.923879533
vn -0.000000000 1.000000000 0.000000000
vn 0.290284677 0.000000000 -0.956940336
vn 0.000000000 -1.000000000 -0.000000000
vn -0.290284677 -0.000000000 0.956940336
vn -0.000000000 1.000000000 0.000000000
vn 0.195090322 0.000000000 -0.980785280
vn 0.000000000 -1.000000000 -0.000000000
vn -0.195090322 -0.000000000 0.980785280
vn -0.000000000 1.000000000 0.000000000
vn 0.098017140 0.000000000 -0.995184727
vn 0.000000000 -1.000000000 -0.000000000
vn -0.098017140 -0.000000000 0.995184727
vn -0.000000000 1.000000000 0.000000000
vn 0.000000000 0.000000000 -1.000000000
vn 0.000000000 -1.000000000 -0.000000000
vn -0.000000000 -0.000000000 1.000000000
vn -0.000000000 1.000000000 0.000000000
vn -0.098017140 0.000000000 -0.995184727
vn -0.000000000 -1.000000000 -0.000000000
vn 0.098017140 -0.000000000 0.995184727
vn 0.000000000 1.000000000 0.000000000
vn -0.195090322 0.000000000 -0.980785280
vn -0.000000000 -1.000000000 -0.000000000
vn 0.195090322 -0.000000000 0.980785280
vn 0.000000000 1.000000000 0.000000000
vn -0.290284677 0.000000000 -0.956940336
vn -0.000000000 -1.000000000 -0.000000000
vn 0.290284677 -0.000000000 0.956940336
vn 0.000000000 1.000000000 0.000000000
vn -0.382683432 0.000000000 -0.923879533
vn -0.000000000 -1.000000000 -0.000000000
vn 0.382683432 -0.000000000 0.923879533
vn 0.000000000 1.000000000 0.000000000
vn -0.471396737 0.000000000 -0.881921264
vn -0.000000000 -1.000000000 -0.000000000
vn 0.471396737 -0.000000000 0.881921264
vn 0.000000000 1.000000000 0.000000000
vn -0.555570233 0.000000000 -0.831469612
vn -0.000000000 -1.000000000 -0.000000000
vn 0.555570233 -0.000000000 0.831469612
vn 0.000000000 1.000000000 0.000000000
vn -0.634393284 0.000000000 -0.773010453
vn -0.000000000 -1.000000000 -0.000000000
vn 0.634393284 -0.000000000 0.773010453
vn 0.000000000 1.000000000 0.000000000
vn -0.707106781 0.000000000 -0.707106781
vn -0.000000000 -1.000000000 -0.000000000
vn 0.707106781 -0.000000000 0.707106781
vn 0.000000000 1.000000000 0.000000000
vn -0.773010453 0.000000000 -0.634393284
vn -0.000000000 -1.000000000 -0.000000000
vn 0.773010453 -0.000000000 0.634393284
vn 0.000000000 1.000000000 0.000000000
vn -0.831469612 0.000000000 -0.555570233
vn -0.000000000 -1.000000000 -0.000000000
vn 0.831469612 -0.000000000 0.555570233
vn 0.000000000 1.000000000 0.000000000
vn -0.881921264 0.000000000 -0.471396737
vn -0.000000000 -1.000000000 -0.000000000
vn 0.881921264 -0.000000000 0.471396737
vn 0.000000000 1.000000000 0.000000000
vn -0.923879533 0.000000000 -0.382683432
vn -0.000000000 -1.000000000 -0.000000000
vn 0.923879533 -0.000000000 0.382683432
vn 0.000000000 1.000000000 0.000000000
vn -0.956940336 0.000000000 -0.290284677
vn -0.000000000 -1.000000000 -0.000000000
vn 0.956940336 -0.000000000 0.290284677
vn 0.000000000 1.000000000 0.000000000
vn -0.980785280 0.000000000 -0.195090322
vn -0.000000000 -1.000000000 -0.000000000
vn 0.980785280 -0.000000000 0.195090322
vn 0.000000000 1.000000000 0.000000000
vn -0.995184727 0.000000000 -0.098017140
vn -0.000000000 -1.000000000 -0.000000000
vn 0.995184727 -0.000000000 0.098017140
vn 0.000000000 1.000000000 0.000000000
vn -1.000000000 0.000000000 -0.000000000
vn -0.000000000 -1.000000000 -0.000000000
vn 1.000000000 -0.000000000 0.000000000
vn 0.000000000 1.000000000 0.000000000
vn -0.995184727 0.000000000 0.098017140
vn -0.000000000 -1.000000000 0.000000000
vn 0.995184727 -0.000000000 -0.098017140
vn 0.000000000 1.000000000 -0.000000000
vn -0.980785280 0.000000000 0.195090322
vn -0.000000000 -1.000000000 0.000000000
vn 0.980785280 -0.000000000 -0.195090322
vn 0.000000000 1.000000000 -0.000000000
vn -0.956940336 0.000000000 0.290284677
vn -0.000000000 -1.000000000 0.000000000
vn 0.956940336 -0.000000000 -0.290284677
vn 0.000000000 1.000000000 -0.000000000
vn -0.923879533 0.000000000 0.382683432
vn -0.000000000 -1.000000000 0.000000000
vn 0.923879533 -0.000000000 -0.382683432
vn 0.000000000 1.000000000 -0.000000000
vn -0.881921264 0.000000000 0.471396737
vn -0.000000000 -1.000000000 0.000000000
vn 0.881921264 -0.000000000 -0.471396737
vn 0.000000000 1.000000000 -0.000000000
vn -0.831469612 0.000000000 0.555570233
vn -0.000000000 -1.000000000 0.000000000
vn 0.831469612 -0.000000000 -0.555570233
vn 0.000000000 1.000000000 -0.000000000
vn -0.773010453 0.000000000 0.634393284
vn -0.000000000 -1.000000000 0.000000000
vn 0.773010453 -0.000000000 -0.634393284
vn 0.000000000 1.000000000 -0.000000000
vn -0.707106781 0.000000000 0.707106781
vn -0.000000000 -1.000000000 0.000000000
vn 0.707106781 -0.000000000 -0.707106781
vn 0.000000000 1.000000000 -0.000000000
vn -0.634393284 0.000000000 0.773010453
vn -0.000000000 -1.000000000 0.000000000
vn 0.634393284 -0.000000000 -0.773010453
vn 0.000000000 1.000000000 -0.000000000
vn -0.555570233 0.000000000 0.831469612
vn -0.000000000 -1.000000000 0.000000000
vn 0.555570233 -0.000000000 -0.831469612
vn 0.000000000 1.000000000 -0.000000000
vn -0.471396737 0.000000000 0.881921264
vn -0.000000000 -1.000000000 0.000000000
vn 0.471396737 -0.000000000 -0.881921264
vn 0.000000000 1.000000000 -0.000000000
vn -0.382683432 0.000000000 0.923879533
vn -0.000000000 -1.000000000 0.000000000
vn 0.382683432 -0.000000000 -0.923879533
vn 0.000000000 1.000000000 -0.000000000
vn -0.290284677 0.000000000 0.956940336
vn -0.000000000 -1.000000000 0.000000000
vn 0.290284677 -0.000000000 -0.956940336
vn 0.000000000 1.000000000 -0.000000000
vn -0.195090322 0.000000000 0.980785280
vn -0.000000000 -1.000000000 0.000000000
vn 0.195090322 -0.000000000 -0.980785280
vn 0.000000000 1.000000000 -0.000000000
vn -0.098017140 0.000000000 0.995184727
vn -0.000000000 -1.000000000 0.000000000
vn 0.098017140 -0.000000000 -0.995184727
vn 0.000000000 1.000000000 -0.000000000
vn -0.000000000 0.000000000 1.000000000
vn -0.000000000 -1.000000000 0.000000000
vn 0.000000000 -0.000000000 -1.000000000
vn 0.000000000 1.000000000 -0.000000000
vn 1.000000000 0.000000000 0.000000000
vn 0.000000000 0.000000000 -1.000000000
vn -1.000000000 0.000000000 -0.000000000
vn -0.000000000 -0.000000000 1.000000000
vn 0.995184727 0.098017140 0.000000000
vn 0.000000000 0.000000000 -1.000000000
vn -0.995184727 -0.098017140 -0.000000000
vn -0.000000000 -0.000000000 1.000000000
vn 0.980785280 0.195090322 0.000000000
vn 0.000000000 0.000000000 -1.000000000
vn -0.980785280 -0.195090322 -0.000000000
vn -0.000000000 -0.000000000 1.000000000
vn 0.956940336 0.290284677 0.000000000
vn 0.000000000 0.000000000 -1.000000000
vn -0.956940336 -0.290284677 -0.000000000
vn -0.000000000 -0.000000000 1.000000000
vn 0.923879533 0.382683432 0.000000000
vn 0.000000000 0.000000000 -1.000000000
vn -0.923879533 -0.382683432 -0.000000000
vn -0.000000000 -0.000000000 1.000000000
vn 0.881921264 0.471396737 0.000000000
vn 0.000000000 0.000000000 -1.000000000
vn -0.881921264 -0.471396737 -0.000000000
vn -0.000000000 -0.000000000 1.000000000
vn 0.831469612 0.555570233 0.000000000
vn 0.000000000 0.000000000 -1.000000000
vn -0.831469612 -0.555570233 -0.000000000
vn -0.000000000 -0.000000000 1.000000000
vn 0.773010453 0.634393284 0.000000000
vn 0.000000000 0.000000000 -1.000000000
vn -0.773010453 -0.634393284 -0.000000000
vn -0.000000000 -0.000000000 1.000000000
vn 0.707106781 0.707106781 0.000000000
vn 0.000000000 0.000000000 -1.000000000
vn -0.707106781 -0.707106781 -0.000000000
vn -0.000000000 -0.000000000 1.000000000
vn 0.634393284 0.773010453 0.000000000
vn 0.000000000 0.000000000 -1.000000000
vn -0.634393284 -0.773010453 -0.000000000
vn -0.000000000 -0.000000000 1.000000000
vn 0.555570233 0.831469612 0.000000000
vn 0.000000000 0.000000000 -1.000000000
vn -0.555570233 -0.831469612 -0.000000000
vn -0.000000000 -0.000000000 1.000000000
vn 0.471396737 0.881921264 0.000000000
vn 0.000000000 0.000000000 -1.000000000
vn -0.471396737 -0.881921264 -0.000000000
vn -0.000000000 -0.000000000 1.000000000
vn 0.382683432 0.923879533 0.000000000
vn 0.000000000 0.000000000 -1.000000000
vn -0.382683432 -0.923879533 -0.000000000
vn -0.000000000 -0.000000000 1.000000000
vn 0.290284677 0.956940336 0.000000000
vn 0.000000000 0.000000000 -1.000000000
vn -0.290284677 -0.956940336 -0.000000000
vn -0.000000000 -0.000000000 1.000000000
vn 0.195090322 0.980785280 0.000000000
vn 0.000000000 0.000000000 -1.000000000
vn -0.195090322 -0.980785280 -0.000000000
vn -0.000000000 -0.000000000 1.000000000
vn 0.098017140 0.995184727 0.000000000
vn 0.000000000 0.000000000 -1.000000000
vn -0.098017140 -0.995184727 -0.000000000
vn -0.000000000 -0.000000000 1.000000000
vn 0.000000000 1.000000000 0.000000000
vn 0.000000000 0.000000000 -1.000000000
vn -0.000000000 -1.000000000 -0.000000000
vn -0.000000000 -0.000000000 1.000000000
vn -0.098017140 0.995184727 0.000000000
vn -0.000000000 0.000000000 -1.000000000
vn 0.098017140 -0.995184727 -0.000000000
vn 0.000000000 -0.000000000 1.000000000
vn -0.195090322 0.980785280 0.000000000
vn -0.000000000 0.000000000 -1.000000000
vn 0.195090322 -0.980785280 -0.000000000
vn 0.000000000 -0.000000000 1.000000000
vn -0.290284677 0.956940336 0.000000000
vn -0.000000000 0.000000000 -1.000000000
vn 0.290284677 -0.956940336 -0.000000000
vn 0.000000000 -0.000000000 1.000000000
vn -0.382683432 0.923879533 0.000000000
vn -0.000000000 0.000000000 -1.000000000
vn 0.382683432 -0.923879533 -0.000000000
vn 0.000000000 -0.000000000 1.000000000
vn -0.471396737 0.881921264 0.000000000
vn -0.000000000 0.000000000 -1.000000000
vn 0.471396737 -0.881921264 -0.000000000
vn 0.000000000 -0.000000000 1.000000000
vn -0.555570233 0.831469612 0.000000000
vn -0.000000000 0.000000000 -1.000000000
vn 0.555570233 -0.831469612 -0.000000000
vn 0.000000000 -0.000000000 1.000000000
vn -0.634393284 0.773010453 0.000000000
vn -0.000000000 0.000000000 -1.000000000
vn 0.634393284 -0.773010453 -0.000000000
vn 0.000000000 -0.000000000 1.000000000
vn -0.707106781 0.707106781 0.000000000
vn -0.000000000 0.000000000 -1.000000000
vn 0.707106781 -0.707106781 -0.000000000
vn 0.000000000 -0.000000000 1.000000000
vn -0.773010453 0.634393284 0.000000000
vn -0.000000000 0.000000000 -1.000000000
vn 0.773010453 -0.634393284 -0.000000000
vn 0.000000000 -0.000000000 1.000000000
vn -0.831469612 0.555570233 0.000000000
vn -0.000000000 0.000000000 -1.000000000
vn 0.831469612 -0.555570233 -0.000000000
vn 0.000000000 -0.000000000 1.000000000
vn -0.881921264 0.471396737 0.000000000
vn -0.000000000 0.000000000 -1.000000000
vn 0.881921264 -0.471396737 -0.000000000
vn 0.000000000 -0.000000000 1.000000000
vn -0.923879533 0.382683432 0.000000000
vn -0.000000000 0.000000000 -1.000000000
vn 0.923879533 -0.382683432 -0.000000000
vn 0.000000000 -0.000000000 1.000000000
vn -0.956940336 0.290284677 0.000000000
vn -0.000000000 0.000000000 -1.000000000
vn 0.956940336 -0.290284677 -0.000000000
vn 0.000000000 -0.000000000 1.000000000
vn -0.980785280 0.195090322 0.000000000
vn -0.000000000 0.000000000 -1.000000000
vn 0.980785280 -0.195090322 -0.000000000
vn 0.000000000 -0.000000000 1.000000000
vn -0.995184727 0.098017140 0.000000000
vn -0.000000000 0.000000000 -1.000000000
vn 0.995184727 -0.098017140 -0.000000000
vn 0.000000000 -0.000000000 1.000000000
vn -1.000000000 0.000000000 0.000000000
vn -0.000000000 0.000000000 -1.000000000
vn 1.000000000 -0.000000000 -0.000000000
vn 0.000000000 -0.000000000 1.000000000
vn -0.995184727 -0.098017140 0.000000000
vn -0.000000000 -0.000000000 -1.000000000
vn 0.995184727 0.098017140 -0.000000000
vn 0.000000000 0.000000000 1.000000000
vn -0.980785280 -0.195090322 0.000000000
vn -0.000000000 -0.000000000 -1.000000000
vn 0.980785280 0.195090322 -0.000000000
vn 0.000000000 0.000000000 1.000000000
vn -0.956940336 -0.290284677 0.000000000
vn -0.000000000 -0.000000000 -1.000000000
vn 0.956940336 0.290284677 -0.000000000
vn 0.000000000 0.000000000 1.000000000
vn -0.923879533 -0.382683432 0.000000000
vn -0.000000000 -0.000000000 -1.000000000
vn 0.923879533 0.382683432 -0.000000000
vn 0.000000000 0.000000000 1.000000000
vn -0.881921264 -0.471396737 0.000000000
vn -0.000000000 -0.000000000 -1.000000000
vn 0.881921264 0.471396737 -0.000000000
vn 0.000000000 0.000000000 1.000000000
vn -0.831469612 -0.555570233 0.000000000
vn -0.000000000 -0.000000000 -1.000000000
vn 0.831469612 0.555570233 -0.000000000
vn 0.000000000 0.000000000 1.000000000
vn -0.773010453 -0.634393284 0.000000000
vn -0.000000000 -0.000000000 -1.000000000
vn 0.773010453 0.634393284 -0.000000000
vn 0.000000000 0.000000000 1.000000000
vn -0.707106781 -0.707106781 0.000000000
vn -0.000000000 -0.000000000 -1.000000000
vn 0.707106781 0.707106781 -0.000000000
vn 0.000000000 0.000000000 1.000000000
vn -0.634393284 -0.773010453 0.000000000
vn -0.000000000 -0.000000000 -1.000000000
vn 0.634393284 0.773010453 -0.000000000
vn 0.000000000 0.000000000 1.000000000
vn -0.555570233 -0.831469612 0.000000000
vn -0.000000000 -0.000000000 -1.000000000
vn 0.555570233 0.831469612 -0.000000000
vn 0.000000000 0.000000000 1.000000000
vn -0.471396737 -0.881921264 0.000000000
vn -0.000000000 -0.000000000 -1.000000000
vn 0.471396737 0.881921264 -0.000000000
vn 0.000000000 0.000000000 1.000000000
vn -0.382683432 -0.923879533 0.000000000
vn -0.000000000 -0.000000000 -1.000000000
vn 0.382683432 0.923879533 -0.000000000
vn 0.000000000 0.000000000 1.000000000
vn -0.290284677 -0.956940336 0.000000000
vn -0.000000000 -0.000000000 -1.000000000
vn 0.290284677 0.956940336 -0.000000000
vn 0.000000000 0.000000000 1.000000000
vn -0.195090322 -0.980785280 0.000000000
vn -0.000000000 -0.000000000 -1.000000000
vn 0.195090322 0.980785280 -0.000000000
vn 0.000000000 0.000000000 1.000000000
vn -0.098017140 -0.995184727 0.000000000
vn -0.000000000 -0.000000000 -1.000000000
vn 0.098017140 0.995184727 -0.000000000
vn 0.000000000 0.000000000 1.000000000
vn -0.000000000 -1.000000000 0.000000000
vn -0.000000000 -0.000000000 -1.000000000
vn 0.000000000 1.000000000 -0.000000000
vn 0.000000000 0.000000000 1.000000000
vn 0.098017140 -0.995184727 0.000000000
vn 0.000000000 -0.000000000 -1.000000000
vn -0.098017140 0.995184727 -0.000000000
vn -0.000000000 0.000000000 1.000000000
vn 0.195090322 -0.980785280 0.000000000
vn 0.000000000 -0.000000000 -1.000000000
vn -0.195090322 0.980785280 -0.000000000
vn -0.000000000 0.000000000 1.000000000
vn 0.290284677 -0.956940336 0.000000000
vn 0.000000000 -0.000000000 -1.000000000
vn -0.290284677 0.956940336 -0.000000000
vn -0.000000000 0.000000000 1.000000000
vn 0.382683432 -0.923879533 0.000000000
vn 0.000000000 -0.000000000 -1.000000000
vn -0.382683432 0.923879533 -0.000000000
vn -0.000000000 0.000000000 1.000000000
vn 0.471396737 -0.881921264 0.000000000
vn 0.000000000 -0.000000000 -1.000000000
vn -0.471396737 0.881921264 -0.000000000
vn -0.000000000 0.000000000 1.000000000
vn 0.555570233 -0.831469612 0.000000000
vn 0.000000000 -0.000000000 -1.000000000
vn -0.555570233 0.831469612 -0.000000000
vn -0.000000000 0.000000000 1.000000000
vn 0.634393284 -0.773010453 0.000000000
vn 0.000000000 -0.000000000 -1.000000000
vn -0.634393284 0.773010453 -0.000000000
vn -0.000000000 0.000000000 1.000000000
vn 0.707106781 -0.707106781 0.000000000
vn 0.000000000 -0.000000000 -1.000000000
vn -0.707106781 0.707106781 -0.000000000
vn -0.000000000 0.000000000 1.000000000
vn 0.773010453 -0.634393284 0.000000000
vn 0.000000000 -0.000000000 -1.000000000
vn -0.773010453 0.634393284 -0.000000000
vn -0.000000000 0.000000000 1.000000000
vn 0.831469612 -0.555570233 0.000000000
vn 0.000000000 -0.000000000 -1.000000000
vn -0.831469612 0.555570233 -0.000000000
vn -0.000000000 0.000000000 1.000000000
vn 0.881921264 -0.471396737 0.000000000
vn 0.000000000 -0.000000000 -1.000000000
vn -0.881921264 0.471396737 -0.000000000
vn -0.000000000 0.000000000 1.000000000
vn 0.923879533 -0.382683432 0.000000000
vn 0.000000000 -0.000000000 -1.000000000
vn -0.923879533 0.382683432 -0.000000000
vn -0.000000000 0.000000000 1.000000000
vn 0.956940336 -0.290284677 0.000000000
vn 0.000000000 -0.000000000 -1.000000000
vn -0.956940336 0.290284677 -0.000000000
vn -0.000000000 0.000000000 1.000000000
vn 0.980785280 -0.195090322 0.000000000
vn 0.000000000 -0.000000000 -1.000000000
vn -0.980785280 0.195090322 -0.000000000
vn -0.000000000 0.000000000 1.000000000
vn 0.995184727 -0.098017140 0.000000000
vn 0.000000000 -0.000000000 -1.000000000
vn -0.995184727 0.098017140 -0.000000000
vn -0.000000000 0.000000000 1.000000000
vn 1.000000000 -0.000000000 0.000000000
vn 0.000000000 -0.000000000 -1.000000000
vn -1.000000000 0.000000000 -0.000000000
vn -0.000000000 0.000000000 1.000000000
vn 0.973725349 0.227725590 -0.000000000
vn -0.111352668 0.476129695 -0.872296450
vn -0.973725349 -0.227725590 -0.000000000
vn 0.111352668 -0.476129695 0.872296450
vn 0.959639641 0.279643777 0.029851597
vn -0.110547953 0.472688836 -0.874267930
vn -0.959639641 -0.279643777 -0.029851597
vn 0.110547953 -0.472688836 0.874267930
vn 0.920014208 0.381593461 0.089220442
vn -0.109158351 0.468196486 -0.876856034
vn -0.920014208 -0.381593461 -0.089220442
vn 0.109158351 -0.468196486 0.876856034
vn 0.865936154 0.477935351 0.147419055
vn -0.109224181 0.468335877 -0.876773394
vn -0.865936154 -0.477935351 -0.147419055
vn 0.109224181 -0.468335877 0.876773394
vn 0.798424882 0.566516524 0.203903741
vn -0.111825503 0.472292214 -0.874319805
vn -0.798424882 -0.566516524 -0.203903741
vn 0.111825503 -0.472292214 0.874319805
vn 0.718876514 0.645437420 0.258122247
vn -0.117701083 0.478981605 -0.869898314
vn -0.718876514 -0.645437420 -0.258122247
vn 0.117701083 -0.478981605 0.869898314
vn 0.629004938 0.713129119 0.309515182
vn -0.127154524 0.487155387 -0.864008887
vn -0.629004938 -0.713129119 -0.309515182
vn 0.127154524 -0.487155387 0.864008887
vn 0.530769300 0.768417748 0.357516594
vn -0.139982964 0.495530989 -0.857236145
vn -0.530769300 -0.768417748 -0.357516594
vn 0.139982964 -0.495530989 0.857236145
vn 0.426292029 0.810573667 0.401553777
vn -0.155436209 0.502944139 -0.850227486
vn -0.426292029 -0.810573667 -0.401553777
vn 0.155436209 -0.502944139 0.850227486
vn 0.317772539 0.839343846 0.441047075
vn -0.172215614 0.508513337 -0.843656309
vn -0.317772539 -0.839343846 -0.441047075
vn 0.172215614 -0.508513337 0.843656309
vn 0.207402697 0.854966586 0.475411672
vn -0.188524386 0.511801429 -0.838163381
vn -0.207402697 -0.854966586 -0.475411672
vn 0.188524386 -0.511801429 0.838163381
vn 0.097290591 0.858167992 0.504065709
vn -0.202184873 0.512949529 -0.834268577
vn -0.097290591 -0.858167992 -0.504065709
vn 0.202184873 -0.512949529 0.834268577
vn -0.010602044 0.850138423 0.526452523
vn -0.210843988 0.512744711 -0.832248565
vn 0.010602044 -0.850138423 -0.526452523
vn 0.210843988 -0.512744711 0.832248565
vn -0.114508381 0.832482980 0.542088479
vn -0.212292623 0.512566537 -0.831990016
vn 0.114508381 -0.832482980 -0.542088479
vn 0.212292623 -0.512566537 0.831990016
vn -0.212902398 0.807131050 0.550646925
vn -0.204917691 0.514148959 -0.832862286
vn 0.212902398 -0.807131050 -0.550646925
vn 0.204917691 -0.514148959 0.832862286
vn -0.304570433 0.776177937 0.552073058
vn -0.188259645 0.519121016 -0.833709588
vn 0.304570433 -0.776177937 -0.552073058
vn 0.188259645 -0.519121016 0.833709588
vn -0.388742589 0.741630645 0.546683808
vn -0.163530742 0.528392481 -0.833102084
vn 0.388742589 -0.741630645 -0.546683808
vn 0.163530742 -0.528392481 0.833102084
vn -0.465277717 0.705068077 0.535159465
vn -0.133784246 0.541627636 -0.829904380
vn 0.465277717 -0.705068077 -0.535159465
vn 0.133784246 -0.541627636 0.829904380
vn -0.534796441 0.667311370 0.518351524
vn -0.103392295 0.557159308 -0.823943893
vn 0.534796441 -0.667311370 -0.518351524
vn 0.103392295 -0.557159308 0.823943893
vn -0.598588398 0.628262598 0.496968850
vn -0.076829080 0.572505040 -0.816293618
vn 0.598588398 -0.628262598 -0.496968850
vn 0.076829080 -0.572505040 0.816293618
vn -0.658222017 0.587006474 0.471346132
vn -0.057321787 0.585207088 -0.808855288
vn 0.658222017 -0.587006474 -0.471346132
vn 0.057321787 -0.585207088 0.808855288
vn -0.715009164 0.542114101 0.441445577
vn -0.046102649 0.593498263 -0.803513757
vn 0.715009164 -0.542114101 -0.441445577
vn 0.046102649 -0.593498263 0.803513757
vn -0.769578609 0.492002508 0.407040902
vn -0.042518433 0.596546347 -0.801451582
vn 0.769578609 -0.492002508 -0.407040902
vn 0.042518433 -0.596546347 0.801451582
vn -0.821702014 0.435243359 0.367925290
vn -0.044687643 0.594383812 -0.802938914
vn 0.821702014 -0.435243359 -0.367925290
vn 0.044687643 -0.594383812 0.802938914
vn -0.870353172 0.370787462 0.324040142
vn -0.050257072 0.587724028 -0.807499037
vn 0.870353172 -0.370787462 -0.324040142
vn 0.050257072 -0.587724028 0.807499037
vn -0.913905076 0.298108875 0.275515173
vn -0.056994582 0.577770909 -0.814206604
vn 0.913905076 -0.298108875 -0.275515173
vn 0.056994582 -0.577770909 0.814206604
vn -0.950376138 0.217279392 0.222654129
vn -0.063156702 0.566040582 -0.821954555
vn 0.950376138 -0.217279392 -0.222654129
vn 0.063156702 -0.566040582 0.821954555
vn -0.977670955 0.128983633 0.165899746
vn -0.067666241 0.554188025 -0.829636615
vn 0.977670955 -0.128983633 -0.165899746
vn 0.067666241 -0.554188025 0.829636615
vn -0.993789597 0.034485111 0.105797043
vn -0.070154470 0.543837668 -0.836252917
vn 0.993789597 -0.034485111 -0.105797043
vn 0.070154470 -0.543837668 0.836252917
vn -0.996995979 -0.064445771 0.042962321
vn -0.070913111 0.536425586 -0.840963091
vn 0.996995979 0.064445771 -0.042962321
vn 0.070913111 -0.536425586 0.840963091
vn -0.985943699 -0.165630964 -0.021940988
vn -0.070788256 0.533063793 -0.843108543
vn 0.985943699 0.165630964 0.021940988
vn 0.070788256 -0.533063793 0.843108543
vn -0.959760867 -0.266601153 -0.088220769
vn -0.071038526 0.534435661 -0.842218530
vn 0.959760867 0.266601153 0.088220769
vn 0.071038526 -0.534435661 0.842218530
vn -0.918096573 -0.364720155 -0.155170524
vn -0.073173528 0.540728517 -0.838008536
vn 0.918096573 0.364720155 0.155170524
vn 0.073173528 -0.540728517 0.838008536
vn -0.861132144 -0.457309069 -0.222080720
vn -0.078784956 0.551606427 -0.830375385
vn 0.861132144 0.457309069 0.222080720
vn 0.078784956 -0.551606427 0.830375385
vn -0.789560909 -0.541762663 -0.288247788
vn -0.089380403 0.566223835 -0.819391062
vn 0.789560909 0.541762663 0.288247788
vn 0.089380403 -0.566223835 0.819391062
vn -0.704541056 -0.615651268 -0.352980760
vn -0.106228567 0.583278776 -0.805295822
vn 0.704541056 0.615651268 0.352980760
vn 0.106228567 -0.583278776 0.805295822
vn -0.607627348 -0.676802419 -0.415604970
vn -0.130223580 0.601102945 -0.788490373
vn 0.607627348 0.676802419 0.415604970
vn 0.130223580 -0.601102945 0.788490373
vn -0.500688859 -0.723358012 -0.475461725
vn -0.161775424 0.617784662 -0.769526363
vn 0.500688859 0.723358012 0.475461725
vn 0.161775424 -0.617784662 0.769526363
vn -0.385821245 -0.753804864 -0.531902429
vn -0.200732765 0.631319711 -0.749093972
vn 0.385821245 0.753804864 0.531902429
vn 0.200732765 -0.631319711 0.749093972
vn -0.265263125 -0.766979625 -0.584275388
vn -0.246343977 0.639784003 -0.728004859
vn 0.265263125 0.766979625 0.584275388
vn 0.246343977 -0.639784003 0.728004859
vn -0.141326549 -0.762052996 -0.631903504
vn -0.297261804 0.641520823 -0.707167910
vn 0.141326549 0.762052996 0.631903504
vn 0.297261804 -0.641520823 0.707167910
vn -0.016350774 -0.738503214 -0.674051671
vn -0.351597060 0.635333607 -0.687554155
vn 0.016350774 0.738503214 0.674051671
vn 0.351597060 -0.635333607 0.687554155
vn 0.107313978 -0.696094740 -0.709884373
vn -0.407026933 0.620671861 -0.670145893
vn -0.107313978 0.696094740 0.709884373
vn 0.407026933 -0.620671861 0.670145893
vn 0.227291331 -0.634884189 -0.738417712
vn -0.460963358 0.597791913 -0.655864019
vn -0.227291331 0.634884189 0.738417712
vn 0.460963358 -0.597791913 0.655864019
vn 0.287323728 -0.596725771 -0.749241903
vn -0.487430141 0.582273672 -0.650668294
vn -0.287323728 0.596725771 0.749241903
vn 0.487430141 -0.582273672 0.650668294
vn 0.449743010 0.893158007 -0.000000000
vn -0.095144959 0.047909530 -0.994309868
vn -0.449743010 -0.893158007 -0.000000000
vn 0.095144959 -0.047909530 0.994309868
vn 0.419083183 0.907944171 0.002582179
vn -0.067570122 0.034024428 -0.997134202
vn -0.419083183 -0.907944171 -0.002582179
vn 0.067570122 -0.034024428 0.997134202
vn 0.358867130 0.933383226 0.003183845
vn -0.007355583 0.006238996 -0.999953484
vn -0.358867130 -0.933383226 -0.003183845
vn 0.007355583 -0.006238996 0.999953484
vn 0.306158342 0.951980566 -0.000266039
vn 0.058581652 -0.019118872 -0.998099523
vn -0.306158342 -0.951980566 0.000266039
vn -0.058581652 0.019118872 0.998099523
vn 0.259718579 0.965660400 -0.006800915
vn 0.127309471 -0.041219857 -0.991006167
vn -0.259718579 -0.965660400 0.006800915
vn -0.127309471 0.041219857 0.991006167
vn 0.216547566 0.976140319 -0.016038402
vn 0.195069270 -0.059359535 -0.978991535
vn -0.216547566 -0.976140319 0.016038402
vn -0.195069270 0.059359535 0.978991535
vn 0.172785066 0.984549542 -0.028416915
vn 0.258408426 -0.073152290 -0.963262076
vn -0.172785066 -0.984549542 0.028416915
vn -0.258408426 0.073152290 0.963262076
vn 0.124913804 0.991148631 -0.044954791
vn 0.315221244 -0.082607658 -0.945416068
vn -0.124913804 -0.991148631 0.044954791
vn -0.315221244 0.082607658 0.945416068
vn 0.070647806 0.995267195 -0.066724048
vn 0.365107706 -0.088050101 -0.926792071
vn -0.070647806 -0.995267195 0.066724048
vn -0.365107706 0.088050101 0.926792071
vn 0.009228310 0.995490468 -0.094411686
vn 0.409031489 -0.089913476 -0.908079736
vn -0.009228310 -0.995490468 0.094411686
vn -0.409031489 0.089913476 0.908079736
vn -0.058732714 0.990013574 -0.128154557
vn 0.448673876 -0.088500173 -0.889302801
vn 0.058732714 -0.990013574 0.128154557
vn -0.448673876 0.088500173 0.889302801
vn -0.131597847 0.977033392 -0.167594025
vn 0.485841185 -0.083799202 -0.870020710
vn 0.131597847 -0.977033392 0.167594025
vn -0.485841185 0.083799202 0.870020710
vn -0.207066337 0.955076367 -0.212020434
vn 0.522060236 -0.075412514 -0.849568163
vn 0.207066337 -0.955076367 0.212020434
vn -0.522060236 0.075412514 0.849568163
vn -0.282490427 0.923216997 -0.260517823
vn 0.558350159 -0.062588182 -0.827241089
vn 0.282490427 -0.923216997 0.260517823
vn -0.558350159 0.062588182 0.827241089
vn -0.355137328 0.881184740 -0.312075204
vn 0.595120273 -0.044330974 -0.802413001
vn 0.355137328 -0.881184740 0.312075204
vn -0.595120273 0.044330974 0.802413001
vn -0.422402206 0.829377632 -0.365662577
vn 0.632152905 -0.019554791 -0.774596872
vn 0.422402206 -0.829377632 0.365662577
vn -0.632152905 0.019554791 0.774596872
vn -0.481976835 0.768806041 -0.420280385
vn 0.668645509 0.012753505 -0.743471944
vn 0.481976835 -0.768806041 0.420280385
vn -0.668645509 -0.012753505 0.743471944
vn -0.531975788 0.700988375 -0.474991642
vn 0.703296098 0.053381298 -0.708890002
vn 0.531975788 -0.700988375 0.474991642
vn -0.703296098 -0.053381298 0.708890002
vn -0.571020617 0.627817103 -0.528943418
vn 0.734420091 0.102763438 -0.670870186
vn 0.571020617 -0.627817103 0.528943418
vn -0.734420091 -0.102763438 0.670870186
vn -0.598282481 0.551410256 -0.581381804
vn 0.760088056 0.160890479 -0.629587485
vn 0.598282481 -0.551410256 0.581381804
vn -0.760088056 -0.160890479 0.629587485
vn -0.613484584 0.473961103 -0.631662519
vn 0.778274233 0.227256272 -0.585357844
vn 0.613484584 -0.473961103 0.631662519
vn -0.778274233 -0.227256272 0.585357844
vn -0.616867224 0.397596820 -0.679258122
vn 0.787006189 0.300845605 -0.538621557
vn 0.616867224 -0.397596820 0.679258122
vn -0.787006189 -0.300845605 0.538621557
vn -0.609119853 0.324255284 -0.723762057
vn 0.784506857 0.380159781 -0.489926048
vn 0.609119853 -0.324255284 0.723762057
vn -0.784506857 -0.380159781 0.489926048
vn -0.591286132 0.255587495 -0.764889366
vn 0.769321522 0.463275928 -0.439908865
vn 0.591286132 -0.255587495 0.764889366
vn -0.769321522 -0.463275928 0.439908865
vn -0.564649358 0.192891319 -0.802473702
vn 0.740424042 0.547934446 -0.389281494
vn 0.564649358 -0.192891319 0.802473702
vn -0.740424042 -0.547934446 0.389281494
vn -0.530606709 0.137080240 -0.836460118
vn 0.697298484 0.631648331 -0.338814419
vn 0.530606709 -0.137080240 0.836460118
vn -0.697298484 -0.631648331 0.338814419
vn -0.490541448 0.088688680 -0.866892961
vn 0.639994190 0.711828139 -0.289323584
vn 0.490541448 -0.088688680 0.866892961
vn -0.639994190 -0.711828139 0.289323584
vn -0.445702614 0.047913174 -0.893897929
vn 0.569153807 0.785916895 -0.241657978
vn 0.445702614 -0.047913174 0.893897929
vn -0.569153807 -0.785916895 0.241657978
vn -0.397101903 0.014686192 -0.917657013
vn 0.486014783 0.851530187 -0.196687495
vn 0.397101903 -0.014686192 0.917657013
vn -0.486014783 -0.851530187 0.196687495
vn -0.345437564 -0.011223363 -0.938374619
vn 0.392385072 0.906597574 -0.155289385
vn 0.345437564 0.011223363 0.938374619
vn -0.392385072 -0.906597574 0.155289385
vn -0.291055401 -0.030092470 -0.956232815
vn 0.290593070 0.949501740 -0.118330529
vn 0.291055401 0.030092470 0.956232815
vn -0.290593070 -0.949501740 0.118330529
vn -0.233957590 -0.042123271 -0.971333864
vn 0.183410113 0.979210903 -0.086641430
vn 0.233957590 0.042123271 0.971333864
vn -0.183410113 -0.979210903 0.086641430
vn -0.173870762 -0.047339944 -0.983629955
vn 0.073941121 0.995396699 -0.060976410
vn 0.173870762 0.047339944 0.983629955
vn -0.073941121 -0.995396699 0.060976410
vn -0.110385075 -0.045532070 -0.992845389
vn -0.034524761 0.998522862 -0.041953958
vn 0.110385075 0.045532070 0.992845389
vn 0.034524761 -0.998522862 0.041953958
vn -0.043172771 -0.036281793 -0.998408605
vn -0.138715660 0.989878555 -0.029973530
vn 0.043172771 0.036281793 0.998408605
vn 0.138715660 -0.989878555 0.029973530
vn 0.027718658 -0.019113316 -0.999433018
vn -0.235644262 0.971514810 -0.025114852
vn -0.027718658 0.019113316 0.999433018
vn 0.235644262 -0.971514810 0.025114852
vn 0.101538998 0.006218801 -0.994812122
vn -0.322945865 0.946030831 -0.027048748
vn -0.101538998 -0.006218801 0.994812122
vn 0.322945865 -0.946030831 0.027048748
vn 0.176579827 0.039353400 -0.983499301
vn -0.399258314 0.916169243 -0.035024518
vn -0.176579827 -0.039353400 0.983499301
vn 0.399258314 -0.916169243 0.035024518
vn 0.250170543 0.079020780 -0.964971718
vn -0.464542737 0.884247603 -0.048023142
vn -0.250170543 -0.079020780 0.964971718
vn 0.464542737 -0.884247603 0.048023142
vn 0.319095552 0.123053571 -0.939699871
vn -0.520159171 0.851583384 -0.065116643
vn -0.319095552 -0.123053571 0.939699871
vn 0.520159171 -0.851583384 0.065116643
vn 0.380400430 0.168846225 -0.909277991
vn -0.568515471 0.818174364 -0.085911985
vn -0.380400430 -0.168846225 0.909277991
vn 0.568515471 -0.818174364 0.085911985
vn 0.432230340 0.214099326 -0.875978545
vn -0.612303546 0.782820964 -0.110795783
vn -0.432230340 -0.214099326 0.875978545
vn 0.612303546 -0.782820964 0.110795783
vn 0.474223118 0.257457560 -0.841919260
vn -0.653622438 0.743614563 -0.140766087
vn -0.474223118 -0.257457560 0.841919260
vn 0.653622438 -0.743614563 0.140766087
vn 0.507262418 0.298757288 -0.808349505
vn -0.693371660 0.698516840 -0.176946219
vn -0.507262418 -0.298757288 0.808349505
vn 0.693371660 -0.698516840 0.176946219
vn 0.521602268 0.318890321 -0.791353295
vn -0.711885074 0.673906783 -0.197659527
vn -0.521602268 -0.318890321 0.791353295
vn 0.711885074 -0.673906783 0.197659527
vn 0.201281183 0.979533504 -0.000000000
vn 0.479803089 -0.098593190 -0.871819006
vn -0.201281183 -0.979533504 -0.000000000
vn -0.479803089 0.098593190 0.871819006
vn 0.153310777 0.987786296 -0.027821546
vn 0.486270450 -0.099922148 -0.868076387
vn -0.153310777 -0.987786296 0.027821546
vn -0.486270450 0.099922148 0.868076387
vn 0.056692072 0.994769113 -0.084973063
vn 0.500993702 -0.101963577 -0.859423493
vn -0.056692072 -0.994769113 0.084973063
vn -0.500993702 0.101963577 0.859423493
vn -0.041019379 0.988710398 -0.144115092
vn 0.519728323 -0.102073575 -0.848211917
vn 0.041019379 -0.988710398 0.144115092
vn -0.519728323 0.102073575 0.848211917
vn -0.137395943 0.969172797 -0.204515144
vn 0.542768168 -0.099049307 -0.834021553
vn 0.137395943 -0.969172797 0.204515144
vn -0.542768168 0.099049307 0.834021553
vn -0.229999921 0.936285310 -0.265461588
vn 0.569928021 -0.091518881 -0.816582111
vn 0.229999921 -0.936285310 0.265461588
vn -0.569928021 0.091518881 0.816582111
vn -0.316508535 0.890711808 -0.326274153
vn 0.600541684 -0.078097896 -0.795770321
vn 0.316508535 -0.890711808 0.326274153
vn -0.600541684 0.078097896 0.795770321
vn -0.394824561 0.833592053 -0.386313156
vn 0.633495049 -0.057536051 -0.771604578
vn 0.394824561 -0.833592053 0.386313156
vn -0.633495049 0.057536051 0.771604578
vn -0.463167505 0.766460350 -0.444988083
vn 0.667291031 -0.028846408 -0.744238245
vn 0.463167505 -0.766460350 0.444988083
vn -0.667291031 0.028846408 0.744238245
vn -0.520141104 0.691147236 -0.501765613
vn 0.700141887 0.008588576 -0.713952081
vn 0.520141104 -0.691147236 0.501765613
vn -0.700141887 -0.008588576 0.713952081
vn -0.564773943 0.609670217 -0.556176788
vn 0.730083499 0.054938830 -0.681145953
vn 0.564773943 -0.609670217 0.556176788
vn -0.730083499 -0.054938830 0.681145953
vn -0.596531289 0.524120094 -0.607822793
vn 0.755105481 0.109879521 -0.646329795
vn 0.596531289 -0.524120094 0.607822793
vn -0.755105481 -0.109879521 0.646329795
vn -0.615297783 0.436549847 -0.656378602
vn 0.773290668 0.172576986 -0.610113699
vn 0.615297783 -0.436549847 0.656378602
vn -0.773290668 -0.172576986 0.610113699
vn -0.621332432 0.348873111 -0.701593587
vn 0.782957435 0.241708520 -0.573196865
vn 0.621332432 -0.348873111 0.701593587
vn -0.782957435 -0.241708520 0.573196865
vn -0.615199255 0.262778887 -0.743288055
vn 0.782798417 0.315515611 -0.536354862
vn 0.615199255 -0.262778887 0.743288055
vn -0.782798417 -0.315515611 0.536354862
vn -0.597678988 0.179668312 -0.781344434
vn 0.772009329 0.391889281 -0.500424207
vn 0.597678988 -0.179668312 0.781344434
vn -0.772009329 -0.391889281 0.500424207
vn -0.569669400 0.100617972 -0.815691608
vn 0.750401396 0.468485248 -0.466282445
vn 0.569669400 -0.100617972 0.815691608
vn -0.750401396 -0.468485248 0.466282445
vn -0.532084221 0.026372531 -0.846280610
vn 0.718489887 0.542865708 -0.434820774
vn 0.532084221 -0.026372531 0.846280610
vn -0.718489887 -0.542865708 0.434820774
vn -0.485763687 -0.042632698 -0.873049880
vn 0.677548801 0.612663201 -0.406904687
vn 0.485763687 0.042632698 0.873049880
vn -0.677548801 -0.612663201 0.406904687
vn -0.431413718 -0.106221037 -0.895879063
vn 0.629616653 0.675759851 -0.383316440
vn 0.431413718 0.106221037 0.895879063
vn -0.629616653 -0.675759851 0.383316440
vn -0.369595821 -0.164400218 -0.914533486
vn 0.577429661 0.730471689 -0.364672589
vn 0.369595821 0.164400218 0.914533486
vn -0.577429661 -0.730471689 0.364672589
vn -0.300794097 -0.217272386 -0.928609510
vn 0.524245894 0.775722267 -0.351313545
vn 0.300794097 0.217272386 0.928609510
vn -0.524245894 -0.775722267 0.351313545
vn -0.225582526 -0.264939802 -0.937507027
vn 0.473511512 0.811182300 -0.343176522
vn 0.225582526 0.264939802 0.937507027
vn -0.473511512 -0.811182300 0.343176522
vn -0.144888972 -0.307422130 -0.940477974
vn 0.428325034 0.837343243 -0.339696863
vn 0.144888972 0.307422130 0.940477974
vn -0.428325034 -0.837343243 0.339696863
vn -0.060281585 -0.344606716 -0.936809662
vn 0.390716077 0.855484937 -0.339833001
vn 0.060281585 0.344606716 0.936809662
vn -0.390716077 -0.855484937 0.339833001
vn 0.025903150 -0.376257576 -0.926152937
vn 0.360912617 0.867496275 -0.342333603
vn -0.025903150 0.376257576 0.926152937
vn -0.360912617 -0.867496275 0.342333603
vn 0.110815056 -0.402101447 -0.908864374
vn 0.336977706 0.875526334 -0.346265308
vn -0.110815056 0.402101447 0.908864374
vn -0.336977706 -0.875526334 0.346265308
vn 0.191773935 -0.421970310 -0.886094699
vn 0.315214106 0.881501036 -0.351562216
vn -0.191773935 0.421970310 0.886094699
vn -0.315214106 -0.881501036 0.351562216
vn 0.267063757 -0.435914992 -0.859450446
vn 0.291325513 0.886634795 -0.359177094
vn -0.267063757 0.435914992 0.859450446
vn -0.291325513 -0.886634795 0.359177094
vn 0.336348788 -0.444184339 -0.830403376
vn 0.261748395 0.891127826 -0.370646698
vn -0.336348788 0.444184339 0.830403376
vn -0.261748395 -0.891127826 0.370646698
vn 0.400504409 -0.447049392 -0.799839396
vn 0.224478165 0.894176379 -0.387373408
vn -0.400504409 0.447049392 0.799839396
vn -0.224478165 -0.894176379 0.387373408
vn 0.461069066 -0.444569250 -0.767967121
vn 0.179194352 0.894264628 -0.410097743
vn -0.461069066 0.444569250 0.767967121
vn -0.179194352 -0.894264628 0.410097743
vn 0.519650980 -0.436424121 -0.734504490
vn 0.126939886 0.889590907 -0.438764497
vn -0.519650980 0.436424121 0.734504490
vn -0.126939886 -0.889590907 0.438764497
vn 0.577487238 -0.421878867 -0.698946859
vn 0.069672485 0.878477267 -0.472676884
vn -0.577487238 0.421878867 0.698946859
vn -0.069672485 -0.878477267 0.472676884
vn 0.635192925 -0.399867397 -0.660784393
vn 0.009856153 0.859673490 -0.510748809
vn -0.635192925 0.399867397 0.660784393
vn -0.009856153 -0.859673490 0.510748809
vn 0.692663450 -0.369152596 -0.619631912
vn -0.049866085 0.832529350 -0.551732050
vn -0.692663450 0.369152596 0.619631912
vn 0.049866085 -0.832529350 0.551732050
vn 0.749082013 -0.328514432 -0.575286368
vn -0.106924922 0.797046621 -0.594376770
vn -0.749082013 0.328514432 0.575286368
vn 0.106924922 -0.797046621 0.594376770
vn 0.802994332 -0.276931378 -0.527739628
vn -0.159014597 0.753837838 -0.637528723
vn -0.802994332 0.276931378 0.527739628
vn 0.159014597 -0.753837838 0.637528723
vn 0.852424126 -0.213734725 -0.477169337
vn -0.204226354 0.704021357 -0.680180509
vn -0.852424126 0.213734725 0.477169337
vn 0.204226354 -0.704021357 0.680180509
vn 0.895010998 -0.138726591 -0.423922453
vn -0.241128736 0.649079110 -0.721493757
vn -0.895010998 0.138726591 0.423922453
vn 0.241128736 -0.649079110 0.721493757
vn 0.928157824 -0.052259931 -0.368499599
vn -0.268797231 0.590698497 -0.760804399
vn -0.928157824 0.052259931 0.368499599
vn 0.268797231 -0.590698497 0.760804399
vn 0.949178859 0.044716683 -0.311544398
vn -0.286796249 0.530615321 -0.797618514
vn -0.949178859 -0.044716683 0.311544398
vn 0.286796249 -0.530615321 0.797618514
vn 0.955443142 0.150644373 -0.253839863
vn -0.295117195 0.470471232 -0.831602466
vn -0.955443142 -0.150644373 0.253839863
vn 0.295117195 -0.470471232 0.831602466
vn 0.944511012 0.263363227 -0.196312908
vn -0.294077232 0.411697188 -0.862568263
vn -0.944511012 -0.263363227 0.196312908
vn 0.294077232 -0.411697188 0.862568263
vn 0.932007970 0.321816079 -0.166719991
vn -0.289050209 0.382470288 -0.877591281
vn -0.932007970 -0.321816079 0.166719991
vn 0.289050209 -0.382470288 0.877591281
vn -0.782106443 0.623144856 0.000000000
vn 0.261777327 0.328555603 -0.907482147
vn 0.782106443 -0.623144856 -0.000000000
vn -0.261777327 -0.328555603 0.907482147
vn -0.814682363 0.579388017 -0.024539209
vn 0.255753897 0.320995622 -0.911894596
vn 0.814682363 -0.579388017 0.024539209
vn -0.255753897 -0.320995622 0.911894596
vn -0.872423826 0.483446628 -0.071805465
vn 0.245136884 0.305722701 -0.920022575
vn 0.872423826 -0.483446628 0.071805465
vn -0.245136884 -0.305722701 0.920022575
vn -0.917523829 0.380482800 -0.115684322
vn 0.237498881 0.290933066 -0.926796759
vn 0.917523829 -0.380482800 0.115684322
vn -0.237498881 -0.290933066 0.926796759
vn -0.949391943 0.272921462 -0.155463225
vn 0.232110062 0.276153868 -0.932664977
vn 0.949391943 -0.272921462 0.155463225
vn -0.232110062 -0.276153868 0.932664977
vn -0.968017291 0.163344445 -0.190423520
vn 0.228479890 0.260450989 -0.938063016
vn 0.968017291 -0.163344445 0.190423520
vn -0.228479890 -0.260450989 0.938063016
vn -0.974011703 0.054388381 -0.219870659
vn 0.226488767 0.242493549 -0.943344962
vn 0.974011703 -0.054388381 0.219870659
vn -0.226488767 -0.242493549 0.943344962
vn -0.968618308 -0.051371122 -0.243186308
vn 0.226476842 0.220695689 -0.948684169
vn 0.968618308 0.051371122 0.243186308
vn -0.226476842 -0.220695689 0.948684169
vn -0.953665463 -0.151554911 -0.259910164
vn 0.229243372 0.193460072 -0.953950039
vn 0.953665463 0.151554911 0.259910164
vn -0.229243372 -0.193460072 0.953950039
vn -0.931435300 -0.244149443 -0.269850572
vn 0.235898348 0.159543442 -0.958591602
vn 0.931435300 0.244149443 0.269850572
vn -0.235898348 -0.159543442 0.958591602
vn -0.904410054 -0.327728698 -0.273196551
vn 0.247521201 0.118532169 -0.961604586
vn 0.904410054 0.327728698 0.273196551
vn -0.247521201 -0.118532169 0.961604586
vn -0.874878776 -0.401728168 -0.270557953
vn 0.264656369 0.071326147 -0.961701402
vn 0.874878776 0.401728168 0.270557953
vn -0.264656369 -0.071326147 0.961701402
vn -0.844460634 -0.466696838 -0.262831314
vn 0.286829297 0.020386938 -0.957764756
vn 0.844460634 0.466696838 0.262831314
vn -0.286829297 -0.020386938 0.957764756
vn -0.813715153 -0.524344707 -0.250859081
vn 0.312403770 -0.030567004 -0.949457499
vn 0.813715153 0.524344707 0.250859081
vn -0.312403770 0.030567004 0.949457499
vn -0.782051636 -0.577192199 -0.235041281
vn 0.338999234 -0.077518598 -0.937587535
vn 0.782051636 0.577192199 0.235041281
vn -0.338999234 0.077518598 0.937587535
vn -0.748003455 -0.627843942 -0.215180892
vn 0.364285948 -0.117369612 -0.923861528
vn 0.748003455 0.627843942 0.215180892
vn -0.364285948 0.117369612 0.923861528
vn -0.709703719 -0.678204986 -0.190679383
vn 0.386669304 -0.148737861 -0.910144988
vn 0.709703719 0.678204986 0.190679383
vn -0.386669304 0.148737861 0.910144988
vn -0.665332949 -0.729000304 -0.160905636
vn 0.405541703 -0.171970568 -0.897753892
vn 0.665332949 0.729000304 0.160905636
vn -0.405541703 0.171970568 0.897753892
vn -0.613429388 -0.779716552 -0.125484999
vn 0.421169748 -0.188571538 -0.887162228
vn 0.613429388 0.779716552 0.125484999
vn -0.421169748 0.188571538 0.887162228
vn -0.553072097 -0.828846673 -0.084406447
vn 0.434445542 -0.200473791 -0.878104396
vn 0.553072097 0.828846673 0.084406447
vn -0.434445542 0.200473791 0.878104396
vn -0.483975417 -0.874256460 -0.037992604
vn 0.446645234 -0.209455129 -0.869848598
vn 0.483975417 0.874256460 0.037992604
vn -0.446645234 0.209455129 0.869848598
vn -0.406517093 -0.913548016 0.013186164
vn 0.459225131 -0.216783621 -0.861462211
vn 0.406517093 0.913548016 -0.013186164
vn -0.459225131 0.216783621 0.861462211
vn -0.321710053 -0.944364373 0.068400093
vn 0.473643483 -0.223063031 -0.852000431
vn 0.321710053 0.944364373 -0.068400093
vn -0.473643483 0.223063031 0.852000431
vn -0.231126803 -0.964621419 0.126830276
vn 0.491199354 -0.228219264 -0.840618321
vn 0.231126803 0.964621419 -0.126830276
vn -0.491199354 0.228219264 0.840618321
vn -0.136787916 -0.972670662 0.187618894
vn 0.512891151 -0.231577285 -0.826628471
vn 0.136787916 0.972670662 -0.187618894
vn -0.512891151 0.231577285 0.826628471
vn -0.041027374 -0.967401023 0.249904012
vn 0.539302765 -0.231992633 -0.809525754
vn 0.041027374 0.967401023 -0.249904012
vn -0.539302765 0.231992633 0.809525754
vn 0.053652874 -0.948287875 0.312844171
vn 0.570524967 -0.228012872 -0.788993911
vn -0.053652874 0.948287875 -0.312844171
vn -0.570524967 0.228012872 0.788993911
vn 0.144728065 -0.915396538 0.375636745
vn 0.606116812 -0.218051317 -0.764902630
vn -0.144728065 0.915396538 -0.375636745
vn -0.606116812 0.218051317 0.764902630
vn 0.229785763 -0.869346777 0.437532495
vn 0.645108479 -0.200559607 -0.737299732
vn -0.229785763 0.869346777 -0.437532495
vn -0.645108479 0.200559607 0.737299732
vn 0.306642694 -0.811244818 0.497847469
vn 0.686043969 -0.174188440 -0.706400779
vn -0.306642694 0.811244818 -0.497847469
vn -0.686043969 0.174188440 0.706400779
vn 0.373436350 -0.742589982 0.555972492
vn 0.727059747 -0.137927874 -0.672577152
vn -0.373436350 0.742589982 -0.555972492
vn -0.727059747 0.137927874 0.672577152
vn 0.428686053 -0.665163868 0.611379830
vn 0.765993656 -0.091220445 -0.636343107
vn -0.428686053 0.665163868 -0.611379830
vn -0.765993656 0.091220445 0.636343107
vn 0.471320147 -0.580911027 0.663626173
vn 0.800517322 -0.034042167 -0.598342000
vn -0.471320147 0.580911027 -0.663626173
vn -0.800517322 0.034042167 0.598342000
vn 0.500668298 -0.491820734 0.712350771
vn 0.828284734 0.033051718 -0.559331729
vn -0.500668298 0.491820734 -0.712350771
vn -0.828284734 -0.033051718 0.559331729
vn 0.516420670 -0.399819833 0.757267319
vn 0.847089679 0.108917772 -0.520169199
vn -0.516420670 0.399819833 -0.757267319
vn -0.847089679 -0.108917772 0.520169199
vn 0.518558808 -0.306686313 0.798148024
vn 0.855025120 0.191852362 -0.481793229
vn -0.518558808 0.306686313 -0.798148024
vn -0.855025120 -0.191852362 0.481793229
vn 0.507266548 -0.213992341 0.834798135
vn 0.850638169 0.279656029 -0.445204684
vn -0.507266548 0.213992341 -0.834798135
vn -0.850638169 -0.279656029 0.445204684
vn 0.482833148 -0.123083598 0.867019365
vn 0.833074446 0.369733376 -0.411441609
vn -0.482833148 0.123083598 -0.867019365
vn -0.833074446 -0.369733376 0.411441609
vn 0.445565192 -0.035098953 0.894561190
vn 0.802204787 0.459227875 -0.381545853
vn -0.445565192 0.035098953 -0.894561190
vn -0.802204787 -0.459227875 0.381545853
vn 0.395728789 0.048969884 0.917060890
vn 0.758724360 0.545191317 -0.356516160
vn -0.395728789 -0.048969884 -0.917060890
vn -0.758724360 -0.545191317 0.356516160
vn 0.333548364 0.128185598 0.933977484
vn 0.704208223 0.624786992 -0.337241743
vn -0.333548364 -0.128185598 -0.933977484
vn -0.704208223 -0.624786992 0.337241743
vn 0.259291011 0.201555851 0.944533435
vn 0.641097306 0.695522467 -0.324411377
vn -0.259291011 -0.201555851 -0.944533435
vn -0.641097306 -0.695522467 0.324411377
vn 0.173459839 0.267936804 0.947692753
vn 0.572575542 0.755499178 -0.318399498
vn -0.173459839 -0.267936804 -0.947692753
vn -0.572575542 -0.755499178 0.318399498
vn 0.077094592 0.325993917 0.942223110
vn 0.502288387 0.803648651 -0.319147649
vn -0.077094592 -0.325993917 -0.942223110
vn -0.502288387 -0.803648651 0.319147649
vn 0.024592804 0.352943997 0.935321190
vn 0.465442109 0.823971242 -0.323164099
vn -0.024592804 -0.352943997 -0.935321190
vn -0.465442109 -0.823971242 0.323164099
vn -0.981581955 0.191041530 0.000000000
vn -0.039192719 -0.201374360 -0.978729941
vn 0.981581955 -0.191041530 -0.000000000
vn 0.039192719 0.201374360 0.978729941
vn -0.985683135 0.168515968 0.005578982
vn -0.045230480 -0.232396712 -0.971568820
vn 0.985683135 -0.168515968 -0.005578982
vn 0.045230480 0.232396712 0.971568820
vn -0.992419594 0.121194605 0.020376861
vn -0.055130514 -0.290846539 -0.955180045
vn 0.992419594 -0.121194605 -0.020376861
vn 0.055130514 0.290846539 0.955180045
vn -0.996880697 0.067982065 0.040091320
vn -0.061048218 -0.342256751 -0.937621156
vn 0.996880697 -0.067982065 -0.040091320
vn 0.061048218 0.342256751 0.937621156
vn -0.997820650 0.007684916 0.065535428
vn -0.063394930 -0.387160495 -0.919830329
vn 0.997820650 -0.007684916 -0.065535428
vn 0.063394930 0.387160495 0.919830329
vn -0.993506560 -0.059439284 0.097013850
vn -0.062535239 -0.427048937 -0.902063495
vn 0.993506560 0.059439284 -0.097013850
vn 0.062535239 0.427048937 0.902063495
vn -0.982106994 -0.131999199 0.134320750
vn -0.058580173 -0.463733140 -0.884036164
vn 0.982106994 0.131999199 -0.134320750
vn 0.058580173 0.463733140 0.884036164
vn -0.962040231 -0.207840924 0.176863633
vn -0.051275552 -0.498871166 -0.865158007
vn 0.962040231 0.207840924 -0.176863633
vn 0.051275552 0.498871166 0.865158007
vn -0.932221513 -0.284381641 0.223808252
vn -0.040000129 -0.533684709 -0.844737013
vn 0.932221513 0.284381641 -0.223808252
vn 0.040000129 0.533684709 0.844737013
vn -0.892197592 -0.358886582 0.274196786
vn -0.023851230 -0.568819497 -0.822116475
vn 0.892197592 0.358886582 -0.274196786
vn 0.023851230 0.568819497 0.822116475
vn -0.842183295 -0.428693717 0.327030571
vn -0.001783113 -0.604302778 -0.796752768
vn 0.842183295 0.428693717 -0.327030571
vn 0.001783113 0.604302778 0.796752768
vn -0.783023149 -0.491392500 0.381324219
vn 0.027234188 -0.639566961 -0.768252824
vn 0.783023149 0.491392500 -0.381324219
vn -0.027234188 0.639566961 0.768252824
vn -0.716100483 -0.544960161 0.436140483
vn 0.064060222 -0.673520583 -0.736387338
vn 0.716100483 0.544960161 -0.436140483
vn -0.064060222 0.673520583 0.736387338
vn -0.643212935 -0.587856893 0.490613282
vn 0.109250552 -0.704653702 -0.701090206
vn 0.643212935 0.587856893 -0.490613282
vn -0.109250552 0.704653702 0.701090206
vn -0.566429799 -0.619080644 0.543963637
vn 0.162954832 -0.731167056 -0.662450344
vn 0.566429799 0.619080644 -0.543963637
vn -0.162954832 0.731167056 0.662450344
vn -0.487943925 -0.638182676 0.595511208
vn 0.224852149 -0.751115088 -0.620699311
vn 0.487943925 0.638182676 -0.595511208
vn -0.224852149 0.751115088 0.620699311
vn -0.409928894 -0.645246098 0.644682693
vn 0.294125501 -0.762553334 -0.576196670
vn 0.409928894 0.645246098 -0.644682693
vn -0.294125501 0.762553334 0.576196670
vn -0.334410588 -0.640830967 0.691017532
vn 0.369474354 -0.763681373 -0.529414263
vn 0.334410588 0.640830967 -0.691017532
vn -0.369474354 0.763681373 0.529414263
vn -0.263160788 -0.625891009 0.734170855
vn 0.449161957 -0.752973625 -0.480920218
vn 0.263160788 0.625891009 -0.734170855
vn -0.449161957 0.752973625 0.480920218
vn -0.197618856 -0.601668383 0.773913396
vn 0.531092580 -0.729291689 -0.431363309
vn 0.197618856 0.601668383 -0.773913396
vn -0.531092580 0.729291689 0.431363309
vn -0.138845790 -0.569574044 0.810127925
vn 0.612912813 -0.691973682 -0.381458132
vn 0.138845790 0.569574044 -0.810127925
vn -0.612912813 0.691973682 0.381458132
vn -0.087513015 -0.531062031 0.842801632
vn 0.692130845 -0.640897740 -0.331971353
vn 0.087513015 0.531062031 -0.842801632
vn -0.692130845 0.640897740 0.331971353
vn -0.043926180 -0.487506469 0.872013723
vn 0.766247809 -0.576518436 -0.283708985
vn 0.043926180 0.487506469 -0.872013723
vn -0.766247809 0.576518436 0.283708985
vn -0.008082059 -0.440090229 0.897917185
vn 0.832895966 -0.499876072 -0.237504153
vn 0.008082059 0.440090229 -0.897917185
vn -0.832895966 0.499876072 0.237504153
vn 0.020245797 -0.389714208 0.920713280
vn 0.889979218 -0.412579355 -0.194204188
vn -0.020245797 0.389714208 -0.920713280
vn -0.889979218 0.412579355 0.194204188
vn 0.041399851 -0.336936278 0.940616817
vn 0.935811836 -0.316761836 -0.154654926
vn -0.041399851 0.336936278 -0.940616817
vn -0.935811836 0.316761836 0.154654926
vn 0.055720685 -0.281949300 0.957809896
vn 0.969250758 -0.215011456 -0.119678911
vn -0.055720685 0.281949300 -0.957809896
vn -0.969250758 0.215011456 0.119678911
vn 0.063434390 -0.224608480 0.972382183
vn 0.989814471 -0.110270621 -0.090042779
vn -0.063434390 0.224608480 -0.972382183
vn -0.989814471 0.110270621 0.090042779
vn 0.064568156 -0.164519721 0.984258205
vn 0.997776269 -0.005701285 -0.066407928
vn -0.064568156 0.164519721 -0.984258205
vn -0.997776269 0.005701285 0.066407928
vn 0.058925442 -0.101201402 0.993119363
vn 0.994210433 0.095494289 -0.049259067
vn -0.058925442 0.101201402 -0.993119363
vn -0.994210433 -0.095494289 0.049259067
vn 0.046158471 -0.034328279 0.998344111
vn 0.980956600 0.190309952 -0.038810710
vn -0.046158471 0.034328279 -0.998344111
vn -0.980956600 -0.190309952 0.038810710
vn 0.025969327 0.035951708 0.999016050
vn 0.960454269 0.276240885 -0.034908030
vn -0.025969327 -0.035951708 -0.999016050
vn -0.960454269 -0.276240885 0.034908030
vn -0.001568853 0.108684534 0.994075053
vn 0.935400878 0.351650927 -0.036970560
vn 0.001568853 -0.108684534 -0.994075053
vn -0.935400878 -0.351650927 0.036970560
vn -0.035668851 0.181900484 0.982669806
vn 0.908231904 0.416140780 -0.044064263
vn 0.035668851 -0.181900484 -0.982669806
vn -0.908231904 -0.416140780 0.044064263
vn -0.074669454 0.252736527 0.964649532
vn 0.880532761 0.470762317 -0.055180592
vn 0.074669454 -0.252736527 -0.964649532
vn -0.880532761 -0.470762317 0.055180592
vn -0.116263920 0.318026893 0.940925925
vn 0.852622495 0.517860492 -0.069680649
vn 0.116263920 -0.318026893 -0.940925925
vn -0.852622495 -0.517860492 0.069680649
vn -0.158105649 0.375201019 0.913360169
vn 0.823548078 0.560431913 -0.087662047
vn 0.158105649 -0.375201019 -0.913360169
vn -0.823548078 -0.560431913 0.087662047
vn -0.198484756 0.423013840 0.884117126
vn 0.791502428 0.601193846 -0.109953928
vn 0.198484756 -0.423013840 -0.884117126
vn -0.791502428 -0.601193846 0.109953928
vn -0.236721808 0.461686315 0.854873401
vn 0.754415194 0.641790721 -0.137703974
vn 0.236721808 -0.461686315 -0.854873401
vn -0.754415194 -0.641790721 0.137703974
vn -0.273175023 0.492453896 0.826356199
vn 0.710441701 0.682453785 -0.171841268
vn 0.273175023 -0.492453896 -0.826356199
vn -0.710441701 -0.682453785 0.171841268
vn -0.308995773 0.516859617 0.798359411
vn 0.658257560 0.722111380 -0.212725503
vn 0.308995773 -0.516859617 -0.798359411
vn -0.658257560 -0.722111380 0.212725503
vn -0.345800081 0.536127315 0.770058313
vn 0.597207551 0.758751633 -0.260075182
vn 0.345800081 -0.536127315 -0.770058313
vn -0.597207551 -0.758751633 0.260075182
vn -0.385343956 0.550766890 0.740382245
vn 0.527368735 0.789847572 -0.313086299
vn 0.385343956 -0.550766890 -0.740382245
vn -0.527368735 -0.789847572 0.313086299
vn -0.429227905 0.560413977 0.708307546
vn 0.449550219 0.812740347 -0.370618036
vn 0.429227905 -0.560413977 -0.708307546
vn -0.449550219 -0.812740347 0.370618036
vn -0.452459207 0.563579992 0.691128250
vn 0.408421975 0.819895227 -0.401202327
vn 0.452459207 -0.563579992 -0.691128250
vn -0.408421975 -0.819895227 0.401202327
vn -0.901794502 -0.432165102 0.000000000
vn 0.220438552 -0.459986875 -0.860127270
vn 0.901794502 0.432165102 -0.000000000
vn -0.220438552 0.459986875 0.860127270
vn -0.877577192 -0.478431121 0.031015077
vn 0.220785768 -0.460711406 -0.859650304
vn 0.877577192 0.478431121 -0.031015077
vn -0.220785768 0.460711406 0.859650304
vn -0.819332898 -0.565655297 0.093422090
vn 0.222891477 -0.464409405 -0.857113349
vn 0.819332898 0.565655297 -0.093422090
vn -0.222891477 0.464409405 0.857113349
vn -0.748856715 -0.644140510 0.155873747
vn 0.228793391 -0.472012212 -0.851385962
vn 0.748856715 0.644140510 -0.155873747
vn -0.228793391 0.472012212 0.851385962
vn -0.667590448 -0.711951733 0.217824984
vn 0.239649909 -0.482479760 -0.842485135
vn 0.667590448 0.711951733 -0.217824984
vn -0.239649909 0.482479760 0.842485135
vn -0.577308227 -0.767475052 0.278742275
vn 0.256317740 -0.494457383 -0.830549886
vn 0.577308227 0.767475052 -0.278742275
vn -0.256317740 0.494457383 0.830549886
vn -0.480032596 -0.809475613 0.338109359
vn 0.279266667 -0.506376905 -0.815838562
vn 0.480032596 0.809475613 -0.338109359
vn -0.279266667 0.506376905 0.815838562
vn -0.377940493 -0.837134456 0.395432532
vn 0.308521000 -0.516577331 -0.798725644
vn 0.377940493 0.837134456 -0.395432532
vn -0.308521000 0.516577331 0.798725644
vn -0.273264117 -0.850062462 0.450244970
vn 0.343631237 -0.523440220 -0.779697318
vn 0.273264117 0.850062462 -0.450244970
vn -0.343631237 0.523440220 0.779697318
vn -0.168192125 -0.848291004 0.502109332
vn 0.383678785 -0.525534102 -0.759344781
vn 0.168192125 0.848291004 -0.502109332
vn -0.383678785 0.525534102 0.759344781
vn -0.064776814 -0.832240370 0.550617771
vn 0.427315748 -0.521761368 -0.738353795
vn 0.064776814 0.832240370 -0.550617771
vn -0.427315748 0.521761368 0.738353795
vn 0.035147223 -0.802668919 0.595388343
vn 0.472840745 -0.511499956 -0.717488275
vn -0.035147223 0.802668919 -0.595388343
vn -0.472840745 0.511499956 0.717488275
vn 0.130027994 -0.760607978 0.636056778
vn 0.518310314 -0.494730315 -0.697564573
vn -0.130027994 0.760607978 -0.636056778
vn -0.518310314 0.494730315 0.697564573
vn 0.218640461 -0.707289898 0.672262857
vn 0.561683549 -0.472135104 -0.679411535
vn -0.218640461 0.707289898 -0.672262857
vn -0.561683549 0.472135104 0.679411535
vn 0.300107368 -0.644079405 0.703631500
vn 0.600994911 -0.445153767 -0.663809642
vn -0.300107368 0.644079405 -0.703631500
vn -0.600994911 0.445153767 0.663809642
vn 0.373894877 -0.572421258 0.729751002
vn 0.634546216 -0.415965270 -0.651401562
vn -0.373894877 0.572421258 -0.729751002
vn -0.634546216 0.415965270 0.651401562
vn 0.439782949 -0.493818973 0.750155837
vn 0.661103321 -0.387358976 -0.642569392
vn -0.439782949 0.493818973 -0.750155837
vn -0.661103321 0.387358976 0.642569392
vn 0.497812491 -0.409856242 0.764330154
vn 0.680075585 -0.362438920 -0.637287398
vn -0.497812491 0.409856242 -0.764330154
vn -0.680075585 0.362438920 0.637287398
vn 0.548214795 -0.322256435 0.771758595
vn 0.691646804 -0.344105606 -0.634992937
vn -0.548214795 0.322256435 -0.771758595
vn -0.691646804 0.344105606 0.634992937
vn 0.591334398 -0.232937131 0.772051762
vn 0.696815520 -0.334310404 -0.634574412
vn -0.591334398 0.232937131 -0.772051762
vn -0.696815520 0.334310404 0.634574412
vn 0.627563274 -0.143964134 0.765139638
vn 0.697293935 -0.333232763 -0.634615705
vn -0.627563274 0.143964134 -0.765139638
vn -0.697293935 0.333232763 0.634615705
vn 0.657304486 -0.057299599 0.751443656
vn 0.695221107 -0.338770511 -0.633957533
vn -0.657304486 0.057299599 -0.751443656
vn -0.695221107 0.338770511 0.633957533
vn 0.680963290 0.025643023 0.731868453
vn 0.692695215 -0.346829729 -0.632362616
vn -0.680963290 -0.025643023 -0.731868453
vn -0.692695215 0.346829729 0.632362616
vn 0.698925764 0.104411433 0.707531645
vn 0.691236465 -0.352528541 -0.630805657
vn -0.698925764 -0.104411433 -0.707531645
vn -0.691236465 0.352528541 0.630805657
vn 0.711474375 0.179597988 0.679373812
vn 0.691392724 -0.351735504 -0.631077044
vn -0.711474375 -0.179597988 -0.679373812
vn -0.691392724 0.351735504 0.631077044
vn 0.718644372 0.252517212 0.647908422
vn 0.692669594 -0.342101018 -0.634961201
vn -0.718644372 -0.252517212 -0.647908422
vn -0.692669594 0.342101018 0.634961201
vn 0.720094056 0.324678314 0.613227970
vn 0.693793413 -0.323232200 -0.643561687
vn -0.720094056 -0.324678314 -0.613227970
vn -0.693793413 0.323232200 0.643561687
vn 0.715065931 0.397308209 0.575175539
vn 0.693153932 -0.296274308 -0.657083831
vn -0.715065931 -0.397308209 -0.575175539
vn -0.693153932 0.296274308 0.657083831
vn 0.702460209 0.471051561 0.533535455
vn 0.689243470 -0.263319567 -0.674986107
vn -0.702460209 -0.471051561 -0.533535455
vn -0.689243470 0.263319567 0.674986107
vn 0.680989726 0.545847777 0.488163085
vn 0.680978423 -0.226888725 -0.696268550
vn -0.680989726 -0.545847777 -0.488163085
vn -0.680978423 0.226888725 0.696268550
vn 0.649367940 0.620935098 0.439045423
vn 0.667870176 -0.189546715 -0.719737084
vn -0.649367940 -0.620935098 -0.439045423
vn -0.667870176 0.189546715 0.719737084
vn 0.606490139 0.694932279 0.386314431
vn 0.650062085 -0.153634697 -0.744187923
vn -0.606490139 -0.694932279 -0.386314431
vn -0.650062085 0.153634697 0.744187923
vn 0.551584036 0.765962721 0.330236523
vn 0.628267552 -0.121089748 -0.768516204
vn -0.551584036 -0.765962721 -0.330236523
vn -0.628267552 0.121089748 0.768516204
vn 0.484319497 0.831798451 0.271193585
vn 0.603644963 -0.093332370 -0.791771323
vn -0.484319497 -0.831798451 -0.271193585
vn -0.603644963 0.093332370 0.791771323
vn 0.404875761 0.890009453 0.209663520
vn 0.577639131 -0.071210309 -0.813180255
vn -0.404875761 -0.890009453 -0.209663520
vn -0.577639131 0.071210309 0.813180255
vn 0.313969129 0.938108672 0.146203643
vn 0.551811597 -0.054991382 -0.832153777
vn -0.313969129 -0.938108672 -0.146203643
vn -0.551811597 0.054991382 0.832153777
vn 0.212846252 0.973685951 0.081437961
vn 0.527675971 -0.044399619 -0.848284588
vn -0.212846252 -0.973685951 -0.081437961
vn -0.527675971 0.044399619 0.848284588
vn 0.103249095 0.994526054 0.016048466
vn 0.506549964 -0.038689389 -0.861342130
vn -0.103249095 -0.994526054 -0.016048466
vn -0.506549964 0.038689389 0.861342130
vn -0.012641927 0.998707480 -0.049229566
vn 0.489432797 -0.036752186 -0.871266213
vn 0.012641927 -0.998707480 0.049229566
vn -0.489432797 0.036752186 0.871266213
vn -0.132279874 0.984680276 -0.113608051
vn 0.476914875 -0.037250449 -0.878159784
vn 0.132279874 -0.984680276 0.113608051
vn -0.476914875 0.037250449 0.878159784
vn -0.252831429 0.951322819 -0.176241771
vn 0.469125578 -0.038772213 -0.882279949
vn 0.252831429 -0.951322819 0.176241771
vn -0.469125578 0.038772213 0.882279949
vn -0.371258654 0.897979914 -0.236218300
vn 0.465724472 -0.039999465 -0.884025316
vn 0.371258654 -0.897979914 0.236218300
vn -0.465724472 0.039999465 0.884025316
vn -0.484396733 0.824487421 -0.292541104
vn 0.465940825 -0.039881428 -0.883916636
vn 0.484396733 -0.824487421 0.292541104
vn -0.465940825 0.039881428 0.883916636
vn -0.589024317 0.731192198 -0.344105105
vn 0.468665658 -0.037801489 -0.882566456
vn 0.589024317 -0.731192198 0.344105105
vn -0.468665658 0.037801489 0.882566456
vn -0.638402719 0.675924917 -0.368194886
vn 0.470422943 -0.035981505 -0.881707199
vn 0.638402719 -0.675924917 0.368194886
vn -0.470422943 0.035981505 0.881707199
vn -0.068597896 -0.997644390 0.000000000
vn 0.289198809 -0.019885272 -0.957062498
vn 0.068597896 0.997644390 -0.000000000
vn -0.289198809 0.019885272 0.957062498
vn -0.019293045 -0.999717506 0.013881194
vn 0.270231786 -0.018581102 -0.962615980
vn 0.019293045 0.999717506 -0.013881194
vn -0.270231786 0.018581102 0.962615980
vn 0.080522542 -0.996053086 0.037341273
vn 0.229386853 -0.017939400 -0.973170000
vn -0.080522542 0.996053086 -0.037341273
vn -0.229386853 0.017939400 0.973170000
vn 0.174272374 -0.983178406 0.054675053
vn 0.184676844 -0.021905671 -0.982555141
vn -0.174272374 0.983178406 -0.054675053
vn -0.184676844 0.021905671 0.982555141
vn 0.259653794 -0.963463511 0.065711271
vn 0.135191371 -0.031109592 -0.990330998
vn -0.259653794 0.963463511 -0.065711271
vn -0.135191371 0.031109592 0.990330998
vn 0.335022117 -0.939554021 0.070699521
vn 0.080554887 -0.046198893 -0.995678950
vn -0.335022117 0.939554021 -0.070699521
vn -0.080554887 0.046198893 0.995678950
vn 0.399740738 -0.913924502 0.070351601
vn 0.021347717 -0.067447341 -0.997494427
vn -0.399740738 0.913924502 -0.070351601
vn -0.021347717 0.067447341 0.997494427
vn 0.454506327 -0.888318137 0.065687800
vn -0.040603789 -0.094330125 -0.994712602
vn -0.454506327 0.888318137 -0.065687800
vn 0.040603789 0.094330125 0.994712602
vn 0.501438268 -0.863271292 0.057639742
vn -0.102336198 -0.125331975 -0.986822780
vn -0.501438268 0.863271292 -0.057639742
vn 0.102336198 0.125331975 0.986822780
vn 0.543690814 -0.837992181 0.046576856
vn -0.160423974 -0.158235415 -0.974282147
vn -0.543690814 0.837992181 -0.046576856
vn 0.160423974 0.158235415 0.974282147
vn 0.584580713 -0.810700355 0.032098662
vn -0.212004971 -0.190821705 -0.958457599
vn -0.584580713 0.810700355 -0.032098662
vn 0.212004971 0.190821705 0.958457599
vn 0.626601455 -0.779226778 0.013275724
vn -0.255590291 -0.221561216 -0.941054850
vn -0.626601455 0.779226778 -0.013275724
vn 0.255590291 0.221561216 0.941054850
vn 0.670801603 -0.741557355 -0.010858144
vn -0.291220961 -0.249912816 -0.923435940
vn -0.670801603 0.741557355 0.010858144
vn 0.291220961 0.249912816 0.923435940
vn 0.716714255 -0.696166158 -0.040906694
vn -0.320027754 -0.276222696 -0.906246798
vn -0.716714255 0.696166158 0.040906694
vn 0.320027754 0.276222696 0.906246798
vn 0.762687626 -0.642171282 -0.076965119
vn -0.343568448 -0.301446202 -0.889432914
vn -0.762687626 0.642171282 0.076965119
vn 0.343568448 0.301446202 0.889432914
vn 0.806364835 -0.579390003 -0.118671719
vn -0.363262414 -0.326869664 -0.872465839
vn -0.806364835 0.579390003 0.118671719
vn 0.363262414 0.326869664 0.872465839
vn 0.845139153 -0.508333347 -0.165339110
vn -0.380042977 -0.353884235 -0.854595392
vn -0.845139153 0.508333347 0.165339110
vn 0.380042977 0.353884235 0.854595392
vn 0.876514314 -0.430150929 -0.216085250
vn -0.394212418 -0.383802335 -0.835040321
vn -0.876514314 0.430150929 0.216085250
vn 0.394212418 0.383802335 0.835040321
vn 0.898360196 -0.346531757 -0.269934623
vn -0.405441852 -0.417703233 -0.813105722
vn -0.898360196 0.346531757 0.269934623
vn 0.405441852 0.417703233 0.813105722
vn 0.909076383 -0.259571063 -0.325888008
vn -0.412862215 -0.456305678 -0.788244835
vn -0.909076383 0.259571063 0.325888008
vn 0.412862215 0.456305678 0.788244835
vn 0.907679878 -0.171616675 -0.382968610
vn -0.415207417 -0.499872571 -0.760085662
vn -0.907679878 0.171616675 0.382968610
vn 0.415207417 0.499872571 0.760085662
vn 0.893831073 -0.085108913 -0.440252752
vn -0.410982876 -0.548153437 -0.728437290
vn -0.893831073 0.085108913 0.440252752
vn 0.410982876 0.548153437 0.728437290
vn 0.867809497 -0.002426624 -0.496891123
vn -0.398640540 -0.600367871 -0.693285035
vn -0.867809497 0.002426624 0.496891123
vn 0.398640540 0.600367871 0.693285035
vn 0.830449153 0.074250090 -0.552124196
vn -0.376746414 -0.655229692 -0.654779497
vn -0.830449153 -0.074250090 0.552124196
vn 0.376746414 0.655229692 0.654779497
vn 0.783042563 0.143052024 -0.605293700
vn -0.344129963 -0.711008415 -0.613222310
vn -0.783042563 -0.143052024 0.605293700
vn 0.344129963 0.711008415 0.613222310
vn 0.727222643 0.202501632 -0.655850834
vn -0.300007529 -0.765622232 -0.569050156
vn -0.727222643 -0.202501632 0.655850834
vn 0.300007529 0.765622232 0.569050156
vn 0.664831816 0.251558326 -0.703361262
vn -0.244074342 -0.816755176 -0.522818035
vn -0.664831816 -0.251558326 0.703361262
vn 0.244074342 0.816755176 0.522818035
vn 0.597788026 0.289626537 -0.747506485
vn -0.176562120 -0.861990371 -0.475182509
vn -0.597788026 -0.289626537 0.747506485
vn 0.176562120 0.861990371 0.475182509
vn 0.527957322 0.316527133 -0.788080986
vn -0.098261401 -0.898951334 -0.426885461
vn -0.527957322 -0.316527133 0.788080986
vn 0.098261401 0.898951334 0.426885461
vn 0.457042233 0.332435212 -0.824984379
vn -0.010509645 -0.925443970 -0.378738704
vn -0.457042233 -0.332435212 0.824984379
vn 0.010509645 0.925443970 0.378738704
vn 0.386494336 0.337789628 -0.858207606
vn 0.084852499 -0.939593100 -0.331609498
vn -0.386494336 -0.337789628 0.858207606
vn -0.084852499 0.939593100 0.331609498
vn 0.317458076 0.333181987 -0.887811992
vn 0.185553624 -0.939968701 -0.286406519
vn -0.317458076 -0.333181987 0.887811992
vn -0.185553624 0.939968701 0.286406519
vn 0.250751248 0.319235249 -0.913899703
vn 0.288989471 -0.925698276 -0.244065129
vn -0.250751248 -0.319235249 0.913899703
vn -0.288989471 0.925698276 0.244065129
vn 0.186885345 0.296484838 -0.936573867
vn 0.392343601 -0.896562318 -0.205529827
vn -0.186885345 -0.296484838 0.936573867
vn -0.392343601 0.896562318 0.205529827
vn 0.126126266 0.265278524 -0.955886745
vn 0.492728866 -0.853069116 -0.171730453
vn -0.126126266 -0.265278524 0.955886745
vn -0.492728866 0.853069116 0.171730453
vn 0.068592057 0.225715761 -0.971775450
vn 0.587348277 -0.796502465 -0.143547292
vn -0.068592057 -0.225715761 0.971775450
vn -0.587348277 0.796502465 0.143547292
vn 0.014378999 0.177652359 -0.983988254
vn 0.673673178 -0.728930173 -0.121758993
vn -0.014378999 -0.177652359 0.983988254
vn -0.673673178 0.728930173 0.121758993
vn -0.036300581 0.120800748 -0.992012826
vn 0.749633516 -0.653151968 -0.106967749
vn 0.036300581 -0.120800748 0.992012826
vn -0.749633516 0.653151968 0.106967749
vn -0.082996351 0.054953908 -0.995033504
vn 0.813807462 -0.572552981 -0.099501246
vn 0.082996351 -0.054953908 0.995033504
vn -0.813807462 0.572552981 0.099501246
vn -0.124954024 -0.019660890 -0.991967712
vn 0.865583835 -0.490818665 -0.099305906
vn 0.124954024 0.019660890 0.991967712
vn -0.865583835 0.490818665 0.099305906
vn -0.161152799 -0.101953771 -0.981649227
vn 0.905250793 -0.411474722 -0.105875191
vn 0.161152799 0.101953771 0.981649227
vn -0.905250793 0.411474722 0.105875191
vn -0.190479374 -0.189633071 -0.963201384
vn 0.933945993 -0.337270980 -0.118292725
vn 0.190479374 0.189633071 0.963201384
vn -0.933945993 0.337270980 0.118292725
vn -0.212017775 -0.279219970 -0.936527987
vn 0.953408580 -0.269553251 -0.135473704
vn 0.212017775 0.279219970 0.936527987
vn -0.953408580 0.269553251 0.135473704
vn -0.225347430 -0.366628395 -0.902663922
vn 0.965531225 -0.207911148 -0.156596321
vn 0.225347430 0.366628395 0.902663922
vn -0.965531225 0.207911148 0.156596321
vn -0.229785113 -0.409551161 -0.882874084
vn 0.969250373 -0.178368657 -0.169523853
vn 0.229785113 0.409551161 0.882874084
vn -0.969250373 0.178368657 0.169523853
vn 0.134404805 -0.990926510 0.000000000
vn -0.414496728 -0.056220468 -0.908312568
vn -0.134404805 0.990926510 -0.000000000
vn 0.414496728 0.056220468 0.908312568
vn 0.174076726 -0.984543486 -0.019272213
vn -0.428636148 -0.058138275 -0.901604677
vn -0.174076726 0.984543486 0.019272213
vn 0.428636148 0.058138275 0.901604677
vn 0.252958828 -0.965545662 -0.061101603
vn -0.455630224 -0.063178877 -0.887924281
vn -0.252958828 0.965545662 0.061101603
vn 0.455630224 0.063178877 0.887924281
vn 0.333198244 -0.936686907 -0.107687365
vn -0.481637419 -0.070905338 -0.873497470
vn -0.333198244 0.936686907 0.107687365
vn 0.481637419 0.070905338 0.873497470
vn 0.412163450 -0.897268048 -0.158212961
vn -0.507769270 -0.082031077 -0.857578726
vn -0.412163450 0.897268048 0.158212961
vn 0.507769270 0.082031077 0.857578726
vn 0.487180912 -0.847230046 -0.211792369
vn -0.534543299 -0.097518297 -0.839496065
vn -0.487180912 0.847230046 0.211792369
vn 0.534543299 0.097518297 0.839496065
vn 0.555723371 -0.787148491 -0.267523433
vn -0.561869219 -0.118428905 -0.818704815
vn -0.555723371 0.787148491 0.267523433
vn 0.561869219 0.118428905 0.818704815
vn 0.615559911 -0.718172070 -0.324522531
vn -0.589089531 -0.145766747 -0.794811663
vn -0.615559911 0.718172070 0.324522531
vn 0.589089531 0.145766747 0.794811663
vn 0.664869340 -0.641922757 -0.381947555
vn -0.615060173 -0.180331204 -0.767581683
vn -0.664869340 0.641922757 0.381947555
vn 0.615060173 0.180331204 0.767581683
vn 0.702317376 -0.560372126 -0.439014104
vn -0.638260620 -0.222595325 -0.736936024
vn -0.702317376 0.560372126 0.439014104
vn 0.638260620 0.222595325 0.736936024
vn 0.727097978 -0.475705566 -0.495007823
vn -0.656924123 -0.272616494 -0.702944482
vn -0.727097978 0.475705566 0.495007823
vn 0.656924123 0.272616494 0.702944482
vn 0.738939673 -0.390184366 -0.549294384
vn -0.669179203 -0.329983716 -0.665815246
vn -0.738939673 0.390184366 0.549294384
vn 0.669179203 0.329983716 0.665815246
vn 0.738078718 -0.306014415 -0.601327684
vn -0.673193852 -0.393802627 -0.625882999
vn -0.738078718 0.306014415 0.601327684
vn 0.673193852 0.393802627 0.625882999
vn 0.725202181 -0.225229263 -0.650656265
vn -0.667314422 -0.462717041 -0.583596095
vn -0.725202181 0.225229263 0.650656265
vn 0.667314422 0.462717041 0.583596095
vn 0.701365434 -0.149594264 -0.696927603
vn -0.650192090 -0.534964000 -0.539503257
vn -0.701365434 0.149594264 0.696927603
vn 0.650192090 0.534964000 0.539503257
vn 0.667889885 -0.080537259 -0.739889757
vn -0.620890928 -0.608457985 -0.494240160
vn -0.667889885 0.080537259 0.739889757
vn 0.620890928 0.608457985 0.494240160
vn 0.626247940 -0.019109752 -0.779389720
vn -0.578973016 -0.680899070 -0.448516112
vn -0.626247940 0.019109752 0.779389720
vn 0.578973016 0.680899070 0.448516112
vn 0.577943072 0.034019288 -0.815367704
vn -0.524557489 -0.749899426 -0.403100845
vn -0.577943072 -0.034019288 0.815367704
vn 0.524557489 0.749899426 0.403100845
vn 0.524393401 0.078536922 -0.847846397
vn -0.458351620 -0.813122608 -0.358811115
vn -0.524393401 -0.078536922 0.847846397
vn 0.458351620 0.813122608 0.358811115
vn 0.466827470 0.114429245 -0.876913942
vn -0.381653032 -0.868430258 -0.316496209
vn -0.466827470 -0.114429245 0.876913942
vn 0.381653032 0.868430258 0.316496209
vn 0.406201034 0.141898735 -0.902698991
vn -0.296322409 -0.914030943 -0.277020696
vn -0.406201034 -0.141898735 0.902698991
vn 0.296322409 0.914030943 0.277020696
vn 0.343143840 0.161263977 -0.925335742
vn -0.204725754 -0.948625249 -0.241241585
vn -0.343143840 -0.161263977 0.925335742
vn 0.204725754 0.948625249 0.241241585
vn 0.277946014 0.172853904 -0.944916685
vn -0.109643972 -0.971539214 -0.209975604
vn -0.277946014 -0.172853904 0.944916685
vn 0.109643972 0.971539214 0.209975604
vn 0.210594887 0.176914277 -0.961431814
vn -0.014145249 -0.982833652 -0.183950874
vn -0.210594887 -0.176914277 0.961431814
vn 0.014145249 0.982833652 0.183950874
vn 0.140874922 0.173551204 -0.974696997
vn 0.078587821 -0.983368806 -0.163736820
vn -0.140874922 -0.173551204 0.974696997
vn -0.078587821 0.983368806 0.163736820
vn 0.068543834 0.162743564 -0.984284651
vn 0.165488780 -0.974791496 -0.149649603
vn -0.068543834 -0.162743564 0.984284651
vn -0.165488780 0.974791496 0.149649603
vn -0.006409288 0.144456614 -0.989490378
vn 0.243910113 -0.959398261 -0.141643333
vn 0.006409288 -0.144456614 0.989490378
vn -0.243910113 0.959398261 0.141643333
vn -0.083447057 0.118867836 -0.989397305
vn 0.312002845 -0.939824516 -0.139226805
vn 0.083447057 -0.118867836 0.989397305
vn -0.312002845 0.939824516 0.139226805
vn -0.161198038 0.086653758 -0.983110532
vn 0.369133738 -0.918543024 -0.141488505
vn 0.161198038 -0.086653758 0.983110532
vn -0.369133738 0.918543024 0.141488505
vn -0.237383133 0.049189283 -0.970169914
vn 0.416205401 -0.897255164 -0.147330357
vn 0.237383133 -0.049189283 0.970169914
vn -0.416205401 0.897255164 0.147330357
vn -0.309153603 0.008460983 -0.950974480
vn 0.455638757 -0.876402724 -0.155921736
vn 0.309153603 -0.008460983 0.950974480
vn -0.455638757 0.876402724 0.155921736
vn -0.373844382 -0.033379866 -0.926890588
vn 0.490813730 -0.855077219 -0.167167080
vn 0.373844382 0.033379866 0.926890588
vn -0.490813730 0.855077219 0.167167080
vn -0.429789660 -0.074627534 -0.899839752
vn 0.525065694 -0.831409827 -0.181834311
vn 0.429789660 0.074627534 0.899839752
vn -0.525065694 0.831409827 0.181834311
vn -0.476706029 -0.114457042 -0.871579570
vn 0.560694218 -0.803208835 -0.201190359
vn 0.476706029 0.114457042 0.871579570
vn -0.560694218 0.803208835 0.201190359
vn -0.515455305 -0.153007627 -0.843145596
vn 0.598444378 -0.768511570 -0.226394111
vn 0.515455305 0.153007627 0.843145596
vn -0.598444378 0.768511570 0.226394111
vn -0.547425700 -0.191191162 -0.814721451
vn 0.637558663 -0.725902816 -0.258038859
vn 0.547425700 0.191191162 0.814721451
vn -0.637558663 0.725902816 0.258038859
vn -0.573897437 -0.230390734 -0.785851030
vn 0.676182506 -0.674648088 -0.296018877
vn 0.573897437 0.230390734 0.785851030
vn -0.676182506 0.674648088 0.296018877
vn -0.595609711 -0.272157052 -0.755764257
vn 0.711864179 -0.614728969 -0.339643469
vn 0.595609711 0.272157052 0.755764257
vn -0.711864179 0.614728969 0.339643469
vn -0.612566461 -0.317940722 -0.723654633
vn 0.741998579 -0.546821189 -0.387846228
vn 0.612566461 0.317940722 0.723654633
vn -0.741998579 0.546821189 0.387846228
vn -0.624029443 -0.368869002 -0.688856236
vn 0.764164326 -0.472222500 -0.439384562
vn 0.624029443 0.368869002 0.688856236
vn -0.764164326 0.472222500 0.439384562
vn -0.628631107 -0.425570741 -0.650932006
vn 0.776351374 -0.392734590 -0.492988931
vn 0.628631107 0.425570741 0.650932006
vn -0.776351374 0.392734590 0.492988931
vn -0.624552609 -0.488052361 -0.609703971
vn 0.777091097 -0.310512178 -0.547459236
vn 0.624552609 0.488052361 0.609703971
vn -0.777091097 0.310512178 0.547459236
vn -0.609729353 -0.555624902 -0.565253114
vn 0.765503618 -0.227898685 -0.601719536
vn 0.609729353 0.555624902 0.565253114
vn -0.765503618 0.227898685 0.601719536
vn -0.582060724 -0.626878315 -0.517908188
vn 0.741277210 -0.147268657 -0.654843524
vn 0.582060724 0.626878315 0.517908188
vn -0.741277210 0.147268657 0.654843524
vn -0.563661053 -0.663013577 -0.492645120
vn 0.723409663 -0.108355607 -0.681863273
vn 0.563661053 0.663013577 0.492645120
vn -0.723409663 0.108355607 0.681863273
vn 0.903792315 -0.427971321 0.000000000
vn -0.205825453 -0.434663384 -0.876757449
vn -0.903792315 0.427971321 -0.000000000
vn 0.205825453 0.434663384 0.876757449
vn 0.925203941 -0.378339123 -0.029277563
vn -0.203923394 -0.430646604 -0.879180728
vn -0.925203941 0.378339123 0.029277563
vn 0.203923394 0.430646604 0.879180728
vn 0.957991954 -0.273178502 -0.087320803
vn -0.201489580 -0.424417607 -0.882763640
vn -0.957991954 0.273178502 0.087320803
vn 0.201489580 0.424417607 0.882763640
vn 0.976018182 -0.163336915 -0.143908166
vn -0.201001750 -0.422355386 -0.883863238
vn -0.976018182 0.163336915 0.143908166
vn 0.201001750 0.422355386 0.883863238
vn 0.978770634 -0.051135253 -0.198477281
vn -0.201195428 -0.424425917 -0.882826733
vn -0.978770634 0.051135253 0.198477281
vn 0.201195428 0.424425917 0.882826733
vn 0.966200729 0.061072524 -0.250452188
vn -0.200942403 -0.430173786 -0.880098099
vn -0.966200729 -0.061072524 0.250452188
vn 0.200942403 0.430173786 0.880098099
vn 0.938729300 0.170997401 -0.299244365
vn -0.199391844 -0.438751183 -0.876207904
vn -0.938729300 -0.170997401 0.299244365
vn 0.199391844 0.438751183 0.876207904
vn 0.897234851 0.276512368 -0.344253586
vn -0.196108440 -0.448982783 -0.871754519
vn -0.897234851 -0.276512368 0.344253586
vn 0.196108440 0.448982783 0.871754519
vn 0.843025498 0.375743920 -0.384869479
vn -0.191195657 -0.459467497 -0.867371800
vn -0.843025498 -0.375743920 0.384869479
vn 0.191195657 0.459467497 0.867371800
vn 0.777796950 0.467153041 -0.420475851
vn -0.185386663 -0.468715750 -0.863676636
vn -0.777796950 -0.467153041 0.420475851
vn 0.185386663 0.468715750 0.863676636
vn 0.703579091 0.549600298 -0.450461957
vn -0.180076734 -0.475317243 -0.861188648
vn -0.703579091 -0.549600298 0.450461957
vn 0.180076734 0.475317243 0.861188648
vn 0.622672012 0.622389315 -0.474247937
vn -0.177258069 -0.478128807 -0.860216496
vn -0.622672012 -0.622389315 0.474247937
vn 0.177258069 0.478128807 0.860216496
vn 0.537566342 0.685282892 -0.491334699
vn -0.179302701 -0.476464076 -0.860716286
vn -0.537566342 -0.685282892 0.491334699
vn 0.179302701 0.476464076 0.860716286
vn 0.450829785 0.738487177 -0.501387271
vn -0.188533405 -0.470255975 -0.862156873
vn -0.450829785 -0.738487177 0.501387271
vn 0.188533405 0.470255975 0.862156873
vn 0.364924014 0.782601836 -0.504345943
vn -0.206558746 -0.460149521 -0.863478953
vn -0.364924014 -0.782601836 0.504345943
vn 0.206558746 0.460149521 0.863478953
vn 0.281912680 0.818537240 -0.500521755
vn -0.233478864 -0.447470565 -0.863283102
vn -0.281912680 -0.818537240 0.500521755
vn 0.233478864 0.447470565 0.863283102
vn 0.203073681 0.847399156 -0.490587149
vn -0.267300844 -0.434019556 -0.860335565
vn -0.203073681 -0.847399156 0.490587149
vn 0.267300844 0.434019556 0.860335565
vn 0.128555227 0.870334849 -0.475384900
vn -0.304059146 -0.421683477 -0.854242987
vn -0.128555227 -0.870334849 0.475384900
vn 0.304059146 0.421683477 0.854242987
vn 0.057314451 0.888332945 -0.455609079
vn -0.338875021 -0.411954860 -0.845846862
vn -0.057314451 -0.888332945 0.455609079
vn 0.338875021 0.411954860 0.845846862
vn -0.012527632 0.901996186 -0.431562208
vn -0.367499988 -0.405542942 -0.836946044
vn 0.012527632 -0.901996186 0.431562208
vn 0.367499988 0.405542942 0.836946044
vn -0.083059156 0.911354723 -0.403154741
vn -0.387463430 -0.402255441 -0.829495419
vn 0.083059156 -0.911354723 0.403154741
vn 0.387463430 0.402255441 0.829495419
vn -0.155980616 0.915802012 -0.370103664
vn -0.398325614 -0.401191612 -0.824852712
vn 0.155980616 -0.915802012 0.370103664
vn 0.398325614 0.401191612 0.824852712
vn -0.232238488 0.914185431 -0.332160025
vn -0.401232185 -0.401129164 -0.823473210
vn 0.232238488 -0.914185431 0.332160025
vn 0.401232185 0.401129164 0.823473210
vn -0.311904208 0.905014482 -0.289248254
vn -0.398240969 -0.400931333 -0.825020119
vn 0.311904208 -0.905014482 0.289248254
vn 0.398240969 0.400931333 0.825020119
vn -0.394219743 0.886716377 -0.241505404
vn -0.391733469 -0.399849567 -0.828652649
vn 0.394219743 -0.886716377 0.241505404
vn 0.391733469 0.399849567 0.828652649
vn -0.477730502 0.857877776 -0.189259847
vn -0.383998590 -0.397677901 -0.833305088
vn 0.477730502 -0.857877776 0.189259847
vn 0.383998590 0.397677901 0.833305088
vn -0.560455320 0.817437432 -0.132988270
vn -0.376965712 -0.394771951 -0.837885409
vn 0.560455320 -0.817437432 0.132988270
vn 0.376965712 0.394771951 0.837885409
vn -0.640066672 0.764817483 -0.073272595
vn -0.372044917 -0.391968858 -0.841393483
vn 0.640066672 -0.764817483 0.073272595
vn 0.372044917 0.391968858 0.841393483
vn -0.714066819 0.699994787 -0.010764626
vn -0.370043987 -0.390446508 -0.842982190
vn 0.714066819 -0.699994787 0.010764626
vn 0.370043987 0.390446508 0.842982190
vn -0.779951450 0.623519765 0.053840861
vn -0.371144474 -0.391553771 -0.841984218
vn 0.779951450 -0.623519765 -0.053840861
vn 0.371144474 0.391553771 0.841984218
vn -0.835355033 0.536491958 0.119826327
vn -0.374926345 -0.396635365 -0.837920416
vn 0.835355033 -0.536491958 -0.119826327
vn 0.374926345 0.396635365 0.837920416
vn -0.878173426 0.440501399 0.186467026
vn -0.380433539 -0.406868012 -0.830499093
vn 0.878173426 -0.440501399 -0.186467026
vn 0.380433539 0.406868012 0.830499093
vn -0.906660219 0.337544466 0.253043438
vn -0.386273579 -0.423119462 -0.819611276
vn 0.906660219 -0.337544466 -0.253043438
vn 0.386273579 0.423119462 0.819611276
vn -0.919494106 0.229922566 0.318851381
vn -0.390744250 -0.445838301 -0.805324246
vn 0.919494106 -0.229922566 -0.318851381
vn 0.390744250 0.445838301 0.805324246
vn -0.915815720 0.120131989 0.383209957
vn -0.391980072 -0.474979878 -0.787874190
vn 0.915815720 -0.120131989 -0.383209957
vn 0.391980072 0.474979878 0.787874190
vn -0.895233859 0.010753310 0.445466839
vn -0.388110929 -0.509971742 -0.767657950
vn 0.895233859 -0.010753310 -0.445466839
vn 0.388110929 0.509971742 0.767657950
vn -0.857802961 -0.095651316 0.504999906
vn -0.377424981 -0.549720366 -0.745223391
vn 0.857802961 0.095651316 -0.504999906
vn 0.377424981 0.549720366 0.745223391
vn -0.803976124 -0.196625166 0.561213806
vn -0.358527903 -0.592659578 -0.721257491
vn 0.803976124 0.196625166 -0.561213806
vn 0.358527903 0.592659578 0.721257491
vn -0.734540631 -0.289881695 0.613529677
vn -0.330490457 -0.636839915 -0.696570873
vn 0.734540631 0.289881695 -0.613529677
vn 0.330490457 0.636839915 0.696570873
vn -0.650545947 -0.373342692 0.661366166
vn -0.292976262 -0.680057101 -0.672076818
vn 0.650545947 0.373342692 -0.661366166
vn 0.292976262 0.680057101 0.672076818
vn -0.553236981 -0.445149151 0.704110131
vn -0.246341075 -0.720016719 -0.648761897
vn 0.553236981 0.445149151 -0.704110131
vn 0.246341075 0.720016719 0.648761897
vn -0.444007941 -0.503649324 0.741076451
vn -0.191693378 -0.754530683 -0.627644085
vn 0.444007941 0.503649324 -0.741076451
vn 0.191693378 0.754530683 0.627644085
vn -0.324393433 -0.547375595 0.771458916
vn -0.130903111 -0.781738131 -0.609712941
vn 0.324393433 0.547375595 -0.771458916
vn 0.130903111 0.781738131 0.609712941
vn -0.196112211 -0.575030673 0.794279375
vn -0.066540685 -0.800337489 -0.595845820
vn 0.196112211 0.575030673 -0.794279375
vn 0.066540685 0.800337489 0.595845820
vn -0.127356442 -0.583493885 0.802069338
vn -0.032190627 -0.805796619 -0.591316812
vn 0.127356442 0.583493885 -0.802069338
vn 0.032190627 0.805796619 0.591316812
f 1/1/1 2/2/2 6/6/6
f 1/1/1 6/6/6 5/5/5
f 2/2/2 3/3/3 7/7/7
f 2/2/2 7/7/7 6/6/6
f 3/3/3 4/4/4 8/8/8
f 3/3/3 8/8/8 7/7/7
f 4/4/4 1/1/1 5/5/5
f 4/4/4 5/5/5 8/8/8
f 5/5/5 6/6/6 10/10/10
f 5/5/5 10/10/10 9/9/9
f 6/6/6 7/7/7 11/11/11
f 6/6/6 11/11/11 10/10/10
f 7/7/7 8/8/8 12/12/12
f 7/7/7 12/12/12 11/11/11
f 8/8/8 5/5/5 9/9/9
f 8/8/8 9/9/9 12/12/12
f 9/9/9 10/10/10 14/14/14
f 9/9/9 14/14/14 13/13/13
f 10/10/10 11/11/11 15/15/15
f 10/10/10 15/15/15 14/14/14
f 11/11/11 12/12/12 16/16/16
f 11/11/11 16/16/16 15/15/15
f 12/12/12 9/9/9 13/13/13
f 12/12/12 13/13/13 16/16/16
f 13/13/13 14/14/14 18/18/18
f 13/13/13 18/18/18 17/17/17
f 14/14/14 15/15/15 19/19/19
f 14/14/14 19/19/19 18/18/18
f 15/15/15 16/16/16 20/20/20
f 15/15/15 20/20/20 19/19/19
f 16/16/16 13/13/13 17/17/17
f 16/16/16 17/17/17 20/20/20
f 17/17/17 18/18/18 22/22/22
f 17/17/17 22/22/22 21/21/21
f 18/18/18 19/19/19 23/23/23
f 18/18/18 23/23/23 22/22/22
f 19/19/19 20/20/20 24/24/24
f 19/19/19 24/24/24 23/23/23
f 20/20/20 17/17/17 21/21/21
f 20/20/20 21/21/21 24/24/24
f 21/21/21 22/22/22 26/26/26
f 21/21/21 26/26/26 25/25/25
f 22/22/22 23/23/23 27/27/27
f 22/22/22 27/27/27 26/26/26
f 23/23/23 24/24/24 28/28/28
f 23/23/23 28/28/28 27/27/27
f 24/24/24 21/21/21 25/25/25
f 24/24/24 25/25/25 28/28/28
f 25/25/25 26/26/26 30/30/30
f 25/25/25 30/30/30 29/29/29
f 26/26/26 27/27/27 31/31/31
f 26/26/26 31/31/31 30/30/30
f 27/27/27 28/28/28 32/32/32
f 27/27/27 32/32/32 31/31/31
f 28/28/28 25/25/25 29/29/29
f 28/28/28 29/29/29 32/32/32
f 29/29/29 30/30/30 34/34/34
f 29/29/29 34/34/34 33/33/33
f 30/30/30 31/31/31 35/35/35
f 30/30/30 35/35/35 34/34/34
f 31/31/31 32/32/32 36/36/36
f 31/31/31 36/36/36 35/35/35
f 32/32/32 29/29/29 33/33/33
f 32/32/32 33/33/33 36/36/36
f 33/33/33 34/34/34 38/38/38
f 33/33/33 38/38/38 37/37/37
f 34/34/34 35/35/35 39/39/39
f 34/34/34 39/39/39 38/38/38
f 35/35/35 36/36/36 40/40/40
f 35/35/35 40/40/40 39/39/39
f 36/36/36 33/33/33 37/37/37
f 36/36/36 37/37/37 40/40/40
f 37/37/37 38/38/38 42/42/42
f 37/37/37 42/42/42 41/41/41
f 38/38/38 39/39/39 43/43/43
f 38/38/38 43/43/43 42/42/42
f 39/39/39 40/40/40 44/44/44
f 39/39/39 44/44/44 43/43/43
f 40/40/40 37/37/37 41/41/41
f 40/40/40 41/41/41 44/44/44
f 41/41/41 42/42/42 46/46/46
f 41/41/41 46/46/46 45/45/45
f 42/42/42 43/43/43 47/47/47
f 42/42/42 47/47/47 46/46/46
f 43/43/43 44/44/44 48/48/48
f 43/43/43 48/48/48 47/47/47
f 44/44/44 41/41/41 45/45/45
f 44/44/44 45/45/45 48/48/48
f 45/45/45 46/46/46 50/50/50
f 45/45/45 50/50/50 49/49/49
f 46/46/46 47/47/47 51/51/51
f 46/46/46 51/51/51 50/50/50
f 47/47/47 48/48/48 52/52/52
f 47/47/47 52/52/52 51/51/51
f 48/48/48 45/45/45 49/49/49
f 48/48/48 49/49/49 52/52/52
f 49/49/49 50/50/50 54/54/54
f 49/49/49 54/54/54 53/53/53
f 50/50/50 51/51/51 55/55/55
f 50/50/50 55/55/55 54/54/54
f 51/51/51 52/52/52 56/56/56
f 51/51/51 56/56/56 55/55/55
f 52/52/52 49/49/49 53/53/53
f 52/52/52 53/53/53 56/56/56
f 53/53/53 54/54/54 58/58/58
f 53/53/53 58/58/58 57/57/57
f 54/54/54 55/55/55 59/59/59
f 54/54/54 59/59/59 58/58/58
f 55/55/55 56/56/56 60/60/60
f 55/55/55 60/60/60 59/59/59
f 56/56/56 53/53/53 57/57/57
f 56/56/56 57/57/57 60/60/60
f 57/57/57 58/58/58 62/62/62
f 57/57/57 62/62/62 61/61/61
f 58/58/58 59/59/59 63/63/63
f 58/58/58 63/63/63 62/62/62
f 59/59/59 60/60/60 64/64/64
f 59/59/59 64/64/64 63/63/63
f 60/60/60 57/57/57 61/61/61
f 60/60/60 61/61/61 64/64/64
f 61/61/61 62/62/62 66/66/66
f 61/61/61 66/66/66 65/65/65
f 62/62/62 63/63/63 67/67/67
f 62/62/62 67/67/67 66/66/66
f 63/63/63 64/64/64 68/68/68
f 63/63/63 68/68/68 67/67/67
f 64/64/64 61/61/61 65/65/65
f 64/64/64 65/65/65 68/68/68
f 65/65/65 66/66/66 70/70/70
f 65/65/65 70/70/70 69/69/69
f 66/66/66 67/67/67 71/71/71
f 66/66/66 71/71/71 70/70/70
f 67/67/67 68/68/68 72/72/72
f 67/67/67 72/72/72 71/71/71
f 68/68/68 65/65/65 69/69/69
f 68/68/68 69/69/69 72/72/72
f 69/69/69 70/70/70 74/74/74
f 69/69/69 74/74/74 73/73/73
f 70/70/70 71/71/71 75/75/75
f 70/70/70 75/75/75 74/74/74
f 71/71/71 72/72/72 76/76/76
f 71/71/71 76/76/76 75/75/75
f 72/72/72 69/69/69 73/73/73
f 72/72/72 73/73/73 76/76/76
f 73/73/73 74/74/74 78/78/78
f 73/73/73 78/78/78 77/77/77
f 74/74/74 75/75/75 79/79/79
f 74/74/74 79/79/79 78/78/78
f 75/75/75 76/76/76 80/80/80
f 75/75/75 80/80/80 79/79/79
f 76/76/76 73/73/73 77/77/77
f 76/76/76 77/77/77 80/80/80
f 77/77/77 78/78/78 82/82/82
f 77/77/77 82/82/82 81/81/81
f 78/78/78 79/79/79 83/83/83
f 78/78/78 83/83/83 82/82/82
f 79/79/79 80/80/80 84/84/84
f 79/79/79 84/84/84 83/83/83
f 80/80/80 77/77/77 81/81/81
f 80/80/80 81/81/81 84/84/84
f 81/81/81 82/82/82 86/86/86
f 81/81/81 86/86/86 85/85/85
f 82/82/82 83/83/83 87/87/87
f 82/82/82 87/87/87 86/86/86
f 83/83/83 84/84/84 88/88/88
f 83/83/83 88/88/88 87/87/87
f 84/84/84 81/81/81 85/85/85
f 84/84/84 85/85/85 88/88/88
f 85/85/85 86/86/86 90/90/90
f 85/85/85 90/90/90 89/89/89
f 86/86/86 87/87/87 91/91/91
f 86/86/86 91/91/91 90/90/90
f 87/87/87 88/88/88 92/92/92
f 87/87/87 92/92/92 91/91/91
f 88/88/88 85/85/85 89/89/89
f 88/88/88 89/89/89 92/92/92
f 89/89/89 90/90/90 94/94/94
f 89/89/89 94/94/94 93/93/93
f 90/90/90 91/91/91 95/95/95
f 90/90/90 95/95/95 94/94/94
f 91/91/91 92/92/92 96/96/96
f 91/91/91 96/96/96 95/95/95
f 92/92/92 89/89/89 93/93/93
f 92/92/92 93/93/93 96/96/96
f 93/93/93 94/94/94 98/98/98
f 93/93/93 98/98/98 97/97/97
f 94/94/94 95/95/95 99/99/99
f 94/94/94 99/99/99 98/98/98
f 95/95/95 96/96/96 100/100/100
f 95/95/95 100/100/100 99/99/99
f 96/96/96 93/93/93 97/97/97
f 96/96/96 97/97/97 100/100/100
f 97/97/97 98/98/98 102/102/102
f 97/97/97 102/102/102 101/101/101
f 98/98/98 99/99/99 103/103/103
f 98/98/98 103/103/103 102/102/102
f 99/99/99 100/100/100 104/104/104
f 99/99/99 104/104/104 103/103/103
f 100/100/100 97/97/97 101/101/101
f 100/100/100 101/101/101 104/104/104
f 101/101/101 102/102/102 106/106/106
f 101/101/101 106/106/106 105/105/105
f 102/102/102 103/103/103 107/107/107
f 102/102/102 107/107/107 106/106/106
f 103/103/103 104/104/104 108/108/108
f 103/103/103 108/108/108 107/107/107
f 104/104/104 101/101/101 105/105/105
f 104/104/104 105/105/105 108/108/108
f 105/105/105 106/106/106 110/110/110
f 105/105/105 110/110/110 109/109/109
f 106/106/106 107/107/107 111/111/111
f 106/106/106 111/111/111 110/110/110
f 107/107/107 108/108/108 112/112/112
f 107/107/107 112/112/112 111/111/111
f 108/108/108 105/105/105 109/109/109
f 108/108/108 109/109/109 112/112/112
f 109/109/109 110/110/110 114/114/114
f 109/109/109 114/114/114 113/113/113
f 110/110/110 111/111/111 115/115/115
f 110/110/110 115/115/115 114/114/114
f 111/111/111 112/112/112 116/116/116
f 111/111/111 116/116/116 115/115/115
f 112/112/112 109/109/109 113/113/113
f 112/112/112 113/113/113 116/116/116
f 113/113/113 114/114/114 118/118/118
f 113/113/113 118/118/118 117/117/117
f 114/114/114 115/115/115 119/119/119
f 114/114/114 119/119/119 118/118/118
f 115/115/115 116/116/116 120/120/120
f 115/115/115 120/120/120 119/119/119
f 116/116/116 113/113/113 117/117/117
f 116/116/116 117/117/117 120/120/120
f 117/117/117 118/118/118 122/122/122
f 117/117/117 122/122/122 121/121/121
f 118/118/118 119/119/119 123/123/123
f 118/118/118 123/123/123 122/122/122
f 119/119/119 120/120/120 124/124/124
f 119/119/119 124/124/124 123/123/123
f 120/120/120 117/117/117 121/121/121
f 120/120/120 121/121/121 124/124/124
f 121/121/121 122/122/122 126/126/126
f 121/121/121 126/126/126 125/125/125
f 122/122/122 123/123/123 127/127/127
f 122/122/122 127/127/127 126/126/126
f 123/123/123 124/124/124 128/128/128
f 123/123/123 128/128/128 127/127/127
f 124/124/124 121/121/121 125/125/125
f 124/124/124 125/125/125 128/128/128
f 125/125/125 126/126/126 130/130/130
f 125/125/125 130/130/130 129/129/129
f 126/126/126 127/127/127 131/131/131
f 126/126/126 131/131/131 130/130/130
f 127/127/127 128/128/128 132/132/132
f 127/127/127 132/132/132 131/131/131
f 128/128/128 125/125/125 129/129/129
f 128/128/128 129/129/129 132/132/132
f 129/129/129 130/130/130 134/134/134
f 129/129/129 134/134/134 133/133/133
f 130/130/130 131/131/131 135/135/135
f 130/130/130 135/135/135 134/134/134
f 131/131/131 132/132/132 136/136/136
f 131/131/131 136/136/136 135/135/135
f 132/132/132 129/129/129 133/133/133
f 132/132/132 133/133/133 136/136/136
f 133/133/133 134/134/134 138/138/138
f 133/133/133 138/138/138 137/137/137
f 134/134/134 135/135/135 139/139/139
f 134/134/134 139/139/139 138/138/138
f 135/135/135 136/136/136 140/140/140
f 135/135/135 140/140/140 139/139/139
f 136/136/136 133/133/133 137/137/137
f 136/136/136 137/137/137 140/140/140
f 137/137/137 138/138/138 142/142/142
f 137/137/137 142/142/142 141/141/141
f 138/138/138 139/139/139 143/143/143
f 138/138/138 143/143/143 142/142/142
f 139/139/139 140/140/140 144/144/144
f 139/139/139 144/144/144 143/143/143
f 140/140/140 137/137/137 141/141/141
f 140/140/140 141/141/141 144/144/144
f 141/141/141 142/142/142 146/146/146
f 141/141/141 146/146/146 145/145/145
f 142/142/142 143/143/143 147/147/147
f 142/142/142 147/147/147 146/146/146
f 143/143/143 144/144/144 148/148/148
f 143/143/143 148/148/148 147/147/147
f 144/144/144 141/141/141 145/145/145
f 144/144/144 145/145/145 148/148/148
f 145/145/145 146/146/146 150/150/150
f 145/145/145 150/150/150 149/149/149
f 146/146/146 147/147/147 151/151/151
f 146/146/146 151/151/151 150/150/150
f 147/147/147 148/148/148 152/152/152
f 147/147/147 152/152/152 151/151/151
f 148/148/148 145/145/145 149/149/149
f 148/148/148 149/149/149 152/152/152
f 149/149/149 150/150/150 154/154/154
f 149/149/149 154/154/154 153/153/153
f 150/150/150 151/151/151 155/155/155
f 150/150/150 155/155/155 154/154/154
f 151/151/151 152/152/152 156/156/156
f 151/151/151 156/156/156 155/155/155
f 152/152/152 149/149/149 153/153/153
f 152/152/152 153/153/153 156/156/156
f 153/153/153 154/154/154 158/158/158
f 153/153/153 158/158/158 157/157/157
f 154/154/154 155/155/155 159/159/159
f 154/154/154 159/159/159 158/158/158
f 155/155/155 156/156/156 160/160/160
f 155/155/155 160/160/160 159/159/159
f 156/156/156 153/153/153 157/157/157
f 156/156/156 157/157/157 160/160/160
f 157/157/157 158/158/158 162/162/162
f 157/157/157 162/162/162 161/161/161
f 158/158/158 159/159/159 163/163/163
f 158/158/158 163/163/163 162/162/162
f 159/159/159 160/160/160 164/164/164
f 159/159/159 164/164/164 163/163/163
f 160/160/160 157/157/157 161/161/161
f 160/160/160 161/161/161 164/164/164
f 161/161/161 162/162/162 166/166/166
f 161/161/161 166/166/166 165/165/165
f 162/162/162 163/163/163 167/167/167
f 162/162/162 167/167/167 166/166/166
f 163/163/163 164/164/164 168/168/168
f 163/163/163 168/168/168 167/167/167
f 164/164/164 161/161/161 165/165/165
f 164/164/164 165/165/165 168/168/168
f 165/165/165 166/166/166 170/170/170
f 165/165/165 170/170/170 169/169/169
f 166/166/166 167/167/167 171/171/171
f 166/166/166 171/171/171 170/170/170
f 167/167/167 168/168/168 172/172/172
f 167/167/167 172/172/172 171/171/171
f 168/168/168 165/165/165 169/169/169
f 168/168/168 169/169/169 172/172/172
f 169/169/169 170/170/170 174/174/174
f 169/169/169 174/174/174 173/173/173
f 170/170/170 171/171/171 175/175/175
f 170/170/170 175/175/175 174/174/174
f 171/171/171 172/172/172 176/176/176
f 171/171/171 176/176/176 175/175/175
f 172/172/172 169/169/169 173/173/173
f 172/172/172 173/173/173 176/176/176
f 173/173/173 174/174/174 178/178/178
f 173/173/173 178/178/178 177/177/177
f 174/174/174 175/175/175 179/179/179
f 174/174/174 179/179/179 178/178/178
f 175/175/175 176/176/176 180/180/180
f 175/175/175 180/180/180 179/179/179
f 176/176/176 173/173/173 177/177/177
f 176/176/176 177/177/177 180/180/180
f 177/177/177 178/178/178 182/182/182
f 177/177/177 182/182/182 181/181/181
f 178/178/178 179/179/179 183/183/183
f 178/178/178 183/183/183 182/182/182
f 179/179/179 180/180/180 184/184/184
f 179/179/179 184/184/184 183/183/183
f 180/180/180 177/177/177 181/181/181
f 180/180/180 181/181/181 184/184/184
f 181/181/181 182/182/182 186/186/186
f 181/181/181 186/186/186 185/185/185
f 182/182/182 183/183/183 187/187/187
f 182/182/182 187/187/187 186/186/186
f 183/183/183 184/184/184 188/188/188
f 183/183/183 188/188/188 187/187/187
f 184/184/184 181/181/181 185/185/185
f 184/184/184 185/185/185 188/188/188
f 185/185/185 186/186/186 190/190/190
f 185/185/185 190/190/190 189/189/189
f 186/186/186 187/187/187 191/191/191
f 186/186/186 191/191/191 190/190/190
f 187/187/187 188/188/188 192/192/192
f 187/187/187 192/192/192 191/191/191
f 188/188/188 185/185/185 189/189/189
f 188/188/188 189/189/189 192/192/192
f 189/189/189 190/190/190 194/194/194
f 189/189/189 194/194/194 193/193/193
f 190/190/190 191/191/191 195/195/195
f 190/190/190 195/195/195 194/194/194
f 191/191/191 192/192/192 196/196/196
f 191/191/191 196/196/196 195/195/195
f 192/192/192 189/189/189 193/193/193
f 192/192/192 193/193/193 196/196/196
f 193/193/193 194/194/194 198/198/198
f 193/193/193 198/198/198 197/197/197
f 194/194/194 195/195/195 199/199/199
f 194/194/194 199/199/199 198/198/198
f 195/195/195 196/196/196 200/200/200
f 195/195/195 200/200/200 199/199/199
f 196/196/196 193/193/193 197/197/197
f 196/196/196 197/197/197 200/200/200
f 197/197/197 198/198/198 202/202/202
f 197/197/197 202/202/202 201/201/201
f 198/198/198 199/199/199 203/203/203
f 198/198/198 203/203/203 202/202/202
f 199/199/199 200/200/200 204/204/204
f 199/199/199 204/204/204 203/203/203
f 200/200/200 197/197/197 201/201/201
f 200/200/200 201/201/201 204/204/204
f 201/201/201 202/202/202 206/206/206
f 201/201/201 206/206/206 205/205/205
f 202/202/202 203/203/203 207/207/207
f 202/202/202 207/207/207 206/206/206
f 203/203/203 204/204/204 208/208/208
f 203/203/203 208/208/208 207/207/207
f 204/204/204 201/201/201 205/205/205
f 204/204/204 205/205/205 208/208/208
f 205/205/205 206/206/206 210/210/210
f 205/205/205 210/210/210 209/209/209
f 206/206/206 207/207/207 211/211/211
f 206/206/206 211/211/211 210/210/210
f 207/207/207 208/208/208 212/212/212
f 207/207/207 212/212/212 211/211/211
f 208/208/208 205/205/205 209/209/209
f 208/208/208 209/209/209 212/212/212
f 209/209/209 210/210/210 214/214/214
f 209/209/209 214/214/214 213/213/213
f 210/210/210 211/211/211 215/215/215
f 210/210/210 215/215/215 214/214/214
f 211/211/211 212/212/212 216/216/216
f 211/211/211 216/216/216 215/215/215
f 212/212/212 209/209/209 213/213/213
f 212/212/212 213/213/213 216/216/216
f 213/213/213 214/214/214 218/218/218
f 213/213/213 218/218/218 217/217/217
f 214/214/214 215/215/215 219/219/219
f 214/214/214 219/219/219 218/218/218
f 215/215/215 216/216/216 220/220/220
f 215/215/215 220/220/220 219/219/219
f 216/216/216 213/213/213 217/217/217
f 216/216/216 217/217/217 220/220/220
f 217/217/217 218/218/218 222/222/222
f 217/217/217 222/222/222 221/221/221
f 218/218/218 219/219/219 223/223/223
f 218/218/218 223/223/223 222/222/222
f 219/219/219 220/220/220 224/224/224
f 219/219/219 224/224/224 223/223/223
f 220/220/220 217/217/217 221/221/221
f 220/220/220 221/221/221 224/224/224
f 221/221/221 222/222/222 226/226/226
f 221/221/221 226/226/226 225/225/225
f 222/222/222 223/223/223 227/227/227
f 222/222/222 227/227/227 226/226/226
f 223/223/223 224/224/224 228/228/228
f 223/223/223 228/228/228 227/227/227
f 224/224/224 221/221/221 225/225/225
f 224/224/224 225/225/225 228/228/228
f 225/225/225 226/226/226 230/230/230
f 225/225/225 230/230/230 229/229/229
f 226/226/226 227/227/227 231/231/231
f 226/226/226 231/231/231 230/230/230
f 227/227/227 228/228/228 232/232/232
f 227/227/227 232/232/232 231/231/231
f 228/228/228 225/225/225 229/229/229
f 228/228/228 229/229/229 232/232/232
f 229/229/229 230/230/230 234/234/234
f 229/229/229 234/234/234 233/233/233
f 230/230/230 231/231/231 235/235/235
f 230/230/230 235/235/235 234/234/234
f 231/231/231 232/232/232 236/236/236
f 231/231/231 236/236/236 235/235/235
f 232/232/232 229/229/229 233/233/233
f 232/232/232 233/233/233 236/236/236
f 233/233/233 234/234/234 238/238/238
f 233/233/233 238/238/238 237/237/237
f 234/234/234 235/235/235 239/239/239
f 234/234/234 239/239/239 238/238/238
f 235/235/235 236/236/236 240/240/240
f 235/235/235 240/240/240 239/239/239
f 236/236/236 233/233/233 237/237/237
f 236/236/236 237/237/237 240/240/240
f 237/237/237 238/238/238 242/242/242
f 237/237/237 242/242/242 241/241/241
f 238/238/238 239/239/239 243/243/243
f 238/238/238 243/243/243 242/242/242
f 239/239/239 240/240/240 244/244/244
f 239/239/239 244/244/244 243/243/243
f 240/240/240 237/237/237 241/241/241
f 240/240/240 241/241/241 244/244/244
f 241/241/241 242/242/242 246/246/246
f 241/241/241 246/246/246 245/245/245
f 242/242/242 243/243/243 247/247/247
f 242/242/242 247/247/247 246/246/246
f 243/243/243 244/244/244 248/248/248
f 243/243/243 248/248/248 247/247/247
f 244/244/244 241/241/241 245/245/245
f 244/244/244 245/245/245 248/248/248
f 245/245/245 246/246/246 250/250/250
f 245/245/245 250/250/250 249/249/249
f 246/246/246 247/247/247 251/251/251
f 246/246/246 251/251/251 250/250/250
f 247/247/247 248/248/248 252/252/252
f 247/247/247 252/252/252 251/251/251
f 248/248/248 245/245/245 249/249/249
f 248/248/248 249/249/249 252/252/252
f 249/249/249 250/250/250 254/254/254
f 249/249/249 254/254/254 253/253/253
f 250/250/250 251/251/251 255/255/255
f 250/250/250 255/255/255 254/254/254
f 251/251/251 252/252/252 256/256/256
f 251/251/251 256/256/256 255/255/255
f 252/252/252 249/249/249 253/253/253
f 252/252/252 253/253/253 256/256/256
f 253/253/253 254/254/254 258/258/258
f 253/253/253 258/258/258 257/257/257
f 254/254/254 255/255/255 259/259/259
f 254/254/254 259/259/259 258/258/258
f 255/255/255 256/256/256 260/260/260
f 255/255/255 260/260/260 259/259/259
f 256/256/256 253/253/253 257/257/257
f 256/256/256 257/257/257 260/260/260
f 261/261/261 262/262/262 266/266/266
f 261/261/261 266/266/266 265/265/265
f 262/262/262 263/263/263 267/267/267
f 262/262/262 267/267/267 266/266/266
f 263/263/263 264/264/264 268/268/268
f 263/263/263 268/268/268 267/267/267
f 264/264/264 261/261/261 265/265/265
f 264/264/264 265/265/265 268/268/268
f 265/265/265 266/266/266 270/270/270
f 265/265/265 270/270/270 269/269/269
f 266/266/266 267/267/267 271/271/271
f 266/266/266 271/271/271 270/270/270
f 267/267/267 268/268/268 272/272/272
f 267/267/267 272/272/272 271/271/271
f 268/268/268 265/265/265 269/269/269
f 268/268/268 269/269/269 272/272/272
f 269/269/269 270/270/270 274/274/274
f 269/269/269 274/274/274 273/273/273
f 270/270/270 271/271/271 275/275/275
f 270/270/270 275/275/275 274/274/274
f 271/271/271 272/272/272 276/276/276
f 271/271/271 276/276/276 275/275/275
f 272/272/272 269/269/269 273/273/273
f 272/272/272 273/273/273 276/276/276
f 273/273/273 274/274/274 278/278/278
f 273/273/273 278/278/278 277/277/277
f 274/274/274 275/275/275 279/279/279
f 274/274/274 279/279/279 278/278/278
f 275/275/275 276/276/276 280/280/280
f 275/275/275 280/280/280 279/279/279
f 276/276/276 273/273/273 277/277/277
f 276/276/276 277/277/277 280/280/280
f 277/277/277 278/278/278 282/282/282
f 277/277/277 282/282/282 281/281/281
f 278/278/278 279/279/279 283/283/283
f 278/278/278 283/283/283 282/282/282
f 279/279/279 280/280/280 284/284/284
f 279/279/279 284/284/284 283/283/283
f 280/280/280 277/277/277 281/281/281
f 280/280/280 281/281/281 284/284/284
f 281/281/281 282/282/282 286/286/286
f 281/281/281 286/286/286 285/285/285
f 282/282/282 283/283/283 287/287/287
f 282/282/282 287/287/287 286/286/286
f 283/283/283 284/284/284 288/288/288
f 283/283/283 288/288/288 287/287/287
f 284/284/284 281/281/281 285/285/285
f 284/284/284 285/285/285 288/288/288
f 285/285/285 286/286/286 290/290/290
f 285/285/285 290/290/290 289/289/289
f 286/286/286 287/287/287 291/291/291
f 286/286/286 291/291/291 290/290/290
f 287/287/287 288/288/288 292/292/292
f 287/287/287 292/292/292 291/291/291
f 288/288/288 285/285/285 289/289/289
f 288/288/288 289/289/289 292/292/292
f 289/289/289 290/290/290 294/294/294
f 289/289/289 294/294/294 293/293/293
f 290/290/290 291/291/291 295/295/295
f 290/290/290 295/295/295 294/294/294
f 291/291/291 292/292/292 296/296/296
f 291/291/291 296/296/296 295/295/295
f 292/292/292 289/289/289 293/293/293
f 292/292/292 293/293/293 296/296/296
f 293/293/293 294/294/294 298/298/298
f 293/293/293 298/298/298 297/297/297
f 294/294/294 295/295/295 299/299/299
f 294/294/294 299/299/299 298/298/298
f 295/295/295 296/296/296 300/300/300
f 295/295/295 300/300/300 299/299/299
f 296/296/296 293/293/293 297/297/297
f 296/296/296 297/297/297 300/300/300
f 297/297/297 298/298/298 302/302/302
f 297/297/297 302/302/302 301/301/301
f 298/298/298 299/299/299 303/303/303
f 298/298/298 303/303/303 302/302/302
f 299/299/299 300/300/300 304/304/304
f 299/299/299 304/304/304 303/303/303
f 300/300/300 297/297/297 301/301/301
f 300/300/300 301/301/301 304/304/304
f 301/301/301 302/302/302 306/306/306
f 301/301/301 306/306/306 305/305/305
f 302/302/302 303/303/303 307/307/307
f 302/302/302 307/307/307 306/306/306
f 303/303/303 304/304/304 308/308/308
f 303/303/303 308/308/308 307/307/307
f 304/304/304 301/301/301 305/305/305
f 304/304/304 305/305/305 308/308/308
f 305/305/305 306/306/306 310/310/310
f 305/305/305 310/310/310 309/309/309
f 306/306/306 307/307/307 311/311/311
f 306/306/306 311/311/311 310/310/310
f 307/307/307 308/308/308 312/312/312
f 307/307/307 312/312/312 311/311/311
f 308/308/308 305/305/305 309/309/309
f 308/308/308 309/309/309 312/312/312
f 309/309/309 310/310/310 314/314/314
f 309/309/309 314/314/314 313/313/313
f 310/310/310 311/311/311 315/315/315
f 310/310/310 315/315/315 314/314/314
f 311/311/311 312/312/312 316/316/316
f 311/311/311 316/316/316 315/315/315
f 312/312/312 309/309/309 313/313/313
f 312/312/312 313/313/313 316/316/316
f 313/313/313 314/314/314 318/318/318
f 313/313/313 318/318/318 317/317/317
f 314/314/314 315/315/315 319/319/319
f 314/314/314 319/319/319 318/318/318
f 315/315/315 316/316/316 320/320/320
f 315/315/315 320/320/320 319/319/319
f 316/316/316 313/313/313 317/317/317
f 316/316/316 317/317/317 320/320/320
f 317/317/317 318/318/318 322/322/322
f 317/317/317 322/322/322 321/321/321
f 318/318/318 319/319/319 323/323/323
f 318/318/318 323/323/323 322/322/322
f 319/319/319 320/320/320 324/324/324
f 319/319/319 324/324/324 323/323/323
f 320/320/320 317/317/317 321/321/321
f 320/320/320 321/321/321 324/324/324
f 321/321/321 322/322/322 326/326/326
f 321/321/321 326/326/326 325/325/325
f 322/322/322 323/323/323 327/327/327
f 322/322/322 327/327/327 326/326/326
f 323/323/323 324/324/324 328/328/328
f 323/323/323 328/328/328 327/327/327
f 324/324/324 321/321/321 325/325/325
f 324/324/324 325/325/325 328/328/328
f 325/325/325 326/326/326 330/330/330
f 325/325/325 330/330/330 329/329/329
f 326/326/326 327/327/327 331/331/331
f 326/326/326 331/331/331 330/330/330
f 327/327/327 328/328/328 332/332/332
f 327/327/327 332/332/332 331/331/331
f 328/328/328 325/325/325 329/329/329
f 328/328/328 329/329/329 332/332/332
f 329/329/329 330/330/330 334/334/334
f 329/329/329 334/334/334 333/333/333
f 330/330/330 331/331/331 335/335/335
f 330/330/330 335/335/335 334/334/334
f 331/331/331 332/332/332 336/336/336
f 331/331/331 336/336/336 335/335/335
f 332/332/332 329/329/329 333/333/333
f 332/332/332 333/333/333 336/336/336
f 333/333/333 334/334/334 338/338/338
f 333/333/333 338/338/338 337/337/337
f 334/334/334 335/335/335 339/339/339
f 334/334/334 339/339/339 338/338/338
f 335/335/335 336/336/336 340/340/340
f 335/335/335 340/340/340 339/339/339
f 336/336/336 333/333/333 337/337/337
f 336/336/336 337/337/337 340/340/340
f 337/337/337 338/338/338 342/342/342
f 337/337/337 342/342/342 341/341/341
f 338/338/338 339/339/339 343/343/343
f 338/338/338 343/343/343 342/342/342
f 339/339/339 340/340/340 344/344/344
f 339/339/339 344/344/344 343/343/343
f 340/340/340 337/337/337 341/341/341
f 340/340/340 341/341/341 344/344/344
f 341/341/341 342/342/342 346/346/346
f 341/341/341 346/346/346 345/345/345
f 342/342/342 343/343/343 347/347/347
f 342/342/342 347/347/347 346/346/346
f 343/343/343 344/344/344 348/348/348
f 343/343/343 348/348/348 347/347/347
f 344/344/344 341/341/341 345/345/345
f 344/344/344 345/345/345 348/348/348
f 345/345/345 346/346/346 350/350/350
f 345/345/345 350/350/350 349/349/349
f 346/346/346 347/347/347 351/351/351
f 346/346/346 351/351/351 350/350/350
f 347/347/347 348/348/348 352/352/352
f 347/347/347 352/352/352 351/351/351
f 348/348/348 345/345/345 349/349/349
f 348/348/348 349/349/349 352/352/352
f 349/349/349 350/350/350 354/354/354
f 349/349/349 354/354/354 353/353/353
f 350/350/350 351/351/351 355/355/355
f 350/350/350 355/355/355 354/354/354
f 351/351/351 352/352/352 356/356/356
f 351/351/351 356/356/356 355/355/355
f 352/352/352 349/349/349 353/353/353
f 352/352/352 353/353/353 356/356/356
f 353/353/353 354/354/354 358/358/358
f 353/353/353 358/358/358 357/357/357
f 354/354/354 355/355/355 359/359/359
f 354/354/354 359/359/359 358/358/358
f 355/355/355 356/356/356 360/360/360
f 355/355/355 360/360/360 359/359/359
f 356/356/356 353/353/353 357/357/357
f 356/356/356 357/357/357 360/360/360
f 357/357/357 358/358/358 362/362/362
f 357/357/357 362/362/362 361/361/361
f 358/358/358 359/359/359 363/363/363
f 358/358/358 363/363/363 362/362/362
f 359/359/359 360/360/360 364/364/364
f 359/359/359 364/364/364 363/363/363
f 360/360/360 357/357/357 361/361/361
f 360/360/360 361/361/361 364/364/364
f 361/361/361 362/362/362 366/366/366
f 361/361/361 366/366/366 365/365/365
f 362/362/362 363/363/363 367/367/367
f 362/362/362 367/367/367 366/366/366
f 363/363/363 364/364/364 368/368/368
f 363/363/363 368/368/368 367/367/367
f 364/364/364 361/361/361 365/365/365
f 364/364/364 365/365/365 368/368/368
f 365/365/365 366/366/366 370/370/370
f 365/365/365 370/370/370 369/369/369
f 366/366/366 367/367/367 371/371/371
f 366/366/366 371/371/371 370/370/370
f 367/367/367 368/368/368 372/372/372
f 367/367/367 372/372/372 371/371/371
f 368/368/368 365/365/365 369/369/369
f 368/368/368 369/369/369 372/372/372
f 369/369/369 370/370/370 374/374/374
f 369/369/369 374/374/374 373/373/373
f 370/370/370 371/371/371 375/375/375
f 370/370/370 375/375/375 374/374/374
f 371/371/371 372/372/372 376/376/376
f 371/371/371 376/376/376 375/375/375
f 372/372/372 369/369/369 373/373/373
f 372/372/372 373/373/373 376/376/376
f 373/373/373 374/374/374 378/378/378
f 373/373/373 378/378/378 377/377/377
f 374/374/374 375/375/375 379/379/379
f 374/374/374 379/379/379 378/378/378
f 375/375/375 376/376/376 380/380/380
f 375/375/375 380/380/380 379/379/379
f 376/376/376 373/373/373 377/377/377
f 376/376/376 377/377/377 380/380/380
f 377/377/377 378/378/378 382/382/382
f 377/377/377 382/382/382 381/381/381
f 378/378/378 379/379/379 383/383/383
f 378/378/378 383/383/383 382/382/382
f 379/379/379 380/380/380 384/384/384
f 379/379/379 384/384/384 383/383/383
f 380/380/380 377/377/377 381/381/381
f 380/380/380 381/381/381 384/384/384
f 381/381/381 382/382/382 386/386/386
f 381/381/381 386/386/386 385/385/385
f 382/382/382 383/383/383 387/387/387
f 382/382/382 387/387/387 386/386/386
f 383/383/383 384/384/384 388/388/388
f 383/383/383 388/388/388 387/387/387
f 384/384/384 381/381/381 385/385/385
f 384/384/384 385/385/385 388/388/388
f 385/385/385 386/386/386 390/390/390
f 385/385/385 390/390/390 389/389/389
f 386/386/386 387/387/387 391/391/391
f 386/386/386 391/391/391 390/390/390
f 387/387/387 388/388/388 392/392/392
f 387/387/387 392/392/392 391/391/391
f 388/388/388 385/385/385 389/389/389
f 388/388/388 389/389/389 392/392/392
f 389/389/389 390/390/390 394/394/394
f 389/389/389 394/394/394 393/393/393
f 390/390/390 391/391/391 395/395/395
f 390/390/390 395/395/395 394/394/394
f 391/391/391 392/392/392 396/396/396
f 391/391/391 396/396/396 395/395/395
f 392/392/392 389/389/389 393/393/393
f 392/392/392 393/393/393 396/396/396
f 393/393/393 394/394/394 398/398/398
f 393/393/393 398/398/398 397/397/397
f 394/394/394 395/395/395 399/399/399
f 394/394/394 399/399/399 398/398/398
f 395/395/395 396/396/396 400/400/400
f 395/395/395 400/400/400 399/399/399
f 396/396/396 393/393/393 397/397/397
f 396/396/396 397/397/397 400/400/400
f 397/397/397 398/398/398 402/402/402
f 397/397/397 402/402/402 401/401/401
f 398/398/398 399/399/399 403/403/403
f 398/398/398 403/403/403 402/402/402
f 399/399/399 400/400/400 404/404/404
f 399/399/399 404/404/404 403/403/403
f 400/400/400 397/397/397 401/401/401
f 400/400/400 401/401/401 404/404/404
f 401/401/401 402/402/402 406/406/406
f 401/401/401 406/406/406 405/405/405
f 402/402/402 403/403/403 407/407/407
f 402/402/402 407/407/407 406/406/406
f 403/403/403 404/404/404 408/408/408
f 403/403/403 408/408/408 407/407/407
f 404/404/404 401/401/401 405/405/405
f 404/404/404 405/405/405 408/408/408
f 405/405/405 406/406/406 410/410/410
f 405/405/405 410/410/410 409/409/409
f 406/406/406 407/407/407 411/411/411
f 406/406/406 411/411/411 410/410/410
f 407/407/407 408/408/408 412/412/412
f 407/407/407 412/412/412 411/411/411
f 408/408/408 405/405/405 409/409/409
f 408/408/408 409/409/409 412/412/412
f 409/409/409 410/410/410 414/414/414
f 409/409/409 414/414/414 413/413/413
f 410/410/410 411/411/411 415/415/415
f 410/410/410 415/415/415 414/414/414
f 411/411/411 412/412/412 416/416/416
f 411/411/411 416/416/416 415/415/415
f 412/412/412 409/409/409 413/413/413
f 412/412/412 413/413/413 416/416/416
f 413/413/413 414/414/414 418/418/418
f 413/413/413 418/418/418 417/417/417
f 414/414/414 415/415/415 419/419/419
f 414/414/414 419/419/419 418/418/418
f 415/415/415 416/416/416 420/420/420
f 415/415/415 420/420/420 419/419/419
f 416/416/416 413/413/413 417/417/417
f 416/416/416 417/417/417 420/420/420
f 417/417/417 418/418/418 422/422/422
f 417/417/417 422/422/422 421/421/421
f 418/418/418 419/419/419 423/423/423
f 418/418/418 423/423/423 422/422/422
f 419/419/419 420/420/420 424/424/424
f 419/419/419 424/424/424 423/423/423
f 420/420/420 417/417/417 421/421/421
f 420/420/420 421/421/421 424/424/424
f 421/421/421 422/422/422 426/426/426
f 421/421/421 426/426/426 425/425/425
f 422/422/422 423/423/423 427/427/427
f 422/422/422 427/427/427 426/426/426
f 423/423/423 424/424/424 428/428/428
f 423/423/423 428/428/428 427/427/427
f 424/424/424 421/421/421 425/425/425
f 424/424/424 425/425/425 428/428/428
f 425/425/425 426/426/426 430/430/430
f 425/425/425 430/430/430 429/429/429
f 426/426/426 427/427/427 431/431/431
f 426/426/426 431/431/431 430/430/430
f 427/427/427 428/428/428 432/432/432
f 427/427/427 432/432/432 431/431/431
f 428/428/428 425/425/425 429/429/429
f 428/428/428 429/429/429 432/432/432
f 429/429/429 430/430/430 434/434/434
f 429/429/429 434/434/434 433/433/433
f 430/430/430 431/431/431 435/435/435
f 430/430/430 435/435/435 434/434/434
f 431/431/431 432/432/432 436/436/436
f 431/431/431 436/436/436 435/435/435
f 432/432/432 429/429/429 433/433/433
f 432/432/432 433/433/433 436/436/436
f 433/433/433 434/434/434 438/438/438
f 433/433/433 438/438/438 437/437/437
f 434/434/434 435/435/435 439/439/439
f 434/434/434 439/439/439 438/438/438
f 435/435/435 436/436/436 440/440/440
f 435/435/435 440/440/440 439/439/439
f 436/436/436 433/433/433 437/437/437
f 436/436/436 437/437/437 440/440/440
f 437/437/437 438/438/438 442/442/442
f 437/437/437 442/442/442 441/441/441
f 438/438/438 439/439/439 443/443/443
f 438/438/438 443/443/443 442/442/442
f 439/439/439 440/440/440 444/444/444
f 439/439/439 444/444/444 443/443/443
f 440/440/440 437/437/437 441/441/441
f 440/440/440 441/441/441 444/444/444
f 441/441/441 442/442/442 446/446/446
f 441/441/441 446/446/446 445/445/445
f 442/442/442 443/443/443 447/447/447
f 442/442/442 447/447/447 446/446/446
f 443/443/443 444/444/444 448/448/448
f 443/443/443 448/448/448 447/447/447
f 444/444/444 441/441/441 445/445/445
f 444/444/444 445/445/445 448/448/448
f 445/445/445 446/446/446 450/450/450
f 445/445/445 450/450/450 449/449/449
f 446/446/446 447/447/447 451/451/451
f 446/446/446 451/451/451 450/450/450
f 447/447/447 448/448/448 452/452/452
f 447/447/447 452/452/452 451/451/451
f 448/448/448 445/445/445 449/449/449
f 448/448/448 449/449/449 452/452/452
f 449/449/449 450/450/450 454/454/454
f 449/449/449 454/454/454 453/453/453
f 450/450/450 451/451/451 455/455/455
f 450/450/450 455/455/455 454/454/454
f 451/451/451 452/452/452 456/456/456
f 451/451/451 456/456/456 455/455/455
f 452/452/452 449/449/449 453/453/453
f 452/452/452 453/453/453 456/456/456
f 453/453/453 454/454/454 458/458/458
f 453/453/453 458/458/458 457/457/457
f 454/454/454 455/455/455 459/459/459
f 454/454/454 459/459/459 458/458/458
f 455/455/455 456/456/456 460/460/460
f 455/455/455 460/460/460 459/459/459
f 456/456/456 453/453/453 457/457/457
f 456/456/456 457/457/457 460/460/460
f 457/457/457 458/458/458 462/462/462
f 457/457/457 462/462/462 461/461/461
f 458/458/458 459/459/459 463/463/463
f 458/458/458 463/463/463 462/462/462
f 459/459/459 460/460/460 464/464/464
f 459/459/459 464/464/464 463/463/463
f 460/460/460 457/457/457 461/461/461
f 460/460/460 461/461/461 464/464/464
f 461/461/461 462/462/462 466/466/466
f 461/461/461 466/466/466 465/465/465
f 462/462/462 463/463/463 467/467/467
f 462/462/462 467/467/467 466/466/466
f 463/463/463 464/464/464 468/468/468
f 463/463/463 468/468/468 467/467/467
f 464/464/464 461/461/461 465/465/465
f 464/464/464 465/465/465 468/468/468
f 465/465/465 466/466/466 470/470/470
f 465/465/465 470/470/470 469/469/469
f 466/466/466 467/467/467 471/471/471
f 466/466/466 471/471/471 470/470/470
f 467/467/467 468/468/468 472/472/472
f 467/467/467 472/472/472 471/471/471
f 468/468/468 465/465/465 469/469/469
f 468/468/468 469/469/469 472/472/472
f 469/469/469 470/470/470 474/474/474
f 469/469/469 474/474/474 473/473/473
f 470/470/470 471/471/471 475/475/475
f 470/470/470 475/475/475 474/474/474
f 471/471/471 472/472/472 476/476/476
f 471/471/471 476/476/476 475/475/475
f 472/472/472 469/469/469 473/473/473
f 472/472/472 473/473/473 476/476/476
f 473/473/473 474/474/474 478/478/478
f 473/473/473 478/478/478 477/477/477
f 474/474/474 475/475/475 479/479/479
f 474/474/474 479/479/479 478/478/478
f 475/475/475 476/476/476 480/480/480
f 475/475/475 480/480/480 479/479/479
f 476/476/476 473/473/473 477/477/477
f 476/476/476 477/477/477 480/480/480
f 477/477/477 478/478/478 482/482/482
f 477/477/477 482/482/482 481/481/481
f 478/478/478 479/479/479 483/483/483
f 478/478/478 483/483/483 482/482/482
f 479/479/479 480/480/480 484/484/484
f 479/479/479 484/484/484 483/483/483
f 480/480/480 477/477/477 481/481/481
f 480/480/480 481/481/481 484/484/484
f 481/481/481 482/482/482 486/486/486
f 481/481/481 486/486/486 485/485/485
f 482/482/482 483/483/483 487/487/487
f 482/482/482 487/487/487 486/486/486
f 483/483/483 484/484/484 488/488/488
f 483/483/483 488/488/488 487/487/487
f 484/484/484 481/481/481 485/485/485
f 484/484/484 485/485/485 488/488/488
f 485/485/485 486/486/486 490/490/490
f 485/485/485 490/490/490 489/489/489
f 486/486/486 487/487/487 491/491/491
f 486/486/486 491/491/491 490/490/490
f 487/487/487 488/488/488 492/492/492
f 487/487/487 492/492/492 491/491/491
f 488/488/488 485/485/485 489/489/489
f 488/488/488 489/489/489 492/492/492
f 489/489/489 490/490/490 494/494/494
f 489/489/489 494/494/494 493/493/493
f 490/490/490 491/491/491 495/495/495
f 490/490/490 495/495/495 494/494/494
f 491/491/491 492/492/492 496/496/496
f 491/491/491 496/496/496 495/495/495
f 492/492/492 489/489/489 493/493/493
f 492/492/492 493/493/493 496/496/496
f 493/493/493 494/494/494 498/498/498
f 493/493/493 498/498/498 497/497/497
f 494/494/494 495/495/495 499/499/499
f 494/494/494 499/499/499 498/498/498
f 495/495/495 496/496/496 500/500/500
f 495/495/495 500/500/500 499/499/499
f 496/496/496 493/493/493 497/497/497
f 496/496/496 497/497/497 500/500/500
f 497/497/497 498/498/498 502/502/502
f 497/497/497 502/502/502 501/501/501
f 498/498/498 499/499/499 503/503/503
f 498/498/498 503/503/503 502/502/502
f 499/499/499 500/500/500 504/504/504
f 499/499/499 504/504/504 503/503/503
f 500/500/500 497/497/497 501/501/501
f 500/500/500 501/501/501 504/504/504
f 501/501/501 502/502/502 506/506/506
f 501/501/501 506/506/506 505/505/505
f 502/502/502 503/503/503 507/507/507
f 502/502/502 507/507/507 506/506/506
f 503/503/503 504/504/504 508/508/508
f 503/503/503 508/508/508 507/507/507
f 504/504/504 501/501/501 505/505/505
f 504/504/504 505/505/505 508/508/508
f 505/505/505 506/506/506 510/510/510
f 505/505/505 510/510/510 509/509/509
f 506/506/506 507/507/507 511/511/511
f 506/506/506 511/511/511 510/510/510
f 507/507/507 508/508/508 512/512/512
f 507/507/507 512/512/512 511/511/511
f 508/508/508 505/505/505 509/509/509
f 508/508/508 509/509/509 512/512/512
f 509/509/509 510/510/510 514/514/514
f 509/509/509 514/514/514 513/513/513
f 510/510/510 511/511/511 515/515/515
f 510/510/510 515/515/515 514/514/514
f 511/511/511 512/512/512 516/516/516
f 511/511/511 516/516/516 515/515/515
f 512/512/512 509/509/509 513/513/513
f 512/512/512 513/513/513 516/516/516
f 513/513/513 514/514/514 518/518/518
f 513/513/513 518/518/518 517/517/517
f 514/514/514 515/515/515 519/519/519
f 514/514/514 519/519/519 518/518/518
f 515/515/515 516/516/516 520/520/520
f 515/515/515 520/520/520 519/519/519
f 516/516/516 513/513/513 517/517/517
f 516/516/516 517/517/517 520/520/520
f 521/521/521 522/522/522 526/526/526
f 521/521/521 526/526/526 525/525/525
f 522/522/522 523/523/523 527/527/527
f 522/522/522 527/527/527 526/526/526
f 523/523/523 524/524/524 528/528/528
f 523/523/523 528/528/528 527/527/527
f 524/524/524 521/521/521 525/525/525
f 524/524/524 525/525/525 528/528/528
f 525/525/525 526/526/526 530/530/530
f 525/525/525 530/530/530 529/529/529
f 526/526/526 527/527/527 531/531/531
f 526/526/526 531/531/531 530/530/530
f 527/527/527 528/528/528 532/532/532
f 527/527/527 532/532/532 531/531/531
f 528/528/528 525/525/525 529/529/529
f 528/528/528 529/529/529 532/532/532
f 529/529/529 530/530/530 534/534/534
f 529/529/529 534/534/534 533/533/533
f 530/530/530 531/531/531 535/535/535
f 530/530/530 535/535/535 534/534/534
f 531/531/531 532/532/532 536/536/536
f 531/531/531 536/536/536 535/535/535
f 532/532/532 529/529/529 533/533/533
f 532/532/532 533/533/533 536/536/536
f 533/533/533 534/534/534 538/538/538
f 533/533/533 538/538/538 537/537/537
f 534/534/534 535/535/535 539/539/539
f 534/534/534 539/539/539 538/538/538
f 535/535/535 536/536/536 540/540/540
f 535/535/535 540/540/540 539/539/539
f 536/536/536 533/533/533 537/537/537
f 536/536/536 537/537/537 540/540/540
f 537/537/537 538/538/538 542/542/542
f 537/537/537 542/542/542 541/541/541
f 538/538/538 539/539/539 543/543/543
f 538/538/538 543/543/543 542/542/542
f 539/539/539 540/540/540 544/544/544
f 539/539/539 544/544/544 543/543/543
f 540/540/540 537/537/537 541/541/541
f 540/540/540 541/541/541 544/544/544
f 541/541/541 542/542/542 546/546/546
f 541/541/541 546/546/546 545/545/545
f 542/542/542 543/543/543 547/547/547
f 542/542/542 547/547/547 546/546/546
f 543/543/543 544/544/544 548/548/548
f 543/543/543 548/548/548 547/547/547
f 544/544/544 541/541/541 545/545/545
f 544/544/544 545/545/545 548/548/548
f 545/545/545 546/546/546 550/550/550
f 545/545/545 550/550/550 549/549/549
f 546/546/546 547/547/547 551/551/551
f 546/546/546 551/551/551 550/550/550
f 547/547/547 548/548/548 552/552/552
f 547/547/547 552/552/552 551/551/551
f 548/548/548 545/545/545 549/549/549
f 548/548/548 549/549/549 552/552/552
f 549/549/549 550/550/550 554/554/554
f 549/549/549 554/554/554 553/553/553
f 550/550/550 551/551/551 555/555/555
f 550/550/550 555/555/555 554/554/554
f 551/551/551 552/552/552 556/556/556
f 551/551/551 556/556/556 555/555/555
f 552/552/552 549/549/549 553/553/553
f 552/552/552 553/553/553 556/556/556
f 553/553/553 554/554/554 558/558/558
f 553/553/553 558/558/558 557/557/557
f 554/554/554 555/555/555 559/559/559
f 554/554/554 559/559/559 558/558/558
f 555/555/555 556/556/556 560/560/560
f 555/555/555 560/560/560 559/559/559
f 556/556/556 553/553/553 557/557/557
f 556/556/556 557/557/557 560/560/560
f 557/557/557 558/558/558 562/562/562
f 557/557/557 562/562/562 561/561/561
f 558/558/558 559/559/559 563/563/563
f 558/558/558 563/563/563 562/562/562
f 559/559/559 560/560/560 564/564/564
f 559/559/559 564/564/564 563/563/563
f 560/560/560 557/557/557 561/561/561
f 560/560/560 561/561/561 564/564/564
f 561/561/561 562/562/562 566/566/566
f 561/561/561 566/566/566 565/565/565
f 562/562/562 563/563/563 567/567/567
f 562/562/562 567/567/567 566/566/566
f 563/563/563 564/564/564 568/568/568
f 563/563/563 568/568/568 567/567/567
f 564/564/564 561/561/561 565/565/565
f 564/564/564 565/565/565 568/568/568
f 565/565/565 566/566/566 570/570/570
f 565/565/565 570/570/570 569/569/569
f 566/566/566 567/567/567 571/571/571
f 566/566/566 571/571/571 570/570/570
f 567/567/567 568/568/568 572/572/572
f 567/567/567 572/572/572 571/571/571
f 568/568/568 565/565/565 569/569/569
f 568/568/568 569/569/569 572/572/572
f 569/569/569 570/570/570 574/574/574
f 569/569/569 574/574/574 573/573/573
f 570/570/570 571/571/571 575/575/575
f 570/570/570 575/575/575 574/574/574
f 571/571/571 572/572/572 576/576/576
f 571/571/571 576/576/576 575/575/575
f 572/572/572 569/569/569 573/573/573
f 572/572/572 573/573/573 576/576/576
f 573/573/573 574/574/574 578/578/578
f 573/573/573 578/578/578 577/577/577
f 574/574/574 575/575/575 579/579/579
f 574/574/574 579/579/579 578/578/578
f 575/575/575 576/576/576 580/580/580
f 575/575/575 580/580/580 579/579/579
f 576/576/576 573/573/573 577/577/577
f 576/576/576 577/577/577 580/580/580
f 577/577/577 578/578/578 582/582/582
f 577/577/577 582/582/582 581/581/581
f 578/578/578 579/579/579 583/583/583
f 578/578/578 583/583/583 582/582/582
f 579/579/579 580/580/580 584/584/584
f 579/579/579 584/584/584 583/583/583
f 580/580/580 577/577/577 581/581/581
f 580/580/580 581/581/581 584/584/584
f 581/581/581 582/582/582 586/586/586
f 581/581/581 586/586/586 585/585/585
f 582/582/582 583/583/583 587/587/587
f 582/582/582 587/587/587 586/586/586
f 583/583/583 584/584/584 588/588/588
f 583/583/583 588/588/588 587/587/587
f 584/584/584 581/581/581 585/585/585
f 584/584/584 585/585/585 588/588/588
f 585/585/585 586/586/586 590/590/590
f 585/585/585 590/590/590 589/589/589
f 586/586/586 587/587/587 591/591/591
f 586/586/586 591/591/591 590/590/590
f 587/587/587 588/588/588 592/592/592
f 587/587/587 592/592/592 591/591/591
f 588/588/588 585/585/585 589/589/589
f 588/588/588 589/589/589 592/592/592
f 589/589/589 590/590/590 594/594/594
f 589/589/589 594/594/594 593/593/593
f 590/590/590 591/591/591 595/595/595
f 590/590/590 595/595/595 594/594/594
f 591/591/591 592/592/592 596/596/596
f 591/591/591 596/596/596 595/595/595
f 592/592/592 589/589/589 593/593/593
f 592/592/592 593/593/593 596/596/596
f 593/593/593 594/594/594 598/598/598
f 593/593/593 598/598/598 597/597/597
f 594/594/594 595/595/595 599/599/599
f 594/594/594 599/599/599 598/598/598
f 595/595/595 596/596/596 600/600/600
f 595/595/595 600/600/600 599/599/599
f 596/596/596 593/593/593 597/597/597
f 596/596/596 597/597/597 600/600/600
f 597/597/597 598/598/598 602/602/602
f 597/597/597 602/602/602 601/601/601
f 598/598/598 599/599/599 603/603/603
f 598/598/598 603/603/603 602/602/602
f 599/599/599 600/600/600 604/604/604
f 599/599/599 604/604/604 603/603/603
f 600/600/600 597/597/597 601/601/601
f 600/600/600 601/601/601 604/604/604
f 601/601/601 602/602/602 606/606/606
f 601/601/601 606/606/606 605/605/605
f 602/602/602 603/603/603 607/607/607
f 602/602/602 607/607/607 606/606/606
f 603/603/603 604/604/604 608/608/608
f 603/603/603 608/608/608 607/607/607
f 604/604/604 601/601/601 605/605/605
f 604/604/604 605/605/605 608/608/608
f 605/605/605 606/606/606 610/610/610
f 605/605/605 610/610/610 609/609/609
f 606/606/606 607/607/607 611/611/611
f 606/606/606 611/611/611 610/610/610
f 607/607/607 608/608/608 612/612/612
f 607/607/607 612/612/612 611/611/611
f 608/608/608 605/605/605 609/609/609
f 608/608/608 609/609/609 612/612/612
f 609/609/609 610/610/610 614/614/614
f 609/609/609 614/614/614 613/613/613
f 610/610/610 611/611/611 615/615/615
f 610/610/610 615/615/615 614/614/614
f 611/611/611 612/612/612 616/616/616
f 611/611/611 616/616/616 615/615/615
f 612/612/612 609/609/609 613/613/613
f 612/612/612 613/613/613 616/616/616
f 613/613/613 614/614/614 618/618/618
f 613/613/613 618/618/618 617/617/617
f 614/614/614 615/615/615 619/619/619
f 614/614/614 619/619/619 618/618/618
f 615/615/615 616/616/616 620/620/620
f 615/615/615 620/620/620 619/619/619
f 616/616/616 613/613/613 617/617/617
f 616/616/616 617/617/617 620/620/620
f 617/617/617 618/618/618 622/622/622
f 617/617/617 622/622/622 621/621/621
f 618/618/618 619/619/619 623/623/623
f 618/618/618 623/623/623 622/622/622
f 619/619/619 620/620/620 624/624/624
f 619/619/619 624/624/624 623/623/623
f 620/620/620 617/617/617 621/621/621
f 620/620/620 621/621/621 624/624/624
f 621/621/621 622/622/622 626/626/626
f 621/621/621 626/626/626 625/625/625
f 622/622/622 623/623/623 627/627/627
f 622/622/622 627/627/627 626/626/626
f 623/623/623 624/624/624 628/628/628
f 623/623/623 628/628/628 627/627/627
f 624/624/624 621/621/621 625/625/625
f 624/624/624 625/625/625 628/628/628
f 625/625/625 626/626/626 630/630/630
f 625/625/625 630/630/630 629/629/629
f 626/626/626 627/627/627 631/631/631
f 626/626/626 631/631/631 630/630/630
f 627/627/627 628/628/628 632/632/632
f 627/627/627 632/632/632 631/631/631
f 628/628/628 625/625/625 629/629/629
f 628/628/628 629/629/629 632/632/632
f 629/629/629 630/630/630 634/634/634
f 629/629/629 634/634/634 633/633/633
f 630/630/630 631/631/631 635/635/635
f 630/630/630 635/635/635 634/634/634
f 631/631/631 632/632/632 636/636/636
f 631/631/631 636/636/636 635/635/635
f 632/632/632 629/629/629 633/633/633
f 632/632/632 633/633/633 636/636/636
f 633/633/633 634/634/634 638/638/638
f 633/633/633 638/638/638 637/637/637
f 634/634/634 635/635/635 639/639/639
f 634/634/634 639/639/639 638/638/638
f 635/635/635 636/636/636 640/640/640
f 635/635/635 640/640/640 639/639/639
f 636/636/636 633/633/633 637/637/637
f 636/636/636 637/637/637 640/640/640
f 637/637/637 638/638/638 642/642/642
f 637/637/637 642/642/642 641/641/641
f 638/638/638 639/639/639 643/643/643
f 638/638/638 643/643/643 642/642/642
f 639/639/639 640/640/640 644/644/644
f 639/639/639 644/644/644 643/643/643
f 640/640/640 637/637/637 641/641/641
f 640/640/640 641/641/641 644/644/644
f 641/641/641 642/642/642 646/646/646
f 641/641/641 646/646/646 645/645/645
f 642/642/642 643/643/643 647/647/647
f 642/642/642 647/647/647 646/646/646
f 643/643/643 644/644/644 648/648/648
f 643/643/643 648/648/648 647/647/647
f 644/644/644 641/641/641 645/645/645
f 644/644/644 645/645/645 648/648/648
f 645/645/645 646/646/646 650/650/650
f 645/645/645 650/650/650 649/649/649
f 646/646/646 647/647/647 651/651/651
f 646/646/646 651/651/651 650/650/650
f 647/647/647 648/648/648 652/652/652
f 647/647/647 652/652/652 651/651/651
f 648/648/648 645/645/645 649/649/649
f 648/648/648 649/649/649 652/652/652
f 649/649/649 650/650/650 654/654/654
f 649/649/649 654/654/654 653/653/653
f 650/650/650 651/651/651 655/655/655
f 650/650/650 655/655/655 654/654/654
f 651/651/651 652/652/652 656/656/656
f 651/651/651 656/656/656 655/655/655
f 652/652/652 649/649/649 653/653/653
f 652/652/652 653/653/653 656/656/656
f 653/653/653 654/654/654 658/658/658
f 653/653/653 658/658/658 657/657/657
f 654/654/654 655/655/655 659/659/659
f 654/654/654 659/659/659 658/658/658
f 655/655/655 656/656/656 660/660/660
f 655/655/655 660/660/660 659/659/659
f 656/656/656 653/653/653 657/657/657
f 656/656/656 657/657/657 660/660/660
f 657/657/657 658/658/658 662/662/662
f 657/657/657 662/662/662 661/661/661
f 658/658/658 659/659/659 663/663/663
f 658/658/658 663/663/663 662/662/662
f 659/659/659 660/660/660 664/664/664
f 659/659/659 664/664/664 663/663/663
f 660/660/660 657/657/657 661/661/661
f 660/660/660 661/661/661 664/664/664
f 661/661/661 662/662/662 666/666/666
f 661/661/661 666/666/666 665/665/665
f 662/662/662 663/663/663 667/667/667
f 662/662/662 667/667/667 666/666/666
f 663/663/663 664/664/664 668/668/668
f 663/663/663 668/668/668 667/667/667
f 664/664/664 661/661/661 665/665/665
f 664/664/664 665/665/665 668/668/668
f 665/665/665 666/666/666 670/670/670
f 665/665/665 670/670/670 669/669/669
f 666/666/666 667/667/667 671/671/671
f 666/666/666 671/671/671 670/670/670
f 667/667/667 668/668/668 672/672/672
f 667/667/667 672/672/672 671/671/671
f 668/668/668 665/665/665 669/669/669
f 668/668/668 669/669/669 672/672/672
f 669/669/669 670/670/670 674/674/674
f 669/669/669 674/674/674 673/673/673
f 670/670/670 671/671/671 675/675/675
f 670/670/670 675/675/675 674/674/674
f 671/671/671 672/672/672 676/676/676
f 671/671/671 676/676/676 675/675/675
f 672/672/672 669/669/669 673/673/673
f 672/672/672 673/673/673 676/676/676
f 673/673/673 674/674/674 678/678/678
f 673/673/673 678/678/678 677/677/677
f 674/674/674 675/675/675 679/679/679
f 674/674/674 679/679/679 678/678/678
f 675/675/675 676/676/676 680/680/680
f 675/675/675 680/680/680 679/679/679
f 676/676/676 673/673/673 677/677/677
f 676/676/676 677/677/677 680/680/680
f 677/677/677 678/678/678 682/682/682
f 677/677/677 682/682/682 681/681/681
f 678/678/678 679/679/679 683/683/683
f 678/678/678 683/683/683 682/682/682
f 679/679/679 680/680/680 684/684/684
f 679/679/679 684/684/684 683/683/683
f 680/680/680 677/677/677 681/681/681
f 680/680/680 681/681/681 684/684/684
f 681/681/681 682/682/682 686/686/686
f 681/681/681 686/686/686 685/685/685
f 682/682/682 683/683/683 687/687/687
f 682/682/682 687/687/687 686/686/686
f 683/683/683 684/684/684 688/688/688
f 683/683/683 688/688/688 687/687/687
f 684/684/684 681/681/681 685/685/685
f 684/684/684 685/685/685 688/688/688
f 685/685/685 686/686/686 690/690/690
f 685/685/685 690/690/690 689/689/689
f 686/686/686 687/687/687 691/691/691
f 686/686/686 691/691/691 690/690/690
f 687/687/687 688/688/688 692/692/692
f 687/687/687 692/692/692 691/691/691
f 688/688/688 685/685/685 689/689/689
f 688/688/688 689/689/689 692/692/692
f 689/689/689 690/690/690 694/694/694
f 689/689/689 694/694/694 693/693/693
f 690/690/690 691/691/691 695/695/695
f 690/690/690 695/695/695 694/694/694
f 691/691/691 692/692/692 696/696/696
f 691/691/691 696/696/696 695/695/695
f 692/692/692 689/689/689 693/693/693
f 692/692/692 693/693/693 696/696/696
f 693/693/693 694/694/694 698/698/698
f 693/693/693 698/698/698 697/697/697
f 694/694/694 695/695/695 699/699/699
f 694/694/694 699/699/699 698/698/698
f 695/695/695 696/696/696 700/700/700
f 695/695/695 700/700/700 699/699/699
f 696/696/696 693/693/693 697/697/697
f 696/696/696 697/697/697 700/700/700
f 697/697/697 698/698/698 702/702/702
f 697/697/697 702/702/702 701/701/701
f 698/698/698 699/699/699 703/703/703
f 698/698/698 703/703/703 702/702/702
f 699/699/699 700/700/700 704/704/704
f 699/699/699 704/704/704 703/703/703
f 700/700/700 697/697/697 701/701/701
f 700/700/700 701/701/701 704/704/704
f 701/701/701 702/702/702 706/706/706
f 701/701/701 706/706/706 705/705/705
f 702/702/702 703/703/703 707/707/707
f 702/702/702 707/707/707 706/706/706
f 703/703/703 704/704/704 708/708/708
f 703/703/703 708/708/708 707/707/707
f 704/704/704 701/701/701 705/705/705
f 704/704/704 705/705/705 708/708/708
f 705/705/705 706/706/706 710/710/710
f 705/705/705 710/710/710 709/709/709
f 706/706/706 707/707/707 711/711/711
f 706/706/706 711/711/711 710/710/710
f 707/707/707 708/708/708 712/712/712
f 707/707/707 712/712/712 711/711/711
f 708/708/708 705/705/705 709/709/709
f 708/708/708 709/709/709 712/712/712
f 709/709/709 710/710/710 714/714/714
f 709/709/709 714/714/714 713/713/713
f 710/710/710 711/711/711 715/715/715
f 710/710/710 715/715/715 714/714/714
f 711/711/711 712/712/712 716/716/716
f 711/711/711 716/716/716 715/715/715
f 712/712/712 709/709/709 713/713/713
f 712/712/712 713/713/713 716/716/716
f 713/713/713 714/714/714 718/718/718
f 713/713/713 718/718/718 717/717/717
f 714/714/714 715/715/715 719/719/719
f 714/714/714 719/719/719 718/718/718
f 715/715/715 716/716/716 720/720/720
f 715/715/715 720/720/720 719/719/719
f 716/716/716 713/713/713 717/717/717
f 716/716/716 717/717/717 720/720/720
f 717/717/717 718/718/718 722/722/722
f 717/717/717 722/722/722 721/721/721
f 718/718/718 719/719/719 723/723/723
f 718/718/718 723/723/723 722/722/722
f 719/719/719 720/720/720 724/724/724
f 719/719/719 724/724/724 723/723/723
f 720/720/720 717/717/717 721/721/721
f 720/720/720 721/721/721 724/724/724
f 721/721/721 722/722/722 726/726/726
f 721/721/721 726/726/726 725/725/725
f 722/722/722 723/723/723 727/727/727
f 722/722/722 727/727/727 726/726/726
f 723/723/723 724/724/724 728/728/728
f 723/723/723 728/728/728 727/727/727
f 724/724/724 721/721/721 725/725/725
f 724/724/724 725/725/725 728/728/728
f 725/725/725 726/726/726 730/730/730
f 725/725/725 730/730/730 729/729/729
f 726/726/726 727/727/727 731/731/731
f 726/726/726 731/731/731 730/730/730
f 727/727/727 728/728/728 732/732/732
f 727/727/727 732/732/732 731/731/731
f 728/728/728 725/725/725 729/729/729
f 728/728/728 729/729/729 732/732/732
f 729/729/729 730/730/730 734/734/734
f 729/729/729 734/734/734 733/733/733
f 730/730/730 731/731/731 735/735/735
f 730/730/730 735/735/735 734/734/734
f 731/731/731 732/732/732 736/736/736
f 731/731/731 736/736/736 735/735/735
f 732/732/732 729/729/729 733/733/733
f 732/732/732 733/733/733 736/736/736
f 733/733/733 734/734/734 738/738/738
f 733/733/733 738/738/738 737/737/737
f 734/734/734 735/735/735 739/739/739
f 734/734/734 739/739/739 738/738/738
f 735/735/735 736/736/736 740/740/740
f 735/735/735 740/740/740 739/739/739
f 736/736/736 733/733/733 737/737/737
f 736/736/736 737/737/737 740/740/740
f 737/737/737 738/738/738 742/742/742
f 737/737/737 742/742/742 741/741/741
f 738/738/738 739/739/739 743/743/743
f 738/738/738 743/743/743 742/742/742
f 739/739/739 740/740/740 744/744/744
f 739/739/739 744/744/744 743/743/743
f 740/740/740 737/737/737 741/741/741
f 740/740/740 741/741/741 744/744/744
f 741/741/741 742/742/742 746/746/746
f 741/741/741 746/746/746 745/745/745
f 742/742/742 743/743/743 747/747/747
f 742/742/742 747/747/747 746/746/746
f 743/743/743 744/744/744 748/748/748
f 743/743/743 748/748/748 747/747/747
f 744/744/744 741/741/741 745/745/745
f 744/744/744 745/745/745 748/748/748
f 745/745/745 746/746/746 750/750/750
f 745/745/745 750/750/750 749/749/749
f 746/746/746 747/747/747 751/751/751
f 746/746/746 751/751/751 750/750/750
f 747/747/747 748/748/748 752/752/752
f 747/747/747 752/752/752 751/751/751
f 748/748/748 745/745/745 749/749/749
f 748/748/748 749/749/749 752/752/752
f 749/749/749 750/750/750 754/754/754
f 749/749/749 754/754/754 753/753/753
f 750/750/750 751/751/751 755/755/755
f 750/750/750 755/755/755 754/754/754
f 751/751/751 752/752/752 756/756/756
f 751/751/751 756/756/756 755/755/755
f 752/752/752 749/749/749 753/753/753
f 752/752/752 753/753/753 756/756/756
f 753/753/753 754/754/754 758/758/758
f 753/753/753 758/758/758 757/757/757
f 754/754/754 755/755/755 759/759/759
f 754/754/754 759/759/759 758/758/758
f 755/755/755 756/756/756 760/760/760
f 755/755/755 760/760/760 759/759/759
f 756/756/756 753/753/753 757/757/757
f 756/756/756 757/757/757 760/760/760
f 757/757/757 758/758/758 762/762/762
f 757/757/757 762/762/762 761/761/761
f 758/758/758 759/759/759 763/763/763
f 758/758/758 763/763/763 762/762/762
f 759/759/759 760/760/760 764/764/764
f 759/759/759 764/764/764 763/763/763
f 760/760/760 757/757/757 761/761/761
f 760/760/760 761/761/761 764/764/764
f 761/761/761 762/762/762 766/766/766
f 761/761/761 766/766/766 765/765/765
f 762/762/762 763/763/763 767/767/767
f 762/762/762 767/767/767 766/766/766
f 763/763/763 764/764/764 768/768/768
f 763/763/763 768/768/768 767/767/767
f 764/764/764 761/761/761 765/765/765
f 764/764/764 765/765/765 768/768/768
f 765/765/765 766/766/766 770/770/770
f 765/765/765 770/770/770 769/769/769
f 766/766/766 767/767/767 771/771/771
f 766/766/766 771/771/771 770/770/770
f 767/767/767 768/768/768 772/772/772
f 767/767/767 772/772/772 771/771/771
f 768/768/768 765/765/765 769/769/769
f 768/768/768 769/769/769 772/772/772
f 769/769/769 770/770/770 774/774/774
f 769/769/769 774/774/774 773/773/773
f 770/770/770 771/771/771 775/775/775
f 770/770/770 775/775/775 774/774/774
f 771/771/771 772/772/772 776/776/776
f 771/771/771 776/776/776 775/775/775
f 772/772/772 769/769/769 773/773/773
f 772/772/772 773/773/773 776/776/776
f 773/773/773 774/774/774 778/778/778
f 773/773/773 778/778/778 777/777/777
f 774/774/774 775/775/775 779/779/779
f 774/774/774 779/779/779 778/778/778
f 775/775/775 776/776/776 780/780/780
f 775/775/775 780/780/780 779/779/779
f 776/776/776 773/773/773 777/777/777
f 776/776/776 777/777/777 780/780/780
f 781/781/781 782/782/782 786/786/786
f 781/781/781 786/786/786 785/785/785
f 782/782/782 783/783/783 787/787/787
f 782/782/782 787/787/787 786/786/786
f 783/783/783 784/784/784 788/788/788
f 783/783/783 788/788/788 787/787/787
f 784/784/784 781/781/781 785/785/785
f 784/784/784 785/785/785 788/788/788
f 785/785/785 786/786/786 790/790/790
f 785/785/785 790/790/790 789/789/789
f 786/786/786 787/787/787 791/791/791
f 786/786/786 791/791/791 790/790/790
f 787/787/787 788/788/788 792/792/792
f 787/787/787 792/792/792 791/791/791
f 788/788/788 785/785/785 789/789/789
f 788/788/788 789/789/789 792/792/792
f 789/789/789 790/790/790 794/794/794
f 789/789/789 794/794/794 793/793/793
f 790/790/790 791/791/791 795/795/795
f 790/790/790 795/795/795 794/794/794
f 791/791/791 792/792/792 796/796/796
f 791/791/791 796/796/796 795/795/795
f 792/792/792 789/789/789 793/793/793
f 792/792/792 793/793/793 796/796/796
f 793/793/793 794/794/794 798/798/798
f 793/793/793 798/798/798 797/797/797
f 794/794/794 795/795/795 799/799/799
f 794/794/794 799/799/799 798/798/798
f 795/795/795 796/796/796 800/800/800
f 795/795/795 800/800/800 799/799/799
f 796/796/796 793/793/793 797/797/797
f 796/796/796 797/797/797 800/800/800
f 797/797/797 798/798/798 802/802/802
f 797/797/797 802/802/802 801/801/801
f 798/798/798 799/799/799 803/803/803
f 798/798/798 803/803/803 802/802/802
f 799/799/799 800/800/800 804/804/804
f 799/799/799 804/804/804 803/803/803
f 800/800/800 797/797/797 801/801/801
f 800/800/800 801/801/801 804/804/804
f 801/801/801 802/802/802 806/806/806
f 801/801/801 806/806/806 805/805/805
f 802/802/802 803/803/803 807/807/807
f 802/802/802 807/807/807 806/806/806
f 803/803/803 804/804/804 808/808/808
f 803/803/803 808/808/808 807/807/807
f 804/804/804 801/801/801 805/805/805
f 804/804/804 805/805/805 808/808/808
f 805/805/805 806/806/806 810/810/810
f 805/805/805 810/810/810 809/809/809
f 806/806/806 807/807/807 811/811/811
f 806/806/806 811/811/811 810/810/810
f 807/807/807 808/808/808 812/812/812
f 807/807/807 812/812/812 811/811/811
f 808/808/808 805/805/805 809/809/809
f 808/808/808 809/809/809 812/812/812
f 809/809/809 810/810/810 814/814/814
f 809/809/809 814/814/814 813/813/813
f 810/810/810 811/811/811 815/815/815
f 810/810/810 815/815/815 814/814/814
f 811/811/811 812/812/812 816/816/816
f 811/811/811 816/816/816 815/815/815
f 812/812/812 809/809/809 813/813/813
f 812/812/812 813/813/813 816/816/816
f 813/813/813 814/814/814 818/818/818
f 813/813/813 818/818/818 817/817/817
f 814/814/814 815/815/815 819/819/819
f 814/814/814 819/819/819 818/818/818
f 815/815/815 816/816/816 820/820/820
f 815/815/815 820/820/820 819/819/819
f 816/816/816 813/813/813 817/817/817
f 816/816/816 817/817/817 820/820/820
f 817/817/817 818/818/818 822/822/822
f 817/817/817 822/822/822 821/821/821
f 818/818/818 819/819/819 823/823/823
f 818/818/818 823/823/823 822/822/822
f 819/819/819 820/820/820 824/824/824
f 819/819/819 824/824/824 823/823/823
f 820/820/820 817/817/817 821/821/821
f 820/820/820 821/821/821 824/824/824
f 821/821/821 822/822/822 826/826/826
f 821/821/821 826/826/826 825/825/825
f 822/822/822 823/823/823 827/827/827
f 822/822/822 827/827/827 826/826/826
f 823/823/823 824/824/824 828/828/828
f 823/823/823 828/828/828 827/827/827
f 824/824/824 821/821/821 825/825/825
f 824/824/824 825/825/825 828/828/828
f 825/825/825 826/826/826 830/830/830
f 825/825/825 830/830/830 829/829/829
f 826/826/826 827/827/827 831/831/831
f 826/826/826 831/831/831 830/830/830
f 827/827/827 828/828/828 832/832/832
f 827/827/827 832/832/832 831/831/831
f 828/828/828 825/825/825 829/829/829
f 828/828/828 829/829/829 832/832/832
f 829/829/829 830/830/830 834/834/834
f 829/829/829 834/834/834 833/833/833
f 830/830/830 831/831/831 835/835/835
f 830/830/830 835/835/835 834/834/834
f 831/831/831 832/832/832 836/836/836
f 831/831/831 836/836/836 835/835/835
f 832/832/832 829/829/829 833/833/833
f 832/832/832 833/833/833 836/836/836
f 833/833/833 834/834/834 838/838/838
f 833/833/833 838/838/838 837/837/837
f 834/834/834 835/835/835 839/839/839
f 834/834/834 839/839/839 838/838/838
f 835/835/835 836/836/836 840/840/840
f 835/835/835 840/840/840 839/839/839
f 836/836/836 833/833/833 837/837/837
f 836/836/836 837/837/837 840/840/840
f 837/837/837 838/838/838 842/842/842
f 837/837/837 842/842/842 841/841/841
f 838/838/838 839/839/839 843/843/843
f 838/838/838 843/843/843 842/842/842
f 839/839/839 840/840/840 844/844/844
f 839/839/839 844/844/844 843/843/843
f 840/840/840 837/837/837 841/841/841
f 840/840/840 841/841/841 844/844/844
f 841/841/841 842/842/842 846/846/846
f 841/841/841 846/846/846 845/845/845
f 842/842/842 843/843/843 847/847/847
f 842/842/842 847/847/847 846/846/846
f 843/843/843 844/844/844 848/848/848
f 843/843/843 848/848/848 847/847/847
f 844/844/844 841/841/841 845/845/845
f 844/844/844 845/845/845 848/848/848
f 845/845/845 846/846/846 850/850/850
f 845/845/845 850/850/850 849/849/849
f 846/846/846 847/847/847 851/851/851
f 846/846/846 851/851/851 850/850/850
f 847/847/847 848/848/848 852/852/852
f 847/847/847 852/852/852 851/851/851
f 848/848/848 845/845/845 849/849/849
f 848/848/848 849/849/849 852/852/852
f 849/849/849 850/850/850 854/854/854
f 849/849/849 854/854/854 853/853/853
f 850/850/850 851/851/851 855/855/855
f 850/850/850 855/855/855 854/854/854
f 851/851/851 852/852/852 856/856/856
f 851/851/851 856/856/856 855/855/855
f 852/852/852 849/849/849 853/853/853
f 852/852/852 853/853/853 856/856/856
f 853/853/853 854/854/854 858/858/858
f 853/853/853 858/858/858 857/857/857
f 854/854/854 855/855/855 859/859/859
f 854/854/854 859/859/859 858/858/858
f 855/855/855 856/856/856 860/860/860
f 855/855/855 860/860/860 859/859/859
f 856/856/856 853/853/853 857/857/857
f 856/856/856 857/857/857 860/860/860
f 857/857/857 858/858/858 862/862/862
f 857/857/857 862/862/862 861/861/861
f 858/858/858 859/859/859 863/863/863
f 858/858/858 863/863/863 862/862/862
f 859/859/859 860/860/860 864/864/864
f 859/859/859 864/864/864 863/863/863
f 860/860/860 857/857/857 861/861/861
f 860/860/860 861/861/861 864/864/864
f 861/861/861 862/862/862 866/866/866
f 861/861/861 866/866/866 865/865/865
f 862/862/862 863/863/863 867/867/867
f 862/862/862 867/867/867 866/866/866
f 863/863/863 864/864/864 868/868/868
f 863/863/863 868/868/868 867/867/867
f 864/864/864 861/861/861 865/865/865
f 864/864/864 865/865/865 868/868/868
f 865/865/865 866/866/866 870/870/870
f 865/865/865 870/870/870 869/869/869
f 866/866/866 867/867/867 871/871/871
f 866/866/866 871/871/871 870/870/870
f 867/867/867 868/868/868 872/872/872
f 867/867/867 872/872/872 871/871/871
f 868/868/868 865/865/865 869/869/869
f 868/868/868 869/869/869 872/872/872
f 869/869/869 870/870/870 874/874/874
f 869/869/869 874/874/874 873/873/873
f 870/870/870 871/871/871 875/875/875
f 870/870/870 875/875/875 874/874/874
f 871/871/871 872/872/872 876/876/876
f 871/871/871 876/876/876 875/875/875
f 872/872/872 869/869/869 873/873/873
f 872/872/872 873/873/873 876/876/876
f 873/873/873 874/874/874 878/878/878
f 873/873/873 878/878/878 877/877/877
f 874/874/874 875/875/875 879/879/879
f 874/874/874 879/879/879 878/878/878
f 875/875/875 876/876/876 880/880/880
f 875/875/875 880/880/880 879/879/879
f 876/876/876 873/873/873 877/877/877
f 876/876/876 877/877/877 880/880/880
f 877/877/877 878/878/878 882/882/882
f 877/877/877 882/882/882 881/881/881
f 878/878/878 879/879/879 883/883/883
f 878/878/878 883/883/883 882/882/882
f 879/879/879 880/880/880 884/884/884
f 879/879/879 884/884/884 883/883/883
f 880/880/880 877/877/877 881/881/881
f 880/880/880 881/881/881 884/884/884
f 881/881/881 882/882/882 886/886/886
f 881/881/881 886/886/886 885/885/885
f 882/882/882 883/883/883 887/887/887
f 882/882/882 887/887/887 886/886/886
f 883/883/883 884/884/884 888/888/888
f 883/883/883 888/888/888 887/887/887
f 884/884/884 881/881/881 885/885/885
f 884/884/884 885/885/885 888/888/888
f 885/885/885 886/886/886 890/890/890
f 885/885/885 890/890/890 889/889/889
f 886/886/886 887/887/887 891/891/891
f 886/886/886 891/891/891 890/890/890
f 887/887/887 888/888/888 892/892/892
f 887/887/887 892/892/892 891/891/891
f 888/888/888 885/885/885 889/889/889
f 888/888/888 889/889/889 892/892/892
f 889/889/889 890/890/890 894/894/894
f 889/889/889 894/894/894 893/893/893
f 890/890/890 891/891/891 895/895/895
f 890/890/890 895/895/895 894/894/894
f 891/891/891 892/892/892 896/896/896
f 891/891/891 896/896/896 895/895/895
f 892/892/892 889/889/889 893/893/893
f 892/892/892 893/893/893 896/896/896
f 893/893/893 894/894/894 898/898/898
f 893/893/893 898/898/898 897/897/897
f 894/894/894 895/895/895 899/899/899
f 894/894/894 899/899/899 898/898/898
f 895/895/895 896/896/896 900/900/900
f 895/895/895 900/900/900 899/899/899
f 896/896/896 893/893/893 897/897/897
f 896/896/896 897/897/897 900/900/900
f 897/897/897 898/898/898 902/902/902
f 897/897/897 902/902/902 901/901/901
f 898/898/898 899/899/899 903/903/903
f 898/898/898 903/903/903 902/902/902
f 899/899/899 900/900/900 904/904/904
f 899/899/899 904/904/904 903/903/903
f 900/900/900 897/897/897 901/901/901
f 900/900/900 901/901/901 904/904/904
f 901/901/901 902/902/902 906/906/906
f 901/901/901 906/906/906 905/905/905
f 902/902/902 903/903/903 907/907/907
f 902/902/902 907/907/907 906/906/906
f 903/903/903 904/904/904 908/908/908
f 903/903/903 908/908/908 907/907/907
f 904/904/904 901/901/901 905/905/905
f 904/904/904 905/905/905 908/908/908
f 905/905/905 906/906/906 910/910/910
f 905/905/905 910/910/910 909/909/909
f 906/906/906 907/907/907 911/911/911
f 906/906/906 911/911/911 910/910/910
f 907/907/907 908/908/908 912/912/912
f 907/907/907 912/912/912 911/911/911
f 908/908/908 905/905/905 909/909/909
f 908/908/908 909/909/909 912/912/912
f 909/909/909 910/910/910 914/914/914
f 909/909/909 914/914/914 913/913/913
f 910/910/910 911/911/911 915/915/915
f 910/910/910 915/915/915 914/914/914
f 911/911/911 912/912/912 916/916/916
f 911/911/911 916/916/916 915/915/915
f 912/912/912 909/909/909 913/913/913
f 912/912/912 913/913/913 916/916/916
f 913/913/913 914/914/914 918/918/918
f 913/913/913 918/918/918 917/917/917
f 914/914/914 915/915/915 919/919/919
f 914/914/914 919/919/919 918/918/918
f 915/915/915 916/916/916 920/920/920
f 915/915/915 920/920/920 919/919/919
f 916/916/916 913/913/913 917/917/917
f 916/916/916 917/917/917 920/920/920
f 917/917/917 918/918/918 922/922/922
f 917/917/917 922/922/922 921/921/921
f 918/918/918 919/919/919 923/923/923
f 918/918/918 923/923/923 922/922/922
f 919/919/919 920/920/920 924/924/924
f 919/919/919 924/924/924 923/923/923
f 920/920/920 917/917/917 921/921/921
f 920/920/920 921/921/921 924/924/924
f 921/921/921 922/922/922 926/926/926
f 921/921/921 926/926/926 925/925/925
f 922/922/922 923/923/923 927/927/927
f 922/922/922 927/927/927 926/926/926
f 923/923/923 924/924/924 928/928/928
f 923/923/923 928/928/928 927/927/927
f 924/924/924 921/921/921 925/925/925
f 924/924/924 925/925/925 928/928/928
f 925/925/925 926/926/926 930/930/930
f 925/925/925 930/930/930 929/929/929
f 926/926/926 927/927/927 931/931/931
f 926/926/926 931/931/931 930/930/930
f 927/927/927 928/928/928 932/932/932
f 927/927/927 932/932/932 931/931/931
f 928/928/928 925/925/925 929/929/929
f 928/928/928 929/929/929 932/932/932
f 929/929/929 930/930/930 934/934/934
f 929/929/929 934/934/934 933/933/933
f 930/930/930 931/931/931 935/935/935
f 930/930/930 935/935/935 934/934/934
f 931/931/931 932/932/932 936/936/936
f 931/931/931 936/936/936 935/935/935
f 932/932/932 929/929/929 933/933/933
f 932/932/932 933/933/933 936/936/936
f 933/933/933 934/934/934 938/938/938
f 933/933/933 938/938/938 937/937/937
f 934/934/934 935/935/935 939/939/939
f 934/934/934 939/939/939 938/938/938
f 935/935/935 936/936/936 940/940/940
f 935/935/935 940/940/940 939/939/939
f 936/936/936 933/933/933 937/937/937
f 936/936/936 937/937/937 940/940/940
f 937/937/937 938/938/938 942/942/942
f 937/937/937 942/942/942 941/941/941
f 938/938/938 939/939/939 943/943/943
f 938/938/938 943/943/943 942/942/942
f 939/939/939 940/940/940 944/944/944
f 939/939/939 944/944/944 943/943/943
f 940/940/940 937/937/937 941/941/941
f 940/940/940 941/941/941 944/944/944
f 941/941/941 942/942/942 946/946/946
f 941/941/941 946/946/946 945/945/945
f 942/942/942 943/943/943 947/947/947
f 942/942/942 947/947/947 946/946/946
f 943/943/943 944/944/944 948/948/948
f 943/943/943 948/948/948 947/947/947
f 944/944/944 941/941/941 945/945/945
f 944/944/944 945/945/945 948/948/948
f 945/945/945 946/946/946 950/950/950
f 945/945/945 950/950/950 949/949/949
f 946/946/946 947/947/947 951/951/951
f 946/946/946 951/951/951 950/950/950
f 947/947/947 948/948/948 952/952/952
f 947/947/947 952/952/952 951/951/951
f 948/948/948 945/945/945 949/949/949
f 948/948/948 949/949/949 952/952/952
f 949/949/949 950/950/950 954/954/954
f 949/949/949 954/954/954 953/953/953
f 950/950/950 951/951/951 955/955/955
f 950/950/950 955/955/955 954/954/954
f 951/951/951 952/952/952 956/956/956
f 951/951/951 956/956/956 955/955/955
f 952/952/952 949/949/949 953/953/953
f 952/952/952 953/953/953 956/956/956
f 953/953/953 954/954/954 958/958/958
f 953/953/953 958/958/958 957/957/957
f 954/954/954 955/955/955 959/959/959
f 954/954/954 959/959/959 958/958/958
f 955/955/955 956/956/956 960/960/960
f 955/955/955 960/960/960 959/959/959
f 956/956/956 953/953/953 957/957/957
f 956/956/956 957/957/957 960/960/960
f 781/781/781 783/783/783 782/782/782
f 781/781/781 784/784/784 783/783/783
f 957/957/957 958/958/958 959/959/959
f 957/957/957 959/959/959 960/960/960
f 961/961/961 962/962/962 966/966/966
f 961/961/961 966/966/966 965/965/965
f 962/962/962 963/963/963 967/967/967
f 962/962/962 967/967/967 966/966/966
f 963/963/963 964/964/964 968/968/968
f 963/963/963 968/968/968 967/967/967
f 964/964/964 961/961/961 965/965/965
f 964/964/964 965/965/965 968/968/968
f 965/965/965 966/966/966 970/970/970
f 965/965/965 970/970/970 969/969/969
f 966/966/966 967/967/967 971/971/971
f 966/966/966 971/971/971 970/970/970
f 967/967/967 968/968/968 972/972/972
f 967/967/967 972/972/972 971/971/971
f 968/968/968 965/965/965 969/969/969
f 968/968/968 969/969/969 972/972/972
f 969/969/969 970/970/970 974/974/974
f 969/969/969 974/974/974 973/973/973
f 970/970/970 971/971/971 975/975/975
f 970/970/970 975/975/975 974/974/974
f 971/971/971 972/972/972 976/976/976
f 971/971/971 976/976/976 975/975/975
f 972/972/972 969/969/969 973/973/973
f 972/972/972 973/973/973 976/976/976
f 973/973/973 974/974/974 978/978/978
f 973/973/973 978/978/978 977/977/977
f 974/974/974 975/975/975 979/979/979
f 974/974/974 979/979/979 978/978/978
f 975/975/975 976/976/976 980/980/980
f 975/975/975 980/980/980 979/979/979
f 976/976/976 973/973/973 977/977/977
f 976/976/976 977/977/977 980/980/980
f 977/977/977 978/978/978 982/982/982
f 977/977/977 982/982/982 981/981/981
f 978/978/978 979/979/979 983/983/983
f 978/978/978 983/983/983 982/982/982
f 979/979/979 980/980/980 984/984/984
f 979/979/979 984/984/984 983/983/983
f 980/980/980 977/977/977 981/981/981
f 980/980/980 981/981/981 984/984/984
f 981/981/981 982/982/982 986/986/986
f 981/981/981 986/986/986 985/985/985
f 982/982/982 983/983/983 987/987/987
f 982/982/982 987/987/987 986/986/986
f 983/983/983 984/984/984 988/988/988
f 983/983/983 988/988/988 987/987/987
f 984/984/984 981/981/981 985/985/985
f 984/984/984 985/985/985 988/988/988
f 985/985/985 986/986/986 990/990/990
f 985/985/985 990/990/990 989/989/989
f 986/986/986 987/987/987 991/991/991
f 986/986/986 991/991/991 990/990/990
f 987/987/987 988/988/988 992/992/992
f 987/987/987 992/992/992 991/991/991
f 988/988/988 985/985/985 989/989/989
f 988/988/988 989/989/989 992/992/992
f 989/989/989 990/990/990 994/994/994
f 989/989/989 994/994/994 993/993/993
f 990/990/990 991/991/991 995/995/995
f 990/990/990 995/995/995 994/994/994
f 991/991/991 992/992/992 996/996/996
f 991/991/991 996/996/996 995/995/995
f 992/992/992 989/989/989 993/993/993
f 992/992/992 993/993/993 996/996/996
f 993/993/993 994/994/994 998/998/998
f 993/993/993 998/998/998 997/997/997
f 994/994/994 995/995/995 999/999/999
f 994/994/994 999/999/999 998/998/998
f 995/995/995 996/996/996 1000/1000/1000
f 995/995/995 1000/1000/1000 999/999/999
f 996/996/996 993/993/993 997/997/997
f 996/996/996 997/997/997 1000/1000/1000
f 997/997/997 998/998/998 1002/1002/1002
f 997/997/997 1002/1002/1002 1001/1001/1001
f 998/998/998 999/999/999 1003/1003/1003
f 998/998/998 1003/1003/1003 1002/1002/1002
f 999/999/999 1000/1000/1000 1004/1004/1004
f 999/999/999 1004/1004/1004 1003/1003/1003
f 1000/1000/1000 997/997/997 1001/1001/1001
f 1000/1000/1000 1001/1001/1001 1004/1004/1004
f 1001/1001/1001 1002/1002/1002 1006/1006/1006
f 1001/1001/1001 1006/1006/1006 1005/1005/1005
f 1002/1002/1002 1003/1003/1003 1007/1007/1007
f 1002/1002/1002 1007/1007/1007 1006/1006/1006
f 1003/1003/1003 1004/1004/1004 1008/1008/1008
f 1003/1003/1003 1008/1008/1008 1007/1007/1007
f 1004/1004/1004 1001/1001/1001 1005/1005/1005
f 1004/1004/1004 1005/1005/1005 1008/1008/1008
f 1005/1005/1005 1006/1006/1006 1010/1010/1010
f 1005/1005/1005 1010/1010/1010 1009/1009/1009
f 1006/1006/1006 1007/1007/1007 1011/1011/1011
f 1006/1006/1006 1011/1011/1011 1010/1010/1010
f 1007/1007/1007 1008/1008/1008 1012/1012/1012
f 1007/1007/1007 1012/1012/1012 1011/1011/1011
f 1008/1008/1008 1005/1005/1005 1009/1009/1009
f 1008/1008/1008 1009/1009/1009 1012/1012/1012
f 1009/1009/1009 1010/1010/1010 1014/1014/1014
f 1009/1009/1009 1014/1014/1014 1013/1013/1013
f 1010/1010/1010 1011/1011/1011 1015/1015/1015
f 1010/1010/1010 1015/1015/1015 1014/1014/1014
f 1011/1011/1011 1012/1012/1012 1016/1016/1016
f 1011/1011/1011 1016/1016/1016 1015/1015/1015
f 1012/1012/1012 1009/1009/1009 1013/1013/1013
f 1012/1012/1012 1013/1013/1013 1016/1016/1016
f 1013/1013/1013 1014/1014/1014 1018/1018/1018
f 1013/1013/1013 1018/1018/1018 1017/1017/1017
f 1014/1014/1014 1015/1015/1015 1019/1019/1019
f 1014/1014/1014 1019/1019/1019 1018/1018/1018
f 1015/1015/1015 1016/1016/1016 1020/1020/1020
f 1015/1015/1015 1020/1020/1020 1019/1019/1019
f 1016/1016/1016 1013/1013/1013 1017/1017/1017
f 1016/1016/1016 1017/1017/1017 1020/1020/1020
f 1017/1017/1017 1018/1018/1018 1022/1022/1022
f 1017/1017/1017 1022/1022/1022 1021/1021/1021
f 1018/1018/1018 1019/1019/1019 1023/1023/1023
f 1018/1018/1018 1023/1023/1023 1022/1022/1022
f 1019/1019/1019 1020/1020/1020 1024/1024/1024
f 1019/1019/1019 1024/1024/1024 1023/1023/1023
f 1020/1020/1020 1017/1017/1017 1021/1021/1021
f 1020/1020/1020 1021/1021/1021 1024/1024/1024
f 1021/1021/1021 1022/1022/1022 1026/1026/1026
f 1021/1021/1021 1026/1026/1026 1025/1025/1025
f 1022/1022/1022 1023/1023/1023 1027/1027/1027
f 1022/1022/1022 1027/1027/1027 1026/1026/1026
f 1023/1023/1023 1024/1024/1024 1028/1028/1028
f 1023/1023/1023 1028/1028/1028 1027/1027/1027
f 1024/1024/1024 1021/1021/1021 1025/1025/1025
f 1024/1024/1024 1025/1025/1025 1028/1028/1028
f 1025/1025/1025 1026/1026/1026 1030/1030/1030
f 1025/1025/1025 1030/1030/1030 1029/1029/1029
f 1026/1026/1026 1027/1027/1027 1031/1031/1031
f 1026/1026/1026 1031/1031/1031 1030/1030/1030
f 1027/1027/1027 1028/1028/1028 1032/1032/1032
f 1027/1027/1027 1032/1032/1032 1031/1031/1031
f 1028/1028/1028 1025/1025/1025 1029/1029/1029
f 1028/1028/1028 1029/1029/1029 1032/1032/1032
f 1029/1029/1029 1030/1030/1030 1034/1034/1034
f 1029/1029/1029 1034/1034/1034 1033/1033/1033
f 1030/1030/1030 1031/1031/1031 1035/1035/1035
f 1030/1030/1030 1035/1035/1035 1034/1034/1034
f 1031/1031/1031 1032/1032/1032 1036/1036/1036
f 1031/1031/1031 1036/1036/1036 1035/1035/1035
f 1032/1032/1032 1029/1029/1029 1033/1033/1033
f 1032/1032/1032 1033/1033/1033 1036/1036/1036
f 1033/1033/1033 1034/1034/1034 1038/1038/1038
f 1033/1033/1033 1038/1038/1038 1037/1037/1037
f 1034/1034/1034 1035/1035/1035 1039/1039/1039
f 1034/1034/1034 1039/1039/1039 1038/1038/1038
f 1035/1035/1035 1036/1036/1036 1040/1040/1040
f 1035/1035/1035 1040/1040/1040 1039/1039/1039
f 1036/1036/1036 1033/1033/1033 1037/1037/1037
f 1036/1036/1036 1037/1037/1037 1040/1040/1040
f 1037/1037/1037 1038/1038/1038 1042/1042/1042
f 1037/1037/1037 1042/1042/1042 1041/1041/1041
f 1038/1038/1038 1039/1039/1039 1043/1043/1043
f 1038/1038/1038 1043/1043/1043 1042/1042/1042
f 1039/1039/1039 1040/1040/1040 1044/1044/1044
f 1039/1039/1039 1044/1044/1044 1043/1043/1043
f 1040/1040/1040 1037/1037/1037 1041/1041/1041
f 1040/1040/1040 1041/1041/1041 1044/1044/1044
f 1041/1041/1041 1042/1042/1042 1046/1046/1046
f 1041/1041/1041 1046/1046/1046 1045/1045/1045
f 1042/1042/1042 1043/1043/1043 1047/1047/1047
f 1042/1042/1042 1047/1047/1047 1046/1046/1046
f 1043/1043/1043 1044/1044/1044 1048/1048/1048
f 1043/1043/1043 1048/1048/1048 1047/1047/1047
f 1044/1044/1044 1041/1041/1041 1045/1045/1045
f 1044/1044/1044 1045/1045/1045 1048/1048/1048
f 1045/1045/1045 1046/1046/1046 1050/1050/1050
f 1045/1045/1045 1050/1050/1050 1049/1049/1049
f 1046/1046/1046 1047/1047/1047 1051/1051/1051
f 1046/1046/1046 1051/1051/1051 1050/1050/1050
f 1047/1047/1047 1048/1048/1048 1052/1052/1052
f 1047/1047/1047 1052/1052/1052 1051/1051/1051
f 1048/1048/1048 1045/1045/1045 1049/1049/1049
f 1048/1048/1048 1049/1049/1049 1052/1052/1052
f 1049/1049/1049 1050/1050/1050 1054/1054/1054
f 1049/1049/1049 1054/1054/1054 1053/1053/1053
f 1050/1050/1050 1051/1051/1051 1055/1055/1055
f 1050/1050/1050 1055/1055/1055 1054/1054/1054
f 1051/1051/1051 1052/1052/1052 1056/1056/1056
f 1051/1051/1051 1056/1056/1056 1055/1055/1055
f 1052/1052/1052 1049/1049/1049 1053/1053/1053
f 1052/1052/1052 1053/1053/1053 1056/1056/1056
f 1053/1053/1053 1054/1054/1054 1058/1058/1058
f 1053/1053/1053 1058/1058/1058 1057/1057/1057
f 1054/1054/1054 1055/1055/1055 1059/1059/1059
f 1054/1054/1054 1059/1059/1059 1058/1058/1058
f 1055/1055/1055 1056/1056/1056 1060/1060/1060
f 1055/1055/1055 1060/1060/1060 1059/1059/1059
f 1056/1056/1056 1053/1053/1053 1057/1057/1057
f 1056/1056/1056 1057/1057/1057 1060/1060/1060
f 1057/1057/1057 1058/1058/1058 1062/1062/1062
f 1057/1057/1057 1062/1062/1062 1061/1061/1061
f 1058/1058/1058 1059/1059/1059 1063/1063/1063
f 1058/1058/1058 1063/1063/1063 1062/1062/1062
f 1059/1059/1059 1060/1060/1060 1064/1064/1064
f 1059/1059/1059 1064/1064/1064 1063/1063/1063
f 1060/1060/1060 1057/1057/1057 1061/1061/1061
f 1060/1060/1060 1061/1061/1061 1064/1064/1064
f 1061/1061/1061 1062/1062/1062 1066/1066/1066
f 1061/1061/1061 1066/1066/1066 1065/1065/1065
f 1062/1062/1062 1063/1063/1063 1067/1067/1067
f 1062/1062/1062 1067/1067/1067 1066/1066/1066
f 1063/1063/1063 1064/1064/1064 1068/1068/1068
f 1063/1063/1063 1068/1068/1068 1067/1067/1067
f 1064/1064/1064 1061/1061/1061 1065/1065/1065
f 1064/1064/1064 1065/1065/1065 1068/1068/1068
f 1065/1065/1065 1066/1066/1066 1070/1070/1070
f 1065/1065/1065 1070/1070/1070 1069/1069/1069
f 1066/1066/1066 1067/1067/1067 1071/1071/1071
f 1066/1066/1066 1071/1071/1071 1070/1070/1070
f 1067/1067/1067 1068/1068/1068 1072/1072/1072
f 1067/1067/1067 1072/1072/1072 1071/1071/1071
f 1068/1068/1068 1065/1065/1065 1069/1069/1069
f 1068/1068/1068 1069/1069/1069 1072/1072/1072
f 1069/1069/1069 1070/1070/1070 1074/1074/1074
f 1069/1069/1069 1074/1074/1074 1073/1073/1073
f 1070/1070/1070 1071/1071/1071 1075/1075/1075
f 1070/1070/1070 1075/1075/1075 1074/1074/1074
f 1071/1071/1071 1072/1072/1072 1076/1076/1076
f 1071/1071/1071 1076/1076/1076 1075/1075/1075
f 1072/1072/1072 1069/1069/1069 1073/1073/1073
f 1072/1072/1072 1073/1073/1073 1076/1076/1076
f 1073/1073/1073 1074/1074/1074 1078/1078/1078
f 1073/1073/1073 1078/1078/1078 1077/1077/1077
f 1074/1074/1074 1075/1075/1075 1079/1079/1079
f 1074/1074/1074 1079/1079/1079 1078/1078/1078
f 1075/1075/1075 1076/1076/1076 1080/1080/1080
f 1075/1075/1075 1080/1080/1080 1079/1079/1079
f 1076/1076/1076 1073/1073/1073 1077/1077/1077
f 1076/1076/1076 1077/1077/1077 1080/1080/1080
f 1077/1077/1077 1078/1078/1078 1082/1082/1082
f 1077/1077/1077 1082/1082/1082 1081/1081/1081
f 1078/1078/1078 1079/1079/1079 1083/1083/1083
f 1078/1078/1078 1083/1083/1083 1082/1082/1082
f 1079/1079/1079 1080/1080/1080 1084/1084/1084
f 1079/1079/1079 1084/1084/1084 1083/1083/1083
f 1080/1080/1080 1077/1077/1077 1081/1081/1081
f 1080/1080/1080 1081/1081/1081 1084/1084/1084
f 1081/1081/1081 1082/1082/1082 1086/1086/1086
f 1081/1081/1081 1086/1086/1086 1085/1085/1085
f 1082/1082/1082 1083/1083/1083 1087/1087/1087
f 1082/1082/1082 1087/1087/1087 1086/1086/1086
f 1083/1083/1083 1084/1084/1084 1088/1088/1088
f 1083/1083/1083 1088/1088/1088 1087/1087/1087
f 1084/1084/1084 1081/1081/1081 1085/1085/1085
f 1084/1084/1084 1085/1085/1085 1088/1088/1088
f 1085/1085/1085 1086/1086/1086 1090/1090/1090
f 1085/1085/1085 1090/1090/1090 1089/1089/1089
f 1086/1086/1086 1087/1087/1087 1091/1091/1091
f 1086/1086/1086 1091/1091/1091 1090/1090/1090
f 1087/1087/1087 1088/1088/1088 1092/1092/1092
f 1087/1087/1087 1092/1092/1092 1091/1091/1091
f 1088/1088/1088 1085/1085/1085 1089/1089/1089
f 1088/1088/1088 1089/1089/1089 1092/1092/1092
f 1089/1089/1089 1090/1090/1090 1094/1094/1094
f 1089/1089/1089 1094/1094/1094 1093/1093/1093
f 1090/1090/1090 1091/1091/1091 1095/1095/1095
f 1090/1090/1090 1095/1095/1095 1094/1094/1094
f 1091/1091/1091 1092/1092/1092 1096/1096/1096
f 1091/1091/1091 1096/1096/1096 1095/1095/1095
f 1092/1092/1092 1089/1089/1089 1093/1093/1093
f 1092/1092/1092 1093/1093/1093 1096/1096/1096
f 1093/1093/1093 1094/1094/1094 1098/1098/1098
f 1093/1093/1093 1098/1098/1098 1097/1097/1097
f 1094/1094/1094 1095/1095/1095 1099/1099/1099
f 1094/1094/1094 1099/1099/1099 1098/1098/1098
f 1095/1095/1095 1096/1096/1096 1100/1100/1100
f 1095/1095/1095 1100/1100/1100 1099/1099/1099
f 1096/1096/1096 1093/1093/1093 1097/1097/1097
f 1096/1096/1096 1097/1097/1097 1100/1100/1100
f 1097/1097/1097 1098/1098/1098 1102/1102/1102
f 1097/1097/1097 1102/1102/1102 1101/1101/1101
f 1098/1098/1098 1099/1099/1099 1103/1103/1103
f 1098/1098/1098 1103/1103/1103 1102/1102/1102
f 1099/1099/1099 1100/1100/1100 1104/1104/1104
f 1099/1099/1099 1104/1104/1104 1103/1103/1103
f 1100/1100/1100 1097/1097/1097 1101/1101/1101
f 1100/1100/1100 1101/1101/1101 1104/1104/1104
f 1101/1101/1101 1102/1102/1102 1106/1106/1106
f 1101/1101/1101 1106/1106/1106 1105/1105/1105
f 1102/1102/1102 1103/1103/1103 1107/1107/1107
f 1102/1102/1102 1107/1107/1107 1106/1106/1106
f 1103/1103/1103 1104/1104/1104 1108/1108/1108
f 1103/1103/1103 1108/1108/1108 1107/1107/1107
f 1104/1104/1104 1101/1101/1101 1105/1105/1105
f 1104/1104/1104 1105/1105/1105 1108/1108/1108
f 1105/1105/1105 1106/1106/1106 1110/1110/1110
f 1105/1105/1105 1110/1110/1110 1109/1109/1109
f 1106/1106/1106 1107/1107/1107 1111/1111/1111
f 1106/1106/1106 1111/1111/1111 1110/1110/1110
f 1107/1107/1107 1108/1108/1108 1112/1112/1112
f 1107/1107/1107 1112/1112/1112 1111/1111/1111
f 1108/1108/1108 1105/1105/1105 1109/1109/1109
f 1108/1108/1108 1109/1109/1109 1112/1112/1112
f 1109/1109/1109 1110/1110/1110 1114/1114/1114
f 1109/1109/1109 1114/1114/1114 1113/1113/1113
f 1110/1110/1110 1111/1111/1111 1115/1115/1115
f 1110/1110/1110 1115/1115/1115 1114/1114/1114
f 1111/1111/1111 1112/1112/1112 1116/1116/1116
f 1111/1111/1111 1116/1116/1116 1115/1115/1115
f 1112/1112/1112 1109/1109/1109 1113/1113/1113
f 1112/1112/1112 1113/1113/1113 1116/1116/1116
f 1113/1113/1113 1114/1114/1114 1118/1118/1118
f 1113/1113/1113 1118/1118/1118 1117/1117/1117
f 1114/1114/1114 1115/1115/1115 1119/1119/1119
f 1114/1114/1114 1119/1119/1119 1118/1118/1118
f 1115/1115/1115 1116/1116/1116 1120/1120/1120
f 1115/1115/1115 1120/1120/1120 1119/1119/1119
f 1116/1116/1116 1113/1113/1113 1117/1117/1117
f 1116/1116/1116 1117/1117/1117 1120/1120/1120
f 1117/1117/1117 1118/1118/1118 1122/1122/1122
f 1117/1117/1117 1122/1122/1122 1121/1121/1121
f 1118/1118/1118 1119/1119/1119 1123/1123/1123
f 1118/1118/1118 1123/1123/1123 1122/1122/1122
f 1119/1119/1119 1120/1120/1120 1124/1124/1124
f 1119/1119/1119 1124/1124/1124 1123/1123/1123
f 1120/1120/1120 1117/1117/1117 1121/1121/1121
f 1120/1120/1120 1121/1121/1121 1124/1124/1124
f 1121/1121/1121 1122/1122/1122 1126/1126/1126
f 1121/1121/1121 1126/1126/1126 1125/1125/1125
f 1122/1122/1122 1123/1123/1123 1127/1127/1127
f 1122/1122/1122 1127/1127/1127 1126/1126/1126
f 1123/1123/1123 1124/1124/1124 1128/1128/1128
f 1123/1123/1123 1128/1128/1128 1127/1127/1127
f 1124/1124/1124 1121/1121/1121 1125/1125/1125
f 1124/1124/1124 1125/1125/1125 1128/1128/1128
f 1125/1125/1125 1126/1126/1126 1130/1130/1130
f 1125/1125/1125 1130/1130/1130 1129/1129/1129
f 1126/1126/1126 1127/1127/1127 1131/1131/1131
f 1126/1126/1126 1131/1131/1131 1130/1130/1130
f 1127/1127/1127 1128/1128/1128 1132/1132/1132
f 1127/1127/1127 1132/1132/1132 1131/1131/1131
f 1128/1128/1128 1125/1125/1125 1129/1129/1129
f 1128/1128/1128 1129/1129/1129 1132/1132/1132
f 1129/1129/1129 1130/1130/1130 1134/1134/1134
f 1129/1129/1129 1134/1134/1134 1133/1133/1133
f 1130/1130/1130 1131/1131/1131 1135/1135/1135
f 1130/1130/1130 1135/1135/1135 1134/1134/1134
f 1131/1131/1131 1132/1132/1132 1136/1136/1136
f 1131/1131/1131 1136/1136/1136 1135/1135/1135
f 1132/1132/1132 1129/1129/1129 1133/1133/1133
f 1132/1132/1132 1133/1133/1133 1136/1136/1136
f 1133/1133/1133 1134/1134/1134 1138/1138/1138
f 1133/1133/1133 1138/1138/1138 1137/1137/1137
f 1134/1134/1134 1135/1135/1135 1139/1139/1139
f 1134/1134/1134 1139/1139/1139 1138/1138/1138
f 1135/1135/1135 1136/1136/1136 1140/1140/1140
f 1135/1135/1135 1140/1140/1140 1139/1139/1139
f 1136/1136/1136 1133/1133/1133 1137/1137/1137
f 1136/1136/1136 1137/1137/1137 1140/1140/1140
f 961/961/961 963/963/963 962/962/962
f 961/961/961 964/964/964 963/963/963
f 1137/1137/1137 1138/1138/1138 1139/1139/1139
f 1137/1137/1137 1139/1139/1139 1140/1140/1140
f 1141/1141/1141 1142/1142/1142 1146/1146/1146
f 1141/1141/1141 1146/1146/1146 1145/1145/1145
f 1142/1142/1142 1143/1143/1143 1147/1147/1147
f 1142/1142/1142 1147/1147/1147 1146/1146/1146
f 1143/1143/1143 1144/1144/1144 1148/1148/1148
f 1143/1143/1143 1148/1148/1148 1147/1147/1147
f 1144/1144/1144 1141/1141/1141 1145/1145/1145
f 1144/1144/1144 1145/1145/1145 1148/1148/1148
f 1145/1145/1145 1146/1146/1146 1150/1150/1150
f 1145/1145/1145 1150/1150/1150 1149/1149/1149
f 1146/1146/1146 1147/1147/1147 1151/1151/1151
f 1146/1146/1146 1151/1151/1151 1150/1150/1150
f 1147/1147/1147 1148/1148/1148 1152/1152/1152
f 1147/1147/1147 1152/1152/1152 1151/1151/1151
f 1148/1148/1148 1145/1145/1145 1149/1149/1149
f 1148/1148/1148 1149/1149/1149 1152/1152/1152
f 1149/1149/1149 1150/1150/1150 1154/1154/1154
f 1149/1149/1149 1154/1154/1154 1153/1153/1153
f 1150/1150/1150 1151/1151/1151 1155/1155/1155
f 1150/1150/1150 1155/1155/1155 1154/1154/1154
f 1151/1151/1151 1152/1152/1152 1156/1156/1156
f 1151/1151/1151 1156/1156/1156 1155/1155/1155
f 1152/1152/1152 1149/1149/1149 1153/1153/1153
f 1152/1152/1152 1153/1153/1153 1156/1156/1156
f 1153/1153/1153 1154/1154/1154 1158/1158/1158
f 1153/1153/1153 1158/1158/1158 1157/1157/1157
f 1154/1154/1154 1155/1155/1155 1159/1159/1159
f 1154/1154/1154 1159/1159/1159 1158/1158/1158
f 1155/1155/1155 1156/1156/1156 1160/1160/1160
f 1155/1155/1155 1160/1160/1160 1159/1159/1159
f 1156/1156/1156 1153/1153/1153 1157/1157/1157
f 1156/1156/1156 1157/1157/1157 1160/1160/1160
f 1157/1157/1157 1158/1158/1158 1162/1162/1162
f 1157/1157/1157 1162/1162/1162 1161/1161/1161
f 1158/1158/1158 1159/1159/1159 1163/1163/1163
f 1158/1158/1158 1163/1163/1163 1162/1162/1162
f 1159/1159/1159 1160/1160/1160 1164/1164/1164
f 1159/1159/1159 1164/1164/1164 1163/1163/1163
f 1160/1160/1160 1157/1157/1157 1161/1161/1161
f 1160/1160/1160 1161/1161/1161 1164/1164/1164
f 1161/1161/1161 1162/1162/1162 1166/1166/1166
f 1161/1161/1161 1166/1166/1166 1165/1165/1165
f 1162/1162/1162 1163/1163/1163 1167/1167/1167
f 1162/1162/1162 1167/1167/1167 1166/1166/1166
f 1163/1163/1163 1164/1164/1164 1168/1168/1168
f 1163/1163/1163 1168/1168/1168 1167/1167/1167
f 1164/1164/1164 1161/1161/1161 1165/1165/1165
f 1164/1164/1164 1165/1165/1165 1168/1168/1168
f 1165/1165/1165 1166/1166/1166 1170/1170/1170
f 1165/1165/1165 1170/1170/1170 1169/1169/1169
f 1166/1166/1166 1167/1167/1167 1171/1171/1171
f 1166/1166/1166 1171/1171/1171 1170/1170/1170
f 1167/1167/1167 1168/1168/1168 1172/1172/1172
f 1167/1167/1167 1172/1172/1172 1171/1171/1171
f 1168/1168/1168 1165/1165/1165 1169/1169/1169
f 1168/1168/1168 1169/1169/1169 1172/1172/1172
f 1169/1169/1169 1170/1170/1170 1174/1174/1174
f 1169/1169/1169 1174/1174/1174 1173/1173/1173
f 1170/1170/1170 1171/1171/1171 1175/1175/1175
f 1170/1170/1170 1175/1175/1175 1174/1174/1174
f 1171/1171/1171 1172/1172/1172 1176/1176/1176
f 1171/1171/1171 1176/1176/1176 1175/1175/1175
f 1172/1172/1172 1169/1169/1169 1173/1173/1173
f 1172/1172/1172 1173/1173/1173 1176/1176/1176
f 1173/1173/1173 1174/1174/1174 1178/1178/1178
f 1173/1173/1173 1178/1178/1178 1177/1177/1177
f 1174/1174/1174 1175/1175/1175 1179/1179/1179
f 1174/1174/1174 1179/1179/1179 1178/1178/1178
f 1175/1175/1175 1176/1176/1176 1180/1180/1180
f 1175/1175/1175 1180/1180/1180 1179/1179/1179
f 1176/1176/1176 1173/1173/1173 1177/1177/1177
f 1176/1176/1176 1177/1177/1177 1180/1180/1180
f 1177/1177/1177 1178/1178/1178 1182/1182/1182
f 1177/1177/1177 1182/1182/1182 1181/1181/1181
f 1178/1178/1178 1179/1179/1179 1183/1183/1183
f 1178/1178/1178 1183/1183/1183 1182/1182/1182
f 1179/1179/1179 1180/1180/1180 1184/1184/1184
f 1179/1179/1179 1184/1184/1184 1183/1183/1183
f 1180/1180/1180 1177/1177/1177 1181/1181/1181
f 1180/1180/1180 1181/1181/1181 1184/1184/1184
f 1181/1181/1181 1182/1182/1182 1186/1186/1186
f 1181/1181/1181 1186/1186/1186 1185/1185/1185
f 1182/1182/1182 1183/1183/1183 1187/1187/1187
f 1182/1182/1182 1187/1187/1187 1186/1186/1186
f 1183/1183/1183 1184/1184/1184 1188/1188/1188
f 1183/1183/1183 1188/1188/1188 1187/1187/1187
f 1184/1184/1184 1181/1181/1181 1185/1185/1185
f 1184/1184/1184 1185/1185/1185 1188/1188/1188
f 1185/1185/1185 1186/1186/1186 1190/1190/1190
f 1185/1185/1185 1190/1190/1190 1189/1189/1189
f 1186/1186/1186 1187/1187/1187 1191/1191/1191
f 1186/1186/1186 1191/1191/1191 1190/1190/1190
f 1187/1187/1187 1188/1188/1188 1192/1192/1192
f 1187/1187/1187 1192/1192/1192 1191/1191/1191
f 1188/1188/1188 1185/1185/1185 1189/1189/1189
f 1188/1188/1188 1189/1189/1189 1192/1192/1192
f 1189/1189/1189 1190/1190/1190 1194/1194/1194
f 1189/1189/1189 1194/1194/1194 1193/1193/1193
f 1190/1190/1190 1191/1191/1191 1195/1195/1195
f 1190/1190/1190 1195/1195/1195 1194/1194/1194
f 1191/1191/1191 1192/1192/1192 1196/1196/1196
f 1191/1191/1191 1196/1196/1196 1195/1195/1195
f 1192/1192/1192 1189/1189/1189 1193/1193/1193
f 1192/1192/1192 1193/1193/1193 1196/1196/1196
f 1193/1193/1193 1194/1194/1194 1198/1198/1198
f 1193/1193/1193 1198/1198/1198 1197/1197/1197
f 1194/1194/1194 1195/1195/1195 1199/1199/1199
f 1194/1194/1194 1199/1199/1199 1198/1198/1198
f 1195/1195/1195 1196/1196/1196 1200/1200/1200
f 1195/1195/1195 1200/1200/1200 1199/1199/1199
f 1196/1196/1196 1193/1193/1193 1197/1197/1197
f 1196/1196/1196 1197/1197/1197 1200/1200/1200
f 1197/1197/1197 1198/1198/1198 1202/1202/1202
f 1197/1197/1197 1202/1202/1202 1201/1201/1201
f 1198/1198/1198 1199/1199/1199 1203/1203/1203
f 1198/1198/1198 1203/1203/1203 1202/1202/1202
f 1199/1199/1199 1200/1200/1200 1204/1204/1204
f 1199/1199/1199 1204/1204/1204 1203/1203/1203
f 1200/1200/1200 1197/1197/1197 1201/1201/1201
f 1200/1200/1200 1201/1201/1201 1204/1204/1204
f 1201/1201/1201 1202/1202/1202 1206/1206/1206
f 1201/1201/1201 1206/1206/1206 1205/1205/1205
f 1202/1202/1202 1203/1203/1203 1207/1207/1207
f 1202/1202/1202 1207/1207/1207 1206/1206/1206
f 1203/1203/1203 1204/1204/1204 1208/1208/1208
f 1203/1203/1203 1208/1208/1208 1207/1207/1207
f 1204/1204/1204 1201/1201/1201 1205/1205/1205
f 1204/1204/1204 1205/1205/1205 1208/1208/1208
f 1205/1205/1205 1206/1206/1206 1210/1210/1210
f 1205/1205/1205 1210/1210/1210 1209/1209/1209
f 1206/1206/1206 1207/1207/1207 1211/1211/1211
f 1206/1206/1206 1211/1211/1211 1210/1210/1210
f 1207/1207/1207 1208/1208/1208 1212/1212/1212
f 1207/1207/1207 1212/1212/1212 1211/1211/1211
f 1208/1208/1208 1205/1205/1205 1209/1209/1209
f 1208/1208/1208 1209/1209/1209 1212/1212/1212
f 1209/1209/1209 1210/1210/1210 1214/1214/1214
f 1209/1209/1209 1214/1214/1214 1213/1213/1213
f 1210/1210/1210 1211/1211/1211 1215/1215/1215
f 1210/1210/1210 1215/1215/1215 1214/1214/1214
f 1211/1211/1211 1212/1212/1212 1216/1216/1216
f 1211/1211/1211 1216/1216/1216 1215/1215/1215
f 1212/1212/1212 1209/1209/1209 1213/1213/1213
f 1212/1212/1212 1213/1213/1213 1216/1216/1216
f 1213/1213/1213 1214/1214/1214 1218/1218/1218
f 1213/1213/1213 1218/1218/1218 1217/1217/1217
f 1214/1214/1214 1215/1215/1215 1219/1219/1219
f 1214/1214/1214 1219/1219/1219 1218/1218/1218
f 1215/1215/1215 1216/1216/1216 1220/1220/1220
f 1215/1215/1215 1220/1220/1220 1219/1219/1219
f 1216/1216/1216 1213/1213/1213 1217/1217/1217
f 1216/1216/1216 1217/1217/1217 1220/1220/1220
f 1217/1217/1217 1218/1218/1218 1222/1222/1222
f 1217/1217/1217 1222/1222/1222 1221/1221/1221
f 1218/1218/1218 1219/1219/1219 1223/1223/1223
f 1218/1218/1218 1223/1223/1223 1222/1222/1222
f 1219/1219/1219 1220/1220/1220 1224/1224/1224
f 1219/1219/1219 1224/1224/1224 1223/1223/1223
f 1220/1220/1220 1217/1217/1217 1221/1221/1221
f 1220/1220/1220 1221/1221/1221 1224/1224/1224
f 1221/1221/1221 1222/1222/1222 1226/1226/1226
f 1221/1221/1221 1226/1226/1226 1225/1225/1225
f 1222/1222/1222 1223/1223/1223 1227/1227/1227
f 1222/1222/1222 1227/1227/1227 1226/1226/1226
f 1223/1223/1223 1224/1224/1224 1228/1228/1228
f 1223/1223/1223 1228/1228/1228 1227/1227/1227
f 1224/1224/1224 1221/1221/1221 1225/1225/1225
f 1224/1224/1224 1225/1225/1225 1228/1228/1228
f 1225/1225/1225 1226/1226/1226 1230/1230/1230
f 1225/1225/1225 1230/1230/1230 1229/1229/1229
f 1226/1226/1226 1227/1227/1227 1231/1231/1231
f 1226/1226/1226 1231/1231/1231 1230/1230/1230
f 1227/1227/1227 1228/1228/1228 1232/1232/1232
f 1227/1227/1227 1232/1232/1232 1231/1231/1231
f 1228/1228/1228 1225/1225/1225 1229/1229/1229
f 1228/1228/1228 1229/1229/1229 1232/1232/1232
f 1229/1229/1229 1230/1230/1230 1234/1234/1234
f 1229/1229/1229 1234/1234/1234 1233/1233/1233
f 1230/1230/1230 1231/1231/1231 1235/1235/1235
f 1230/1230/1230 1235/1235/1235 1234/1234/1234
f 1231/1231/1231 1232/1232/1232 1236/1236/1236
f 1231/1231/1231 1236/1236/1236 1235/1235/1235
f 1232/1232/1232 1229/1229/1229 1233/1233/1233
f 1232/1232/1232 1233/1233/1233 1236/1236/1236
f 1233/1233/1233 1234/1234/1234 1238/1238/1238
f 1233/1233/1233 1238/1238/1238 1237/1237/1237
f 1234/1234/1234 1235/1235/1235 1239/1239/1239
f 1234/1234/1234 1239/1239/1239 1238/1238/1238
f 1235/1235/1235 1236/1236/1236 1240/1240/1240
f 1235/1235/1235 1240/1240/1240 1239/1239/1239
f 1236/1236/1236 1233/1233/1233 1237/1237/1237
f 1236/1236/1236 1237/1237/1237 1240/1240/1240
f 1237/1237/1237 1238/1238/1238 1242/1242/1242
f 1237/1237/1237 1242/1242/1242 1241/1241/1241
f 1238/1238/1238 1239/1239/1239 1243/1243/1243
f 1238/1238/1238 1243/1243/1243 1242/1242/1242
f 1239/1239/1239 1240/1240/1240 1244/1244/1244
f 1239/1239/1239 1244/1244/1244 1243/1243/1243
f 1240/1240/1240 1237/1237/1237 1241/1241/1241
f 1240/1240/1240 1241/1241/1241 1244/1244/1244
f 1241/1241/1241 1242/1242/1242 1246/1246/1246
f 1241/1241/1241 1246/1246/1246 1245/1245/1245
f 1242/1242/1242 1243/1243/1243 1247/1247/1247
f 1242/1242/1242 1247/1247/1247 1246/1246/1246
f 1243/1243/1243 1244/1244/1244 1248/1248/1248
f 1243/1243/1243 1248/1248/1248 1247/1247/1247
f 1244/1244/1244 1241/1241/1241 1245/1245/1245
f 1244/1244/1244 1245/1245/1245 1248/1248/1248
f 1245/1245/1245 1246/1246/1246 1250/1250/1250
f 1245/1245/1245 1250/1250/1250 1249/1249/1249
f 1246/1246/1246 1247/1247/1247 1251/1251/1251
f 1246/1246/1246 1251/1251/1251 1250/1250/1250
f 1247/1247/1247 1248/1248/1248 1252/1252/1252
f 1247/1247/1247 1252/1252/1252 1251/1251/1251
f 1248/1248/1248 1245/1245/1245 1249/1249/1249
f 1248/1248/1248 1249/1249/1249 1252/1252/1252
f 1249/1249/1249 1250/1250/1250 1254/1254/1254
f 1249/1249/1249 1254/1254/1254 1253/1253/1253
f 1250/1250/1250 1251/1251/1251 1255/1255/1255
f 1250/1250/1250 1255/1255/1255 1254/1254/1254
f 1251/1251/1251 1252/1252/1252 1256/1256/1256
f 1251/1251/1251 1256/1256/1256 1255/1255/1255
f 1252/1252/1252 1249/1249/1249 1253/1253/1253
f 1252/1252/1252 1253/1253/1253 1256/1256/1256
f 1253/1253/1253 1254/1254/1254 1258/1258/1258
f 1253/1253/1253 1258/1258/1258 1257/1257/1257
f 1254/1254/1254 1255/1255/1255 1259/1259/1259
f 1254/1254/1254 1259/1259/1259 1258/1258/1258
f 1255/1255/1255 1256/1256/1256 1260/1260/1260
f 1255/1255/1255 1260/1260/1260 1259/1259/1259
f 1256/1256/1256 1253/1253/1253 1257/1257/1257
f 1256/1256/1256 1257/1257/1257 1260/1260/1260
f 1257/1257/1257 1258/1258/1258 1262/1262/1262
f 1257/1257/1257 1262/1262/1262 1261/1261/1261
f 1258/1258/1258 1259/1259/1259 1263/1263/1263
f 1258/1258/1258 1263/1263/1263 1262/1262/1262
f 1259/1259/1259 1260/1260/1260 1264/1264/1264
f 1259/1259/1259 1264/1264/1264 1263/1263/1263
f 1260/1260/1260 1257/1257/1257 1261/1261/1261
f 1260/1260/1260 1261/1261/1261 1264/1264/1264
f 1261/1261/1261 1262/1262/1262 1266/1266/1266
f 1261/1261/1261 1266/1266/1266 1265/1265/1265
f 1262/1262/1262 1263/1263/1263 1267/1267/1267
f 1262/1262/1262 1267/1267/1267 1266/1266/1266
f 1263/1263/1263 1264/1264/1264 1268/1268/1268
f 1263/1263/1263 1268/1268/1268 1267/1267/1267
f 1264/1264/1264 1261/1261/1261 1265/1265/1265
f 1264/1264/1264 1265/1265/1265 1268/1268/1268
f 1265/1265/1265 1266/1266/1266 1270/1270/1270
f 1265/1265/1265 1270/1270/1270 1269/1269/1269
f 1266/1266/1266 1267/1267/1267 1271/1271/1271
f 1266/1266/1266 1271/1271/1271 1270/1270/1270
f 1267/1267/1267 1268/1268/1268 1272/1272/1272
f 1267/1267/1267 1272/1272/1272 1271/1271/1271
f 1268/1268/1268 1265/1265/1265 1269/1269/1269
f 1268/1268/1268 1269/1269/1269 1272/1272/1272
f 1269/1269/1269 1270/1270/1270 1274/1274/1274
f 1269/1269/1269 1274/1274/1274 1273/1273/1273
f 1270/1270/1270 1271/1271/1271 1275/1275/1275
f 1270/1270/1270 1275/1275/1275 1274/1274/1274
f 1271/1271/1271 1272/1272/1272 1276/1276/1276
f 1271/1271/1271 1276/1276/1276 1275/1275/1275
f 1272/1272/1272 1269/1269/1269 1273/1273/1273
f 1272/1272/1272 1273/1273/1273 1276/1276/1276
f 1273/1273/1273 1274/1274/1274 1278/1278/1278
f 1273/1273/1273 1278/1278/1278 1277/1277/1277
f 1274/1274/1274 1275/1275/1275 1279/1279/1279
f 1274/1274/1274 1279/1279/1279 1278/1278/1278
f 1275/1275/1275 1276/1276/1276 1280/1280/1280
f 1275/1275/1275 1280/1280/1280 1279/1279/1279
f 1276/1276/1276 1273/1273/1273 1277/1277/1277
f 1276/1276/1276 1277/1277/1277 1280/1280/1280
f 1277/1277/1277 1278/1278/1278 1282/1282/1282
f 1277/1277/1277 1282/1282/1282 1281/1281/1281
f 1278/1278/1278 1279/1279/1279 1283/1283/1283
f 1278/1278/1278 1283/1283/1283 1282/1282/1282
f 1279/1279/1279 1280/1280/1280 1284/1284/1284
f 1279/1279/1279 1284/1284/1284 1283/1283/1283
f 1280/1280/1280 1277/1277/1277 1281/1281/1281
f 1280/1280/1280 1281/1281/1281 1284/1284/1284
f 1281/1281/1281 1282/1282/1282 1286/1286/1286
f 1281/1281/1281 1286/1286/1286 1285/1285/1285
f 1282/1282/1282 1283/1283/1283 1287/1287/1287
f 1282/1282/1282 1287/1287/1287 1286/1286/1286
f 1283/1283/1283 1284/1284/1284 1288/1288/1288
f 1283/1283/1283 1288/1288/1288 1287/1287/1287
f 1284/1284/1284 1281/1281/1281 1285/1285/1285
f 1284/1284/1284 1285/1285/1285 1288/1288/1288
f 1285/1285/1285 1286/1286/1286 1290/1290/1290
f 1285/1285/1285 1290/1290/1290 1289/1289/1289
f 1286/1286/1286 1287/1287/1287 1291/1291/1291
f 1286/1286/1286 1291/1291/1291 1290/1290/1290
f 1287/1287/1287 1288/1288/1288 1292/1292/1292
f 1287/1287/1287 1292/1292/1292 1291/1291/1291
f 1288/1288/1288 1285/1285/1285 1289/1289/1289
f 1288/1288/1288 1289/1289/1289 1292/1292/1292
f 1289/1289/1289 1290/1290/1290 1294/1294/1294
f 1289/1289/1289 1294/1294/1294 1293/1293/1293
f 1290/1290/1290 1291/1291/1291 1295/1295/1295
f 1290/1290/1290 1295/1295/1295 1294/1294/1294
f 1291/1291/1291 1292/1292/1292 1296/1296/1296
f 1291/1291/1291 1296/1296/1296 1295/1295/1295
f 1292/1292/1292 1289/1289/1289 1293/1293/1293
f 1292/1292/1292 1293/1293/1293 1296/1296/1296
f 1293/1293/1293 1294/1294/1294 1298/1298/1298
f 1293/1293/1293 1298/1298/1298 1297/1297/1297
f 1294/1294/1294 1295/1295/1295 1299/1299/1299
f 1294/1294/1294 1299/1299/1299 1298/1298/1298
f 1295/1295/1295 1296/1296/1296 1300/1300/1300
f 1295/1295/1295 1300/1300/1300 1299/1299/1299
f 1296/1296/1296 1293/1293/1293 1297/1297/1297
f 1296/1296/1296 1297/1297/1297 1300/1300/1300
f 1297/1297/1297 1298/1298/1298 1302/1302/1302
f 1297/1297/1297 1302/1302/1302 1301/1301/1301
f 1298/1298/1298 1299/1299/1299 1303/1303/1303
f 1298/1298/1298 1303/1303/1303 1302/1302/1302
f 1299/1299/1299 1300/1300/1300 1304/1304/1304
f 1299/1299/1299 1304/1304/1304 1303/1303/1303
f 1300/1300/1300 1297/1297/1297 1301/1301/1301
f 1300/1300/1300 1301/1301/1301 1304/1304/1304
f 1301/1301/1301 1302/1302/1302 1306/1306/1306
f 1301/1301/1301 1306/1306/1306 1305/1305/1305
f 1302/1302/1302 1303/1303/1303 1307/1307/1307
f 1302/1302/1302 1307/1307/1307 1306/1306/1306
f 1303/1303/1303 1304/1304/1304 1308/1308/1308
f 1303/1303/1303 1308/1308/1308 1307/1307/1307
f 1304/1304/1304 1301/1301/1301 1305/1305/1305
f 1304/1304/1304 1305/1305/1305 1308/1308/1308
f 1305/1305/1305 1306/1306/1306 1310/1310/1310
f 1305/1305/1305 1310/1310/1310 1309/1309/1309
f 1306/1306/1306 1307/1307/1307 1311/1311/1311
f 1306/1306/1306 1311/1311/1311 1310/1310/1310
f 1307/1307/1307 1308/1308/1308 1312/1312/1312
f 1307/1307/1307 1312/1312/1312 1311/1311/1311
f 1308/1308/1308 1305/1305/1305 1309/1309/1309
f 1308/1308/1308 1309/1309/1309 1312/1312/1312
f 1309/1309/1309 1310/1310/1310 1314/1314/1314
f 1309/1309/1309 1314/1314/1314 1313/1313/1313
f 1310/1310/1310 1311/1311/1311 1315/1315/1315
f 1310/1310/1310 1315/1315/1315 1314/1314/1314
f 1311/1311/1311 1312/1312/1312 1316/1316/1316
f 1311/1311/1311 1316/1316/1316 1315/1315/1315
f 1312/1312/1312 1309/1309/1309 1313/1313/1313
f 1312/1312/1312 1313/1313/1313 1316/1316/1316
f 1313/1313/1313 1314/1314/1314 1318/1318/1318
f 1313/1313/1313 1318/1318/1318 1317/1317/1317
f 1314/1314/1314 1315/1315/1315 1319/1319/1319
f 1314/1314/1314 1319/1319/1319 1318/1318/1318
f 1315/1315/1315 1316/1316/1316 1320/1320/1320
f 1315/1315/1315 1320/1320/1320 1319/1319/1319
f 1316/1316/1316 1313/1313/1313 1317/1317/1317
f 1316/1316/1316 1317/1317/1317 1320/1320/1320
f 1141/1141/1141 1143/1143/1143 1142/1142/1142
f 1141/1141/1141 1144/1144/1144 1143/1143/1143
f 1317/1317/1317 1318/1318/1318 1319/1319/1319
f 1317/1317/1317 1319/1319/1319 1320/1320/1320
f 1321/1321/1321 1322/1322/1322 1326/1326/1326
f 1321/1321/1321 1326/1326/1326 1325/1325/1325
f 1322/1322/1322 1323/1323/1323 1327/1327/1327
f 1322/1322/1322 1327/1327/1327 1326/1326/1326
f 1323/1323/1323 1324/1324/1324 1328/1328/1328
f 1323/1323/1323 1328/1328/1328 1327/1327/1327
f 1324/1324/1324 1321/1321/1321 1325/1325/1325
f 1324/1324/1324 1325/1325/1325 1328/1328/1328
f 1325/1325/1325 1326/1326/1326 1330/1330/1330
f 1325/1325/1325 1330/1330/1330 1329/1329/1329
f 1326/1326/1326 1327/1327/1327 1331/1331/1331
f 1326/1326/1326 1331/1331/1331 1330/1330/1330
f 1327/1327/1327 1328/1328/1328 1332/1332/1332
f 1327/1327/1327 1332/1332/1332 1331/1331/1331
f 1328/1328/1328 1325/1325/1325 1329/1329/1329
f 1328/1328/1328 1329/1329/1329 1332/1332/1332
f 1329/1329/1329 1330/1330/1330 1334/1334/1334
f 1329/1329/1329 1334/1334/1334 1333/1333/1333
f 1330/1330/1330 1331/1331/1331 1335/1335/1335
f 1330/1330/1330 1335/1335/1335 1334/1334/1334
f 1331/1331/1331 1332/1332/1332 1336/1336/1336
f 1331/1331/1331 1336/1336/1336 1335/1335/1335
f 1332/1332/1332 1329/1329/1329 1333/1333/1333
f 1332/1332/1332 1333/1333/1333 1336/1336/1336
f 1333/1333/1333 1334/1334/1334 1338/1338/1338
f 1333/1333/1333 1338/1338/1338 1337/1337/1337
f 1334/1334/1334 1335/1335/1335 1339/1339/1339
f 1334/1334/1334 1339/1339/1339 1338/1338/1338
f 1335/1335/1335 1336/1336/1336 1340/1340/1340
f 1335/1335/1335 1340/1340/1340 1339/1339/1339
f 1336/1336/1336 1333/1333/1333 1337/1337/1337
f 1336/1336/1336 1337/1337/1337 1340/1340/1340
f 1337/1337/1337 1338/1338/1338 1342/1342/1342
f 1337/1337/1337 1342/1342/1342 1341/1341/1341
f 1338/1338/1338 1339/1339/1339 1343/1343/1343
f 1338/1338/1338 1343/1343/1343 1342/1342/1342
f 1339/1339/1339 1340/1340/1340 1344/1344/1344
f 1339/1339/1339 1344/1344/1344 1343/1343/1343
f 1340/1340/1340 1337/1337/1337 1341/1341/1341
f 1340/1340/1340 1341/1341/1341 1344/1344/1344
f 1341/1341/1341 1342/1342/1342 1346/1346/1346
f 1341/1341/1341 1346/1346/1346 1345/1345/1345
f 1342/1342/1342 1343/1343/1343 1347/1347/1347
f 1342/1342/1342 1347/1347/1347 1346/1346/1346
f 1343/1343/1343 1344/1344/1344 1348/1348/1348
f 1343/1343/1343 1348/1348/1348 1347/1347/1347
f 1344/1344/1344 1341/1341/1341 1345/1345/1345
f 1344/1344/1344 1345/1345/1345 1348/1348/1348
f 1345/1345/1345 1346/1346/1346 1350/1350/1350
f 1345/1345/1345 1350/1350/1350 1349/1349/1349
f 1346/1346/1346 1347/1347/1347 1351/1351/1351
f 1346/1346/1346 1351/1351/1351 1350/1350/1350
f 1347/1347/1347 1348/1348/1348 1352/1352/1352
f 1347/1347/1347 1352/1352/1352 1351/1351/1351
f 1348/1348/1348 1345/1345/1345 1349/1349/1349
f 1348/1348/1348 1349/1349/1349 1352/1352/1352
f 1349/1349/1349 1350/1350/1350 1354/1354/1354
f 1349/1349/1349 1354/1354/1354 1353/1353/1353
f 1350/1350/1350 1351/1351/1351 1355/1355/1355
f 1350/1350/1350 1355/1355/1355 1354/1354/1354
f 1351/1351/1351 1352/1352/1352 1356/1356/1356
f 1351/1351/1351 1356/1356/1356 1355/1355/1355
f 1352/1352/1352 1349/1349/1349 1353/1353/1353
f 1352/1352/1352 1353/1353/1353 1356/1356/1356
f 1353/1353/1353 1354/1354/1354 1358/1358/1358
f 1353/1353/1353 1358/1358/1358 1357/1357/1357
f 1354/1354/1354 1355/1355/1355 1359/1359/1359
f 1354/1354/1354 1359/1359/1359 1358/1358/1358
f 1355/1355/1355 1356/1356/1356 1360/1360/1360
f 1355/1355/1355 1360/1360/1360 1359/1359/1359
f 1356/1356/1356 1353/1353/1353 1357/1357/1357
f 1356/1356/1356 1357/1357/1357 1360/1360/1360
f 1357/1357/1357 1358/1358/1358 1362/1362/1362
f 1357/1357/1357 1362/1362/1362 1361/1361/1361
f 1358/1358/1358 1359/1359/1359 1363/1363/1363
f 1358/1358/1358 1363/1363/1363 1362/1362/1362
f 1359/1359/1359 1360/1360/1360 1364/1364/1364
f 1359/1359/1359 1364/1364/1364 1363/1363/1363
f 1360/1360/1360 1357/1357/1357 1361/1361/1361
f 1360/1360/1360 1361/1361/1361 1364/1364/1364
f 1361/1361/1361 1362/1362/1362 1366/1366/1366
f 1361/1361/1361 1366/1366/1366 1365/1365/1365
f 1362/1362/1362 1363/1363/1363 1367/1367/1367
f 1362/1362/1362 1367/1367/1367 1366/1366/1366
f 1363/1363/1363 1364/1364/1364 1368/1368/1368
f 1363/1363/1363 1368/1368/1368 1367/1367/1367
f 1364/1364/1364 1361/1361/1361 1365/1365/1365
f 1364/1364/1364 1365/1365/1365 1368/1368/1368
f 1365/1365/1365 1366/1366/1366 1370/1370/1370
f 1365/1365/1365 1370/1370/1370 1369/1369/1369
f 1366/1366/1366 1367/1367/1367 1371/1371/1371
f 1366/1366/1366 1371/1371/1371 1370/1370/1370
f 1367/1367/1367 1368/1368/1368 1372/1372/1372
f 1367/1367/1367 1372/1372/1372 1371/1371/1371
f 1368/1368/1368 1365/1365/1365 1369/1369/1369
f 1368/1368/1368 1369/1369/1369 1372/1372/1372
f 1369/1369/1369 1370/1370/1370 1374/1374/1374
f 1369/1369/1369 1374/1374/1374 1373/1373/1373
f 1370/1370/1370 1371/1371/1371 1375/1375/1375
f 1370/1370/1370 1375/1375/1375 1374/1374/1374
f 1371/1371/1371 1372/1372/1372 1376/1376/1376
f 1371/1371/1371 1376/1376/1376 1375/1375/1375
f 1372/1372/1372 1369/1369/1369 1373/1373/1373
f 1372/1372/1372 1373/1373/1373 1376/1376/1376
f 1373/1373/1373 1374/1374/1374 1378/1378/1378
f 1373/1373/1373 1378/1378/1378 1377/1377/1377
f 1374/1374/1374 1375/1375/1375 1379/1379/1379
f 1374/1374/1374 1379/1379/1379 1378/1378/1378
f 1375/1375/1375 1376/1376/1376 1380/1380/1380
f 1375/1375/1375 1380/1380/1380 1379/1379/1379
f 1376/1376/1376 1373/1373/1373 1377/1377/1377
f 1376/1376/1376 1377/1377/1377 1380/1380/1380
f 1377/1377/1377 1378/1378/1378 1382/1382/1382
f 1377/1377/1377 1382/1382/1382 1381/1381/1381
f 1378/1378/1378 1379/1379/1379 1383/1383/1383
f 1378/1378/1378 1383/1383/1383 1382/1382/1382
f 1379/1379/1379 1380/1380/1380 1384/1384/1384
f 1379/1379/1379 1384/1384/1384 1383/1383/1383
f 1380/1380/1380 1377/1377/1377 1381/1381/1381
f 1380/1380/1380 1381/1381/1381 1384/1384/1384
f 1381/1381/1381 1382/1382/1382 1386/1386/1386
f 1381/1381/1381 1386/1386/1386 1385/1385/1385
f 1382/1382/1382 1383/1383/1383 1387/1387/1387
f 1382/1382/1382 1387/1387/1387 1386/1386/1386
f 1383/1383/1383 1384/1384/1384 1388/1388/1388
f 1383/1383/1383 1388/1388/1388 1387/1387/1387
f 1384/1384/1384 1381/1381/1381 1385/1385/1385
f 1384/1384/1384 1385/1385/1385 1388/1388/1388
f 1385/1385/1385 1386/1386/1386 1390/1390/1390
f 1385/1385/1385 1390/1390/1390 1389/1389/1389
f 1386/1386/1386 1387/1387/1387 1391/1391/1391
f 1386/1386/1386 1391/1391/1391 1390/1390/1390
f 1387/1387/1387 1388/1388/1388 1392/1392/1392
f 1387/1387/1387 1392/1392/1392 1391/1391/1391
f 1388/1388/1388 1385/1385/1385 1389/1389/1389
f 1388/1388/1388 1389/1389/1389 1392/1392/1392
f 1389/1389/1389 1390/1390/1390 1394/1394/1394
f 1389/1389/1389 1394/1394/1394 1393/1393/1393
f 1390/1390/1390 1391/1391/1391 1395/1395/1395
f 1390/1390/1390 1395/1395/1395 1394/1394/1394
f 1391/1391/1391 1392/1392/1392 1396/1396/1396
f 1391/1391/1391 1396/1396/1396 1395/1395/1395
f 1392/1392/1392 1389/1389/1389 1393/1393/1393
f 1392/1392/1392 1393/1393/1393 1396/1396/1396
f 1393/1393/1393 1394/1394/1394 1398/1398/1398
f 1393/1393/1393 1398/1398/1398 1397/1397/1397
f 1394/1394/1394 1395/1395/1395 1399/1399/1399
f 1394/1394/1394 1399/1399/1399 1398/1398/1398
f 1395/1395/1395 1396/1396/1396 1400/1400/1400
f 1395/1395/1395 1400/1400/1400 1399/1399/1399
f 1396/1396/1396 1393/1393/1393 1397/1397/1397
f 1396/1396/1396 1397/1397/1397 1400/1400/1400
f 1397/1397/1397 1398/1398/1398 1402/1402/1402
f 1397/1397/1397 1402/1402/1402 1401/1401/1401
f 1398/1398/1398 1399/1399/1399 1403/1403/1403
f 1398/1398/1398 1403/1403/1403 1402/1402/1402
f 1399/1399/1399 1400/1400/1400 1404/1404/1404
f 1399/1399/1399 1404/1404/1404 1403/1403/1403
f 1400/1400/1400 1397/1397/1397 1401/1401/1401
f 1400/1400/1400 1401/1401/1401 1404/1404/1404
f 1401/1401/1401 1402/1402/1402 1406/1406/1406
f 1401/1401/1401 1406/1406/1406 1405/1405/1405
f 1402/1402/1402 1403/1403/1403 1407/1407/1407
f 1402/1402/1402 1407/1407/1407 1406/1406/1406
f 1403/1403/1403 1404/1404/1404 1408/1408/1408
f 1403/1403/1403 1408/1408/1408 1407/1407/1407
f 1404/1404/1404 1401/1401/1401 1405/1405/1405
f 1404/1404/1404 1405/1405/1405 1408/1408/1408
f 1405/1405/1405 1406/1406/1406 1410/1410/1410
f 1405/1405/1405 1410/1410/1410 1409/1409/1409
f 1406/1406/1406 1407/1407/1407 1411/1411/1411
f 1406/1406/1406 1411/1411/1411 1410/1410/1410
f 1407/1407/1407 1408/1408/1408 1412/1412/1412
f 1407/1407/1407 1412/1412/1412 1411/1411/1411
f 1408/1408/1408 1405/1405/1405 1409/1409/1409
f 1408/1408/1408 1409/1409/1409 1412/1412/1412
f 1409/1409/1409 1410/1410/1410 1414/1414/1414
f 1409/1409/1409 1414/1414/1414 1413/1413/1413
f 1410/1410/1410 1411/1411/1411 1415/1415/1415
f 1410/1410/1410 1415/1415/1415 1414/1414/1414
f 1411/1411/1411 1412/1412/1412 1416/1416/1416
f 1411/1411/1411 1416/1416/1416 1415/1415/1415
f 1412/1412/1412 1409/1409/1409 1413/1413/1413
f 1412/1412/1412 1413/1413/1413 1416/1416/1416
f 1413/1413/1413 1414/1414/1414 1418/1418/1418
f 1413/1413/1413 1418/1418/1418 1417/1417/1417
f 1414/1414/1414 1415/1415/1415 1419/1419/1419
f 1414/1414/1414 1419/1419/1419 1418/1418/1418
f 1415/1415/1415 1416/1416/1416 1420/1420/1420
f 1415/1415/1415 1420/1420/1420 1419/1419/1419
f 1416/1416/1416 1413/1413/1413 1417/1417/1417
f 1416/1416/1416 1417/1417/1417 1420/1420/1420
f 1417/1417/1417 1418/1418/1418 1422/1422/1422
f 1417/1417/1417 1422/1422/1422 1421/1421/1421
f 1418/1418/1418 1419/1419/1419 1423/1423/1423
f 1418/1418/1418 1423/1423/1423 1422/1422/1422
f 1419/1419/1419 1420/1420/1420 1424/1424/1424
f 1419/1419/1419 1424/1424/1424 1423/1423/1423
f 1420/1420/1420 1417/1417/1417 1421/1421/1421
f 1420/1420/1420 1421/1421/1421 1424/1424/1424
f 1421/1421/1421 1422/1422/1422 1426/1426/1426
f 1421/1421/1421 1426/1426/1426 1425/1425/1425
f 1422/1422/1422 1423/1423/1423 1427/1427/1427
f 1422/1422/1422 1427/1427/1427 1426/1426/1426
f 1423/1423/1423 1424/1424/1424 1428/1428/1428
f 1423/1423/1423 1428/1428/1428 1427/1427/1427
f 1424/1424/1424 1421/1421/1421 1425/1425/1425
f 1424/1424/1424 1425/1425/1425 1428/1428/1428
f 1425/1425/1425 1426/1426/1426 1430/1430/1430
f 1425/1425/1425 1430/1430/1430 1429/1429/1429
f 1426/1426/1426 1427/1427/1427 1431/1431/1431
f 1426/1426/1426 1431/1431/1431 1430/1430/1430
f 1427/1427/1427 1428/1428/1428 1432/1432/1432
f 1427/1427/1427 1432/1432/1432 1431/1431/1431
f 1428/1428/1428 1425/1425/1425 1429/1429/1429
f 1428/1428/1428 1429/1429/1429 1432/1432/1432
f 1429/1429/1429 1430/1430/1430 1434/1434/1434
f 1429/1429/1429 1434/1434/1434 1433/1433/1433
f 1430/1430/1430 1431/1431/1431 1435/1435/1435
f 1430/1430/1430 1435/1435/1435 1434/1434/1434
f 1431/1431/1431 1432/1432/1432 1436/1436/1436
f 1431/1431/1431 1436/1436/1436 1435/1435/1435
f 1432/1432/1432 1429/1429/1429 1433/1433/1433
f 1432/1432/1432 1433/1433/1433 1436/1436/1436
f 1433/1433/1433 1434/1434/1434 1438/1438/1438
f 1433/1433/1433 1438/1438/1438 1437/1437/1437
f 1434/1434/1434 1435/1435/1435 1439/1439/1439
f 1434/1434/1434 1439/1439/1439 1438/1438/1438
f 1435/1435/1435 1436/1436/1436 1440/1440/1440
f 1435/1435/1435 1440/1440/1440 1439/1439/1439
f 1436/1436/1436 1433/1433/1433 1437/1437/1437
f 1436/1436/1436 1437/1437/1437 1440/1440/1440
f 1437/1437/1437 1438/1438/1438 1442/1442/1442
f 1437/1437/1437 1442/1442/1442 1441/1441/1441
f 1438/1438/1438 1439/1439/1439 1443/1443/1443
f 1438/1438/1438 1443/1443/1443 1442/1442/1442
f 1439/1439/1439 1440/1440/1440 1444/1444/1444
f 1439/1439/1439 1444/1444/1444 1443/1443/1443
f 1440/1440/1440 1437/1437/1437 1441/1441/1441
f 1440/1440/1440 1441/1441/1441 1444/1444/1444
f 1441/1441/1441 1442/1442/1442 1446/1446/1446
f 1441/1441/1441 1446/1446/1446 1445/1445/1445
f 1442/1442/1442 1443/1443/1443 1447/1447/1447
f 1442/1442/1442 1447/1447/1447 1446/1446/1446
f 1443/1443/1443 1444/1444/1444 1448/1448/1448
f 1443/1443/1443 1448/1448/1448 1447/1447/1447
f 1444/1444/1444 1441/1441/1441 1445/1445/1445
f 1444/1444/1444 1445/1445/1445 1448/1448/1448
f 1445/1445/1445 1446/1446/1446 1450/1450/1450
f 1445/1445/1445 1450/1450/1450 1449/1449/1449
f 1446/1446/1446 1447/1447/1447 1451/1451/1451
f 1446/1446/1446 1451/1451/1451 1450/1450/1450
f 1447/1447/1447 1448/1448/1448 1452/1452/1452
f 1447/1447/1447 1452/1452/1452 1451/1451/1451
f 1448/1448/1448 1445/1445/1445 1449/1449/1449
f 1448/1448/1448 1449/1449/1449 1452/1452/1452
f 1449/1449/1449 1450/1450/1450 1454/1454/1454
f 1449/1449/1449 1454/1454/1454 1453/1453/1453
f 1450/1450/1450 1451/1451/1451 1455/1455/1455
f 1450/1450/1450 1455/1455/1455 1454/1454/1454
f 1451/1451/1451 1452/1452/1452 1456/1456/1456
f 1451/1451/1451 1456/1456/1456 1455/1455/1455
f 1452/1452/1452 1449/1449/1449 1453/1453/1453
f 1452/1452/1452 1453/1453/1453 1456/1456/1456
f 1453/1453/1453 1454/1454/1454 1458/1458/1458
f 1453/1453/1453 1458/1458/1458 1457/1457/1457
f 1454/1454/1454 1455/1455/1455 1459/1459/1459
f 1454/1454/1454 1459/1459/1459 1458/1458/1458
f 1455/1455/1455 1456/1456/1456 1460/1460/1460
f 1455/1455/1455 1460/1460/1460 1459/1459/1459
f 1456/1456/1456 1453/1453/1453 1457/1457/1457
f 1456/1456/1456 1457/1457/1457 1460/1460/1460
f 1457/1457/1457 1458/1458/1458 1462/1462/1462
f 1457/1457/1457 1462/1462/1462 1461/1461/1461
f 1458/1458/1458 1459/1459/1459 1463/1463/1463
f 1458/1458/1458 1463/1463/1463 1462/1462/1462
f 1459/1459/1459 1460/1460/1460 1464/1464/1464
f 1459/1459/1459 1464/1464/1464 1463/1463/1463
f 1460/1460/1460 1457/1457/1457 1461/1461/1461
f 1460/1460/1460 1461/1461/1461 1464/1464/1464
f 1461/1461/1461 1462/1462/1462 1466/1466/1466
f 1461/1461/1461 1466/1466/1466 1465/1465/1465
f 1462/1462/1462 1463/1463/1463 1467/1467/1467
f 1462/1462/1462 1467/1467/1467 1466/1466/1466
f 1463/1463/1463 1464/1464/1464 1468/1468/1468
f 1463/1463/1463 1468/1468/1468 1467/1467/1467
f 1464/1464/1464 1461/1461/1461 1465/1465/1465
f 1464/1464/1464 1465/1465/1465 1468/1468/1468
f 1465/1465/1465 1466/1466/1466 1470/1470/1470
f 1465/1465/1465 1470/1470/1470 1469/1469/1469
f 1466/1466/1466 1467/1467/1467 1471/1471/1471
f 1466/1466/1466 1471/1471/1471 1470/1470/1470
f 1467/1467/1467 1468/1468/1468 1472/1472/1472
f 1467/1467/1467 1472/1472/1472 1471/1471/1471
f 1468/1468/1468 1465/1465/1465 1469/1469/1469
f 1468/1468/1468 1469/1469/1469 1472/1472/1472
f 1469/1469/1469 1470/1470/1470 1474/1474/1474
f 1469/1469/1469 1474/1474/1474 1473/1473/1473
f 1470/1470/1470 1471/1471/1471 1475/1475/1475
f 1470/1470/1470 1475/1475/1475 1474/1474/1474
f 1471/1471/1471 1472/1472/1472 1476/1476/1476
f 1471/1471/1471 1476/1476/1476 1475/1475/1475
f 1472/1472/1472 1469/1469/1469 1473/1473/1473
f 1472/1472/1472 1473/1473/1473 1476/1476/1476
f 1473/1473/1473 1474/1474/1474 1478/1478/1478
f 1473/1473/1473 1478/1478/1478 1477/1477/1477
f 1474/1474/1474 1475/1475/1475 1479/1479/1479
f 1474/1474/1474 1479/1479/1479 1478/1478/1478
f 1475/1475/1475 1476/1476/1476 1480/1480/1480
f 1475/1475/1475 1480/1480/1480 1479/1479/1479
f 1476/1476/1476 1473/1473/1473 1477/1477/1477
f 1476/1476/1476 1477/1477/1477 1480/1480/1480
f 1477/1477/1477 1478/1478/1478 1482/1482/1482
f 1477/1477/1477 1482/1482/1482 1481/1481/1481
f 1478/1478/1478 1479/1479/1479 1483/1483/1483
f 1478/1478/1478 1483/1483/1483 1482/1482/1482
f 1479/1479/1479 1480/1480/1480 1484/1484/1484
f 1479/1479/1479 1484/1484/1484 1483/1483/1483
f 1480/1480/1480 1477/1477/1477 1481/1481/1481
f 1480/1480/1480 1481/1481/1481 1484/1484/1484
f 1481/1481/1481 1482/1482/1482 1486/1486/1486
f 1481/1481/1481 1486/1486/1486 1485/1485/1485
f 1482/1482/1482 1483/1483/1483 1487/1487/1487
f 1482/1482/1482 1487/1487/1487 1486/1486/1486
f 1483/1483/1483 1484/1484/1484 1488/1488/1488
f 1483/1483/1483 1488/1488/1488 1487/1487/1487
f 1484/1484/1484 1481/1481/1481 1485/1485/1485
f 1484/1484/1484 1485/1485/1485 1488/1488/1488
f 1485/1485/1485 1486/1486/1486 1490/1490/1490
f 1485/1485/1485 1490/1490/1490 1489/1489/1489
f 1486/1486/1486 1487/1487/1487 1491/1491/1491
f 1486/1486/1486 1491/1491/1491 1490/1490/1490
f 1487/1487/1487 1488/1488/1488 1492/1492/1492
f 1487/1487/1487 1492/1492/1492 1491/1491/1491
f 1488/1488/1488 1485/1485/1485 1489/1489/1489
f 1488/1488/1488 1489/1489/1489 1492/1492/1492
f 1489/1489/1489 1490/1490/1490 1494/1494/1494
f 1489/1489/1489 1494/1494/1494 1493/1493/1493
f 1490/1490/1490 1491/1491/1491 1495/1495/1495
f 1490/1490/1490 1495/1495/1495 1494/1494/1494
f 1491/1491/1491 1492/1492/1492 1496/1496/1496
f 1491/1491/1491 1496/1496/1496 1495/1495/1495
f 1492/1492/1492 1489/1489/1489 1493/1493/1493
f 1492/1492/1492 1493/1493/1493 1496/1496/1496
f 1493/1493/1493 1494/1494/1494 1498/1498/1498
f 1493/1493/1493 1498/1498/1498 1497/1497/1497
f 1494/1494/1494 1495/1495/1495 1499/1499/1499
f 1494/1494/1494 1499/1499/1499 1498/1498/1498
f 1495/1495/1495 1496/1496/1496 1500/1500/1500
f 1495/1495/1495 1500/1500/1500 1499/1499/1499
f 1496/1496/1496 1493/1493/1493 1497/1497/1497
f 1496/1496/1496 1497/1497/1497 1500/1500/1500
f 1321/1321/1321 1323/1323/1323 1322/1322/1322
f 1321/1321/1321 1324/1324/1324 1323/1323/1323
f 1497/1497/1497 1498/1498/1498 1499/1499/1499
f 1497/1497/1497 1499/1499/1499 1500/1500/1500
f 1501/1501/1501 1502/1502/1502 1506/1506/1506
f 1501/1501/1501 1506/1506/1506 1505/1505/1505
f 1502/1502/1502 1503/1503/1503 1507/1507/1507
f 1502/1502/1502 1507/1507/1507 1506/1506/1506
f 1503/1503/1503 1504/1504/1504 1508/1508/1508
f 1503/1503/1503 1508/1508/1508 1507/1507/1507
f 1504/1504/1504 1501/1501/1501 1505/1505/1505
f 1504/1504/1504 1505/1505/1505 1508/1508/1508
f 1505/1505/1505 1506/1506/1506 1510/1510/1510
f 1505/1505/1505 1510/1510/1510 1509/1509/1509
f 1506/1506/1506 1507/1507/1507 1511/1511/1511
f 1506/1506/1506 1511/1511/1511 1510/1510/1510
f 1507/1507/1507 1508/1508/1508 1512/1512/1512
f 1507/1507/1507 1512/1512/1512 1511/1511/1511
f 1508/1508/1508 1505/1505/1505 1509/1509/1509
f 1508/1508/1508 1509/1509/1509 1512/1512/1512
f 1509/1509/1509 1510/1510/1510 1514/1514/1514
f 1509/1509/1509 1514/1514/1514 1513/1513/1513
f 1510/1510/1510 1511/1511/1511 1515/1515/1515
f 1510/1510/1510 1515/1515/1515 1514/1514/1514
f 1511/1511/1511 1512/1512/1512 1516/1516/1516
f 1511/1511/1511 1516/1516/1516 1515/1515/1515
f 1512/1512/1512 1509/1509/1509 1513/1513/1513
f 1512/1512/1512 1513/1513/1513 1516/1516/1516
f 1513/1513/1513 1514/1514/1514 1518/1518/1518
f 1513/1513/1513 1518/1518/1518 1517/1517/1517
f 1514/1514/1514 1515/1515/1515 1519/1519/1519
f 1514/1514/1514 1519/1519/1519 1518/1518/1518
f 1515/1515/1515 1516/1516/1516 1520/1520/1520
f 1515/1515/1515 1520/1520/1520 1519/1519/1519
f 1516/1516/1516 1513/1513/1513 1517/1517/1517
f 1516/1516/1516 1517/1517/1517 1520/1520/1520
f 1517/1517/1517 1518/1518/1518 1522/1522/1522
f 1517/1517/1517 1522/1522/1522 1521/1521/1521
f 1518/1518/1518 1519/1519/1519 1523/1523/1523
f 1518/1518/1518 1523/1523/1523 1522/1522/1522
f 1519/1519/1519 1520/1520/1520 1524/1524/1524
f 1519/1519/1519 1524/1524/1524 1523/1523/1523
f 1520/1520/1520 1517/1517/1517 1521/1521/1521
f 1520/1520/1520 1521/1521/1521 1524/1524/1524
f 1521/1521/1521 1522/1522/1522 1526/1526/1526
f 1521/1521/1521 1526/1526/1526 1525/1525/1525
f 1522/1522/1522 1523/1523/1523 1527/1527/1527
f 1522/1522/1522 1527/1527/1527 1526/1526/1526
f 1523/1523/1523 1524/1524/1524 1528/1528/1528
f 1523/1523/1523 1528/1528/1528 1527/1527/1527
f 1524/1524/1524 1521/1521/1521 1525/1525/1525
f 1524/1524/1524 1525/1525/1525 1528/1528/1528
f 1525/1525/1525 1526/1526/1526 1530/1530/1530
f 1525/1525/1525 1530/1530/1530 1529/1529/1529
f 1526/1526/1526 1527/1527/1527 1531/1531/1531
f 1526/1526/1526 1531/1531/1531 1530/1530/1530
f 1527/1527/1527 1528/1528/1528 1532/1532/1532
f 1527/1527/1527 1532/1532/1532 1531/1531/1531
f 1528/1528/1528 1525/1525/1525 1529/1529/1529
f 1528/1528/1528 1529/1529/1529 1532/1532/1532
f 1529/1529/1529 1530/1530/1530 1534/1534/1534
f 1529/1529/1529 1534/1534/1534 1533/1533/1533
f 1530/1530/1530 1531/1531/1531 1535/1535/1535
f 1530/1530/1530 1535/1535/1535 1534/1534/1534
f 1531/1531/1531 1532/1532/1532 1536/1536/1536
f 1531/1531/1531 1536/1536/1536 1535/1535/1535
f 1532/1532/1532 1529/1529/1529 1533/1533/1533
f 1532/1532/1532 1533/1533/1533 1536/1536/1536
f 1533/1533/1533 1534/1534/1534 1538/1538/1538
f 1533/1533/1533 1538/1538/1538 1537/1537/1537
f 1534/1534/1534 1535/1535/1535 1539/1539/1539
f 1534/1534/1534 1539/1539/1539 1538/1538/1538
f 1535/1535/1535 1536/1536/1536 1540/1540/1540
f 1535/1535/1535 1540/1540/1540 1539/1539/1539
f 1536/1536/1536 1533/1533/1533 1537/1537/1537
f 1536/1536/1536 1537/1537/1537 1540/1540/1540
f 1537/1537/1537 1538/1538/1538 1542/1542/1542
f 1537/1537/1537 1542/1542/1542 1541/1541/1541
f 1538/1538/1538 1539/1539/1539 1543/1543/1543
f 1538/1538/1538 1543/1543/1543 1542/1542/1542
f 1539/1539/1539 1540/1540/1540 1544/1544/1544
f 1539/1539/1539 1544/1544/1544 1543/1543/1543
f 1540/1540/1540 1537/1537/1537 1541/1541/1541
f 1540/1540/1540 1541/1541/1541 1544/1544/1544
f 1541/1541/1541 1542/1542/1542 1546/1546/1546
f 1541/1541/1541 1546/1546/1546 1545/1545/1545
f 1542/1542/1542 1543/1543/1543 1547/1547/1547
f 1542/1542/1542 1547/1547/1547 1546/1546/1546
f 1543/1543/1543 1544/1544/1544 1548/1548/1548
f 1543/1543/1543 1548/1548/1548 1547/1547/1547
f 1544/1544/1544 1541/1541/1541 1545/1545/1545
f 1544/1544/1544 1545/1545/1545 1548/1548/1548
f 1545/1545/1545 1546/1546/1546 1550/1550/1550
f 1545/1545/1545 1550/1550/1550 1549/1549/1549
f 1546/1546/1546 1547/1547/1547 1551/1551/1551
f 1546/1546/1546 1551/1551/1551 1550/1550/1550
f 1547/1547/1547 1548/1548/1548 1552/1552/1552
f 1547/1547/1547 1552/1552/1552 1551/1551/1551
f 1548/1548/1548 1545/1545/1545 1549/1549/1549
f 1548/1548/1548 1549/1549/1549 1552/1552/1552
f 1549/1549/1549 1550/1550/1550 1554/1554/1554
f 1549/1549/1549 1554/1554/1554 1553/1553/1553
f 1550/1550/1550 1551/1551/1551 1555/1555/1555
f 1550/1550/1550 1555/1555/1555 1554/1554/1554
f 1551/1551/1551 1552/1552/1552 1556/1556/1556
f 1551/1551/1551 1556/1556/1556 1555/1555/1555
f 1552/1552/1552 1549/1549/1549 1553/1553/1553
f 1552/1552/1552 1553/1553/1553 1556/1556/1556
f 1553/1553/1553 1554/1554/1554 1558/1558/1558
f 1553/1553/1553 1558/1558/1558 1557/1557/1557
f 1554/1554/1554 1555/1555/1555 1559/1559/1559
f 1554/1554/1554 1559/1559/1559 1558/1558/1558
f 1555/1555/1555 1556/1556/1556 1560/1560/1560
f 1555/1555/1555 1560/1560/1560 1559/1559/1559
f 1556/1556/1556 1553/1553/1553 1557/1557/1557
f 1556/1556/1556 1557/1557/1557 1560/1560/1560
f 1557/1557/1557 1558/1558/1558 1562/1562/1562
f 1557/1557/1557 1562/1562/1562 1561/1561/1561
f 1558/1558/1558 1559/1559/1559 1563/1563/1563
f 1558/1558/1558 1563/1563/1563 1562/1562/1562
f 1559/1559/1559 1560/1560/1560 1564/1564/1564
f 1559/1559/1559 1564/1564/1564 1563/1563/1563
f 1560/1560/1560 1557/1557/1557 1561/1561/1561
f 1560/1560/1560 1561/1561/1561 1564/1564/1564
f 1561/1561/1561 1562/1562/1562 1566/1566/1566
f 1561/1561/1561 1566/1566/1566 1565/1565/1565
f 1562/1562/1562 1563/1563/1563 1567/1567/1567
f 1562/1562/1562 1567/1567/1567 1566/1566/1566
f 1563/1563/1563 1564/1564/1564 1568/1568/1568
f 1563/1563/1563 1568/1568/1568 1567/1567/1567
f 1564/1564/1564 1561/1561/1561 1565/1565/1565
f 1564/1564/1564 1565/1565/1565 1568/1568/1568
f 1565/1565/1565 1566/1566/1566 1570/1570/1570
f 1565/1565/1565 1570/1570/1570 1569/1569/1569
f 1566/1566/1566 1567/1567/1567 1571/1571/1571
f 1566/1566/1566 1571/1571/1571 1570/1570/1570
f 1567/1567/1567 1568/1568/1568 1572/1572/1572
f 1567/1567/1567 1572/1572/1572 1571/1571/1571
f 1568/1568/1568 1565/1565/1565 1569/1569/1569
f 1568/1568/1568 1569/1569/1569 1572/1572/1572
f 1569/1569/1569 1570/1570/1570 1574/1574/1574
f 1569/1569/1569 1574/1574/1574 1573/1573/1573
f 1570/1570/1570 1571/1571/1571 1575/1575/1575
f 1570/1570/1570 1575/1575/1575 1574/1574/1574
f 1571/1571/1571 1572/1572/1572 1576/1576/1576
f 1571/1571/1571 1576/1576/1576 1575/1575/1575
f 1572/1572/1572 1569/1569/1569 1573/1573/1573
f 1572/1572/1572 1573/1573/1573 1576/1576/1576
f 1573/1573/1573 1574/1574/1574 1578/1578/1578
f 1573/1573/1573 1578/1578/1578 1577/1577/1577
f 1574/1574/1574 1575/1575/1575 1579/1579/1579
f 1574/1574/1574 1579/1579/1579 1578/1578/1578
f 1575/1575/1575 1576/1576/1576 1580/1580/1580
f 1575/1575/1575 1580/1580/1580 1579/1579/1579
f 1576/1576/1576 1573/1573/1573 1577/1577/1577
f 1576/1576/1576 1577/1577/1577 1580/1580/1580
f 1577/1577/1577 1578/1578/1578 1582/1582/1582
f 1577/1577/1577 1582/1582/1582 1581/1581/1581
f 1578/1578/1578 1579/1579/1579 1583/1583/1583
f 1578/1578/1578 1583/1583/1583 1582/1582/1582
f 1579/1579/1579 1580/1580/1580 1584/1584/1584
f 1579/1579/1579 1584/1584/1584 1583/1583/1583
f 1580/1580/1580 1577/1577/1577 1581/1581/1581
f 1580/1580/1580 1581/1581/1581 1584/1584/1584
f 1581/1581/1581 1582/1582/1582 1586/1586/1586
f 1581/1581/1581 1586/1586/1586 1585/1585/1585
f 1582/1582/1582 1583/1583/1583 1587/1587/1587
f 1582/1582/1582 1587/1587/1587 1586/1586/1586
f 1583/1583/1583 1584/1584/1584 1588/1588/1588
f 1583/1583/1583 1588/1588/1588 1587/1587/1587
f 1584/1584/1584 1581/1581/1581 1585/1585/1585
f 1584/1584/1584 1585/1585/1585 1588/1588/1588
f 1585/1585/1585 1586/1586/1586 1590/1590/1590
f 1585/1585/1585 1590/1590/1590 1589/1589/1589
f 1586/1586/1586 1587/1587/1587 1591/1591/1591
f 1586/1586/1586 1591/1591/1591 1590/1590/1590
f 1587/1587/1587 1588/1588/1588 1592/1592/1592
f 1587/1587/1587 1592/1592/1592 1591/1591/1591
f 1588/1588/1588 1585/1585/1585 1589/1589/1589
f 1588/1588/1588 1589/1589/1589 1592/1592/1592
f 1589/1589/1589 1590/1590/1590 1594/1594/1594
f 1589/1589/1589 1594/1594/1594 1593/1593/1593
f 1590/1590/1590 1591/1591/1591 1595/1595/1595
f 1590/1590/1590 1595/1595/1595 1594/1594/1594
f 1591/1591/1591 1592/1592/1592 1596/1596/1596
f 1591/1591/1591 1596/1596/1596 1595/1595/1595
f 1592/1592/1592 1589/1589/1589 1593/1593/1593
f 1592/1592/1592 1593/1593/1593 1596/1596/1596
f 1593/1593/1593 1594/1594/1594 1598/1598/1598
f 1593/1593/1593 1598/1598/1598 1597/1597/1597
f 1594/1594/1594 1595/1595/1595 1599/1599/1599
f 1594/1594/1594 1599/1599/1599 1598/1598/1598
f 1595/1595/1595 1596/1596/1596 1600/1600/1600
f 1595/1595/1595 1600/1600/1600 1599/1599/1599
f 1596/1596/1596 1593/1593/1593 1597/1597/1597
f 1596/1596/1596 1597/1597/1597 1600/1600/1600
f 1597/1597/1597 1598/1598/1598 1602/1602/1602
f 1597/1597/1597 1602/1602/1602 1601/1601/1601
f 1598/1598/1598 1599/1599/1599 1603/1603/1603
f 1598/1598/1598 1603/1603/1603 1602/1602/1602
f 1599/1599/1599 1600/1600/1600 1604/1604/1604
f 1599/1599/1599 1604/1604/1604 1603/1603/1603
f 1600/1600/1600 1597/1597/1597 1601/1601/1601
f 1600/1600/1600 1601/1601/1601 1604/1604/1604
f 1601/1601/1601 1602/1602/1602 1606/1606/1606
f 1601/1601/1601 1606/1606/1606 1605/1605/1605
f 1602/1602/1602 1603/1603/1603 1607/1607/1607
f 1602/1602/1602 1607/1607/1607 1606/1606/1606
f 1603/1603/1603 1604/1604/1604 1608/1608/1608
f 1603/1603/1603 1608/1608/1608 1607/1607/1607
f 1604/1604/1604 1601/1601/1601 1605/1605/1605
f 1604/1604/1604 1605/1605/1605 1608/1608/1608
f 1605/1605/1605 1606/1606/1606 1610/1610/1610
f 1605/1605/1605 1610/1610/1610 1609/1609/1609
f 1606/1606/1606 1607/1607/1607 1611/1611/1611
f 1606/1606/1606 1611/1611/1611 1610/1610/1610
f 1607/1607/1607 1608/1608/1608 1612/1612/1612
f 1607/1607/1607 1612/1612/1612 1611/1611/1611
f 1608/1608/1608 1605/1605/1605 1609/1609/1609
f 1608/1608/1608 1609/1609/1609 1612/1612/1612
f 1609/1609/1609 1610/1610/1610 1614/1614/1614
f 1609/1609/1609 1614/1614/1614 1613/1613/1613
f 1610/1610/1610 1611/1611/1611 1615/1615/1615
f 1610/1610/1610 1615/1615/1615 1614/1614/1614
f 1611/1611/1611 1612/1612/1612 1616/1616/1616
f 1611/1611/1611 1616/1616/1616 1615/1615/1615
f 1612/1612/1612 1609/1609/1609 1613/1613/1613
f 1612/1612/1612 1613/1613/1613 1616/1616/1616
f 1613/1613/1613 1614/1614/1614 1618/1618/1618
f 1613/1613/1613 1618/1618/1618 1617/1617/1617
f 1614/1614/1614 1615/1615/1615 1619/1619/1619
f 1614/1614/1614 1619/1619/1619 1618/1618/1618
f 1615/1615/1615 1616/1616/1616 1620/1620/1620
f 1615/1615/1615 1620/1620/1620 1619/1619/1619
f 1616/1616/1616 1613/1613/1613 1617/1617/1617
f 1616/1616/1616 1617/1617/1617 1620/1620/1620
f 1617/1617/1617 1618/1618/1618 1622/1622/1622
f 1617/1617/1617 1622/1622/1622 1621/1621/1621
f 1618/1618/1618 1619/1619/1619 1623/1623/1623
f 1618/1618/1618 1623/1623/1623 1622/1622/1622
f 1619/1619/1619 1620/1620/1620 1624/1624/1624
f 1619/1619/1619 1624/1624/1624 1623/1623/1623
f 1620/1620/1620 1617/1617/1617 1621/1621/1621
f 1620/1620/1620 1621/1621/1621 1624/1624/1624
f 1621/1621/1621 1622/1622/1622 1626/1626/1626
f 1621/1621/1621 1626/1626/1626 1625/1625/1625
f 1622/1622/1622 1623/1623/1623 1627/1627/1627
f 1622/1622/1622 1627/1627/1627 1626/1626/1626
f 1623/1623/1623 1624/1624/1624 1628/1628/1628
f 1623/1623/1623 1628/1628/1628 1627/1627/1627
f 1624/1624/1624 1621/1621/1621 1625/1625/1625
f 1624/1624/1624 1625/1625/1625 1628/1628/1628
f 1625/1625/1625 1626/1626/1626 1630/1630/1630
f 1625/1625/1625 1630/1630/1630 1629/1629/1629
f 1626/1626/1626 1627/1627/1627 1631/1631/1631
f 1626/1626/1626 1631/1631/1631 1630/1630/1630
f 1627/1627/1627 1628/1628/1628 1632/1632/1632
f 1627/1627/1627 1632/1632/1632 1631/1631/1631
f 1628/1628/1628 1625/1625/1625 1629/1629/1629
f 1628/1628/1628 1629/1629/1629 1632/1632/1632
f 1629/1629/1629 1630/1630/1630 1634/1634/1634
f 1629/1629/1629 1634/1634/1634 1633/1633/1633
f 1630/1630/1630 1631/1631/1631 1635/1635/1635
f 1630/1630/1630 1635/1635/1635 1634/1634/1634
f 1631/1631/1631 1632/1632/1632 1636/1636/1636
f 1631/1631/1631 1636/1636/1636 1635/1635/1635
f 1632/1632/1632 1629/1629/1629 1633/1633/1633
f 1632/1632/1632 1633/1633/1633 1636/1636/1636
f 1633/1633/1633 1634/1634/1634 1638/1638/1638
f 1633/1633/1633 1638/1638/1638 1637/1637/1637
f 1634/1634/1634 1635/1635/1635 1639/1639/1639
f 1634/1634/1634 1639/1639/1639 1638/1638/1638
f 1635/1635/1635 1636/1636/1636 1640/1640/1640
f 1635/1635/1635 1640/1640/1640 1639/1639/1639
f 1636/1636/1636 1633/1633/1633 1637/1637/1637
f 1636/1636/1636 1637/1637/1637 1640/1640/1640
f 1637/1637/1637 1638/1638/1638 1642/1642/1642
f 1637/1637/1637 1642/1642/1642 1641/1641/1641
f 1638/1638/1638 1639/1639/1639 1643/1643/1643
f 1638/1638/1638 1643/1643/1643 1642/1642/1642
f 1639/1639/1639 1640/1640/1640 1644/1644/1644
f 1639/1639/1639 1644/1644/1644 1643/1643/1643
f 1640/1640/1640 1637/1637/1637 1641/1641/1641
f 1640/1640/1640 1641/1641/1641 1644/1644/1644
f 1641/1641/1641 1642/1642/1642 1646/1646/1646
f 1641/1641/1641 1646/1646/1646 1645/1645/1645
f 1642/1642/1642 1643/1643/1643 1647/1647/1647
f 1642/1642/1642 1647/1647/1647 1646/1646/1646
f 1643/1643/1643 1644/1644/1644 1648/1648/1648
f 1643/1643/1643 1648/1648/1648 1647/1647/1647
f 1644/1644/1644 1641/1641/1641 1645/1645/1645
f 1644/1644/1644 1645/1645/1645 1648/1648/1648
f 1645/1645/1645 1646/1646/1646 1650/1650/1650
f 1645/1645/1645 1650/1650/1650 1649/1649/1649
f 1646/1646/1646 1647/1647/1647 1651/1651/1651
f 1646/1646/1646 1651/1651/1651 1650/1650/1650
f 1647/1647/1647 1648/1648/1648 1652/1652/1652
f 1647/1647/1647 1652/1652/1652 1651/1651/1651
f 1648/1648/1648 1645/1645/1645 1649/1649/1649
f 1648/1648/1648 1649/1649/1649 1652/1652/1652
f 1649/1649/1649 1650/1650/1650 1654/1654/1654
f 1649/1649/1649 1654/1654/1654 1653/1653/1653
f 1650/1650/1650 1651/1651/1651 1655/1655/1655
f 1650/1650/1650 1655/1655/1655 1654/1654/1654
f 1651/1651/1651 1652/1652/1652 1656/1656/1656
f 1651/1651/1651 1656/1656/1656 1655/1655/1655
f 1652/1652/1652 1649/1649/1649 1653/1653/1653
f 1652/1652/1652 1653/1653/1653 1656/1656/1656
f 1653/1653/1653 1654/1654/1654 1658/1658/1658
f 1653/1653/1653 1658/1658/1658 1657/1657/1657
f 1654/1654/1654 1655/1655/1655 1659/1659/1659
f 1654/1654/1654 1659/1659/1659 1658/1658/1658
f 1655/1655/1655 1656/1656/1656 1660/1660/1660
f 1655/1655/1655 1660/1660/1660 1659/1659/1659
f 1656/1656/1656 1653/1653/1653 1657/1657/1657
f 1656/1656/1656 1657/1657/1657 1660/1660/1660
f 1657/1657/1657 1658/1658/1658 1662/1662/1662
f 1657/1657/1657 1662/1662/1662 1661/1661/1661
f 1658/1658/1658 1659/1659/1659 1663/1663/1663
f 1658/1658/1658 1663/1663/1663 1662/1662/1662
f 1659/1659/1659 1660/1660/1660 1664/1664/1664
f 1659/1659/1659 1664/1664/1664 1663/1663/1663
f 1660/1660/1660 1657/1657/1657 1661/1661/1661
f 1660/1660/1660 1661/1661/1661 1664/1664/1664
f 1661/1661/1661 1662/1662/1662 1666/1666/1666
f 1661/1661/1661 1666/1666/1666 1665/1665/1665
f 1662/1662/1662 1663/1663/1663 1667/1667/1667
f 1662/1662/1662 1667/1667/1667 1666/1666/1666
f 1663/1663/1663 1664/1664/1664 1668/1668/1668
f 1663/1663/1663 1668/1668/1668 1667/1667/1667
f 1664/1664/1664 1661/1661/1661 1665/1665/1665
f 1664/1664/1664 1665/1665/1665 1668/1668/1668
f 1665/1665/1665 1666/1666/1666 1670/1670/1670
f 1665/1665/1665 1670/1670/1670 1669/1669/1669
f 1666/1666/1666 1667/1667/1667 1671/1671/1671
f 1666/1666/1666 1671/1671/1671 1670/1670/1670
f 1667/1667/1667 1668/1668/1668 1672/1672/1672
f 1667/1667/1667 1672/1672/1672 1671/1671/1671
f 1668/1668/1668 1665/1665/1665 1669/1669/1669
f 1668/1668/1668 1669/1669/1669 1672/1672/1672
f 1669/1669/1669 1670/1670/1670 1674/1674/1674
f 1669/1669/1669 1674/1674/1674 1673/1673/1673
f 1670/1670/1670 1671/1671/1671 1675/1675/1675
f 1670/1670/1670 1675/1675/1675 1674/1674/1674
f 1671/1671/1671 1672/1672/1672 1676/1676/1676
f 1671/1671/1671 1676/1676/1676 1675/1675/1675
f 1672/1672/1672 1669/1669/1669 1673/1673/1673
f 1672/1672/1672 1673/1673/1673 1676/1676/1676
f 1673/1673/1673 1674/1674/1674 1678/1678/1678
f 1673/1673/1673 1678/1678/1678 1677/1677/1677
f 1674/1674/1674 1675/1675/1675 1679/1679/1679
f 1674/1674/1674 1679/1679/1679 1678/1678/1678
f 1675/1675/1675 1676/1676/1676 1680/1680/1680
f 1675/1675/1675 1680/1680/1680 1679/1679/1679
f 1676/1676/1676 1673/1673/1673 1677/1677/1677
f 1676/1676/1676 1677/1677/1677 1680/1680/1680
f 1501/1501/1501 1503/1503/1503 1502/1502/1502
f 1501/1501/1501 1504/1504/1504 1503/1503/1503
f 1677/1677/1677 1678/1678/1678 1679/1679/1679
f 1677/1677/1677 1679/1679/1679 1680/1680/1680
f 1681/1681/1681 1682/1682/1682 1686/1686/1686
f 1681/1681/1681 1686/1686/1686 1685/1685/1685
f 1682/1682/1682 1683/1683/1683 1687/1687/1687
f 1682/1682/1682 1687/1687/1687 1686/1686/1686
f 1683/1683/1683 1684/1684/1684 1688/1688/1688
f 1683/1683/1683 1688/1688/1688 1687/1687/1687
f 1684/1684/1684 1681/1681/1681 1685/1685/1685
f 1684/1684/1684 1685/1685/1685 1688/1688/1688
f 1685/1685/1685 1686/1686/1686 1690/1690/1690
f 1685/1685/1685 1690/1690/1690 1689/1689/1689
f 1686/1686/1686 1687/1687/1687 1691/1691/1691
f 1686/1686/1686 1691/1691/1691 1690/1690/1690
f 1687/1687/1687 1688/1688/1688 1692/1692/1692
f 1687/1687/1687 1692/1692/1692 1691/1691/1691
f 1688/1688/1688 1685/1685/1685 1689/1689/1689
f 1688/1688/1688 1689/1689/1689 1692/1692/1692
f 1689/1689/1689 1690/1690/1690 1694/1694/1694
f 1689/1689/1689 1694/1694/1694 1693/1693/1693
f 1690/1690/1690 1691/1691/1691 1695/1695/1695
f 1690/1690/1690 1695/1695/1695 1694/1694/1694
f 1691/1691/1691 1692/1692/1692 1696/1696/1696
f 1691/1691/1691 1696/1696/1696 1695/1695/1695
f 1692/1692/1692 1689/1689/1689 1693/1693/1693
f 1692/1692/1692 1693/1693/1693 1696/1696/1696
f 1693/1693/1693 1694/1694/1694 1698/1698/1698
f 1693/1693/1693 1698/1698/1698 1697/1697/1697
f 1694/1694/1694 1695/1695/1695 1699/1699/1699
f 1694/1694/1694 1699/1699/1699 1698/1698/1698
f 1695/1695/1695 1696/1696/1696 1700/1700/1700
f 1695/1695/1695 1700/1700/1700 1699/1699/1699
f 1696/1696/1696 1693/1693/1693 1697/1697/1697
f 1696/1696/1696 1697/1697/1697 1700/1700/1700
f 1697/1697/1697 1698/1698/1698 1702/1702/1702
f 1697/1697/1697 1702/1702/1702 1701/1701/1701
f 1698/1698/1698 1699/1699/1699 1703/1703/1703
f 1698/1698/1698 1703/1703/1703 1702/1702/1702
f 1699/1699/1699 1700/1700/1700 1704/1704/1704
f 1699/1699/1699 1704/1704/1704 1703/1703/1703
f 1700/1700/1700 1697/1697/1697 1701/1701/1701
f 1700/1700/1700 1701/1701/1701 1704/1704/1704
f 1701/1701/1701 1702/1702/1702 1706/1706/1706
f 1701/1701/1701 1706/1706/1706 1705/1705/1705
f 1702/1702/1702 1703/1703/1703 1707/1707/1707
f 1702/1702/1702 1707/1707/1707 1706/1706/1706
f 1703/1703/1703 1704/1704/1704 1708/1708/1708
f 1703/1703/1703 1708/1708/1708 1707/1707/1707
f 1704/1704/1704 1701/1701/1701 1705/1705/1705
f 1704/1704/1704 1705/1705/1705 1708/1708/1708
f 1705/1705/1705 1706/1706/1706 1710/1710/1710
f 1705/1705/1705 1710/1710/1710 1709/1709/1709
f 1706/1706/1706 1707/1707/1707 1711/1711/1711
f 1706/1706/1706 1711/1711/1711 1710/1710/1710
f 1707/1707/1707 1708/1708/1708 1712/1712/1712
f 1707/1707/1707 1712/1712/1712 1711/1711/1711
f 1708/1708/1708 1705/1705/1705 1709/1709/1709
f 1708/1708/1708 1709/1709/1709 1712/1712/1712
f 1709/1709/1709 1710/1710/1710 1714/1714/1714
f 1709/1709/1709 1714/1714/1714 1713/1713/1713
f 1710/1710/1710 1711/1711/1711 1715/1715/1715
f 1710/1710/1710 1715/1715/1715 1714/1714/1714
f 1711/1711/1711 1712/1712/1712 1716/1716/1716
f 1711/1711/1711 1716/1716/1716 1715/1715/1715
f 1712/1712/1712 1709/1709/1709 1713/1713/1713
f 1712/1712/1712 1713/1713/1713 1716/1716/1716
f 1713/1713/1713 1714/1714/1714 1718/1718/1718
f 1713/1713/1713 1718/1718/1718 1717/1717/1717
f 1714/1714/1714 1715/1715/1715 1719/1719/1719
f 1714/1714/1714 1719/1719/1719 1718/1718/1718
f 1715/1715/1715 1716/1716/1716 1720/1720/1720
f 1715/1715/1715 1720/1720/1720 1719/1719/1719
f 1716/1716/1716 1713/1713/1713 1717/1717/1717
f 1716/1716/1716 1717/1717/1717 1720/1720/1720
f 1717/1717/1717 1718/1718/1718 1722/1722/1722
f 1717/1717/1717 1722/1722/1722 1721/1721/1721
f 1718/1718/1718 1719/1719/1719 1723/1723/1723
f 1718/1718/1718 1723/1723/1723 1722/1722/1722
f 1719/1719/1719 1720/1720/1720 1724/1724/1724
f 1719/1719/1719 1724/1724/1724 1723/1723/1723
f 1720/1720/1720 1717/1717/1717 1721/1721/1721
f 1720/1720/1720 1721/1721/1721 1724/1724/1724
f 1721/1721/1721 1722/1722/1722 1726/1726/1726
f 1721/1721/1721 1726/1726/1726 1725/1725/1725
f 1722/1722/1722 1723/1723/1723 1727/1727/1727
f 1722/1722/1722 1727/1727/1727 1726/1726/1726
f 1723/1723/1723 1724/1724/1724 1728/1728/1728
f 1723/1723/1723 1728/1728/1728 1727/1727/1727
f 1724/1724/1724 1721/1721/1721 1725/1725/1725
f 1724/1724/1724 1725/1725/1725 1728/1728/1728
f 1725/1725/1725 1726/1726/1726 1730/1730/1730
f 1725/1725/1725 1730/1730/1730 1729/1729/1729
f 1726/1726/1726 1727/1727/1727 1731/1731/1731
f 1726/1726/1726 1731/1731/1731 1730/1730/1730
f 1727/1727/1727 1728/1728/1728 1732/1732/1732
f 1727/1727/1727 1732/1732/1732 1731/1731/1731
f 1728/1728/1728 1725/1725/1725 1729/1729/1729
f 1728/1728/1728 1729/1729/1729 1732/1732/1732
f 1729/1729/1729 1730/1730/1730 1734/1734/1734
f 1729/1729/1729 1734/1734/1734 1733/1733/1733
f 1730/1730/1730 1731/1731/1731 1735/1735/1735
f 1730/1730/1730 1735/1735/1735 1734/1734/1734
f 1731/1731/1731 1732/1732/1732 1736/1736/1736
f 1731/1731/1731 1736/1736/1736 1735/1735/1735
f 1732/1732/1732 1729/1729/1729 1733/1733/1733
f 1732/1732/1732 1733/1733/1733 1736/1736/1736
f 1733/1733/1733 1734/1734/1734 1738/1738/1738
f 1733/1733/1733 1738/1738/1738 1737/1737/1737
f 1734/1734/1734 1735/1735/1735 1739/1739/1739
f 1734/1734/1734 1739/1739/1739 1738/1738/1738
f 1735/1735/1735 1736/1736/1736 1740/1740/1740
f 1735/1735/1735 1740/1740/1740 1739/1739/1739
f 1736/1736/1736 1733/1733/1733 1737/1737/1737
f 1736/1736/1736 1737/1737/1737 1740/1740/1740
f 1737/1737/1737 1738/1738/1738 1742/1742/1742
f 1737/1737/1737 1742/1742/1742 1741/1741/1741
f 1738/1738/1738 1739/1739/1739 1743/1743/1743
f 1738/1738/1738 1743/1743/1743 1742/1742/1742
f 1739/1739/1739 1740/1740/1740 1744/1744/1744
f 1739/1739/1739 1744/1744/1744 1743/1743/1743
f 1740/1740/1740 1737/1737/1737 1741/1741/1741
f 1740/1740/1740 1741/1741/1741 1744/1744/1744
f 1741/1741/1741 1742/1742/1742 1746/1746/1746
f 1741/1741/1741 1746/1746/1746 1745/1745/1745
f 1742/1742/1742 1743/1743/1743 1747/1747/1747
f 1742/1742/1742 1747/1747/1747 1746/1746/1746
f 1743/1743/1743 1744/1744/1744 1748/1748/1748
f 1743/1743/1743 1748/1748/1748 1747/1747/1747
f 1744/1744/1744 1741/1741/1741 1745/1745/1745
f 1744/1744/1744 1745/1745/1745 1748/1748/1748
f 1745/1745/1745 1746/1746/1746 1750/1750/1750
f 1745/1745/1745 1750/1750/1750 1749/1749/1749
f 1746/1746/1746 1747/1747/1747 1751/1751/1751
f 1746/1746/1746 1751/1751/1751 1750/1750/1750
f 1747/1747/1747 1748/1748/1748 1752/1752/1752
f 1747/1747/1747 1752/1752/1752 1751/1751/1751
f 1748/1748/1748 1745/1745/1745 1749/1749/1749
f 1748/1748/1748 1749/1749/1749 1752/1752/1752
f 1749/1749/1749 1750/1750/1750 1754/1754/1754
f 1749/1749/1749 1754/1754/1754 1753/1753/1753
f 1750/1750/1750 1751/1751/1751 1755/1755/1755
f 1750/1750/1750 1755/1755/1755 1754/1754/1754
f 1751/1751/1751 1752/1752/1752 1756/1756/1756
f 1751/1751/1751 1756/1756/1756 1755/1755/1755
f 1752/1752/1752 1749/1749/1749 1753/1753/1753
f 1752/1752/1752 1753/1753/1753 1756/1756/1756
f 1753/1753/1753 1754/1754/1754 1758/1758/1758
f 1753/1753/1753 1758/1758/1758 1757/1757/1757
f 1754/1754/1754 1755/1755/1755 1759/1759/1759
f 1754/1754/1754 1759/1759/1759 1758/1758/1758
f 1755/1755/1755 1756/1756/1756 1760/1760/1760
f 1755/1755/1755 1760/1760/1760 1759/1759/1759
f 1756/1756/1756 1753/1753/1753 1757/1757/1757
f 1756/1756/1756 1757/1757/1757 1760/1760/1760
f 1757/1757/1757 1758/1758/1758 1762/1762/1762
f 1757/1757/1757 1762/1762/1762 1761/1761/1761
f 1758/1758/1758 1759/1759/1759 1763/1763/1763
f 1758/1758/1758 1763/1763/1763 1762/1762/1762
f 1759/1759/1759 1760/1760/1760 1764/1764/1764
f 1759/1759/1759 1764/1764/1764 1763/1763/1763
f 1760/1760/1760 1757/1757/1757 1761/1761/1761
f 1760/1760/1760 1761/1761/1761 1764/1764/1764
f 1761/1761/1761 1762/1762/1762 1766/1766/1766
f 1761/1761/1761 1766/1766/1766 1765/1765/1765
f 1762/1762/1762 1763/1763/1763 1767/1767/1767
f 1762/1762/1762 1767/1767/1767 1766/1766/1766
f 1763/1763/1763 1764/1764/1764 1768/1768/1768
f 1763/1763/1763 1768/1768/1768 1767/1767/1767
f 1764/1764/1764 1761/1761/1761 1765/1765/1765
f 1764/1764/1764 1765/1765/1765 1768/1768/1768
f 1765/1765/1765 1766/1766/1766 1770/1770/1770
f 1765/1765/1765 1770/1770/1770 1769/1769/1769
f 1766/1766/1766 1767/1767/1767 1771/1771/1771
f 1766/1766/1766 1771/1771/1771 1770/1770/1770
f 1767/1767/1767 1768/1768/1768 1772/1772/1772
f 1767/1767/1767 1772/1772/1772 1771/1771/1771
f 1768/1768/1768 1765/1765/1765 1769/1769/1769
f 1768/1768/1768 1769/1769/1769 1772/1772/1772
f 1769/1769/1769 1770/1770/1770 1774/1774/1774
f 1769/1769/1769 1774/1774/1774 1773/1773/1773
f 1770/1770/1770 1771/1771/1771 1775/1775/1775
f 1770/1770/1770 1775/1775/1775 1774/1774/1774
f 1771/1771/1771 1772/1772/1772 1776/1776/1776
f 1771/1771/1771 1776/1776/1776 1775/1775/1775
f 1772/1772/1772 1769/1769/1769 1773/1773/1773
f 1772/1772/1772 1773/1773/1773 1776/1776/1776
f 1773/1773/1773 1774/1774/1774 1778/1778/1778
f 1773/1773/1773 1778/1778/1778 1777/1777/1777
f 1774/1774/1774 1775/1775/1775 1779/1779/1779
f 1774/1774/1774 1779/1779/1779 1778/1778/1778
f 1775/1775/1775 1776/1776/1776 1780/1780/1780
f 1775/1775/1775 1780/1780/1780 1779/1779/1779
f 1776/1776/1776 1773/1773/1773 1777/1777/1777
f 1776/1776/1776 1777/1777/1777 1780/1780/1780
f 1777/1777/1777 1778/1778/1778 1782/1782/1782
f 1777/1777/1777 1782/1782/1782 1781/1781/1781
f 1778/1778/1778 1779/1779/1779 1783/1783/1783
f 1778/1778/1778 1783/1783/1783 1782/1782/1782
f 1779/1779/1779 1780/1780/1780 1784/1784/1784
f 1779/1779/1779 1784/1784/1784 1783/1783/1783
f 1780/1780/1780 1777/1777/1777 1781/1781/1781
f 1780/1780/1780 1781/1781/1781 1784/1784/1784
f 1781/1781/1781 1782/1782/1782 1786/1786/1786
f 1781/1781/1781 1786/1786/1786 1785/1785/1785
f 1782/1782/1782 1783/1783/1783 1787/1787/1787
f 1782/1782/1782 1787/1787/1787 1786/1786/1786
f 1783/1783/1783 1784/1784/1784 1788/1788/1788
f 1783/1783/1783 1788/1788/1788 1787/1787/1787
f 1784/1784/1784 1781/1781/1781 1785/1785/1785
f 1784/1784/1784 1785/1785/1785 1788/1788/1788
f 1785/1785/1785 1786/1786/1786 1790/1790/1790
f 1785/1785/1785 1790/1790/1790 1789/1789/1789
f 1786/1786/1786 1787/1787/1787 1791/1791/1791
f 1786/1786/1786 1791/1791/1791 1790/1790/1790
f 1787/1787/1787 1788/1788/1788 1792/1792/1792
f 1787/1787/1787 1792/1792/1792 1791/1791/1791
f 1788/1788/1788 1785/1785/1785 1789/1789/1789
f 1788/1788/1788 1789/1789/1789 1792/1792/1792
f 1789/1789/1789 1790/1790/1790 1794/1794/1794
f 1789/1789/1789 1794/1794/1794 1793/1793/1793
f 1790/1790/1790 1791/1791/1791 1795/1795/1795
f 1790/1790/1790 1795/1795/1795 1794/1794/1794
f 1791/1791/1791 1792/1792/1792 1796/1796/1796
f 1791/1791/1791 1796/1796/1796 1795/1795/1795
f 1792/1792/1792 1789/1789/1789 1793/1793/1793
f 1792/1792/1792 1793/1793/1793 1796/1796/1796
f 1793/1793/1793 1794/1794/1794 1798/1798/1798
f 1793/1793/1793 1798/1798/1798 1797/1797/1797
f 1794/1794/1794 1795/1795/1795 1799/1799/1799
f 1794/1794/1794 1799/1799/1799 1798/1798/1798
f 1795/1795/1795 1796/1796/1796 1800/1800/1800
f 1795/1795/1795 1800/1800/1800 1799/1799/1799
f 1796/1796/1796 1793/1793/1793 1797/1797/1797
f 1796/1796/1796 1797/1797/1797 1800/1800/1800
f 1797/1797/1797 1798/1798/1798 1802/1802/1802
f 1797/1797/1797 1802/1802/1802 1801/1801/1801
f 1798/1798/1798 1799/1799/1799 1803/1803/1803
f 1798/1798/1798 1803/1803/1803 1802/1802/1802
f 1799/1799/1799 1800/1800/1800 1804/1804/1804
f 1799/1799/1799 1804/1804/1804 1803/1803/1803
f 1800/1800/1800 1797/1797/1797 1801/1801/1801
f 1800/1800/1800 1801/1801/1801 1804/1804/1804
f 1801/1801/1801 1802/1802/1802 1806/1806/1806
f 1801/1801/1801 1806/1806/1806 1805/1805/1805
f 1802/1802/1802 1803/1803/1803 1807/1807/1807
f 1802/1802/1802 1807/1807/1807 1806/1806/1806
f 1803/1803/1803 1804/1804/1804 1808/1808/1808
f 1803/1803/1803 1808/1808/1808 1807/1807/1807
f 1804/1804/1804 1801/1801/1801 1805/1805/1805
f 1804/1804/1804 1805/1805/1805 1808/1808/1808
f 1805/1805/1805 1806/1806/1806 1810/1810/1810
f 1805/1805/1805 1810/1810/1810 1809/1809/1809
f 1806/1806/1806 1807/1807/1807 1811/1811/1811
f 1806/1806/1806 1811/1811/1811 1810/1810/1810
f 1807/1807/1807 1808/1808/1808 1812/1812/1812
f 1807/1807/1807 1812/1812/1812 1811/1811/1811
f 1808/1808/1808 1805/1805/1805 1809/1809/1809
f 1808/1808/1808 1809/1809/1809 1812/1812/1812
f 1809/1809/1809 1810/1810/1810 1814/1814/1814
f 1809/1809/1809 1814/1814/1814 1813/1813/1813
f 1810/1810/1810 1811/1811/1811 1815/1815/1815
f 1810/1810/1810 1815/1815/1815 1814/1814/1814
f 1811/1811/1811 1812/1812/1812 1816/1816/1816
f 1811/1811/1811 1816/1816/1816 1815/1815/1815
f 1812/1812/1812 1809/1809/1809 1813/1813/1813
f 1812/1812/1812 1813/1813/1813 1816/1816/1816
f 1813/1813/1813 1814/1814/1814 1818/1818/1818
f 1813/1813/1813 1818/1818/1818 1817/1817/1817
f 1814/1814/1814 1815/1815/1815 1819/1819/1819
f 1814/1814/1814 1819/1819/1819 1818/1818/1818
f 1815/1815/1815 1816/1816/1816 1820/1820/1820
f 1815/1815/1815 1820/1820/1820 1819/1819/1819
f 1816/1816/1816 1813/1813/1813 1817/1817/1817
f 1816/1816/1816 1817/1817/1817 1820/1820/1820
f 1817/1817/1817 1818/1818/1818 1822/1822/1822
f 1817/1817/1817 1822/1822/1822 1821/1821/1821
f 1818/1818/1818 1819/1819/1819 1823/1823/1823
f 1818/1818/1818 1823/1823/1823 1822/1822/1822
f 1819/1819/1819 1820/1820/1820 1824/1824/1824
f 1819/1819/1819 1824/1824/1824 1823/1823/1823
f 1820/1820/1820 1817/1817/1817 1821/1821/1821
f 1820/1820/1820 1821/1821/1821 1824/1824/1824
f 1821/1821/1821 1822/1822/1822 1826/1826/1826
f 1821/1821/1821 1826/1826/1826 1825/1825/1825
f 1822/1822/1822 1823/1823/1823 1827/1827/1827
f 1822/1822/1822 1827/1827/1827 1826/1826/1826
f 1823/1823/1823 1824/1824/1824 1828/1828/1828
f 1823/1823/1823 1828/1828/1828 1827/1827/1827
f 1824/1824/1824 1821/1821/1821 1825/1825/1825
f 1824/1824/1824 1825/1825/1825 1828/1828/1828
f 1825/1825/1825 1826/1826/1826 1830/1830/1830
f 1825/1825/1825 1830/1830/1830 1829/1829/1829
f 1826/1826/1826 1827/1827/1827 1831/1831/1831
f 1826/1826/1826 1831/1831/1831 1830/1830/1830
f 1827/1827/1827 1828/1828/1828 1832/1832/1832
f 1827/1827/1827 1832/1832/1832 1831/1831/1831
f 1828/1828/1828 1825/1825/1825 1829/1829/1829
f 1828/1828/1828 1829/1829/1829 1832/1832/1832
f 1829/1829/1829 1830/1830/1830 1834/1834/1834
f 1829/1829/1829 1834/1834/1834 1833/1833/1833
f 1830/1830/1830 1831/1831/1831 1835/1835/1835
f 1830/1830/1830 1835/1835/1835 1834/1834/1834
f 1831/1831/1831 1832/1832/1832 1836/1836/1836
f 1831/1831/1831 1836/1836/1836 1835/1835/1835
f 1832/1832/1832 1829/1829/1829 1833/1833/1833
f 1832/1832/1832 1833/1833/1833 1836/1836/1836
f 1833/1833/1833 1834/1834/1834 1838/1838/1838
f 1833/1833/1833 1838/1838/1838 1837/1837/1837
f 1834/1834/1834 1835/1835/1835 1839/1839/1839
f 1834/1834/1834 1839/1839/1839 1838/1838/1838
f 1835/1835/1835 1836/1836/1836 1840/1840/1840
f 1835/1835/1835 1840/1840/1840 1839/1839/1839
f 1836/1836/1836 1833/1833/1833 1837/1837/1837
f 1836/1836/1836 1837/1837/1837 1840/1840/1840
f 1837/1837/1837 1838/1838/1838 1842/1842/1842
f 1837/1837/1837 1842/1842/1842 1841/1841/1841
f 1838/1838/1838 1839/1839/1839 1843/1843/1843
f 1838/1838/1838 1843/1843/1843 1842/1842/1842
f 1839/1839/1839 1840/1840/1840 1844/1844/1844
f 1839/1839/1839 1844/1844/1844 1843/1843/1843
f 1840/1840/1840 1837/1837/1837 1841/1841/1841
f 1840/1840/1840 1841/1841/1841 1844/1844/1844
f 1841/1841/1841 1842/1842/1842 1846/1846/1846
f 1841/1841/1841 1846/1846/1846 1845/1845/1845
f 1842/1842/1842 1843/1843/1843 1847/1847/1847
f 1842/1842/1842 1847/1847/1847 1846/1846/1846
f 1843/1843/1843 1844/1844/1844 1848/1848/1848
f 1843/1843/1843 1848/1848/1848 1847/1847/1847
f 1844/1844/1844 1841/1841/1841 1845/1845/1845
f 1844/1844/1844 1845/1845/1845 1848/1848/1848
f 1845/1845/1845 1846/1846/1846 1850/1850/1850
f 1845/1845/1845 1850/1850/1850 1849/1849/1849
f 1846/1846/1846 1847/1847/1847 1851/1851/1851
f 1846/1846/1846 1851/1851/1851 1850/1850/1850
f 1847/1847/1847 1848/1848/1848 1852/1852/1852
f 1847/1847/1847 1852/1852/1852 1851/1851/1851
f 1848/1848/1848 1845/1845/1845 1849/1849/1849
f 1848/1848/1848 1849/1849/1849 1852/1852/1852
f 1849/1849/1849 1850/1850/1850 1854/1854/1854
f 1849/1849/1849 1854/1854/1854 1853/1853/1853
f 1850/1850/1850 1851/1851/1851 1855/1855/1855
f 1850/1850/1850 1855/1855/1855 1854/1854/1854
f 1851/1851/1851 1852/1852/1852 1856/1856/1856
f 1851/1851/1851 1856/1856/1856 1855/1855/1855
f 1852/1852/1852 1849/1849/1849 1853/1853/1853
f 1852/1852/1852 1853/1853/1853 1856/1856/1856
f 1853/1853/1853 1854/1854/1854 1858/1858/1858
f 1853/1853/1853 1858/1858/1858 1857/1857/1857
f 1854/1854/1854 1855/1855/1855 1859/1859/1859
f 1854/1854/1854 1859/1859/1859 1858/1858/1858
f 1855/1855/1855 1856/1856/1856 1860/1860/1860
f 1855/1855/1855 1860/1860/1860 1859/1859/1859
f 1856/1856/1856 1853/1853/1853 1857/1857/1857
f 1856/1856/1856 1857/1857/1857 1860/1860/1860
f 1681/1681/1681 1683/1683/1683 1682/1682/1682
f 1681/1681/1681 1684/1684/1684 1683/1683/1683
f 1857/1857/1857 1858/1858/1858 1859/1859/1859
f 1857/1857/1857 1859/1859/1859 1860/1860/1860
f 1861/1861/1861 1862/1862/1862 1866/1866/1866
f 1861/1861/1861 1866/1866/1866 1865/1865/1865
f 1862/1862/1862 1863/1863/1863 1867/1867/1867
f 1862/1862/1862 1867/1867/1867 1866/1866/1866
f 1863/1863/1863 1864/1864/1864 1868/1868/1868
f 1863/1863/1863 1868/1868/1868 1867/1867/1867
f 1864/1864/1864 1861/1861/1861 1865/1865/1865
f 1864/1864/1864 1865/1865/1865 1868/1868/1868
f 1865/1865/1865 1866/1866/1866 1870/1870/1870
f 1865/1865/1865 1870/1870/1870 1869/1869/1869
f 1866/1866/1866 1867/1867/1867 1871/1871/1871
f 1866/1866/1866 1871/1871/1871 1870/1870/1870
f 1867/1867/1867 1868/1868/1868 1872/1872/1872
f 1867/1867/1867 1872/1872/1872 1871/1871/1871
f 1868/1868/1868 1865/1865/1865 1869/1869/1869
f 1868/1868/1868 1869/1869/1869 1872/1872/1872
f 1869/1869/1869 1870/1870/1870 1874/1874/1874
f 1869/1869/1869 1874/1874/1874 1873/1873/1873
f 1870/1870/1870 1871/1871/1871 1875/1875/1875
f 1870/1870/1870 1875/1875/1875 1874/1874/1874
f 1871/1871/1871 1872/1872/1872 1876/1876/1876
f 1871/1871/1871 1876/1876/1876 1875/1875/1875
f 1872/1872/1872 1869/1869/1869 1873/1873/1873
f 1872/1872/1872 1873/1873/1873 1876/1876/1876
f 1873/1873/1873 1874/1874/1874 1878/1878/1878
f 1873/1873/1873 1878/1878/1878 1877/1877/1877
f 1874/1874/1874 1875/1875/1875 1879/1879/1879
f 1874/1874/1874 1879/1879/1879 1878/1878/1878
f 1875/1875/1875 1876/1876/1876 1880/1880/1880
f 1875/1875/1875 1880/1880/1880 1879/1879/1879
f 1876/1876/1876 1873/1873/1873 1877/1877/1877
f 1876/1876/1876 1877/1877/1877 1880/1880/1880
f 1877/1877/1877 1878/1878/1878 1882/1882/1882
f 1877/1877/1877 1882/1882/1882 1881/1881/1881
f 1878/1878/1878 1879/1879/1879 1883/1883/1883
f 1878/1878/1878 1883/1883/1883 1882/1882/1882
f 1879/1879/1879 1880/1880/1880 1884/1884/1884
f 1879/1879/1879 1884/1884/1884 1883/1883/1883
f 1880/1880/1880 1877/1877/1877 1881/1881/1881
f 1880/1880/1880 1881/1881/1881 1884/1884/1884
f 1881/1881/1881 1882/1882/1882 1886/1886/1886
f 1881/1881/1881 1886/1886/1886 1885/1885/1885
f 1882/1882/1882 1883/1883/1883 1887/1887/1887
f 1882/1882/1882 1887/1887/1887 1886/1886/1886
f 1883/1883/1883 1884/1884/1884 1888/1888/1888
f 1883/1883/1883 1888/1888/1888 1887/1887/1887
f 1884/1884/1884 1881/1881/1881 1885/1885/1885
f 1884/1884/1884 1885/1885/1885 1888/1888/1888
f 1885/1885/1885 1886/1886/1886 1890/1890/1890
f 1885/1885/1885 1890/1890/1890 1889/1889/1889
f 1886/1886/1886 1887/1887/1887 1891/1891/1891
f 1886/1886/1886 1891/1891/1891 1890/1890/1890
f 1887/1887/1887 1888/1888/1888 1892/1892/1892
f 1887/1887/1887 1892/1892/1892 1891/1891/1891
f 1888/1888/1888 1885/1885/1885 1889/1889/1889
f 1888/1888/1888 1889/1889/1889 1892/1892/1892
f 1889/1889/1889 1890/1890/1890 1894/1894/1894
f 1889/1889/1889 1894/1894/1894 1893/1893/1893
f 1890/1890/1890 1891/1891/1891 1895/1895/1895
f 1890/1890/1890 1895/1895/1895 1894/1894/1894
f 1891/1891/1891 1892/1892/1892 1896/1896/1896
f 1891/1891/1891 1896/1896/1896 1895/1895/1895
f 1892/1892/1892 1889/1889/1889 1893/1893/1893
f 1892/1892/1892 1893/1893/1893 1896/1896/1896
f 1893/1893/1893 1894/1894/1894 1898/1898/1898
f 1893/1893/1893 1898/1898/1898 1897/1897/1897
f 1894/1894/1894 1895/1895/1895 1899/1899/1899
f 1894/1894/1894 1899/1899/1899 1898/1898/1898
f 1895/1895/1895 1896/1896/1896 1900/1900/1900
f 1895/1895/1895 1900/1900/1900 1899/1899/1899
f 1896/1896/1896 1893/1893/1893 1897/1897/1897
f 1896/1896/1896 1897/1897/1897 1900/1900/1900
f 1897/1897/1897 1898/1898/1898 1902/1902/1902
f 1897/1897/1897 1902/1902/1902 1901/1901/1901
f 1898/1898/1898 1899/1899/1899 1903/1903/1903
f 1898/1898/1898 1903/1903/1903 1902/1902/1902
f 1899/1899/1899 1900/1900/1900 1904/1904/1904
f 1899/1899/1899 1904/1904/1904 1903/1903/1903
f 1900/1900/1900 1897/1897/1897 1901/1901/1901
f 1900/1900/1900 1901/1901/1901 1904/1904/1904
f 1901/1901/1901 1902/1902/1902 1906/1906/1906
f 1901/1901/1901 1906/1906/1906 1905/1905/1905
f 1902/1902/1902 1903/1903/1903 1907/1907/1907
f 1902/1902/1902 1907/1907/1907 1906/1906/1906
f 1903/1903/1903 1904/1904/1904 1908/1908/1908
f 1903/1903/1903 1908/1908/1908 1907/1907/1907
f 1904/1904/1904 1901/1901/1901 1905/1905/1905
f 1904/1904/1904 1905/1905/1905 1908/1908/1908
f 1905/1905/1905 1906/1906/1906 1910/1910/1910
f 1905/1905/1905 1910/1910/1910 1909/1909/1909
f 1906/1906/1906 1907/1907/1907 1911/1911/1911
f 1906/1906/1906 1911/1911/1911 1910/1910/1910
f 1907/1907/1907 1908/1908/1908 1912/1912/1912
f 1907/1907/1907 1912/1912/1912 1911/1911/1911
f 1908/1908/1908 1905/1905/1905 1909/1909/1909
f 1908/1908/1908 1909/1909/1909 1912/1912/1912
f 1909/1909/1909 1910/1910/1910 1914/1914/1914
f 1909/1909/1909 1914/1914/1914 1913/1913/1913
f 1910/1910/1910 1911/1911/1911 1915/1915/1915
f 1910/1910/1910 1915/1915/1915 1914/1914/1914
f 1911/1911/1911 1912/1912/1912 1916/1916/1916
f 1911/1911/1911 1916/1916/1916 1915/1915/1915
f 1912/1912/1912 1909/1909/1909 1913/1913/1913
f 1912/1912/1912 1913/1913/1913 1916/1916/1916
f 1913/1913/1913 1914/1914/1914 1918/1918/1918
f 1913/1913/1913 1918/1918/1918 1917/1917/1917
f 1914/1914/1914 1915/1915/1915 1919/1919/1919
f 1914/1914/1914 1919/1919/1919 1918/1918/1918
f 1915/1915/1915 1916/1916/1916 1920/1920/1920
f 1915/1915/1915 1920/1920/1920 1919/1919/1919
f 1916/1916/1916 1913/1913/1913 1917/1917/1917
f 1916/1916/1916 1917/1917/1917 1920/1920/1920
f 1917/1917/1917 1918/1918/1918 1922/1922/1922
f 1917/1917/1917 1922/1922/1922 1921/1921/1921
f 1918/1918/1918 1919/1919/1919 1923/1923/1923
f 1918/1918/1918 1923/1923/1923 1922/1922/1922
f 1919/1919/1919 1920/1920/1920 1924/1924/1924
f 1919/1919/1919 1924/1924/1924 1923/1923/1923
f 1920/1920/1920 1917/1917/1917 1921/1921/1921
f 1920/1920/1920 1921/1921/1921 1924/1924/1924
f 1921/1921/1921 1922/1922/1922 1926/1926/1926
f 1921/1921/1921 1926/1926/1926 1925/1925/1925
f 1922/1922/1922 1923/1923/1923 1927/1927/1927
f 1922/1922/1922 1927/1927/1927 1926/1926/1926
f 1923/1923/1923 1924/1924/1924 1928/1928/1928
f 1923/1923/1923 1928/1928/1928 1927/1927/1927
f 1924/1924/1924 1921/1921/1921 1925/1925/1925
f 1924/1924/1924 1925/1925/1925 1928/1928/1928
f 1925/1925/1925 1926/1926/1926 1930/1930/1930
f 1925/1925/1925 1930/1930/1930 1929/1929/1929
f 1926/1926/1926 1927/1927/1927 1931/1931/1931
f 1926/1926/1926 1931/1931/1931 1930/1930/1930
f 1927/1927/1927 1928/1928/1928 1932/1932/1932
f 1927/1927/1927 1932/1932/1932 1931/1931/1931
f 1928/1928/1928 1925/1925/1925 1929/1929/1929
f 1928/1928/1928 1929/1929/1929 1932/1932/1932
f 1929/1929/1929 1930/1930/1930 1934/1934/1934
f 1929/1929/1929 1934/1934/1934 1933/1933/1933
f 1930/1930/1930 1931/1931/1931 1935/1935/1935
f 1930/1930/1930 1935/1935/1935 1934/1934/1934
f 1931/1931/1931 1932/1932/1932 1936/1936/1936
f 1931/1931/1931 1936/1936/1936 1935/1935/1935
f 1932/1932/1932 1929/1929/1929 1933/1933/1933
f 1932/1932/1932 1933/1933/1933 1936/1936/1936
f 1933/1933/1933 1934/1934/1934 1938/1938/1938
f 1933/1933/1933 1938/1938/1938 1937/1937/1937
f 1934/1934/1934 1935/1935/1935 1939/1939/1939
f 1934/1934/1934 1939/1939/1939 1938/1938/1938
f 1935/1935/1935 1936/1936/1936 1940/1940/1940
f 1935/1935/1935 1940/1940/1940 1939/1939/1939
f 1936/1936/1936 1933/1933/1933 1937/1937/1937
f 1936/1936/1936 1937/1937/1937 1940/1940/1940
f 1937/1937/1937 1938/1938/1938 1942/1942/1942
f 1937/1937/1937 1942/1942/1942 1941/1941/1941
f 1938/1938/1938 1939/1939/1939 1943/1943/1943
f 1938/1938/1938 1943/1943/1943 1942/1942/1942
f 1939/1939/1939 1940/1940/1940 1944/1944/1944
f 1939/1939/1939 1944/1944/1944 1943/1943/1943
f 1940/1940/1940 1937/1937/1937 1941/1941/1941
f 1940/1940/1940 1941/1941/1941 1944/1944/1944
f 1941/1941/1941 1942/1942/1942 1946/1946/1946
f 1941/1941/1941 1946/1946/1946 1945/1945/1945
f 1942/1942/1942 1943/1943/1943 1947/1947/1947
f 1942/1942/1942 1947/1947/1947 1946/1946/1946
f 1943/1943/1943 1944/1944/1944 1948/1948/1948
f 1943/1943/1943 1948/1948/1948 1947/1947/1947
f 1944/1944/1944 1941/1941/1941 1945/1945/1945
f 1944/1944/1944 1945/1945/1945 1948/1948/1948
f 1945/1945/1945 1946/1946/1946 1950/1950/1950
f 1945/1945/1945 1950/1950/1950 1949/1949/1949
f 1946/1946/1946 1947/1947/1947 1951/1951/1951
f 1946/1946/1946 1951/1951/1951 1950/1950/1950
f 1947/1947/1947 1948/1948/1948 1952/1952/1952
f 1947/1947/1947 1952/1952/1952 1951/1951/1951
f 1948/1948/1948 1945/1945/1945 1949/1949/1949
f 1948/1948/1948 1949/1949/1949 1952/1952/1952
f 1949/1949/1949 1950/1950/1950 1954/1954/1954
f 1949/1949/1949 1954/1954/1954 1953/1953/1953
f 1950/1950/1950 1951/1951/1951 1955/1955/1955
f 1950/1950/1950 1955/1955/1955 1954/1954/1954
f 1951/1951/1951 1952/1952/1952 1956/1956/1956
f 1951/1951/1951 1956/1956/1956 1955/1955/1955
f 1952/1952/1952 1949/1949/1949 1953/1953/1953
f 1952/1952/1952 1953/1953/1953 1956/1956/1956
f 1953/1953/1953 1954/1954/1954 1958/1958/1958
f 1953/1953/1953 1958/1958/1958 1957/1957/1957
f 1954/1954/1954 1955/1955/1955 1959/1959/1959
f 1954/1954/1954 1959/1959/1959 1958/1958/1958
f 1955/1955/1955 1956/1956/1956 1960/1960/1960
f 1955/1955/1955 1960/1960/1960 1959/1959/1959
f 1956/1956/1956 1953/1953/1953 1957/1957/1957
f 1956/1956/1956 1957/1957/1957 1960/1960/1960
f 1957/1957/1957 1958/1958/1958 1962/1962/1962
f 1957/1957/1957 1962/1962/1962 1961/1961/1961
f 1958/1958/1958 1959/1959/1959 1963/1963/1963
f 1958/1958/1958 1963/1963/1963 1962/1962/1962
f 1959/1959/1959 1960/1960/1960 1964/1964/1964
f 1959/1959/1959 1964/1964/1964 1963/1963/1963
f 1960/1960/1960 1957/1957/1957 1961/1961/1961
f 1960/1960/1960 1961/1961/1961 1964/1964/1964
f 1961/1961/1961 1962/1962/1962 1966/1966/1966
f 1961/1961/1961 1966/1966/1966 1965/1965/1965
f 1962/1962/1962 1963/1963/1963 1967/1967/1967
f 1962/1962/1962 1967/1967/1967 1966/1966/1966
f 1963/1963/1963 1964/1964/1964 1968/1968/1968
f 1963/1963/1963 1968/1968/1968 1967/1967/1967
f 1964/1964/1964 1961/1961/1961 1965/1965/1965
f 1964/1964/1964 1965/1965/1965 1968/1968/1968
f 1965/1965/1965 1966/1966/1966 1970/1970/1970
f 1965/1965/1965 1970/1970/1970 1969/1969/1969
f 1966/1966/1966 1967/1967/1967 1971/1971/1971
f 1966/1966/1966 1971/1971/1971 1970/1970/1970
f 1967/1967/1967 1968/1968/1968 1972/1972/1972
f 1967/1967/1967 1972/1972/1972 1971/1971/1971
f 1968/1968/1968 1965/1965/1965 1969/1969/1969
f 1968/1968/1968 1969/1969/1969 1972/1972/1972
f 1969/1969/1969 1970/1970/1970 1974/1974/1974
f 1969/1969/1969 1974/1974/1974 1973/1973/1973
f 1970/1970/1970 1971/1971/1971 1975/1975/1975
f 1970/1970/1970 1975/1975/1975 1974/1974/1974
f 1971/1971/1971 1972/1972/1972 1976/1976/1976
f 1971/1971/1971 1976/1976/1976 1975/1975/1975
f 1972/1972/1972 1969/1969/1969 1973/1973/1973
f 1972/1972/1972 1973/1973/1973 1976/1976/1976
f 1973/1973/1973 1974/1974/1974 1978/1978/1978
f 1973/1973/1973 1978/1978/1978 1977/1977/1977
f 1974/1974/1974 1975/1975/1975 1979/1979/1979
f 1974/1974/1974 1979/1979/1979 1978/1978/1978
f 1975/1975/1975 1976/1976/1976 1980/1980/1980
f 1975/1975/1975 1980/1980/1980 1979/1979/1979
f 1976/1976/1976 1973/1973/1973 1977/1977/1977
f 1976/1976/1976 1977/1977/1977 1980/1980/1980
f 1977/1977/1977 1978/1978/1978 1982/1982/1982
f 1977/1977/1977 1982/1982/1982 1981/1981/1981
f 1978/1978/1978 1979/1979/1979 1983/1983/1983
f 1978/1978/1978 1983/1983/1983 1982/1982/1982
f 1979/1979/1979 1980/1980/1980 1984/1984/1984
f 1979/1979/1979 1984/1984/1984 1983/1983/1983
f 1980/1980/1980 1977/1977/1977 1981/1981/1981
f 1980/1980/1980 1981/1981/1981 1984/1984/1984
f 1981/1981/1981 1982/1982/1982 1986/1986/1986
f 1981/1981/1981 1986/1986/1986 1985/1985/1985
f 1982/1982/1982 1983/1983/1983 1987/1987/1987
f 1982/1982/1982 1987/1987/1987 1986/1986/1986
f 1983/1983/1983 1984/1984/1984 1988/1988/1988
f 1983/1983/1983 1988/1988/1988 1987/1987/1987
f 1984/1984/1984 1981/1981/1981 1985/1985/1985
f 1984/1984/1984 1985/1985/1985 1988/1988/1988
f 1985/1985/1985 1986/1986/1986 1990/1990/1990
f 1985/1985/1985 1990/1990/1990 1989/1989/1989
f 1986/1986/1986 1987/1987/1987 1991/1991/1991
f 1986/1986/1986 1991/1991/1991 1990/1990/1990
f 1987/1987/1987 1988/1988/1988 1992/1992/1992
f 1987/1987/1987 1992/1992/1992 1991/1991/1991
f 1988/1988/1988 1985/1985/1985 1989/1989/1989
f 1988/1988/1988 1989/1989/1989 1992/1992/1992
f 1989/1989/1989 1990/1990/1990 1994/1994/1994
f 1989/1989/1989 1994/1994/1994 1993/1993/1993
f 1990/1990/1990 1991/1991/1991 1995/1995/1995
f 1990/1990/1990 1995/1995/1995 1994/1994/1994
f 1991/1991/1991 1992/1992/1992 1996/1996/1996
f 1991/1991/1991 1996/1996/1996 1995/1995/1995
f 1992/1992/1992 1989/1989/1989 1993/1993/1993
f 1992/1992/1992 1993/1993/1993 1996/1996/1996
f 1993/1993/1993 1994/1994/1994 1998/1998/1998
f 1993/1993/1993 1998/1998/1998 1997/1997/1997
f 1994/1994/1994 1995/1995/1995 1999/1999/1999
f 1994/1994/1994 1999/1999/1999 1998/1998/1998
f 1995/1995/1995 1996/1996/1996 2000/2000/2000
f 1995/1995/1995 2000/2000/2000 1999/1999/1999
f 1996/1996/1996 1993/1993/1993 1997/1997/1997
f 1996/1996/1996 1997/1997/1997 2000/2000/2000
f 1997/1997/1997 1998/1998/1998 2002/2002/2002
f 1997/1997/1997 2002/2002/2002 2001/2001/2001
f 1998/1998/1998 1999/1999/1999 2003/2003/2003
f 1998/1998/1998 2003/2003/2003 2002/2002/2002
f 1999/1999/1999 2000/2000/2000 2004/2004/2004
f 1999/1999/1999 2004/2004/2004 2003/2003/2003
f 2000/2000/2000 1997/1997/1997 2001/2001/2001
f 2000/2000/2000 2001/2001/2001 2004/2004/2004
f 2001/2001/2001 2002/2002/2002 2006/2006/2006
f 2001/2001/2001 2006/2006/2006 2005/2005/2005
f 2002/2002/2002 2003/2003/2003 2007/2007/2007
f 2002/2002/2002 2007/2007/2007 2006/2006/2006
f 2003/2003/2003 2004/2004/2004 2008/2008/2008
f 2003/2003/2003 2008/2008/2008 2007/2007/2007
f 2004/2004/2004 2001/2001/2001 2005/2005/2005
f 2004/2004/2004 2005/2005/2005 2008/2008/2008
f 2005/2005/2005 2006/2006/2006 2010/2010/2010
f 2005/2005/2005 2010/2010/2010 2009/2009/2009
f 2006/2006/2006 2007/2007/2007 2011/2011/2011
f 2006/2006/2006 2011/2011/2011 2010/2010/2010
f 2007/2007/2007 2008/2008/2008 2012/2012/2012
f 2007/2007/2007 2012/2012/2012 2011/2011/2011
f 2008/2008/2008 2005/2005/2005 2009/2009/2009
f 2008/2008/2008 2009/2009/2009 2012/2012/2012
f 2009/2009/2009 2010/2010/2010 2014/2014/2014
f 2009/2009/2009 2014/2014/2014 2013/2013/2013
f 2010/2010/2010 2011/2011/2011 2015/2015/2015
f 2010/2010/2010 2015/2015/2015 2014/2014/2014
f 2011/2011/2011 2012/2012/2012 2016/2016/2016
f 2011/2011/2011 2016/2016/2016 2015/2015/2015
f 2012/2012/2012 2009/2009/2009 2013/2013/2013
f 2012/2012/2012 2013/2013/2013 2016/2016/2016
f 2013/2013/2013 2014/2014/2014 2018/2018/2018
f 2013/2013/2013 2018/2018/2018 2017/2017/2017
f 2014/2014/2014 2015/2015/2015 2019/2019/2019
f 2014/2014/2014 2019/2019/2019 2018/2018/2018
f 2015/2015/2015 2016/2016/2016 2020/2020/2020
f 2015/2015/2015 2020/2020/2020 2019/2019/2019
f 2016/2016/2016 2013/2013/2013 2017/2017/2017
f 2016/2016/2016 2017/2017/2017 2020/2020/2020
f 2017/2017/2017 2018/2018/2018 2022/2022/2022
f 2017/2017/2017 2022/2022/2022 2021/2021/2021
f 2018/2018/2018 2019/2019/2019 2023/2023/2023
f 2018/2018/2018 2023/2023/2023 2022/2022/2022
f 2019/2019/2019 2020/2020/2020 2024/2024/2024
f 2019/2019/2019 2024/2024/2024 2023/2023/2023
f 2020/2020/2020 2017/2017/2017 2021/2021/2021
f 2020/2020/2020 2021/2021/2021 2024/2024/2024
f 2021/2021/2021 2022/2022/2022 2026/2026/2026
f 2021/2021/2021 2026/2026/2026 2025/2025/2025
f 2022/2022/2022 2023/2023/2023 2027/2027/2027
f 2022/2022/2022 2027/2027/2027 2026/2026/2026
f 2023/2023/2023 2024/2024/2024 2028/2028/2028
f 2023/2023/2023 2028/2028/2028 2027/2027/2027
f 2024/2024/2024 2021/2021/2021 2025/2025/2025
f 2024/2024/2024 2025/2025/2025 2028/2028/2028
f 2025/2025/2025 2026/2026/2026 2030/2030/2030
f 2025/2025/2025 2030/2030/2030 2029/2029/2029
f 2026/2026/2026 2027/2027/2027 2031/2031/2031
f 2026/2026/2026 2031/2031/2031 2030/2030/2030
f 2027/2027/2027 2028/2028/2028 2032/2032/2032
f 2027/2027/2027 2032/2032/2032 2031/2031/2031
f 2028/2028/2028 2025/2025/2025 2029/2029/2029
f 2028/2028/2028 2029/2029/2029 2032/2032/2032
f 2029/2029/2029 2030/2030/2030 2034/2034/2034
f 2029/2029/2029 2034/2034/2034 2033/2033/2033
f 2030/2030/2030 2031/2031/2031 2035/2035/2035
f 2030/2030/2030 2035/2035/2035 2034/2034/2034
f 2031/2031/2031 2032/2032/2032 2036/2036/2036
f 2031/2031/2031 2036/2036/2036 2035/2035/2035
f 2032/2032/2032 2029/2029/2029 2033/2033/2033
f 2032/2032/2032 2033/2033/2033 2036/2036/2036
f 2033/2033/2033 2034/2034/2034 2038/2038/2038
f 2033/2033/2033 2038/2038/2038 2037/2037/2037
f 2034/2034/2034 2035/2035/2035 2039/2039/2039
f 2034/2034/2034 2039/2039/2039 2038/2038/2038
f 2035/2035/2035 2036/2036/2036 2040/2040/2040
f 2035/2035/2035 2040/2040/2040 2039/2039/2039
f 2036/2036/2036 2033/2033/2033 2037/2037/2037
f 2036/2036/2036 2037/2037/2037 2040/2040/2040
f 1861/1861/1861 1863/1863/1863 1862/1862/1862
f 1861/1861/1861 1864/1864/1864 1863/1863/1863
f 2037/2037/2037 2038/2038/2038 2039/2039/2039
f 2037/2037/2037 2039/2039/2039 2040/2040/2040
f 2041/2041/2041 2042/2042/2042 2046/2046/2046
f 2041/2041/2041 2046/2046/2046 2045/2045/2045
f 2042/2042/2042 2043/2043/2043 2047/2047/2047
f 2042/2042/2042 2047/2047/2047 2046/2046/2046
f 2043/2043/2043 2044/2044/2044 2048/2048/2048
f 2043/2043/2043 2048/2048/2048 2047/2047/2047
f 2044/2044/2044 2041/2041/2041 2045/2045/2045
f 2044/2044/2044 2045/2045/2045 2048/2048/2048
f 2045/2045/2045 2046/2046/2046 2050/2050/2050
f 2045/2045/2045 2050/2050/2050 2049/2049/2049
f 2046/2046/2046 2047/2047/2047 2051/2051/2051
f 2046/2046/2046 2051/2051/2051 2050/2050/2050
f 2047/2047/2047 2048/2048/2048 2052/2052/2052
f 2047/2047/2047 2052/2052/2052 2051/2051/2051
f 2048/2048/2048 2045/2045/2045 2049/2049/2049
f 2048/2048/2048 2049/2049/2049 2052/2052/2052
f 2049/2049/2049 2050/2050/2050 2054/2054/2054
f 2049/2049/2049 2054/2054/2054 2053/2053/2053
f 2050/2050/2050 2051/2051/2051 2055/2055/2055
f 2050/2050/2050 2055/2055/2055 2054/2054/2054
f 2051/2051/2051 2052/2052/2052 2056/2056/2056
f 2051/2051/2051 2056/2056/2056 2055/2055/2055
f 2052/2052/2052 2049/2049/2049 2053/2053/2053
f 2052/2052/2052 2053/2053/2053 2056/2056/2056
f 2053/2053/2053 2054/2054/2054 2058/2058/2058
f 2053/2053/2053 2058/2058/2058 2057/2057/2057
f 2054/2054/2054 2055/2055/2055 2059/2059/2059
f 2054/2054/2054 2059/2059/2059 2058/2058/2058
f 2055/2055/2055 2056/2056/2056 2060/2060/2060
f 2055/2055/2055 2060/2060/2060 2059/2059/2059
f 2056/2056/2056 2053/2053/2053 2057/2057/2057
f 2056/2056/2056 2057/2057/2057 2060/2060/2060
f 2057/2057/2057 2058/2058/2058 2062/2062/2062
f 2057/2057/2057 2062/2062/2062 2061/2061/2061
f 2058/2058/2058 2059/2059/2059 2063/2063/2063
f 2058/2058/2058 2063/2063/2063 2062/2062/2062
f 2059/2059/2059 2060/2060/2060 2064/2064/2064
f 2059/2059/2059 2064/2064/2064 2063/2063/2063
f 2060/2060/2060 2057/2057/2057 2061/2061/2061
f 2060/2060/2060 2061/2061/2061 2064/2064/2064
f 2061/2061/2061 2062/2062/2062 2066/2066/2066
f 2061/2061/2061 2066/2066/2066 2065/2065/2065
f 2062/2062/2062 2063/2063/2063 2067/2067/2067
f 2062/2062/2062 2067/2067/2067 2066/2066/2066
f 2063/2063/2063 2064/2064/2064 2068/2068/2068
f 2063/2063/2063 2068/2068/2068 2067/2067/2067
f 2064/2064/2064 2061/2061/2061 2065/2065/2065
f 2064/2064/2064 2065/2065/2065 2068/2068/2068
f 2065/2065/2065 2066/2066/2066 2070/2070/2070
f 2065/2065/2065 2070/2070/2070 2069/2069/2069
f 2066/2066/2066 2067/2067/2067 2071/2071/2071
f 2066/2066/2066 2071/2071/2071 2070/2070/2070
f 2067/2067/2067 2068/2068/2068 2072/2072/2072
f 2067/2067/2067 2072/2072/2072 2071/2071/2071
f 2068/2068/2068 2065/2065/2065 2069/2069/2069
f 2068/2068/2068 2069/2069/2069 2072/2072/2072
f 2069/2069/2069 2070/2070/2070 2074/2074/2074
f 2069/2069/2069 2074/2074/2074 2073/2073/2073
f 2070/2070/2070 2071/2071/2071 2075/2075/2075
f 2070/2070/2070 2075/2075/2075 2074/2074/2074
f 2071/2071/2071 2072/2072/2072 2076/2076/2076
f 2071/2071/2071 2076/2076/2076 2075/2075/2075
f 2072/2072/2072 2069/2069/2069 2073/2073/2073
f 2072/2072/2072 2073/2073/2073 2076/2076/2076
f 2073/2073/2073 2074/2074/2074 2078/2078/2078
f 2073/2073/2073 2078/2078/2078 2077/2077/2077
f 2074/2074/2074 2075/2075/2075 2079/2079/2079
f 2074/2074/2074 2079/2079/2079 2078/2078/2078
f 2075/2075/2075 2076/2076/2076 2080/2080/2080
f 2075/2075/2075 2080/2080/2080 2079/2079/2079
f 2076/2076/2076 2073/2073/2073 2077/2077/2077
f 2076/2076/2076 2077/2077/2077 2080/2080/2080
f 2077/2077/2077 2078/2078/2078 2082/2082/2082
f 2077/2077/2077 2082/2082/2082 2081/2081/2081
f 2078/2078/2078 2079/2079/2079 2083/2083/2083
f 2078/2078/2078 2083/2083/2083 2082/2082/2082
f 2079/2079/2079 2080/2080/2080 2084/2084/2084
f 2079/2079/2079 2084/2084/2084 2083/2083/2083
f 2080/2080/2080 2077/2077/2077 2081/2081/2081
f 2080/2080/2080 2081/2081/2081 2084/2084/2084
f 2081/2081/2081 2082/2082/2082 2086/2086/2086
f 2081/2081/2081 2086/2086/2086 2085/2085/2085
f 2082/2082/2082 2083/2083/2083 2087/2087/2087
f 2082/2082/2082 2087/2087/2087 2086/2086/2086
f 2083/2083/2083 2084/2084/2084 2088/2088/2088
f 2083/2083/2083 2088/2088/2088 2087/2087/2087
f 2084/2084/2084 2081/2081/2081 2085/2085/2085
f 2084/2084/2084 2085/2085/2085 2088/2088/2088
f 2085/2085/2085 2086/2086/2086 2090/2090/2090
f 2085/2085/2085 2090/2090/2090 2089/2089/2089
f 2086/2086/2086 2087/2087/2087 2091/2091/2091
f 2086/2086/2086 2091/2091/2091 2090/2090/2090
f 2087/2087/2087 2088/2088/2088 2092/2092/2092
f 2087/2087/2087 2092/2092/2092 2091/2091/2091
f 2088/2088/2088 2085/2085/2085 2089/2089/2089
f 2088/2088/2088 2089/2089/2089 2092/2092/2092
f 2089/2089/2089 2090/2090/2090 2094/2094/2094
f 2089/2089/2089 2094/2094/2094 2093/2093/2093
f 2090/2090/2090 2091/2091/2091 2095/2095/2095
f 2090/2090/2090 2095/2095/2095 2094/2094/2094
f 2091/2091/2091 2092/2092/2092 2096/2096/2096
f 2091/2091/2091 2096/2096/2096 2095/2095/2095
f 2092/2092/2092 2089/2089/2089 2093/2093/2093
f 2092/2092/2092 2093/2093/2093 2096/2096/2096
f 2093/2093/2093 2094/2094/2094 2098/2098/2098
f 2093/2093/2093 2098/2098/2098 2097/2097/2097
f 2094/2094/2094 2095/2095/2095 2099/2099/2099
f 2094/2094/2094 2099/2099/2099 2098/2098/2098
f 2095/2095/2095 2096/2096/2096 2100/2100/2100
f 2095/2095/2095 2100/2100/2100 2099/2099/2099
f 2096/2096/2096 2093/2093/2093 2097/2097/2097
f 2096/2096/2096 2097/2097/2097 2100/2100/2100
f 2097/2097/2097 2098/2098/2098 2102/2102/2102
f 2097/2097/2097 2102/2102/2102 2101/2101/2101
f 2098/2098/2098 2099/2099/2099 2103/2103/2103
f 2098/2098/2098 2103/2103/2103 2102/2102/2102
f 2099/2099/2099 2100/2100/2100 2104/2104/2104
f 2099/2099/2099 2104/2104/2104 2103/2103/2103
f 2100/2100/2100 2097/2097/2097 2101/2101/2101
f 2100/2100/2100 2101/2101/2101 2104/2104/2104
f 2101/2101/2101 2102/2102/2102 2106/2106/2106
f 2101/2101/2101 2106/2106/2106 2105/2105/2105
f 2102/2102/2102 2103/2103/2103 2107/2107/2107
f 2102/2102/2102 2107/2107/2107 2106/2106/2106
f 2103/2103/2103 2104/2104/2104 2108/2108/2108
f 2103/2103/2103 2108/2108/2108 2107/2107/2107
f 2104/2104/2104 2101/2101/2101 2105/2105/2105
f 2104/2104/2104 2105/2105/2105 2108/2108/2108
f 2105/2105/2105 2106/2106/2106 2110/2110/2110
f 2105/2105/2105 2110/2110/2110 2109/2109/2109
f 2106/2106/2106 2107/2107/2107 2111/2111/2111
f 2106/2106/2106 2111/2111/2111 2110/2110/2110
f 2107/2107/2107 2108/2108/2108 2112/2112/2112
f 2107/2107/2107 2112/2112/2112 2111/2111/2111
f 2108/2108/2108 2105/2105/2105 2109/2109/2109
f 2108/2108/2108 2109/2109/2109 2112/2112/2112
f 2109/2109/2109 2110/2110/2110 2114/2114/2114
f 2109/2109/2109 2114/2114/2114 2113/2113/2113
f 2110/2110/2110 2111/2111/2111 2115/2115/2115
f 2110/2110/2110 2115/2115/2115 2114/2114/2114
f 2111/2111/2111 2112/2112/2112 2116/2116/2116
f 2111/2111/2111 2116/2116/2116 2115/2115/2115
f 2112/2112/2112 2109/2109/2109 2113/2113/2113
f 2112/2112/2112 2113/2113/2113 2116/2116/2116
f 2113/2113/2113 2114/2114/2114 2118/2118/2118
f 2113/2113/2113 2118/2118/2118 2117/2117/2117
f 2114/2114/2114 2115/2115/2115 2119/2119/2119
f 2114/2114/2114 2119/2119/2119 2118/2118/2118
f 2115/2115/2115 2116/2116/2116 2120/2120/2120
f 2115/2115/2115 2120/2120/2120 2119/2119/2119
f 2116/2116/2116 2113/2113/2113 2117/2117/2117
f 2116/2116/2116 2117/2117/2117 2120/2120/2120
f 2117/2117/2117 2118/2118/2118 2122/2122/2122
f 2117/2117/2117 2122/2122/2122 2121/2121/2121
f 2118/2118/2118 2119/2119/2119 2123/2123/2123
f 2118/2118/2118 2123/2123/2123 2122/2122/2122
f 2119/2119/2119 2120/2120/2120 2124/2124/2124
f 2119/2119/2119 2124/2124/2124 2123/2123/2123
f 2120/2120/2120 2117/2117/2117 2121/2121/2121
f 2120/2120/2120 2121/2121/2121 2124/2124/2124
f 2121/2121/2121 2122/2122/2122 2126/2126/2126
f 2121/2121/2121 2126/2126/2126 2125/2125/2125
f 2122/2122/2122 2123/2123/2123 2127/2127/2127
f 2122/2122/2122 2127/2127/2127 2126/2126/2126
f 2123/2123/2123 2124/2124/2124 2128/2128/2128
f 2123/2123/2123 2128/2128/2128 2127/2127/2127
f 2124/2124/2124 2121/2121/2121 2125/2125/2125
f 2124/2124/2124 2125/2125/2125 2128/2128/2128
f 2125/2125/2125 2126/2126/2126 2130/2130/2130
f 2125/2125/2125 2130/2130/2130 2129/2129/2129
f 2126/2126/2126 2127/2127/2127 2131/2131/2131
f 2126/2126/2126 2131/2131/2131 2130/2130/2130
f 2127/2127/2127 2128/2128/2128 2132/2132/2132
f 2127/2127/2127 2132/2132/2132 2131/2131/2131
f 2128/2128/2128 2125/2125/2125 2129/2129/2129
f 2128/2128/2128 2129/2129/2129 2132/2132/2132
f 2129/2129/2129 2130/2130/2130 2134/2134/2134
f 2129/2129/2129 2134/2134/2134 2133/2133/2133
f 2130/2130/2130 2131/2131/2131 2135/2135/2135
f 2130/2130/2130 2135/2135/2135 2134/2134/2134
f 2131/2131/2131 2132/2132/2132 2136/2136/2136
f 2131/2131/2131 2136/2136/2136 2135/2135/2135
f 2132/2132/2132 2129/2129/2129 2133/2133/2133
f 2132/2132/2132 2133/2133/2133 2136/2136/2136
f 2133/2133/2133 2134/2134/2134 2138/2138/2138
f 2133/2133/2133 2138/2138/2138 2137/2137/2137
f 2134/2134/2134 2135/2135/2135 2139/2139/2139
f 2134/2134/2134 2139/2139/2139 2138/2138/2138
f 2135/2135/2135 2136/2136/2136 2140/2140/2140
f 2135/2135/2135 2140/2140/2140 2139/2139/2139
f 2136/2136/2136 2133/2133/2133 2137/2137/2137
f 2136/2136/2136 2137/2137/2137 2140/2140/2140
f 2137/2137/2137 2138/2138/2138 2142/2142/2142
f 2137/2137/2137 2142/2142/2142 2141/2141/2141
f 2138/2138/2138 2139/2139/2139 2143/2143/2143
f 2138/2138/2138 2143/2143/2143 2142/2142/2142
f 2139/2139/2139 2140/2140/2140 2144/2144/2144
f 2139/2139/2139 2144/2144/2144 2143/2143/2143
f 2140/2140/2140 2137/2137/2137 2141/2141/2141
f 2140/2140/2140 2141/2141/2141 2144/2144/2144
f 2141/2141/2141 2142/2142/2142 2146/2146/2146
f 2141/2141/2141 2146/2146/2146 2145/2145/2145
f 2142/2142/2142 2143/2143/2143 2147/2147/2147
f 2142/2142/2142 2147/2147/2147 2146/2146/2146
f 2143/2143/2143 2144/2144/2144 2148/2148/2148
f 2143/2143/2143 2148/2148/2148 2147/2147/2147
f 2144/2144/2144 2141/2141/2141 2145/2145/2145
f 2144/2144/2144 2145/2145/2145 2148/2148/2148
f 2145/2145/2145 2146/2146/2146 2150/2150/2150
f 2145/2145/2145 2150/2150/2150 2149/2149/2149
f 2146/2146/2146 2147/2147/2147 2151/2151/2151
f 2146/2146/2146 2151/2151/2151 2150/2150/2150
f 2147/2147/2147 2148/2148/2148 2152/2152/2152
f 2147/2147/2147 2152/2152/2152 2151/2151/2151
f 2148/2148/2148 2145/2145/2145 2149/2149/2149
f 2148/2148/2148 2149/2149/2149 2152/2152/2152
f 2149/2149/2149 2150/2150/2150 2154/2154/2154
f 2149/2149/2149 2154/2154/2154 2153/2153/2153
f 2150/2150/2150 2151/2151/2151 2155/2155/2155
f 2150/2150/2150 2155/2155/2155 2154/2154/2154
f 2151/2151/2151 2152/2152/2152 2156/2156/2156
f 2151/2151/2151 2156/2156/2156 2155/2155/2155
f 2152/2152/2152 2149/2149/2149 2153/2153/2153
f 2152/2152/2152 2153/2153/2153 2156/2156/2156
f 2153/2153/2153 2154/2154/2154 2158/2158/2158
f 2153/2153/2153 2158/2158/2158 2157/2157/2157
f 2154/2154/2154 2155/2155/2155 2159/2159/2159
f 2154/2154/2154 2159/2159/2159 2158/2158/2158
f 2155/2155/2155 2156/2156/2156 2160/2160/2160
f 2155/2155/2155 2160/2160/2160 2159/2159/2159
f 2156/2156/2156 2153/2153/2153 2157/2157/2157
f 2156/2156/2156 2157/2157/2157 2160/2160/2160
f 2157/2157/2157 2158/2158/2158 2162/2162/2162
f 2157/2157/2157 2162/2162/2162 2161/2161/2161
f 2158/2158/2158 2159/2159/2159 2163/2163/2163
f 2158/2158/2158 2163/2163/2163 2162/2162/2162
f 2159/2159/2159 2160/2160/2160 2164/2164/2164
f 2159/2159/2159 2164/2164/2164 2163/2163/2163
f 2160/2160/2160 2157/2157/2157 2161/2161/2161
f 2160/2160/2160 2161/2161/2161 2164/2164/2164
f 2161/2161/2161 2162/2162/2162 2166/2166/2166
f 2161/2161/2161 2166/2166/2166 2165/2165/2165
f 2162/2162/2162 2163/2163/2163 2167/2167/2167
f 2162/2162/2162 2167/2167/2167 2166/2166/2166
f 2163/2163/2163 2164/2164/2164 2168/2168/2168
f 2163/2163/2163 2168/2168/2168 2167/2167/2167
f 2164/2164/2164 2161/2161/2161 2165/2165/2165
f 2164/2164/2164 2165/2165/2165 2168/2168/2168
f 2165/2165/2165 2166/2166/2166 2170/2170/2170
f 2165/2165/2165 2170/2170/2170 2169/2169/2169
f 2166/2166/2166 2167/2167/2167 2171/2171/2171
f 2166/2166/2166 2171/2171/2171 2170/2170/2170
f 2167/2167/2167 2168/2168/2168 2172/2172/2172
f 2167/2167/2167 2172/2172/2172 2171/2171/2171
f 2168/2168/2168 2165/2165/2165 2169/2169/2169
f 2168/2168/2168 2169/2169/2169 2172/2172/2172
f 2169/2169/2169 2170/2170/2170 2174/2174/2174
f 2169/2169/2169 2174/2174/2174 2173/2173/2173
f 2170/2170/2170 2171/2171/2171 2175/2175/2175
f 2170/2170/2170 2175/2175/2175 2174/2174/2174
f 2171/2171/2171 2172/2172/2172 2176/2176/2176
f 2171/2171/2171 2176/2176/2176 2175/2175/2175
f 2172/2172/2172 2169/2169/2169 2173/2173/2173
f 2172/2172/2172 2173/2173/2173 2176/2176/2176
f 2173/2173/2173 2174/2174/2174 2178/2178/2178
f 2173/2173/2173 2178/2178/2178 2177/2177/2177
f 2174/2174/2174 2175/2175/2175 2179/2179/2179
f 2174/2174/2174 2179/2179/2179 2178/2178/2178
f 2175/2175/2175 2176/2176/2176 2180/2180/2180
f 2175/2175/2175 2180/2180/2180 2179/2179/2179
f 2176/2176/2176 2173/2173/2173 2177/2177/2177
f 2176/2176/2176 2177/2177/2177 2180/2180/2180
f 2177/2177/2177 2178/2178/2178 2182/2182/2182
f 2177/2177/2177 2182/2182/2182 2181/2181/2181
f 2178/2178/2178 2179/2179/2179 2183/2183/2183
f 2178/2178/2178 2183/2183/2183 2182/2182/2182
f 2179/2179/2179 2180/2180/2180 2184/2184/2184
f 2179/2179/2179 2184/2184/2184 2183/2183/2183
f 2180/2180/2180 2177/2177/2177 2181/2181/2181
f 2180/2180/2180 2181/2181/2181 2184/2184/2184
f 2181/2181/2181 2182/2182/2182 2186/2186/2186
f 2181/2181/2181 2186/2186/2186 2185/2185/2185
f 2182/2182/2182 2183/2183/2183 2187/2187/2187
f 2182/2182/2182 2187/2187/2187 2186/2186/2186
f 2183/2183/2183 2184/2184/2184 2188/2188/2188
f 2183/2183/2183 2188/2188/2188 2187/2187/2187
f 2184/2184/2184 2181/2181/2181 2185/2185/2185
f 2184/2184/2184 2185/2185/2185 2188/2188/2188
f 2185/2185/2185 2186/2186/2186 2190/2190/2190
f 2185/2185/2185 2190/2190/2190 2189/2189/2189
f 2186/2186/2186 2187/2187/2187 2191/2191/2191
f 2186/2186/2186 2191/2191/2191 2190/2190/2190
f 2187/2187/2187 2188/2188/2188 2192/2192/2192
f 2187/2187/2187 2192/2192/2192 2191/2191/2191
f 2188/2188/2188 2185/2185/2185 2189/2189/2189
f 2188/2188/2188 2189/2189/2189 2192/2192/2192
f 2189/2189/2189 2190/2190/2190 2194/2194/2194
f 2189/2189/2189 2194/2194/2194 2193/2193/2193
f 2190/2190/2190 2191/2191/2191 2195/2195/2195
f 2190/2190/2190 2195/2195/2195 2194/2194/2194
f 2191/2191/2191 2192/2192/2192 2196/2196/2196
f 2191/2191/2191 2196/2196/2196 2195/2195/2195
f 2192/2192/2192 2189/2189/2189 2193/2193/2193
f 2192/2192/2192 2193/2193/2193 2196/2196/2196
f 2193/2193/2193 2194/2194/2194 2198/2198/2198
f 2193/2193/2193 2198/2198/2198 2197/2197/2197
f 2194/2194/2194 2195/2195/2195 2199/2199/2199
f 2194/2194/2194 2199/2199/2199 2198/2198/2198
f 2195/2195/2195 2196/2196/2196 2200/2200/2200
f 2195/2195/2195 2200/2200/2200 2199/2199/2199
f 2196/2196/2196 2193/2193/2193 2197/2197/2197
f 2196/2196/2196 2197/2197/2197 2200/2200/2200
f 2197/2197/2197 2198/2198/2198 2202/2202/2202
f 2197/2197/2197 2202/2202/2202 2201/2201/2201
f 2198/2198/2198 2199/2199/2199 2203/2203/2203
f 2198/2198/2198 2203/2203/2203 2202/2202/2202
f 2199/2199/2199 2200/2200/2200 2204/2204/2204
f 2199/2199/2199 2204/2204/2204 2203/2203/2203
f 2200/2200/2200 2197/2197/2197 2201/2201/2201
f 2200/2200/2200 2201/2201/2201 2204/2204/2204
f 2201/2201/2201 2202/2202/2202 2206/2206/2206
f 2201/2201/2201 2206/2206/2206 2205/2205/2205
f 2202/2202/2202 2203/2203/2203 2207/2207/2207
f 2202/2202/2202 2207/2207/2207 2206/2206/2206
f 2203/2203/2203 2204/2204/2204 2208/2208/2208
f 2203/2203/2203 2208/2208/2208 2207/2207/2207
f 2204/2204/2204 2201/2201/2201 2205/2205/2205
f 2204/2204/2204 2205/2205/2205 2208/2208/2208
f 2205/2205/2205 2206/2206/2206 2210/2210/2210
f 2205/2205/2205 2210/2210/2210 2209/2209/2209
f 2206/2206/2206 2207/2207/2207 2211/2211/2211
f 2206/2206/2206 2211/2211/2211 2210/2210/2210
f 2207/2207/2207 2208/2208/2208 2212/2212/2212
f 2207/2207/2207 2212/2212/2212 2211/2211/2211
f 2208/2208/2208 2205/2205/2205 2209/2209/2209
f 2208/2208/2208 2209/2209/2209 2212/2212/2212
f 2209/2209/2209 2210/2210/2210 2214/2214/2214
f 2209/2209/2209 2214/2214/2214 2213/2213/2213
f 2210/2210/2210 2211/2211/2211 2215/2215/2215
f 2210/2210/2210 2215/2215/2215 2214/2214/2214
f 2211/2211/2211 2212/2212/2212 2216/2216/2216
f 2211/2211/2211 2216/2216/2216 2215/2215/2215
f 2212/2212/2212 2209/2209/2209 2213/2213/2213
f 2212/2212/2212 2213/2213/2213 2216/2216/2216
f 2213/2213/2213 2214/2214/2214 2218/2218/2218
f 2213/2213/2213 2218/2218/2218 2217/2217/2217
f 2214/2214/2214 2215/2215/2215 2219/2219/2219
f 2214/2214/2214 2219/2219/2219 2218/2218/2218
f 2215/2215/2215 2216/2216/2216 2220/2220/2220
f 2215/2215/2215 2220/2220/2220 2219/2219/2219
f 2216/2216/2216 2213/2213/2213 2217/2217/2217
f 2216/2216/2216 2217/2217/2217 2220/2220/2220
f 2041/2041/2041 2043/2043/2043 2042/2042/2042
f 2041/2041/2041 2044/2044/2044 2043/2043/2043
f 2217/2217/2217 2218/2218/2218 2219/2219/2219
f 2217/2217/2217 2219/2219/2219 2220/2220/2220
f 2221/2221/2221 2222/2222/2222 2226/2226/2226
f 2221/2221/2221 2226/2226/2226 2225/2225/2225
f 2222/2222/2222 2223/2223/2223 2227/2227/2227
f 2222/2222/2222 2227/2227/2227 2226/2226/2226
f 2223/2223/2223 2224/2224/2224 2228/2228/2228
f 2223/2223/2223 2228/2228/2228 2227/2227/2227
f 2224/2224/2224 2221/2221/2221 2225/2225/2225
f 2224/2224/2224 2225/2225/2225 2228/2228/2228
f 2225/2225/2225 2226/2226/2226 2230/2230/2230
f 2225/2225/2225 2230/2230/2230 2229/2229/2229
f 2226/2226/2226 2227/2227/2227 2231/2231/2231
f 2226/2226/2226 2231/2231/2231 2230/2230/2230
f 2227/2227/2227 2228/2228/2228 2232/2232/2232
f 2227/2227/2227 2232/2232/2232 2231/2231/2231
f 2228/2228/2228 2225/2225/2225 2229/2229/2229
f 2228/2228/2228 2229/2229/2229 2232/2232/2232
f 2229/2229/2229 2230/2230/2230 2234/2234/2234
f 2229/2229/2229 2234/2234/2234 2233/2233/2233
f 2230/2230/2230 2231/2231/2231 2235/2235/2235
f 2230/2230/2230 2235/2235/2235 2234/2234/2234
f 2231/2231/2231 2232/2232/2232 2236/2236/2236
f 2231/2231/2231 2236/2236/2236 2235/2235/2235
f 2232/2232/2232 2229/2229/2229 2233/2233/2233
f 2232/2232/2232 2233/2233/2233 2236/2236/2236
f 2233/2233/2233 2234/2234/2234 2238/2238/2238
f 2233/2233/2233 2238/2238/2238 2237/2237/2237
f 2234/2234/2234 2235/2235/2235 2239/2239/2239
f 2234/2234/2234 2239/2239/2239 2238/2238/2238
f 2235/2235/2235 2236/2236/2236 2240/2240/2240
f 2235/2235/2235 2240/2240/2240 2239/2239/2239
f 2236/2236/2236 2233/2233/2233 2237/2237/2237
f 2236/2236/2236 2237/2237/2237 2240/2240/2240
f 2237/2237/2237 2238/2238/2238 2242/2242/2242
f 2237/2237/2237 2242/2242/2242 2241/2241/2241
f 2238/2238/2238 2239/2239/2239 2243/2243/2243
f 2238/2238/2238 2243/2243/2243 2242/2242/2242
f 2239/2239/2239 2240/2240/2240 2244/2244/2244
f 2239/2239/2239 2244/2244/2244 2243/2243/2243
f 2240/2240/2240 2237/2237/2237 2241/2241/2241
f 2240/2240/2240 2241/2241/2241 2244/2244/2244
f 2241/2241/2241 2242/2242/2242 2246/2246/2246
f 2241/2241/2241 2246/2246/2246 2245/2245/2245
f 2242/2242/2242 2243/2243/2243 2247/2247/2247
f 2242/2242/2242 2247/2247/2247 2246/2246/2246
f 2243/2243/2243 2244/2244/2244 2248/2248/2248
f 2243/2243/2243 2248/2248/2248 2247/2247/2247
f 2244/2244/2244 2241/2241/2241 2245/2245/2245
f 2244/2244/2244 2245/2245/2245 2248/2248/2248
f 2245/2245/2245 2246/2246/2246 2250/2250/2250
f 2245/2245/2245 2250/2250/2250 2249/2249/2249
f 2246/2246/2246 2247/2247/2247 2251/2251/2251
f 2246/2246/2246 2251/2251/2251 2250/2250/2250
f 2247/2247/2247 2248/2248/2248 2252/2252/2252
f 2247/2247/2247 2252/2252/2252 2251/2251/2251
f 2248/2248/2248 2245/2245/2245 2249/2249/2249
f 2248/2248/2248 2249/2249/2249 2252/2252/2252
f 2249/2249/2249 2250/2250/2250 2254/2254/2254
f 2249/2249/2249 2254/2254/2254 2253/2253/2253
f 2250/2250/2250 2251/2251/2251 2255/2255/2255
f 2250/2250/2250 2255/2255/2255 2254/2254/2254
f 2251/2251/2251 2252/2252/2252 2256/2256/2256
f 2251/2251/2251 2256/2256/2256 2255/2255/2255
f 2252/2252/2252 2249/2249/2249 2253/2253/2253
f 2252/2252/2252 2253/2253/2253 2256/2256/2256
f 2253/2253/2253 2254/2254/2254 2258/2258/2258
f 2253/2253/2253 2258/2258/2258 2257/2257/2257
f 2254/2254/2254 2255/2255/2255 2259/2259/2259
f 2254/2254/2254 2259/2259/2259 2258/2258/2258
f 2255/2255/2255 2256/2256/2256 2260/2260/2260
f 2255/2255/2255 2260/2260/2260 2259/2259/2259
f 2256/2256/2256 2253/2253/2253 2257/2257/2257
f 2256/2256/2256 2257/2257/2257 2260/2260/2260
f 2257/2257/2257 2258/2258/2258 2262/2262/2262
f 2257/2257/2257 2262/2262/2262 2261/2261/2261
f 2258/2258/2258 2259/2259/2259 2263/2263/2263
f 2258/2258/2258 2263/2263/2263 2262/2262/2262
f 2259/2259/2259 2260/2260/2260 2264/2264/2264
f 2259/2259/2259 2264/2264/2264 2263/2263/2263
f 2260/2260/2260 2257/2257/2257 2261/2261/2261
f 2260/2260/2260 2261/2261/2261 2264/2264/2264
f 2261/2261/2261 2262/2262/2262 2266/2266/2266
f 2261/2261/2261 2266/2266/2266 2265/2265/2265
f 2262/2262/2262 2263/2263/2263 2267/2267/2267
f 2262/2262/2262 2267/2267/2267 2266/2266/2266
f 2263/2263/2263 2264/2264/2264 2268/2268/2268
f 2263/2263/2263 2268/2268/2268 2267/2267/2267
f 2264/2264/2264 2261/2261/2261 2265/2265/2265
f 2264/2264/2264 2265/2265/2265 2268/2268/2268
f 2265/2265/2265 2266/2266/2266 2270/2270/2270
f 2265/2265/2265 2270/2270/2270 2269/2269/2269
f 2266/2266/2266 2267/2267/2267 2271/2271/2271
f 2266/2266/2266 2271/2271/2271 2270/2270/2270
f 2267/2267/2267 2268/2268/2268 2272/2272/2272
f 2267/2267/2267 2272/2272/2272 2271/2271/2271
f 2268/2268/2268 2265/2265/2265 2269/2269/2269
f 2268/2268/2268 2269/2269/2269 2272/2272/2272
f 2269/2269/2269 2270/2270/2270 2274/2274/2274
f 2269/2269/2269 2274/2274/2274 2273/2273/2273
f 2270/2270/2270 2271/2271/2271 2275/2275/2275
f 2270/2270/2270 2275/2275/2275 2274/2274/2274
f 2271/2271/2271 2272/2272/2272 2276/2276/2276
f 2271/2271/2271 2276/2276/2276 2275/2275/2275
f 2272/2272/2272 2269/2269/2269 2273/2273/2273
f 2272/2272/2272 2273/2273/2273 2276/2276/2276
f 2273/2273/2273 2274/2274/2274 2278/2278/2278
f 2273/2273/2273 2278/2278/2278 2277/2277/2277
f 2274/2274/2274 2275/2275/2275 2279/2279/2279
f 2274/2274/2274 2279/2279/2279 2278/2278/2278
f 2275/2275/2275 2276/2276/2276 2280/2280/2280
f 2275/2275/2275 2280/2280/2280 2279/2279/2279
f 2276/2276/2276 2273/2273/2273 2277/2277/2277
f 2276/2276/2276 2277/2277/2277 2280/2280/2280
f 2277/2277/2277 2278/2278/2278 2282/2282/2282
f 2277/2277/2277 2282/2282/2282 2281/2281/2281
f 2278/2278/2278 2279/2279/2279 2283/2283/2283
f 2278/2278/2278 2283/2283/2283 2282/2282/2282
f 2279/2279/2279 2280/2280/2280 2284/2284/2284
f 2279/2279/2279 2284/2284/2284 2283/2283/2283
f 2280/2280/2280 2277/2277/2277 2281/2281/2281
f 2280/2280/2280 2281/2281/2281 2284/2284/2284
f 2281/2281/2281 2282/2282/2282 2286/2286/2286
f 2281/2281/2281 2286/2286/2286 2285/2285/2285
f 2282/2282/2282 2283/2283/2283 2287/2287/2287
f 2282/2282/2282 2287/2287/2287 2286/2286/2286
f 2283/2283/2283 2284/2284/2284 2288/2288/2288
f 2283/2283/2283 2288/2288/2288 2287/2287/2287
f 2284/2284/2284 2281/2281/2281 2285/2285/2285
f 2284/2284/2284 2285/2285/2285 2288/2288/2288
f 2285/2285/2285 2286/2286/2286 2290/2290/2290
f 2285/2285/2285 2290/2290/2290 2289/2289/2289
f 2286/2286/2286 2287/2287/2287 2291/2291/2291
f 2286/2286/2286 2291/2291/2291 2290/2290/2290
f 2287/2287/2287 2288/2288/2288 2292/2292/2292
f 2287/2287/2287 2292/2292/2292 2291/2291/2291
f 2288/2288/2288 2285/2285/2285 2289/2289/2289
f 2288/2288/2288 2289/2289/2289 2292/2292/2292
f 2289/2289/2289 2290/2290/2290 2294/2294/2294
f 2289/2289/2289 2294/2294/2294 2293/2293/2293
f 2290/2290/2290 2291/2291/2291 2295/2295/2295
f 2290/2290/2290 2295/2295/2295 2294/2294/2294
f 2291/2291/2291 2292/2292/2292 2296/2296/2296
f 2291/2291/2291 2296/2296/2296 2295/2295/2295
f 2292/2292/2292 2289/2289/2289 2293/2293/2293
f 2292/2292/2292 2293/2293/2293 2296/2296/2296
f 2293/2293/2293 2294/2294/2294 2298/2298/2298
f 2293/2293/2293 2298/2298/2298 2297/2297/2297
f 2294/2294/2294 2295/2295/2295 2299/2299/2299
f 2294/2294/2294 2299/2299/2299 2298/2298/2298
f 2295/2295/2295 2296/2296/2296 2300/2300/2300
f 2295/2295/2295 2300/2300/2300 2299/2299/2299
f 2296/2296/2296 2293/2293/2293 2297/2297/2297
f 2296/2296/2296 2297/2297/2297 2300/2300/2300
f 2297/2297/2297 2298/2298/2298 2302/2302/2302
f 2297/2297/2297 2302/2302/2302 2301/2301/2301
f 2298/2298/2298 2299/2299/2299 2303/2303/2303
f 2298/2298/2298 2303/2303/2303 2302/2302/2302
f 2299/2299/2299 2300/2300/2300 2304/2304/2304
f 2299/2299/2299 2304/2304/2304 2303/2303/2303
f 2300/2300/2300 2297/2297/2297 2301/2301/2301
f 2300/2300/2300 2301/2301/2301 2304/2304/2304
f 2301/2301/2301 2302/2302/2302 2306/2306/2306
f 2301/2301/2301 2306/2306/2306 2305/2305/2305
f 2302/2302/2302 2303/2303/2303 2307/2307/2307
f 2302/2302/2302 2307/2307/2307 2306/2306/2306
f 2303/2303/2303 2304/2304/2304 2308/2308/2308
f 2303/2303/2303 2308/2308/2308 2307/2307/2307
f 2304/2304/2304 2301/2301/2301 2305/2305/2305
f 2304/2304/2304 2305/2305/2305 2308/2308/2308
f 2305/2305/2305 2306/2306/2306 2310/2310/2310
f 2305/2305/2305 2310/2310/2310 2309/2309/2309
f 2306/2306/2306 2307/2307/2307 2311/2311/2311
f 2306/2306/2306 2311/2311/2311 2310/2310/2310
f 2307/2307/2307 2308/2308/2308 2312/2312/2312
f 2307/2307/2307 2312/2312/2312 2311/2311/2311
f 2308/2308/2308 2305/2305/2305 2309/2309/2309
f 2308/2308/2308 2309/2309/2309 2312/2312/2312
f 2309/2309/2309 2310/2310/2310 2314/2314/2314
f 2309/2309/2309 2314/2314/2314 2313/2313/2313
f 2310/2310/2310 2311/2311/2311 2315/2315/2315
f 2310/2310/2310 2315/2315/2315 2314/2314/2314
f 2311/2311/2311 2312/2312/2312 2316/2316/2316
f 2311/2311/2311 2316/2316/2316 2315/2315/2315
f 2312/2312/2312 2309/2309/2309 2313/2313/2313
f 2312/2312/2312 2313/2313/2313 2316/2316/2316
f 2313/2313/2313 2314/2314/2314 2318/2318/2318
f 2313/2313/2313 2318/2318/2318 2317/2317/2317
f 2314/2314/2314 2315/2315/2315 2319/2319/2319
f 2314/2314/2314 2319/2319/2319 2318/2318/2318
f 2315/2315/2315 2316/2316/2316 2320/2320/2320
f 2315/2315/2315 2320/2320/2320 2319/2319/2319
f 2316/2316/2316 2313/2313/2313 2317/2317/2317
f 2316/2316/2316 2317/2317/2317 2320/2320/2320
f 2317/2317/2317 2318/2318/2318 2322/2322/2322
f 2317/2317/2317 2322/2322/2322 2321/2321/2321
f 2318/2318/2318 2319/2319/2319 2323/2323/2323
f 2318/2318/2318 2323/2323/2323 2322/2322/2322
f 2319/2319/2319 2320/2320/2320 2324/2324/2324
f 2319/2319/2319 2324/2324/2324 2323/2323/2323
f 2320/2320/2320 2317/2317/2317 2321/2321/2321
f 2320/2320/2320 2321/2321/2321 2324/2324/2324
f 2321/2321/2321 2322/2322/2322 2326/2326/2326
f 2321/2321/2321 2326/2326/2326 2325/2325/2325
f 2322/2322/2322 2323/2323/2323 2327/2327/2327
f 2322/2322/2322 2327/2327/2327 2326/2326/2326
f 2323/2323/2323 2324/2324/2324 2328/2328/2328
f 2323/2323/2323 2328/2328/2328 2327/2327/2327
f 2324/2324/2324 2321/2321/2321 2325/2325/2325
f 2324/2324/2324 2325/2325/2325 2328/2328/2328
f 2325/2325/2325 2326/2326/2326 2330/2330/2330
f 2325/2325/2325 2330/2330/2330 2329/2329/2329
f 2326/2326/2326 2327/2327/2327 2331/2331/2331
f 2326/2326/2326 2331/2331/2331 2330/2330/2330
f 2327/2327/2327 2328/2328/2328 2332/2332/2332
f 2327/2327/2327 2332/2332/2332 2331/2331/2331
f 2328/2328/2328 2325/2325/2325 2329/2329/2329
f 2328/2328/2328 2329/2329/2329 2332/2332/2332
f 2329/2329/2329 2330/2330/2330 2334/2334/2334
f 2329/2329/2329 2334/2334/2334 2333/2333/2333
f 2330/2330/2330 2331/2331/2331 2335/2335/2335
f 2330/2330/2330 2335/2335/2335 2334/2334/2334
f 2331/2331/2331 2332/2332/2332 2336/2336/2336
f 2331/2331/2331 2336/2336/2336 2335/2335/2335
f 2332/2332/2332 2329/2329/2329 2333/2333/2333
f 2332/2332/2332 2333/2333/2333 2336/2336/2336
f 2333/2333/2333 2334/2334/2334 2338/2338/2338
f 2333/2333/2333 2338/2338/2338 2337/2337/2337
f 2334/2334/2334 2335/2335/2335 2339/2339/2339
f 2334/2334/2334 2339/2339/2339 2338/2338/2338
f 2335/2335/2335 2336/2336/2336 2340/2340/2340
f 2335/2335/2335 2340/2340/2340 2339/2339/2339
f 2336/2336/2336 2333/2333/2333 2337/2337/2337
f 2336/2336/2336 2337/2337/2337 2340/2340/2340
f 2337/2337/2337 2338/2338/2338 2342/2342/2342
f 2337/2337/2337 2342/2342/2342 2341/2341/2341
f 2338/2338/2338 2339/2339/2339 2343/2343/2343
f 2338/2338/2338 2343/2343/2343 2342/2342/2342
f 2339/2339/2339 2340/2340/2340 2344/2344/2344
f 2339/2339/2339 2344/2344/2344 2343/2343/2343
f 2340/2340/2340 2337/2337/2337 2341/2341/2341
f 2340/2340/2340 2341/2341/2341 2344/2344/2344
f 2341/2341/2341 2342/2342/2342 2346/2346/2346
f 2341/2341/2341 2346/2346/2346 2345/2345/2345
f 2342/2342/2342 2343/2343/2343 2347/2347/2347
f 2342/2342/2342 2347/2347/2347 2346/2346/2346
f 2343/2343/2343 2344/2344/2344 2348/2348/2348
f 2343/2343/2343 2348/2348/2348 2347/2347/2347
f 2344/2344/2344 2341/2341/2341 2345/2345/2345
f 2344/2344/2344 2345/2345/2345 2348/2348/2348
f 2345/2345/2345 2346/2346/2346 2350/2350/2350
f 2345/2345/2345 2350/2350/2350 2349/2349/2349
f 2346/2346/2346 2347/2347/2347 2351/2351/2351
f 2346/2346/2346 2351/2351/2351 2350/2350/2350
f 2347/2347/2347 2348/2348/2348 2352/2352/2352
f 2347/2347/2347 2352/2352/2352 2351/2351/2351
f 2348/2348/2348 2345/2345/2345 2349/2349/2349
f 2348/2348/2348 2349/2349/2349 2352/2352/2352
f 2349/2349/2349 2350/2350/2350 2354/2354/2354
f 2349/2349/2349 2354/2354/2354 2353/2353/2353
f 2350/2350/2350 2351/2351/2351 2355/2355/2355
f 2350/2350/2350 2355/2355/2355 2354/2354/2354
f 2351/2351/2351 2352/2352/2352 2356/2356/2356
f 2351/2351/2351 2356/2356/2356 2355/2355/2355
f 2352/2352/2352 2349/2349/2349 2353/2353/2353
f 2352/2352/2352 2353/2353/2353 2356/2356/2356
f 2353/2353/2353 2354/2354/2354 2358/2358/2358
f 2353/2353/2353 2358/2358/2358 2357/2357/2357
f 2354/2354/2354 2355/2355/2355 2359/2359/2359
f 2354/2354/2354 2359/2359/2359 2358/2358/2358
f 2355/2355/2355 2356/2356/2356 2360/2360/2360
f 2355/2355/2355 2360/2360/2360 2359/2359/2359
f 2356/2356/2356 2353/2353/2353 2357/2357/2357
f 2356/2356/2356 2357/2357/2357 2360/2360/2360
f 2357/2357/2357 2358/2358/2358 2362/2362/2362
f 2357/2357/2357 2362/2362/2362 2361/2361/2361
f 2358/2358/2358 2359/2359/2359 2363/2363/2363
f 2358/2358/2358 2363/2363/2363 2362/2362/2362
f 2359/2359/2359 2360/2360/2360 2364/2364/2364
f 2359/2359/2359 2364/2364/2364 2363/2363/2363
f 2360/2360/2360 2357/2357/2357 2361/2361/2361
f 2360/2360/2360 2361/2361/2361 2364/2364/2364
f 2361/2361/2361 2362/2362/2362 2366/2366/2366
f 2361/2361/2361 2366/2366/2366 2365/2365/2365
f 2362/2362/2362 2363/2363/2363 2367/2367/2367
f 2362/2362/2362 2367/2367/2367 2366/2366/2366
f 2363/2363/2363 2364/2364/2364 2368/2368/2368
f 2363/2363/2363 2368/2368/2368 2367/2367/2367
f 2364/2364/2364 2361/2361/2361 2365/2365/2365
f 2364/2364/2364 2365/2365/2365 2368/2368/2368
f 2365/2365/2365 2366/2366/2366 2370/2370/2370
f 2365/2365/2365 2370/2370/2370 2369/2369/2369
f 2366/2366/2366 2367/2367/2367 2371/2371/2371
f 2366/2366/2366 2371/2371/2371 2370/2370/2370
f 2367/2367/2367 2368/2368/2368 2372/2372/2372
f 2367/2367/2367 2372/2372/2372 2371/2371/2371
f 2368/2368/2368 2365/2365/2365 2369/2369/2369
f 2368/2368/2368 2369/2369/2369 2372/2372/2372
f 2369/2369/2369 2370/2370/2370 2374/2374/2374
f 2369/2369/2369 2374/2374/2374 2373/2373/2373
f 2370/2370/2370 2371/2371/2371 2375/2375/2375
f 2370/2370/2370 2375/2375/2375 2374/2374/2374
f 2371/2371/2371 2372/2372/2372 2376/2376/2376
f 2371/2371/2371 2376/2376/2376 2375/2375/2375
f 2372/2372/2372 2369/2369/2369 2373/2373/2373
f 2372/2372/2372 2373/2373/2373 2376/2376/2376
f 2373/2373/2373 2374/2374/2374 2378/2378/2378
f 2373/2373/2373 2378/2378/2378 2377/2377/2377
f 2374/2374/2374 2375/2375/2375 2379/2379/2379
f 2374/2374/2374 2379/2379/2379 2378/2378/2378
f 2375/2375/2375 2376/2376/2376 2380/2380/2380
f 2375/2375/2375 2380/2380/2380 2379/2379/2379
f 2376/2376/2376 2373/2373/2373 2377/2377/2377
f 2376/2376/2376 2377/2377/2377 2380/2380/2380
f 2377/2377/2377 2378/2378/2378 2382/2382/2382
f 2377/2377/2377 2382/2382/2382 2381/2381/2381
f 2378/2378/2378 2379/2379/2379 2383/2383/2383
f 2378/2378/2378 2383/2383/2383 2382/2382/2382
f 2379/2379/2379 2380/2380/2380 2384/2384/2384
f 2379/2379/2379 2384/2384/2384 2383/2383/2383
f 2380/2380/2380 2377/2377/2377 2381/2381/2381
f 2380/2380/2380 2381/2381/2381 2384/2384/2384
f 2381/2381/2381 2382/2382/2382 2386/2386/2386
f 2381/2381/2381 2386/2386/2386 2385/2385/2385
f 2382/2382/2382 2383/2383/2383 2387/2387/2387
f 2382/2382/2382 2387/2387/2387 2386/2386/2386
f 2383/2383/2383 2384/2384/2384 2388/2388/2388
f 2383/2383/2383 2388/2388/2388 2387/2387/2387
f 2384/2384/2384 2381/2381/2381 2385/2385/2385
f 2384/2384/2384 2385/2385/2385 2388/2388/2388
f 2385/2385/2385 2386/2386/2386 2390/2390/2390
f 2385/2385/2385 2390/2390/2390 2389/2389/2389
f 2386/2386/2386 2387/2387/2387 2391/2391/2391
f 2386/2386/2386 2391/2391/2391 2390/2390/2390
f 2387/2387/2387 2388/2388/2388 2392/2392/2392
f 2387/2387/2387 2392/2392/2392 2391/2391/2391
f 2388/2388/2388 2385/2385/2385 2389/2389/2389
f 2388/2388/2388 2389/2389/2389 2392/2392/2392
f 2389/2389/2389 2390/2390/2390 2394/2394/2394
f 2389/2389/2389 2394/2394/2394 2393/2393/2393
f 2390/2390/2390 2391/2391/2391 2395/2395/2395
f 2390/2390/2390 2395/2395/2395 2394/2394/2394
f 2391/2391/2391 2392/2392/2392 2396/2396/2396
f 2391/2391/2391 2396/2396/2396 2395/2395/2395
f 2392/2392/2392 2389/2389/2389 2393/2393/2393
f 2392/2392/2392 2393/2393/2393 2396/2396/2396
f 2393/2393/2393 2394/2394/2394 2398/2398/2398
f 2393/2393/2393 2398/2398/2398 2397/2397/2397
f 2394/2394/2394 2395/2395/2395 2399/2399/2399
f 2394/2394/2394 2399/2399/2399 2398/2398/2398
f 2395/2395/2395 2396/2396/2396 2400/2400/2400
f 2395/2395/2395 2400/2400/2400 2399/2399/2399
f 2396/2396/2396 2393/2393/2393 2397/2397/2397
f 2396/2396/2396 2397/2397/2397 2400/2400/2400
f 2221/2221/2221 2223/2223/2223 2222/2222/2222
f 2221/2221/2221 2224/2224/2224 2223/2223/2223
f 2397/2397/2397 2398/2398/2398 2399/2399/2399
f 2397/2397/2397 2399/2399/2399 2400/2400/2400
